ORDER_MONTH,SUPPLIER_ID,SUPPLIER_NAME,SUPPLIER_COUNTRY,SUPPLIER_REGION,RELIABILITY_SCORE,PLANT_ID,PLANT_NAME,PLANT_COUNTRY,PLANT_REGION,CUSTOMER_SEGMENT,CUSTOMER_COUNTRY,CANONICAL_METRIC_ID,CANONICAL_DEFINITION,CANONICAL_OWNER,TOTAL_ORDERS,TOTAL_SHIPMENTS,OTIF_RATE_CANONICAL,ON_TIME_RATE_ERP,ON_TIME_RATE_LOGISTICS,ON_TIME_RATE_SUPPLIER,IN_FULL_RATE,CONFLICTED_SHIPMENTS,CONFLICT_RATE,OTIF_DEFINITION
2025-10-01,SUP-000,Supplier 000,China,APAC,0.85,PLT-04,Chennai Forge,India,APAC,Enterprise,Japan,OTIF_ERP,ERP Definition,Finance,2,3,0.0,0.0,66.67,100.0,66.67,3,100.0,CHAINTRUTH
2025-10-01,SUP-000,Supplier 000,China,APAC,0.85,PLT-06,Sao Paulo Ops,Brazil,LATAM,SMB,France,OTIF_ERP,ERP Definition,Finance,1,1,0.0,0.0,0.0,100.0,100.0,1,100.0,CHAINTRUTH
2025-10-01,SUP-000,Supplier 000,China,APAC,0.85,PLT-04,Chennai Forge,India,APAC,Government,USA,OTIF_ERP,ERP Definition,Finance,1,2,0.0,0.0,100.0,100.0,0.0,2,100.0,CHAINTRUTH
2025-10-01,SUP-000,Supplier 000,China,APAC,0.85,PLT-03,Tokyo Precision,Japan,APAC,SMB,Singapore,OTIF_ERP,ERP Definition,Finance,1,2,50.0,50.0,100.0,100.0,50.0,1,50.0,CHAINTRUTH
2025-10-01,SUP-001,Supplier 001,Germany,EMEA,0.7,PLT-01,Munich Center,Germany,EMEA,Enterprise,France,OTIF_ERP,ERP Definition,Finance,1,1,100.0,100.0,100.0,100.0,100.0,0,0.0,CHAINTRUTH
2025-10-01,SUP-001,Supplier 001,Germany,EMEA,0.7,PLT-08,Taipei Micro,Taiwan,APAC,SMB,Australia,OTIF_ERP,ERP Definition,Finance,1,1,0.0,0.0,100.0,100.0,100.0,1,100.0,CHAINTRUTH
2025-10-01,SUP-001,Supplier 001,Germany,EMEA,0.7,PLT-00,Shanghai Hub,China,APAC,SMB,Japan,OTIF_ERP,ERP Definition,Finance,1,2,0.0,0.0,50.0,50.0,50.0,1,50.0,CHAINTRUTH
2025-10-01,SUP-001,Supplier 001,Germany,EMEA,0.7,PLT-09,Hanoi Assembly,Vietnam,APAC,Enterprise,Japan,OTIF_ERP,ERP Definition,Finance,1,1,0.0,0.0,100.0,100.0,100.0,1,100.0,CHAINTRUTH
2025-10-01,SUP-001,Supplier 001,Germany,EMEA,0.7,PLT-09,Hanoi Assembly,Vietnam,APAC,SMB,Australia,OTIF_ERP,ERP Definition,Finance,1,2,0.0,0.0,0.0,100.0,50.0,2,100.0,CHAINTRUTH
2025-10-01,SUP-002,Supplier 002,USA,NA,0.74,PLT-02,Detroit Works,USA,NA,Enterprise,USA,OTIF_ERP,ERP Definition,Finance,1,2,0.0,0.0,0.0,100.0,50.0,2,100.0,CHAINTRUTH
2025-10-01,SUP-002,Supplier 002,USA,NA,0.74,PLT-03,Tokyo Precision,Japan,APAC,SMB,UK,OTIF_ERP,ERP Definition,Finance,1,2,0.0,0.0,0.0,100.0,50.0,2,100.0,CHAINTRUTH
2025-10-01,SUP-002,Supplier 002,USA,NA,0.74,PLT-07,Seoul Tech,South Korea,APAC,Enterprise,Australia,OTIF_ERP,ERP Definition,Finance,1,1,0.0,0.0,100.0,100.0,100.0,1,100.0,CHAINTRUTH
2025-10-01,SUP-002,Supplier 002,USA,NA,0.74,PLT-06,Sao Paulo Ops,Brazil,LATAM,SMB,UK,OTIF_ERP,ERP Definition,Finance,1,1,0.0,0.0,100.0,100.0,0.0,1,100.0,CHAINTRUTH
2025-10-01,SUP-002,Supplier 002,USA,NA,0.74,PLT-02,Detroit Works,USA,NA,Government,Germany,OTIF_ERP,ERP Definition,Finance,1,1,0.0,0.0,0.0,100.0,100.0,1,100.0,CHAINTRUTH
2025-10-01,SUP-002,Supplier 002,USA,NA,0.74,PLT-08,Taipei Micro,Taiwan,APAC,Government,Germany,OTIF_ERP,ERP Definition,Finance,1,1,0.0,0.0,100.0,100.0,0.0,1,100.0,CHAINTRUTH
2025-10-01,SUP-002,Supplier 002,USA,NA,0.74,PLT-00,Shanghai Hub,China,APAC,SMB,Singapore,OTIF_ERP,ERP Definition,Finance,1,1,0.0,0.0,0.0,100.0,100.0,1,100.0,CHAINTRUTH
2025-10-01,SUP-002,Supplier 002,USA,NA,0.74,PLT-03,Tokyo Precision,Japan,APAC,Enterprise,Canada,OTIF_ERP,ERP Definition,Finance,1,1,0.0,0.0,0.0,100.0,0.0,1,100.0,CHAINTRUTH
2025-10-01,SUP-003,Supplier 003,Japan,APAC,0.64,PLT-04,Chennai Forge,India,APAC,Government,Australia,OTIF_ERP,ERP Definition,Finance,1,1,0.0,0.0,100.0,100.0,100.0,1,100.0,CHAINTRUTH
2025-10-01,SUP-003,Supplier 003,Japan,APAC,0.64,PLT-05,Monterrey Plant,Mexico,LATAM,SMB,Singapore,OTIF_ERP,ERP Definition,Finance,1,1,0.0,0.0,0.0,100.0,100.0,1,100.0,CHAINTRUTH
2025-10-01,SUP-003,Supplier 003,Japan,APAC,0.64,PLT-09,Hanoi Assembly,Vietnam,APAC,Government,France,OTIF_ERP,ERP Definition,Finance,1,1,0.0,0.0,0.0,100.0,100.0,1,100.0,CHAINTRUTH
2025-10-01,SUP-003,Supplier 003,Japan,APAC,0.64,PLT-01,Munich Center,Germany,EMEA,SMB,Canada,OTIF_ERP,ERP Definition,Finance,1,1,0.0,100.0,100.0,100.0,0.0,0,0.0,CHAINTRUTH
2025-10-01,SUP-003,Supplier 003,Japan,APAC,0.64,PLT-01,Munich Center,Germany,EMEA,Enterprise,Singapore,OTIF_ERP,ERP Definition,Finance,1,1,0.0,0.0,0.0,100.0,0.0,1,100.0,CHAINTRUTH
2025-10-01,SUP-003,Supplier 003,Japan,APAC,0.64,PLT-05,Monterrey Plant,Mexico,LATAM,Enterprise,USA,OTIF_ERP,ERP Definition,Finance,1,1,0.0,0.0,100.0,100.0,100.0,1,100.0,CHAINTRUTH
2025-10-01,SUP-003,Supplier 003,Japan,APAC,0.64,PLT-00,Shanghai Hub,China,APAC,Enterprise,Japan,OTIF_ERP,ERP Definition,Finance,1,1,0.0,0.0,100.0,100.0,100.0,1,100.0,CHAINTRUTH
2025-10-01,SUP-003,Supplier 003,Japan,APAC,0.64,PLT-04,Chennai Forge,India,APAC,SMB,Singapore,OTIF_ERP,ERP Definition,Finance,1,1,0.0,0.0,0.0,100.0,100.0,1,100.0,CHAINTRUTH
2025-10-01,SUP-004,Supplier 004,India,APAC,0.69,PLT-03,Tokyo Precision,Japan,APAC,SMB,Singapore,OTIF_ERP,ERP Definition,Finance,1,1,0.0,0.0,100.0,100.0,100.0,1,100.0,CHAINTRUTH
2025-10-01,SUP-004,Supplier 004,India,APAC,0.69,PLT-03,Tokyo Precision,Japan,APAC,SMB,UK,OTIF_ERP,ERP Definition,Finance,1,2,50.0,50.0,50.0,100.0,50.0,1,50.0,CHAINTRUTH
2025-10-01,SUP-005,Supplier 005,Mexico,LATAM,0.77,PLT-05,Monterrey Plant,Mexico,LATAM,SMB,Germany,OTIF_ERP,ERP Definition,Finance,1,1,0.0,0.0,0.0,100.0,0.0,1,100.0,CHAINTRUTH
2025-10-01,SUP-005,Supplier 005,Mexico,LATAM,0.77,PLT-01,Munich Center,Germany,EMEA,Government,Australia,OTIF_ERP,ERP Definition,Finance,1,2,0.0,0.0,0.0,100.0,50.0,2,100.0,CHAINTRUTH
2025-10-01,SUP-005,Supplier 005,Mexico,LATAM,0.77,PLT-03,Tokyo Precision,Japan,APAC,Government,Japan,OTIF_ERP,ERP Definition,Finance,1,1,0.0,0.0,0.0,100.0,100.0,1,100.0,CHAINTRUTH
2025-10-01,SUP-005,Supplier 005,Mexico,LATAM,0.77,PLT-08,Taipei Micro,Taiwan,APAC,Enterprise,France,OTIF_ERP,ERP Definition,Finance,1,1,0.0,0.0,100.0,100.0,100.0,1,100.0,CHAINTRUTH
2025-10-01,SUP-005,Supplier 005,Mexico,LATAM,0.77,PLT-04,Chennai Forge,India,APAC,SMB,Canada,OTIF_ERP,ERP Definition,Finance,1,1,0.0,0.0,0.0,100.0,0.0,1,100.0,CHAINTRUTH
2025-10-01,SUP-005,Supplier 005,Mexico,LATAM,0.77,PLT-01,Munich Center,Germany,EMEA,SMB,Germany,OTIF_ERP,ERP Definition,Finance,1,1,0.0,100.0,100.0,100.0,0.0,0,0.0,CHAINTRUTH
2025-10-01,SUP-005,Supplier 005,Mexico,LATAM,0.77,PLT-06,Sao Paulo Ops,Brazil,LATAM,SMB,Singapore,OTIF_ERP,ERP Definition,Finance,1,1,0.0,0.0,0.0,100.0,0.0,1,100.0,CHAINTRUTH
2025-10-01,SUP-005,Supplier 005,Mexico,LATAM,0.77,PLT-05,Monterrey Plant,Mexico,LATAM,SMB,Australia,OTIF_ERP,ERP Definition,Finance,1,1,0.0,100.0,100.0,100.0,0.0,0,0.0,CHAINTRUTH
2025-10-01,SUP-005,Supplier 005,Mexico,LATAM,0.77,PLT-02,Detroit Works,USA,NA,SMB,Germany,OTIF_ERP,ERP Definition,Finance,1,1,0.0,100.0,100.0,100.0,0.0,0,0.0,CHAINTRUTH
2025-10-01,SUP-006,Supplier 006,Brazil,LATAM,0.61,PLT-05,Monterrey Plant,Mexico,LATAM,SMB,Canada,OTIF_ERP,ERP Definition,Finance,1,1,0.0,0.0,0.0,100.0,0.0,1,100.0,CHAINTRUTH
2025-10-01,SUP-006,Supplier 006,Brazil,LATAM,0.61,PLT-00,Shanghai Hub,China,APAC,Enterprise,Japan,OTIF_ERP,ERP Definition,Finance,1,1,0.0,0.0,100.0,100.0,100.0,1,100.0,CHAINTRUTH
2025-10-01,SUP-006,Supplier 006,Brazil,LATAM,0.61,PLT-01,Munich Center,Germany,EMEA,SMB,Canada,OTIF_ERP,ERP Definition,Finance,1,1,100.0,100.0,100.0,100.0,100.0,0,0.0,CHAINTRUTH
2025-10-01,SUP-006,Supplier 006,Brazil,LATAM,0.61,PLT-00,Shanghai Hub,China,APAC,SMB,Canada,OTIF_ERP,ERP Definition,Finance,2,2,0.0,0.0,100.0,100.0,50.0,2,100.0,CHAINTRUTH
2025-10-01,SUP-007,Supplier 007,South Korea,APAC,0.84,PLT-05,Monterrey Plant,Mexico,LATAM,SMB,Germany,OTIF_ERP,ERP Definition,Finance,1,1,0.0,0.0,0.0,100.0,100.0,1,100.0,CHAINTRUTH
2025-10-01,SUP-007,Supplier 007,South Korea,APAC,0.84,PLT-09,Hanoi Assembly,Vietnam,APAC,Enterprise,Japan,OTIF_ERP,ERP Definition,Finance,1,1,0.0,0.0,0.0,100.0,0.0,1,100.0,CHAINTRUTH
2025-10-01,SUP-007,Supplier 007,South Korea,APAC,0.84,PLT-01,Munich Center,Germany,EMEA,Government,Singapore,OTIF_ERP,ERP Definition,Finance,2,3,33.33,33.33,33.33,100.0,66.67,2,66.67,CHAINTRUTH
2025-10-01,SUP-007,Supplier 007,South Korea,APAC,0.84,PLT-09,Hanoi Assembly,Vietnam,APAC,SMB,USA,OTIF_ERP,ERP Definition,Finance,1,1,0.0,0.0,100.0,100.0,100.0,1,100.0,CHAINTRUTH
2025-10-01,SUP-007,Supplier 007,South Korea,APAC,0.84,PLT-06,Sao Paulo Ops,Brazil,LATAM,Enterprise,USA,OTIF_ERP,ERP Definition,Finance,1,2,0.0,0.0,0.0,50.0,50.0,1,50.0,CHAINTRUTH
2025-10-01,SUP-007,Supplier 007,South Korea,APAC,0.84,PLT-08,Taipei Micro,Taiwan,APAC,Government,Australia,OTIF_ERP,ERP Definition,Finance,1,2,0.0,50.0,50.0,100.0,0.0,1,50.0,CHAINTRUTH
2025-10-01,SUP-007,Supplier 007,South Korea,APAC,0.84,PLT-03,Tokyo Precision,Japan,APAC,Enterprise,USA,OTIF_ERP,ERP Definition,Finance,1,1,0.0,0.0,100.0,100.0,100.0,1,100.0,CHAINTRUTH
2025-10-01,SUP-008,Supplier 008,Taiwan,APAC,0.73,PLT-05,Monterrey Plant,Mexico,LATAM,SMB,UK,OTIF_ERP,ERP Definition,Finance,1,1,0.0,0.0,0.0,100.0,100.0,1,100.0,CHAINTRUTH
2025-10-01,SUP-008,Supplier 008,Taiwan,APAC,0.73,PLT-09,Hanoi Assembly,Vietnam,APAC,Government,Japan,OTIF_ERP,ERP Definition,Finance,1,1,0.0,0.0,100.0,100.0,100.0,1,100.0,CHAINTRUTH
2025-10-01,SUP-008,Supplier 008,Taiwan,APAC,0.73,PLT-02,Detroit Works,USA,NA,Enterprise,Canada,OTIF_ERP,ERP Definition,Finance,1,1,100.0,100.0,100.0,100.0,100.0,0,0.0,CHAINTRUTH
2025-10-01,SUP-008,Supplier 008,Taiwan,APAC,0.73,PLT-01,Munich Center,Germany,EMEA,SMB,USA,OTIF_ERP,ERP Definition,Finance,1,1,100.0,100.0,100.0,100.0,100.0,0,0.0,CHAINTRUTH
2025-10-01,SUP-008,Supplier 008,Taiwan,APAC,0.73,PLT-02,Detroit Works,USA,NA,SMB,USA,OTIF_ERP,ERP Definition,Finance,1,1,0.0,0.0,0.0,100.0,100.0,1,100.0,CHAINTRUTH
2025-10-01,SUP-008,Supplier 008,Taiwan,APAC,0.73,PLT-00,Shanghai Hub,China,APAC,SMB,UK,OTIF_ERP,ERP Definition,Finance,1,2,0.0,0.0,100.0,100.0,50.0,2,100.0,CHAINTRUTH
2025-10-01,SUP-008,Supplier 008,Taiwan,APAC,0.73,PLT-04,Chennai Forge,India,APAC,SMB,Australia,OTIF_ERP,ERP Definition,Finance,1,1,0.0,0.0,100.0,100.0,0.0,1,100.0,CHAINTRUTH
2025-10-01,SUP-009,Supplier 009,Vietnam,APAC,1.0,PLT-04,Chennai Forge,India,APAC,Enterprise,Japan,OTIF_ERP,ERP Definition,Finance,1,2,0.0,0.0,50.0,100.0,50.0,2,100.0,CHAINTRUTH
2025-10-01,SUP-009,Supplier 009,Vietnam,APAC,1.0,PLT-05,Monterrey Plant,Mexico,LATAM,SMB,Singapore,OTIF_ERP,ERP Definition,Finance,1,1,0.0,0.0,0.0,100.0,100.0,1,100.0,CHAINTRUTH
2025-10-01,SUP-009,Supplier 009,Vietnam,APAC,1.0,PLT-09,Hanoi Assembly,Vietnam,APAC,Enterprise,USA,OTIF_ERP,ERP Definition,Finance,1,1,0.0,0.0,100.0,100.0,100.0,1,100.0,CHAINTRUTH
2025-10-01,SUP-009,Supplier 009,Vietnam,APAC,1.0,PLT-02,Detroit Works,USA,NA,Enterprise,Germany,OTIF_ERP,ERP Definition,Finance,1,1,100.0,100.0,0.0,100.0,100.0,1,100.0,CHAINTRUTH
2025-10-01,SUP-009,Supplier 009,Vietnam,APAC,1.0,PLT-04,Chennai Forge,India,APAC,Enterprise,USA,OTIF_ERP,ERP Definition,Finance,1,1,0.0,0.0,100.0,100.0,0.0,1,100.0,CHAINTRUTH
2025-10-01,SUP-009,Supplier 009,Vietnam,APAC,1.0,PLT-05,Monterrey Plant,Mexico,LATAM,SMB,Germany,OTIF_ERP,ERP Definition,Finance,1,1,0.0,0.0,0.0,100.0,100.0,1,100.0,CHAINTRUTH
2025-10-01,SUP-009,Supplier 009,Vietnam,APAC,1.0,PLT-09,Hanoi Assembly,Vietnam,APAC,SMB,France,OTIF_ERP,ERP Definition,Finance,1,1,0.0,0.0,0.0,100.0,100.0,1,100.0,CHAINTRUTH
2025-10-01,SUP-009,Supplier 009,Vietnam,APAC,1.0,PLT-00,Shanghai Hub,China,APAC,SMB,Canada,OTIF_ERP,ERP Definition,Finance,1,1,0.0,0.0,0.0,100.0,100.0,1,100.0,CHAINTRUTH
2025-10-01,SUP-010,Supplier 010,China,APAC,0.76,PLT-04,Chennai Forge,India,APAC,Enterprise,Singapore,OTIF_ERP,ERP Definition,Finance,1,1,0.0,0.0,0.0,100.0,100.0,1,100.0,CHAINTRUTH
2025-10-01,SUP-010,Supplier 010,China,APAC,0.76,PLT-02,Detroit Works,USA,NA,Government,USA,OTIF_ERP,ERP Definition,Finance,1,1,0.0,0.0,100.0,100.0,100.0,1,100.0,CHAINTRUTH
2025-10-01,SUP-010,Supplier 010,China,APAC,0.76,PLT-08,Taipei Micro,Taiwan,APAC,SMB,Singapore,OTIF_ERP,ERP Definition,Finance,1,1,0.0,0.0,100.0,100.0,100.0,1,100.0,CHAINTRUTH
2025-10-01,SUP-010,Supplier 010,China,APAC,0.76,PLT-00,Shanghai Hub,China,APAC,Enterprise,USA,OTIF_ERP,ERP Definition,Finance,1,1,0.0,100.0,100.0,100.0,0.0,0,0.0,CHAINTRUTH
2025-10-01,SUP-010,Supplier 010,China,APAC,0.76,PLT-03,Tokyo Precision,Japan,APAC,SMB,Australia,OTIF_ERP,ERP Definition,Finance,1,2,0.0,0.0,100.0,100.0,0.0,2,100.0,CHAINTRUTH
2025-10-01,SUP-010,Supplier 010,China,APAC,0.76,PLT-02,Detroit Works,USA,NA,SMB,Singapore,OTIF_ERP,ERP Definition,Finance,1,2,0.0,0.0,0.0,100.0,50.0,2,100.0,CHAINTRUTH
2025-10-01,SUP-011,Supplier 011,Germany,EMEA,0.53,PLT-05,Monterrey Plant,Mexico,LATAM,SMB,Canada,OTIF_ERP,ERP Definition,Finance,1,2,0.0,0.0,50.0,100.0,50.0,2,100.0,CHAINTRUTH
2025-10-01,SUP-011,Supplier 011,Germany,EMEA,0.53,PLT-03,Tokyo Precision,Japan,APAC,SMB,Japan,OTIF_ERP,ERP Definition,Finance,1,1,0.0,0.0,0.0,100.0,100.0,1,100.0,CHAINTRUTH
2025-10-01,SUP-011,Supplier 011,Germany,EMEA,0.53,PLT-09,Hanoi Assembly,Vietnam,APAC,Enterprise,France,OTIF_ERP,ERP Definition,Finance,1,1,0.0,0.0,0.0,100.0,0.0,1,100.0,CHAINTRUTH
2025-10-01,SUP-011,Supplier 011,Germany,EMEA,0.53,PLT-01,Munich Center,Germany,EMEA,SMB,USA,OTIF_ERP,ERP Definition,Finance,1,1,0.0,0.0,0.0,100.0,0.0,1,100.0,CHAINTRUTH
2025-10-01,SUP-011,Supplier 011,Germany,EMEA,0.53,PLT-00,Shanghai Hub,China,APAC,Enterprise,USA,OTIF_ERP,ERP Definition,Finance,1,1,0.0,0.0,0.0,100.0,100.0,1,100.0,CHAINTRUTH
2025-10-01,SUP-012,Supplier 012,USA,NA,0.66,PLT-04,Chennai Forge,India,APAC,SMB,Germany,OTIF_ERP,ERP Definition,Finance,1,1,0.0,0.0,0.0,100.0,100.0,1,100.0,CHAINTRUTH
2025-10-01,SUP-012,Supplier 012,USA,NA,0.66,PLT-03,Tokyo Precision,Japan,APAC,SMB,Canada,OTIF_ERP,ERP Definition,Finance,1,2,0.0,0.0,50.0,50.0,50.0,2,100.0,CHAINTRUTH
2025-10-01,SUP-012,Supplier 012,USA,NA,0.66,PLT-03,Tokyo Precision,Japan,APAC,Enterprise,Japan,OTIF_ERP,ERP Definition,Finance,1,2,0.0,0.0,100.0,100.0,0.0,2,100.0,CHAINTRUTH
2025-10-01,SUP-012,Supplier 012,USA,NA,0.66,PLT-07,Seoul Tech,South Korea,APAC,SMB,UK,OTIF_ERP,ERP Definition,Finance,1,1,0.0,0.0,100.0,100.0,100.0,1,100.0,CHAINTRUTH
2025-10-01,SUP-013,Supplier 013,Japan,APAC,0.89,PLT-00,Shanghai Hub,China,APAC,SMB,France,OTIF_ERP,ERP Definition,Finance,2,2,0.0,0.0,0.0,100.0,100.0,2,100.0,CHAINTRUTH
2025-10-01,SUP-013,Supplier 013,Japan,APAC,0.89,PLT-00,Shanghai Hub,China,APAC,SMB,Singapore,OTIF_ERP,ERP Definition,Finance,1,1,0.0,0.0,100.0,100.0,100.0,1,100.0,CHAINTRUTH
2025-10-01,SUP-013,Supplier 013,Japan,APAC,0.89,PLT-02,Detroit Works,USA,NA,SMB,UK,OTIF_ERP,ERP Definition,Finance,1,1,0.0,0.0,0.0,100.0,100.0,1,100.0,CHAINTRUTH
2025-10-01,SUP-013,Supplier 013,Japan,APAC,0.89,PLT-01,Munich Center,Germany,EMEA,Government,Singapore,OTIF_ERP,ERP Definition,Finance,1,1,0.0,0.0,0.0,100.0,100.0,1,100.0,CHAINTRUTH
2025-10-01,SUP-013,Supplier 013,Japan,APAC,0.89,PLT-01,Munich Center,Germany,EMEA,SMB,Australia,OTIF_ERP,ERP Definition,Finance,1,1,0.0,0.0,100.0,100.0,100.0,1,100.0,CHAINTRUTH
2025-10-01,SUP-013,Supplier 013,Japan,APAC,0.89,PLT-05,Monterrey Plant,Mexico,LATAM,SMB,UK,OTIF_ERP,ERP Definition,Finance,2,2,0.0,0.0,50.0,100.0,100.0,2,100.0,CHAINTRUTH
2025-10-01,SUP-013,Supplier 013,Japan,APAC,0.89,PLT-05,Monterrey Plant,Mexico,LATAM,SMB,Germany,OTIF_ERP,ERP Definition,Finance,1,1,0.0,0.0,0.0,100.0,100.0,1,100.0,CHAINTRUTH
2025-10-01,SUP-013,Supplier 013,Japan,APAC,0.89,PLT-03,Tokyo Precision,Japan,APAC,Government,France,OTIF_ERP,ERP Definition,Finance,1,2,0.0,0.0,50.0,50.0,50.0,2,100.0,CHAINTRUTH
2025-10-01,SUP-013,Supplier 013,Japan,APAC,0.89,PLT-01,Munich Center,Germany,EMEA,SMB,Germany,OTIF_ERP,ERP Definition,Finance,1,1,100.0,100.0,100.0,100.0,100.0,0,0.0,CHAINTRUTH
2025-10-01,SUP-014,Supplier 014,India,APAC,0.95,PLT-06,Sao Paulo Ops,Brazil,LATAM,SMB,Germany,OTIF_ERP,ERP Definition,Finance,1,1,0.0,0.0,0.0,100.0,0.0,1,100.0,CHAINTRUTH
2025-10-01,SUP-014,Supplier 014,India,APAC,0.95,PLT-02,Detroit Works,USA,NA,Enterprise,France,OTIF_ERP,ERP Definition,Finance,1,1,0.0,0.0,0.0,100.0,100.0,1,100.0,CHAINTRUTH
2025-10-01,SUP-014,Supplier 014,India,APAC,0.95,PLT-07,Seoul Tech,South Korea,APAC,Government,Canada,OTIF_ERP,ERP Definition,Finance,1,1,0.0,0.0,100.0,100.0,100.0,1,100.0,CHAINTRUTH
2025-10-01,SUP-014,Supplier 014,India,APAC,0.95,PLT-01,Munich Center,Germany,EMEA,SMB,Singapore,OTIF_ERP,ERP Definition,Finance,1,1,0.0,100.0,100.0,100.0,0.0,0,0.0,CHAINTRUTH
2025-10-01,SUP-014,Supplier 014,India,APAC,0.95,PLT-08,Taipei Micro,Taiwan,APAC,Enterprise,Canada,OTIF_ERP,ERP Definition,Finance,1,1,0.0,0.0,100.0,100.0,100.0,1,100.0,CHAINTRUTH
2025-10-01,SUP-015,Supplier 015,Mexico,LATAM,0.75,PLT-01,Munich Center,Germany,EMEA,Government,Japan,OTIF_ERP,ERP Definition,Finance,1,1,0.0,0.0,0.0,100.0,100.0,1,100.0,CHAINTRUTH
2025-10-01,SUP-015,Supplier 015,Mexico,LATAM,0.75,PLT-00,Shanghai Hub,China,APAC,Enterprise,USA,OTIF_ERP,ERP Definition,Finance,1,1,0.0,0.0,100.0,100.0,100.0,1,100.0,CHAINTRUTH
2025-10-01,SUP-015,Supplier 015,Mexico,LATAM,0.75,PLT-08,Taipei Micro,Taiwan,APAC,SMB,UK,OTIF_ERP,ERP Definition,Finance,1,1,0.0,0.0,100.0,100.0,100.0,1,100.0,CHAINTRUTH
2025-10-01,SUP-015,Supplier 015,Mexico,LATAM,0.75,PLT-06,Sao Paulo Ops,Brazil,LATAM,Enterprise,USA,OTIF_ERP,ERP Definition,Finance,1,2,0.0,0.0,50.0,100.0,50.0,2,100.0,CHAINTRUTH
2025-10-01,SUP-015,Supplier 015,Mexico,LATAM,0.75,PLT-02,Detroit Works,USA,NA,Government,USA,OTIF_ERP,ERP Definition,Finance,1,2,0.0,0.0,50.0,100.0,0.0,2,100.0,CHAINTRUTH
2025-10-01,SUP-015,Supplier 015,Mexico,LATAM,0.75,PLT-03,Tokyo Precision,Japan,APAC,SMB,Germany,OTIF_ERP,ERP Definition,Finance,1,1,0.0,0.0,0.0,100.0,100.0,1,100.0,CHAINTRUTH
2025-10-01,SUP-015,Supplier 015,Mexico,LATAM,0.75,PLT-03,Tokyo Precision,Japan,APAC,Government,USA,OTIF_ERP,ERP Definition,Finance,1,2,0.0,0.0,0.0,100.0,50.0,2,100.0,CHAINTRUTH
2025-10-01,SUP-015,Supplier 015,Mexico,LATAM,0.75,PLT-09,Hanoi Assembly,Vietnam,APAC,SMB,France,OTIF_ERP,ERP Definition,Finance,1,2,0.0,0.0,50.0,100.0,50.0,2,100.0,CHAINTRUTH
2025-10-01,SUP-016,Supplier 016,Brazil,LATAM,0.66,PLT-06,Sao Paulo Ops,Brazil,LATAM,SMB,Singapore,OTIF_ERP,ERP Definition,Finance,1,1,0.0,0.0,0.0,100.0,100.0,1,100.0,CHAINTRUTH
2025-10-01,SUP-016,Supplier 016,Brazil,LATAM,0.66,PLT-00,Shanghai Hub,China,APAC,Government,Germany,OTIF_ERP,ERP Definition,Finance,1,1,100.0,100.0,100.0,100.0,100.0,0,0.0,CHAINTRUTH
2025-10-01,SUP-016,Supplier 016,Brazil,LATAM,0.66,PLT-01,Munich Center,Germany,EMEA,SMB,Germany,OTIF_ERP,ERP Definition,Finance,2,3,0.0,0.0,66.67,100.0,66.67,3,100.0,CHAINTRUTH
2025-10-01,SUP-016,Supplier 016,Brazil,LATAM,0.66,PLT-02,Detroit Works,USA,NA,SMB,UK,OTIF_ERP,ERP Definition,Finance,1,1,100.0,100.0,100.0,100.0,100.0,0,0.0,CHAINTRUTH
2025-10-01,SUP-016,Supplier 016,Brazil,LATAM,0.66,PLT-04,Chennai Forge,India,APAC,SMB,UK,OTIF_ERP,ERP Definition,Finance,1,1,0.0,0.0,100.0,100.0,100.0,1,100.0,CHAINTRUTH
2025-10-01,SUP-017,Supplier 017,South Korea,APAC,0.89,PLT-03,Tokyo Precision,Japan,APAC,Enterprise,France,OTIF_ERP,ERP Definition,Finance,1,1,0.0,0.0,100.0,100.0,100.0,1,100.0,CHAINTRUTH
2025-10-01,SUP-017,Supplier 017,South Korea,APAC,0.89,PLT-02,Detroit Works,USA,NA,Government,Australia,OTIF_ERP,ERP Definition,Finance,1,1,0.0,0.0,0.0,100.0,100.0,1,100.0,CHAINTRUTH
2025-10-01,SUP-017,Supplier 017,South Korea,APAC,0.89,PLT-04,Chennai Forge,India,APAC,Enterprise,Australia,OTIF_ERP,ERP Definition,Finance,1,1,0.0,0.0,0.0,100.0,0.0,1,100.0,CHAINTRUTH
2025-10-01,SUP-017,Supplier 017,South Korea,APAC,0.89,PLT-01,Munich Center,Germany,EMEA,Enterprise,Japan,OTIF_ERP,ERP Definition,Finance,1,1,100.0,100.0,100.0,100.0,100.0,0,0.0,CHAINTRUTH
2025-10-01,SUP-018,Supplier 018,Taiwan,APAC,0.75,PLT-07,Seoul Tech,South Korea,APAC,Government,Germany,OTIF_ERP,ERP Definition,Finance,1,1,0.0,0.0,0.0,100.0,100.0,1,100.0,CHAINTRUTH
2025-10-01,SUP-018,Supplier 018,Taiwan,APAC,0.75,PLT-03,Tokyo Precision,Japan,APAC,SMB,France,OTIF_ERP,ERP Definition,Finance,1,1,0.0,0.0,0.0,100.0,100.0,1,100.0,CHAINTRUTH
2025-10-01,SUP-018,Supplier 018,Taiwan,APAC,0.75,PLT-01,Munich Center,Germany,EMEA,SMB,Australia,OTIF_ERP,ERP Definition,Finance,1,2,0.0,0.0,0.0,100.0,0.0,2,100.0,CHAINTRUTH
2025-10-01,SUP-018,Supplier 018,Taiwan,APAC,0.75,PLT-06,Sao Paulo Ops,Brazil,LATAM,SMB,Singapore,OTIF_ERP,ERP Definition,Finance,1,1,100.0,100.0,100.0,100.0,100.0,0,0.0,CHAINTRUTH
2025-10-01,SUP-018,Supplier 018,Taiwan,APAC,0.75,PLT-09,Hanoi Assembly,Vietnam,APAC,SMB,USA,OTIF_ERP,ERP Definition,Finance,1,1,0.0,0.0,100.0,100.0,100.0,1,100.0,CHAINTRUTH
2025-10-01,SUP-018,Supplier 018,Taiwan,APAC,0.75,PLT-02,Detroit Works,USA,NA,SMB,Singapore,OTIF_ERP,ERP Definition,Finance,1,1,0.0,0.0,100.0,100.0,100.0,1,100.0,CHAINTRUTH
2025-10-01,SUP-018,Supplier 018,Taiwan,APAC,0.75,PLT-05,Monterrey Plant,Mexico,LATAM,Enterprise,Germany,OTIF_ERP,ERP Definition,Finance,2,3,0.0,0.0,66.67,66.67,66.67,2,66.67,CHAINTRUTH
2025-10-01,SUP-018,Supplier 018,Taiwan,APAC,0.75,PLT-06,Sao Paulo Ops,Brazil,LATAM,Government,Canada,OTIF_ERP,ERP Definition,Finance,1,1,0.0,0.0,100.0,100.0,100.0,1,100.0,CHAINTRUTH
2025-10-01,SUP-018,Supplier 018,Taiwan,APAC,0.75,PLT-04,Chennai Forge,India,APAC,SMB,UK,OTIF_ERP,ERP Definition,Finance,1,1,0.0,0.0,0.0,100.0,100.0,1,100.0,CHAINTRUTH
2025-10-01,SUP-019,Supplier 019,Vietnam,APAC,0.57,PLT-08,Taipei Micro,Taiwan,APAC,SMB,UK,OTIF_ERP,ERP Definition,Finance,1,1,0.0,0.0,100.0,100.0,0.0,1,100.0,CHAINTRUTH
2025-10-01,SUP-020,Supplier 020,China,APAC,0.6,PLT-03,Tokyo Precision,Japan,APAC,SMB,Singapore,OTIF_ERP,ERP Definition,Finance,1,1,0.0,0.0,100.0,100.0,100.0,1,100.0,CHAINTRUTH
2025-10-01,SUP-020,Supplier 020,China,APAC,0.6,PLT-09,Hanoi Assembly,Vietnam,APAC,SMB,UK,OTIF_ERP,ERP Definition,Finance,1,1,0.0,0.0,100.0,100.0,100.0,1,100.0,CHAINTRUTH
2025-10-01,SUP-020,Supplier 020,China,APAC,0.6,PLT-05,Monterrey Plant,Mexico,LATAM,Enterprise,Germany,OTIF_ERP,ERP Definition,Finance,1,2,0.0,0.0,0.0,100.0,50.0,2,100.0,CHAINTRUTH
2025-10-01,SUP-020,Supplier 020,China,APAC,0.6,PLT-03,Tokyo Precision,Japan,APAC,SMB,Japan,OTIF_ERP,ERP Definition,Finance,2,3,0.0,0.0,0.0,100.0,33.33,3,100.0,CHAINTRUTH
2025-10-01,SUP-020,Supplier 020,China,APAC,0.6,PLT-04,Chennai Forge,India,APAC,SMB,Canada,OTIF_ERP,ERP Definition,Finance,1,1,0.0,0.0,0.0,100.0,100.0,1,100.0,CHAINTRUTH
2025-10-01,SUP-021,Supplier 021,Germany,EMEA,0.75,PLT-01,Munich Center,Germany,EMEA,Government,USA,OTIF_ERP,ERP Definition,Finance,1,1,0.0,0.0,100.0,100.0,100.0,1,100.0,CHAINTRUTH
2025-10-01,SUP-021,Supplier 021,Germany,EMEA,0.75,PLT-00,Shanghai Hub,China,APAC,SMB,Japan,OTIF_ERP,ERP Definition,Finance,1,1,0.0,0.0,100.0,100.0,0.0,1,100.0,CHAINTRUTH
2025-10-01,SUP-021,Supplier 021,Germany,EMEA,0.75,PLT-01,Munich Center,Germany,EMEA,Enterprise,Japan,OTIF_ERP,ERP Definition,Finance,1,1,0.0,0.0,100.0,100.0,100.0,1,100.0,CHAINTRUTH
2025-10-01,SUP-021,Supplier 021,Germany,EMEA,0.75,PLT-05,Monterrey Plant,Mexico,LATAM,Enterprise,France,OTIF_ERP,ERP Definition,Finance,1,1,0.0,0.0,100.0,100.0,0.0,1,100.0,CHAINTRUTH
2025-10-01,SUP-021,Supplier 021,Germany,EMEA,0.75,PLT-01,Munich Center,Germany,EMEA,SMB,Singapore,OTIF_ERP,ERP Definition,Finance,1,1,0.0,100.0,100.0,100.0,0.0,0,0.0,CHAINTRUTH
2025-10-01,SUP-022,Supplier 022,USA,NA,0.8,PLT-03,Tokyo Precision,Japan,APAC,SMB,Germany,OTIF_ERP,ERP Definition,Finance,1,2,0.0,0.0,50.0,100.0,50.0,2,100.0,CHAINTRUTH
2025-10-01,SUP-022,Supplier 022,USA,NA,0.8,PLT-02,Detroit Works,USA,NA,SMB,Australia,OTIF_ERP,ERP Definition,Finance,1,1,0.0,0.0,100.0,100.0,0.0,1,100.0,CHAINTRUTH
2025-10-01,SUP-022,Supplier 022,USA,NA,0.8,PLT-04,Chennai Forge,India,APAC,Government,Canada,OTIF_ERP,ERP Definition,Finance,1,1,0.0,0.0,0.0,100.0,100.0,1,100.0,CHAINTRUTH
2025-10-01,SUP-022,Supplier 022,USA,NA,0.8,PLT-00,Shanghai Hub,China,APAC,SMB,USA,OTIF_ERP,ERP Definition,Finance,1,1,0.0,0.0,100.0,100.0,100.0,1,100.0,CHAINTRUTH
2025-10-01,SUP-022,Supplier 022,USA,NA,0.8,PLT-06,Sao Paulo Ops,Brazil,LATAM,SMB,USA,OTIF_ERP,ERP Definition,Finance,1,2,0.0,0.0,50.0,50.0,0.0,1,50.0,CHAINTRUTH
2025-10-01,SUP-022,Supplier 022,USA,NA,0.8,PLT-00,Shanghai Hub,China,APAC,Enterprise,France,OTIF_ERP,ERP Definition,Finance,1,1,0.0,0.0,100.0,100.0,100.0,1,100.0,CHAINTRUTH
2025-10-01,SUP-022,Supplier 022,USA,NA,0.8,PLT-06,Sao Paulo Ops,Brazil,LATAM,SMB,Singapore,OTIF_ERP,ERP Definition,Finance,1,2,0.0,0.0,0.0,100.0,50.0,2,100.0,CHAINTRUTH
2025-10-01,SUP-023,Supplier 023,Japan,APAC,0.98,PLT-02,Detroit Works,USA,NA,Government,Singapore,OTIF_ERP,ERP Definition,Finance,1,1,100.0,100.0,100.0,100.0,100.0,0,0.0,CHAINTRUTH
2025-10-01,SUP-023,Supplier 023,Japan,APAC,0.98,PLT-04,Chennai Forge,India,APAC,SMB,France,OTIF_ERP,ERP Definition,Finance,1,1,0.0,100.0,100.0,100.0,0.0,0,0.0,CHAINTRUTH
2025-10-01,SUP-023,Supplier 023,Japan,APAC,0.98,PLT-07,Seoul Tech,South Korea,APAC,SMB,Australia,OTIF_ERP,ERP Definition,Finance,1,1,0.0,0.0,100.0,100.0,100.0,1,100.0,CHAINTRUTH
2025-10-01,SUP-023,Supplier 023,Japan,APAC,0.98,PLT-08,Taipei Micro,Taiwan,APAC,Government,Japan,OTIF_ERP,ERP Definition,Finance,1,1,0.0,0.0,100.0,100.0,100.0,1,100.0,CHAINTRUTH
2025-10-01,SUP-023,Supplier 023,Japan,APAC,0.98,PLT-08,Taipei Micro,Taiwan,APAC,Enterprise,France,OTIF_ERP,ERP Definition,Finance,1,1,0.0,0.0,100.0,100.0,100.0,1,100.0,CHAINTRUTH
2025-10-01,SUP-023,Supplier 023,Japan,APAC,0.98,PLT-02,Detroit Works,USA,NA,SMB,UK,OTIF_ERP,ERP Definition,Finance,1,1,0.0,0.0,100.0,100.0,100.0,1,100.0,CHAINTRUTH
2025-10-01,SUP-023,Supplier 023,Japan,APAC,0.98,PLT-02,Detroit Works,USA,NA,SMB,Germany,OTIF_ERP,ERP Definition,Finance,1,1,100.0,100.0,0.0,100.0,100.0,1,100.0,CHAINTRUTH
2025-10-01,SUP-023,Supplier 023,Japan,APAC,0.98,PLT-01,Munich Center,Germany,EMEA,Government,USA,OTIF_ERP,ERP Definition,Finance,1,2,0.0,50.0,0.0,100.0,0.0,2,100.0,CHAINTRUTH
2025-10-01,SUP-024,Supplier 024,India,APAC,0.89,PLT-08,Taipei Micro,Taiwan,APAC,SMB,UK,OTIF_ERP,ERP Definition,Finance,1,2,0.0,0.0,100.0,50.0,0.0,2,100.0,CHAINTRUTH
2025-10-01,SUP-024,Supplier 024,India,APAC,0.89,PLT-03,Tokyo Precision,Japan,APAC,Government,Singapore,OTIF_ERP,ERP Definition,Finance,1,1,0.0,0.0,100.0,100.0,100.0,1,100.0,CHAINTRUTH
2025-10-01,SUP-024,Supplier 024,India,APAC,0.89,PLT-05,Monterrey Plant,Mexico,LATAM,SMB,Singapore,OTIF_ERP,ERP Definition,Finance,1,1,0.0,0.0,0.0,100.0,100.0,1,100.0,CHAINTRUTH
2025-10-01,SUP-024,Supplier 024,India,APAC,0.89,PLT-04,Chennai Forge,India,APAC,SMB,Singapore,OTIF_ERP,ERP Definition,Finance,1,2,0.0,0.0,0.0,100.0,0.0,2,100.0,CHAINTRUTH
2025-10-01,SUP-024,Supplier 024,India,APAC,0.89,PLT-07,Seoul Tech,South Korea,APAC,Government,USA,OTIF_ERP,ERP Definition,Finance,1,1,100.0,100.0,100.0,100.0,100.0,0,0.0,CHAINTRUTH
2025-10-01,SUP-025,Supplier 025,Mexico,LATAM,0.71,PLT-05,Monterrey Plant,Mexico,LATAM,SMB,UK,OTIF_ERP,ERP Definition,Finance,1,2,0.0,0.0,50.0,100.0,50.0,2,100.0,CHAINTRUTH
2025-10-01,SUP-025,Supplier 025,Mexico,LATAM,0.71,PLT-03,Tokyo Precision,Japan,APAC,SMB,France,OTIF_ERP,ERP Definition,Finance,1,1,0.0,0.0,0.0,100.0,100.0,1,100.0,CHAINTRUTH
2025-10-01,SUP-025,Supplier 025,Mexico,LATAM,0.71,PLT-06,Sao Paulo Ops,Brazil,LATAM,Enterprise,USA,OTIF_ERP,ERP Definition,Finance,1,1,0.0,0.0,0.0,100.0,100.0,1,100.0,CHAINTRUTH
2025-10-01,SUP-025,Supplier 025,Mexico,LATAM,0.71,PLT-00,Shanghai Hub,China,APAC,SMB,Australia,OTIF_ERP,ERP Definition,Finance,1,1,0.0,100.0,100.0,100.0,0.0,0,0.0,CHAINTRUTH
2025-10-01,SUP-025,Supplier 025,Mexico,LATAM,0.71,PLT-00,Shanghai Hub,China,APAC,SMB,Japan,OTIF_ERP,ERP Definition,Finance,1,1,0.0,0.0,0.0,100.0,0.0,1,100.0,CHAINTRUTH
2025-10-01,SUP-025,Supplier 025,Mexico,LATAM,0.71,PLT-02,Detroit Works,USA,NA,Government,Germany,OTIF_ERP,ERP Definition,Finance,1,2,50.0,50.0,50.0,50.0,100.0,0,0.0,CHAINTRUTH
2025-10-01,SUP-025,Supplier 025,Mexico,LATAM,0.71,PLT-06,Sao Paulo Ops,Brazil,LATAM,SMB,Germany,OTIF_ERP,ERP Definition,Finance,1,1,0.0,0.0,0.0,100.0,100.0,1,100.0,CHAINTRUTH
2025-10-01,SUP-026,Supplier 026,Brazil,LATAM,0.73,PLT-03,Tokyo Precision,Japan,APAC,Enterprise,Singapore,OTIF_ERP,ERP Definition,Finance,1,2,0.0,0.0,0.0,100.0,0.0,2,100.0,CHAINTRUTH
2025-10-01,SUP-026,Supplier 026,Brazil,LATAM,0.73,PLT-09,Hanoi Assembly,Vietnam,APAC,SMB,UK,OTIF_ERP,ERP Definition,Finance,2,3,0.0,0.0,0.0,100.0,66.67,3,100.0,CHAINTRUTH
2025-10-01,SUP-026,Supplier 026,Brazil,LATAM,0.73,PLT-03,Tokyo Precision,Japan,APAC,SMB,France,OTIF_ERP,ERP Definition,Finance,1,1,0.0,0.0,0.0,100.0,0.0,1,100.0,CHAINTRUTH
2025-10-01,SUP-026,Supplier 026,Brazil,LATAM,0.73,PLT-03,Tokyo Precision,Japan,APAC,Enterprise,Germany,OTIF_ERP,ERP Definition,Finance,1,1,0.0,0.0,100.0,100.0,100.0,1,100.0,CHAINTRUTH
2025-10-01,SUP-026,Supplier 026,Brazil,LATAM,0.73,PLT-07,Seoul Tech,South Korea,APAC,Enterprise,Germany,OTIF_ERP,ERP Definition,Finance,1,1,100.0,100.0,100.0,100.0,100.0,0,0.0,CHAINTRUTH
2025-10-01,SUP-026,Supplier 026,Brazil,LATAM,0.73,PLT-07,Seoul Tech,South Korea,APAC,SMB,Germany,OTIF_ERP,ERP Definition,Finance,1,1,0.0,0.0,100.0,100.0,100.0,1,100.0,CHAINTRUTH
2025-10-01,SUP-027,Supplier 027,South Korea,APAC,0.94,PLT-01,Munich Center,Germany,EMEA,SMB,Canada,OTIF_ERP,ERP Definition,Finance,1,2,0.0,0.0,50.0,100.0,0.0,2,100.0,CHAINTRUTH
2025-10-01,SUP-027,Supplier 027,South Korea,APAC,0.94,PLT-09,Hanoi Assembly,Vietnam,APAC,Enterprise,Singapore,OTIF_ERP,ERP Definition,Finance,1,1,0.0,0.0,0.0,100.0,100.0,1,100.0,CHAINTRUTH
2025-10-01,SUP-027,Supplier 027,South Korea,APAC,0.94,PLT-06,Sao Paulo Ops,Brazil,LATAM,SMB,Germany,OTIF_ERP,ERP Definition,Finance,1,1,100.0,100.0,0.0,100.0,100.0,1,100.0,CHAINTRUTH
2025-10-01,SUP-027,Supplier 027,South Korea,APAC,0.94,PLT-08,Taipei Micro,Taiwan,APAC,Enterprise,USA,OTIF_ERP,ERP Definition,Finance,1,1,0.0,0.0,0.0,100.0,100.0,1,100.0,CHAINTRUTH
2025-10-01,SUP-027,Supplier 027,South Korea,APAC,0.94,PLT-08,Taipei Micro,Taiwan,APAC,Enterprise,France,OTIF_ERP,ERP Definition,Finance,1,1,0.0,0.0,0.0,100.0,100.0,1,100.0,CHAINTRUTH
2025-10-01,SUP-028,Supplier 028,Taiwan,APAC,0.84,PLT-00,Shanghai Hub,China,APAC,Government,France,OTIF_ERP,ERP Definition,Finance,1,1,0.0,0.0,100.0,100.0,100.0,1,100.0,CHAINTRUTH
2025-10-01,SUP-028,Supplier 028,Taiwan,APAC,0.84,PLT-02,Detroit Works,USA,NA,SMB,Japan,OTIF_ERP,ERP Definition,Finance,1,2,0.0,100.0,50.0,100.0,0.0,1,50.0,CHAINTRUTH
2025-10-01,SUP-028,Supplier 028,Taiwan,APAC,0.84,PLT-05,Monterrey Plant,Mexico,LATAM,Enterprise,Germany,OTIF_ERP,ERP Definition,Finance,1,1,0.0,0.0,100.0,100.0,100.0,1,100.0,CHAINTRUTH
2025-10-01,SUP-028,Supplier 028,Taiwan,APAC,0.84,PLT-07,Seoul Tech,South Korea,APAC,SMB,Singapore,OTIF_ERP,ERP Definition,Finance,1,1,0.0,0.0,0.0,100.0,100.0,1,100.0,CHAINTRUTH
2025-10-01,SUP-028,Supplier 028,Taiwan,APAC,0.84,PLT-06,Sao Paulo Ops,Brazil,LATAM,SMB,UK,OTIF_ERP,ERP Definition,Finance,1,1,100.0,100.0,100.0,100.0,100.0,0,0.0,CHAINTRUTH
2025-10-01,SUP-028,Supplier 028,Taiwan,APAC,0.84,PLT-04,Chennai Forge,India,APAC,Government,Australia,OTIF_ERP,ERP Definition,Finance,1,2,0.0,0.0,0.0,100.0,50.0,2,100.0,CHAINTRUTH
2025-10-01,SUP-028,Supplier 028,Taiwan,APAC,0.84,PLT-07,Seoul Tech,South Korea,APAC,Government,USA,OTIF_ERP,ERP Definition,Finance,1,1,0.0,0.0,0.0,100.0,0.0,1,100.0,CHAINTRUTH
2025-10-01,SUP-028,Supplier 028,Taiwan,APAC,0.84,PLT-04,Chennai Forge,India,APAC,Enterprise,USA,OTIF_ERP,ERP Definition,Finance,1,1,0.0,0.0,0.0,100.0,100.0,1,100.0,CHAINTRUTH
2025-10-01,SUP-028,Supplier 028,Taiwan,APAC,0.84,PLT-03,Tokyo Precision,Japan,APAC,Enterprise,Australia,OTIF_ERP,ERP Definition,Finance,1,2,0.0,0.0,50.0,100.0,50.0,2,100.0,CHAINTRUTH
2025-10-01,SUP-028,Supplier 028,Taiwan,APAC,0.84,PLT-06,Sao Paulo Ops,Brazil,LATAM,Enterprise,USA,OTIF_ERP,ERP Definition,Finance,1,1,0.0,0.0,100.0,100.0,100.0,1,100.0,CHAINTRUTH
2025-10-01,SUP-028,Supplier 028,Taiwan,APAC,0.84,PLT-06,Sao Paulo Ops,Brazil,LATAM,Government,USA,OTIF_ERP,ERP Definition,Finance,1,1,0.0,0.0,100.0,100.0,0.0,1,100.0,CHAINTRUTH
2025-10-01,SUP-029,Supplier 029,Vietnam,APAC,0.51,PLT-09,Hanoi Assembly,Vietnam,APAC,Enterprise,UK,OTIF_ERP,ERP Definition,Finance,1,1,0.0,0.0,0.0,100.0,100.0,1,100.0,CHAINTRUTH
2025-10-01,SUP-029,Supplier 029,Vietnam,APAC,0.51,PLT-08,Taipei Micro,Taiwan,APAC,Government,USA,OTIF_ERP,ERP Definition,Finance,1,1,0.0,0.0,100.0,100.0,100.0,1,100.0,CHAINTRUTH
2025-10-01,SUP-030,Supplier 030,China,APAC,0.59,PLT-03,Tokyo Precision,Japan,APAC,Government,Japan,OTIF_ERP,ERP Definition,Finance,1,1,0.0,0.0,0.0,100.0,100.0,1,100.0,CHAINTRUTH
2025-10-01,SUP-030,Supplier 030,China,APAC,0.59,PLT-05,Monterrey Plant,Mexico,LATAM,Government,Germany,OTIF_ERP,ERP Definition,Finance,1,1,0.0,0.0,100.0,100.0,0.0,1,100.0,CHAINTRUTH
2025-10-01,SUP-030,Supplier 030,China,APAC,0.59,PLT-00,Shanghai Hub,China,APAC,Enterprise,France,OTIF_ERP,ERP Definition,Finance,1,1,0.0,0.0,100.0,100.0,100.0,1,100.0,CHAINTRUTH
2025-10-01,SUP-030,Supplier 030,China,APAC,0.59,PLT-07,Seoul Tech,South Korea,APAC,Government,Japan,OTIF_ERP,ERP Definition,Finance,1,2,0.0,0.0,50.0,50.0,50.0,1,50.0,CHAINTRUTH
2025-10-01,SUP-030,Supplier 030,China,APAC,0.59,PLT-03,Tokyo Precision,Japan,APAC,Enterprise,USA,OTIF_ERP,ERP Definition,Finance,1,1,0.0,0.0,100.0,100.0,100.0,1,100.0,CHAINTRUTH
2025-10-01,SUP-030,Supplier 030,China,APAC,0.59,PLT-02,Detroit Works,USA,NA,SMB,UK,OTIF_ERP,ERP Definition,Finance,1,1,0.0,0.0,0.0,100.0,100.0,1,100.0,CHAINTRUTH
2025-10-01,SUP-030,Supplier 030,China,APAC,0.59,PLT-05,Monterrey Plant,Mexico,LATAM,Enterprise,Japan,OTIF_ERP,ERP Definition,Finance,1,1,0.0,0.0,100.0,100.0,100.0,1,100.0,CHAINTRUTH
2025-10-01,SUP-030,Supplier 030,China,APAC,0.59,PLT-01,Munich Center,Germany,EMEA,SMB,USA,OTIF_ERP,ERP Definition,Finance,1,1,0.0,0.0,100.0,100.0,100.0,1,100.0,CHAINTRUTH
2025-10-01,SUP-031,Supplier 031,Germany,EMEA,0.92,PLT-06,Sao Paulo Ops,Brazil,LATAM,Government,Japan,OTIF_ERP,ERP Definition,Finance,1,1,0.0,0.0,0.0,100.0,100.0,1,100.0,CHAINTRUTH
2025-10-01,SUP-031,Supplier 031,Germany,EMEA,0.92,PLT-05,Monterrey Plant,Mexico,LATAM,Enterprise,Singapore,OTIF_ERP,ERP Definition,Finance,1,2,0.0,0.0,50.0,100.0,50.0,2,100.0,CHAINTRUTH
2025-10-01,SUP-031,Supplier 031,Germany,EMEA,0.92,PLT-09,Hanoi Assembly,Vietnam,APAC,SMB,Singapore,OTIF_ERP,ERP Definition,Finance,1,2,0.0,0.0,50.0,100.0,50.0,2,100.0,CHAINTRUTH
2025-10-01,SUP-031,Supplier 031,Germany,EMEA,0.92,PLT-07,Seoul Tech,South Korea,APAC,Enterprise,UK,OTIF_ERP,ERP Definition,Finance,1,1,0.0,0.0,0.0,100.0,100.0,1,100.0,CHAINTRUTH
2025-10-01,SUP-031,Supplier 031,Germany,EMEA,0.92,PLT-03,Tokyo Precision,Japan,APAC,Government,France,OTIF_ERP,ERP Definition,Finance,1,1,100.0,100.0,100.0,100.0,100.0,0,0.0,CHAINTRUTH
2025-10-01,SUP-031,Supplier 031,Germany,EMEA,0.92,PLT-06,Sao Paulo Ops,Brazil,LATAM,Enterprise,USA,OTIF_ERP,ERP Definition,Finance,1,1,0.0,0.0,0.0,100.0,0.0,1,100.0,CHAINTRUTH
2025-10-01,SUP-031,Supplier 031,Germany,EMEA,0.92,PLT-03,Tokyo Precision,Japan,APAC,Enterprise,Canada,OTIF_ERP,ERP Definition,Finance,1,1,0.0,0.0,0.0,100.0,100.0,1,100.0,CHAINTRUTH
2025-10-01,SUP-032,Supplier 032,USA,NA,0.78,PLT-02,Detroit Works,USA,NA,SMB,Canada,OTIF_ERP,ERP Definition,Finance,1,2,0.0,0.0,0.0,100.0,0.0,2,100.0,CHAINTRUTH
2025-10-01,SUP-032,Supplier 032,USA,NA,0.78,PLT-05,Monterrey Plant,Mexico,LATAM,SMB,France,OTIF_ERP,ERP Definition,Finance,1,1,0.0,0.0,0.0,100.0,0.0,1,100.0,CHAINTRUTH
2025-10-01,SUP-032,Supplier 032,USA,NA,0.78,PLT-09,Hanoi Assembly,Vietnam,APAC,SMB,France,OTIF_ERP,ERP Definition,Finance,1,1,0.0,0.0,0.0,100.0,100.0,1,100.0,CHAINTRUTH
2025-10-01,SUP-032,Supplier 032,USA,NA,0.78,PLT-05,Monterrey Plant,Mexico,LATAM,SMB,Canada,OTIF_ERP,ERP Definition,Finance,1,1,0.0,0.0,100.0,100.0,100.0,1,100.0,CHAINTRUTH
2025-10-01,SUP-032,Supplier 032,USA,NA,0.78,PLT-06,Sao Paulo Ops,Brazil,LATAM,SMB,USA,OTIF_ERP,ERP Definition,Finance,1,1,0.0,0.0,100.0,100.0,100.0,1,100.0,CHAINTRUTH
2025-10-01,SUP-032,Supplier 032,USA,NA,0.78,PLT-02,Detroit Works,USA,NA,SMB,UK,OTIF_ERP,ERP Definition,Finance,1,1,0.0,0.0,100.0,100.0,100.0,1,100.0,CHAINTRUTH
2025-10-01,SUP-033,Supplier 033,Japan,APAC,0.5,PLT-07,Seoul Tech,South Korea,APAC,SMB,USA,OTIF_ERP,ERP Definition,Finance,1,2,0.0,0.0,0.0,100.0,50.0,2,100.0,CHAINTRUTH
2025-10-01,SUP-033,Supplier 033,Japan,APAC,0.5,PLT-02,Detroit Works,USA,NA,Government,Germany,OTIF_ERP,ERP Definition,Finance,1,1,0.0,0.0,100.0,100.0,100.0,1,100.0,CHAINTRUTH
2025-10-01,SUP-033,Supplier 033,Japan,APAC,0.5,PLT-05,Monterrey Plant,Mexico,LATAM,Government,USA,OTIF_ERP,ERP Definition,Finance,1,1,0.0,0.0,0.0,100.0,100.0,1,100.0,CHAINTRUTH
2025-10-01,SUP-033,Supplier 033,Japan,APAC,0.5,PLT-04,Chennai Forge,India,APAC,SMB,Singapore,OTIF_ERP,ERP Definition,Finance,1,2,0.0,0.0,0.0,100.0,0.0,2,100.0,CHAINTRUTH
2025-10-01,SUP-033,Supplier 033,Japan,APAC,0.5,PLT-09,Hanoi Assembly,Vietnam,APAC,SMB,Australia,OTIF_ERP,ERP Definition,Finance,1,1,0.0,0.0,0.0,100.0,100.0,1,100.0,CHAINTRUTH
2025-10-01,SUP-033,Supplier 033,Japan,APAC,0.5,PLT-01,Munich Center,Germany,EMEA,Enterprise,Canada,OTIF_ERP,ERP Definition,Finance,1,1,0.0,0.0,0.0,100.0,100.0,1,100.0,CHAINTRUTH
2025-10-01,SUP-033,Supplier 033,Japan,APAC,0.5,PLT-09,Hanoi Assembly,Vietnam,APAC,Enterprise,Japan,OTIF_ERP,ERP Definition,Finance,1,1,100.0,100.0,100.0,100.0,100.0,0,0.0,CHAINTRUTH
2025-10-01,SUP-033,Supplier 033,Japan,APAC,0.5,PLT-06,Sao Paulo Ops,Brazil,LATAM,SMB,UK,OTIF_ERP,ERP Definition,Finance,1,1,0.0,0.0,100.0,100.0,100.0,1,100.0,CHAINTRUTH
2025-10-01,SUP-034,Supplier 034,India,APAC,0.95,PLT-03,Tokyo Precision,Japan,APAC,SMB,France,OTIF_ERP,ERP Definition,Finance,1,2,0.0,0.0,50.0,100.0,50.0,2,100.0,CHAINTRUTH
2025-10-01,SUP-035,Supplier 035,Mexico,LATAM,0.77,PLT-01,Munich Center,Germany,EMEA,SMB,UK,OTIF_ERP,ERP Definition,Finance,1,1,0.0,0.0,0.0,100.0,0.0,1,100.0,CHAINTRUTH
2025-10-01,SUP-035,Supplier 035,Mexico,LATAM,0.77,PLT-09,Hanoi Assembly,Vietnam,APAC,Government,Japan,OTIF_ERP,ERP Definition,Finance,1,1,0.0,0.0,100.0,100.0,0.0,1,100.0,CHAINTRUTH
2025-10-01,SUP-035,Supplier 035,Mexico,LATAM,0.77,PLT-00,Shanghai Hub,China,APAC,Enterprise,France,OTIF_ERP,ERP Definition,Finance,1,2,0.0,0.0,100.0,100.0,50.0,2,100.0,CHAINTRUTH
2025-10-01,SUP-035,Supplier 035,Mexico,LATAM,0.77,PLT-08,Taipei Micro,Taiwan,APAC,SMB,Canada,OTIF_ERP,ERP Definition,Finance,1,2,0.0,0.0,50.0,100.0,50.0,2,100.0,CHAINTRUTH
2025-10-01,SUP-035,Supplier 035,Mexico,LATAM,0.77,PLT-02,Detroit Works,USA,NA,SMB,USA,OTIF_ERP,ERP Definition,Finance,1,1,0.0,100.0,0.0,100.0,0.0,1,100.0,CHAINTRUTH
2025-10-01,SUP-035,Supplier 035,Mexico,LATAM,0.77,PLT-07,Seoul Tech,South Korea,APAC,SMB,Australia,OTIF_ERP,ERP Definition,Finance,1,2,0.0,0.0,50.0,100.0,50.0,2,100.0,CHAINTRUTH
2025-10-01,SUP-035,Supplier 035,Mexico,LATAM,0.77,PLT-04,Chennai Forge,India,APAC,SMB,Canada,OTIF_ERP,ERP Definition,Finance,1,1,0.0,0.0,100.0,100.0,100.0,1,100.0,CHAINTRUTH
2025-10-01,SUP-036,Supplier 036,Brazil,LATAM,0.76,PLT-09,Hanoi Assembly,Vietnam,APAC,SMB,UK,OTIF_ERP,ERP Definition,Finance,1,2,0.0,0.0,50.0,100.0,0.0,2,100.0,CHAINTRUTH
2025-10-01,SUP-036,Supplier 036,Brazil,LATAM,0.76,PLT-05,Monterrey Plant,Mexico,LATAM,Government,France,OTIF_ERP,ERP Definition,Finance,1,2,0.0,0.0,100.0,100.0,0.0,2,100.0,CHAINTRUTH
2025-10-01,SUP-036,Supplier 036,Brazil,LATAM,0.76,PLT-06,Sao Paulo Ops,Brazil,LATAM,Government,Germany,OTIF_ERP,ERP Definition,Finance,1,1,0.0,0.0,100.0,100.0,0.0,1,100.0,CHAINTRUTH
2025-10-01,SUP-036,Supplier 036,Brazil,LATAM,0.76,PLT-04,Chennai Forge,India,APAC,Enterprise,Germany,OTIF_ERP,ERP Definition,Finance,1,1,0.0,0.0,100.0,100.0,0.0,1,100.0,CHAINTRUTH
2025-10-01,SUP-036,Supplier 036,Brazil,LATAM,0.76,PLT-02,Detroit Works,USA,NA,SMB,USA,OTIF_ERP,ERP Definition,Finance,1,1,0.0,0.0,100.0,100.0,100.0,1,100.0,CHAINTRUTH
2025-10-01,SUP-036,Supplier 036,Brazil,LATAM,0.76,PLT-04,Chennai Forge,India,APAC,SMB,Singapore,OTIF_ERP,ERP Definition,Finance,1,1,0.0,0.0,0.0,100.0,0.0,1,100.0,CHAINTRUTH
2025-10-01,SUP-036,Supplier 036,Brazil,LATAM,0.76,PLT-06,Sao Paulo Ops,Brazil,LATAM,SMB,Singapore,OTIF_ERP,ERP Definition,Finance,1,2,0.0,0.0,50.0,100.0,50.0,2,100.0,CHAINTRUTH
2025-10-01,SUP-037,Supplier 037,South Korea,APAC,0.7,PLT-09,Hanoi Assembly,Vietnam,APAC,Government,Australia,OTIF_ERP,ERP Definition,Finance,1,1,0.0,0.0,100.0,100.0,0.0,1,100.0,CHAINTRUTH
2025-10-01,SUP-037,Supplier 037,South Korea,APAC,0.7,PLT-06,Sao Paulo Ops,Brazil,LATAM,SMB,Japan,OTIF_ERP,ERP Definition,Finance,1,1,0.0,0.0,0.0,100.0,0.0,1,100.0,CHAINTRUTH
2025-10-01,SUP-037,Supplier 037,South Korea,APAC,0.7,PLT-03,Tokyo Precision,Japan,APAC,SMB,Germany,OTIF_ERP,ERP Definition,Finance,1,1,0.0,0.0,100.0,100.0,100.0,1,100.0,CHAINTRUTH
2025-10-01,SUP-037,Supplier 037,South Korea,APAC,0.7,PLT-04,Chennai Forge,India,APAC,Enterprise,France,OTIF_ERP,ERP Definition,Finance,1,1,0.0,0.0,0.0,100.0,100.0,1,100.0,CHAINTRUTH
2025-10-01,SUP-038,Supplier 038,Taiwan,APAC,0.95,PLT-08,Taipei Micro,Taiwan,APAC,Enterprise,USA,OTIF_ERP,ERP Definition,Finance,1,1,0.0,0.0,0.0,100.0,100.0,1,100.0,CHAINTRUTH
2025-10-01,SUP-038,Supplier 038,Taiwan,APAC,0.95,PLT-07,Seoul Tech,South Korea,APAC,Government,Singapore,OTIF_ERP,ERP Definition,Finance,1,1,100.0,100.0,100.0,100.0,100.0,0,0.0,CHAINTRUTH
2025-10-01,SUP-038,Supplier 038,Taiwan,APAC,0.95,PLT-01,Munich Center,Germany,EMEA,SMB,Germany,OTIF_ERP,ERP Definition,Finance,1,2,50.0,100.0,100.0,100.0,50.0,0,0.0,CHAINTRUTH
2025-10-01,SUP-038,Supplier 038,Taiwan,APAC,0.95,PLT-06,Sao Paulo Ops,Brazil,LATAM,Government,Germany,OTIF_ERP,ERP Definition,Finance,1,2,0.0,0.0,50.0,100.0,50.0,2,100.0,CHAINTRUTH
2025-10-01,SUP-038,Supplier 038,Taiwan,APAC,0.95,PLT-03,Tokyo Precision,Japan,APAC,Government,Australia,OTIF_ERP,ERP Definition,Finance,1,1,0.0,0.0,100.0,100.0,100.0,1,100.0,CHAINTRUTH
2025-10-01,SUP-038,Supplier 038,Taiwan,APAC,0.95,PLT-03,Tokyo Precision,Japan,APAC,Government,USA,OTIF_ERP,ERP Definition,Finance,1,1,0.0,0.0,100.0,100.0,100.0,1,100.0,CHAINTRUTH
2025-10-01,SUP-038,Supplier 038,Taiwan,APAC,0.95,PLT-04,Chennai Forge,India,APAC,Enterprise,Singapore,OTIF_ERP,ERP Definition,Finance,1,1,0.0,0.0,0.0,100.0,100.0,1,100.0,CHAINTRUTH
2025-10-01,SUP-038,Supplier 038,Taiwan,APAC,0.95,PLT-04,Chennai Forge,India,APAC,Enterprise,France,OTIF_ERP,ERP Definition,Finance,1,1,0.0,0.0,0.0,100.0,100.0,1,100.0,CHAINTRUTH
2025-10-01,SUP-038,Supplier 038,Taiwan,APAC,0.95,PLT-08,Taipei Micro,Taiwan,APAC,SMB,Germany,OTIF_ERP,ERP Definition,Finance,1,1,0.0,0.0,0.0,100.0,100.0,1,100.0,CHAINTRUTH
2025-10-01,SUP-038,Supplier 038,Taiwan,APAC,0.95,PLT-05,Monterrey Plant,Mexico,LATAM,SMB,Japan,OTIF_ERP,ERP Definition,Finance,1,1,0.0,0.0,100.0,100.0,100.0,1,100.0,CHAINTRUTH
2025-10-01,SUP-038,Supplier 038,Taiwan,APAC,0.95,PLT-04,Chennai Forge,India,APAC,SMB,Japan,OTIF_ERP,ERP Definition,Finance,1,1,100.0,100.0,100.0,100.0,100.0,0,0.0,CHAINTRUTH
2025-10-01,SUP-039,Supplier 039,Vietnam,APAC,0.68,PLT-06,Sao Paulo Ops,Brazil,LATAM,Enterprise,Japan,OTIF_ERP,ERP Definition,Finance,1,2,0.0,0.0,0.0,100.0,50.0,2,100.0,CHAINTRUTH
2025-10-01,SUP-039,Supplier 039,Vietnam,APAC,0.68,PLT-01,Munich Center,Germany,EMEA,SMB,France,OTIF_ERP,ERP Definition,Finance,1,1,0.0,0.0,100.0,100.0,100.0,1,100.0,CHAINTRUTH
2025-10-01,SUP-039,Supplier 039,Vietnam,APAC,0.68,PLT-06,Sao Paulo Ops,Brazil,LATAM,SMB,UK,OTIF_ERP,ERP Definition,Finance,1,2,0.0,0.0,100.0,100.0,50.0,2,100.0,CHAINTRUTH
2025-10-01,SUP-039,Supplier 039,Vietnam,APAC,0.68,PLT-03,Tokyo Precision,Japan,APAC,SMB,UK,OTIF_ERP,ERP Definition,Finance,2,3,0.0,0.0,66.67,100.0,33.33,3,100.0,CHAINTRUTH
2025-10-01,SUP-039,Supplier 039,Vietnam,APAC,0.68,PLT-05,Monterrey Plant,Mexico,LATAM,SMB,Australia,OTIF_ERP,ERP Definition,Finance,1,1,0.0,0.0,0.0,100.0,100.0,1,100.0,CHAINTRUTH
2025-10-01,SUP-039,Supplier 039,Vietnam,APAC,0.68,PLT-06,Sao Paulo Ops,Brazil,LATAM,Enterprise,France,OTIF_ERP,ERP Definition,Finance,1,1,0.0,0.0,0.0,100.0,100.0,1,100.0,CHAINTRUTH
2025-10-01,SUP-039,Supplier 039,Vietnam,APAC,0.68,PLT-00,Shanghai Hub,China,APAC,Enterprise,Canada,OTIF_ERP,ERP Definition,Finance,1,1,0.0,0.0,0.0,100.0,0.0,1,100.0,CHAINTRUTH
2025-10-01,SUP-039,Supplier 039,Vietnam,APAC,0.68,PLT-00,Shanghai Hub,China,APAC,Government,Singapore,OTIF_ERP,ERP Definition,Finance,1,1,0.0,0.0,0.0,100.0,100.0,1,100.0,CHAINTRUTH
2025-10-01,SUP-039,Supplier 039,Vietnam,APAC,0.68,PLT-03,Tokyo Precision,Japan,APAC,SMB,Germany,OTIF_ERP,ERP Definition,Finance,1,1,0.0,0.0,0.0,100.0,100.0,1,100.0,CHAINTRUTH
2025-10-01,SUP-039,Supplier 039,Vietnam,APAC,0.68,PLT-05,Monterrey Plant,Mexico,LATAM,SMB,Germany,OTIF_ERP,ERP Definition,Finance,1,1,0.0,0.0,100.0,100.0,100.0,1,100.0,CHAINTRUTH
2025-10-01,SUP-039,Supplier 039,Vietnam,APAC,0.68,PLT-01,Munich Center,Germany,EMEA,SMB,Canada,OTIF_ERP,ERP Definition,Finance,1,1,0.0,0.0,0.0,100.0,100.0,1,100.0,CHAINTRUTH
2025-10-01,SUP-040,Supplier 040,China,APAC,0.96,PLT-00,Shanghai Hub,China,APAC,SMB,Canada,OTIF_ERP,ERP Definition,Finance,1,1,0.0,0.0,0.0,100.0,100.0,1,100.0,CHAINTRUTH
2025-10-01,SUP-040,Supplier 040,China,APAC,0.96,PLT-07,Seoul Tech,South Korea,APAC,Government,France,OTIF_ERP,ERP Definition,Finance,1,1,0.0,0.0,100.0,100.0,0.0,1,100.0,CHAINTRUTH
2025-10-01,SUP-040,Supplier 040,China,APAC,0.96,PLT-01,Munich Center,Germany,EMEA,SMB,Germany,OTIF_ERP,ERP Definition,Finance,1,1,100.0,100.0,100.0,100.0,100.0,0,0.0,CHAINTRUTH
2025-10-01,SUP-040,Supplier 040,China,APAC,0.96,PLT-03,Tokyo Precision,Japan,APAC,Enterprise,Japan,OTIF_ERP,ERP Definition,Finance,1,1,0.0,0.0,0.0,100.0,100.0,1,100.0,CHAINTRUTH
2025-10-01,SUP-040,Supplier 040,China,APAC,0.96,PLT-02,Detroit Works,USA,NA,SMB,France,OTIF_ERP,ERP Definition,Finance,1,1,100.0,100.0,100.0,100.0,100.0,0,0.0,CHAINTRUTH
2025-10-01,SUP-040,Supplier 040,China,APAC,0.96,PLT-06,Sao Paulo Ops,Brazil,LATAM,Enterprise,Canada,OTIF_ERP,ERP Definition,Finance,1,1,100.0,100.0,0.0,100.0,100.0,1,100.0,CHAINTRUTH
2025-10-01,SUP-040,Supplier 040,China,APAC,0.96,PLT-07,Seoul Tech,South Korea,APAC,SMB,UK,OTIF_ERP,ERP Definition,Finance,1,1,0.0,0.0,100.0,100.0,100.0,1,100.0,CHAINTRUTH
2025-10-01,SUP-041,Supplier 041,Germany,EMEA,0.64,PLT-07,Seoul Tech,South Korea,APAC,SMB,Canada,OTIF_ERP,ERP Definition,Finance,1,2,0.0,0.0,50.0,100.0,50.0,2,100.0,CHAINTRUTH
2025-10-01,SUP-041,Supplier 041,Germany,EMEA,0.64,PLT-00,Shanghai Hub,China,APAC,Enterprise,USA,OTIF_ERP,ERP Definition,Finance,1,1,0.0,0.0,0.0,100.0,0.0,1,100.0,CHAINTRUTH
2025-10-01,SUP-041,Supplier 041,Germany,EMEA,0.64,PLT-05,Monterrey Plant,Mexico,LATAM,SMB,Canada,OTIF_ERP,ERP Definition,Finance,1,1,0.0,0.0,0.0,100.0,100.0,1,100.0,CHAINTRUTH
2025-10-01,SUP-041,Supplier 041,Germany,EMEA,0.64,PLT-03,Tokyo Precision,Japan,APAC,Government,USA,OTIF_ERP,ERP Definition,Finance,1,1,0.0,0.0,0.0,100.0,100.0,1,100.0,CHAINTRUTH
2025-10-01,SUP-041,Supplier 041,Germany,EMEA,0.64,PLT-04,Chennai Forge,India,APAC,Government,UK,OTIF_ERP,ERP Definition,Finance,1,1,0.0,0.0,0.0,100.0,100.0,1,100.0,CHAINTRUTH
2025-10-01,SUP-041,Supplier 041,Germany,EMEA,0.64,PLT-03,Tokyo Precision,Japan,APAC,Government,UK,OTIF_ERP,ERP Definition,Finance,1,1,0.0,0.0,100.0,100.0,100.0,1,100.0,CHAINTRUTH
2025-10-01,SUP-042,Supplier 042,USA,NA,0.91,PLT-05,Monterrey Plant,Mexico,LATAM,SMB,Australia,OTIF_ERP,ERP Definition,Finance,1,1,0.0,0.0,0.0,100.0,0.0,1,100.0,CHAINTRUTH
2025-10-01,SUP-043,Supplier 043,Japan,APAC,0.98,PLT-06,Sao Paulo Ops,Brazil,LATAM,SMB,France,OTIF_ERP,ERP Definition,Finance,1,1,0.0,0.0,0.0,100.0,0.0,1,100.0,CHAINTRUTH
2025-10-01,SUP-043,Supplier 043,Japan,APAC,0.98,PLT-03,Tokyo Precision,Japan,APAC,Government,USA,OTIF_ERP,ERP Definition,Finance,1,1,0.0,0.0,0.0,100.0,0.0,1,100.0,CHAINTRUTH
2025-10-01,SUP-043,Supplier 043,Japan,APAC,0.98,PLT-05,Monterrey Plant,Mexico,LATAM,Enterprise,Japan,OTIF_ERP,ERP Definition,Finance,1,1,0.0,0.0,0.0,100.0,0.0,1,100.0,CHAINTRUTH
2025-10-01,SUP-043,Supplier 043,Japan,APAC,0.98,PLT-05,Monterrey Plant,Mexico,LATAM,SMB,Germany,OTIF_ERP,ERP Definition,Finance,1,2,0.0,0.0,100.0,100.0,50.0,2,100.0,CHAINTRUTH
2025-10-01,SUP-043,Supplier 043,Japan,APAC,0.98,PLT-01,Munich Center,Germany,EMEA,SMB,Germany,OTIF_ERP,ERP Definition,Finance,1,1,0.0,0.0,0.0,100.0,100.0,1,100.0,CHAINTRUTH
2025-10-01,SUP-043,Supplier 043,Japan,APAC,0.98,PLT-08,Taipei Micro,Taiwan,APAC,SMB,UK,OTIF_ERP,ERP Definition,Finance,1,1,0.0,0.0,100.0,100.0,100.0,1,100.0,CHAINTRUTH
2025-10-01,SUP-043,Supplier 043,Japan,APAC,0.98,PLT-04,Chennai Forge,India,APAC,SMB,Canada,OTIF_ERP,ERP Definition,Finance,1,1,0.0,0.0,100.0,100.0,100.0,1,100.0,CHAINTRUTH
2025-10-01,SUP-043,Supplier 043,Japan,APAC,0.98,PLT-02,Detroit Works,USA,NA,Government,Germany,OTIF_ERP,ERP Definition,Finance,1,1,0.0,0.0,100.0,100.0,100.0,1,100.0,CHAINTRUTH
2025-10-01,SUP-043,Supplier 043,Japan,APAC,0.98,PLT-02,Detroit Works,USA,NA,SMB,Australia,OTIF_ERP,ERP Definition,Finance,1,1,0.0,0.0,100.0,100.0,100.0,1,100.0,CHAINTRUTH
2025-10-01,SUP-043,Supplier 043,Japan,APAC,0.98,PLT-08,Taipei Micro,Taiwan,APAC,Government,France,OTIF_ERP,ERP Definition,Finance,1,1,0.0,0.0,100.0,100.0,100.0,1,100.0,CHAINTRUTH
2025-10-01,SUP-043,Supplier 043,Japan,APAC,0.98,PLT-00,Shanghai Hub,China,APAC,Enterprise,France,OTIF_ERP,ERP Definition,Finance,1,2,0.0,0.0,50.0,100.0,0.0,2,100.0,CHAINTRUTH
2025-10-01,SUP-043,Supplier 043,Japan,APAC,0.98,PLT-00,Shanghai Hub,China,APAC,SMB,Singapore,OTIF_ERP,ERP Definition,Finance,1,1,0.0,0.0,0.0,100.0,100.0,1,100.0,CHAINTRUTH
2025-10-01,SUP-043,Supplier 043,Japan,APAC,0.98,PLT-06,Sao Paulo Ops,Brazil,LATAM,Enterprise,USA,OTIF_ERP,ERP Definition,Finance,1,1,0.0,0.0,0.0,100.0,100.0,1,100.0,CHAINTRUTH
2025-10-01,SUP-044,Supplier 044,India,APAC,0.55,PLT-02,Detroit Works,USA,NA,SMB,Germany,OTIF_ERP,ERP Definition,Finance,1,2,0.0,0.0,50.0,100.0,50.0,2,100.0,CHAINTRUTH
2025-10-01,SUP-044,Supplier 044,India,APAC,0.55,PLT-00,Shanghai Hub,China,APAC,Enterprise,Australia,OTIF_ERP,ERP Definition,Finance,1,2,0.0,0.0,0.0,100.0,50.0,2,100.0,CHAINTRUTH
2025-10-01,SUP-044,Supplier 044,India,APAC,0.55,PLT-06,Sao Paulo Ops,Brazil,LATAM,SMB,UK,OTIF_ERP,ERP Definition,Finance,1,1,0.0,0.0,0.0,100.0,100.0,1,100.0,CHAINTRUTH
2025-10-01,SUP-044,Supplier 044,India,APAC,0.55,PLT-06,Sao Paulo Ops,Brazil,LATAM,SMB,Singapore,OTIF_ERP,ERP Definition,Finance,1,2,0.0,0.0,100.0,100.0,0.0,2,100.0,CHAINTRUTH
2025-10-01,SUP-044,Supplier 044,India,APAC,0.55,PLT-09,Hanoi Assembly,Vietnam,APAC,SMB,USA,OTIF_ERP,ERP Definition,Finance,1,1,0.0,0.0,100.0,100.0,100.0,1,100.0,CHAINTRUTH
2025-10-01,SUP-044,Supplier 044,India,APAC,0.55,PLT-06,Sao Paulo Ops,Brazil,LATAM,Enterprise,Japan,OTIF_ERP,ERP Definition,Finance,1,1,0.0,0.0,0.0,100.0,100.0,1,100.0,CHAINTRUTH
2025-10-01,SUP-045,Supplier 045,Mexico,LATAM,0.92,PLT-03,Tokyo Precision,Japan,APAC,Enterprise,Canada,OTIF_ERP,ERP Definition,Finance,1,1,0.0,0.0,0.0,100.0,100.0,1,100.0,CHAINTRUTH
2025-10-01,SUP-045,Supplier 045,Mexico,LATAM,0.92,PLT-08,Taipei Micro,Taiwan,APAC,SMB,UK,OTIF_ERP,ERP Definition,Finance,1,1,0.0,0.0,100.0,100.0,100.0,1,100.0,CHAINTRUTH
2025-10-01,SUP-045,Supplier 045,Mexico,LATAM,0.92,PLT-02,Detroit Works,USA,NA,Government,Singapore,OTIF_ERP,ERP Definition,Finance,1,1,0.0,100.0,100.0,100.0,0.0,0,0.0,CHAINTRUTH
2025-10-01,SUP-045,Supplier 045,Mexico,LATAM,0.92,PLT-00,Shanghai Hub,China,APAC,Enterprise,Germany,OTIF_ERP,ERP Definition,Finance,1,1,0.0,0.0,0.0,100.0,100.0,1,100.0,CHAINTRUTH
2025-10-01,SUP-045,Supplier 045,Mexico,LATAM,0.92,PLT-05,Monterrey Plant,Mexico,LATAM,SMB,UK,OTIF_ERP,ERP Definition,Finance,2,2,50.0,50.0,50.0,100.0,50.0,1,50.0,CHAINTRUTH
2025-10-01,SUP-045,Supplier 045,Mexico,LATAM,0.92,PLT-03,Tokyo Precision,Japan,APAC,Enterprise,Germany,OTIF_ERP,ERP Definition,Finance,1,1,0.0,0.0,0.0,100.0,100.0,1,100.0,CHAINTRUTH
2025-10-01,SUP-045,Supplier 045,Mexico,LATAM,0.92,PLT-04,Chennai Forge,India,APAC,SMB,Singapore,OTIF_ERP,ERP Definition,Finance,1,1,0.0,0.0,0.0,100.0,0.0,1,100.0,CHAINTRUTH
2025-10-01,SUP-045,Supplier 045,Mexico,LATAM,0.92,PLT-05,Monterrey Plant,Mexico,LATAM,Enterprise,France,OTIF_ERP,ERP Definition,Finance,1,1,0.0,0.0,0.0,100.0,100.0,1,100.0,CHAINTRUTH
2025-10-01,SUP-045,Supplier 045,Mexico,LATAM,0.92,PLT-03,Tokyo Precision,Japan,APAC,SMB,Australia,OTIF_ERP,ERP Definition,Finance,1,1,0.0,0.0,100.0,100.0,100.0,1,100.0,CHAINTRUTH
2025-10-01,SUP-046,Supplier 046,Brazil,LATAM,0.96,PLT-03,Tokyo Precision,Japan,APAC,SMB,Singapore,OTIF_ERP,ERP Definition,Finance,1,1,0.0,100.0,100.0,100.0,0.0,0,0.0,CHAINTRUTH
2025-10-01,SUP-046,Supplier 046,Brazil,LATAM,0.96,PLT-08,Taipei Micro,Taiwan,APAC,Enterprise,Japan,OTIF_ERP,ERP Definition,Finance,1,1,0.0,0.0,0.0,100.0,100.0,1,100.0,CHAINTRUTH
2025-10-01,SUP-046,Supplier 046,Brazil,LATAM,0.96,PLT-02,Detroit Works,USA,NA,SMB,Singapore,OTIF_ERP,ERP Definition,Finance,1,2,0.0,50.0,0.0,100.0,0.0,2,100.0,CHAINTRUTH
2025-10-01,SUP-046,Supplier 046,Brazil,LATAM,0.96,PLT-08,Taipei Micro,Taiwan,APAC,SMB,Germany,OTIF_ERP,ERP Definition,Finance,1,2,0.0,0.0,0.0,100.0,50.0,2,100.0,CHAINTRUTH
2025-10-01,SUP-046,Supplier 046,Brazil,LATAM,0.96,PLT-01,Munich Center,Germany,EMEA,Enterprise,Canada,OTIF_ERP,ERP Definition,Finance,1,1,100.0,100.0,0.0,100.0,100.0,1,100.0,CHAINTRUTH
2025-10-01,SUP-046,Supplier 046,Brazil,LATAM,0.96,PLT-00,Shanghai Hub,China,APAC,SMB,Australia,OTIF_ERP,ERP Definition,Finance,1,1,0.0,0.0,0.0,100.0,0.0,1,100.0,CHAINTRUTH
2025-10-01,SUP-047,Supplier 047,South Korea,APAC,0.59,PLT-07,Seoul Tech,South Korea,APAC,Enterprise,USA,OTIF_ERP,ERP Definition,Finance,1,2,0.0,0.0,0.0,100.0,50.0,2,100.0,CHAINTRUTH
2025-10-01,SUP-047,Supplier 047,South Korea,APAC,0.59,PLT-09,Hanoi Assembly,Vietnam,APAC,Government,Singapore,OTIF_ERP,ERP Definition,Finance,2,2,0.0,0.0,100.0,100.0,50.0,2,100.0,CHAINTRUTH
2025-10-01,SUP-047,Supplier 047,South Korea,APAC,0.59,PLT-05,Monterrey Plant,Mexico,LATAM,SMB,Germany,OTIF_ERP,ERP Definition,Finance,1,1,0.0,0.0,0.0,100.0,0.0,1,100.0,CHAINTRUTH
2025-10-01,SUP-047,Supplier 047,South Korea,APAC,0.59,PLT-09,Hanoi Assembly,Vietnam,APAC,SMB,Australia,OTIF_ERP,ERP Definition,Finance,2,2,0.0,0.0,100.0,100.0,50.0,2,100.0,CHAINTRUTH
2025-10-01,SUP-047,Supplier 047,South Korea,APAC,0.59,PLT-06,Sao Paulo Ops,Brazil,LATAM,Enterprise,Japan,OTIF_ERP,ERP Definition,Finance,1,2,0.0,0.0,50.0,100.0,50.0,2,100.0,CHAINTRUTH
2025-10-01,SUP-047,Supplier 047,South Korea,APAC,0.59,PLT-08,Taipei Micro,Taiwan,APAC,Government,Singapore,OTIF_ERP,ERP Definition,Finance,1,1,0.0,0.0,0.0,100.0,100.0,1,100.0,CHAINTRUTH
2025-10-01,SUP-048,Supplier 048,Taiwan,APAC,0.54,PLT-09,Hanoi Assembly,Vietnam,APAC,Government,Australia,OTIF_ERP,ERP Definition,Finance,1,1,0.0,0.0,100.0,100.0,100.0,1,100.0,CHAINTRUTH
2025-10-01,SUP-048,Supplier 048,Taiwan,APAC,0.54,PLT-07,Seoul Tech,South Korea,APAC,SMB,USA,OTIF_ERP,ERP Definition,Finance,1,1,0.0,0.0,0.0,100.0,0.0,1,100.0,CHAINTRUTH
2025-10-01,SUP-048,Supplier 048,Taiwan,APAC,0.54,PLT-06,Sao Paulo Ops,Brazil,LATAM,SMB,Germany,OTIF_ERP,ERP Definition,Finance,1,2,0.0,0.0,0.0,100.0,50.0,2,100.0,CHAINTRUTH
2025-10-01,SUP-048,Supplier 048,Taiwan,APAC,0.54,PLT-01,Munich Center,Germany,EMEA,Enterprise,Germany,OTIF_ERP,ERP Definition,Finance,1,1,0.0,100.0,100.0,100.0,0.0,0,0.0,CHAINTRUTH
2025-10-01,SUP-048,Supplier 048,Taiwan,APAC,0.54,PLT-05,Monterrey Plant,Mexico,LATAM,SMB,Australia,OTIF_ERP,ERP Definition,Finance,1,2,0.0,0.0,50.0,100.0,50.0,2,100.0,CHAINTRUTH
2025-10-01,SUP-049,Supplier 049,Vietnam,APAC,0.75,PLT-09,Hanoi Assembly,Vietnam,APAC,Enterprise,USA,OTIF_ERP,ERP Definition,Finance,1,1,0.0,0.0,0.0,100.0,100.0,1,100.0,CHAINTRUTH
2025-10-01,SUP-049,Supplier 049,Vietnam,APAC,0.75,PLT-08,Taipei Micro,Taiwan,APAC,Government,France,OTIF_ERP,ERP Definition,Finance,1,1,0.0,0.0,0.0,100.0,100.0,1,100.0,CHAINTRUTH
2025-10-01,SUP-049,Supplier 049,Vietnam,APAC,0.75,PLT-08,Taipei Micro,Taiwan,APAC,SMB,Canada,OTIF_ERP,ERP Definition,Finance,1,1,0.0,0.0,0.0,100.0,100.0,1,100.0,CHAINTRUTH
2025-10-01,SUP-049,Supplier 049,Vietnam,APAC,0.75,PLT-02,Detroit Works,USA,NA,SMB,France,OTIF_ERP,ERP Definition,Finance,1,1,100.0,100.0,0.0,100.0,100.0,1,100.0,CHAINTRUTH
2025-11-01,SUP-000,Supplier 000,China,APAC,0.85,PLT-01,Munich Center,Germany,EMEA,Government,UK,OTIF_ERP,ERP Definition,Finance,1,2,0.0,0.0,50.0,100.0,50.0,2,100.0,CHAINTRUTH
2025-11-01,SUP-000,Supplier 000,China,APAC,0.85,PLT-08,Taipei Micro,Taiwan,APAC,SMB,Australia,OTIF_ERP,ERP Definition,Finance,1,1,0.0,0.0,100.0,100.0,100.0,1,100.0,CHAINTRUTH
2025-11-01,SUP-000,Supplier 000,China,APAC,0.85,PLT-04,Chennai Forge,India,APAC,SMB,France,OTIF_ERP,ERP Definition,Finance,1,1,0.0,0.0,0.0,100.0,100.0,1,100.0,CHAINTRUTH
2025-11-01,SUP-000,Supplier 000,China,APAC,0.85,PLT-00,Shanghai Hub,China,APAC,SMB,France,OTIF_ERP,ERP Definition,Finance,1,1,0.0,0.0,0.0,100.0,0.0,1,100.0,CHAINTRUTH
2025-11-01,SUP-000,Supplier 000,China,APAC,0.85,PLT-05,Monterrey Plant,Mexico,LATAM,Enterprise,Japan,OTIF_ERP,ERP Definition,Finance,1,1,0.0,0.0,100.0,100.0,0.0,1,100.0,CHAINTRUTH
2025-11-01,SUP-000,Supplier 000,China,APAC,0.85,PLT-08,Taipei Micro,Taiwan,APAC,SMB,Singapore,OTIF_ERP,ERP Definition,Finance,1,1,0.0,0.0,100.0,100.0,100.0,1,100.0,CHAINTRUTH
2025-11-01,SUP-000,Supplier 000,China,APAC,0.85,PLT-02,Detroit Works,USA,NA,SMB,Australia,OTIF_ERP,ERP Definition,Finance,1,1,0.0,0.0,100.0,100.0,100.0,1,100.0,CHAINTRUTH
2025-11-01,SUP-000,Supplier 000,China,APAC,0.85,PLT-05,Monterrey Plant,Mexico,LATAM,SMB,France,OTIF_ERP,ERP Definition,Finance,1,2,0.0,0.0,100.0,100.0,0.0,2,100.0,CHAINTRUTH
2025-11-01,SUP-000,Supplier 000,China,APAC,0.85,PLT-08,Taipei Micro,Taiwan,APAC,SMB,Canada,OTIF_ERP,ERP Definition,Finance,1,2,0.0,0.0,100.0,100.0,50.0,2,100.0,CHAINTRUTH
2025-11-01,SUP-000,Supplier 000,China,APAC,0.85,PLT-09,Hanoi Assembly,Vietnam,APAC,SMB,Australia,OTIF_ERP,ERP Definition,Finance,1,1,0.0,0.0,0.0,100.0,0.0,1,100.0,CHAINTRUTH
2025-11-01,SUP-001,Supplier 001,Germany,EMEA,0.7,PLT-09,Hanoi Assembly,Vietnam,APAC,SMB,France,OTIF_ERP,ERP Definition,Finance,1,1,0.0,0.0,100.0,100.0,100.0,1,100.0,CHAINTRUTH
2025-11-01,SUP-001,Supplier 001,Germany,EMEA,0.7,PLT-00,Shanghai Hub,China,APAC,Enterprise,Germany,OTIF_ERP,ERP Definition,Finance,1,1,0.0,0.0,100.0,100.0,100.0,1,100.0,CHAINTRUTH
2025-11-01,SUP-001,Supplier 001,Germany,EMEA,0.7,PLT-03,Tokyo Precision,Japan,APAC,SMB,Germany,OTIF_ERP,ERP Definition,Finance,1,1,0.0,0.0,0.0,100.0,0.0,1,100.0,CHAINTRUTH
2025-11-01,SUP-001,Supplier 001,Germany,EMEA,0.7,PLT-00,Shanghai Hub,China,APAC,Enterprise,Canada,OTIF_ERP,ERP Definition,Finance,1,1,0.0,0.0,0.0,100.0,100.0,1,100.0,CHAINTRUTH
2025-11-01,SUP-001,Supplier 001,Germany,EMEA,0.7,PLT-00,Shanghai Hub,China,APAC,SMB,UK,OTIF_ERP,ERP Definition,Finance,1,1,0.0,0.0,100.0,100.0,0.0,1,100.0,CHAINTRUTH
2025-11-01,SUP-001,Supplier 001,Germany,EMEA,0.7,PLT-00,Shanghai Hub,China,APAC,Enterprise,Singapore,OTIF_ERP,ERP Definition,Finance,1,1,0.0,0.0,100.0,100.0,0.0,1,100.0,CHAINTRUTH
2025-11-01,SUP-001,Supplier 001,Germany,EMEA,0.7,PLT-07,Seoul Tech,South Korea,APAC,SMB,France,OTIF_ERP,ERP Definition,Finance,1,1,0.0,0.0,100.0,100.0,0.0,1,100.0,CHAINTRUTH
2025-11-01,SUP-002,Supplier 002,USA,NA,0.74,PLT-02,Detroit Works,USA,NA,Government,Japan,OTIF_ERP,ERP Definition,Finance,1,1,0.0,100.0,100.0,100.0,0.0,0,0.0,CHAINTRUTH
2025-11-01,SUP-002,Supplier 002,USA,NA,0.74,PLT-02,Detroit Works,USA,NA,Enterprise,Germany,OTIF_ERP,ERP Definition,Finance,1,1,0.0,0.0,100.0,100.0,100.0,1,100.0,CHAINTRUTH
2025-11-01,SUP-002,Supplier 002,USA,NA,0.74,PLT-06,Sao Paulo Ops,Brazil,LATAM,SMB,Singapore,OTIF_ERP,ERP Definition,Finance,1,1,0.0,0.0,100.0,100.0,100.0,1,100.0,CHAINTRUTH
2025-11-01,SUP-002,Supplier 002,USA,NA,0.74,PLT-06,Sao Paulo Ops,Brazil,LATAM,Enterprise,USA,OTIF_ERP,ERP Definition,Finance,1,1,0.0,0.0,0.0,100.0,100.0,1,100.0,CHAINTRUTH
2025-11-01,SUP-002,Supplier 002,USA,NA,0.74,PLT-09,Hanoi Assembly,Vietnam,APAC,SMB,UK,OTIF_ERP,ERP Definition,Finance,1,1,0.0,0.0,100.0,100.0,100.0,1,100.0,CHAINTRUTH
2025-11-01,SUP-002,Supplier 002,USA,NA,0.74,PLT-09,Hanoi Assembly,Vietnam,APAC,SMB,Canada,OTIF_ERP,ERP Definition,Finance,1,1,0.0,0.0,100.0,100.0,100.0,1,100.0,CHAINTRUTH
2025-11-01,SUP-003,Supplier 003,Japan,APAC,0.64,PLT-08,Taipei Micro,Taiwan,APAC,SMB,Singapore,OTIF_ERP,ERP Definition,Finance,1,1,0.0,0.0,100.0,100.0,100.0,1,100.0,CHAINTRUTH
2025-11-01,SUP-003,Supplier 003,Japan,APAC,0.64,PLT-04,Chennai Forge,India,APAC,Enterprise,USA,OTIF_ERP,ERP Definition,Finance,1,1,100.0,100.0,100.0,100.0,100.0,0,0.0,CHAINTRUTH
2025-11-01,SUP-003,Supplier 003,Japan,APAC,0.64,PLT-02,Detroit Works,USA,NA,Government,Singapore,OTIF_ERP,ERP Definition,Finance,1,2,0.0,0.0,0.0,100.0,50.0,2,100.0,CHAINTRUTH
2025-11-01,SUP-003,Supplier 003,Japan,APAC,0.64,PLT-07,Seoul Tech,South Korea,APAC,Government,Germany,OTIF_ERP,ERP Definition,Finance,1,1,0.0,0.0,0.0,100.0,100.0,1,100.0,CHAINTRUTH
2025-11-01,SUP-003,Supplier 003,Japan,APAC,0.64,PLT-09,Hanoi Assembly,Vietnam,APAC,Enterprise,France,OTIF_ERP,ERP Definition,Finance,1,1,0.0,0.0,0.0,100.0,100.0,1,100.0,CHAINTRUTH
2025-11-01,SUP-004,Supplier 004,India,APAC,0.69,PLT-08,Taipei Micro,Taiwan,APAC,SMB,Germany,OTIF_ERP,ERP Definition,Finance,1,1,0.0,0.0,100.0,100.0,100.0,1,100.0,CHAINTRUTH
2025-11-01,SUP-004,Supplier 004,India,APAC,0.69,PLT-03,Tokyo Precision,Japan,APAC,Government,Germany,OTIF_ERP,ERP Definition,Finance,1,1,0.0,0.0,0.0,100.0,100.0,1,100.0,CHAINTRUTH
2025-11-01,SUP-004,Supplier 004,India,APAC,0.69,PLT-01,Munich Center,Germany,EMEA,Government,USA,OTIF_ERP,ERP Definition,Finance,1,2,50.0,50.0,50.0,100.0,50.0,2,100.0,CHAINTRUTH
2025-11-01,SUP-004,Supplier 004,India,APAC,0.69,PLT-08,Taipei Micro,Taiwan,APAC,SMB,France,OTIF_ERP,ERP Definition,Finance,1,1,0.0,0.0,0.0,100.0,100.0,1,100.0,CHAINTRUTH
2025-11-01,SUP-005,Supplier 005,Mexico,LATAM,0.77,PLT-09,Hanoi Assembly,Vietnam,APAC,SMB,France,OTIF_ERP,ERP Definition,Finance,1,1,0.0,0.0,0.0,100.0,100.0,1,100.0,CHAINTRUTH
2025-11-01,SUP-005,Supplier 005,Mexico,LATAM,0.77,PLT-04,Chennai Forge,India,APAC,SMB,Singapore,OTIF_ERP,ERP Definition,Finance,1,1,0.0,0.0,0.0,100.0,0.0,1,100.0,CHAINTRUTH
2025-11-01,SUP-005,Supplier 005,Mexico,LATAM,0.77,PLT-02,Detroit Works,USA,NA,SMB,Australia,OTIF_ERP,ERP Definition,Finance,1,1,0.0,0.0,0.0,100.0,0.0,1,100.0,CHAINTRUTH
2025-11-01,SUP-005,Supplier 005,Mexico,LATAM,0.77,PLT-03,Tokyo Precision,Japan,APAC,SMB,UK,OTIF_ERP,ERP Definition,Finance,1,1,0.0,0.0,0.0,100.0,0.0,1,100.0,CHAINTRUTH
2025-11-01,SUP-005,Supplier 005,Mexico,LATAM,0.77,PLT-01,Munich Center,Germany,EMEA,SMB,UK,OTIF_ERP,ERP Definition,Finance,1,1,0.0,0.0,0.0,100.0,100.0,1,100.0,CHAINTRUTH
2025-11-01,SUP-005,Supplier 005,Mexico,LATAM,0.77,PLT-06,Sao Paulo Ops,Brazil,LATAM,Enterprise,Japan,OTIF_ERP,ERP Definition,Finance,1,1,100.0,100.0,100.0,100.0,100.0,0,0.0,CHAINTRUTH
2025-11-01,SUP-006,Supplier 006,Brazil,LATAM,0.61,PLT-02,Detroit Works,USA,NA,SMB,Germany,OTIF_ERP,ERP Definition,Finance,1,1,100.0,100.0,100.0,100.0,100.0,0,0.0,CHAINTRUTH
2025-11-01,SUP-006,Supplier 006,Brazil,LATAM,0.61,PLT-09,Hanoi Assembly,Vietnam,APAC,SMB,France,OTIF_ERP,ERP Definition,Finance,1,2,0.0,0.0,100.0,50.0,50.0,2,100.0,CHAINTRUTH
2025-11-01,SUP-006,Supplier 006,Brazil,LATAM,0.61,PLT-07,Seoul Tech,South Korea,APAC,SMB,Singapore,OTIF_ERP,ERP Definition,Finance,1,1,0.0,0.0,0.0,100.0,100.0,1,100.0,CHAINTRUTH
2025-11-01,SUP-007,Supplier 007,South Korea,APAC,0.84,PLT-08,Taipei Micro,Taiwan,APAC,SMB,Germany,OTIF_ERP,ERP Definition,Finance,1,1,0.0,0.0,100.0,100.0,100.0,1,100.0,CHAINTRUTH
2025-11-01,SUP-007,Supplier 007,South Korea,APAC,0.84,PLT-07,Seoul Tech,South Korea,APAC,SMB,UK,OTIF_ERP,ERP Definition,Finance,1,1,0.0,0.0,0.0,100.0,0.0,1,100.0,CHAINTRUTH
2025-11-01,SUP-007,Supplier 007,South Korea,APAC,0.84,PLT-01,Munich Center,Germany,EMEA,SMB,Australia,OTIF_ERP,ERP Definition,Finance,1,1,0.0,0.0,0.0,100.0,0.0,1,100.0,CHAINTRUTH
2025-11-01,SUP-007,Supplier 007,South Korea,APAC,0.84,PLT-02,Detroit Works,USA,NA,Enterprise,Australia,OTIF_ERP,ERP Definition,Finance,1,1,0.0,100.0,100.0,100.0,0.0,0,0.0,CHAINTRUTH
2025-11-01,SUP-007,Supplier 007,South Korea,APAC,0.84,PLT-08,Taipei Micro,Taiwan,APAC,SMB,UK,OTIF_ERP,ERP Definition,Finance,1,1,0.0,0.0,0.0,100.0,100.0,1,100.0,CHAINTRUTH
2025-11-01,SUP-007,Supplier 007,South Korea,APAC,0.84,PLT-09,Hanoi Assembly,Vietnam,APAC,Government,USA,OTIF_ERP,ERP Definition,Finance,1,1,0.0,0.0,100.0,100.0,100.0,1,100.0,CHAINTRUTH
2025-11-01,SUP-008,Supplier 008,Taiwan,APAC,0.73,PLT-07,Seoul Tech,South Korea,APAC,SMB,USA,OTIF_ERP,ERP Definition,Finance,1,2,0.0,0.0,50.0,100.0,50.0,2,100.0,CHAINTRUTH
2025-11-01,SUP-008,Supplier 008,Taiwan,APAC,0.73,PLT-01,Munich Center,Germany,EMEA,Government,Germany,OTIF_ERP,ERP Definition,Finance,1,1,0.0,0.0,100.0,100.0,100.0,1,100.0,CHAINTRUTH
2025-11-01,SUP-008,Supplier 008,Taiwan,APAC,0.73,PLT-07,Seoul Tech,South Korea,APAC,SMB,France,OTIF_ERP,ERP Definition,Finance,1,1,0.0,0.0,100.0,100.0,100.0,1,100.0,CHAINTRUTH
2025-11-01,SUP-009,Supplier 009,Vietnam,APAC,1.0,PLT-05,Monterrey Plant,Mexico,LATAM,SMB,Singapore,OTIF_ERP,ERP Definition,Finance,1,1,0.0,0.0,0.0,100.0,100.0,1,100.0,CHAINTRUTH
2025-11-01,SUP-009,Supplier 009,Vietnam,APAC,1.0,PLT-00,Shanghai Hub,China,APAC,SMB,Singapore,OTIF_ERP,ERP Definition,Finance,1,1,100.0,100.0,0.0,100.0,100.0,1,100.0,CHAINTRUTH
2025-11-01,SUP-009,Supplier 009,Vietnam,APAC,1.0,PLT-00,Shanghai Hub,China,APAC,Enterprise,Australia,OTIF_ERP,ERP Definition,Finance,1,1,100.0,100.0,100.0,100.0,100.0,0,0.0,CHAINTRUTH
2025-11-01,SUP-009,Supplier 009,Vietnam,APAC,1.0,PLT-08,Taipei Micro,Taiwan,APAC,SMB,Australia,OTIF_ERP,ERP Definition,Finance,1,1,0.0,0.0,0.0,100.0,100.0,1,100.0,CHAINTRUTH
2025-11-01,SUP-009,Supplier 009,Vietnam,APAC,1.0,PLT-00,Shanghai Hub,China,APAC,Enterprise,Singapore,OTIF_ERP,ERP Definition,Finance,1,1,0.0,0.0,100.0,100.0,100.0,1,100.0,CHAINTRUTH
2025-11-01,SUP-009,Supplier 009,Vietnam,APAC,1.0,PLT-03,Tokyo Precision,Japan,APAC,Enterprise,Japan,OTIF_ERP,ERP Definition,Finance,1,2,0.0,0.0,0.0,100.0,50.0,2,100.0,CHAINTRUTH
2025-11-01,SUP-010,Supplier 010,China,APAC,0.76,PLT-02,Detroit Works,USA,NA,SMB,Canada,OTIF_ERP,ERP Definition,Finance,1,1,0.0,100.0,100.0,100.0,0.0,0,0.0,CHAINTRUTH
2025-11-01,SUP-010,Supplier 010,China,APAC,0.76,PLT-03,Tokyo Precision,Japan,APAC,Government,Germany,OTIF_ERP,ERP Definition,Finance,1,2,0.0,0.0,50.0,100.0,50.0,2,100.0,CHAINTRUTH
2025-11-01,SUP-010,Supplier 010,China,APAC,0.76,PLT-03,Tokyo Precision,Japan,APAC,SMB,UK,OTIF_ERP,ERP Definition,Finance,1,1,0.0,0.0,0.0,100.0,100.0,1,100.0,CHAINTRUTH
2025-11-01,SUP-010,Supplier 010,China,APAC,0.76,PLT-06,Sao Paulo Ops,Brazil,LATAM,Government,USA,OTIF_ERP,ERP Definition,Finance,1,2,0.0,0.0,50.0,100.0,0.0,2,100.0,CHAINTRUTH
2025-11-01,SUP-011,Supplier 011,Germany,EMEA,0.53,PLT-02,Detroit Works,USA,NA,SMB,Japan,OTIF_ERP,ERP Definition,Finance,1,1,0.0,0.0,100.0,100.0,100.0,1,100.0,CHAINTRUTH
2025-11-01,SUP-011,Supplier 011,Germany,EMEA,0.53,PLT-05,Monterrey Plant,Mexico,LATAM,Enterprise,Singapore,OTIF_ERP,ERP Definition,Finance,1,1,0.0,0.0,0.0,100.0,100.0,1,100.0,CHAINTRUTH
2025-11-01,SUP-011,Supplier 011,Germany,EMEA,0.53,PLT-08,Taipei Micro,Taiwan,APAC,SMB,USA,OTIF_ERP,ERP Definition,Finance,1,1,0.0,0.0,100.0,100.0,100.0,1,100.0,CHAINTRUTH
2025-11-01,SUP-011,Supplier 011,Germany,EMEA,0.53,PLT-00,Shanghai Hub,China,APAC,Enterprise,USA,OTIF_ERP,ERP Definition,Finance,1,1,0.0,0.0,0.0,100.0,100.0,1,100.0,CHAINTRUTH
2025-11-01,SUP-011,Supplier 011,Germany,EMEA,0.53,PLT-06,Sao Paulo Ops,Brazil,LATAM,Government,USA,OTIF_ERP,ERP Definition,Finance,1,1,0.0,0.0,0.0,100.0,100.0,1,100.0,CHAINTRUTH
2025-11-01,SUP-011,Supplier 011,Germany,EMEA,0.53,PLT-04,Chennai Forge,India,APAC,SMB,UK,OTIF_ERP,ERP Definition,Finance,1,1,0.0,0.0,0.0,100.0,100.0,1,100.0,CHAINTRUTH
2025-11-01,SUP-012,Supplier 012,USA,NA,0.66,PLT-02,Detroit Works,USA,NA,Enterprise,Germany,OTIF_ERP,ERP Definition,Finance,1,2,50.0,50.0,50.0,100.0,50.0,1,50.0,CHAINTRUTH
2025-11-01,SUP-012,Supplier 012,USA,NA,0.66,PLT-05,Monterrey Plant,Mexico,LATAM,SMB,USA,OTIF_ERP,ERP Definition,Finance,1,1,0.0,0.0,0.0,100.0,100.0,1,100.0,CHAINTRUTH
2025-11-01,SUP-012,Supplier 012,USA,NA,0.66,PLT-09,Hanoi Assembly,Vietnam,APAC,SMB,Australia,OTIF_ERP,ERP Definition,Finance,1,2,0.0,0.0,0.0,100.0,0.0,2,100.0,CHAINTRUTH
2025-11-01,SUP-012,Supplier 012,USA,NA,0.66,PLT-09,Hanoi Assembly,Vietnam,APAC,Enterprise,France,OTIF_ERP,ERP Definition,Finance,1,1,0.0,0.0,0.0,100.0,100.0,1,100.0,CHAINTRUTH
2025-11-01,SUP-012,Supplier 012,USA,NA,0.66,PLT-00,Shanghai Hub,China,APAC,SMB,Germany,OTIF_ERP,ERP Definition,Finance,1,1,0.0,0.0,0.0,100.0,100.0,1,100.0,CHAINTRUTH
2025-11-01,SUP-013,Supplier 013,Japan,APAC,0.89,PLT-06,Sao Paulo Ops,Brazil,LATAM,Enterprise,Singapore,OTIF_ERP,ERP Definition,Finance,1,2,0.0,0.0,100.0,100.0,50.0,2,100.0,CHAINTRUTH
2025-11-01,SUP-013,Supplier 013,Japan,APAC,0.89,PLT-04,Chennai Forge,India,APAC,SMB,UK,OTIF_ERP,ERP Definition,Finance,1,2,50.0,50.0,50.0,100.0,50.0,1,50.0,CHAINTRUTH
2025-11-01,SUP-013,Supplier 013,Japan,APAC,0.89,PLT-00,Shanghai Hub,China,APAC,Government,Singapore,OTIF_ERP,ERP Definition,Finance,1,2,50.0,50.0,100.0,100.0,50.0,1,50.0,CHAINTRUTH
2025-11-01,SUP-014,Supplier 014,India,APAC,0.95,PLT-05,Monterrey Plant,Mexico,LATAM,Government,UK,OTIF_ERP,ERP Definition,Finance,1,1,0.0,0.0,0.0,100.0,0.0,1,100.0,CHAINTRUTH
2025-11-01,SUP-014,Supplier 014,India,APAC,0.95,PLT-00,Shanghai Hub,China,APAC,SMB,Singapore,OTIF_ERP,ERP Definition,Finance,1,1,0.0,0.0,0.0,100.0,0.0,1,100.0,CHAINTRUTH
2025-11-01,SUP-014,Supplier 014,India,APAC,0.95,PLT-03,Tokyo Precision,Japan,APAC,SMB,UK,OTIF_ERP,ERP Definition,Finance,1,1,0.0,0.0,100.0,100.0,100.0,1,100.0,CHAINTRUTH
2025-11-01,SUP-014,Supplier 014,India,APAC,0.95,PLT-08,Taipei Micro,Taiwan,APAC,Government,UK,OTIF_ERP,ERP Definition,Finance,1,2,0.0,0.0,50.0,100.0,50.0,2,100.0,CHAINTRUTH
2025-11-01,SUP-015,Supplier 015,Mexico,LATAM,0.75,PLT-08,Taipei Micro,Taiwan,APAC,SMB,Australia,OTIF_ERP,ERP Definition,Finance,1,1,0.0,0.0,0.0,100.0,100.0,1,100.0,CHAINTRUTH
2025-11-01,SUP-015,Supplier 015,Mexico,LATAM,0.75,PLT-05,Monterrey Plant,Mexico,LATAM,SMB,Australia,OTIF_ERP,ERP Definition,Finance,1,1,0.0,0.0,100.0,100.0,0.0,1,100.0,CHAINTRUTH
2025-11-01,SUP-015,Supplier 015,Mexico,LATAM,0.75,PLT-09,Hanoi Assembly,Vietnam,APAC,SMB,Canada,OTIF_ERP,ERP Definition,Finance,1,1,0.0,0.0,100.0,100.0,0.0,1,100.0,CHAINTRUTH
2025-11-01,SUP-015,Supplier 015,Mexico,LATAM,0.75,PLT-09,Hanoi Assembly,Vietnam,APAC,Enterprise,USA,OTIF_ERP,ERP Definition,Finance,1,1,0.0,0.0,0.0,100.0,100.0,1,100.0,CHAINTRUTH
2025-11-01,SUP-015,Supplier 015,Mexico,LATAM,0.75,PLT-05,Monterrey Plant,Mexico,LATAM,Enterprise,Germany,OTIF_ERP,ERP Definition,Finance,1,1,0.0,0.0,0.0,100.0,0.0,1,100.0,CHAINTRUTH
2025-11-01,SUP-015,Supplier 015,Mexico,LATAM,0.75,PLT-00,Shanghai Hub,China,APAC,Enterprise,Canada,OTIF_ERP,ERP Definition,Finance,1,1,0.0,0.0,100.0,100.0,100.0,1,100.0,CHAINTRUTH
2025-11-01,SUP-015,Supplier 015,Mexico,LATAM,0.75,PLT-00,Shanghai Hub,China,APAC,Enterprise,Australia,OTIF_ERP,ERP Definition,Finance,1,1,0.0,0.0,0.0,100.0,0.0,1,100.0,CHAINTRUTH
2025-11-01,SUP-015,Supplier 015,Mexico,LATAM,0.75,PLT-01,Munich Center,Germany,EMEA,Government,Canada,OTIF_ERP,ERP Definition,Finance,1,1,0.0,0.0,0.0,100.0,100.0,1,100.0,CHAINTRUTH
2025-11-01,SUP-015,Supplier 015,Mexico,LATAM,0.75,PLT-08,Taipei Micro,Taiwan,APAC,SMB,USA,OTIF_ERP,ERP Definition,Finance,1,2,0.0,0.0,50.0,100.0,0.0,2,100.0,CHAINTRUTH
2025-11-01,SUP-015,Supplier 015,Mexico,LATAM,0.75,PLT-05,Monterrey Plant,Mexico,LATAM,SMB,UK,OTIF_ERP,ERP Definition,Finance,1,1,0.0,0.0,100.0,100.0,100.0,1,100.0,CHAINTRUTH
2025-11-01,SUP-015,Supplier 015,Mexico,LATAM,0.75,PLT-08,Taipei Micro,Taiwan,APAC,Enterprise,UK,OTIF_ERP,ERP Definition,Finance,1,1,0.0,0.0,0.0,100.0,100.0,1,100.0,CHAINTRUTH
2025-11-01,SUP-016,Supplier 016,Brazil,LATAM,0.66,PLT-08,Taipei Micro,Taiwan,APAC,Government,USA,OTIF_ERP,ERP Definition,Finance,1,1,0.0,0.0,0.0,100.0,0.0,1,100.0,CHAINTRUTH
2025-11-01,SUP-016,Supplier 016,Brazil,LATAM,0.66,PLT-07,Seoul Tech,South Korea,APAC,SMB,France,OTIF_ERP,ERP Definition,Finance,1,1,0.0,0.0,100.0,100.0,0.0,1,100.0,CHAINTRUTH
2025-11-01,SUP-016,Supplier 016,Brazil,LATAM,0.66,PLT-09,Hanoi Assembly,Vietnam,APAC,Government,France,OTIF_ERP,ERP Definition,Finance,1,1,0.0,0.0,0.0,100.0,100.0,1,100.0,CHAINTRUTH
2025-11-01,SUP-016,Supplier 016,Brazil,LATAM,0.66,PLT-01,Munich Center,Germany,EMEA,SMB,Singapore,OTIF_ERP,ERP Definition,Finance,1,1,0.0,0.0,0.0,100.0,100.0,1,100.0,CHAINTRUTH
2025-11-01,SUP-016,Supplier 016,Brazil,LATAM,0.66,PLT-07,Seoul Tech,South Korea,APAC,SMB,USA,OTIF_ERP,ERP Definition,Finance,1,1,0.0,0.0,0.0,100.0,100.0,1,100.0,CHAINTRUTH
2025-11-01,SUP-016,Supplier 016,Brazil,LATAM,0.66,PLT-05,Monterrey Plant,Mexico,LATAM,Enterprise,Germany,OTIF_ERP,ERP Definition,Finance,1,2,0.0,0.0,0.0,100.0,50.0,2,100.0,CHAINTRUTH
2025-11-01,SUP-016,Supplier 016,Brazil,LATAM,0.66,PLT-03,Tokyo Precision,Japan,APAC,SMB,Germany,OTIF_ERP,ERP Definition,Finance,1,1,0.0,0.0,100.0,100.0,0.0,1,100.0,CHAINTRUTH
2025-11-01,SUP-016,Supplier 016,Brazil,LATAM,0.66,PLT-02,Detroit Works,USA,NA,Enterprise,Germany,OTIF_ERP,ERP Definition,Finance,1,1,0.0,0.0,0.0,100.0,100.0,1,100.0,CHAINTRUTH
2025-11-01,SUP-017,Supplier 017,South Korea,APAC,0.89,PLT-05,Monterrey Plant,Mexico,LATAM,SMB,Singapore,OTIF_ERP,ERP Definition,Finance,1,1,0.0,0.0,0.0,100.0,100.0,1,100.0,CHAINTRUTH
2025-11-01,SUP-017,Supplier 017,South Korea,APAC,0.89,PLT-09,Hanoi Assembly,Vietnam,APAC,Enterprise,Singapore,OTIF_ERP,ERP Definition,Finance,1,2,0.0,0.0,0.0,50.0,50.0,1,50.0,CHAINTRUTH
2025-11-01,SUP-017,Supplier 017,South Korea,APAC,0.89,PLT-04,Chennai Forge,India,APAC,SMB,Australia,OTIF_ERP,ERP Definition,Finance,1,2,0.0,0.0,50.0,100.0,0.0,2,100.0,CHAINTRUTH
2025-11-01,SUP-017,Supplier 017,South Korea,APAC,0.89,PLT-05,Monterrey Plant,Mexico,LATAM,SMB,Australia,OTIF_ERP,ERP Definition,Finance,1,1,100.0,100.0,100.0,100.0,100.0,0,0.0,CHAINTRUTH
2025-11-01,SUP-017,Supplier 017,South Korea,APAC,0.89,PLT-08,Taipei Micro,Taiwan,APAC,Enterprise,Singapore,OTIF_ERP,ERP Definition,Finance,1,1,0.0,0.0,0.0,100.0,100.0,1,100.0,CHAINTRUTH
2025-11-01,SUP-017,Supplier 017,South Korea,APAC,0.89,PLT-01,Munich Center,Germany,EMEA,Enterprise,Germany,OTIF_ERP,ERP Definition,Finance,1,1,0.0,100.0,100.0,100.0,0.0,0,0.0,CHAINTRUTH
2025-11-01,SUP-018,Supplier 018,Taiwan,APAC,0.75,PLT-08,Taipei Micro,Taiwan,APAC,Enterprise,Germany,OTIF_ERP,ERP Definition,Finance,1,1,0.0,0.0,0.0,100.0,100.0,1,100.0,CHAINTRUTH
2025-11-01,SUP-018,Supplier 018,Taiwan,APAC,0.75,PLT-05,Monterrey Plant,Mexico,LATAM,Government,Canada,OTIF_ERP,ERP Definition,Finance,1,1,0.0,0.0,0.0,100.0,100.0,1,100.0,CHAINTRUTH
2025-11-01,SUP-018,Supplier 018,Taiwan,APAC,0.75,PLT-04,Chennai Forge,India,APAC,SMB,Canada,OTIF_ERP,ERP Definition,Finance,1,1,0.0,0.0,0.0,100.0,100.0,1,100.0,CHAINTRUTH
2025-11-01,SUP-018,Supplier 018,Taiwan,APAC,0.75,PLT-00,Shanghai Hub,China,APAC,SMB,Singapore,OTIF_ERP,ERP Definition,Finance,1,1,0.0,0.0,100.0,100.0,0.0,1,100.0,CHAINTRUTH
2025-11-01,SUP-018,Supplier 018,Taiwan,APAC,0.75,PLT-07,Seoul Tech,South Korea,APAC,Enterprise,Canada,OTIF_ERP,ERP Definition,Finance,1,2,0.0,0.0,50.0,100.0,0.0,2,100.0,CHAINTRUTH
2025-11-01,SUP-018,Supplier 018,Taiwan,APAC,0.75,PLT-09,Hanoi Assembly,Vietnam,APAC,SMB,Singapore,OTIF_ERP,ERP Definition,Finance,1,1,0.0,0.0,0.0,100.0,0.0,1,100.0,CHAINTRUTH
2025-11-01,SUP-019,Supplier 019,Vietnam,APAC,0.57,PLT-02,Detroit Works,USA,NA,SMB,UK,OTIF_ERP,ERP Definition,Finance,1,2,0.0,50.0,100.0,100.0,0.0,1,50.0,CHAINTRUTH
2025-11-01,SUP-019,Supplier 019,Vietnam,APAC,0.57,PLT-00,Shanghai Hub,China,APAC,Enterprise,Germany,OTIF_ERP,ERP Definition,Finance,1,1,0.0,0.0,0.0,100.0,100.0,1,100.0,CHAINTRUTH
2025-11-01,SUP-019,Supplier 019,Vietnam,APAC,0.57,PLT-03,Tokyo Precision,Japan,APAC,SMB,Singapore,OTIF_ERP,ERP Definition,Finance,1,1,0.0,0.0,0.0,100.0,100.0,1,100.0,CHAINTRUTH
2025-11-01,SUP-019,Supplier 019,Vietnam,APAC,0.57,PLT-06,Sao Paulo Ops,Brazil,LATAM,SMB,Germany,OTIF_ERP,ERP Definition,Finance,1,1,0.0,0.0,100.0,100.0,100.0,1,100.0,CHAINTRUTH
2025-11-01,SUP-019,Supplier 019,Vietnam,APAC,0.57,PLT-01,Munich Center,Germany,EMEA,Enterprise,USA,OTIF_ERP,ERP Definition,Finance,1,1,0.0,0.0,0.0,100.0,0.0,1,100.0,CHAINTRUTH
2025-11-01,SUP-020,Supplier 020,China,APAC,0.6,PLT-08,Taipei Micro,Taiwan,APAC,Enterprise,Canada,OTIF_ERP,ERP Definition,Finance,1,1,0.0,0.0,0.0,100.0,100.0,1,100.0,CHAINTRUTH
2025-11-01,SUP-020,Supplier 020,China,APAC,0.6,PLT-05,Monterrey Plant,Mexico,LATAM,Government,UK,OTIF_ERP,ERP Definition,Finance,1,1,100.0,100.0,100.0,100.0,100.0,0,0.0,CHAINTRUTH
2025-11-01,SUP-020,Supplier 020,China,APAC,0.6,PLT-06,Sao Paulo Ops,Brazil,LATAM,Government,Canada,OTIF_ERP,ERP Definition,Finance,1,1,0.0,0.0,100.0,100.0,100.0,1,100.0,CHAINTRUTH
2025-11-01,SUP-020,Supplier 020,China,APAC,0.6,PLT-01,Munich Center,Germany,EMEA,SMB,USA,OTIF_ERP,ERP Definition,Finance,1,1,0.0,0.0,100.0,100.0,0.0,1,100.0,CHAINTRUTH
2025-11-01,SUP-020,Supplier 020,China,APAC,0.6,PLT-08,Taipei Micro,Taiwan,APAC,Enterprise,Japan,OTIF_ERP,ERP Definition,Finance,1,1,0.0,0.0,0.0,100.0,100.0,1,100.0,CHAINTRUTH
2025-11-01,SUP-020,Supplier 020,China,APAC,0.6,PLT-03,Tokyo Precision,Japan,APAC,SMB,Canada,OTIF_ERP,ERP Definition,Finance,1,2,0.0,0.0,50.0,100.0,50.0,2,100.0,CHAINTRUTH
2025-11-01,SUP-020,Supplier 020,China,APAC,0.6,PLT-03,Tokyo Precision,Japan,APAC,SMB,Singapore,OTIF_ERP,ERP Definition,Finance,1,1,0.0,0.0,100.0,100.0,100.0,1,100.0,CHAINTRUTH
2025-11-01,SUP-020,Supplier 020,China,APAC,0.6,PLT-09,Hanoi Assembly,Vietnam,APAC,Enterprise,Japan,OTIF_ERP,ERP Definition,Finance,1,1,0.0,0.0,100.0,100.0,0.0,1,100.0,CHAINTRUTH
2025-11-01,SUP-021,Supplier 021,Germany,EMEA,0.75,PLT-07,Seoul Tech,South Korea,APAC,Government,Germany,OTIF_ERP,ERP Definition,Finance,1,1,0.0,0.0,100.0,100.0,100.0,1,100.0,CHAINTRUTH
2025-11-01,SUP-021,Supplier 021,Germany,EMEA,0.75,PLT-04,Chennai Forge,India,APAC,Government,USA,OTIF_ERP,ERP Definition,Finance,1,1,0.0,0.0,0.0,100.0,0.0,1,100.0,CHAINTRUTH
2025-11-01,SUP-021,Supplier 021,Germany,EMEA,0.75,PLT-01,Munich Center,Germany,EMEA,SMB,UK,OTIF_ERP,ERP Definition,Finance,1,1,0.0,0.0,100.0,100.0,0.0,1,100.0,CHAINTRUTH
2025-11-01,SUP-021,Supplier 021,Germany,EMEA,0.75,PLT-03,Tokyo Precision,Japan,APAC,SMB,Singapore,OTIF_ERP,ERP Definition,Finance,1,2,0.0,0.0,50.0,50.0,50.0,1,50.0,CHAINTRUTH
2025-11-01,SUP-021,Supplier 021,Germany,EMEA,0.75,PLT-07,Seoul Tech,South Korea,APAC,Government,Canada,OTIF_ERP,ERP Definition,Finance,1,1,0.0,0.0,0.0,100.0,0.0,1,100.0,CHAINTRUTH
2025-11-01,SUP-021,Supplier 021,Germany,EMEA,0.75,PLT-01,Munich Center,Germany,EMEA,Enterprise,Australia,OTIF_ERP,ERP Definition,Finance,1,1,0.0,0.0,0.0,100.0,100.0,1,100.0,CHAINTRUTH
2025-11-01,SUP-021,Supplier 021,Germany,EMEA,0.75,PLT-02,Detroit Works,USA,NA,Enterprise,Japan,OTIF_ERP,ERP Definition,Finance,1,1,0.0,100.0,0.0,100.0,0.0,1,100.0,CHAINTRUTH
2025-11-01,SUP-022,Supplier 022,USA,NA,0.8,PLT-08,Taipei Micro,Taiwan,APAC,SMB,Singapore,OTIF_ERP,ERP Definition,Finance,1,1,0.0,0.0,0.0,100.0,100.0,1,100.0,CHAINTRUTH
2025-11-01,SUP-022,Supplier 022,USA,NA,0.8,PLT-05,Monterrey Plant,Mexico,LATAM,Government,USA,OTIF_ERP,ERP Definition,Finance,1,1,0.0,0.0,0.0,100.0,100.0,1,100.0,CHAINTRUTH
2025-11-01,SUP-022,Supplier 022,USA,NA,0.8,PLT-04,Chennai Forge,India,APAC,Enterprise,USA,OTIF_ERP,ERP Definition,Finance,1,2,0.0,0.0,100.0,100.0,0.0,2,100.0,CHAINTRUTH
2025-11-01,SUP-022,Supplier 022,USA,NA,0.8,PLT-07,Seoul Tech,South Korea,APAC,SMB,USA,OTIF_ERP,ERP Definition,Finance,1,1,0.0,0.0,0.0,100.0,100.0,1,100.0,CHAINTRUTH
2025-11-01,SUP-023,Supplier 023,Japan,APAC,0.98,PLT-00,Shanghai Hub,China,APAC,SMB,France,OTIF_ERP,ERP Definition,Finance,1,1,0.0,0.0,100.0,100.0,0.0,1,100.0,CHAINTRUTH
2025-11-01,SUP-023,Supplier 023,Japan,APAC,0.98,PLT-05,Monterrey Plant,Mexico,LATAM,Government,Singapore,OTIF_ERP,ERP Definition,Finance,1,1,100.0,100.0,100.0,100.0,100.0,0,0.0,CHAINTRUTH
2025-11-01,SUP-023,Supplier 023,Japan,APAC,0.98,PLT-08,Taipei Micro,Taiwan,APAC,SMB,Australia,OTIF_ERP,ERP Definition,Finance,1,1,0.0,0.0,0.0,100.0,100.0,1,100.0,CHAINTRUTH
2025-11-01,SUP-023,Supplier 023,Japan,APAC,0.98,PLT-07,Seoul Tech,South Korea,APAC,SMB,Canada,OTIF_ERP,ERP Definition,Finance,1,2,50.0,50.0,100.0,50.0,50.0,1,50.0,CHAINTRUTH
2025-11-01,SUP-023,Supplier 023,Japan,APAC,0.98,PLT-01,Munich Center,Germany,EMEA,Enterprise,Canada,OTIF_ERP,ERP Definition,Finance,1,1,0.0,100.0,100.0,100.0,0.0,0,0.0,CHAINTRUTH
2025-11-01,SUP-024,Supplier 024,India,APAC,0.89,PLT-08,Taipei Micro,Taiwan,APAC,Enterprise,Canada,OTIF_ERP,ERP Definition,Finance,1,1,0.0,0.0,100.0,100.0,100.0,1,100.0,CHAINTRUTH
2025-11-01,SUP-024,Supplier 024,India,APAC,0.89,PLT-08,Taipei Micro,Taiwan,APAC,SMB,France,OTIF_ERP,ERP Definition,Finance,1,2,0.0,0.0,50.0,100.0,50.0,2,100.0,CHAINTRUTH
2025-11-01,SUP-024,Supplier 024,India,APAC,0.89,PLT-01,Munich Center,Germany,EMEA,Enterprise,Japan,OTIF_ERP,ERP Definition,Finance,1,2,0.0,0.0,0.0,100.0,50.0,2,100.0,CHAINTRUTH
2025-11-01,SUP-024,Supplier 024,India,APAC,0.89,PLT-00,Shanghai Hub,China,APAC,SMB,USA,OTIF_ERP,ERP Definition,Finance,1,1,0.0,0.0,100.0,100.0,100.0,1,100.0,CHAINTRUTH
2025-11-01,SUP-024,Supplier 024,India,APAC,0.89,PLT-06,Sao Paulo Ops,Brazil,LATAM,Government,France,OTIF_ERP,ERP Definition,Finance,1,1,0.0,0.0,0.0,100.0,100.0,1,100.0,CHAINTRUTH
2025-11-01,SUP-024,Supplier 024,India,APAC,0.89,PLT-07,Seoul Tech,South Korea,APAC,SMB,Singapore,OTIF_ERP,ERP Definition,Finance,1,1,0.0,0.0,100.0,100.0,0.0,1,100.0,CHAINTRUTH
2025-11-01,SUP-024,Supplier 024,India,APAC,0.89,PLT-02,Detroit Works,USA,NA,SMB,Australia,OTIF_ERP,ERP Definition,Finance,1,1,0.0,0.0,0.0,100.0,100.0,1,100.0,CHAINTRUTH
2025-11-01,SUP-025,Supplier 025,Mexico,LATAM,0.71,PLT-04,Chennai Forge,India,APAC,Government,Canada,OTIF_ERP,ERP Definition,Finance,1,1,0.0,0.0,0.0,100.0,0.0,1,100.0,CHAINTRUTH
2025-11-01,SUP-025,Supplier 025,Mexico,LATAM,0.71,PLT-09,Hanoi Assembly,Vietnam,APAC,SMB,USA,OTIF_ERP,ERP Definition,Finance,1,1,0.0,0.0,0.0,100.0,100.0,1,100.0,CHAINTRUTH
2025-11-01,SUP-025,Supplier 025,Mexico,LATAM,0.71,PLT-00,Shanghai Hub,China,APAC,SMB,France,OTIF_ERP,ERP Definition,Finance,1,2,0.0,0.0,50.0,100.0,0.0,2,100.0,CHAINTRUTH
2025-11-01,SUP-025,Supplier 025,Mexico,LATAM,0.71,PLT-06,Sao Paulo Ops,Brazil,LATAM,SMB,Singapore,OTIF_ERP,ERP Definition,Finance,1,1,0.0,0.0,0.0,100.0,0.0,1,100.0,CHAINTRUTH
2025-11-01,SUP-026,Supplier 026,Brazil,LATAM,0.73,PLT-07,Seoul Tech,South Korea,APAC,Enterprise,USA,OTIF_ERP,ERP Definition,Finance,1,1,0.0,0.0,100.0,100.0,0.0,1,100.0,CHAINTRUTH
2025-11-01,SUP-026,Supplier 026,Brazil,LATAM,0.73,PLT-05,Monterrey Plant,Mexico,LATAM,Government,UK,OTIF_ERP,ERP Definition,Finance,1,1,0.0,0.0,100.0,100.0,0.0,1,100.0,CHAINTRUTH
2025-11-01,SUP-026,Supplier 026,Brazil,LATAM,0.73,PLT-08,Taipei Micro,Taiwan,APAC,SMB,Singapore,OTIF_ERP,ERP Definition,Finance,1,1,0.0,0.0,0.0,100.0,0.0,1,100.0,CHAINTRUTH
2025-11-01,SUP-026,Supplier 026,Brazil,LATAM,0.73,PLT-09,Hanoi Assembly,Vietnam,APAC,Government,UK,OTIF_ERP,ERP Definition,Finance,1,1,0.0,0.0,0.0,100.0,100.0,1,100.0,CHAINTRUTH
2025-11-01,SUP-027,Supplier 027,South Korea,APAC,0.94,PLT-08,Taipei Micro,Taiwan,APAC,Enterprise,USA,OTIF_ERP,ERP Definition,Finance,1,1,0.0,0.0,0.0,100.0,100.0,1,100.0,CHAINTRUTH
2025-11-01,SUP-027,Supplier 027,South Korea,APAC,0.94,PLT-01,Munich Center,Germany,EMEA,SMB,Singapore,OTIF_ERP,ERP Definition,Finance,1,1,0.0,0.0,0.0,100.0,100.0,1,100.0,CHAINTRUTH
2025-11-01,SUP-027,Supplier 027,South Korea,APAC,0.94,PLT-00,Shanghai Hub,China,APAC,Enterprise,UK,OTIF_ERP,ERP Definition,Finance,1,1,0.0,0.0,100.0,100.0,100.0,1,100.0,CHAINTRUTH
2025-11-01,SUP-027,Supplier 027,South Korea,APAC,0.94,PLT-00,Shanghai Hub,China,APAC,Government,Germany,OTIF_ERP,ERP Definition,Finance,1,1,0.0,0.0,100.0,100.0,0.0,1,100.0,CHAINTRUTH
2025-11-01,SUP-027,Supplier 027,South Korea,APAC,0.94,PLT-08,Taipei Micro,Taiwan,APAC,SMB,Germany,OTIF_ERP,ERP Definition,Finance,1,1,0.0,0.0,100.0,100.0,100.0,1,100.0,CHAINTRUTH
2025-11-01,SUP-028,Supplier 028,Taiwan,APAC,0.84,PLT-06,Sao Paulo Ops,Brazil,LATAM,SMB,Canada,OTIF_ERP,ERP Definition,Finance,1,2,0.0,0.0,100.0,100.0,50.0,2,100.0,CHAINTRUTH
2025-11-01,SUP-028,Supplier 028,Taiwan,APAC,0.84,PLT-08,Taipei Micro,Taiwan,APAC,Enterprise,Singapore,OTIF_ERP,ERP Definition,Finance,1,1,0.0,0.0,100.0,100.0,100.0,1,100.0,CHAINTRUTH
2025-11-01,SUP-028,Supplier 028,Taiwan,APAC,0.84,PLT-00,Shanghai Hub,China,APAC,Government,Australia,OTIF_ERP,ERP Definition,Finance,1,1,0.0,0.0,100.0,100.0,0.0,1,100.0,CHAINTRUTH
2025-11-01,SUP-028,Supplier 028,Taiwan,APAC,0.84,PLT-04,Chennai Forge,India,APAC,SMB,Singapore,OTIF_ERP,ERP Definition,Finance,1,1,0.0,0.0,100.0,100.0,100.0,1,100.0,CHAINTRUTH
2025-11-01,SUP-028,Supplier 028,Taiwan,APAC,0.84,PLT-02,Detroit Works,USA,NA,SMB,Germany,OTIF_ERP,ERP Definition,Finance,1,1,100.0,100.0,100.0,100.0,100.0,0,0.0,CHAINTRUTH
2025-11-01,SUP-028,Supplier 028,Taiwan,APAC,0.84,PLT-07,Seoul Tech,South Korea,APAC,SMB,Singapore,OTIF_ERP,ERP Definition,Finance,1,1,100.0,100.0,100.0,100.0,100.0,0,0.0,CHAINTRUTH
2025-11-01,SUP-028,Supplier 028,Taiwan,APAC,0.84,PLT-08,Taipei Micro,Taiwan,APAC,Enterprise,UK,OTIF_ERP,ERP Definition,Finance,1,1,0.0,0.0,0.0,100.0,100.0,1,100.0,CHAINTRUTH
2025-11-01,SUP-029,Supplier 029,Vietnam,APAC,0.51,PLT-00,Shanghai Hub,China,APAC,Enterprise,Japan,OTIF_ERP,ERP Definition,Finance,1,2,0.0,0.0,100.0,100.0,50.0,2,100.0,CHAINTRUTH
2025-11-01,SUP-029,Supplier 029,Vietnam,APAC,0.51,PLT-09,Hanoi Assembly,Vietnam,APAC,SMB,Singapore,OTIF_ERP,ERP Definition,Finance,1,1,0.0,0.0,100.0,100.0,100.0,1,100.0,CHAINTRUTH
2025-11-01,SUP-029,Supplier 029,Vietnam,APAC,0.51,PLT-09,Hanoi Assembly,Vietnam,APAC,Enterprise,USA,OTIF_ERP,ERP Definition,Finance,1,1,0.0,0.0,0.0,100.0,100.0,1,100.0,CHAINTRUTH
2025-11-01,SUP-029,Supplier 029,Vietnam,APAC,0.51,PLT-05,Monterrey Plant,Mexico,LATAM,SMB,France,OTIF_ERP,ERP Definition,Finance,1,1,0.0,0.0,0.0,100.0,100.0,1,100.0,CHAINTRUTH
2025-11-01,SUP-029,Supplier 029,Vietnam,APAC,0.51,PLT-02,Detroit Works,USA,NA,SMB,Australia,OTIF_ERP,ERP Definition,Finance,1,1,0.0,100.0,100.0,100.0,0.0,0,0.0,CHAINTRUTH
2025-11-01,SUP-030,Supplier 030,China,APAC,0.59,PLT-03,Tokyo Precision,Japan,APAC,Enterprise,Germany,OTIF_ERP,ERP Definition,Finance,1,2,0.0,0.0,100.0,100.0,0.0,2,100.0,CHAINTRUTH
2025-11-01,SUP-030,Supplier 030,China,APAC,0.59,PLT-05,Monterrey Plant,Mexico,LATAM,SMB,Australia,OTIF_ERP,ERP Definition,Finance,1,1,0.0,0.0,0.0,100.0,100.0,1,100.0,CHAINTRUTH
2025-11-01,SUP-030,Supplier 030,China,APAC,0.59,PLT-06,Sao Paulo Ops,Brazil,LATAM,SMB,France,OTIF_ERP,ERP Definition,Finance,1,1,0.0,0.0,100.0,100.0,0.0,1,100.0,CHAINTRUTH
2025-11-01,SUP-030,Supplier 030,China,APAC,0.59,PLT-07,Seoul Tech,South Korea,APAC,SMB,UK,OTIF_ERP,ERP Definition,Finance,1,1,0.0,0.0,0.0,100.0,100.0,1,100.0,CHAINTRUTH
2025-11-01,SUP-030,Supplier 030,China,APAC,0.59,PLT-04,Chennai Forge,India,APAC,SMB,Germany,OTIF_ERP,ERP Definition,Finance,1,1,0.0,0.0,0.0,100.0,100.0,1,100.0,CHAINTRUTH
2025-11-01,SUP-031,Supplier 031,Germany,EMEA,0.92,PLT-00,Shanghai Hub,China,APAC,Enterprise,Canada,OTIF_ERP,ERP Definition,Finance,1,1,0.0,0.0,0.0,100.0,100.0,1,100.0,CHAINTRUTH
2025-11-01,SUP-031,Supplier 031,Germany,EMEA,0.92,PLT-01,Munich Center,Germany,EMEA,SMB,Singapore,OTIF_ERP,ERP Definition,Finance,1,1,100.0,100.0,100.0,100.0,100.0,0,0.0,CHAINTRUTH
2025-11-01,SUP-031,Supplier 031,Germany,EMEA,0.92,PLT-04,Chennai Forge,India,APAC,Government,USA,OTIF_ERP,ERP Definition,Finance,1,1,0.0,0.0,0.0,100.0,0.0,1,100.0,CHAINTRUTH
2025-11-01,SUP-031,Supplier 031,Germany,EMEA,0.92,PLT-08,Taipei Micro,Taiwan,APAC,SMB,Canada,OTIF_ERP,ERP Definition,Finance,1,2,0.0,0.0,0.0,100.0,50.0,2,100.0,CHAINTRUTH
2025-11-01,SUP-031,Supplier 031,Germany,EMEA,0.92,PLT-09,Hanoi Assembly,Vietnam,APAC,SMB,Australia,OTIF_ERP,ERP Definition,Finance,1,1,0.0,0.0,0.0,100.0,0.0,1,100.0,CHAINTRUTH
2025-11-01,SUP-031,Supplier 031,Germany,EMEA,0.92,PLT-04,Chennai Forge,India,APAC,SMB,Japan,OTIF_ERP,ERP Definition,Finance,1,1,100.0,100.0,100.0,100.0,100.0,0,0.0,CHAINTRUTH
2025-11-01,SUP-031,Supplier 031,Germany,EMEA,0.92,PLT-02,Detroit Works,USA,NA,SMB,Singapore,OTIF_ERP,ERP Definition,Finance,1,1,100.0,100.0,100.0,100.0,100.0,0,0.0,CHAINTRUTH
2025-11-01,SUP-031,Supplier 031,Germany,EMEA,0.92,PLT-05,Monterrey Plant,Mexico,LATAM,Government,Singapore,OTIF_ERP,ERP Definition,Finance,1,1,0.0,0.0,0.0,100.0,0.0,1,100.0,CHAINTRUTH
2025-11-01,SUP-031,Supplier 031,Germany,EMEA,0.92,PLT-02,Detroit Works,USA,NA,SMB,Canada,OTIF_ERP,ERP Definition,Finance,1,1,0.0,100.0,100.0,100.0,0.0,0,0.0,CHAINTRUTH
2025-11-01,SUP-031,Supplier 031,Germany,EMEA,0.92,PLT-03,Tokyo Precision,Japan,APAC,Enterprise,USA,OTIF_ERP,ERP Definition,Finance,1,1,0.0,0.0,100.0,100.0,100.0,1,100.0,CHAINTRUTH
2025-11-01,SUP-032,Supplier 032,USA,NA,0.78,PLT-04,Chennai Forge,India,APAC,SMB,UK,OTIF_ERP,ERP Definition,Finance,1,1,0.0,0.0,0.0,100.0,100.0,1,100.0,CHAINTRUTH
2025-11-01,SUP-032,Supplier 032,USA,NA,0.78,PLT-00,Shanghai Hub,China,APAC,Government,Japan,OTIF_ERP,ERP Definition,Finance,1,1,0.0,0.0,0.0,100.0,100.0,1,100.0,CHAINTRUTH
2025-11-01,SUP-032,Supplier 032,USA,NA,0.78,PLT-06,Sao Paulo Ops,Brazil,LATAM,Enterprise,Germany,OTIF_ERP,ERP Definition,Finance,1,2,0.0,0.0,50.0,100.0,50.0,2,100.0,CHAINTRUTH
2025-11-01,SUP-032,Supplier 032,USA,NA,0.78,PLT-05,Monterrey Plant,Mexico,LATAM,SMB,Japan,OTIF_ERP,ERP Definition,Finance,1,2,50.0,50.0,50.0,100.0,50.0,1,50.0,CHAINTRUTH
2025-11-01,SUP-032,Supplier 032,USA,NA,0.78,PLT-02,Detroit Works,USA,NA,Enterprise,Canada,OTIF_ERP,ERP Definition,Finance,1,2,0.0,0.0,0.0,100.0,0.0,2,100.0,CHAINTRUTH
2025-11-01,SUP-032,Supplier 032,USA,NA,0.78,PLT-04,Chennai Forge,India,APAC,Enterprise,Canada,OTIF_ERP,ERP Definition,Finance,1,2,0.0,0.0,100.0,100.0,50.0,2,100.0,CHAINTRUTH
2025-11-01,SUP-032,Supplier 032,USA,NA,0.78,PLT-02,Detroit Works,USA,NA,Government,Japan,OTIF_ERP,ERP Definition,Finance,1,1,0.0,0.0,0.0,100.0,100.0,1,100.0,CHAINTRUTH
2025-11-01,SUP-032,Supplier 032,USA,NA,0.78,PLT-02,Detroit Works,USA,NA,SMB,Germany,OTIF_ERP,ERP Definition,Finance,1,1,0.0,100.0,0.0,100.0,0.0,1,100.0,CHAINTRUTH
2025-11-01,SUP-032,Supplier 032,USA,NA,0.78,PLT-07,Seoul Tech,South Korea,APAC,Government,USA,OTIF_ERP,ERP Definition,Finance,1,1,0.0,0.0,100.0,100.0,100.0,1,100.0,CHAINTRUTH
2025-11-01,SUP-032,Supplier 032,USA,NA,0.78,PLT-00,Shanghai Hub,China,APAC,Enterprise,USA,OTIF_ERP,ERP Definition,Finance,1,1,0.0,0.0,0.0,100.0,100.0,1,100.0,CHAINTRUTH
2025-11-01,SUP-032,Supplier 032,USA,NA,0.78,PLT-07,Seoul Tech,South Korea,APAC,Government,France,OTIF_ERP,ERP Definition,Finance,1,1,0.0,0.0,100.0,100.0,0.0,1,100.0,CHAINTRUTH
2025-11-01,SUP-032,Supplier 032,USA,NA,0.78,PLT-02,Detroit Works,USA,NA,SMB,Singapore,OTIF_ERP,ERP Definition,Finance,1,2,50.0,50.0,100.0,100.0,50.0,1,50.0,CHAINTRUTH
2025-11-01,SUP-033,Supplier 033,Japan,APAC,0.5,PLT-07,Seoul Tech,South Korea,APAC,Enterprise,USA,OTIF_ERP,ERP Definition,Finance,1,1,0.0,0.0,0.0,100.0,100.0,1,100.0,CHAINTRUTH
2025-11-01,SUP-033,Supplier 033,Japan,APAC,0.5,PLT-04,Chennai Forge,India,APAC,SMB,Singapore,OTIF_ERP,ERP Definition,Finance,1,1,0.0,0.0,100.0,100.0,100.0,1,100.0,CHAINTRUTH
2025-11-01,SUP-033,Supplier 033,Japan,APAC,0.5,PLT-06,Sao Paulo Ops,Brazil,LATAM,Enterprise,USA,OTIF_ERP,ERP Definition,Finance,1,1,0.0,0.0,0.0,100.0,0.0,1,100.0,CHAINTRUTH
2025-11-01,SUP-033,Supplier 033,Japan,APAC,0.5,PLT-00,Shanghai Hub,China,APAC,Government,USA,OTIF_ERP,ERP Definition,Finance,1,1,0.0,0.0,0.0,100.0,0.0,1,100.0,CHAINTRUTH
2025-11-01,SUP-033,Supplier 033,Japan,APAC,0.5,PLT-00,Shanghai Hub,China,APAC,SMB,Australia,OTIF_ERP,ERP Definition,Finance,1,1,0.0,0.0,100.0,100.0,100.0,1,100.0,CHAINTRUTH
2025-11-01,SUP-033,Supplier 033,Japan,APAC,0.5,PLT-05,Monterrey Plant,Mexico,LATAM,Enterprise,Singapore,OTIF_ERP,ERP Definition,Finance,1,1,0.0,0.0,0.0,100.0,100.0,1,100.0,CHAINTRUTH
2025-11-01,SUP-033,Supplier 033,Japan,APAC,0.5,PLT-08,Taipei Micro,Taiwan,APAC,Enterprise,Canada,OTIF_ERP,ERP Definition,Finance,1,1,0.0,0.0,0.0,100.0,100.0,1,100.0,CHAINTRUTH
2025-11-01,SUP-033,Supplier 033,Japan,APAC,0.5,PLT-00,Shanghai Hub,China,APAC,Government,Singapore,OTIF_ERP,ERP Definition,Finance,1,1,0.0,0.0,0.0,100.0,100.0,1,100.0,CHAINTRUTH
2025-11-01,SUP-033,Supplier 033,Japan,APAC,0.5,PLT-07,Seoul Tech,South Korea,APAC,Enterprise,UK,OTIF_ERP,ERP Definition,Finance,1,2,0.0,0.0,50.0,100.0,50.0,2,100.0,CHAINTRUTH
2025-11-01,SUP-034,Supplier 034,India,APAC,0.95,PLT-00,Shanghai Hub,China,APAC,Enterprise,Germany,OTIF_ERP,ERP Definition,Finance,1,1,0.0,0.0,100.0,100.0,0.0,1,100.0,CHAINTRUTH
2025-11-01,SUP-034,Supplier 034,India,APAC,0.95,PLT-08,Taipei Micro,Taiwan,APAC,SMB,Singapore,OTIF_ERP,ERP Definition,Finance,1,1,0.0,0.0,100.0,100.0,100.0,1,100.0,CHAINTRUTH
2025-11-01,SUP-034,Supplier 034,India,APAC,0.95,PLT-06,Sao Paulo Ops,Brazil,LATAM,Government,France,OTIF_ERP,ERP Definition,Finance,1,1,0.0,0.0,0.0,100.0,100.0,1,100.0,CHAINTRUTH
2025-11-01,SUP-034,Supplier 034,India,APAC,0.95,PLT-03,Tokyo Precision,Japan,APAC,Government,USA,OTIF_ERP,ERP Definition,Finance,1,1,0.0,0.0,100.0,100.0,100.0,1,100.0,CHAINTRUTH
2025-11-01,SUP-034,Supplier 034,India,APAC,0.95,PLT-00,Shanghai Hub,China,APAC,Government,USA,OTIF_ERP,ERP Definition,Finance,1,1,0.0,0.0,100.0,100.0,0.0,1,100.0,CHAINTRUTH
2025-11-01,SUP-034,Supplier 034,India,APAC,0.95,PLT-04,Chennai Forge,India,APAC,SMB,USA,OTIF_ERP,ERP Definition,Finance,1,1,0.0,0.0,100.0,100.0,100.0,1,100.0,CHAINTRUTH
2025-11-01,SUP-034,Supplier 034,India,APAC,0.95,PLT-02,Detroit Works,USA,NA,SMB,UK,OTIF_ERP,ERP Definition,Finance,1,1,0.0,0.0,100.0,100.0,100.0,1,100.0,CHAINTRUTH
2025-11-01,SUP-034,Supplier 034,India,APAC,0.95,PLT-07,Seoul Tech,South Korea,APAC,Government,Japan,OTIF_ERP,ERP Definition,Finance,1,2,50.0,50.0,50.0,100.0,50.0,1,50.0,CHAINTRUTH
2025-11-01,SUP-034,Supplier 034,India,APAC,0.95,PLT-04,Chennai Forge,India,APAC,SMB,Singapore,OTIF_ERP,ERP Definition,Finance,1,1,0.0,0.0,100.0,100.0,100.0,1,100.0,CHAINTRUTH
2025-11-01,SUP-034,Supplier 034,India,APAC,0.95,PLT-02,Detroit Works,USA,NA,Government,UK,OTIF_ERP,ERP Definition,Finance,1,1,100.0,100.0,100.0,100.0,100.0,0,0.0,CHAINTRUTH
2025-11-01,SUP-035,Supplier 035,Mexico,LATAM,0.77,PLT-03,Tokyo Precision,Japan,APAC,SMB,Singapore,OTIF_ERP,ERP Definition,Finance,1,2,0.0,0.0,50.0,100.0,50.0,2,100.0,CHAINTRUTH
2025-11-01,SUP-035,Supplier 035,Mexico,LATAM,0.77,PLT-06,Sao Paulo Ops,Brazil,LATAM,SMB,Canada,OTIF_ERP,ERP Definition,Finance,1,2,0.0,0.0,50.0,50.0,50.0,2,100.0,CHAINTRUTH
2025-11-01,SUP-035,Supplier 035,Mexico,LATAM,0.77,PLT-00,Shanghai Hub,China,APAC,SMB,USA,OTIF_ERP,ERP Definition,Finance,1,1,0.0,0.0,0.0,100.0,100.0,1,100.0,CHAINTRUTH
2025-11-01,SUP-035,Supplier 035,Mexico,LATAM,0.77,PLT-03,Tokyo Precision,Japan,APAC,SMB,Germany,OTIF_ERP,ERP Definition,Finance,1,1,0.0,0.0,100.0,100.0,100.0,1,100.0,CHAINTRUTH
2025-11-01,SUP-035,Supplier 035,Mexico,LATAM,0.77,PLT-04,Chennai Forge,India,APAC,Government,Japan,OTIF_ERP,ERP Definition,Finance,1,1,0.0,0.0,0.0,100.0,0.0,1,100.0,CHAINTRUTH
2025-11-01,SUP-035,Supplier 035,Mexico,LATAM,0.77,PLT-06,Sao Paulo Ops,Brazil,LATAM,Enterprise,USA,OTIF_ERP,ERP Definition,Finance,1,1,0.0,0.0,100.0,100.0,0.0,1,100.0,CHAINTRUTH
2025-11-01,SUP-036,Supplier 036,Brazil,LATAM,0.76,PLT-01,Munich Center,Germany,EMEA,SMB,France,OTIF_ERP,ERP Definition,Finance,1,1,0.0,0.0,0.0,100.0,100.0,1,100.0,CHAINTRUTH
2025-11-01,SUP-036,Supplier 036,Brazil,LATAM,0.76,PLT-04,Chennai Forge,India,APAC,Government,UK,OTIF_ERP,ERP Definition,Finance,1,1,0.0,0.0,0.0,100.0,0.0,1,100.0,CHAINTRUTH
2025-11-01,SUP-036,Supplier 036,Brazil,LATAM,0.76,PLT-02,Detroit Works,USA,NA,Enterprise,Singapore,OTIF_ERP,ERP Definition,Finance,1,2,0.0,50.0,50.0,100.0,0.0,1,50.0,CHAINTRUTH
2025-11-01,SUP-036,Supplier 036,Brazil,LATAM,0.76,PLT-07,Seoul Tech,South Korea,APAC,Government,Germany,OTIF_ERP,ERP Definition,Finance,1,1,100.0,100.0,100.0,100.0,100.0,0,0.0,CHAINTRUTH
2025-11-01,SUP-037,Supplier 037,South Korea,APAC,0.7,PLT-02,Detroit Works,USA,NA,Government,Germany,OTIF_ERP,ERP Definition,Finance,1,2,50.0,50.0,100.0,100.0,50.0,1,50.0,CHAINTRUTH
2025-11-01,SUP-037,Supplier 037,South Korea,APAC,0.7,PLT-07,Seoul Tech,South Korea,APAC,Enterprise,Japan,OTIF_ERP,ERP Definition,Finance,1,2,0.0,0.0,0.0,100.0,50.0,2,100.0,CHAINTRUTH
2025-11-01,SUP-037,Supplier 037,South Korea,APAC,0.7,PLT-00,Shanghai Hub,China,APAC,SMB,Japan,OTIF_ERP,ERP Definition,Finance,1,2,0.0,0.0,0.0,100.0,100.0,2,100.0,CHAINTRUTH
2025-11-01,SUP-037,Supplier 037,South Korea,APAC,0.7,PLT-06,Sao Paulo Ops,Brazil,LATAM,Enterprise,Germany,OTIF_ERP,ERP Definition,Finance,1,1,0.0,0.0,0.0,100.0,100.0,1,100.0,CHAINTRUTH
2025-11-01,SUP-038,Supplier 038,Taiwan,APAC,0.95,PLT-02,Detroit Works,USA,NA,SMB,Singapore,OTIF_ERP,ERP Definition,Finance,1,1,0.0,100.0,100.0,100.0,0.0,0,0.0,CHAINTRUTH
2025-11-01,SUP-038,Supplier 038,Taiwan,APAC,0.95,PLT-07,Seoul Tech,South Korea,APAC,SMB,Australia,OTIF_ERP,ERP Definition,Finance,1,2,0.0,0.0,50.0,100.0,50.0,2,100.0,CHAINTRUTH
2025-11-01,SUP-038,Supplier 038,Taiwan,APAC,0.95,PLT-03,Tokyo Precision,Japan,APAC,Enterprise,USA,OTIF_ERP,ERP Definition,Finance,1,1,0.0,0.0,0.0,100.0,0.0,1,100.0,CHAINTRUTH
2025-11-01,SUP-038,Supplier 038,Taiwan,APAC,0.95,PLT-00,Shanghai Hub,China,APAC,Government,USA,OTIF_ERP,ERP Definition,Finance,1,1,0.0,0.0,100.0,100.0,100.0,1,100.0,CHAINTRUTH
2025-11-01,SUP-039,Supplier 039,Vietnam,APAC,0.68,PLT-00,Shanghai Hub,China,APAC,Government,USA,OTIF_ERP,ERP Definition,Finance,1,1,0.0,0.0,0.0,100.0,100.0,1,100.0,CHAINTRUTH
2025-11-01,SUP-039,Supplier 039,Vietnam,APAC,0.68,PLT-02,Detroit Works,USA,NA,Government,Germany,OTIF_ERP,ERP Definition,Finance,1,1,100.0,100.0,100.0,100.0,100.0,0,0.0,CHAINTRUTH
2025-11-01,SUP-039,Supplier 039,Vietnam,APAC,0.68,PLT-09,Hanoi Assembly,Vietnam,APAC,Enterprise,USA,OTIF_ERP,ERP Definition,Finance,1,2,0.0,0.0,0.0,100.0,50.0,2,100.0,CHAINTRUTH
2025-11-01,SUP-039,Supplier 039,Vietnam,APAC,0.68,PLT-07,Seoul Tech,South Korea,APAC,Enterprise,Japan,OTIF_ERP,ERP Definition,Finance,1,2,0.0,0.0,100.0,50.0,50.0,2,100.0,CHAINTRUTH
2025-11-01,SUP-039,Supplier 039,Vietnam,APAC,0.68,PLT-09,Hanoi Assembly,Vietnam,APAC,Government,Australia,OTIF_ERP,ERP Definition,Finance,1,1,0.0,0.0,0.0,100.0,100.0,1,100.0,CHAINTRUTH
2025-11-01,SUP-039,Supplier 039,Vietnam,APAC,0.68,PLT-01,Munich Center,Germany,EMEA,Enterprise,Canada,OTIF_ERP,ERP Definition,Finance,1,1,0.0,0.0,0.0,100.0,0.0,1,100.0,CHAINTRUTH
2025-11-01,SUP-039,Supplier 039,Vietnam,APAC,0.68,PLT-01,Munich Center,Germany,EMEA,SMB,Canada,OTIF_ERP,ERP Definition,Finance,1,1,0.0,0.0,100.0,100.0,100.0,1,100.0,CHAINTRUTH
2025-11-01,SUP-039,Supplier 039,Vietnam,APAC,0.68,PLT-07,Seoul Tech,South Korea,APAC,SMB,Japan,OTIF_ERP,ERP Definition,Finance,1,1,0.0,0.0,0.0,100.0,100.0,1,100.0,CHAINTRUTH
2025-11-01,SUP-039,Supplier 039,Vietnam,APAC,0.68,PLT-03,Tokyo Precision,Japan,APAC,Enterprise,France,OTIF_ERP,ERP Definition,Finance,1,2,0.0,0.0,100.0,100.0,0.0,2,100.0,CHAINTRUTH
2025-11-01,SUP-039,Supplier 039,Vietnam,APAC,0.68,PLT-06,Sao Paulo Ops,Brazil,LATAM,Government,Australia,OTIF_ERP,ERP Definition,Finance,1,1,0.0,0.0,100.0,100.0,100.0,1,100.0,CHAINTRUTH
2025-11-01,SUP-039,Supplier 039,Vietnam,APAC,0.68,PLT-01,Munich Center,Germany,EMEA,Enterprise,Japan,OTIF_ERP,ERP Definition,Finance,1,1,0.0,0.0,0.0,100.0,0.0,1,100.0,CHAINTRUTH
2025-11-01,SUP-040,Supplier 040,China,APAC,0.96,PLT-03,Tokyo Precision,Japan,APAC,Government,Germany,OTIF_ERP,ERP Definition,Finance,1,1,0.0,0.0,100.0,100.0,100.0,1,100.0,CHAINTRUTH
2025-11-01,SUP-040,Supplier 040,China,APAC,0.96,PLT-02,Detroit Works,USA,NA,SMB,Singapore,OTIF_ERP,ERP Definition,Finance,1,1,0.0,100.0,100.0,100.0,0.0,0,0.0,CHAINTRUTH
2025-11-01,SUP-040,Supplier 040,China,APAC,0.96,PLT-02,Detroit Works,USA,NA,Government,USA,OTIF_ERP,ERP Definition,Finance,1,2,0.0,0.0,50.0,100.0,50.0,2,100.0,CHAINTRUTH
2025-11-01,SUP-040,Supplier 040,China,APAC,0.96,PLT-05,Monterrey Plant,Mexico,LATAM,SMB,Australia,OTIF_ERP,ERP Definition,Finance,1,1,0.0,0.0,100.0,100.0,100.0,1,100.0,CHAINTRUTH
2025-11-01,SUP-040,Supplier 040,China,APAC,0.96,PLT-06,Sao Paulo Ops,Brazil,LATAM,Enterprise,Germany,OTIF_ERP,ERP Definition,Finance,1,1,100.0,100.0,100.0,100.0,100.0,0,0.0,CHAINTRUTH
2025-11-01,SUP-041,Supplier 041,Germany,EMEA,0.64,PLT-08,Taipei Micro,Taiwan,APAC,Enterprise,Japan,OTIF_ERP,ERP Definition,Finance,1,1,0.0,0.0,100.0,100.0,100.0,1,100.0,CHAINTRUTH
2025-11-01,SUP-041,Supplier 041,Germany,EMEA,0.64,PLT-06,Sao Paulo Ops,Brazil,LATAM,Enterprise,Japan,OTIF_ERP,ERP Definition,Finance,1,1,0.0,0.0,0.0,100.0,0.0,1,100.0,CHAINTRUTH
2025-11-01,SUP-041,Supplier 041,Germany,EMEA,0.64,PLT-03,Tokyo Precision,Japan,APAC,SMB,Canada,OTIF_ERP,ERP Definition,Finance,1,2,0.0,0.0,100.0,50.0,50.0,2,100.0,CHAINTRUTH
2025-11-01,SUP-041,Supplier 041,Germany,EMEA,0.64,PLT-07,Seoul Tech,South Korea,APAC,Enterprise,Japan,OTIF_ERP,ERP Definition,Finance,1,1,0.0,0.0,100.0,100.0,0.0,1,100.0,CHAINTRUTH
2025-11-01,SUP-041,Supplier 041,Germany,EMEA,0.64,PLT-07,Seoul Tech,South Korea,APAC,SMB,Australia,OTIF_ERP,ERP Definition,Finance,1,1,0.0,0.0,100.0,100.0,0.0,1,100.0,CHAINTRUTH
2025-11-01,SUP-041,Supplier 041,Germany,EMEA,0.64,PLT-09,Hanoi Assembly,Vietnam,APAC,SMB,France,OTIF_ERP,ERP Definition,Finance,1,1,0.0,0.0,100.0,100.0,100.0,1,100.0,CHAINTRUTH
2025-11-01,SUP-041,Supplier 041,Germany,EMEA,0.64,PLT-04,Chennai Forge,India,APAC,Enterprise,Australia,OTIF_ERP,ERP Definition,Finance,1,1,0.0,0.0,100.0,100.0,100.0,1,100.0,CHAINTRUTH
2025-11-01,SUP-042,Supplier 042,USA,NA,0.91,PLT-04,Chennai Forge,India,APAC,SMB,UK,OTIF_ERP,ERP Definition,Finance,1,1,0.0,0.0,100.0,100.0,100.0,1,100.0,CHAINTRUTH
2025-11-01,SUP-043,Supplier 043,Japan,APAC,0.98,PLT-05,Monterrey Plant,Mexico,LATAM,SMB,Singapore,OTIF_ERP,ERP Definition,Finance,1,1,0.0,0.0,0.0,100.0,0.0,1,100.0,CHAINTRUTH
2025-11-01,SUP-043,Supplier 043,Japan,APAC,0.98,PLT-07,Seoul Tech,South Korea,APAC,SMB,Singapore,OTIF_ERP,ERP Definition,Finance,1,1,0.0,0.0,100.0,100.0,0.0,1,100.0,CHAINTRUTH
2025-11-01,SUP-043,Supplier 043,Japan,APAC,0.98,PLT-09,Hanoi Assembly,Vietnam,APAC,SMB,Canada,OTIF_ERP,ERP Definition,Finance,1,1,100.0,100.0,100.0,100.0,100.0,0,0.0,CHAINTRUTH
2025-11-01,SUP-044,Supplier 044,India,APAC,0.55,PLT-04,Chennai Forge,India,APAC,SMB,Canada,OTIF_ERP,ERP Definition,Finance,1,1,0.0,0.0,100.0,100.0,100.0,1,100.0,CHAINTRUTH
2025-11-01,SUP-044,Supplier 044,India,APAC,0.55,PLT-03,Tokyo Precision,Japan,APAC,SMB,France,OTIF_ERP,ERP Definition,Finance,1,2,0.0,0.0,100.0,100.0,50.0,2,100.0,CHAINTRUTH
2025-11-01,SUP-044,Supplier 044,India,APAC,0.55,PLT-03,Tokyo Precision,Japan,APAC,SMB,UK,OTIF_ERP,ERP Definition,Finance,1,2,0.0,0.0,100.0,100.0,0.0,2,100.0,CHAINTRUTH
2025-11-01,SUP-044,Supplier 044,India,APAC,0.55,PLT-09,Hanoi Assembly,Vietnam,APAC,SMB,Singapore,OTIF_ERP,ERP Definition,Finance,1,1,0.0,0.0,0.0,100.0,100.0,1,100.0,CHAINTRUTH
2025-11-01,SUP-044,Supplier 044,India,APAC,0.55,PLT-09,Hanoi Assembly,Vietnam,APAC,Enterprise,Australia,OTIF_ERP,ERP Definition,Finance,1,1,0.0,0.0,100.0,100.0,100.0,1,100.0,CHAINTRUTH
2025-11-01,SUP-044,Supplier 044,India,APAC,0.55,PLT-05,Monterrey Plant,Mexico,LATAM,Government,USA,OTIF_ERP,ERP Definition,Finance,1,1,0.0,0.0,100.0,100.0,100.0,1,100.0,CHAINTRUTH
2025-11-01,SUP-045,Supplier 045,Mexico,LATAM,0.92,PLT-02,Detroit Works,USA,NA,Enterprise,France,OTIF_ERP,ERP Definition,Finance,1,1,100.0,100.0,100.0,100.0,100.0,0,0.0,CHAINTRUTH
2025-11-01,SUP-045,Supplier 045,Mexico,LATAM,0.92,PLT-06,Sao Paulo Ops,Brazil,LATAM,SMB,USA,OTIF_ERP,ERP Definition,Finance,1,1,0.0,0.0,100.0,100.0,100.0,1,100.0,CHAINTRUTH
2025-11-01,SUP-045,Supplier 045,Mexico,LATAM,0.92,PLT-07,Seoul Tech,South Korea,APAC,SMB,UK,OTIF_ERP,ERP Definition,Finance,1,1,100.0,100.0,100.0,100.0,100.0,0,0.0,CHAINTRUTH
2025-11-01,SUP-045,Supplier 045,Mexico,LATAM,0.92,PLT-00,Shanghai Hub,China,APAC,Enterprise,Canada,OTIF_ERP,ERP Definition,Finance,1,1,0.0,0.0,100.0,100.0,100.0,1,100.0,CHAINTRUTH
2025-11-01,SUP-045,Supplier 045,Mexico,LATAM,0.92,PLT-05,Monterrey Plant,Mexico,LATAM,Government,Germany,OTIF_ERP,ERP Definition,Finance,1,1,0.0,0.0,0.0,100.0,0.0,1,100.0,CHAINTRUTH
2025-11-01,SUP-046,Supplier 046,Brazil,LATAM,0.96,PLT-08,Taipei Micro,Taiwan,APAC,SMB,Japan,OTIF_ERP,ERP Definition,Finance,1,2,0.0,0.0,0.0,100.0,0.0,2,100.0,CHAINTRUTH
2025-11-01,SUP-046,Supplier 046,Brazil,LATAM,0.96,PLT-09,Hanoi Assembly,Vietnam,APAC,SMB,Japan,OTIF_ERP,ERP Definition,Finance,1,1,0.0,0.0,0.0,100.0,100.0,1,100.0,CHAINTRUTH
2025-11-01,SUP-047,Supplier 047,South Korea,APAC,0.59,PLT-07,Seoul Tech,South Korea,APAC,SMB,Australia,OTIF_ERP,ERP Definition,Finance,1,1,0.0,0.0,100.0,100.0,100.0,1,100.0,CHAINTRUTH
2025-11-01,SUP-047,Supplier 047,South Korea,APAC,0.59,PLT-09,Hanoi Assembly,Vietnam,APAC,Enterprise,Japan,OTIF_ERP,ERP Definition,Finance,1,2,0.0,0.0,50.0,50.0,0.0,1,50.0,CHAINTRUTH
2025-11-01,SUP-047,Supplier 047,South Korea,APAC,0.59,PLT-07,Seoul Tech,South Korea,APAC,Enterprise,Australia,OTIF_ERP,ERP Definition,Finance,1,1,0.0,0.0,100.0,100.0,100.0,1,100.0,CHAINTRUTH
2025-11-01,SUP-047,Supplier 047,South Korea,APAC,0.59,PLT-00,Shanghai Hub,China,APAC,SMB,Canada,OTIF_ERP,ERP Definition,Finance,1,1,0.0,0.0,0.0,100.0,0.0,1,100.0,CHAINTRUTH
2025-11-01,SUP-048,Supplier 048,Taiwan,APAC,0.54,PLT-06,Sao Paulo Ops,Brazil,LATAM,SMB,Germany,OTIF_ERP,ERP Definition,Finance,1,2,0.0,0.0,50.0,100.0,50.0,2,100.0,CHAINTRUTH
2025-11-01,SUP-048,Supplier 048,Taiwan,APAC,0.54,PLT-03,Tokyo Precision,Japan,APAC,SMB,Japan,OTIF_ERP,ERP Definition,Finance,1,1,0.0,0.0,100.0,100.0,100.0,1,100.0,CHAINTRUTH
2025-11-01,SUP-049,Supplier 049,Vietnam,APAC,0.75,PLT-04,Chennai Forge,India,APAC,Enterprise,Japan,OTIF_ERP,ERP Definition,Finance,1,1,0.0,0.0,100.0,100.0,100.0,1,100.0,CHAINTRUTH
2025-11-01,SUP-049,Supplier 049,Vietnam,APAC,0.75,PLT-00,Shanghai Hub,China,APAC,Enterprise,Germany,OTIF_ERP,ERP Definition,Finance,1,1,0.0,0.0,0.0,100.0,0.0,1,100.0,CHAINTRUTH
2025-11-01,SUP-049,Supplier 049,Vietnam,APAC,0.75,PLT-00,Shanghai Hub,China,APAC,Enterprise,USA,OTIF_ERP,ERP Definition,Finance,1,1,0.0,0.0,0.0,100.0,100.0,1,100.0,CHAINTRUTH
2025-11-01,SUP-049,Supplier 049,Vietnam,APAC,0.75,PLT-04,Chennai Forge,India,APAC,SMB,Australia,OTIF_ERP,ERP Definition,Finance,1,1,0.0,0.0,100.0,100.0,0.0,1,100.0,CHAINTRUTH
2025-11-01,SUP-049,Supplier 049,Vietnam,APAC,0.75,PLT-04,Chennai Forge,India,APAC,SMB,France,OTIF_ERP,ERP Definition,Finance,1,1,0.0,0.0,0.0,100.0,0.0,1,100.0,CHAINTRUTH
2025-11-01,SUP-049,Supplier 049,Vietnam,APAC,0.75,PLT-06,Sao Paulo Ops,Brazil,LATAM,Government,UK,OTIF_ERP,ERP Definition,Finance,1,1,0.0,0.0,0.0,100.0,100.0,1,100.0,CHAINTRUTH
2025-12-01,SUP-000,Supplier 000,China,APAC,0.85,PLT-09,Hanoi Assembly,Vietnam,APAC,Government,Canada,OTIF_ERP,ERP Definition,Finance,1,1,0.0,0.0,0.0,100.0,0.0,1,100.0,CHAINTRUTH
2025-12-01,SUP-000,Supplier 000,China,APAC,0.85,PLT-02,Detroit Works,USA,NA,SMB,Australia,OTIF_ERP,ERP Definition,Finance,1,1,100.0,100.0,100.0,100.0,100.0,0,0.0,CHAINTRUTH
2025-12-01,SUP-000,Supplier 000,China,APAC,0.85,PLT-07,Seoul Tech,South Korea,APAC,Enterprise,Germany,OTIF_ERP,ERP Definition,Finance,1,1,0.0,0.0,0.0,100.0,100.0,1,100.0,CHAINTRUTH
2025-12-01,SUP-000,Supplier 000,China,APAC,0.85,PLT-05,Monterrey Plant,Mexico,LATAM,Government,USA,OTIF_ERP,ERP Definition,Finance,1,1,0.0,0.0,100.0,100.0,100.0,1,100.0,CHAINTRUTH
2025-12-01,SUP-000,Supplier 000,China,APAC,0.85,PLT-01,Munich Center,Germany,EMEA,SMB,Singapore,OTIF_ERP,ERP Definition,Finance,1,1,0.0,0.0,0.0,100.0,100.0,1,100.0,CHAINTRUTH
2025-12-01,SUP-000,Supplier 000,China,APAC,0.85,PLT-04,Chennai Forge,India,APAC,Enterprise,Japan,OTIF_ERP,ERP Definition,Finance,1,1,0.0,0.0,100.0,100.0,0.0,1,100.0,CHAINTRUTH
2025-12-01,SUP-000,Supplier 000,China,APAC,0.85,PLT-01,Munich Center,Germany,EMEA,Enterprise,Canada,OTIF_ERP,ERP Definition,Finance,1,1,0.0,0.0,100.0,100.0,100.0,1,100.0,CHAINTRUTH
2025-12-01,SUP-001,Supplier 001,Germany,EMEA,0.7,PLT-07,Seoul Tech,South Korea,APAC,Government,France,OTIF_ERP,ERP Definition,Finance,1,1,0.0,0.0,0.0,100.0,100.0,1,100.0,CHAINTRUTH
2025-12-01,SUP-001,Supplier 001,Germany,EMEA,0.7,PLT-02,Detroit Works,USA,NA,Government,Australia,OTIF_ERP,ERP Definition,Finance,1,2,50.0,50.0,100.0,100.0,50.0,1,50.0,CHAINTRUTH
2025-12-01,SUP-001,Supplier 001,Germany,EMEA,0.7,PLT-02,Detroit Works,USA,NA,SMB,Canada,OTIF_ERP,ERP Definition,Finance,1,1,100.0,100.0,0.0,100.0,100.0,1,100.0,CHAINTRUTH
2025-12-01,SUP-001,Supplier 001,Germany,EMEA,0.7,PLT-00,Shanghai Hub,China,APAC,SMB,USA,OTIF_ERP,ERP Definition,Finance,1,1,0.0,0.0,0.0,100.0,100.0,1,100.0,CHAINTRUTH
2025-12-01,SUP-001,Supplier 001,Germany,EMEA,0.7,PLT-01,Munich Center,Germany,EMEA,Government,Japan,OTIF_ERP,ERP Definition,Finance,1,1,0.0,0.0,0.0,100.0,0.0,1,100.0,CHAINTRUTH
2025-12-01,SUP-001,Supplier 001,Germany,EMEA,0.7,PLT-06,Sao Paulo Ops,Brazil,LATAM,SMB,Germany,OTIF_ERP,ERP Definition,Finance,1,1,0.0,0.0,0.0,100.0,0.0,1,100.0,CHAINTRUTH
2025-12-01,SUP-001,Supplier 001,Germany,EMEA,0.7,PLT-09,Hanoi Assembly,Vietnam,APAC,Government,Singapore,OTIF_ERP,ERP Definition,Finance,1,1,0.0,0.0,0.0,100.0,100.0,1,100.0,CHAINTRUTH
2025-12-01,SUP-002,Supplier 002,USA,NA,0.74,PLT-09,Hanoi Assembly,Vietnam,APAC,SMB,Germany,OTIF_ERP,ERP Definition,Finance,1,1,0.0,0.0,100.0,100.0,100.0,1,100.0,CHAINTRUTH
2025-12-01,SUP-002,Supplier 002,USA,NA,0.74,PLT-04,Chennai Forge,India,APAC,Government,Germany,OTIF_ERP,ERP Definition,Finance,1,1,0.0,0.0,0.0,100.0,100.0,1,100.0,CHAINTRUTH
2025-12-01,SUP-003,Supplier 003,Japan,APAC,0.64,PLT-06,Sao Paulo Ops,Brazil,LATAM,Government,Germany,OTIF_ERP,ERP Definition,Finance,1,1,0.0,0.0,0.0,100.0,100.0,1,100.0,CHAINTRUTH
2025-12-01,SUP-003,Supplier 003,Japan,APAC,0.64,PLT-06,Sao Paulo Ops,Brazil,LATAM,Government,Singapore,OTIF_ERP,ERP Definition,Finance,1,1,0.0,0.0,0.0,100.0,0.0,1,100.0,CHAINTRUTH
2025-12-01,SUP-004,Supplier 004,India,APAC,0.69,PLT-05,Monterrey Plant,Mexico,LATAM,Enterprise,Canada,OTIF_ERP,ERP Definition,Finance,1,1,0.0,0.0,0.0,100.0,100.0,1,100.0,CHAINTRUTH
2025-12-01,SUP-004,Supplier 004,India,APAC,0.69,PLT-05,Monterrey Plant,Mexico,LATAM,SMB,USA,OTIF_ERP,ERP Definition,Finance,1,1,100.0,100.0,100.0,100.0,100.0,0,0.0,CHAINTRUTH
2025-12-01,SUP-004,Supplier 004,India,APAC,0.69,PLT-08,Taipei Micro,Taiwan,APAC,Enterprise,Japan,OTIF_ERP,ERP Definition,Finance,1,1,0.0,0.0,0.0,100.0,100.0,1,100.0,CHAINTRUTH
2025-12-01,SUP-004,Supplier 004,India,APAC,0.69,PLT-04,Chennai Forge,India,APAC,SMB,Australia,OTIF_ERP,ERP Definition,Finance,1,1,0.0,0.0,100.0,100.0,100.0,1,100.0,CHAINTRUTH
2025-12-01,SUP-004,Supplier 004,India,APAC,0.69,PLT-08,Taipei Micro,Taiwan,APAC,SMB,Australia,OTIF_ERP,ERP Definition,Finance,1,1,0.0,0.0,100.0,100.0,100.0,1,100.0,CHAINTRUTH
2025-12-01,SUP-005,Supplier 005,Mexico,LATAM,0.77,PLT-02,Detroit Works,USA,NA,SMB,USA,OTIF_ERP,ERP Definition,Finance,1,2,0.0,0.0,0.0,100.0,50.0,2,100.0,CHAINTRUTH
2025-12-01,SUP-005,Supplier 005,Mexico,LATAM,0.77,PLT-01,Munich Center,Germany,EMEA,SMB,France,OTIF_ERP,ERP Definition,Finance,1,1,0.0,0.0,100.0,100.0,100.0,1,100.0,CHAINTRUTH
2025-12-01,SUP-005,Supplier 005,Mexico,LATAM,0.77,PLT-04,Chennai Forge,India,APAC,Enterprise,USA,OTIF_ERP,ERP Definition,Finance,1,2,0.0,0.0,0.0,100.0,50.0,2,100.0,CHAINTRUTH
2025-12-01,SUP-005,Supplier 005,Mexico,LATAM,0.77,PLT-04,Chennai Forge,India,APAC,Government,UK,OTIF_ERP,ERP Definition,Finance,1,1,0.0,0.0,0.0,100.0,0.0,1,100.0,CHAINTRUTH
2025-12-01,SUP-005,Supplier 005,Mexico,LATAM,0.77,PLT-03,Tokyo Precision,Japan,APAC,SMB,France,OTIF_ERP,ERP Definition,Finance,1,1,0.0,0.0,100.0,100.0,0.0,1,100.0,CHAINTRUTH
2025-12-01,SUP-005,Supplier 005,Mexico,LATAM,0.77,PLT-03,Tokyo Precision,Japan,APAC,Enterprise,Australia,OTIF_ERP,ERP Definition,Finance,1,1,0.0,0.0,0.0,100.0,100.0,1,100.0,CHAINTRUTH
2025-12-01,SUP-005,Supplier 005,Mexico,LATAM,0.77,PLT-00,Shanghai Hub,China,APAC,Enterprise,Canada,OTIF_ERP,ERP Definition,Finance,1,1,0.0,0.0,100.0,100.0,100.0,1,100.0,CHAINTRUTH
2025-12-01,SUP-005,Supplier 005,Mexico,LATAM,0.77,PLT-02,Detroit Works,USA,NA,Enterprise,Canada,OTIF_ERP,ERP Definition,Finance,1,1,0.0,0.0,0.0,100.0,100.0,1,100.0,CHAINTRUTH
2025-12-01,SUP-005,Supplier 005,Mexico,LATAM,0.77,PLT-05,Monterrey Plant,Mexico,LATAM,Government,Australia,OTIF_ERP,ERP Definition,Finance,1,2,0.0,0.0,50.0,100.0,50.0,2,100.0,CHAINTRUTH
2025-12-01,SUP-005,Supplier 005,Mexico,LATAM,0.77,PLT-05,Monterrey Plant,Mexico,LATAM,Enterprise,Germany,OTIF_ERP,ERP Definition,Finance,1,1,0.0,0.0,100.0,100.0,100.0,1,100.0,CHAINTRUTH
2025-12-01,SUP-005,Supplier 005,Mexico,LATAM,0.77,PLT-06,Sao Paulo Ops,Brazil,LATAM,SMB,Australia,OTIF_ERP,ERP Definition,Finance,1,1,0.0,0.0,100.0,100.0,0.0,1,100.0,CHAINTRUTH
2025-12-01,SUP-006,Supplier 006,Brazil,LATAM,0.61,PLT-05,Monterrey Plant,Mexico,LATAM,SMB,Singapore,OTIF_ERP,ERP Definition,Finance,1,1,0.0,0.0,100.0,100.0,100.0,1,100.0,CHAINTRUTH
2025-12-01,SUP-006,Supplier 006,Brazil,LATAM,0.61,PLT-06,Sao Paulo Ops,Brazil,LATAM,SMB,Germany,OTIF_ERP,ERP Definition,Finance,1,2,0.0,0.0,0.0,100.0,50.0,2,100.0,CHAINTRUTH
2025-12-01,SUP-006,Supplier 006,Brazil,LATAM,0.61,PLT-04,Chennai Forge,India,APAC,SMB,UK,OTIF_ERP,ERP Definition,Finance,1,1,0.0,0.0,0.0,100.0,100.0,1,100.0,CHAINTRUTH
2025-12-01,SUP-007,Supplier 007,South Korea,APAC,0.84,PLT-03,Tokyo Precision,Japan,APAC,SMB,Japan,OTIF_ERP,ERP Definition,Finance,1,2,50.0,50.0,50.0,100.0,50.0,1,50.0,CHAINTRUTH
2025-12-01,SUP-007,Supplier 007,South Korea,APAC,0.84,PLT-01,Munich Center,Germany,EMEA,Enterprise,Canada,OTIF_ERP,ERP Definition,Finance,1,1,0.0,0.0,0.0,100.0,0.0,1,100.0,CHAINTRUTH
2025-12-01,SUP-007,Supplier 007,South Korea,APAC,0.84,PLT-04,Chennai Forge,India,APAC,Government,Germany,OTIF_ERP,ERP Definition,Finance,1,1,0.0,0.0,100.0,100.0,100.0,1,100.0,CHAINTRUTH
2025-12-01,SUP-007,Supplier 007,South Korea,APAC,0.84,PLT-06,Sao Paulo Ops,Brazil,LATAM,Government,Singapore,OTIF_ERP,ERP Definition,Finance,1,1,0.0,0.0,0.0,100.0,100.0,1,100.0,CHAINTRUTH
2025-12-01,SUP-007,Supplier 007,South Korea,APAC,0.84,PLT-04,Chennai Forge,India,APAC,Enterprise,Japan,OTIF_ERP,ERP Definition,Finance,1,2,0.0,0.0,100.0,100.0,50.0,2,100.0,CHAINTRUTH
2025-12-01,SUP-008,Supplier 008,Taiwan,APAC,0.73,PLT-08,Taipei Micro,Taiwan,APAC,SMB,Canada,OTIF_ERP,ERP Definition,Finance,1,2,0.0,0.0,0.0,50.0,0.0,1,50.0,CHAINTRUTH
2025-12-01,SUP-008,Supplier 008,Taiwan,APAC,0.73,PLT-06,Sao Paulo Ops,Brazil,LATAM,Government,Germany,OTIF_ERP,ERP Definition,Finance,1,1,0.0,100.0,100.0,100.0,0.0,0,0.0,CHAINTRUTH
2025-12-01,SUP-008,Supplier 008,Taiwan,APAC,0.73,PLT-01,Munich Center,Germany,EMEA,Enterprise,Canada,OTIF_ERP,ERP Definition,Finance,1,1,0.0,0.0,0.0,100.0,100.0,1,100.0,CHAINTRUTH
2025-12-01,SUP-008,Supplier 008,Taiwan,APAC,0.73,PLT-09,Hanoi Assembly,Vietnam,APAC,SMB,USA,OTIF_ERP,ERP Definition,Finance,1,1,0.0,0.0,100.0,100.0,0.0,1,100.0,CHAINTRUTH
2025-12-01,SUP-008,Supplier 008,Taiwan,APAC,0.73,PLT-09,Hanoi Assembly,Vietnam,APAC,Enterprise,Japan,OTIF_ERP,ERP Definition,Finance,1,1,0.0,0.0,100.0,100.0,100.0,1,100.0,CHAINTRUTH
2025-12-01,SUP-008,Supplier 008,Taiwan,APAC,0.73,PLT-09,Hanoi Assembly,Vietnam,APAC,Government,Germany,OTIF_ERP,ERP Definition,Finance,1,2,0.0,0.0,50.0,100.0,50.0,2,100.0,CHAINTRUTH
2025-12-01,SUP-008,Supplier 008,Taiwan,APAC,0.73,PLT-01,Munich Center,Germany,EMEA,Enterprise,USA,OTIF_ERP,ERP Definition,Finance,1,1,0.0,0.0,0.0,100.0,100.0,1,100.0,CHAINTRUTH
2025-12-01,SUP-008,Supplier 008,Taiwan,APAC,0.73,PLT-04,Chennai Forge,India,APAC,SMB,Canada,OTIF_ERP,ERP Definition,Finance,1,1,0.0,0.0,100.0,100.0,100.0,1,100.0,CHAINTRUTH
2025-12-01,SUP-008,Supplier 008,Taiwan,APAC,0.73,PLT-03,Tokyo Precision,Japan,APAC,Government,UK,OTIF_ERP,ERP Definition,Finance,1,2,0.0,0.0,50.0,100.0,0.0,2,100.0,CHAINTRUTH
2025-12-01,SUP-009,Supplier 009,Vietnam,APAC,1.0,PLT-03,Tokyo Precision,Japan,APAC,Government,Singapore,OTIF_ERP,ERP Definition,Finance,1,1,0.0,0.0,0.0,100.0,100.0,1,100.0,CHAINTRUTH
2025-12-01,SUP-009,Supplier 009,Vietnam,APAC,1.0,PLT-04,Chennai Forge,India,APAC,SMB,Germany,OTIF_ERP,ERP Definition,Finance,1,1,100.0,100.0,100.0,100.0,100.0,0,0.0,CHAINTRUTH
2025-12-01,SUP-009,Supplier 009,Vietnam,APAC,1.0,PLT-07,Seoul Tech,South Korea,APAC,Government,USA,OTIF_ERP,ERP Definition,Finance,1,1,0.0,0.0,0.0,100.0,100.0,1,100.0,CHAINTRUTH
2025-12-01,SUP-009,Supplier 009,Vietnam,APAC,1.0,PLT-09,Hanoi Assembly,Vietnam,APAC,Enterprise,Japan,OTIF_ERP,ERP Definition,Finance,1,1,0.0,0.0,100.0,100.0,100.0,1,100.0,CHAINTRUTH
2025-12-01,SUP-009,Supplier 009,Vietnam,APAC,1.0,PLT-03,Tokyo Precision,Japan,APAC,Government,USA,OTIF_ERP,ERP Definition,Finance,1,1,0.0,0.0,0.0,100.0,100.0,1,100.0,CHAINTRUTH
2025-12-01,SUP-009,Supplier 009,Vietnam,APAC,1.0,PLT-00,Shanghai Hub,China,APAC,SMB,Japan,OTIF_ERP,ERP Definition,Finance,1,1,0.0,0.0,0.0,100.0,0.0,1,100.0,CHAINTRUTH
2025-12-01,SUP-009,Supplier 009,Vietnam,APAC,1.0,PLT-00,Shanghai Hub,China,APAC,Enterprise,Japan,OTIF_ERP,ERP Definition,Finance,1,1,0.0,0.0,100.0,100.0,100.0,1,100.0,CHAINTRUTH
2025-12-01,SUP-009,Supplier 009,Vietnam,APAC,1.0,PLT-08,Taipei Micro,Taiwan,APAC,Government,Japan,OTIF_ERP,ERP Definition,Finance,1,1,0.0,0.0,0.0,100.0,100.0,1,100.0,CHAINTRUTH
2025-12-01,SUP-009,Supplier 009,Vietnam,APAC,1.0,PLT-05,Monterrey Plant,Mexico,LATAM,SMB,Canada,OTIF_ERP,ERP Definition,Finance,1,2,50.0,50.0,50.0,100.0,50.0,1,50.0,CHAINTRUTH
2025-12-01,SUP-009,Supplier 009,Vietnam,APAC,1.0,PLT-04,Chennai Forge,India,APAC,Enterprise,UK,OTIF_ERP,ERP Definition,Finance,1,2,0.0,0.0,0.0,100.0,50.0,2,100.0,CHAINTRUTH
2025-12-01,SUP-010,Supplier 010,China,APAC,0.76,PLT-07,Seoul Tech,South Korea,APAC,Enterprise,USA,OTIF_ERP,ERP Definition,Finance,1,1,0.0,0.0,100.0,100.0,0.0,1,100.0,CHAINTRUTH
2025-12-01,SUP-010,Supplier 010,China,APAC,0.76,PLT-01,Munich Center,Germany,EMEA,SMB,Germany,OTIF_ERP,ERP Definition,Finance,1,2,0.0,0.0,50.0,100.0,0.0,2,100.0,CHAINTRUTH
2025-12-01,SUP-010,Supplier 010,China,APAC,0.76,PLT-04,Chennai Forge,India,APAC,Government,Japan,OTIF_ERP,ERP Definition,Finance,1,1,0.0,0.0,0.0,100.0,100.0,1,100.0,CHAINTRUTH
2025-12-01,SUP-010,Supplier 010,China,APAC,0.76,PLT-05,Monterrey Plant,Mexico,LATAM,SMB,UK,OTIF_ERP,ERP Definition,Finance,1,1,0.0,100.0,100.0,100.0,0.0,0,0.0,CHAINTRUTH
2025-12-01,SUP-010,Supplier 010,China,APAC,0.76,PLT-06,Sao Paulo Ops,Brazil,LATAM,Enterprise,Canada,OTIF_ERP,ERP Definition,Finance,1,1,0.0,0.0,100.0,100.0,0.0,1,100.0,CHAINTRUTH
2025-12-01,SUP-010,Supplier 010,China,APAC,0.76,PLT-08,Taipei Micro,Taiwan,APAC,Government,Australia,OTIF_ERP,ERP Definition,Finance,1,1,0.0,0.0,0.0,100.0,100.0,1,100.0,CHAINTRUTH
2025-12-01,SUP-010,Supplier 010,China,APAC,0.76,PLT-02,Detroit Works,USA,NA,SMB,USA,OTIF_ERP,ERP Definition,Finance,1,1,0.0,0.0,0.0,100.0,100.0,1,100.0,CHAINTRUTH
2025-12-01,SUP-010,Supplier 010,China,APAC,0.76,PLT-09,Hanoi Assembly,Vietnam,APAC,SMB,Canada,OTIF_ERP,ERP Definition,Finance,1,1,0.0,100.0,100.0,100.0,0.0,0,0.0,CHAINTRUTH
2025-12-01,SUP-011,Supplier 011,Germany,EMEA,0.53,PLT-03,Tokyo Precision,Japan,APAC,Government,France,OTIF_ERP,ERP Definition,Finance,1,1,0.0,0.0,0.0,100.0,100.0,1,100.0,CHAINTRUTH
2025-12-01,SUP-011,Supplier 011,Germany,EMEA,0.53,PLT-01,Munich Center,Germany,EMEA,SMB,Australia,OTIF_ERP,ERP Definition,Finance,1,1,0.0,0.0,100.0,100.0,100.0,1,100.0,CHAINTRUTH
2025-12-01,SUP-011,Supplier 011,Germany,EMEA,0.53,PLT-07,Seoul Tech,South Korea,APAC,SMB,UK,OTIF_ERP,ERP Definition,Finance,1,1,0.0,0.0,100.0,100.0,100.0,1,100.0,CHAINTRUTH
2025-12-01,SUP-012,Supplier 012,USA,NA,0.66,PLT-00,Shanghai Hub,China,APAC,SMB,Japan,OTIF_ERP,ERP Definition,Finance,1,2,0.0,0.0,0.0,100.0,50.0,2,100.0,CHAINTRUTH
2025-12-01,SUP-012,Supplier 012,USA,NA,0.66,PLT-06,Sao Paulo Ops,Brazil,LATAM,SMB,Australia,OTIF_ERP,ERP Definition,Finance,1,1,0.0,0.0,100.0,100.0,100.0,1,100.0,CHAINTRUTH
2025-12-01,SUP-013,Supplier 013,Japan,APAC,0.89,PLT-00,Shanghai Hub,China,APAC,Government,USA,OTIF_ERP,ERP Definition,Finance,1,2,0.0,0.0,100.0,100.0,50.0,2,100.0,CHAINTRUTH
2025-12-01,SUP-013,Supplier 013,Japan,APAC,0.89,PLT-00,Shanghai Hub,China,APAC,Enterprise,USA,OTIF_ERP,ERP Definition,Finance,1,1,0.0,0.0,100.0,100.0,100.0,1,100.0,CHAINTRUTH
2025-12-01,SUP-013,Supplier 013,Japan,APAC,0.89,PLT-05,Monterrey Plant,Mexico,LATAM,SMB,Singapore,OTIF_ERP,ERP Definition,Finance,1,1,0.0,0.0,0.0,100.0,0.0,1,100.0,CHAINTRUTH
2025-12-01,SUP-013,Supplier 013,Japan,APAC,0.89,PLT-04,Chennai Forge,India,APAC,Enterprise,Canada,OTIF_ERP,ERP Definition,Finance,1,1,0.0,0.0,0.0,100.0,100.0,1,100.0,CHAINTRUTH
2025-12-01,SUP-013,Supplier 013,Japan,APAC,0.89,PLT-09,Hanoi Assembly,Vietnam,APAC,SMB,Germany,OTIF_ERP,ERP Definition,Finance,1,1,0.0,0.0,100.0,100.0,0.0,1,100.0,CHAINTRUTH
2025-12-01,SUP-013,Supplier 013,Japan,APAC,0.89,PLT-07,Seoul Tech,South Korea,APAC,SMB,Singapore,OTIF_ERP,ERP Definition,Finance,1,1,100.0,100.0,100.0,100.0,100.0,0,0.0,CHAINTRUTH
2025-12-01,SUP-014,Supplier 014,India,APAC,0.95,PLT-06,Sao Paulo Ops,Brazil,LATAM,SMB,France,OTIF_ERP,ERP Definition,Finance,1,1,0.0,0.0,0.0,100.0,100.0,1,100.0,CHAINTRUTH
2025-12-01,SUP-014,Supplier 014,India,APAC,0.95,PLT-06,Sao Paulo Ops,Brazil,LATAM,SMB,Singapore,OTIF_ERP,ERP Definition,Finance,1,2,0.0,0.0,50.0,100.0,50.0,2,100.0,CHAINTRUTH
2025-12-01,SUP-014,Supplier 014,India,APAC,0.95,PLT-09,Hanoi Assembly,Vietnam,APAC,SMB,Canada,OTIF_ERP,ERP Definition,Finance,1,2,0.0,0.0,50.0,100.0,50.0,2,100.0,CHAINTRUTH
2025-12-01,SUP-014,Supplier 014,India,APAC,0.95,PLT-07,Seoul Tech,South Korea,APAC,SMB,Australia,OTIF_ERP,ERP Definition,Finance,1,1,0.0,0.0,100.0,100.0,100.0,1,100.0,CHAINTRUTH
2025-12-01,SUP-015,Supplier 015,Mexico,LATAM,0.75,PLT-06,Sao Paulo Ops,Brazil,LATAM,Government,Singapore,OTIF_ERP,ERP Definition,Finance,1,1,100.0,100.0,100.0,100.0,100.0,0,0.0,CHAINTRUTH
2025-12-01,SUP-015,Supplier 015,Mexico,LATAM,0.75,PLT-01,Munich Center,Germany,EMEA,Government,Germany,OTIF_ERP,ERP Definition,Finance,1,1,0.0,100.0,0.0,100.0,0.0,1,100.0,CHAINTRUTH
2025-12-01,SUP-016,Supplier 016,Brazil,LATAM,0.66,PLT-01,Munich Center,Germany,EMEA,Enterprise,Germany,OTIF_ERP,ERP Definition,Finance,1,1,0.0,0.0,100.0,100.0,0.0,1,100.0,CHAINTRUTH
2025-12-01,SUP-016,Supplier 016,Brazil,LATAM,0.66,PLT-09,Hanoi Assembly,Vietnam,APAC,Government,UK,OTIF_ERP,ERP Definition,Finance,1,1,0.0,0.0,0.0,100.0,0.0,1,100.0,CHAINTRUTH
2025-12-01,SUP-016,Supplier 016,Brazil,LATAM,0.66,PLT-02,Detroit Works,USA,NA,SMB,Canada,OTIF_ERP,ERP Definition,Finance,1,1,0.0,0.0,0.0,100.0,0.0,1,100.0,CHAINTRUTH
2025-12-01,SUP-017,Supplier 017,South Korea,APAC,0.89,PLT-06,Sao Paulo Ops,Brazil,LATAM,Enterprise,Canada,OTIF_ERP,ERP Definition,Finance,1,1,100.0,100.0,100.0,100.0,100.0,0,0.0,CHAINTRUTH
2025-12-01,SUP-017,Supplier 017,South Korea,APAC,0.89,PLT-00,Shanghai Hub,China,APAC,SMB,Germany,OTIF_ERP,ERP Definition,Finance,1,2,0.0,50.0,50.0,100.0,0.0,1,50.0,CHAINTRUTH
2025-12-01,SUP-017,Supplier 017,South Korea,APAC,0.89,PLT-03,Tokyo Precision,Japan,APAC,Government,France,OTIF_ERP,ERP Definition,Finance,1,1,0.0,0.0,100.0,100.0,100.0,1,100.0,CHAINTRUTH
2025-12-01,SUP-017,Supplier 017,South Korea,APAC,0.89,PLT-04,Chennai Forge,India,APAC,Enterprise,Japan,OTIF_ERP,ERP Definition,Finance,1,2,0.0,0.0,0.0,100.0,50.0,2,100.0,CHAINTRUTH
2025-12-01,SUP-018,Supplier 018,Taiwan,APAC,0.75,PLT-05,Monterrey Plant,Mexico,LATAM,SMB,Canada,OTIF_ERP,ERP Definition,Finance,1,1,0.0,0.0,0.0,100.0,0.0,1,100.0,CHAINTRUTH
2025-12-01,SUP-018,Supplier 018,Taiwan,APAC,0.75,PLT-00,Shanghai Hub,China,APAC,SMB,Australia,OTIF_ERP,ERP Definition,Finance,1,1,0.0,0.0,100.0,100.0,100.0,1,100.0,CHAINTRUTH
2025-12-01,SUP-018,Supplier 018,Taiwan,APAC,0.75,PLT-09,Hanoi Assembly,Vietnam,APAC,Government,Singapore,OTIF_ERP,ERP Definition,Finance,1,1,0.0,0.0,100.0,100.0,100.0,1,100.0,CHAINTRUTH
2025-12-01,SUP-018,Supplier 018,Taiwan,APAC,0.75,PLT-07,Seoul Tech,South Korea,APAC,Enterprise,Germany,OTIF_ERP,ERP Definition,Finance,1,1,0.0,0.0,100.0,100.0,100.0,1,100.0,CHAINTRUTH
2025-12-01,SUP-018,Supplier 018,Taiwan,APAC,0.75,PLT-05,Monterrey Plant,Mexico,LATAM,SMB,UK,OTIF_ERP,ERP Definition,Finance,1,1,0.0,0.0,0.0,100.0,100.0,1,100.0,CHAINTRUTH
2025-12-01,SUP-019,Supplier 019,Vietnam,APAC,0.57,PLT-03,Tokyo Precision,Japan,APAC,Enterprise,France,OTIF_ERP,ERP Definition,Finance,1,1,0.0,0.0,0.0,100.0,100.0,1,100.0,CHAINTRUTH
2025-12-01,SUP-019,Supplier 019,Vietnam,APAC,0.57,PLT-05,Monterrey Plant,Mexico,LATAM,SMB,Singapore,OTIF_ERP,ERP Definition,Finance,1,2,0.0,0.0,0.0,100.0,50.0,2,100.0,CHAINTRUTH
2025-12-01,SUP-019,Supplier 019,Vietnam,APAC,0.57,PLT-00,Shanghai Hub,China,APAC,SMB,UK,OTIF_ERP,ERP Definition,Finance,1,1,0.0,0.0,100.0,100.0,100.0,1,100.0,CHAINTRUTH
2025-12-01,SUP-019,Supplier 019,Vietnam,APAC,0.57,PLT-09,Hanoi Assembly,Vietnam,APAC,Enterprise,Singapore,OTIF_ERP,ERP Definition,Finance,1,1,0.0,0.0,0.0,100.0,100.0,1,100.0,CHAINTRUTH
2025-12-01,SUP-019,Supplier 019,Vietnam,APAC,0.57,PLT-08,Taipei Micro,Taiwan,APAC,Enterprise,Australia,OTIF_ERP,ERP Definition,Finance,1,1,0.0,0.0,0.0,100.0,0.0,1,100.0,CHAINTRUTH
2025-12-01,SUP-019,Supplier 019,Vietnam,APAC,0.57,PLT-00,Shanghai Hub,China,APAC,SMB,Germany,OTIF_ERP,ERP Definition,Finance,1,1,0.0,0.0,0.0,100.0,100.0,1,100.0,CHAINTRUTH
2025-12-01,SUP-019,Supplier 019,Vietnam,APAC,0.57,PLT-09,Hanoi Assembly,Vietnam,APAC,SMB,Germany,OTIF_ERP,ERP Definition,Finance,1,1,0.0,0.0,0.0,100.0,0.0,1,100.0,CHAINTRUTH
2025-12-01,SUP-020,Supplier 020,China,APAC,0.6,PLT-02,Detroit Works,USA,NA,SMB,Germany,OTIF_ERP,ERP Definition,Finance,1,1,0.0,0.0,0.0,100.0,100.0,1,100.0,CHAINTRUTH
2025-12-01,SUP-020,Supplier 020,China,APAC,0.6,PLT-01,Munich Center,Germany,EMEA,SMB,Canada,OTIF_ERP,ERP Definition,Finance,1,1,0.0,0.0,0.0,100.0,100.0,1,100.0,CHAINTRUTH
2025-12-01,SUP-020,Supplier 020,China,APAC,0.6,PLT-02,Detroit Works,USA,NA,Enterprise,Germany,OTIF_ERP,ERP Definition,Finance,1,1,0.0,0.0,0.0,100.0,100.0,1,100.0,CHAINTRUTH
2025-12-01,SUP-020,Supplier 020,China,APAC,0.6,PLT-08,Taipei Micro,Taiwan,APAC,SMB,Germany,OTIF_ERP,ERP Definition,Finance,1,1,0.0,0.0,0.0,100.0,100.0,1,100.0,CHAINTRUTH
2025-12-01,SUP-020,Supplier 020,China,APAC,0.6,PLT-06,Sao Paulo Ops,Brazil,LATAM,SMB,Singapore,OTIF_ERP,ERP Definition,Finance,1,1,0.0,0.0,100.0,100.0,100.0,1,100.0,CHAINTRUTH
2025-12-01,SUP-020,Supplier 020,China,APAC,0.6,PLT-00,Shanghai Hub,China,APAC,SMB,Australia,OTIF_ERP,ERP Definition,Finance,1,1,0.0,0.0,0.0,100.0,100.0,1,100.0,CHAINTRUTH
2025-12-01,SUP-020,Supplier 020,China,APAC,0.6,PLT-05,Monterrey Plant,Mexico,LATAM,SMB,France,OTIF_ERP,ERP Definition,Finance,1,1,0.0,0.0,100.0,100.0,0.0,1,100.0,CHAINTRUTH
2025-12-01,SUP-021,Supplier 021,Germany,EMEA,0.75,PLT-05,Monterrey Plant,Mexico,LATAM,SMB,Australia,OTIF_ERP,ERP Definition,Finance,1,2,0.0,0.0,100.0,50.0,50.0,2,100.0,CHAINTRUTH
2025-12-01,SUP-021,Supplier 021,Germany,EMEA,0.75,PLT-07,Seoul Tech,South Korea,APAC,Enterprise,France,OTIF_ERP,ERP Definition,Finance,1,1,0.0,0.0,100.0,100.0,100.0,1,100.0,CHAINTRUTH
2025-12-01,SUP-021,Supplier 021,Germany,EMEA,0.75,PLT-07,Seoul Tech,South Korea,APAC,Enterprise,Canada,OTIF_ERP,ERP Definition,Finance,1,1,0.0,0.0,0.0,100.0,100.0,1,100.0,CHAINTRUTH
2025-12-01,SUP-021,Supplier 021,Germany,EMEA,0.75,PLT-02,Detroit Works,USA,NA,SMB,Canada,OTIF_ERP,ERP Definition,Finance,1,1,0.0,100.0,100.0,100.0,0.0,0,0.0,CHAINTRUTH
2025-12-01,SUP-021,Supplier 021,Germany,EMEA,0.75,PLT-02,Detroit Works,USA,NA,SMB,UK,OTIF_ERP,ERP Definition,Finance,1,1,100.0,100.0,100.0,100.0,100.0,0,0.0,CHAINTRUTH
2025-12-01,SUP-022,Supplier 022,USA,NA,0.8,PLT-00,Shanghai Hub,China,APAC,Government,UK,OTIF_ERP,ERP Definition,Finance,1,1,0.0,0.0,0.0,100.0,0.0,1,100.0,CHAINTRUTH
2025-12-01,SUP-022,Supplier 022,USA,NA,0.8,PLT-03,Tokyo Precision,Japan,APAC,SMB,Australia,OTIF_ERP,ERP Definition,Finance,1,1,0.0,0.0,0.0,100.0,100.0,1,100.0,CHAINTRUTH
2025-12-01,SUP-023,Supplier 023,Japan,APAC,0.98,PLT-09,Hanoi Assembly,Vietnam,APAC,Enterprise,UK,OTIF_ERP,ERP Definition,Finance,1,1,0.0,0.0,0.0,100.0,100.0,1,100.0,CHAINTRUTH
2025-12-01,SUP-023,Supplier 023,Japan,APAC,0.98,PLT-06,Sao Paulo Ops,Brazil,LATAM,SMB,Singapore,OTIF_ERP,ERP Definition,Finance,1,1,0.0,0.0,100.0,100.0,100.0,1,100.0,CHAINTRUTH
2025-12-01,SUP-023,Supplier 023,Japan,APAC,0.98,PLT-09,Hanoi Assembly,Vietnam,APAC,SMB,Australia,OTIF_ERP,ERP Definition,Finance,1,1,0.0,0.0,0.0,100.0,100.0,1,100.0,CHAINTRUTH
2025-12-01,SUP-023,Supplier 023,Japan,APAC,0.98,PLT-02,Detroit Works,USA,NA,Government,Canada,OTIF_ERP,ERP Definition,Finance,1,2,50.0,50.0,100.0,100.0,50.0,1,50.0,CHAINTRUTH
2025-12-01,SUP-023,Supplier 023,Japan,APAC,0.98,PLT-03,Tokyo Precision,Japan,APAC,SMB,Canada,OTIF_ERP,ERP Definition,Finance,1,1,0.0,0.0,100.0,100.0,100.0,1,100.0,CHAINTRUTH
2025-12-01,SUP-023,Supplier 023,Japan,APAC,0.98,PLT-07,Seoul Tech,South Korea,APAC,SMB,UK,OTIF_ERP,ERP Definition,Finance,1,1,100.0,100.0,100.0,100.0,100.0,0,0.0,CHAINTRUTH
2025-12-01,SUP-023,Supplier 023,Japan,APAC,0.98,PLT-08,Taipei Micro,Taiwan,APAC,SMB,UK,OTIF_ERP,ERP Definition,Finance,1,1,0.0,0.0,0.0,100.0,0.0,1,100.0,CHAINTRUTH
2025-12-01,SUP-023,Supplier 023,Japan,APAC,0.98,PLT-01,Munich Center,Germany,EMEA,Enterprise,Singapore,OTIF_ERP,ERP Definition,Finance,1,1,0.0,0.0,100.0,100.0,0.0,1,100.0,CHAINTRUTH
2025-12-01,SUP-023,Supplier 023,Japan,APAC,0.98,PLT-00,Shanghai Hub,China,APAC,SMB,France,OTIF_ERP,ERP Definition,Finance,1,1,0.0,0.0,100.0,100.0,100.0,1,100.0,CHAINTRUTH
2025-12-01,SUP-024,Supplier 024,India,APAC,0.89,PLT-00,Shanghai Hub,China,APAC,SMB,UK,OTIF_ERP,ERP Definition,Finance,1,1,0.0,0.0,100.0,100.0,100.0,1,100.0,CHAINTRUTH
2025-12-01,SUP-024,Supplier 024,India,APAC,0.89,PLT-04,Chennai Forge,India,APAC,Government,USA,OTIF_ERP,ERP Definition,Finance,1,1,0.0,0.0,100.0,100.0,100.0,1,100.0,CHAINTRUTH
2025-12-01,SUP-024,Supplier 024,India,APAC,0.89,PLT-08,Taipei Micro,Taiwan,APAC,SMB,Australia,OTIF_ERP,ERP Definition,Finance,1,1,0.0,0.0,0.0,100.0,0.0,1,100.0,CHAINTRUTH
2025-12-01,SUP-024,Supplier 024,India,APAC,0.89,PLT-09,Hanoi Assembly,Vietnam,APAC,SMB,UK,OTIF_ERP,ERP Definition,Finance,1,1,0.0,0.0,100.0,100.0,0.0,1,100.0,CHAINTRUTH
2025-12-01,SUP-025,Supplier 025,Mexico,LATAM,0.71,PLT-03,Tokyo Precision,Japan,APAC,Government,Singapore,OTIF_ERP,ERP Definition,Finance,1,1,0.0,0.0,100.0,100.0,100.0,1,100.0,CHAINTRUTH
2025-12-01,SUP-025,Supplier 025,Mexico,LATAM,0.71,PLT-05,Monterrey Plant,Mexico,LATAM,SMB,UK,OTIF_ERP,ERP Definition,Finance,1,1,0.0,0.0,0.0,100.0,100.0,1,100.0,CHAINTRUTH
2025-12-01,SUP-025,Supplier 025,Mexico,LATAM,0.71,PLT-00,Shanghai Hub,China,APAC,SMB,France,OTIF_ERP,ERP Definition,Finance,1,1,0.0,0.0,100.0,100.0,100.0,1,100.0,CHAINTRUTH
2025-12-01,SUP-025,Supplier 025,Mexico,LATAM,0.71,PLT-04,Chennai Forge,India,APAC,Government,Germany,OTIF_ERP,ERP Definition,Finance,1,1,0.0,0.0,100.0,100.0,0.0,1,100.0,CHAINTRUTH
2025-12-01,SUP-025,Supplier 025,Mexico,LATAM,0.71,PLT-04,Chennai Forge,India,APAC,SMB,Australia,OTIF_ERP,ERP Definition,Finance,1,1,0.0,0.0,0.0,100.0,100.0,1,100.0,CHAINTRUTH
2025-12-01,SUP-026,Supplier 026,Brazil,LATAM,0.73,PLT-04,Chennai Forge,India,APAC,SMB,Canada,OTIF_ERP,ERP Definition,Finance,1,1,0.0,0.0,100.0,100.0,100.0,1,100.0,CHAINTRUTH
2025-12-01,SUP-026,Supplier 026,Brazil,LATAM,0.73,PLT-02,Detroit Works,USA,NA,Government,Singapore,OTIF_ERP,ERP Definition,Finance,1,1,0.0,0.0,0.0,100.0,100.0,1,100.0,CHAINTRUTH
2025-12-01,SUP-026,Supplier 026,Brazil,LATAM,0.73,PLT-02,Detroit Works,USA,NA,SMB,Japan,OTIF_ERP,ERP Definition,Finance,1,1,0.0,0.0,0.0,100.0,100.0,1,100.0,CHAINTRUTH
2025-12-01,SUP-026,Supplier 026,Brazil,LATAM,0.73,PLT-03,Tokyo Precision,Japan,APAC,Enterprise,Germany,OTIF_ERP,ERP Definition,Finance,1,2,0.0,0.0,50.0,50.0,50.0,2,100.0,CHAINTRUTH
2025-12-01,SUP-026,Supplier 026,Brazil,LATAM,0.73,PLT-08,Taipei Micro,Taiwan,APAC,SMB,Germany,OTIF_ERP,ERP Definition,Finance,1,1,0.0,0.0,0.0,100.0,100.0,1,100.0,CHAINTRUTH
2025-12-01,SUP-026,Supplier 026,Brazil,LATAM,0.73,PLT-09,Hanoi Assembly,Vietnam,APAC,Enterprise,Singapore,OTIF_ERP,ERP Definition,Finance,1,1,0.0,0.0,0.0,100.0,100.0,1,100.0,CHAINTRUTH
2025-12-01,SUP-027,Supplier 027,South Korea,APAC,0.94,PLT-03,Tokyo Precision,Japan,APAC,Enterprise,Australia,OTIF_ERP,ERP Definition,Finance,1,1,0.0,0.0,100.0,100.0,100.0,1,100.0,CHAINTRUTH
2025-12-01,SUP-027,Supplier 027,South Korea,APAC,0.94,PLT-03,Tokyo Precision,Japan,APAC,SMB,Singapore,OTIF_ERP,ERP Definition,Finance,1,1,0.0,0.0,100.0,100.0,100.0,1,100.0,CHAINTRUTH
2025-12-01,SUP-027,Supplier 027,South Korea,APAC,0.94,PLT-06,Sao Paulo Ops,Brazil,LATAM,Enterprise,Japan,OTIF_ERP,ERP Definition,Finance,1,1,0.0,0.0,0.0,100.0,100.0,1,100.0,CHAINTRUTH
2025-12-01,SUP-027,Supplier 027,South Korea,APAC,0.94,PLT-01,Munich Center,Germany,EMEA,SMB,France,OTIF_ERP,ERP Definition,Finance,1,1,0.0,0.0,0.0,100.0,0.0,1,100.0,CHAINTRUTH
2025-12-01,SUP-027,Supplier 027,South Korea,APAC,0.94,PLT-02,Detroit Works,USA,NA,SMB,Germany,OTIF_ERP,ERP Definition,Finance,1,1,100.0,100.0,100.0,100.0,100.0,0,0.0,CHAINTRUTH
2025-12-01,SUP-027,Supplier 027,South Korea,APAC,0.94,PLT-01,Munich Center,Germany,EMEA,Enterprise,Canada,OTIF_ERP,ERP Definition,Finance,1,1,100.0,100.0,100.0,100.0,100.0,0,0.0,CHAINTRUTH
2025-12-01,SUP-028,Supplier 028,Taiwan,APAC,0.84,PLT-03,Tokyo Precision,Japan,APAC,SMB,Germany,OTIF_ERP,ERP Definition,Finance,1,2,0.0,0.0,50.0,100.0,50.0,2,100.0,CHAINTRUTH
2025-12-01,SUP-028,Supplier 028,Taiwan,APAC,0.84,PLT-04,Chennai Forge,India,APAC,SMB,UK,OTIF_ERP,ERP Definition,Finance,1,1,0.0,0.0,100.0,100.0,100.0,1,100.0,CHAINTRUTH
2025-12-01,SUP-028,Supplier 028,Taiwan,APAC,0.84,PLT-00,Shanghai Hub,China,APAC,Government,Germany,OTIF_ERP,ERP Definition,Finance,1,1,0.0,0.0,100.0,100.0,100.0,1,100.0,CHAINTRUTH
2025-12-01,SUP-028,Supplier 028,Taiwan,APAC,0.84,PLT-00,Shanghai Hub,China,APAC,Government,USA,OTIF_ERP,ERP Definition,Finance,1,1,0.0,0.0,100.0,100.0,100.0,1,100.0,CHAINTRUTH
2025-12-01,SUP-028,Supplier 028,Taiwan,APAC,0.84,PLT-02,Detroit Works,USA,NA,Enterprise,USA,OTIF_ERP,ERP Definition,Finance,1,1,0.0,0.0,0.0,100.0,0.0,1,100.0,CHAINTRUTH
2025-12-01,SUP-028,Supplier 028,Taiwan,APAC,0.84,PLT-06,Sao Paulo Ops,Brazil,LATAM,SMB,Singapore,OTIF_ERP,ERP Definition,Finance,1,1,0.0,0.0,100.0,100.0,100.0,1,100.0,CHAINTRUTH
2025-12-01,SUP-029,Supplier 029,Vietnam,APAC,0.51,PLT-08,Taipei Micro,Taiwan,APAC,SMB,Canada,OTIF_ERP,ERP Definition,Finance,1,1,0.0,0.0,0.0,100.0,100.0,1,100.0,CHAINTRUTH
2025-12-01,SUP-029,Supplier 029,Vietnam,APAC,0.51,PLT-05,Monterrey Plant,Mexico,LATAM,Enterprise,Germany,OTIF_ERP,ERP Definition,Finance,1,1,0.0,0.0,0.0,100.0,100.0,1,100.0,CHAINTRUTH
2025-12-01,SUP-029,Supplier 029,Vietnam,APAC,0.51,PLT-06,Sao Paulo Ops,Brazil,LATAM,SMB,Canada,OTIF_ERP,ERP Definition,Finance,1,1,0.0,0.0,0.0,100.0,100.0,1,100.0,CHAINTRUTH
2025-12-01,SUP-029,Supplier 029,Vietnam,APAC,0.51,PLT-04,Chennai Forge,India,APAC,Government,Germany,OTIF_ERP,ERP Definition,Finance,1,1,0.0,0.0,0.0,100.0,0.0,1,100.0,CHAINTRUTH
2025-12-01,SUP-029,Supplier 029,Vietnam,APAC,0.51,PLT-06,Sao Paulo Ops,Brazil,LATAM,Enterprise,USA,OTIF_ERP,ERP Definition,Finance,1,2,0.0,0.0,50.0,100.0,0.0,2,100.0,CHAINTRUTH
2025-12-01,SUP-029,Supplier 029,Vietnam,APAC,0.51,PLT-03,Tokyo Precision,Japan,APAC,SMB,UK,OTIF_ERP,ERP Definition,Finance,1,1,0.0,0.0,0.0,100.0,100.0,1,100.0,CHAINTRUTH
2025-12-01,SUP-029,Supplier 029,Vietnam,APAC,0.51,PLT-04,Chennai Forge,India,APAC,SMB,Canada,OTIF_ERP,ERP Definition,Finance,1,1,0.0,0.0,0.0,100.0,100.0,1,100.0,CHAINTRUTH
2025-12-01,SUP-029,Supplier 029,Vietnam,APAC,0.51,PLT-07,Seoul Tech,South Korea,APAC,Government,USA,OTIF_ERP,ERP Definition,Finance,1,2,0.0,0.0,50.0,100.0,50.0,2,100.0,CHAINTRUTH
2025-12-01,SUP-029,Supplier 029,Vietnam,APAC,0.51,PLT-00,Shanghai Hub,China,APAC,SMB,Singapore,OTIF_ERP,ERP Definition,Finance,2,2,0.0,0.0,0.0,100.0,100.0,2,100.0,CHAINTRUTH
2025-12-01,SUP-029,Supplier 029,Vietnam,APAC,0.51,PLT-02,Detroit Works,USA,NA,Government,USA,OTIF_ERP,ERP Definition,Finance,1,1,100.0,100.0,100.0,100.0,100.0,0,0.0,CHAINTRUTH
2025-12-01,SUP-029,Supplier 029,Vietnam,APAC,0.51,PLT-00,Shanghai Hub,China,APAC,SMB,Canada,OTIF_ERP,ERP Definition,Finance,1,1,0.0,0.0,0.0,100.0,100.0,1,100.0,CHAINTRUTH
2025-12-01,SUP-030,Supplier 030,China,APAC,0.59,PLT-03,Tokyo Precision,Japan,APAC,SMB,Germany,OTIF_ERP,ERP Definition,Finance,1,1,0.0,0.0,100.0,100.0,0.0,1,100.0,CHAINTRUTH
2025-12-01,SUP-030,Supplier 030,China,APAC,0.59,PLT-03,Tokyo Precision,Japan,APAC,Government,Germany,OTIF_ERP,ERP Definition,Finance,1,1,0.0,0.0,0.0,100.0,0.0,1,100.0,CHAINTRUTH
2025-12-01,SUP-030,Supplier 030,China,APAC,0.59,PLT-08,Taipei Micro,Taiwan,APAC,Government,Singapore,OTIF_ERP,ERP Definition,Finance,1,1,0.0,0.0,0.0,100.0,100.0,1,100.0,CHAINTRUTH
2025-12-01,SUP-030,Supplier 030,China,APAC,0.59,PLT-04,Chennai Forge,India,APAC,SMB,UK,OTIF_ERP,ERP Definition,Finance,1,1,0.0,0.0,0.0,100.0,100.0,1,100.0,CHAINTRUTH
2025-12-01,SUP-030,Supplier 030,China,APAC,0.59,PLT-09,Hanoi Assembly,Vietnam,APAC,Government,Germany,OTIF_ERP,ERP Definition,Finance,1,1,0.0,0.0,0.0,100.0,100.0,1,100.0,CHAINTRUTH
2025-12-01,SUP-031,Supplier 031,Germany,EMEA,0.92,PLT-01,Munich Center,Germany,EMEA,SMB,Germany,OTIF_ERP,ERP Definition,Finance,1,1,0.0,0.0,0.0,100.0,100.0,1,100.0,CHAINTRUTH
2025-12-01,SUP-031,Supplier 031,Germany,EMEA,0.92,PLT-06,Sao Paulo Ops,Brazil,LATAM,SMB,Singapore,OTIF_ERP,ERP Definition,Finance,1,1,0.0,0.0,100.0,100.0,100.0,1,100.0,CHAINTRUTH
2025-12-01,SUP-031,Supplier 031,Germany,EMEA,0.92,PLT-02,Detroit Works,USA,NA,Enterprise,USA,OTIF_ERP,ERP Definition,Finance,1,2,50.0,50.0,50.0,100.0,50.0,1,50.0,CHAINTRUTH
2025-12-01,SUP-031,Supplier 031,Germany,EMEA,0.92,PLT-05,Monterrey Plant,Mexico,LATAM,SMB,UK,OTIF_ERP,ERP Definition,Finance,1,2,0.0,0.0,50.0,100.0,0.0,2,100.0,CHAINTRUTH
2025-12-01,SUP-032,Supplier 032,USA,NA,0.78,PLT-08,Taipei Micro,Taiwan,APAC,SMB,Germany,OTIF_ERP,ERP Definition,Finance,1,1,0.0,0.0,0.0,100.0,100.0,1,100.0,CHAINTRUTH
2025-12-01,SUP-032,Supplier 032,USA,NA,0.78,PLT-06,Sao Paulo Ops,Brazil,LATAM,Enterprise,France,OTIF_ERP,ERP Definition,Finance,1,1,0.0,0.0,100.0,100.0,100.0,1,100.0,CHAINTRUTH
2025-12-01,SUP-032,Supplier 032,USA,NA,0.78,PLT-08,Taipei Micro,Taiwan,APAC,SMB,Singapore,OTIF_ERP,ERP Definition,Finance,1,2,0.0,0.0,50.0,100.0,50.0,2,100.0,CHAINTRUTH
2025-12-01,SUP-033,Supplier 033,Japan,APAC,0.5,PLT-08,Taipei Micro,Taiwan,APAC,Government,Canada,OTIF_ERP,ERP Definition,Finance,1,1,0.0,0.0,0.0,100.0,100.0,1,100.0,CHAINTRUTH
2025-12-01,SUP-033,Supplier 033,Japan,APAC,0.5,PLT-06,Sao Paulo Ops,Brazil,LATAM,Enterprise,UK,OTIF_ERP,ERP Definition,Finance,1,1,100.0,100.0,100.0,100.0,100.0,0,0.0,CHAINTRUTH
2025-12-01,SUP-033,Supplier 033,Japan,APAC,0.5,PLT-09,Hanoi Assembly,Vietnam,APAC,Enterprise,France,OTIF_ERP,ERP Definition,Finance,1,1,0.0,0.0,100.0,100.0,100.0,1,100.0,CHAINTRUTH
2025-12-01,SUP-033,Supplier 033,Japan,APAC,0.5,PLT-09,Hanoi Assembly,Vietnam,APAC,Government,Germany,OTIF_ERP,ERP Definition,Finance,1,2,0.0,0.0,50.0,100.0,50.0,2,100.0,CHAINTRUTH
2025-12-01,SUP-034,Supplier 034,India,APAC,0.95,PLT-03,Tokyo Precision,Japan,APAC,Government,USA,OTIF_ERP,ERP Definition,Finance,1,1,0.0,0.0,0.0,100.0,0.0,1,100.0,CHAINTRUTH
2025-12-01,SUP-034,Supplier 034,India,APAC,0.95,PLT-04,Chennai Forge,India,APAC,Enterprise,France,OTIF_ERP,ERP Definition,Finance,1,1,0.0,0.0,0.0,100.0,100.0,1,100.0,CHAINTRUTH
2025-12-01,SUP-034,Supplier 034,India,APAC,0.95,PLT-04,Chennai Forge,India,APAC,Enterprise,Japan,OTIF_ERP,ERP Definition,Finance,1,1,0.0,0.0,0.0,100.0,100.0,1,100.0,CHAINTRUTH
2025-12-01,SUP-034,Supplier 034,India,APAC,0.95,PLT-01,Munich Center,Germany,EMEA,Enterprise,USA,OTIF_ERP,ERP Definition,Finance,1,1,100.0,100.0,100.0,100.0,100.0,0,0.0,CHAINTRUTH
2025-12-01,SUP-035,Supplier 035,Mexico,LATAM,0.77,PLT-04,Chennai Forge,India,APAC,SMB,Australia,OTIF_ERP,ERP Definition,Finance,1,1,0.0,0.0,0.0,100.0,100.0,1,100.0,CHAINTRUTH
2025-12-01,SUP-035,Supplier 035,Mexico,LATAM,0.77,PLT-02,Detroit Works,USA,NA,Government,USA,OTIF_ERP,ERP Definition,Finance,1,2,50.0,50.0,50.0,100.0,50.0,2,100.0,CHAINTRUTH
2025-12-01,SUP-035,Supplier 035,Mexico,LATAM,0.77,PLT-09,Hanoi Assembly,Vietnam,APAC,Government,Australia,OTIF_ERP,ERP Definition,Finance,1,1,0.0,0.0,0.0,100.0,100.0,1,100.0,CHAINTRUTH
2025-12-01,SUP-035,Supplier 035,Mexico,LATAM,0.77,PLT-02,Detroit Works,USA,NA,SMB,Canada,OTIF_ERP,ERP Definition,Finance,1,1,0.0,0.0,0.0,100.0,100.0,1,100.0,CHAINTRUTH
2025-12-01,SUP-035,Supplier 035,Mexico,LATAM,0.77,PLT-03,Tokyo Precision,Japan,APAC,SMB,Australia,OTIF_ERP,ERP Definition,Finance,1,1,0.0,0.0,100.0,100.0,100.0,1,100.0,CHAINTRUTH
2025-12-01,SUP-036,Supplier 036,Brazil,LATAM,0.76,PLT-00,Shanghai Hub,China,APAC,SMB,France,OTIF_ERP,ERP Definition,Finance,1,2,0.0,0.0,100.0,100.0,50.0,2,100.0,CHAINTRUTH
2025-12-01,SUP-036,Supplier 036,Brazil,LATAM,0.76,PLT-07,Seoul Tech,South Korea,APAC,SMB,Singapore,OTIF_ERP,ERP Definition,Finance,1,1,0.0,0.0,0.0,100.0,100.0,1,100.0,CHAINTRUTH
2025-12-01,SUP-036,Supplier 036,Brazil,LATAM,0.76,PLT-03,Tokyo Precision,Japan,APAC,Enterprise,USA,OTIF_ERP,ERP Definition,Finance,1,1,0.0,0.0,100.0,100.0,100.0,1,100.0,CHAINTRUTH
2025-12-01,SUP-037,Supplier 037,South Korea,APAC,0.7,PLT-02,Detroit Works,USA,NA,Enterprise,Japan,OTIF_ERP,ERP Definition,Finance,1,1,0.0,0.0,100.0,100.0,0.0,1,100.0,CHAINTRUTH
2025-12-01,SUP-037,Supplier 037,South Korea,APAC,0.7,PLT-01,Munich Center,Germany,EMEA,Enterprise,USA,OTIF_ERP,ERP Definition,Finance,1,1,0.0,0.0,100.0,100.0,0.0,1,100.0,CHAINTRUTH
2025-12-01,SUP-037,Supplier 037,South Korea,APAC,0.7,PLT-02,Detroit Works,USA,NA,SMB,Japan,OTIF_ERP,ERP Definition,Finance,1,1,100.0,100.0,0.0,100.0,100.0,1,100.0,CHAINTRUTH
2025-12-01,SUP-037,Supplier 037,South Korea,APAC,0.7,PLT-07,Seoul Tech,South Korea,APAC,Enterprise,Canada,OTIF_ERP,ERP Definition,Finance,1,1,0.0,0.0,0.0,100.0,0.0,1,100.0,CHAINTRUTH
2025-12-01,SUP-038,Supplier 038,Taiwan,APAC,0.95,PLT-02,Detroit Works,USA,NA,Enterprise,Australia,OTIF_ERP,ERP Definition,Finance,1,1,0.0,0.0,0.0,100.0,100.0,1,100.0,CHAINTRUTH
2025-12-01,SUP-038,Supplier 038,Taiwan,APAC,0.95,PLT-03,Tokyo Precision,Japan,APAC,SMB,UK,OTIF_ERP,ERP Definition,Finance,1,2,0.0,0.0,50.0,100.0,50.0,2,100.0,CHAINTRUTH
2025-12-01,SUP-038,Supplier 038,Taiwan,APAC,0.95,PLT-01,Munich Center,Germany,EMEA,Government,France,OTIF_ERP,ERP Definition,Finance,1,1,0.0,0.0,100.0,100.0,100.0,1,100.0,CHAINTRUTH
2025-12-01,SUP-038,Supplier 038,Taiwan,APAC,0.95,PLT-01,Munich Center,Germany,EMEA,SMB,Australia,OTIF_ERP,ERP Definition,Finance,1,1,0.0,0.0,0.0,100.0,100.0,1,100.0,CHAINTRUTH
2025-12-01,SUP-038,Supplier 038,Taiwan,APAC,0.95,PLT-00,Shanghai Hub,China,APAC,Government,Canada,OTIF_ERP,ERP Definition,Finance,1,2,0.0,50.0,100.0,100.0,0.0,1,50.0,CHAINTRUTH
2025-12-01,SUP-038,Supplier 038,Taiwan,APAC,0.95,PLT-05,Monterrey Plant,Mexico,LATAM,SMB,USA,OTIF_ERP,ERP Definition,Finance,1,1,0.0,0.0,100.0,100.0,100.0,1,100.0,CHAINTRUTH
2025-12-01,SUP-039,Supplier 039,Vietnam,APAC,0.68,PLT-01,Munich Center,Germany,EMEA,SMB,Australia,OTIF_ERP,ERP Definition,Finance,1,1,0.0,0.0,0.0,100.0,100.0,1,100.0,CHAINTRUTH
2025-12-01,SUP-039,Supplier 039,Vietnam,APAC,0.68,PLT-08,Taipei Micro,Taiwan,APAC,SMB,Japan,OTIF_ERP,ERP Definition,Finance,1,2,0.0,0.0,100.0,100.0,0.0,2,100.0,CHAINTRUTH
2025-12-01,SUP-039,Supplier 039,Vietnam,APAC,0.68,PLT-09,Hanoi Assembly,Vietnam,APAC,Government,Germany,OTIF_ERP,ERP Definition,Finance,1,1,0.0,0.0,0.0,100.0,0.0,1,100.0,CHAINTRUTH
2025-12-01,SUP-039,Supplier 039,Vietnam,APAC,0.68,PLT-04,Chennai Forge,India,APAC,SMB,USA,OTIF_ERP,ERP Definition,Finance,1,2,0.0,0.0,0.0,100.0,50.0,2,100.0,CHAINTRUTH
2025-12-01,SUP-039,Supplier 039,Vietnam,APAC,0.68,PLT-09,Hanoi Assembly,Vietnam,APAC,Government,USA,OTIF_ERP,ERP Definition,Finance,1,2,0.0,0.0,100.0,100.0,50.0,2,100.0,CHAINTRUTH
2025-12-01,SUP-040,Supplier 040,China,APAC,0.96,PLT-02,Detroit Works,USA,NA,SMB,UK,OTIF_ERP,ERP Definition,Finance,1,1,0.0,0.0,0.0,100.0,100.0,1,100.0,CHAINTRUTH
2025-12-01,SUP-040,Supplier 040,China,APAC,0.96,PLT-01,Munich Center,Germany,EMEA,Enterprise,Germany,OTIF_ERP,ERP Definition,Finance,1,1,0.0,0.0,0.0,100.0,100.0,1,100.0,CHAINTRUTH
2025-12-01,SUP-040,Supplier 040,China,APAC,0.96,PLT-03,Tokyo Precision,Japan,APAC,Government,USA,OTIF_ERP,ERP Definition,Finance,1,1,0.0,0.0,100.0,100.0,0.0,1,100.0,CHAINTRUTH
2025-12-01,SUP-040,Supplier 040,China,APAC,0.96,PLT-06,Sao Paulo Ops,Brazil,LATAM,SMB,UK,OTIF_ERP,ERP Definition,Finance,1,2,50.0,50.0,0.0,100.0,50.0,2,100.0,CHAINTRUTH
2025-12-01,SUP-040,Supplier 040,China,APAC,0.96,PLT-00,Shanghai Hub,China,APAC,SMB,France,OTIF_ERP,ERP Definition,Finance,1,1,0.0,0.0,100.0,100.0,0.0,1,100.0,CHAINTRUTH
2025-12-01,SUP-041,Supplier 041,Germany,EMEA,0.64,PLT-01,Munich Center,Germany,EMEA,Government,Germany,OTIF_ERP,ERP Definition,Finance,1,1,0.0,0.0,0.0,100.0,0.0,1,100.0,CHAINTRUTH
2025-12-01,SUP-041,Supplier 041,Germany,EMEA,0.64,PLT-06,Sao Paulo Ops,Brazil,LATAM,Enterprise,France,OTIF_ERP,ERP Definition,Finance,1,2,0.0,0.0,50.0,100.0,50.0,2,100.0,CHAINTRUTH
2025-12-01,SUP-041,Supplier 041,Germany,EMEA,0.64,PLT-03,Tokyo Precision,Japan,APAC,Government,USA,OTIF_ERP,ERP Definition,Finance,1,1,0.0,0.0,0.0,100.0,100.0,1,100.0,CHAINTRUTH
2025-12-01,SUP-041,Supplier 041,Germany,EMEA,0.64,PLT-01,Munich Center,Germany,EMEA,SMB,Australia,OTIF_ERP,ERP Definition,Finance,1,2,0.0,0.0,0.0,100.0,50.0,2,100.0,CHAINTRUTH
2025-12-01,SUP-042,Supplier 042,USA,NA,0.91,PLT-01,Munich Center,Germany,EMEA,Government,Japan,OTIF_ERP,ERP Definition,Finance,1,1,0.0,0.0,0.0,100.0,0.0,1,100.0,CHAINTRUTH
2025-12-01,SUP-042,Supplier 042,USA,NA,0.91,PLT-01,Munich Center,Germany,EMEA,SMB,UK,OTIF_ERP,ERP Definition,Finance,1,1,0.0,0.0,0.0,100.0,100.0,1,100.0,CHAINTRUTH
2025-12-01,SUP-042,Supplier 042,USA,NA,0.91,PLT-00,Shanghai Hub,China,APAC,Enterprise,Singapore,OTIF_ERP,ERP Definition,Finance,1,2,0.0,0.0,50.0,100.0,0.0,2,100.0,CHAINTRUTH
2025-12-01,SUP-042,Supplier 042,USA,NA,0.91,PLT-00,Shanghai Hub,China,APAC,SMB,Canada,OTIF_ERP,ERP Definition,Finance,1,1,0.0,0.0,0.0,100.0,100.0,1,100.0,CHAINTRUTH
2025-12-01,SUP-042,Supplier 042,USA,NA,0.91,PLT-09,Hanoi Assembly,Vietnam,APAC,Government,Australia,OTIF_ERP,ERP Definition,Finance,1,1,0.0,0.0,0.0,100.0,100.0,1,100.0,CHAINTRUTH
2025-12-01,SUP-042,Supplier 042,USA,NA,0.91,PLT-08,Taipei Micro,Taiwan,APAC,Government,Australia,OTIF_ERP,ERP Definition,Finance,1,1,0.0,0.0,100.0,100.0,100.0,1,100.0,CHAINTRUTH
2025-12-01,SUP-042,Supplier 042,USA,NA,0.91,PLT-09,Hanoi Assembly,Vietnam,APAC,SMB,UK,OTIF_ERP,ERP Definition,Finance,1,1,0.0,0.0,0.0,100.0,0.0,1,100.0,CHAINTRUTH
2025-12-01,SUP-043,Supplier 043,Japan,APAC,0.98,PLT-05,Monterrey Plant,Mexico,LATAM,SMB,France,OTIF_ERP,ERP Definition,Finance,1,1,0.0,0.0,0.0,100.0,0.0,1,100.0,CHAINTRUTH
2025-12-01,SUP-043,Supplier 043,Japan,APAC,0.98,PLT-01,Munich Center,Germany,EMEA,Government,Germany,OTIF_ERP,ERP Definition,Finance,1,1,100.0,100.0,100.0,100.0,100.0,0,0.0,CHAINTRUTH
2025-12-01,SUP-043,Supplier 043,Japan,APAC,0.98,PLT-06,Sao Paulo Ops,Brazil,LATAM,SMB,France,OTIF_ERP,ERP Definition,Finance,1,1,0.0,0.0,0.0,100.0,100.0,1,100.0,CHAINTRUTH
2025-12-01,SUP-043,Supplier 043,Japan,APAC,0.98,PLT-07,Seoul Tech,South Korea,APAC,Enterprise,Germany,OTIF_ERP,ERP Definition,Finance,1,2,0.0,0.0,50.0,100.0,0.0,2,100.0,CHAINTRUTH
2025-12-01,SUP-043,Supplier 043,Japan,APAC,0.98,PLT-05,Monterrey Plant,Mexico,LATAM,Enterprise,USA,OTIF_ERP,ERP Definition,Finance,1,2,0.0,0.0,50.0,100.0,0.0,2,100.0,CHAINTRUTH
2025-12-01,SUP-043,Supplier 043,Japan,APAC,0.98,PLT-06,Sao Paulo Ops,Brazil,LATAM,SMB,UK,OTIF_ERP,ERP Definition,Finance,1,1,0.0,100.0,100.0,100.0,0.0,0,0.0,CHAINTRUTH
2025-12-01,SUP-043,Supplier 043,Japan,APAC,0.98,PLT-06,Sao Paulo Ops,Brazil,LATAM,SMB,USA,OTIF_ERP,ERP Definition,Finance,1,1,0.0,0.0,100.0,100.0,100.0,1,100.0,CHAINTRUTH
2025-12-01,SUP-044,Supplier 044,India,APAC,0.55,PLT-05,Monterrey Plant,Mexico,LATAM,SMB,UK,OTIF_ERP,ERP Definition,Finance,1,1,0.0,0.0,0.0,100.0,0.0,1,100.0,CHAINTRUTH
2025-12-01,SUP-044,Supplier 044,India,APAC,0.55,PLT-05,Monterrey Plant,Mexico,LATAM,Government,Canada,OTIF_ERP,ERP Definition,Finance,1,1,0.0,0.0,0.0,100.0,100.0,1,100.0,CHAINTRUTH
2025-12-01,SUP-044,Supplier 044,India,APAC,0.55,PLT-04,Chennai Forge,India,APAC,SMB,Germany,OTIF_ERP,ERP Definition,Finance,1,1,0.0,0.0,100.0,100.0,0.0,1,100.0,CHAINTRUTH
2025-12-01,SUP-044,Supplier 044,India,APAC,0.55,PLT-02,Detroit Works,USA,NA,Enterprise,USA,OTIF_ERP,ERP Definition,Finance,1,1,0.0,100.0,100.0,100.0,0.0,0,0.0,CHAINTRUTH
2025-12-01,SUP-045,Supplier 045,Mexico,LATAM,0.92,PLT-03,Tokyo Precision,Japan,APAC,Enterprise,USA,OTIF_ERP,ERP Definition,Finance,1,1,0.0,0.0,100.0,100.0,100.0,1,100.0,CHAINTRUTH
2025-12-01,SUP-045,Supplier 045,Mexico,LATAM,0.92,PLT-08,Taipei Micro,Taiwan,APAC,Enterprise,France,OTIF_ERP,ERP Definition,Finance,1,1,0.0,0.0,0.0,100.0,100.0,1,100.0,CHAINTRUTH
2025-12-01,SUP-045,Supplier 045,Mexico,LATAM,0.92,PLT-09,Hanoi Assembly,Vietnam,APAC,Enterprise,Singapore,OTIF_ERP,ERP Definition,Finance,1,2,0.0,0.0,100.0,100.0,50.0,2,100.0,CHAINTRUTH
2025-12-01,SUP-045,Supplier 045,Mexico,LATAM,0.92,PLT-01,Munich Center,Germany,EMEA,SMB,Germany,OTIF_ERP,ERP Definition,Finance,1,1,0.0,0.0,0.0,100.0,0.0,1,100.0,CHAINTRUTH
2025-12-01,SUP-045,Supplier 045,Mexico,LATAM,0.92,PLT-07,Seoul Tech,South Korea,APAC,SMB,UK,OTIF_ERP,ERP Definition,Finance,1,1,0.0,0.0,0.0,100.0,100.0,1,100.0,CHAINTRUTH
2025-12-01,SUP-046,Supplier 046,Brazil,LATAM,0.96,PLT-02,Detroit Works,USA,NA,Government,Germany,OTIF_ERP,ERP Definition,Finance,1,1,0.0,0.0,100.0,100.0,100.0,1,100.0,CHAINTRUTH
2025-12-01,SUP-046,Supplier 046,Brazil,LATAM,0.96,PLT-00,Shanghai Hub,China,APAC,Government,Australia,OTIF_ERP,ERP Definition,Finance,1,1,0.0,0.0,100.0,100.0,100.0,1,100.0,CHAINTRUTH
2025-12-01,SUP-046,Supplier 046,Brazil,LATAM,0.96,PLT-09,Hanoi Assembly,Vietnam,APAC,SMB,Australia,OTIF_ERP,ERP Definition,Finance,1,2,0.0,0.0,50.0,100.0,0.0,2,100.0,CHAINTRUTH
2025-12-01,SUP-046,Supplier 046,Brazil,LATAM,0.96,PLT-06,Sao Paulo Ops,Brazil,LATAM,SMB,UK,OTIF_ERP,ERP Definition,Finance,1,1,0.0,0.0,0.0,100.0,100.0,1,100.0,CHAINTRUTH
2025-12-01,SUP-047,Supplier 047,South Korea,APAC,0.59,PLT-00,Shanghai Hub,China,APAC,Enterprise,UK,OTIF_ERP,ERP Definition,Finance,1,2,0.0,0.0,0.0,100.0,50.0,2,100.0,CHAINTRUTH
2025-12-01,SUP-047,Supplier 047,South Korea,APAC,0.59,PLT-01,Munich Center,Germany,EMEA,Enterprise,Singapore,OTIF_ERP,ERP Definition,Finance,1,1,0.0,0.0,0.0,100.0,100.0,1,100.0,CHAINTRUTH
2025-12-01,SUP-047,Supplier 047,South Korea,APAC,0.59,PLT-07,Seoul Tech,South Korea,APAC,SMB,UK,OTIF_ERP,ERP Definition,Finance,1,2,0.0,0.0,100.0,100.0,50.0,2,100.0,CHAINTRUTH
2025-12-01,SUP-047,Supplier 047,South Korea,APAC,0.59,PLT-06,Sao Paulo Ops,Brazil,LATAM,Enterprise,UK,OTIF_ERP,ERP Definition,Finance,1,1,0.0,0.0,100.0,100.0,100.0,1,100.0,CHAINTRUTH
2025-12-01,SUP-047,Supplier 047,South Korea,APAC,0.59,PLT-01,Munich Center,Germany,EMEA,Enterprise,Canada,OTIF_ERP,ERP Definition,Finance,1,1,100.0,100.0,100.0,100.0,100.0,0,0.0,CHAINTRUTH
2025-12-01,SUP-048,Supplier 048,Taiwan,APAC,0.54,PLT-09,Hanoi Assembly,Vietnam,APAC,Government,Germany,OTIF_ERP,ERP Definition,Finance,1,1,0.0,0.0,0.0,100.0,100.0,1,100.0,CHAINTRUTH
2025-12-01,SUP-048,Supplier 048,Taiwan,APAC,0.54,PLT-09,Hanoi Assembly,Vietnam,APAC,Enterprise,Australia,OTIF_ERP,ERP Definition,Finance,1,1,0.0,0.0,100.0,100.0,0.0,1,100.0,CHAINTRUTH
2025-12-01,SUP-048,Supplier 048,Taiwan,APAC,0.54,PLT-07,Seoul Tech,South Korea,APAC,SMB,Australia,OTIF_ERP,ERP Definition,Finance,1,1,100.0,100.0,100.0,100.0,100.0,0,0.0,CHAINTRUTH
2025-12-01,SUP-048,Supplier 048,Taiwan,APAC,0.54,PLT-02,Detroit Works,USA,NA,SMB,UK,OTIF_ERP,ERP Definition,Finance,1,1,0.0,0.0,0.0,100.0,100.0,1,100.0,CHAINTRUTH
2025-12-01,SUP-048,Supplier 048,Taiwan,APAC,0.54,PLT-04,Chennai Forge,India,APAC,SMB,Germany,OTIF_ERP,ERP Definition,Finance,1,1,0.0,0.0,0.0,100.0,100.0,1,100.0,CHAINTRUTH
2025-12-01,SUP-048,Supplier 048,Taiwan,APAC,0.54,PLT-04,Chennai Forge,India,APAC,SMB,Australia,OTIF_ERP,ERP Definition,Finance,1,2,0.0,50.0,50.0,100.0,0.0,1,50.0,CHAINTRUTH
2025-12-01,SUP-049,Supplier 049,Vietnam,APAC,0.75,PLT-01,Munich Center,Germany,EMEA,Enterprise,Germany,OTIF_ERP,ERP Definition,Finance,1,1,0.0,0.0,0.0,100.0,100.0,1,100.0,CHAINTRUTH
2025-12-01,SUP-049,Supplier 049,Vietnam,APAC,0.75,PLT-04,Chennai Forge,India,APAC,SMB,Canada,OTIF_ERP,ERP Definition,Finance,1,1,0.0,0.0,0.0,100.0,100.0,1,100.0,CHAINTRUTH
2025-12-01,SUP-049,Supplier 049,Vietnam,APAC,0.75,PLT-09,Hanoi Assembly,Vietnam,APAC,SMB,Singapore,OTIF_ERP,ERP Definition,Finance,1,1,0.0,0.0,0.0,100.0,100.0,1,100.0,CHAINTRUTH
2025-12-01,SUP-049,Supplier 049,Vietnam,APAC,0.75,PLT-01,Munich Center,Germany,EMEA,Government,USA,OTIF_ERP,ERP Definition,Finance,1,1,0.0,0.0,100.0,100.0,100.0,1,100.0,CHAINTRUTH
2025-12-01,SUP-049,Supplier 049,Vietnam,APAC,0.75,PLT-04,Chennai Forge,India,APAC,Government,Australia,OTIF_ERP,ERP Definition,Finance,1,1,0.0,0.0,0.0,100.0,100.0,1,100.0,CHAINTRUTH
2025-12-01,SUP-049,Supplier 049,Vietnam,APAC,0.75,PLT-00,Shanghai Hub,China,APAC,Enterprise,USA,OTIF_ERP,ERP Definition,Finance,1,2,0.0,0.0,50.0,100.0,50.0,2,100.0,CHAINTRUTH
2025-12-01,SUP-049,Supplier 049,Vietnam,APAC,0.75,PLT-04,Chennai Forge,India,APAC,Enterprise,USA,OTIF_ERP,ERP Definition,Finance,1,1,0.0,0.0,0.0,100.0,100.0,1,100.0,CHAINTRUTH
2025-12-01,SUP-049,Supplier 049,Vietnam,APAC,0.75,PLT-05,Monterrey Plant,Mexico,LATAM,Government,Australia,OTIF_ERP,ERP Definition,Finance,1,1,0.0,0.0,0.0,100.0,100.0,1,100.0,CHAINTRUTH
2026-01-01,SUP-000,Supplier 000,China,APAC,0.85,PLT-00,Shanghai Hub,China,APAC,SMB,Canada,OTIF_ERP,ERP Definition,Finance,1,1,100.0,100.0,100.0,100.0,100.0,0,0.0,CHAINTRUTH
2026-01-01,SUP-000,Supplier 000,China,APAC,0.85,PLT-08,Taipei Micro,Taiwan,APAC,Enterprise,Japan,OTIF_ERP,ERP Definition,Finance,1,1,0.0,0.0,0.0,100.0,100.0,1,100.0,CHAINTRUTH
2026-01-01,SUP-000,Supplier 000,China,APAC,0.85,PLT-06,Sao Paulo Ops,Brazil,LATAM,Government,Germany,OTIF_ERP,ERP Definition,Finance,1,1,0.0,0.0,100.0,100.0,100.0,1,100.0,CHAINTRUTH
2026-01-01,SUP-000,Supplier 000,China,APAC,0.85,PLT-03,Tokyo Precision,Japan,APAC,SMB,Germany,OTIF_ERP,ERP Definition,Finance,1,1,0.0,0.0,100.0,100.0,0.0,1,100.0,CHAINTRUTH
2026-01-01,SUP-000,Supplier 000,China,APAC,0.85,PLT-03,Tokyo Precision,Japan,APAC,Government,Japan,OTIF_ERP,ERP Definition,Finance,1,1,0.0,0.0,0.0,100.0,100.0,1,100.0,CHAINTRUTH
2026-01-01,SUP-000,Supplier 000,China,APAC,0.85,PLT-00,Shanghai Hub,China,APAC,Enterprise,Germany,OTIF_ERP,ERP Definition,Finance,1,1,0.0,0.0,0.0,100.0,100.0,1,100.0,CHAINTRUTH
2026-01-01,SUP-000,Supplier 000,China,APAC,0.85,PLT-00,Shanghai Hub,China,APAC,SMB,UK,OTIF_ERP,ERP Definition,Finance,1,1,0.0,0.0,100.0,100.0,100.0,1,100.0,CHAINTRUTH
2026-01-01,SUP-000,Supplier 000,China,APAC,0.85,PLT-02,Detroit Works,USA,NA,Government,USA,OTIF_ERP,ERP Definition,Finance,1,1,100.0,100.0,100.0,100.0,100.0,0,0.0,CHAINTRUTH
2026-01-01,SUP-000,Supplier 000,China,APAC,0.85,PLT-05,Monterrey Plant,Mexico,LATAM,SMB,USA,OTIF_ERP,ERP Definition,Finance,1,2,0.0,0.0,50.0,100.0,50.0,2,100.0,CHAINTRUTH
2026-01-01,SUP-000,Supplier 000,China,APAC,0.85,PLT-00,Shanghai Hub,China,APAC,Government,Germany,OTIF_ERP,ERP Definition,Finance,1,2,0.0,0.0,100.0,100.0,50.0,2,100.0,CHAINTRUTH
2026-01-01,SUP-001,Supplier 001,Germany,EMEA,0.7,PLT-01,Munich Center,Germany,EMEA,Government,UK,OTIF_ERP,ERP Definition,Finance,1,2,0.0,0.0,100.0,50.0,50.0,2,100.0,CHAINTRUTH
2026-01-01,SUP-001,Supplier 001,Germany,EMEA,0.7,PLT-05,Monterrey Plant,Mexico,LATAM,Enterprise,Japan,OTIF_ERP,ERP Definition,Finance,1,2,0.0,0.0,50.0,100.0,50.0,2,100.0,CHAINTRUTH
2026-01-01,SUP-001,Supplier 001,Germany,EMEA,0.7,PLT-02,Detroit Works,USA,NA,SMB,UK,OTIF_ERP,ERP Definition,Finance,1,1,100.0,100.0,0.0,100.0,100.0,1,100.0,CHAINTRUTH
2026-01-01,SUP-001,Supplier 001,Germany,EMEA,0.7,PLT-08,Taipei Micro,Taiwan,APAC,SMB,Japan,OTIF_ERP,ERP Definition,Finance,1,1,0.0,0.0,0.0,100.0,100.0,1,100.0,CHAINTRUTH
2026-01-01,SUP-001,Supplier 001,Germany,EMEA,0.7,PLT-02,Detroit Works,USA,NA,SMB,Australia,OTIF_ERP,ERP Definition,Finance,1,2,0.0,0.0,50.0,50.0,50.0,1,50.0,CHAINTRUTH
2026-01-01,SUP-002,Supplier 002,USA,NA,0.74,PLT-06,Sao Paulo Ops,Brazil,LATAM,Enterprise,France,OTIF_ERP,ERP Definition,Finance,1,1,0.0,0.0,100.0,100.0,0.0,1,100.0,CHAINTRUTH
2026-01-01,SUP-002,Supplier 002,USA,NA,0.74,PLT-07,Seoul Tech,South Korea,APAC,SMB,Japan,OTIF_ERP,ERP Definition,Finance,1,1,0.0,0.0,100.0,100.0,100.0,1,100.0,CHAINTRUTH
2026-01-01,SUP-003,Supplier 003,Japan,APAC,0.64,PLT-02,Detroit Works,USA,NA,Enterprise,Germany,OTIF_ERP,ERP Definition,Finance,1,1,0.0,0.0,0.0,100.0,0.0,1,100.0,CHAINTRUTH
2026-01-01,SUP-003,Supplier 003,Japan,APAC,0.64,PLT-02,Detroit Works,USA,NA,Government,USA,OTIF_ERP,ERP Definition,Finance,1,1,0.0,0.0,0.0,100.0,100.0,1,100.0,CHAINTRUTH
2026-01-01,SUP-003,Supplier 003,Japan,APAC,0.64,PLT-00,Shanghai Hub,China,APAC,SMB,UK,OTIF_ERP,ERP Definition,Finance,1,1,0.0,0.0,100.0,100.0,100.0,1,100.0,CHAINTRUTH
2026-01-01,SUP-003,Supplier 003,Japan,APAC,0.64,PLT-04,Chennai Forge,India,APAC,SMB,Canada,OTIF_ERP,ERP Definition,Finance,1,2,0.0,0.0,100.0,100.0,50.0,2,100.0,CHAINTRUTH
2026-01-01,SUP-004,Supplier 004,India,APAC,0.69,PLT-04,Chennai Forge,India,APAC,SMB,France,OTIF_ERP,ERP Definition,Finance,1,1,0.0,0.0,0.0,100.0,0.0,1,100.0,CHAINTRUTH
2026-01-01,SUP-004,Supplier 004,India,APAC,0.69,PLT-06,Sao Paulo Ops,Brazil,LATAM,Government,Japan,OTIF_ERP,ERP Definition,Finance,1,2,0.0,0.0,100.0,100.0,50.0,2,100.0,CHAINTRUTH
2026-01-01,SUP-004,Supplier 004,India,APAC,0.69,PLT-07,Seoul Tech,South Korea,APAC,Government,UK,OTIF_ERP,ERP Definition,Finance,1,2,0.0,0.0,50.0,100.0,50.0,2,100.0,CHAINTRUTH
2026-01-01,SUP-005,Supplier 005,Mexico,LATAM,0.77,PLT-06,Sao Paulo Ops,Brazil,LATAM,SMB,Japan,OTIF_ERP,ERP Definition,Finance,2,3,33.33,33.33,33.33,100.0,66.67,2,66.67,CHAINTRUTH
2026-01-01,SUP-005,Supplier 005,Mexico,LATAM,0.77,PLT-03,Tokyo Precision,Japan,APAC,Government,UK,OTIF_ERP,ERP Definition,Finance,1,1,0.0,0.0,0.0,100.0,0.0,1,100.0,CHAINTRUTH
2026-01-01,SUP-005,Supplier 005,Mexico,LATAM,0.77,PLT-07,Seoul Tech,South Korea,APAC,SMB,France,OTIF_ERP,ERP Definition,Finance,1,2,0.0,0.0,0.0,100.0,0.0,2,100.0,CHAINTRUTH
2026-01-01,SUP-005,Supplier 005,Mexico,LATAM,0.77,PLT-06,Sao Paulo Ops,Brazil,LATAM,Enterprise,Australia,OTIF_ERP,ERP Definition,Finance,1,1,0.0,0.0,100.0,100.0,0.0,1,100.0,CHAINTRUTH
2026-01-01,SUP-005,Supplier 005,Mexico,LATAM,0.77,PLT-00,Shanghai Hub,China,APAC,Enterprise,Japan,OTIF_ERP,ERP Definition,Finance,1,1,0.0,0.0,100.0,100.0,100.0,1,100.0,CHAINTRUTH
2026-01-01,SUP-006,Supplier 006,Brazil,LATAM,0.61,PLT-04,Chennai Forge,India,APAC,SMB,Germany,OTIF_ERP,ERP Definition,Finance,1,2,0.0,0.0,50.0,100.0,50.0,2,100.0,CHAINTRUTH
2026-01-01,SUP-006,Supplier 006,Brazil,LATAM,0.61,PLT-02,Detroit Works,USA,NA,SMB,Japan,OTIF_ERP,ERP Definition,Finance,1,1,0.0,0.0,0.0,100.0,0.0,1,100.0,CHAINTRUTH
2026-01-01,SUP-006,Supplier 006,Brazil,LATAM,0.61,PLT-02,Detroit Works,USA,NA,SMB,Canada,OTIF_ERP,ERP Definition,Finance,1,1,0.0,0.0,100.0,100.0,100.0,1,100.0,CHAINTRUTH
2026-01-01,SUP-006,Supplier 006,Brazil,LATAM,0.61,PLT-03,Tokyo Precision,Japan,APAC,SMB,UK,OTIF_ERP,ERP Definition,Finance,1,1,0.0,0.0,0.0,100.0,100.0,1,100.0,CHAINTRUTH
2026-01-01,SUP-006,Supplier 006,Brazil,LATAM,0.61,PLT-03,Tokyo Precision,Japan,APAC,Government,Singapore,OTIF_ERP,ERP Definition,Finance,1,1,0.0,0.0,100.0,100.0,100.0,1,100.0,CHAINTRUTH
2026-01-01,SUP-006,Supplier 006,Brazil,LATAM,0.61,PLT-04,Chennai Forge,India,APAC,Government,Japan,OTIF_ERP,ERP Definition,Finance,1,1,0.0,0.0,100.0,100.0,100.0,1,100.0,CHAINTRUTH
2026-01-01,SUP-006,Supplier 006,Brazil,LATAM,0.61,PLT-04,Chennai Forge,India,APAC,SMB,Australia,OTIF_ERP,ERP Definition,Finance,1,1,0.0,0.0,0.0,100.0,100.0,1,100.0,CHAINTRUTH
2026-01-01,SUP-007,Supplier 007,South Korea,APAC,0.84,PLT-09,Hanoi Assembly,Vietnam,APAC,SMB,Germany,OTIF_ERP,ERP Definition,Finance,1,1,0.0,0.0,100.0,100.0,100.0,1,100.0,CHAINTRUTH
2026-01-01,SUP-007,Supplier 007,South Korea,APAC,0.84,PLT-08,Taipei Micro,Taiwan,APAC,Enterprise,France,OTIF_ERP,ERP Definition,Finance,1,1,0.0,0.0,100.0,100.0,100.0,1,100.0,CHAINTRUTH
2026-01-01,SUP-007,Supplier 007,South Korea,APAC,0.84,PLT-07,Seoul Tech,South Korea,APAC,SMB,Japan,OTIF_ERP,ERP Definition,Finance,1,1,0.0,0.0,100.0,100.0,0.0,1,100.0,CHAINTRUTH
2026-01-01,SUP-007,Supplier 007,South Korea,APAC,0.84,PLT-02,Detroit Works,USA,NA,Enterprise,USA,OTIF_ERP,ERP Definition,Finance,1,1,100.0,100.0,100.0,100.0,100.0,0,0.0,CHAINTRUTH
2026-01-01,SUP-007,Supplier 007,South Korea,APAC,0.84,PLT-06,Sao Paulo Ops,Brazil,LATAM,Government,USA,OTIF_ERP,ERP Definition,Finance,1,1,0.0,0.0,100.0,100.0,100.0,1,100.0,CHAINTRUTH
2026-01-01,SUP-008,Supplier 008,Taiwan,APAC,0.73,PLT-08,Taipei Micro,Taiwan,APAC,SMB,Singapore,OTIF_ERP,ERP Definition,Finance,1,2,0.0,0.0,50.0,100.0,0.0,2,100.0,CHAINTRUTH
2026-01-01,SUP-008,Supplier 008,Taiwan,APAC,0.73,PLT-03,Tokyo Precision,Japan,APAC,SMB,UK,OTIF_ERP,ERP Definition,Finance,1,1,0.0,0.0,100.0,100.0,0.0,1,100.0,CHAINTRUTH
2026-01-01,SUP-008,Supplier 008,Taiwan,APAC,0.73,PLT-05,Monterrey Plant,Mexico,LATAM,Enterprise,Australia,OTIF_ERP,ERP Definition,Finance,1,2,0.0,0.0,100.0,100.0,50.0,2,100.0,CHAINTRUTH
2026-01-01,SUP-008,Supplier 008,Taiwan,APAC,0.73,PLT-03,Tokyo Precision,Japan,APAC,SMB,USA,OTIF_ERP,ERP Definition,Finance,1,1,0.0,0.0,100.0,100.0,100.0,1,100.0,CHAINTRUTH
2026-01-01,SUP-009,Supplier 009,Vietnam,APAC,1.0,PLT-06,Sao Paulo Ops,Brazil,LATAM,SMB,UK,OTIF_ERP,ERP Definition,Finance,1,1,0.0,0.0,100.0,100.0,0.0,1,100.0,CHAINTRUTH
2026-01-01,SUP-009,Supplier 009,Vietnam,APAC,1.0,PLT-09,Hanoi Assembly,Vietnam,APAC,Enterprise,Australia,OTIF_ERP,ERP Definition,Finance,1,2,0.0,0.0,100.0,100.0,50.0,2,100.0,CHAINTRUTH
2026-01-01,SUP-009,Supplier 009,Vietnam,APAC,1.0,PLT-01,Munich Center,Germany,EMEA,Government,Australia,OTIF_ERP,ERP Definition,Finance,1,2,0.0,0.0,0.0,100.0,0.0,2,100.0,CHAINTRUTH
2026-01-01,SUP-009,Supplier 009,Vietnam,APAC,1.0,PLT-07,Seoul Tech,South Korea,APAC,SMB,UK,OTIF_ERP,ERP Definition,Finance,1,1,0.0,0.0,0.0,100.0,100.0,1,100.0,CHAINTRUTH
2026-01-01,SUP-010,Supplier 010,China,APAC,0.76,PLT-08,Taipei Micro,Taiwan,APAC,SMB,Germany,OTIF_ERP,ERP Definition,Finance,1,1,0.0,0.0,0.0,100.0,100.0,1,100.0,CHAINTRUTH
2026-01-01,SUP-010,Supplier 010,China,APAC,0.76,PLT-01,Munich Center,Germany,EMEA,Enterprise,Japan,OTIF_ERP,ERP Definition,Finance,1,2,50.0,100.0,100.0,100.0,50.0,0,0.0,CHAINTRUTH
2026-01-01,SUP-011,Supplier 011,Germany,EMEA,0.53,PLT-04,Chennai Forge,India,APAC,SMB,UK,OTIF_ERP,ERP Definition,Finance,1,2,0.0,0.0,50.0,100.0,50.0,2,100.0,CHAINTRUTH
2026-01-01,SUP-011,Supplier 011,Germany,EMEA,0.53,PLT-01,Munich Center,Germany,EMEA,Enterprise,Japan,OTIF_ERP,ERP Definition,Finance,1,1,0.0,0.0,100.0,100.0,100.0,1,100.0,CHAINTRUTH
2026-01-01,SUP-011,Supplier 011,Germany,EMEA,0.53,PLT-02,Detroit Works,USA,NA,SMB,Singapore,OTIF_ERP,ERP Definition,Finance,1,2,0.0,0.0,0.0,100.0,50.0,2,100.0,CHAINTRUTH
2026-01-01,SUP-011,Supplier 011,Germany,EMEA,0.53,PLT-08,Taipei Micro,Taiwan,APAC,SMB,Singapore,OTIF_ERP,ERP Definition,Finance,1,2,0.0,0.0,0.0,50.0,50.0,1,50.0,CHAINTRUTH
2026-01-01,SUP-012,Supplier 012,USA,NA,0.66,PLT-00,Shanghai Hub,China,APAC,SMB,UK,OTIF_ERP,ERP Definition,Finance,1,1,0.0,0.0,0.0,100.0,100.0,1,100.0,CHAINTRUTH
2026-01-01,SUP-012,Supplier 012,USA,NA,0.66,PLT-07,Seoul Tech,South Korea,APAC,Enterprise,UK,OTIF_ERP,ERP Definition,Finance,1,1,100.0,100.0,100.0,100.0,100.0,0,0.0,CHAINTRUTH
2026-01-01,SUP-012,Supplier 012,USA,NA,0.66,PLT-03,Tokyo Precision,Japan,APAC,Government,Australia,OTIF_ERP,ERP Definition,Finance,1,1,0.0,0.0,0.0,100.0,100.0,1,100.0,CHAINTRUTH
2026-01-01,SUP-013,Supplier 013,Japan,APAC,0.89,PLT-07,Seoul Tech,South Korea,APAC,SMB,France,OTIF_ERP,ERP Definition,Finance,1,1,0.0,0.0,0.0,100.0,100.0,1,100.0,CHAINTRUTH
2026-01-01,SUP-013,Supplier 013,Japan,APAC,0.89,PLT-09,Hanoi Assembly,Vietnam,APAC,SMB,Canada,OTIF_ERP,ERP Definition,Finance,1,1,0.0,0.0,100.0,100.0,100.0,1,100.0,CHAINTRUTH
2026-01-01,SUP-013,Supplier 013,Japan,APAC,0.89,PLT-07,Seoul Tech,South Korea,APAC,SMB,UK,OTIF_ERP,ERP Definition,Finance,1,1,0.0,0.0,100.0,100.0,100.0,1,100.0,CHAINTRUTH
2026-01-01,SUP-013,Supplier 013,Japan,APAC,0.89,PLT-08,Taipei Micro,Taiwan,APAC,Government,Canada,OTIF_ERP,ERP Definition,Finance,1,1,0.0,0.0,100.0,100.0,100.0,1,100.0,CHAINTRUTH
2026-01-01,SUP-013,Supplier 013,Japan,APAC,0.89,PLT-01,Munich Center,Germany,EMEA,SMB,Singapore,OTIF_ERP,ERP Definition,Finance,1,1,0.0,0.0,0.0,100.0,0.0,1,100.0,CHAINTRUTH
2026-01-01,SUP-013,Supplier 013,Japan,APAC,0.89,PLT-01,Munich Center,Germany,EMEA,Government,Japan,OTIF_ERP,ERP Definition,Finance,1,1,0.0,100.0,100.0,100.0,0.0,0,0.0,CHAINTRUTH
2026-01-01,SUP-014,Supplier 014,India,APAC,0.95,PLT-02,Detroit Works,USA,NA,SMB,Singapore,OTIF_ERP,ERP Definition,Finance,1,1,0.0,0.0,0.0,100.0,0.0,1,100.0,CHAINTRUTH
2026-01-01,SUP-014,Supplier 014,India,APAC,0.95,PLT-08,Taipei Micro,Taiwan,APAC,Enterprise,Germany,OTIF_ERP,ERP Definition,Finance,1,1,0.0,0.0,100.0,100.0,100.0,1,100.0,CHAINTRUTH
2026-01-01,SUP-014,Supplier 014,India,APAC,0.95,PLT-09,Hanoi Assembly,Vietnam,APAC,SMB,USA,OTIF_ERP,ERP Definition,Finance,1,1,0.0,0.0,100.0,100.0,100.0,1,100.0,CHAINTRUTH
2026-01-01,SUP-014,Supplier 014,India,APAC,0.95,PLT-03,Tokyo Precision,Japan,APAC,SMB,UK,OTIF_ERP,ERP Definition,Finance,1,2,0.0,0.0,50.0,50.0,50.0,1,50.0,CHAINTRUTH
2026-01-01,SUP-014,Supplier 014,India,APAC,0.95,PLT-09,Hanoi Assembly,Vietnam,APAC,Government,Singapore,OTIF_ERP,ERP Definition,Finance,1,1,0.0,0.0,0.0,100.0,100.0,1,100.0,CHAINTRUTH
2026-01-01,SUP-014,Supplier 014,India,APAC,0.95,PLT-00,Shanghai Hub,China,APAC,SMB,Singapore,OTIF_ERP,ERP Definition,Finance,1,1,0.0,0.0,0.0,100.0,0.0,1,100.0,CHAINTRUTH
2026-01-01,SUP-014,Supplier 014,India,APAC,0.95,PLT-02,Detroit Works,USA,NA,SMB,Canada,OTIF_ERP,ERP Definition,Finance,1,1,0.0,100.0,100.0,100.0,0.0,0,0.0,CHAINTRUTH
2026-01-01,SUP-014,Supplier 014,India,APAC,0.95,PLT-08,Taipei Micro,Taiwan,APAC,SMB,France,OTIF_ERP,ERP Definition,Finance,1,1,0.0,0.0,100.0,100.0,100.0,1,100.0,CHAINTRUTH
2026-01-01,SUP-015,Supplier 015,Mexico,LATAM,0.75,PLT-00,Shanghai Hub,China,APAC,SMB,Canada,OTIF_ERP,ERP Definition,Finance,1,1,0.0,0.0,0.0,100.0,100.0,1,100.0,CHAINTRUTH
2026-01-01,SUP-015,Supplier 015,Mexico,LATAM,0.75,PLT-01,Munich Center,Germany,EMEA,Government,Japan,OTIF_ERP,ERP Definition,Finance,1,1,0.0,100.0,100.0,100.0,0.0,0,0.0,CHAINTRUTH
2026-01-01,SUP-015,Supplier 015,Mexico,LATAM,0.75,PLT-09,Hanoi Assembly,Vietnam,APAC,Enterprise,USA,OTIF_ERP,ERP Definition,Finance,1,1,0.0,0.0,100.0,100.0,100.0,1,100.0,CHAINTRUTH
2026-01-01,SUP-016,Supplier 016,Brazil,LATAM,0.66,PLT-05,Monterrey Plant,Mexico,LATAM,SMB,Germany,OTIF_ERP,ERP Definition,Finance,1,1,0.0,0.0,100.0,100.0,100.0,1,100.0,CHAINTRUTH
2026-01-01,SUP-016,Supplier 016,Brazil,LATAM,0.66,PLT-04,Chennai Forge,India,APAC,SMB,France,OTIF_ERP,ERP Definition,Finance,1,1,0.0,0.0,100.0,100.0,0.0,1,100.0,CHAINTRUTH
2026-01-01,SUP-016,Supplier 016,Brazil,LATAM,0.66,PLT-02,Detroit Works,USA,NA,SMB,USA,OTIF_ERP,ERP Definition,Finance,1,1,0.0,0.0,0.0,100.0,100.0,1,100.0,CHAINTRUTH
2026-01-01,SUP-016,Supplier 016,Brazil,LATAM,0.66,PLT-02,Detroit Works,USA,NA,Government,USA,OTIF_ERP,ERP Definition,Finance,1,1,100.0,100.0,100.0,100.0,100.0,0,0.0,CHAINTRUTH
2026-01-01,SUP-017,Supplier 017,South Korea,APAC,0.89,PLT-07,Seoul Tech,South Korea,APAC,SMB,Australia,OTIF_ERP,ERP Definition,Finance,1,1,0.0,0.0,0.0,100.0,100.0,1,100.0,CHAINTRUTH
2026-01-01,SUP-017,Supplier 017,South Korea,APAC,0.89,PLT-08,Taipei Micro,Taiwan,APAC,Enterprise,USA,OTIF_ERP,ERP Definition,Finance,1,1,0.0,0.0,100.0,100.0,100.0,1,100.0,CHAINTRUTH
2026-01-01,SUP-017,Supplier 017,South Korea,APAC,0.89,PLT-06,Sao Paulo Ops,Brazil,LATAM,SMB,Germany,OTIF_ERP,ERP Definition,Finance,1,1,0.0,0.0,100.0,100.0,0.0,1,100.0,CHAINTRUTH
2026-01-01,SUP-017,Supplier 017,South Korea,APAC,0.89,PLT-09,Hanoi Assembly,Vietnam,APAC,SMB,Germany,OTIF_ERP,ERP Definition,Finance,1,2,0.0,0.0,50.0,100.0,50.0,2,100.0,CHAINTRUTH
2026-01-01,SUP-017,Supplier 017,South Korea,APAC,0.89,PLT-01,Munich Center,Germany,EMEA,SMB,Australia,OTIF_ERP,ERP Definition,Finance,1,1,0.0,0.0,0.0,100.0,100.0,1,100.0,CHAINTRUTH
2026-01-01,SUP-017,Supplier 017,South Korea,APAC,0.89,PLT-04,Chennai Forge,India,APAC,SMB,Singapore,OTIF_ERP,ERP Definition,Finance,1,1,0.0,0.0,0.0,100.0,100.0,1,100.0,CHAINTRUTH
2026-01-01,SUP-017,Supplier 017,South Korea,APAC,0.89,PLT-07,Seoul Tech,South Korea,APAC,Enterprise,Japan,OTIF_ERP,ERP Definition,Finance,1,1,100.0,100.0,100.0,100.0,100.0,0,0.0,CHAINTRUTH
2026-01-01,SUP-017,Supplier 017,South Korea,APAC,0.89,PLT-07,Seoul Tech,South Korea,APAC,SMB,Canada,OTIF_ERP,ERP Definition,Finance,1,1,0.0,0.0,100.0,100.0,0.0,1,100.0,CHAINTRUTH
2026-01-01,SUP-017,Supplier 017,South Korea,APAC,0.89,PLT-09,Hanoi Assembly,Vietnam,APAC,Enterprise,Germany,OTIF_ERP,ERP Definition,Finance,1,1,0.0,0.0,0.0,100.0,100.0,1,100.0,CHAINTRUTH
2026-01-01,SUP-017,Supplier 017,South Korea,APAC,0.89,PLT-01,Munich Center,Germany,EMEA,SMB,UK,OTIF_ERP,ERP Definition,Finance,1,1,0.0,0.0,0.0,100.0,100.0,1,100.0,CHAINTRUTH
2026-01-01,SUP-018,Supplier 018,Taiwan,APAC,0.75,PLT-01,Munich Center,Germany,EMEA,SMB,Singapore,OTIF_ERP,ERP Definition,Finance,1,1,0.0,0.0,100.0,100.0,100.0,1,100.0,CHAINTRUTH
2026-01-01,SUP-018,Supplier 018,Taiwan,APAC,0.75,PLT-04,Chennai Forge,India,APAC,SMB,USA,OTIF_ERP,ERP Definition,Finance,1,1,0.0,0.0,0.0,100.0,100.0,1,100.0,CHAINTRUTH
2026-01-01,SUP-018,Supplier 018,Taiwan,APAC,0.75,PLT-05,Monterrey Plant,Mexico,LATAM,Enterprise,Germany,OTIF_ERP,ERP Definition,Finance,1,1,0.0,0.0,0.0,100.0,100.0,1,100.0,CHAINTRUTH
2026-01-01,SUP-018,Supplier 018,Taiwan,APAC,0.75,PLT-08,Taipei Micro,Taiwan,APAC,Government,USA,OTIF_ERP,ERP Definition,Finance,1,1,0.0,0.0,0.0,100.0,100.0,1,100.0,CHAINTRUTH
2026-01-01,SUP-019,Supplier 019,Vietnam,APAC,0.57,PLT-04,Chennai Forge,India,APAC,SMB,UK,OTIF_ERP,ERP Definition,Finance,1,2,0.0,0.0,50.0,100.0,0.0,2,100.0,CHAINTRUTH
2026-01-01,SUP-019,Supplier 019,Vietnam,APAC,0.57,PLT-00,Shanghai Hub,China,APAC,SMB,USA,OTIF_ERP,ERP Definition,Finance,1,1,0.0,0.0,0.0,100.0,0.0,1,100.0,CHAINTRUTH
2026-01-01,SUP-019,Supplier 019,Vietnam,APAC,0.57,PLT-04,Chennai Forge,India,APAC,Enterprise,Japan,OTIF_ERP,ERP Definition,Finance,1,1,0.0,0.0,100.0,100.0,100.0,1,100.0,CHAINTRUTH
2026-01-01,SUP-019,Supplier 019,Vietnam,APAC,0.57,PLT-07,Seoul Tech,South Korea,APAC,SMB,USA,OTIF_ERP,ERP Definition,Finance,1,1,100.0,100.0,0.0,100.0,100.0,1,100.0,CHAINTRUTH
2026-01-01,SUP-019,Supplier 019,Vietnam,APAC,0.57,PLT-03,Tokyo Precision,Japan,APAC,SMB,Japan,OTIF_ERP,ERP Definition,Finance,1,1,0.0,100.0,100.0,100.0,0.0,0,0.0,CHAINTRUTH
2026-01-01,SUP-019,Supplier 019,Vietnam,APAC,0.57,PLT-02,Detroit Works,USA,NA,Government,Australia,OTIF_ERP,ERP Definition,Finance,1,1,0.0,0.0,0.0,100.0,100.0,1,100.0,CHAINTRUTH
2026-01-01,SUP-019,Supplier 019,Vietnam,APAC,0.57,PLT-01,Munich Center,Germany,EMEA,Government,Singapore,OTIF_ERP,ERP Definition,Finance,1,1,0.0,0.0,0.0,100.0,100.0,1,100.0,CHAINTRUTH
2026-01-01,SUP-019,Supplier 019,Vietnam,APAC,0.57,PLT-09,Hanoi Assembly,Vietnam,APAC,SMB,UK,OTIF_ERP,ERP Definition,Finance,1,1,100.0,100.0,100.0,100.0,100.0,0,0.0,CHAINTRUTH
2026-01-01,SUP-019,Supplier 019,Vietnam,APAC,0.57,PLT-06,Sao Paulo Ops,Brazil,LATAM,SMB,Australia,OTIF_ERP,ERP Definition,Finance,1,1,0.0,0.0,100.0,100.0,0.0,1,100.0,CHAINTRUTH
2026-01-01,SUP-020,Supplier 020,China,APAC,0.6,PLT-06,Sao Paulo Ops,Brazil,LATAM,SMB,France,OTIF_ERP,ERP Definition,Finance,1,1,0.0,0.0,100.0,100.0,100.0,1,100.0,CHAINTRUTH
2026-01-01,SUP-020,Supplier 020,China,APAC,0.6,PLT-03,Tokyo Precision,Japan,APAC,SMB,UK,OTIF_ERP,ERP Definition,Finance,1,2,0.0,0.0,100.0,100.0,50.0,2,100.0,CHAINTRUTH
2026-01-01,SUP-020,Supplier 020,China,APAC,0.6,PLT-01,Munich Center,Germany,EMEA,Government,Singapore,OTIF_ERP,ERP Definition,Finance,1,1,100.0,100.0,100.0,100.0,100.0,0,0.0,CHAINTRUTH
2026-01-01,SUP-020,Supplier 020,China,APAC,0.6,PLT-01,Munich Center,Germany,EMEA,SMB,Canada,OTIF_ERP,ERP Definition,Finance,1,1,0.0,0.0,0.0,100.0,100.0,1,100.0,CHAINTRUTH
2026-01-01,SUP-020,Supplier 020,China,APAC,0.6,PLT-06,Sao Paulo Ops,Brazil,LATAM,SMB,Germany,OTIF_ERP,ERP Definition,Finance,1,1,0.0,0.0,0.0,100.0,100.0,1,100.0,CHAINTRUTH
2026-01-01,SUP-020,Supplier 020,China,APAC,0.6,PLT-05,Monterrey Plant,Mexico,LATAM,SMB,UK,OTIF_ERP,ERP Definition,Finance,1,2,0.0,0.0,100.0,100.0,50.0,2,100.0,CHAINTRUTH
2026-01-01,SUP-020,Supplier 020,China,APAC,0.6,PLT-01,Munich Center,Germany,EMEA,SMB,Australia,OTIF_ERP,ERP Definition,Finance,1,1,0.0,0.0,0.0,100.0,0.0,1,100.0,CHAINTRUTH
2026-01-01,SUP-021,Supplier 021,Germany,EMEA,0.75,PLT-07,Seoul Tech,South Korea,APAC,Enterprise,France,OTIF_ERP,ERP Definition,Finance,1,1,0.0,0.0,0.0,100.0,0.0,1,100.0,CHAINTRUTH
2026-01-01,SUP-021,Supplier 021,Germany,EMEA,0.75,PLT-00,Shanghai Hub,China,APAC,Enterprise,France,OTIF_ERP,ERP Definition,Finance,1,1,0.0,0.0,100.0,100.0,0.0,1,100.0,CHAINTRUTH
2026-01-01,SUP-021,Supplier 021,Germany,EMEA,0.75,PLT-05,Monterrey Plant,Mexico,LATAM,SMB,France,OTIF_ERP,ERP Definition,Finance,1,1,0.0,0.0,100.0,100.0,100.0,1,100.0,CHAINTRUTH
2026-01-01,SUP-021,Supplier 021,Germany,EMEA,0.75,PLT-03,Tokyo Precision,Japan,APAC,Enterprise,Germany,OTIF_ERP,ERP Definition,Finance,1,1,0.0,0.0,0.0,100.0,100.0,1,100.0,CHAINTRUTH
2026-01-01,SUP-022,Supplier 022,USA,NA,0.8,PLT-05,Monterrey Plant,Mexico,LATAM,SMB,Singapore,OTIF_ERP,ERP Definition,Finance,1,1,0.0,0.0,100.0,100.0,100.0,1,100.0,CHAINTRUTH
2026-01-01,SUP-022,Supplier 022,USA,NA,0.8,PLT-06,Sao Paulo Ops,Brazil,LATAM,SMB,USA,OTIF_ERP,ERP Definition,Finance,1,1,0.0,0.0,100.0,100.0,100.0,1,100.0,CHAINTRUTH
2026-01-01,SUP-022,Supplier 022,USA,NA,0.8,PLT-01,Munich Center,Germany,EMEA,Enterprise,Japan,OTIF_ERP,ERP Definition,Finance,1,1,100.0,100.0,100.0,100.0,100.0,0,0.0,CHAINTRUTH
2026-01-01,SUP-022,Supplier 022,USA,NA,0.8,PLT-01,Munich Center,Germany,EMEA,Enterprise,USA,OTIF_ERP,ERP Definition,Finance,1,2,0.0,0.0,50.0,100.0,50.0,2,100.0,CHAINTRUTH
2026-01-01,SUP-022,Supplier 022,USA,NA,0.8,PLT-03,Tokyo Precision,Japan,APAC,SMB,Japan,OTIF_ERP,ERP Definition,Finance,1,1,0.0,0.0,0.0,100.0,100.0,1,100.0,CHAINTRUTH
2026-01-01,SUP-022,Supplier 022,USA,NA,0.8,PLT-00,Shanghai Hub,China,APAC,Enterprise,Australia,OTIF_ERP,ERP Definition,Finance,1,1,0.0,0.0,100.0,100.0,100.0,1,100.0,CHAINTRUTH
2026-01-01,SUP-023,Supplier 023,Japan,APAC,0.98,PLT-03,Tokyo Precision,Japan,APAC,SMB,Canada,OTIF_ERP,ERP Definition,Finance,1,1,0.0,0.0,100.0,100.0,0.0,1,100.0,CHAINTRUTH
2026-01-01,SUP-023,Supplier 023,Japan,APAC,0.98,PLT-01,Munich Center,Germany,EMEA,SMB,Australia,OTIF_ERP,ERP Definition,Finance,1,2,0.0,0.0,50.0,100.0,0.0,2,100.0,CHAINTRUTH
2026-01-01,SUP-023,Supplier 023,Japan,APAC,0.98,PLT-07,Seoul Tech,South Korea,APAC,SMB,France,OTIF_ERP,ERP Definition,Finance,1,1,0.0,0.0,100.0,100.0,100.0,1,100.0,CHAINTRUTH
2026-01-01,SUP-023,Supplier 023,Japan,APAC,0.98,PLT-04,Chennai Forge,India,APAC,SMB,UK,OTIF_ERP,ERP Definition,Finance,1,1,0.0,0.0,100.0,100.0,0.0,1,100.0,CHAINTRUTH
2026-01-01,SUP-023,Supplier 023,Japan,APAC,0.98,PLT-01,Munich Center,Germany,EMEA,Government,Germany,OTIF_ERP,ERP Definition,Finance,1,2,0.0,0.0,100.0,100.0,50.0,2,100.0,CHAINTRUTH
2026-01-01,SUP-023,Supplier 023,Japan,APAC,0.98,PLT-05,Monterrey Plant,Mexico,LATAM,Enterprise,Japan,OTIF_ERP,ERP Definition,Finance,1,2,50.0,50.0,50.0,100.0,50.0,1,50.0,CHAINTRUTH
2026-01-01,SUP-023,Supplier 023,Japan,APAC,0.98,PLT-04,Chennai Forge,India,APAC,Government,Canada,OTIF_ERP,ERP Definition,Finance,1,1,0.0,0.0,100.0,100.0,100.0,1,100.0,CHAINTRUTH
2026-01-01,SUP-023,Supplier 023,Japan,APAC,0.98,PLT-05,Monterrey Plant,Mexico,LATAM,SMB,UK,OTIF_ERP,ERP Definition,Finance,1,1,0.0,0.0,100.0,100.0,0.0,1,100.0,CHAINTRUTH
2026-01-01,SUP-024,Supplier 024,India,APAC,0.89,PLT-06,Sao Paulo Ops,Brazil,LATAM,SMB,Singapore,OTIF_ERP,ERP Definition,Finance,1,1,0.0,0.0,0.0,100.0,0.0,1,100.0,CHAINTRUTH
2026-01-01,SUP-024,Supplier 024,India,APAC,0.89,PLT-00,Shanghai Hub,China,APAC,SMB,Japan,OTIF_ERP,ERP Definition,Finance,1,1,0.0,0.0,0.0,100.0,100.0,1,100.0,CHAINTRUTH
2026-01-01,SUP-024,Supplier 024,India,APAC,0.89,PLT-08,Taipei Micro,Taiwan,APAC,SMB,France,OTIF_ERP,ERP Definition,Finance,1,1,0.0,0.0,100.0,100.0,0.0,1,100.0,CHAINTRUTH
2026-01-01,SUP-024,Supplier 024,India,APAC,0.89,PLT-05,Monterrey Plant,Mexico,LATAM,SMB,Germany,OTIF_ERP,ERP Definition,Finance,1,1,0.0,0.0,0.0,100.0,0.0,1,100.0,CHAINTRUTH
2026-01-01,SUP-025,Supplier 025,Mexico,LATAM,0.71,PLT-05,Monterrey Plant,Mexico,LATAM,Government,Singapore,OTIF_ERP,ERP Definition,Finance,1,1,0.0,0.0,0.0,100.0,100.0,1,100.0,CHAINTRUTH
2026-01-01,SUP-025,Supplier 025,Mexico,LATAM,0.71,PLT-00,Shanghai Hub,China,APAC,SMB,Japan,OTIF_ERP,ERP Definition,Finance,1,1,0.0,0.0,100.0,100.0,0.0,1,100.0,CHAINTRUTH
2026-01-01,SUP-025,Supplier 025,Mexico,LATAM,0.71,PLT-02,Detroit Works,USA,NA,SMB,USA,OTIF_ERP,ERP Definition,Finance,1,1,0.0,0.0,100.0,100.0,100.0,1,100.0,CHAINTRUTH
2026-01-01,SUP-025,Supplier 025,Mexico,LATAM,0.71,PLT-05,Monterrey Plant,Mexico,LATAM,SMB,Singapore,OTIF_ERP,ERP Definition,Finance,1,1,0.0,0.0,0.0,100.0,0.0,1,100.0,CHAINTRUTH
2026-01-01,SUP-025,Supplier 025,Mexico,LATAM,0.71,PLT-01,Munich Center,Germany,EMEA,Enterprise,France,OTIF_ERP,ERP Definition,Finance,1,1,0.0,0.0,0.0,100.0,100.0,1,100.0,CHAINTRUTH
2026-01-01,SUP-025,Supplier 025,Mexico,LATAM,0.71,PLT-01,Munich Center,Germany,EMEA,Enterprise,Japan,OTIF_ERP,ERP Definition,Finance,1,1,100.0,100.0,100.0,100.0,100.0,0,0.0,CHAINTRUTH
2026-01-01,SUP-025,Supplier 025,Mexico,LATAM,0.71,PLT-05,Monterrey Plant,Mexico,LATAM,Enterprise,Germany,OTIF_ERP,ERP Definition,Finance,1,1,0.0,0.0,100.0,100.0,100.0,1,100.0,CHAINTRUTH
2026-01-01,SUP-025,Supplier 025,Mexico,LATAM,0.71,PLT-02,Detroit Works,USA,NA,Enterprise,UK,OTIF_ERP,ERP Definition,Finance,1,2,0.0,0.0,50.0,100.0,0.0,2,100.0,CHAINTRUTH
2026-01-01,SUP-026,Supplier 026,Brazil,LATAM,0.73,PLT-06,Sao Paulo Ops,Brazil,LATAM,Enterprise,USA,OTIF_ERP,ERP Definition,Finance,1,1,100.0,100.0,100.0,100.0,100.0,0,0.0,CHAINTRUTH
2026-01-01,SUP-026,Supplier 026,Brazil,LATAM,0.73,PLT-00,Shanghai Hub,China,APAC,Government,Australia,OTIF_ERP,ERP Definition,Finance,1,2,0.0,0.0,50.0,100.0,50.0,2,100.0,CHAINTRUTH
2026-01-01,SUP-026,Supplier 026,Brazil,LATAM,0.73,PLT-09,Hanoi Assembly,Vietnam,APAC,SMB,Australia,OTIF_ERP,ERP Definition,Finance,1,1,0.0,0.0,100.0,100.0,100.0,1,100.0,CHAINTRUTH
2026-01-01,SUP-026,Supplier 026,Brazil,LATAM,0.73,PLT-03,Tokyo Precision,Japan,APAC,SMB,Singapore,OTIF_ERP,ERP Definition,Finance,1,1,0.0,0.0,100.0,100.0,100.0,1,100.0,CHAINTRUTH
2026-01-01,SUP-026,Supplier 026,Brazil,LATAM,0.73,PLT-08,Taipei Micro,Taiwan,APAC,Enterprise,Japan,OTIF_ERP,ERP Definition,Finance,1,1,0.0,0.0,0.0,100.0,100.0,1,100.0,CHAINTRUTH
2026-01-01,SUP-026,Supplier 026,Brazil,LATAM,0.73,PLT-01,Munich Center,Germany,EMEA,SMB,UK,OTIF_ERP,ERP Definition,Finance,1,1,0.0,0.0,100.0,100.0,0.0,1,100.0,CHAINTRUTH
2026-01-01,SUP-026,Supplier 026,Brazil,LATAM,0.73,PLT-02,Detroit Works,USA,NA,Enterprise,France,OTIF_ERP,ERP Definition,Finance,1,2,0.0,0.0,100.0,100.0,0.0,2,100.0,CHAINTRUTH
2026-01-01,SUP-027,Supplier 027,South Korea,APAC,0.94,PLT-06,Sao Paulo Ops,Brazil,LATAM,Government,France,OTIF_ERP,ERP Definition,Finance,1,1,0.0,0.0,100.0,100.0,0.0,1,100.0,CHAINTRUTH
2026-01-01,SUP-027,Supplier 027,South Korea,APAC,0.94,PLT-07,Seoul Tech,South Korea,APAC,SMB,Australia,OTIF_ERP,ERP Definition,Finance,1,2,0.0,0.0,0.0,100.0,50.0,2,100.0,CHAINTRUTH
2026-01-01,SUP-027,Supplier 027,South Korea,APAC,0.94,PLT-01,Munich Center,Germany,EMEA,SMB,Singapore,OTIF_ERP,ERP Definition,Finance,2,2,0.0,0.0,50.0,100.0,50.0,2,100.0,CHAINTRUTH
2026-01-01,SUP-027,Supplier 027,South Korea,APAC,0.94,PLT-02,Detroit Works,USA,NA,Enterprise,France,OTIF_ERP,ERP Definition,Finance,1,2,50.0,50.0,100.0,100.0,50.0,1,50.0,CHAINTRUTH
2026-01-01,SUP-027,Supplier 027,South Korea,APAC,0.94,PLT-06,Sao Paulo Ops,Brazil,LATAM,SMB,Canada,OTIF_ERP,ERP Definition,Finance,1,2,0.0,0.0,50.0,100.0,50.0,2,100.0,CHAINTRUTH
2026-01-01,SUP-027,Supplier 027,South Korea,APAC,0.94,PLT-03,Tokyo Precision,Japan,APAC,SMB,Australia,OTIF_ERP,ERP Definition,Finance,1,2,0.0,0.0,50.0,100.0,0.0,2,100.0,CHAINTRUTH
2026-01-01,SUP-027,Supplier 027,South Korea,APAC,0.94,PLT-02,Detroit Works,USA,NA,SMB,France,OTIF_ERP,ERP Definition,Finance,1,1,100.0,100.0,0.0,100.0,100.0,1,100.0,CHAINTRUTH
2026-01-01,SUP-027,Supplier 027,South Korea,APAC,0.94,PLT-09,Hanoi Assembly,Vietnam,APAC,SMB,USA,OTIF_ERP,ERP Definition,Finance,1,1,0.0,0.0,100.0,100.0,100.0,1,100.0,CHAINTRUTH
2026-01-01,SUP-027,Supplier 027,South Korea,APAC,0.94,PLT-09,Hanoi Assembly,Vietnam,APAC,Government,Germany,OTIF_ERP,ERP Definition,Finance,1,1,0.0,0.0,100.0,100.0,100.0,1,100.0,CHAINTRUTH
2026-01-01,SUP-028,Supplier 028,Taiwan,APAC,0.84,PLT-06,Sao Paulo Ops,Brazil,LATAM,SMB,USA,OTIF_ERP,ERP Definition,Finance,1,1,0.0,0.0,100.0,100.0,100.0,1,100.0,CHAINTRUTH
2026-01-01,SUP-028,Supplier 028,Taiwan,APAC,0.84,PLT-08,Taipei Micro,Taiwan,APAC,Government,USA,OTIF_ERP,ERP Definition,Finance,1,1,0.0,0.0,0.0,100.0,0.0,1,100.0,CHAINTRUTH
2026-01-01,SUP-028,Supplier 028,Taiwan,APAC,0.84,PLT-08,Taipei Micro,Taiwan,APAC,Enterprise,Japan,OTIF_ERP,ERP Definition,Finance,1,1,0.0,0.0,100.0,100.0,100.0,1,100.0,CHAINTRUTH
2026-01-01,SUP-028,Supplier 028,Taiwan,APAC,0.84,PLT-06,Sao Paulo Ops,Brazil,LATAM,Enterprise,USA,OTIF_ERP,ERP Definition,Finance,1,1,0.0,0.0,100.0,100.0,0.0,1,100.0,CHAINTRUTH
2026-01-01,SUP-028,Supplier 028,Taiwan,APAC,0.84,PLT-01,Munich Center,Germany,EMEA,Enterprise,Japan,OTIF_ERP,ERP Definition,Finance,1,1,0.0,100.0,0.0,100.0,0.0,1,100.0,CHAINTRUTH
2026-01-01,SUP-028,Supplier 028,Taiwan,APAC,0.84,PLT-08,Taipei Micro,Taiwan,APAC,Enterprise,USA,OTIF_ERP,ERP Definition,Finance,1,2,0.0,0.0,0.0,50.0,0.0,1,50.0,CHAINTRUTH
2026-01-01,SUP-029,Supplier 029,Vietnam,APAC,0.51,PLT-08,Taipei Micro,Taiwan,APAC,Enterprise,France,OTIF_ERP,ERP Definition,Finance,1,2,0.0,0.0,0.0,100.0,50.0,2,100.0,CHAINTRUTH
2026-01-01,SUP-029,Supplier 029,Vietnam,APAC,0.51,PLT-00,Shanghai Hub,China,APAC,SMB,Germany,OTIF_ERP,ERP Definition,Finance,1,1,0.0,0.0,0.0,100.0,100.0,1,100.0,CHAINTRUTH
2026-01-01,SUP-030,Supplier 030,China,APAC,0.59,PLT-07,Seoul Tech,South Korea,APAC,Enterprise,France,OTIF_ERP,ERP Definition,Finance,1,1,0.0,0.0,0.0,100.0,100.0,1,100.0,CHAINTRUTH
2026-01-01,SUP-030,Supplier 030,China,APAC,0.59,PLT-08,Taipei Micro,Taiwan,APAC,SMB,Australia,OTIF_ERP,ERP Definition,Finance,1,1,0.0,0.0,100.0,100.0,100.0,1,100.0,CHAINTRUTH
2026-01-01,SUP-030,Supplier 030,China,APAC,0.59,PLT-02,Detroit Works,USA,NA,SMB,France,OTIF_ERP,ERP Definition,Finance,1,1,0.0,100.0,100.0,100.0,0.0,0,0.0,CHAINTRUTH
2026-01-01,SUP-030,Supplier 030,China,APAC,0.59,PLT-01,Munich Center,Germany,EMEA,Enterprise,Singapore,OTIF_ERP,ERP Definition,Finance,1,1,0.0,0.0,100.0,100.0,100.0,1,100.0,CHAINTRUTH
2026-01-01,SUP-030,Supplier 030,China,APAC,0.59,PLT-05,Monterrey Plant,Mexico,LATAM,Government,USA,OTIF_ERP,ERP Definition,Finance,1,1,0.0,0.0,0.0,100.0,100.0,1,100.0,CHAINTRUTH
2026-01-01,SUP-030,Supplier 030,China,APAC,0.59,PLT-02,Detroit Works,USA,NA,Government,USA,OTIF_ERP,ERP Definition,Finance,1,1,100.0,100.0,100.0,100.0,100.0,0,0.0,CHAINTRUTH
2026-01-01,SUP-030,Supplier 030,China,APAC,0.59,PLT-01,Munich Center,Germany,EMEA,SMB,Australia,OTIF_ERP,ERP Definition,Finance,1,1,0.0,0.0,0.0,100.0,0.0,1,100.0,CHAINTRUTH
2026-01-01,SUP-030,Supplier 030,China,APAC,0.59,PLT-08,Taipei Micro,Taiwan,APAC,Enterprise,USA,OTIF_ERP,ERP Definition,Finance,1,2,0.0,0.0,50.0,100.0,50.0,2,100.0,CHAINTRUTH
2026-01-01,SUP-030,Supplier 030,China,APAC,0.59,PLT-09,Hanoi Assembly,Vietnam,APAC,Enterprise,Japan,OTIF_ERP,ERP Definition,Finance,1,1,0.0,0.0,0.0,100.0,0.0,1,100.0,CHAINTRUTH
2026-01-01,SUP-031,Supplier 031,Germany,EMEA,0.92,PLT-09,Hanoi Assembly,Vietnam,APAC,Enterprise,Singapore,OTIF_ERP,ERP Definition,Finance,1,1,0.0,100.0,100.0,100.0,0.0,0,0.0,CHAINTRUTH
2026-01-01,SUP-031,Supplier 031,Germany,EMEA,0.92,PLT-08,Taipei Micro,Taiwan,APAC,Government,Singapore,OTIF_ERP,ERP Definition,Finance,1,2,0.0,0.0,50.0,100.0,50.0,2,100.0,CHAINTRUTH
2026-01-01,SUP-031,Supplier 031,Germany,EMEA,0.92,PLT-05,Monterrey Plant,Mexico,LATAM,Enterprise,Canada,OTIF_ERP,ERP Definition,Finance,1,1,0.0,0.0,0.0,100.0,100.0,1,100.0,CHAINTRUTH
2026-01-01,SUP-031,Supplier 031,Germany,EMEA,0.92,PLT-06,Sao Paulo Ops,Brazil,LATAM,SMB,France,OTIF_ERP,ERP Definition,Finance,1,2,0.0,0.0,50.0,100.0,0.0,2,100.0,CHAINTRUTH
2026-01-01,SUP-032,Supplier 032,USA,NA,0.78,PLT-03,Tokyo Precision,Japan,APAC,Enterprise,Singapore,OTIF_ERP,ERP Definition,Finance,1,1,0.0,0.0,100.0,100.0,100.0,1,100.0,CHAINTRUTH
2026-01-01,SUP-032,Supplier 032,USA,NA,0.78,PLT-06,Sao Paulo Ops,Brazil,LATAM,Enterprise,Germany,OTIF_ERP,ERP Definition,Finance,1,1,100.0,100.0,100.0,100.0,100.0,0,0.0,CHAINTRUTH
2026-01-01,SUP-032,Supplier 032,USA,NA,0.78,PLT-09,Hanoi Assembly,Vietnam,APAC,Enterprise,Japan,OTIF_ERP,ERP Definition,Finance,1,1,0.0,0.0,0.0,100.0,100.0,1,100.0,CHAINTRUTH
2026-01-01,SUP-032,Supplier 032,USA,NA,0.78,PLT-08,Taipei Micro,Taiwan,APAC,Enterprise,France,OTIF_ERP,ERP Definition,Finance,1,1,0.0,0.0,0.0,100.0,0.0,1,100.0,CHAINTRUTH
2026-01-01,SUP-032,Supplier 032,USA,NA,0.78,PLT-02,Detroit Works,USA,NA,SMB,UK,OTIF_ERP,ERP Definition,Finance,1,1,0.0,0.0,0.0,100.0,0.0,1,100.0,CHAINTRUTH
2026-01-01,SUP-032,Supplier 032,USA,NA,0.78,PLT-04,Chennai Forge,India,APAC,SMB,France,OTIF_ERP,ERP Definition,Finance,1,1,0.0,100.0,100.0,100.0,0.0,0,0.0,CHAINTRUTH
2026-01-01,SUP-033,Supplier 033,Japan,APAC,0.5,PLT-01,Munich Center,Germany,EMEA,Government,Australia,OTIF_ERP,ERP Definition,Finance,1,1,0.0,0.0,0.0,100.0,0.0,1,100.0,CHAINTRUTH
2026-01-01,SUP-033,Supplier 033,Japan,APAC,0.5,PLT-00,Shanghai Hub,China,APAC,Enterprise,USA,OTIF_ERP,ERP Definition,Finance,1,1,0.0,0.0,100.0,100.0,100.0,1,100.0,CHAINTRUTH
2026-01-01,SUP-033,Supplier 033,Japan,APAC,0.5,PLT-05,Monterrey Plant,Mexico,LATAM,SMB,Japan,OTIF_ERP,ERP Definition,Finance,1,2,0.0,0.0,100.0,100.0,0.0,2,100.0,CHAINTRUTH
2026-01-01,SUP-033,Supplier 033,Japan,APAC,0.5,PLT-05,Monterrey Plant,Mexico,LATAM,SMB,Australia,OTIF_ERP,ERP Definition,Finance,1,1,0.0,0.0,0.0,100.0,100.0,1,100.0,CHAINTRUTH
2026-01-01,SUP-033,Supplier 033,Japan,APAC,0.5,PLT-03,Tokyo Precision,Japan,APAC,SMB,Germany,OTIF_ERP,ERP Definition,Finance,1,1,0.0,0.0,0.0,100.0,100.0,1,100.0,CHAINTRUTH
2026-01-01,SUP-033,Supplier 033,Japan,APAC,0.5,PLT-02,Detroit Works,USA,NA,Enterprise,USA,OTIF_ERP,ERP Definition,Finance,1,1,0.0,0.0,0.0,100.0,100.0,1,100.0,CHAINTRUTH
2026-01-01,SUP-033,Supplier 033,Japan,APAC,0.5,PLT-02,Detroit Works,USA,NA,Government,Australia,OTIF_ERP,ERP Definition,Finance,1,1,0.0,0.0,0.0,100.0,0.0,1,100.0,CHAINTRUTH
2026-01-01,SUP-034,Supplier 034,India,APAC,0.95,PLT-02,Detroit Works,USA,NA,Government,Germany,OTIF_ERP,ERP Definition,Finance,1,2,50.0,50.0,50.0,100.0,50.0,2,100.0,CHAINTRUTH
2026-01-01,SUP-034,Supplier 034,India,APAC,0.95,PLT-06,Sao Paulo Ops,Brazil,LATAM,SMB,Singapore,OTIF_ERP,ERP Definition,Finance,1,1,0.0,0.0,100.0,100.0,0.0,1,100.0,CHAINTRUTH
2026-01-01,SUP-034,Supplier 034,India,APAC,0.95,PLT-02,Detroit Works,USA,NA,SMB,Germany,OTIF_ERP,ERP Definition,Finance,1,1,100.0,100.0,100.0,100.0,100.0,0,0.0,CHAINTRUTH
2026-01-01,SUP-034,Supplier 034,India,APAC,0.95,PLT-00,Shanghai Hub,China,APAC,Enterprise,USA,OTIF_ERP,ERP Definition,Finance,1,1,0.0,0.0,100.0,100.0,0.0,1,100.0,CHAINTRUTH
2026-01-01,SUP-035,Supplier 035,Mexico,LATAM,0.77,PLT-07,Seoul Tech,South Korea,APAC,SMB,Australia,OTIF_ERP,ERP Definition,Finance,1,1,0.0,0.0,100.0,100.0,0.0,1,100.0,CHAINTRUTH
2026-01-01,SUP-035,Supplier 035,Mexico,LATAM,0.77,PLT-02,Detroit Works,USA,NA,Enterprise,Japan,OTIF_ERP,ERP Definition,Finance,1,1,0.0,0.0,0.0,100.0,100.0,1,100.0,CHAINTRUTH
2026-01-01,SUP-035,Supplier 035,Mexico,LATAM,0.77,PLT-04,Chennai Forge,India,APAC,Enterprise,Canada,OTIF_ERP,ERP Definition,Finance,1,1,0.0,0.0,100.0,100.0,100.0,1,100.0,CHAINTRUTH
2026-01-01,SUP-035,Supplier 035,Mexico,LATAM,0.77,PLT-08,Taipei Micro,Taiwan,APAC,Government,USA,OTIF_ERP,ERP Definition,Finance,1,1,0.0,0.0,0.0,100.0,100.0,1,100.0,CHAINTRUTH
2026-01-01,SUP-036,Supplier 036,Brazil,LATAM,0.76,PLT-06,Sao Paulo Ops,Brazil,LATAM,SMB,Canada,OTIF_ERP,ERP Definition,Finance,1,1,0.0,0.0,100.0,100.0,100.0,1,100.0,CHAINTRUTH
2026-01-01,SUP-037,Supplier 037,South Korea,APAC,0.7,PLT-00,Shanghai Hub,China,APAC,SMB,France,OTIF_ERP,ERP Definition,Finance,1,1,0.0,0.0,0.0,100.0,0.0,1,100.0,CHAINTRUTH
2026-01-01,SUP-037,Supplier 037,South Korea,APAC,0.7,PLT-06,Sao Paulo Ops,Brazil,LATAM,SMB,Singapore,OTIF_ERP,ERP Definition,Finance,1,1,0.0,0.0,100.0,100.0,0.0,1,100.0,CHAINTRUTH
2026-01-01,SUP-037,Supplier 037,South Korea,APAC,0.7,PLT-04,Chennai Forge,India,APAC,Enterprise,Germany,OTIF_ERP,ERP Definition,Finance,1,1,0.0,0.0,100.0,100.0,100.0,1,100.0,CHAINTRUTH
2026-01-01,SUP-037,Supplier 037,South Korea,APAC,0.7,PLT-00,Shanghai Hub,China,APAC,SMB,UK,OTIF_ERP,ERP Definition,Finance,1,1,0.0,0.0,0.0,100.0,100.0,1,100.0,CHAINTRUTH
2026-01-01,SUP-037,Supplier 037,South Korea,APAC,0.7,PLT-07,Seoul Tech,South Korea,APAC,Government,Germany,OTIF_ERP,ERP Definition,Finance,1,1,0.0,0.0,100.0,100.0,100.0,1,100.0,CHAINTRUTH
2026-01-01,SUP-038,Supplier 038,Taiwan,APAC,0.95,PLT-00,Shanghai Hub,China,APAC,Enterprise,Australia,OTIF_ERP,ERP Definition,Finance,1,1,0.0,0.0,100.0,100.0,100.0,1,100.0,CHAINTRUTH
2026-01-01,SUP-038,Supplier 038,Taiwan,APAC,0.95,PLT-03,Tokyo Precision,Japan,APAC,Enterprise,Singapore,OTIF_ERP,ERP Definition,Finance,1,1,0.0,0.0,0.0,100.0,100.0,1,100.0,CHAINTRUTH
2026-01-01,SUP-038,Supplier 038,Taiwan,APAC,0.95,PLT-09,Hanoi Assembly,Vietnam,APAC,SMB,France,OTIF_ERP,ERP Definition,Finance,1,1,0.0,0.0,100.0,100.0,0.0,1,100.0,CHAINTRUTH
2026-01-01,SUP-038,Supplier 038,Taiwan,APAC,0.95,PLT-09,Hanoi Assembly,Vietnam,APAC,SMB,Australia,OTIF_ERP,ERP Definition,Finance,1,2,0.0,0.0,0.0,100.0,50.0,2,100.0,CHAINTRUTH
2026-01-01,SUP-038,Supplier 038,Taiwan,APAC,0.95,PLT-01,Munich Center,Germany,EMEA,Enterprise,Canada,OTIF_ERP,ERP Definition,Finance,1,2,0.0,0.0,50.0,100.0,0.0,2,100.0,CHAINTRUTH
2026-01-01,SUP-038,Supplier 038,Taiwan,APAC,0.95,PLT-04,Chennai Forge,India,APAC,SMB,Japan,OTIF_ERP,ERP Definition,Finance,1,1,0.0,0.0,100.0,100.0,100.0,1,100.0,CHAINTRUTH
2026-01-01,SUP-038,Supplier 038,Taiwan,APAC,0.95,PLT-01,Munich Center,Germany,EMEA,Enterprise,France,OTIF_ERP,ERP Definition,Finance,1,1,0.0,0.0,0.0,100.0,100.0,1,100.0,CHAINTRUTH
2026-01-01,SUP-039,Supplier 039,Vietnam,APAC,0.68,PLT-04,Chennai Forge,India,APAC,SMB,France,OTIF_ERP,ERP Definition,Finance,1,2,0.0,0.0,0.0,100.0,50.0,2,100.0,CHAINTRUTH
2026-01-01,SUP-039,Supplier 039,Vietnam,APAC,0.68,PLT-05,Monterrey Plant,Mexico,LATAM,Enterprise,Australia,OTIF_ERP,ERP Definition,Finance,1,1,0.0,0.0,0.0,100.0,100.0,1,100.0,CHAINTRUTH
2026-01-01,SUP-039,Supplier 039,Vietnam,APAC,0.68,PLT-07,Seoul Tech,South Korea,APAC,SMB,Australia,OTIF_ERP,ERP Definition,Finance,1,1,0.0,0.0,0.0,100.0,100.0,1,100.0,CHAINTRUTH
2026-01-01,SUP-039,Supplier 039,Vietnam,APAC,0.68,PLT-06,Sao Paulo Ops,Brazil,LATAM,Government,Australia,OTIF_ERP,ERP Definition,Finance,1,1,0.0,0.0,0.0,100.0,100.0,1,100.0,CHAINTRUTH
2026-01-01,SUP-039,Supplier 039,Vietnam,APAC,0.68,PLT-02,Detroit Works,USA,NA,SMB,Singapore,OTIF_ERP,ERP Definition,Finance,1,1,0.0,0.0,100.0,100.0,100.0,1,100.0,CHAINTRUTH
2026-01-01,SUP-039,Supplier 039,Vietnam,APAC,0.68,PLT-04,Chennai Forge,India,APAC,Enterprise,UK,OTIF_ERP,ERP Definition,Finance,1,1,0.0,0.0,0.0,100.0,100.0,1,100.0,CHAINTRUTH
2026-01-01,SUP-040,Supplier 040,China,APAC,0.96,PLT-07,Seoul Tech,South Korea,APAC,Government,Germany,OTIF_ERP,ERP Definition,Finance,1,1,0.0,0.0,100.0,100.0,100.0,1,100.0,CHAINTRUTH
2026-01-01,SUP-040,Supplier 040,China,APAC,0.96,PLT-00,Shanghai Hub,China,APAC,Enterprise,Japan,OTIF_ERP,ERP Definition,Finance,1,1,0.0,0.0,0.0,100.0,100.0,1,100.0,CHAINTRUTH
2026-01-01,SUP-040,Supplier 040,China,APAC,0.96,PLT-03,Tokyo Precision,Japan,APAC,Government,UK,OTIF_ERP,ERP Definition,Finance,1,2,0.0,0.0,100.0,100.0,50.0,2,100.0,CHAINTRUTH
2026-01-01,SUP-040,Supplier 040,China,APAC,0.96,PLT-04,Chennai Forge,India,APAC,Government,France,OTIF_ERP,ERP Definition,Finance,1,1,0.0,0.0,0.0,100.0,0.0,1,100.0,CHAINTRUTH
2026-01-01,SUP-041,Supplier 041,Germany,EMEA,0.64,PLT-08,Taipei Micro,Taiwan,APAC,SMB,UK,OTIF_ERP,ERP Definition,Finance,1,1,0.0,0.0,100.0,100.0,0.0,1,100.0,CHAINTRUTH
2026-01-01,SUP-041,Supplier 041,Germany,EMEA,0.64,PLT-00,Shanghai Hub,China,APAC,SMB,France,OTIF_ERP,ERP Definition,Finance,1,2,0.0,50.0,100.0,50.0,0.0,1,50.0,CHAINTRUTH
2026-01-01,SUP-041,Supplier 041,Germany,EMEA,0.64,PLT-05,Monterrey Plant,Mexico,LATAM,SMB,Canada,OTIF_ERP,ERP Definition,Finance,1,1,0.0,0.0,0.0,100.0,100.0,1,100.0,CHAINTRUTH
2026-01-01,SUP-041,Supplier 041,Germany,EMEA,0.64,PLT-07,Seoul Tech,South Korea,APAC,SMB,UK,OTIF_ERP,ERP Definition,Finance,1,1,0.0,0.0,100.0,100.0,100.0,1,100.0,CHAINTRUTH
2026-01-01,SUP-042,Supplier 042,USA,NA,0.91,PLT-01,Munich Center,Germany,EMEA,SMB,Australia,OTIF_ERP,ERP Definition,Finance,1,1,100.0,100.0,100.0,100.0,100.0,0,0.0,CHAINTRUTH
2026-01-01,SUP-042,Supplier 042,USA,NA,0.91,PLT-06,Sao Paulo Ops,Brazil,LATAM,SMB,Canada,OTIF_ERP,ERP Definition,Finance,1,1,0.0,0.0,0.0,100.0,100.0,1,100.0,CHAINTRUTH
2026-01-01,SUP-042,Supplier 042,USA,NA,0.91,PLT-09,Hanoi Assembly,Vietnam,APAC,Enterprise,Australia,OTIF_ERP,ERP Definition,Finance,1,1,0.0,0.0,0.0,100.0,100.0,1,100.0,CHAINTRUTH
2026-01-01,SUP-042,Supplier 042,USA,NA,0.91,PLT-05,Monterrey Plant,Mexico,LATAM,Enterprise,Canada,OTIF_ERP,ERP Definition,Finance,1,1,0.0,0.0,100.0,100.0,100.0,1,100.0,CHAINTRUTH
2026-01-01,SUP-042,Supplier 042,USA,NA,0.91,PLT-06,Sao Paulo Ops,Brazil,LATAM,Enterprise,France,OTIF_ERP,ERP Definition,Finance,1,1,0.0,0.0,0.0,100.0,0.0,1,100.0,CHAINTRUTH
2026-01-01,SUP-043,Supplier 043,Japan,APAC,0.98,PLT-07,Seoul Tech,South Korea,APAC,Enterprise,Canada,OTIF_ERP,ERP Definition,Finance,1,2,0.0,0.0,0.0,100.0,50.0,2,100.0,CHAINTRUTH
2026-01-01,SUP-043,Supplier 043,Japan,APAC,0.98,PLT-08,Taipei Micro,Taiwan,APAC,Government,USA,OTIF_ERP,ERP Definition,Finance,1,1,0.0,100.0,100.0,100.0,0.0,0,0.0,CHAINTRUTH
2026-01-01,SUP-043,Supplier 043,Japan,APAC,0.98,PLT-01,Munich Center,Germany,EMEA,Government,Australia,OTIF_ERP,ERP Definition,Finance,1,1,0.0,100.0,100.0,100.0,0.0,0,0.0,CHAINTRUTH
2026-01-01,SUP-043,Supplier 043,Japan,APAC,0.98,PLT-03,Tokyo Precision,Japan,APAC,SMB,Singapore,OTIF_ERP,ERP Definition,Finance,1,1,100.0,100.0,0.0,100.0,100.0,1,100.0,CHAINTRUTH
2026-01-01,SUP-044,Supplier 044,India,APAC,0.55,PLT-05,Monterrey Plant,Mexico,LATAM,SMB,UK,OTIF_ERP,ERP Definition,Finance,1,2,0.0,0.0,50.0,100.0,50.0,2,100.0,CHAINTRUTH
2026-01-01,SUP-044,Supplier 044,India,APAC,0.55,PLT-06,Sao Paulo Ops,Brazil,LATAM,Enterprise,Canada,OTIF_ERP,ERP Definition,Finance,1,1,0.0,0.0,100.0,100.0,100.0,1,100.0,CHAINTRUTH
2026-01-01,SUP-044,Supplier 044,India,APAC,0.55,PLT-01,Munich Center,Germany,EMEA,Enterprise,Australia,OTIF_ERP,ERP Definition,Finance,1,1,0.0,0.0,0.0,100.0,100.0,1,100.0,CHAINTRUTH
2026-01-01,SUP-044,Supplier 044,India,APAC,0.55,PLT-05,Monterrey Plant,Mexico,LATAM,SMB,Canada,OTIF_ERP,ERP Definition,Finance,1,1,0.0,0.0,100.0,100.0,0.0,1,100.0,CHAINTRUTH
2026-01-01,SUP-044,Supplier 044,India,APAC,0.55,PLT-04,Chennai Forge,India,APAC,SMB,USA,OTIF_ERP,ERP Definition,Finance,1,1,0.0,0.0,0.0,100.0,0.0,1,100.0,CHAINTRUTH
2026-01-01,SUP-044,Supplier 044,India,APAC,0.55,PLT-06,Sao Paulo Ops,Brazil,LATAM,SMB,Japan,OTIF_ERP,ERP Definition,Finance,1,1,0.0,0.0,100.0,100.0,100.0,1,100.0,CHAINTRUTH
2026-01-01,SUP-044,Supplier 044,India,APAC,0.55,PLT-08,Taipei Micro,Taiwan,APAC,Enterprise,Japan,OTIF_ERP,ERP Definition,Finance,1,1,0.0,0.0,0.0,100.0,100.0,1,100.0,CHAINTRUTH
2026-01-01,SUP-045,Supplier 045,Mexico,LATAM,0.92,PLT-07,Seoul Tech,South Korea,APAC,SMB,UK,OTIF_ERP,ERP Definition,Finance,1,1,0.0,0.0,0.0,100.0,100.0,1,100.0,CHAINTRUTH
2026-01-01,SUP-045,Supplier 045,Mexico,LATAM,0.92,PLT-08,Taipei Micro,Taiwan,APAC,Government,UK,OTIF_ERP,ERP Definition,Finance,1,1,0.0,0.0,100.0,100.0,100.0,1,100.0,CHAINTRUTH
2026-01-01,SUP-045,Supplier 045,Mexico,LATAM,0.92,PLT-08,Taipei Micro,Taiwan,APAC,SMB,Australia,OTIF_ERP,ERP Definition,Finance,1,1,0.0,0.0,0.0,100.0,0.0,1,100.0,CHAINTRUTH
2026-01-01,SUP-045,Supplier 045,Mexico,LATAM,0.92,PLT-07,Seoul Tech,South Korea,APAC,SMB,Singapore,OTIF_ERP,ERP Definition,Finance,1,1,0.0,0.0,0.0,100.0,100.0,1,100.0,CHAINTRUTH
2026-01-01,SUP-045,Supplier 045,Mexico,LATAM,0.92,PLT-01,Munich Center,Germany,EMEA,SMB,France,OTIF_ERP,ERP Definition,Finance,1,1,100.0,100.0,0.0,100.0,100.0,1,100.0,CHAINTRUTH
2026-01-01,SUP-045,Supplier 045,Mexico,LATAM,0.92,PLT-07,Seoul Tech,South Korea,APAC,SMB,Australia,OTIF_ERP,ERP Definition,Finance,1,1,0.0,0.0,0.0,100.0,100.0,1,100.0,CHAINTRUTH
2026-01-01,SUP-045,Supplier 045,Mexico,LATAM,0.92,PLT-00,Shanghai Hub,China,APAC,SMB,Singapore,OTIF_ERP,ERP Definition,Finance,1,1,0.0,0.0,0.0,100.0,100.0,1,100.0,CHAINTRUTH
2026-01-01,SUP-046,Supplier 046,Brazil,LATAM,0.96,PLT-07,Seoul Tech,South Korea,APAC,Enterprise,USA,OTIF_ERP,ERP Definition,Finance,1,2,0.0,0.0,50.0,100.0,50.0,2,100.0,CHAINTRUTH
2026-01-01,SUP-046,Supplier 046,Brazil,LATAM,0.96,PLT-05,Monterrey Plant,Mexico,LATAM,SMB,Singapore,OTIF_ERP,ERP Definition,Finance,1,1,0.0,0.0,0.0,100.0,100.0,1,100.0,CHAINTRUTH
2026-01-01,SUP-046,Supplier 046,Brazil,LATAM,0.96,PLT-03,Tokyo Precision,Japan,APAC,SMB,France,OTIF_ERP,ERP Definition,Finance,1,1,0.0,0.0,100.0,100.0,100.0,1,100.0,CHAINTRUTH
2026-01-01,SUP-046,Supplier 046,Brazil,LATAM,0.96,PLT-02,Detroit Works,USA,NA,SMB,Australia,OTIF_ERP,ERP Definition,Finance,1,1,0.0,0.0,0.0,100.0,100.0,1,100.0,CHAINTRUTH
2026-01-01,SUP-046,Supplier 046,Brazil,LATAM,0.96,PLT-03,Tokyo Precision,Japan,APAC,Government,Germany,OTIF_ERP,ERP Definition,Finance,1,1,0.0,0.0,0.0,100.0,100.0,1,100.0,CHAINTRUTH
2026-01-01,SUP-046,Supplier 046,Brazil,LATAM,0.96,PLT-04,Chennai Forge,India,APAC,SMB,Australia,OTIF_ERP,ERP Definition,Finance,1,2,0.0,0.0,50.0,100.0,50.0,2,100.0,CHAINTRUTH
2026-01-01,SUP-046,Supplier 046,Brazil,LATAM,0.96,PLT-05,Monterrey Plant,Mexico,LATAM,Government,Australia,OTIF_ERP,ERP Definition,Finance,1,1,0.0,0.0,100.0,100.0,100.0,1,100.0,CHAINTRUTH
2026-01-01,SUP-046,Supplier 046,Brazil,LATAM,0.96,PLT-07,Seoul Tech,South Korea,APAC,SMB,UK,OTIF_ERP,ERP Definition,Finance,1,1,0.0,0.0,0.0,100.0,100.0,1,100.0,CHAINTRUTH
2026-01-01,SUP-047,Supplier 047,South Korea,APAC,0.59,PLT-04,Chennai Forge,India,APAC,SMB,UK,OTIF_ERP,ERP Definition,Finance,1,1,0.0,0.0,0.0,100.0,100.0,1,100.0,CHAINTRUTH
2026-01-01,SUP-047,Supplier 047,South Korea,APAC,0.59,PLT-03,Tokyo Precision,Japan,APAC,Government,Australia,OTIF_ERP,ERP Definition,Finance,1,2,0.0,0.0,0.0,50.0,50.0,1,50.0,CHAINTRUTH
2026-01-01,SUP-047,Supplier 047,South Korea,APAC,0.59,PLT-06,Sao Paulo Ops,Brazil,LATAM,Government,Australia,OTIF_ERP,ERP Definition,Finance,1,1,0.0,0.0,100.0,100.0,100.0,1,100.0,CHAINTRUTH
2026-01-01,SUP-047,Supplier 047,South Korea,APAC,0.59,PLT-03,Tokyo Precision,Japan,APAC,SMB,Germany,OTIF_ERP,ERP Definition,Finance,1,1,0.0,0.0,100.0,100.0,100.0,1,100.0,CHAINTRUTH
2026-01-01,SUP-047,Supplier 047,South Korea,APAC,0.59,PLT-08,Taipei Micro,Taiwan,APAC,Government,Germany,OTIF_ERP,ERP Definition,Finance,1,1,0.0,0.0,100.0,100.0,0.0,1,100.0,CHAINTRUTH
2026-01-01,SUP-047,Supplier 047,South Korea,APAC,0.59,PLT-04,Chennai Forge,India,APAC,Government,Singapore,OTIF_ERP,ERP Definition,Finance,1,2,0.0,0.0,50.0,100.0,50.0,2,100.0,CHAINTRUTH
2026-01-01,SUP-047,Supplier 047,South Korea,APAC,0.59,PLT-04,Chennai Forge,India,APAC,SMB,USA,OTIF_ERP,ERP Definition,Finance,1,1,0.0,0.0,0.0,100.0,100.0,1,100.0,CHAINTRUTH
2026-01-01,SUP-047,Supplier 047,South Korea,APAC,0.59,PLT-03,Tokyo Precision,Japan,APAC,Government,France,OTIF_ERP,ERP Definition,Finance,1,2,0.0,0.0,50.0,100.0,50.0,2,100.0,CHAINTRUTH
2026-01-01,SUP-048,Supplier 048,Taiwan,APAC,0.54,PLT-02,Detroit Works,USA,NA,Government,Germany,OTIF_ERP,ERP Definition,Finance,1,1,0.0,0.0,100.0,100.0,0.0,1,100.0,CHAINTRUTH
2026-01-01,SUP-048,Supplier 048,Taiwan,APAC,0.54,PLT-04,Chennai Forge,India,APAC,SMB,Singapore,OTIF_ERP,ERP Definition,Finance,1,1,0.0,0.0,0.0,100.0,100.0,1,100.0,CHAINTRUTH
2026-01-01,SUP-048,Supplier 048,Taiwan,APAC,0.54,PLT-07,Seoul Tech,South Korea,APAC,SMB,Canada,OTIF_ERP,ERP Definition,Finance,1,1,0.0,0.0,100.0,100.0,0.0,1,100.0,CHAINTRUTH
2026-01-01,SUP-049,Supplier 049,Vietnam,APAC,0.75,PLT-00,Shanghai Hub,China,APAC,Enterprise,USA,OTIF_ERP,ERP Definition,Finance,1,2,0.0,0.0,50.0,100.0,50.0,2,100.0,CHAINTRUTH
2026-01-01,SUP-049,Supplier 049,Vietnam,APAC,0.75,PLT-00,Shanghai Hub,China,APAC,SMB,Singapore,OTIF_ERP,ERP Definition,Finance,1,1,0.0,0.0,100.0,100.0,100.0,1,100.0,CHAINTRUTH
2026-01-01,SUP-049,Supplier 049,Vietnam,APAC,0.75,PLT-08,Taipei Micro,Taiwan,APAC,SMB,USA,OTIF_ERP,ERP Definition,Finance,1,2,0.0,0.0,50.0,100.0,50.0,2,100.0,CHAINTRUTH
2026-01-01,SUP-049,Supplier 049,Vietnam,APAC,0.75,PLT-01,Munich Center,Germany,EMEA,Enterprise,USA,OTIF_ERP,ERP Definition,Finance,1,2,0.0,0.0,0.0,100.0,0.0,2,100.0,CHAINTRUTH
2026-01-01,SUP-049,Supplier 049,Vietnam,APAC,0.75,PLT-03,Tokyo Precision,Japan,APAC,Enterprise,Japan,OTIF_ERP,ERP Definition,Finance,1,2,0.0,0.0,50.0,100.0,50.0,2,100.0,CHAINTRUTH
2026-01-01,SUP-049,Supplier 049,Vietnam,APAC,0.75,PLT-05,Monterrey Plant,Mexico,LATAM,Government,Canada,OTIF_ERP,ERP Definition,Finance,1,1,0.0,0.0,0.0,100.0,100.0,1,100.0,CHAINTRUTH
2026-01-01,SUP-049,Supplier 049,Vietnam,APAC,0.75,PLT-09,Hanoi Assembly,Vietnam,APAC,SMB,Germany,OTIF_ERP,ERP Definition,Finance,1,1,0.0,0.0,0.0,100.0,0.0,1,100.0,CHAINTRUTH
2026-02-01,SUP-000,Supplier 000,China,APAC,0.85,PLT-07,Seoul Tech,South Korea,APAC,SMB,USA,OTIF_ERP,ERP Definition,Finance,1,1,0.0,0.0,0.0,100.0,100.0,1,100.0,CHAINTRUTH
2026-02-01,SUP-000,Supplier 000,China,APAC,0.85,PLT-08,Taipei Micro,Taiwan,APAC,Government,Germany,OTIF_ERP,ERP Definition,Finance,1,1,0.0,0.0,0.0,100.0,0.0,1,100.0,CHAINTRUTH
2026-02-01,SUP-000,Supplier 000,China,APAC,0.85,PLT-01,Munich Center,Germany,EMEA,Government,Canada,OTIF_ERP,ERP Definition,Finance,1,1,0.0,0.0,100.0,100.0,0.0,1,100.0,CHAINTRUTH
2026-02-01,SUP-000,Supplier 000,China,APAC,0.85,PLT-06,Sao Paulo Ops,Brazil,LATAM,Enterprise,France,OTIF_ERP,ERP Definition,Finance,1,1,0.0,0.0,0.0,100.0,100.0,1,100.0,CHAINTRUTH
2026-02-01,SUP-000,Supplier 000,China,APAC,0.85,PLT-03,Tokyo Precision,Japan,APAC,Government,USA,OTIF_ERP,ERP Definition,Finance,1,1,0.0,0.0,0.0,100.0,100.0,1,100.0,CHAINTRUTH
2026-02-01,SUP-000,Supplier 000,China,APAC,0.85,PLT-09,Hanoi Assembly,Vietnam,APAC,Government,Germany,OTIF_ERP,ERP Definition,Finance,1,1,0.0,0.0,0.0,100.0,0.0,1,100.0,CHAINTRUTH
2026-02-01,SUP-000,Supplier 000,China,APAC,0.85,PLT-04,Chennai Forge,India,APAC,Enterprise,USA,OTIF_ERP,ERP Definition,Finance,1,1,0.0,0.0,0.0,100.0,100.0,1,100.0,CHAINTRUTH
2026-02-01,SUP-000,Supplier 000,China,APAC,0.85,PLT-06,Sao Paulo Ops,Brazil,LATAM,SMB,Singapore,OTIF_ERP,ERP Definition,Finance,1,1,0.0,0.0,100.0,100.0,100.0,1,100.0,CHAINTRUTH
2026-02-01,SUP-000,Supplier 000,China,APAC,0.85,PLT-05,Monterrey Plant,Mexico,LATAM,SMB,UK,OTIF_ERP,ERP Definition,Finance,1,1,0.0,0.0,0.0,100.0,100.0,1,100.0,CHAINTRUTH
2026-02-01,SUP-001,Supplier 001,Germany,EMEA,0.7,PLT-07,Seoul Tech,South Korea,APAC,Government,USA,OTIF_ERP,ERP Definition,Finance,1,1,0.0,0.0,0.0,100.0,100.0,1,100.0,CHAINTRUTH
2026-02-01,SUP-001,Supplier 001,Germany,EMEA,0.7,PLT-05,Monterrey Plant,Mexico,LATAM,Enterprise,Japan,OTIF_ERP,ERP Definition,Finance,1,1,0.0,0.0,100.0,100.0,0.0,1,100.0,CHAINTRUTH
2026-02-01,SUP-001,Supplier 001,Germany,EMEA,0.7,PLT-08,Taipei Micro,Taiwan,APAC,SMB,Australia,OTIF_ERP,ERP Definition,Finance,1,1,0.0,0.0,100.0,100.0,100.0,1,100.0,CHAINTRUTH
2026-02-01,SUP-001,Supplier 001,Germany,EMEA,0.7,PLT-02,Detroit Works,USA,NA,Government,Germany,OTIF_ERP,ERP Definition,Finance,1,1,100.0,100.0,100.0,100.0,100.0,0,0.0,CHAINTRUTH
2026-02-01,SUP-001,Supplier 001,Germany,EMEA,0.7,PLT-03,Tokyo Precision,Japan,APAC,Enterprise,Germany,OTIF_ERP,ERP Definition,Finance,1,1,0.0,100.0,100.0,100.0,0.0,0,0.0,CHAINTRUTH
2026-02-01,SUP-001,Supplier 001,Germany,EMEA,0.7,PLT-02,Detroit Works,USA,NA,Enterprise,Canada,OTIF_ERP,ERP Definition,Finance,1,1,100.0,100.0,0.0,100.0,100.0,1,100.0,CHAINTRUTH
2026-02-01,SUP-002,Supplier 002,USA,NA,0.74,PLT-06,Sao Paulo Ops,Brazil,LATAM,Government,USA,OTIF_ERP,ERP Definition,Finance,1,1,0.0,0.0,100.0,100.0,100.0,1,100.0,CHAINTRUTH
2026-02-01,SUP-002,Supplier 002,USA,NA,0.74,PLT-03,Tokyo Precision,Japan,APAC,SMB,Japan,OTIF_ERP,ERP Definition,Finance,1,1,0.0,0.0,100.0,100.0,0.0,1,100.0,CHAINTRUTH
2026-02-01,SUP-002,Supplier 002,USA,NA,0.74,PLT-07,Seoul Tech,South Korea,APAC,Enterprise,France,OTIF_ERP,ERP Definition,Finance,1,2,0.0,0.0,0.0,100.0,50.0,2,100.0,CHAINTRUTH
2026-02-01,SUP-003,Supplier 003,Japan,APAC,0.64,PLT-07,Seoul Tech,South Korea,APAC,Enterprise,Japan,OTIF_ERP,ERP Definition,Finance,1,2,0.0,0.0,0.0,100.0,0.0,2,100.0,CHAINTRUTH
2026-02-01,SUP-003,Supplier 003,Japan,APAC,0.64,PLT-05,Monterrey Plant,Mexico,LATAM,Government,UK,OTIF_ERP,ERP Definition,Finance,1,1,0.0,0.0,0.0,100.0,100.0,1,100.0,CHAINTRUTH
2026-02-01,SUP-003,Supplier 003,Japan,APAC,0.64,PLT-04,Chennai Forge,India,APAC,Enterprise,UK,OTIF_ERP,ERP Definition,Finance,1,1,0.0,0.0,100.0,100.0,0.0,1,100.0,CHAINTRUTH
2026-02-01,SUP-003,Supplier 003,Japan,APAC,0.64,PLT-02,Detroit Works,USA,NA,Enterprise,Australia,OTIF_ERP,ERP Definition,Finance,1,1,0.0,0.0,0.0,100.0,100.0,1,100.0,CHAINTRUTH
2026-02-01,SUP-004,Supplier 004,India,APAC,0.69,PLT-00,Shanghai Hub,China,APAC,Government,Germany,OTIF_ERP,ERP Definition,Finance,1,2,0.0,0.0,50.0,100.0,50.0,2,100.0,CHAINTRUTH
2026-02-01,SUP-004,Supplier 004,India,APAC,0.69,PLT-09,Hanoi Assembly,Vietnam,APAC,SMB,Canada,OTIF_ERP,ERP Definition,Finance,1,1,0.0,0.0,100.0,100.0,100.0,1,100.0,CHAINTRUTH
2026-02-01,SUP-004,Supplier 004,India,APAC,0.69,PLT-07,Seoul Tech,South Korea,APAC,SMB,Germany,OTIF_ERP,ERP Definition,Finance,1,1,0.0,0.0,100.0,100.0,100.0,1,100.0,CHAINTRUTH
2026-02-01,SUP-004,Supplier 004,India,APAC,0.69,PLT-03,Tokyo Precision,Japan,APAC,Enterprise,Germany,OTIF_ERP,ERP Definition,Finance,1,1,0.0,0.0,0.0,100.0,100.0,1,100.0,CHAINTRUTH
2026-02-01,SUP-004,Supplier 004,India,APAC,0.69,PLT-02,Detroit Works,USA,NA,Enterprise,USA,OTIF_ERP,ERP Definition,Finance,1,1,0.0,0.0,0.0,100.0,0.0,1,100.0,CHAINTRUTH
2026-02-01,SUP-004,Supplier 004,India,APAC,0.69,PLT-08,Taipei Micro,Taiwan,APAC,SMB,France,OTIF_ERP,ERP Definition,Finance,1,2,0.0,0.0,50.0,100.0,50.0,2,100.0,CHAINTRUTH
2026-02-01,SUP-004,Supplier 004,India,APAC,0.69,PLT-08,Taipei Micro,Taiwan,APAC,Enterprise,Australia,OTIF_ERP,ERP Definition,Finance,1,1,0.0,0.0,0.0,100.0,100.0,1,100.0,CHAINTRUTH
2026-02-01,SUP-004,Supplier 004,India,APAC,0.69,PLT-02,Detroit Works,USA,NA,Government,USA,OTIF_ERP,ERP Definition,Finance,1,1,0.0,0.0,0.0,100.0,100.0,1,100.0,CHAINTRUTH
2026-02-01,SUP-004,Supplier 004,India,APAC,0.69,PLT-03,Tokyo Precision,Japan,APAC,Enterprise,Australia,OTIF_ERP,ERP Definition,Finance,1,1,0.0,0.0,0.0,100.0,0.0,1,100.0,CHAINTRUTH
2026-02-01,SUP-004,Supplier 004,India,APAC,0.69,PLT-01,Munich Center,Germany,EMEA,Enterprise,Australia,OTIF_ERP,ERP Definition,Finance,1,1,0.0,0.0,100.0,100.0,0.0,1,100.0,CHAINTRUTH
2026-02-01,SUP-004,Supplier 004,India,APAC,0.69,PLT-09,Hanoi Assembly,Vietnam,APAC,Enterprise,Japan,OTIF_ERP,ERP Definition,Finance,1,1,0.0,0.0,100.0,100.0,100.0,1,100.0,CHAINTRUTH
2026-02-01,SUP-004,Supplier 004,India,APAC,0.69,PLT-07,Seoul Tech,South Korea,APAC,SMB,UK,OTIF_ERP,ERP Definition,Finance,1,1,0.0,0.0,100.0,100.0,100.0,1,100.0,CHAINTRUTH
2026-02-01,SUP-005,Supplier 005,Mexico,LATAM,0.77,PLT-01,Munich Center,Germany,EMEA,Enterprise,Germany,OTIF_ERP,ERP Definition,Finance,1,1,0.0,0.0,0.0,100.0,100.0,1,100.0,CHAINTRUTH
2026-02-01,SUP-005,Supplier 005,Mexico,LATAM,0.77,PLT-00,Shanghai Hub,China,APAC,Government,USA,OTIF_ERP,ERP Definition,Finance,1,1,0.0,0.0,0.0,100.0,100.0,1,100.0,CHAINTRUTH
2026-02-01,SUP-005,Supplier 005,Mexico,LATAM,0.77,PLT-08,Taipei Micro,Taiwan,APAC,SMB,UK,OTIF_ERP,ERP Definition,Finance,1,1,0.0,0.0,0.0,100.0,100.0,1,100.0,CHAINTRUTH
2026-02-01,SUP-005,Supplier 005,Mexico,LATAM,0.77,PLT-02,Detroit Works,USA,NA,SMB,Germany,OTIF_ERP,ERP Definition,Finance,1,1,100.0,100.0,0.0,100.0,100.0,1,100.0,CHAINTRUTH
2026-02-01,SUP-005,Supplier 005,Mexico,LATAM,0.77,PLT-01,Munich Center,Germany,EMEA,SMB,USA,OTIF_ERP,ERP Definition,Finance,1,2,0.0,0.0,0.0,100.0,50.0,2,100.0,CHAINTRUTH
2026-02-01,SUP-005,Supplier 005,Mexico,LATAM,0.77,PLT-06,Sao Paulo Ops,Brazil,LATAM,SMB,Canada,OTIF_ERP,ERP Definition,Finance,1,1,0.0,0.0,0.0,100.0,100.0,1,100.0,CHAINTRUTH
2026-02-01,SUP-005,Supplier 005,Mexico,LATAM,0.77,PLT-03,Tokyo Precision,Japan,APAC,SMB,Singapore,OTIF_ERP,ERP Definition,Finance,1,1,0.0,0.0,100.0,100.0,100.0,1,100.0,CHAINTRUTH
2026-02-01,SUP-005,Supplier 005,Mexico,LATAM,0.77,PLT-08,Taipei Micro,Taiwan,APAC,SMB,USA,OTIF_ERP,ERP Definition,Finance,1,1,0.0,0.0,100.0,100.0,100.0,1,100.0,CHAINTRUTH
2026-02-01,SUP-005,Supplier 005,Mexico,LATAM,0.77,PLT-06,Sao Paulo Ops,Brazil,LATAM,SMB,Singapore,OTIF_ERP,ERP Definition,Finance,1,1,0.0,0.0,0.0,100.0,100.0,1,100.0,CHAINTRUTH
2026-02-01,SUP-005,Supplier 005,Mexico,LATAM,0.77,PLT-04,Chennai Forge,India,APAC,Enterprise,France,OTIF_ERP,ERP Definition,Finance,1,1,0.0,0.0,100.0,100.0,100.0,1,100.0,CHAINTRUTH
2026-02-01,SUP-005,Supplier 005,Mexico,LATAM,0.77,PLT-08,Taipei Micro,Taiwan,APAC,Enterprise,Canada,OTIF_ERP,ERP Definition,Finance,1,2,0.0,0.0,0.0,100.0,0.0,2,100.0,CHAINTRUTH
2026-02-01,SUP-006,Supplier 006,Brazil,LATAM,0.61,PLT-02,Detroit Works,USA,NA,Enterprise,France,OTIF_ERP,ERP Definition,Finance,1,1,100.0,100.0,0.0,100.0,100.0,1,100.0,CHAINTRUTH
2026-02-01,SUP-006,Supplier 006,Brazil,LATAM,0.61,PLT-08,Taipei Micro,Taiwan,APAC,Government,Germany,OTIF_ERP,ERP Definition,Finance,1,1,0.0,0.0,0.0,100.0,100.0,1,100.0,CHAINTRUTH
2026-02-01,SUP-006,Supplier 006,Brazil,LATAM,0.61,PLT-05,Monterrey Plant,Mexico,LATAM,Enterprise,Canada,OTIF_ERP,ERP Definition,Finance,1,1,0.0,0.0,0.0,100.0,0.0,1,100.0,CHAINTRUTH
2026-02-01,SUP-006,Supplier 006,Brazil,LATAM,0.61,PLT-07,Seoul Tech,South Korea,APAC,Government,Canada,OTIF_ERP,ERP Definition,Finance,1,1,0.0,0.0,0.0,100.0,100.0,1,100.0,CHAINTRUTH
2026-02-01,SUP-006,Supplier 006,Brazil,LATAM,0.61,PLT-05,Monterrey Plant,Mexico,LATAM,Government,Australia,OTIF_ERP,ERP Definition,Finance,1,2,0.0,0.0,100.0,100.0,0.0,2,100.0,CHAINTRUTH
2026-02-01,SUP-007,Supplier 007,South Korea,APAC,0.84,PLT-08,Taipei Micro,Taiwan,APAC,SMB,USA,OTIF_ERP,ERP Definition,Finance,1,1,100.0,100.0,100.0,100.0,100.0,0,0.0,CHAINTRUTH
2026-02-01,SUP-007,Supplier 007,South Korea,APAC,0.84,PLT-01,Munich Center,Germany,EMEA,Enterprise,Germany,OTIF_ERP,ERP Definition,Finance,1,1,100.0,100.0,0.0,100.0,100.0,1,100.0,CHAINTRUTH
2026-02-01,SUP-007,Supplier 007,South Korea,APAC,0.84,PLT-07,Seoul Tech,South Korea,APAC,SMB,Australia,OTIF_ERP,ERP Definition,Finance,1,1,0.0,0.0,100.0,100.0,100.0,1,100.0,CHAINTRUTH
2026-02-01,SUP-007,Supplier 007,South Korea,APAC,0.84,PLT-01,Munich Center,Germany,EMEA,Enterprise,Singapore,OTIF_ERP,ERP Definition,Finance,1,1,100.0,100.0,100.0,100.0,100.0,0,0.0,CHAINTRUTH
2026-02-01,SUP-007,Supplier 007,South Korea,APAC,0.84,PLT-08,Taipei Micro,Taiwan,APAC,Enterprise,USA,OTIF_ERP,ERP Definition,Finance,1,1,0.0,0.0,0.0,100.0,100.0,1,100.0,CHAINTRUTH
2026-02-01,SUP-007,Supplier 007,South Korea,APAC,0.84,PLT-00,Shanghai Hub,China,APAC,SMB,UK,OTIF_ERP,ERP Definition,Finance,1,1,0.0,0.0,0.0,100.0,100.0,1,100.0,CHAINTRUTH
2026-02-01,SUP-007,Supplier 007,South Korea,APAC,0.84,PLT-08,Taipei Micro,Taiwan,APAC,SMB,Singapore,OTIF_ERP,ERP Definition,Finance,1,1,0.0,0.0,100.0,100.0,100.0,1,100.0,CHAINTRUTH
2026-02-01,SUP-008,Supplier 008,Taiwan,APAC,0.73,PLT-09,Hanoi Assembly,Vietnam,APAC,Government,USA,OTIF_ERP,ERP Definition,Finance,1,2,0.0,0.0,50.0,100.0,50.0,2,100.0,CHAINTRUTH
2026-02-01,SUP-008,Supplier 008,Taiwan,APAC,0.73,PLT-03,Tokyo Precision,Japan,APAC,Government,UK,OTIF_ERP,ERP Definition,Finance,1,1,0.0,0.0,0.0,100.0,100.0,1,100.0,CHAINTRUTH
2026-02-01,SUP-008,Supplier 008,Taiwan,APAC,0.73,PLT-03,Tokyo Precision,Japan,APAC,SMB,Singapore,OTIF_ERP,ERP Definition,Finance,1,2,0.0,0.0,0.0,100.0,50.0,2,100.0,CHAINTRUTH
2026-02-01,SUP-008,Supplier 008,Taiwan,APAC,0.73,PLT-07,Seoul Tech,South Korea,APAC,SMB,France,OTIF_ERP,ERP Definition,Finance,1,2,0.0,0.0,0.0,100.0,0.0,2,100.0,CHAINTRUTH
2026-02-01,SUP-008,Supplier 008,Taiwan,APAC,0.73,PLT-01,Munich Center,Germany,EMEA,Enterprise,USA,OTIF_ERP,ERP Definition,Finance,1,2,0.0,0.0,0.0,100.0,50.0,2,100.0,CHAINTRUTH
2026-02-01,SUP-008,Supplier 008,Taiwan,APAC,0.73,PLT-08,Taipei Micro,Taiwan,APAC,SMB,Australia,OTIF_ERP,ERP Definition,Finance,1,1,0.0,0.0,100.0,100.0,100.0,1,100.0,CHAINTRUTH
2026-02-01,SUP-008,Supplier 008,Taiwan,APAC,0.73,PLT-04,Chennai Forge,India,APAC,SMB,USA,OTIF_ERP,ERP Definition,Finance,1,1,0.0,0.0,0.0,100.0,100.0,1,100.0,CHAINTRUTH
2026-02-01,SUP-008,Supplier 008,Taiwan,APAC,0.73,PLT-00,Shanghai Hub,China,APAC,Enterprise,France,OTIF_ERP,ERP Definition,Finance,1,1,0.0,0.0,100.0,100.0,100.0,1,100.0,CHAINTRUTH
2026-02-01,SUP-008,Supplier 008,Taiwan,APAC,0.73,PLT-01,Munich Center,Germany,EMEA,SMB,Japan,OTIF_ERP,ERP Definition,Finance,1,1,0.0,0.0,0.0,100.0,100.0,1,100.0,CHAINTRUTH
2026-02-01,SUP-009,Supplier 009,Vietnam,APAC,1.0,PLT-03,Tokyo Precision,Japan,APAC,Government,UK,OTIF_ERP,ERP Definition,Finance,1,1,0.0,0.0,100.0,100.0,0.0,1,100.0,CHAINTRUTH
2026-02-01,SUP-009,Supplier 009,Vietnam,APAC,1.0,PLT-07,Seoul Tech,South Korea,APAC,SMB,Japan,OTIF_ERP,ERP Definition,Finance,1,1,100.0,100.0,100.0,100.0,100.0,0,0.0,CHAINTRUTH
2026-02-01,SUP-010,Supplier 010,China,APAC,0.76,PLT-01,Munich Center,Germany,EMEA,SMB,Germany,OTIF_ERP,ERP Definition,Finance,1,1,0.0,0.0,0.0,100.0,100.0,1,100.0,CHAINTRUTH
2026-02-01,SUP-010,Supplier 010,China,APAC,0.76,PLT-06,Sao Paulo Ops,Brazil,LATAM,Government,USA,OTIF_ERP,ERP Definition,Finance,1,1,0.0,100.0,100.0,100.0,0.0,0,0.0,CHAINTRUTH
2026-02-01,SUP-010,Supplier 010,China,APAC,0.76,PLT-07,Seoul Tech,South Korea,APAC,Enterprise,Germany,OTIF_ERP,ERP Definition,Finance,1,1,0.0,0.0,100.0,100.0,100.0,1,100.0,CHAINTRUTH
2026-02-01,SUP-011,Supplier 011,Germany,EMEA,0.53,PLT-09,Hanoi Assembly,Vietnam,APAC,SMB,Australia,OTIF_ERP,ERP Definition,Finance,1,1,0.0,0.0,100.0,100.0,100.0,1,100.0,CHAINTRUTH
2026-02-01,SUP-011,Supplier 011,Germany,EMEA,0.53,PLT-02,Detroit Works,USA,NA,SMB,UK,OTIF_ERP,ERP Definition,Finance,1,1,0.0,0.0,0.0,100.0,100.0,1,100.0,CHAINTRUTH
2026-02-01,SUP-011,Supplier 011,Germany,EMEA,0.53,PLT-09,Hanoi Assembly,Vietnam,APAC,SMB,Canada,OTIF_ERP,ERP Definition,Finance,1,1,0.0,0.0,100.0,100.0,100.0,1,100.0,CHAINTRUTH
2026-02-01,SUP-011,Supplier 011,Germany,EMEA,0.53,PLT-01,Munich Center,Germany,EMEA,Enterprise,USA,OTIF_ERP,ERP Definition,Finance,1,2,0.0,0.0,0.0,100.0,50.0,2,100.0,CHAINTRUTH
2026-02-01,SUP-011,Supplier 011,Germany,EMEA,0.53,PLT-04,Chennai Forge,India,APAC,Enterprise,Japan,OTIF_ERP,ERP Definition,Finance,1,2,0.0,0.0,50.0,100.0,50.0,2,100.0,CHAINTRUTH
2026-02-01,SUP-011,Supplier 011,Germany,EMEA,0.53,PLT-09,Hanoi Assembly,Vietnam,APAC,Enterprise,Australia,OTIF_ERP,ERP Definition,Finance,1,1,0.0,0.0,0.0,100.0,100.0,1,100.0,CHAINTRUTH
2026-02-01,SUP-012,Supplier 012,USA,NA,0.66,PLT-01,Munich Center,Germany,EMEA,SMB,Singapore,OTIF_ERP,ERP Definition,Finance,1,1,0.0,0.0,0.0,100.0,100.0,1,100.0,CHAINTRUTH
2026-02-01,SUP-012,Supplier 012,USA,NA,0.66,PLT-04,Chennai Forge,India,APAC,Government,Germany,OTIF_ERP,ERP Definition,Finance,1,1,0.0,0.0,0.0,100.0,100.0,1,100.0,CHAINTRUTH
2026-02-01,SUP-012,Supplier 012,USA,NA,0.66,PLT-07,Seoul Tech,South Korea,APAC,SMB,Singapore,OTIF_ERP,ERP Definition,Finance,1,2,0.0,0.0,50.0,50.0,0.0,1,50.0,CHAINTRUTH
2026-02-01,SUP-012,Supplier 012,USA,NA,0.66,PLT-05,Monterrey Plant,Mexico,LATAM,SMB,Singapore,OTIF_ERP,ERP Definition,Finance,1,1,0.0,0.0,0.0,100.0,100.0,1,100.0,CHAINTRUTH
2026-02-01,SUP-012,Supplier 012,USA,NA,0.66,PLT-06,Sao Paulo Ops,Brazil,LATAM,Enterprise,Canada,OTIF_ERP,ERP Definition,Finance,1,1,0.0,0.0,0.0,100.0,100.0,1,100.0,CHAINTRUTH
2026-02-01,SUP-012,Supplier 012,USA,NA,0.66,PLT-09,Hanoi Assembly,Vietnam,APAC,Enterprise,France,OTIF_ERP,ERP Definition,Finance,1,1,0.0,100.0,100.0,100.0,0.0,0,0.0,CHAINTRUTH
2026-02-01,SUP-012,Supplier 012,USA,NA,0.66,PLT-06,Sao Paulo Ops,Brazil,LATAM,Enterprise,USA,OTIF_ERP,ERP Definition,Finance,1,1,0.0,0.0,100.0,100.0,0.0,1,100.0,CHAINTRUTH
2026-02-01,SUP-013,Supplier 013,Japan,APAC,0.89,PLT-01,Munich Center,Germany,EMEA,SMB,UK,OTIF_ERP,ERP Definition,Finance,1,2,50.0,50.0,50.0,100.0,50.0,1,50.0,CHAINTRUTH
2026-02-01,SUP-013,Supplier 013,Japan,APAC,0.89,PLT-05,Monterrey Plant,Mexico,LATAM,SMB,UK,OTIF_ERP,ERP Definition,Finance,1,1,0.0,0.0,100.0,100.0,100.0,1,100.0,CHAINTRUTH
2026-02-01,SUP-013,Supplier 013,Japan,APAC,0.89,PLT-03,Tokyo Precision,Japan,APAC,Enterprise,Canada,OTIF_ERP,ERP Definition,Finance,1,1,0.0,0.0,100.0,100.0,100.0,1,100.0,CHAINTRUTH
2026-02-01,SUP-013,Supplier 013,Japan,APAC,0.89,PLT-08,Taipei Micro,Taiwan,APAC,SMB,Singapore,OTIF_ERP,ERP Definition,Finance,2,2,0.0,0.0,50.0,100.0,50.0,2,100.0,CHAINTRUTH
2026-02-01,SUP-013,Supplier 013,Japan,APAC,0.89,PLT-04,Chennai Forge,India,APAC,SMB,France,OTIF_ERP,ERP Definition,Finance,1,1,0.0,0.0,0.0,100.0,100.0,1,100.0,CHAINTRUTH
2026-02-01,SUP-013,Supplier 013,Japan,APAC,0.89,PLT-05,Monterrey Plant,Mexico,LATAM,Enterprise,UK,OTIF_ERP,ERP Definition,Finance,1,1,0.0,0.0,100.0,100.0,100.0,1,100.0,CHAINTRUTH
2026-02-01,SUP-013,Supplier 013,Japan,APAC,0.89,PLT-09,Hanoi Assembly,Vietnam,APAC,SMB,UK,OTIF_ERP,ERP Definition,Finance,1,2,0.0,0.0,0.0,100.0,50.0,2,100.0,CHAINTRUTH
2026-02-01,SUP-013,Supplier 013,Japan,APAC,0.89,PLT-03,Tokyo Precision,Japan,APAC,SMB,France,OTIF_ERP,ERP Definition,Finance,1,2,0.0,0.0,50.0,50.0,50.0,1,50.0,CHAINTRUTH
2026-02-01,SUP-014,Supplier 014,India,APAC,0.95,PLT-06,Sao Paulo Ops,Brazil,LATAM,Enterprise,Germany,OTIF_ERP,ERP Definition,Finance,1,1,100.0,100.0,0.0,100.0,100.0,1,100.0,CHAINTRUTH
2026-02-01,SUP-014,Supplier 014,India,APAC,0.95,PLT-00,Shanghai Hub,China,APAC,SMB,France,OTIF_ERP,ERP Definition,Finance,1,2,50.0,50.0,50.0,100.0,50.0,1,50.0,CHAINTRUTH
2026-02-01,SUP-014,Supplier 014,India,APAC,0.95,PLT-09,Hanoi Assembly,Vietnam,APAC,Enterprise,Germany,OTIF_ERP,ERP Definition,Finance,1,1,0.0,0.0,0.0,100.0,100.0,1,100.0,CHAINTRUTH
2026-02-01,SUP-014,Supplier 014,India,APAC,0.95,PLT-00,Shanghai Hub,China,APAC,SMB,Singapore,OTIF_ERP,ERP Definition,Finance,1,1,0.0,0.0,100.0,100.0,100.0,1,100.0,CHAINTRUTH
2026-02-01,SUP-014,Supplier 014,India,APAC,0.95,PLT-01,Munich Center,Germany,EMEA,SMB,Canada,OTIF_ERP,ERP Definition,Finance,1,1,100.0,100.0,100.0,100.0,100.0,0,0.0,CHAINTRUTH
2026-02-01,SUP-014,Supplier 014,India,APAC,0.95,PLT-03,Tokyo Precision,Japan,APAC,Enterprise,Australia,OTIF_ERP,ERP Definition,Finance,1,2,0.0,0.0,50.0,50.0,0.0,1,50.0,CHAINTRUTH
2026-02-01,SUP-014,Supplier 014,India,APAC,0.95,PLT-02,Detroit Works,USA,NA,Government,Germany,OTIF_ERP,ERP Definition,Finance,1,2,0.0,0.0,50.0,100.0,50.0,2,100.0,CHAINTRUTH
2026-02-01,SUP-014,Supplier 014,India,APAC,0.95,PLT-09,Hanoi Assembly,Vietnam,APAC,Government,Singapore,OTIF_ERP,ERP Definition,Finance,1,1,0.0,0.0,0.0,100.0,100.0,1,100.0,CHAINTRUTH
2026-02-01,SUP-015,Supplier 015,Mexico,LATAM,0.75,PLT-08,Taipei Micro,Taiwan,APAC,Enterprise,Germany,OTIF_ERP,ERP Definition,Finance,1,1,0.0,0.0,0.0,100.0,100.0,1,100.0,CHAINTRUTH
2026-02-01,SUP-015,Supplier 015,Mexico,LATAM,0.75,PLT-05,Monterrey Plant,Mexico,LATAM,SMB,USA,OTIF_ERP,ERP Definition,Finance,1,2,0.0,0.0,50.0,100.0,50.0,2,100.0,CHAINTRUTH
2026-02-01,SUP-016,Supplier 016,Brazil,LATAM,0.66,PLT-05,Monterrey Plant,Mexico,LATAM,Enterprise,Canada,OTIF_ERP,ERP Definition,Finance,1,1,0.0,0.0,100.0,100.0,100.0,1,100.0,CHAINTRUTH
2026-02-01,SUP-016,Supplier 016,Brazil,LATAM,0.66,PLT-00,Shanghai Hub,China,APAC,Government,Canada,OTIF_ERP,ERP Definition,Finance,1,1,0.0,0.0,0.0,100.0,100.0,1,100.0,CHAINTRUTH
2026-02-01,SUP-016,Supplier 016,Brazil,LATAM,0.66,PLT-03,Tokyo Precision,Japan,APAC,SMB,Germany,OTIF_ERP,ERP Definition,Finance,1,1,0.0,0.0,100.0,100.0,0.0,1,100.0,CHAINTRUTH
2026-02-01,SUP-016,Supplier 016,Brazil,LATAM,0.66,PLT-05,Monterrey Plant,Mexico,LATAM,Enterprise,Japan,OTIF_ERP,ERP Definition,Finance,1,1,0.0,0.0,0.0,100.0,100.0,1,100.0,CHAINTRUTH
2026-02-01,SUP-016,Supplier 016,Brazil,LATAM,0.66,PLT-04,Chennai Forge,India,APAC,Government,Canada,OTIF_ERP,ERP Definition,Finance,1,1,0.0,0.0,0.0,100.0,0.0,1,100.0,CHAINTRUTH
2026-02-01,SUP-016,Supplier 016,Brazil,LATAM,0.66,PLT-03,Tokyo Precision,Japan,APAC,SMB,Canada,OTIF_ERP,ERP Definition,Finance,1,1,0.0,0.0,0.0,100.0,100.0,1,100.0,CHAINTRUTH
2026-02-01,SUP-017,Supplier 017,South Korea,APAC,0.89,PLT-05,Monterrey Plant,Mexico,LATAM,SMB,Japan,OTIF_ERP,ERP Definition,Finance,1,1,0.0,0.0,0.0,100.0,100.0,1,100.0,CHAINTRUTH
2026-02-01,SUP-017,Supplier 017,South Korea,APAC,0.89,PLT-07,Seoul Tech,South Korea,APAC,SMB,Germany,OTIF_ERP,ERP Definition,Finance,1,2,0.0,0.0,50.0,50.0,50.0,1,50.0,CHAINTRUTH
2026-02-01,SUP-017,Supplier 017,South Korea,APAC,0.89,PLT-09,Hanoi Assembly,Vietnam,APAC,Government,USA,OTIF_ERP,ERP Definition,Finance,1,1,0.0,0.0,100.0,100.0,100.0,1,100.0,CHAINTRUTH
2026-02-01,SUP-017,Supplier 017,South Korea,APAC,0.89,PLT-04,Chennai Forge,India,APAC,SMB,Canada,OTIF_ERP,ERP Definition,Finance,1,1,0.0,0.0,0.0,100.0,100.0,1,100.0,CHAINTRUTH
2026-02-01,SUP-018,Supplier 018,Taiwan,APAC,0.75,PLT-09,Hanoi Assembly,Vietnam,APAC,SMB,Japan,OTIF_ERP,ERP Definition,Finance,1,1,0.0,0.0,0.0,100.0,100.0,1,100.0,CHAINTRUTH
2026-02-01,SUP-018,Supplier 018,Taiwan,APAC,0.75,PLT-09,Hanoi Assembly,Vietnam,APAC,Government,USA,OTIF_ERP,ERP Definition,Finance,1,1,0.0,0.0,0.0,100.0,100.0,1,100.0,CHAINTRUTH
2026-02-01,SUP-018,Supplier 018,Taiwan,APAC,0.75,PLT-08,Taipei Micro,Taiwan,APAC,Enterprise,UK,OTIF_ERP,ERP Definition,Finance,1,2,0.0,0.0,0.0,100.0,0.0,2,100.0,CHAINTRUTH
2026-02-01,SUP-018,Supplier 018,Taiwan,APAC,0.75,PLT-06,Sao Paulo Ops,Brazil,LATAM,SMB,UK,OTIF_ERP,ERP Definition,Finance,1,2,50.0,50.0,100.0,100.0,50.0,1,50.0,CHAINTRUTH
2026-02-01,SUP-018,Supplier 018,Taiwan,APAC,0.75,PLT-05,Monterrey Plant,Mexico,LATAM,Government,Canada,OTIF_ERP,ERP Definition,Finance,1,1,0.0,0.0,0.0,100.0,100.0,1,100.0,CHAINTRUTH
2026-02-01,SUP-018,Supplier 018,Taiwan,APAC,0.75,PLT-06,Sao Paulo Ops,Brazil,LATAM,Enterprise,Canada,OTIF_ERP,ERP Definition,Finance,1,1,0.0,0.0,100.0,100.0,100.0,1,100.0,CHAINTRUTH
2026-02-01,SUP-018,Supplier 018,Taiwan,APAC,0.75,PLT-00,Shanghai Hub,China,APAC,SMB,Canada,OTIF_ERP,ERP Definition,Finance,1,2,0.0,0.0,0.0,100.0,50.0,2,100.0,CHAINTRUTH
2026-02-01,SUP-018,Supplier 018,Taiwan,APAC,0.75,PLT-08,Taipei Micro,Taiwan,APAC,SMB,Australia,OTIF_ERP,ERP Definition,Finance,1,2,0.0,0.0,50.0,100.0,50.0,2,100.0,CHAINTRUTH
2026-02-01,SUP-019,Supplier 019,Vietnam,APAC,0.57,PLT-00,Shanghai Hub,China,APAC,Enterprise,Germany,OTIF_ERP,ERP Definition,Finance,1,1,0.0,0.0,0.0,100.0,100.0,1,100.0,CHAINTRUTH
2026-02-01,SUP-019,Supplier 019,Vietnam,APAC,0.57,PLT-02,Detroit Works,USA,NA,Enterprise,France,OTIF_ERP,ERP Definition,Finance,1,1,0.0,0.0,0.0,100.0,100.0,1,100.0,CHAINTRUTH
2026-02-01,SUP-019,Supplier 019,Vietnam,APAC,0.57,PLT-07,Seoul Tech,South Korea,APAC,SMB,Canada,OTIF_ERP,ERP Definition,Finance,1,1,0.0,0.0,100.0,100.0,100.0,1,100.0,CHAINTRUTH
2026-02-01,SUP-019,Supplier 019,Vietnam,APAC,0.57,PLT-07,Seoul Tech,South Korea,APAC,Government,USA,OTIF_ERP,ERP Definition,Finance,1,1,0.0,0.0,100.0,100.0,100.0,1,100.0,CHAINTRUTH
2026-02-01,SUP-020,Supplier 020,China,APAC,0.6,PLT-03,Tokyo Precision,Japan,APAC,Enterprise,USA,OTIF_ERP,ERP Definition,Finance,1,1,0.0,0.0,100.0,100.0,100.0,1,100.0,CHAINTRUTH
2026-02-01,SUP-020,Supplier 020,China,APAC,0.6,PLT-09,Hanoi Assembly,Vietnam,APAC,Government,Australia,OTIF_ERP,ERP Definition,Finance,1,1,0.0,0.0,100.0,100.0,100.0,1,100.0,CHAINTRUTH
2026-02-01,SUP-020,Supplier 020,China,APAC,0.6,PLT-08,Taipei Micro,Taiwan,APAC,Government,Singapore,OTIF_ERP,ERP Definition,Finance,1,1,0.0,0.0,100.0,100.0,100.0,1,100.0,CHAINTRUTH
2026-02-01,SUP-021,Supplier 021,Germany,EMEA,0.75,PLT-03,Tokyo Precision,Japan,APAC,SMB,USA,OTIF_ERP,ERP Definition,Finance,1,1,0.0,0.0,0.0,100.0,100.0,1,100.0,CHAINTRUTH
2026-02-01,SUP-021,Supplier 021,Germany,EMEA,0.75,PLT-02,Detroit Works,USA,NA,Enterprise,Singapore,OTIF_ERP,ERP Definition,Finance,1,1,0.0,0.0,0.0,100.0,0.0,1,100.0,CHAINTRUTH
2026-02-01,SUP-021,Supplier 021,Germany,EMEA,0.75,PLT-00,Shanghai Hub,China,APAC,SMB,France,OTIF_ERP,ERP Definition,Finance,2,2,0.0,0.0,0.0,100.0,100.0,2,100.0,CHAINTRUTH
2026-02-01,SUP-021,Supplier 021,Germany,EMEA,0.75,PLT-05,Monterrey Plant,Mexico,LATAM,Government,USA,OTIF_ERP,ERP Definition,Finance,1,1,100.0,100.0,100.0,100.0,100.0,0,0.0,CHAINTRUTH
2026-02-01,SUP-021,Supplier 021,Germany,EMEA,0.75,PLT-00,Shanghai Hub,China,APAC,SMB,Singapore,OTIF_ERP,ERP Definition,Finance,1,1,0.0,0.0,0.0,100.0,100.0,1,100.0,CHAINTRUTH
2026-02-01,SUP-021,Supplier 021,Germany,EMEA,0.75,PLT-01,Munich Center,Germany,EMEA,SMB,Singapore,OTIF_ERP,ERP Definition,Finance,1,1,0.0,0.0,100.0,100.0,100.0,1,100.0,CHAINTRUTH
2026-02-01,SUP-022,Supplier 022,USA,NA,0.8,PLT-09,Hanoi Assembly,Vietnam,APAC,SMB,Singapore,OTIF_ERP,ERP Definition,Finance,1,1,0.0,0.0,0.0,100.0,100.0,1,100.0,CHAINTRUTH
2026-02-01,SUP-022,Supplier 022,USA,NA,0.8,PLT-02,Detroit Works,USA,NA,SMB,Australia,OTIF_ERP,ERP Definition,Finance,1,1,0.0,100.0,100.0,100.0,0.0,0,0.0,CHAINTRUTH
2026-02-01,SUP-022,Supplier 022,USA,NA,0.8,PLT-08,Taipei Micro,Taiwan,APAC,SMB,Australia,OTIF_ERP,ERP Definition,Finance,1,1,0.0,0.0,100.0,100.0,100.0,1,100.0,CHAINTRUTH
2026-02-01,SUP-022,Supplier 022,USA,NA,0.8,PLT-08,Taipei Micro,Taiwan,APAC,Enterprise,Canada,OTIF_ERP,ERP Definition,Finance,1,2,0.0,0.0,50.0,100.0,50.0,2,100.0,CHAINTRUTH
2026-02-01,SUP-022,Supplier 022,USA,NA,0.8,PLT-01,Munich Center,Germany,EMEA,Enterprise,Canada,OTIF_ERP,ERP Definition,Finance,1,2,50.0,50.0,50.0,100.0,50.0,1,50.0,CHAINTRUTH
2026-02-01,SUP-022,Supplier 022,USA,NA,0.8,PLT-07,Seoul Tech,South Korea,APAC,Government,France,OTIF_ERP,ERP Definition,Finance,1,1,0.0,0.0,0.0,100.0,0.0,1,100.0,CHAINTRUTH
2026-02-01,SUP-022,Supplier 022,USA,NA,0.8,PLT-06,Sao Paulo Ops,Brazil,LATAM,Government,Canada,OTIF_ERP,ERP Definition,Finance,1,1,0.0,100.0,100.0,100.0,0.0,0,0.0,CHAINTRUTH
2026-02-01,SUP-022,Supplier 022,USA,NA,0.8,PLT-07,Seoul Tech,South Korea,APAC,Enterprise,Japan,OTIF_ERP,ERP Definition,Finance,1,1,0.0,0.0,0.0,100.0,100.0,1,100.0,CHAINTRUTH
2026-02-01,SUP-022,Supplier 022,USA,NA,0.8,PLT-07,Seoul Tech,South Korea,APAC,Government,Canada,OTIF_ERP,ERP Definition,Finance,1,2,50.0,50.0,50.0,100.0,100.0,1,50.0,CHAINTRUTH
2026-02-01,SUP-022,Supplier 022,USA,NA,0.8,PLT-00,Shanghai Hub,China,APAC,Enterprise,Canada,OTIF_ERP,ERP Definition,Finance,1,1,0.0,0.0,100.0,100.0,100.0,1,100.0,CHAINTRUTH
2026-02-01,SUP-023,Supplier 023,Japan,APAC,0.98,PLT-05,Monterrey Plant,Mexico,LATAM,SMB,Canada,OTIF_ERP,ERP Definition,Finance,1,1,0.0,100.0,100.0,100.0,0.0,0,0.0,CHAINTRUTH
2026-02-01,SUP-023,Supplier 023,Japan,APAC,0.98,PLT-02,Detroit Works,USA,NA,Enterprise,France,OTIF_ERP,ERP Definition,Finance,1,1,0.0,100.0,0.0,100.0,0.0,1,100.0,CHAINTRUTH
2026-02-01,SUP-024,Supplier 024,India,APAC,0.89,PLT-00,Shanghai Hub,China,APAC,Enterprise,UK,OTIF_ERP,ERP Definition,Finance,1,1,0.0,0.0,0.0,100.0,100.0,1,100.0,CHAINTRUTH
2026-02-01,SUP-024,Supplier 024,India,APAC,0.89,PLT-00,Shanghai Hub,China,APAC,SMB,Japan,OTIF_ERP,ERP Definition,Finance,1,1,0.0,0.0,100.0,100.0,100.0,1,100.0,CHAINTRUTH
2026-02-01,SUP-024,Supplier 024,India,APAC,0.89,PLT-00,Shanghai Hub,China,APAC,Enterprise,Japan,OTIF_ERP,ERP Definition,Finance,1,1,0.0,0.0,0.0,100.0,100.0,1,100.0,CHAINTRUTH
2026-02-01,SUP-024,Supplier 024,India,APAC,0.89,PLT-02,Detroit Works,USA,NA,SMB,UK,OTIF_ERP,ERP Definition,Finance,1,1,100.0,100.0,100.0,100.0,100.0,0,0.0,CHAINTRUTH
2026-02-01,SUP-024,Supplier 024,India,APAC,0.89,PLT-06,Sao Paulo Ops,Brazil,LATAM,Enterprise,Germany,OTIF_ERP,ERP Definition,Finance,1,1,0.0,0.0,0.0,100.0,100.0,1,100.0,CHAINTRUTH
2026-02-01,SUP-024,Supplier 024,India,APAC,0.89,PLT-04,Chennai Forge,India,APAC,Enterprise,Germany,OTIF_ERP,ERP Definition,Finance,1,1,0.0,0.0,100.0,100.0,100.0,1,100.0,CHAINTRUTH
2026-02-01,SUP-024,Supplier 024,India,APAC,0.89,PLT-08,Taipei Micro,Taiwan,APAC,SMB,Singapore,OTIF_ERP,ERP Definition,Finance,1,2,0.0,0.0,50.0,100.0,50.0,2,100.0,CHAINTRUTH
2026-02-01,SUP-025,Supplier 025,Mexico,LATAM,0.71,PLT-07,Seoul Tech,South Korea,APAC,SMB,UK,OTIF_ERP,ERP Definition,Finance,1,1,0.0,0.0,100.0,100.0,100.0,1,100.0,CHAINTRUTH
2026-02-01,SUP-025,Supplier 025,Mexico,LATAM,0.71,PLT-04,Chennai Forge,India,APAC,SMB,UK,OTIF_ERP,ERP Definition,Finance,1,1,0.0,0.0,0.0,100.0,0.0,1,100.0,CHAINTRUTH
2026-02-01,SUP-025,Supplier 025,Mexico,LATAM,0.71,PLT-03,Tokyo Precision,Japan,APAC,Enterprise,France,OTIF_ERP,ERP Definition,Finance,1,2,0.0,0.0,50.0,100.0,50.0,2,100.0,CHAINTRUTH
2026-02-01,SUP-025,Supplier 025,Mexico,LATAM,0.71,PLT-09,Hanoi Assembly,Vietnam,APAC,Enterprise,Canada,OTIF_ERP,ERP Definition,Finance,1,1,0.0,100.0,100.0,100.0,0.0,0,0.0,CHAINTRUTH
2026-02-01,SUP-025,Supplier 025,Mexico,LATAM,0.71,PLT-02,Detroit Works,USA,NA,Enterprise,Canada,OTIF_ERP,ERP Definition,Finance,1,2,0.0,0.0,50.0,100.0,0.0,2,100.0,CHAINTRUTH
2026-02-01,SUP-026,Supplier 026,Brazil,LATAM,0.73,PLT-06,Sao Paulo Ops,Brazil,LATAM,Government,Canada,OTIF_ERP,ERP Definition,Finance,1,1,0.0,100.0,100.0,100.0,0.0,0,0.0,CHAINTRUTH
2026-02-01,SUP-026,Supplier 026,Brazil,LATAM,0.73,PLT-06,Sao Paulo Ops,Brazil,LATAM,SMB,Germany,OTIF_ERP,ERP Definition,Finance,1,1,0.0,0.0,100.0,100.0,0.0,1,100.0,CHAINTRUTH
2026-02-01,SUP-026,Supplier 026,Brazil,LATAM,0.73,PLT-03,Tokyo Precision,Japan,APAC,Enterprise,Japan,OTIF_ERP,ERP Definition,Finance,1,2,0.0,0.0,0.0,100.0,50.0,2,100.0,CHAINTRUTH
2026-02-01,SUP-026,Supplier 026,Brazil,LATAM,0.73,PLT-04,Chennai Forge,India,APAC,SMB,Germany,OTIF_ERP,ERP Definition,Finance,1,1,0.0,0.0,0.0,100.0,100.0,1,100.0,CHAINTRUTH
2026-02-01,SUP-026,Supplier 026,Brazil,LATAM,0.73,PLT-06,Sao Paulo Ops,Brazil,LATAM,SMB,UK,OTIF_ERP,ERP Definition,Finance,1,1,0.0,0.0,100.0,100.0,100.0,1,100.0,CHAINTRUTH
2026-02-01,SUP-027,Supplier 027,South Korea,APAC,0.94,PLT-06,Sao Paulo Ops,Brazil,LATAM,Government,Germany,OTIF_ERP,ERP Definition,Finance,1,1,0.0,0.0,0.0,100.0,100.0,1,100.0,CHAINTRUTH
2026-02-01,SUP-027,Supplier 027,South Korea,APAC,0.94,PLT-05,Monterrey Plant,Mexico,LATAM,Enterprise,Japan,OTIF_ERP,ERP Definition,Finance,2,2,0.0,0.0,0.0,100.0,50.0,2,100.0,CHAINTRUTH
2026-02-01,SUP-027,Supplier 027,South Korea,APAC,0.94,PLT-04,Chennai Forge,India,APAC,SMB,UK,OTIF_ERP,ERP Definition,Finance,1,1,0.0,0.0,100.0,100.0,100.0,1,100.0,CHAINTRUTH
2026-02-01,SUP-027,Supplier 027,South Korea,APAC,0.94,PLT-02,Detroit Works,USA,NA,Government,Australia,OTIF_ERP,ERP Definition,Finance,1,1,0.0,0.0,0.0,100.0,100.0,1,100.0,CHAINTRUTH
2026-02-01,SUP-028,Supplier 028,Taiwan,APAC,0.84,PLT-09,Hanoi Assembly,Vietnam,APAC,SMB,Australia,OTIF_ERP,ERP Definition,Finance,1,1,0.0,0.0,100.0,100.0,0.0,1,100.0,CHAINTRUTH
2026-02-01,SUP-028,Supplier 028,Taiwan,APAC,0.84,PLT-05,Monterrey Plant,Mexico,LATAM,Enterprise,France,OTIF_ERP,ERP Definition,Finance,1,1,0.0,0.0,0.0,100.0,100.0,1,100.0,CHAINTRUTH
2026-02-01,SUP-028,Supplier 028,Taiwan,APAC,0.84,PLT-00,Shanghai Hub,China,APAC,Enterprise,France,OTIF_ERP,ERP Definition,Finance,1,1,0.0,0.0,0.0,100.0,100.0,1,100.0,CHAINTRUTH
2026-02-01,SUP-028,Supplier 028,Taiwan,APAC,0.84,PLT-05,Monterrey Plant,Mexico,LATAM,Enterprise,Germany,OTIF_ERP,ERP Definition,Finance,1,1,0.0,0.0,0.0,100.0,100.0,1,100.0,CHAINTRUTH
2026-02-01,SUP-028,Supplier 028,Taiwan,APAC,0.84,PLT-07,Seoul Tech,South Korea,APAC,SMB,Australia,OTIF_ERP,ERP Definition,Finance,1,1,0.0,0.0,0.0,100.0,100.0,1,100.0,CHAINTRUTH
2026-02-01,SUP-028,Supplier 028,Taiwan,APAC,0.84,PLT-01,Munich Center,Germany,EMEA,Enterprise,Germany,OTIF_ERP,ERP Definition,Finance,1,1,0.0,0.0,0.0,100.0,100.0,1,100.0,CHAINTRUTH
2026-02-01,SUP-028,Supplier 028,Taiwan,APAC,0.84,PLT-05,Monterrey Plant,Mexico,LATAM,SMB,USA,OTIF_ERP,ERP Definition,Finance,1,1,100.0,100.0,100.0,100.0,100.0,0,0.0,CHAINTRUTH
2026-02-01,SUP-029,Supplier 029,Vietnam,APAC,0.51,PLT-07,Seoul Tech,South Korea,APAC,SMB,Germany,OTIF_ERP,ERP Definition,Finance,1,1,0.0,0.0,100.0,100.0,0.0,1,100.0,CHAINTRUTH
2026-02-01,SUP-029,Supplier 029,Vietnam,APAC,0.51,PLT-08,Taipei Micro,Taiwan,APAC,SMB,Germany,OTIF_ERP,ERP Definition,Finance,1,1,0.0,0.0,0.0,100.0,100.0,1,100.0,CHAINTRUTH
2026-02-01,SUP-029,Supplier 029,Vietnam,APAC,0.51,PLT-02,Detroit Works,USA,NA,SMB,Singapore,OTIF_ERP,ERP Definition,Finance,1,1,0.0,0.0,0.0,100.0,100.0,1,100.0,CHAINTRUTH
2026-02-01,SUP-029,Supplier 029,Vietnam,APAC,0.51,PLT-04,Chennai Forge,India,APAC,SMB,Australia,OTIF_ERP,ERP Definition,Finance,2,2,0.0,0.0,0.0,100.0,0.0,2,100.0,CHAINTRUTH
2026-02-01,SUP-029,Supplier 029,Vietnam,APAC,0.51,PLT-09,Hanoi Assembly,Vietnam,APAC,SMB,UK,OTIF_ERP,ERP Definition,Finance,1,1,0.0,0.0,100.0,100.0,0.0,1,100.0,CHAINTRUTH
2026-02-01,SUP-029,Supplier 029,Vietnam,APAC,0.51,PLT-09,Hanoi Assembly,Vietnam,APAC,Government,Germany,OTIF_ERP,ERP Definition,Finance,1,1,0.0,0.0,0.0,100.0,0.0,1,100.0,CHAINTRUTH
2026-02-01,SUP-029,Supplier 029,Vietnam,APAC,0.51,PLT-05,Monterrey Plant,Mexico,LATAM,Enterprise,Germany,OTIF_ERP,ERP Definition,Finance,1,1,0.0,0.0,100.0,100.0,100.0,1,100.0,CHAINTRUTH
2026-02-01,SUP-029,Supplier 029,Vietnam,APAC,0.51,PLT-02,Detroit Works,USA,NA,SMB,Australia,OTIF_ERP,ERP Definition,Finance,1,1,0.0,0.0,0.0,100.0,100.0,1,100.0,CHAINTRUTH
2026-02-01,SUP-030,Supplier 030,China,APAC,0.59,PLT-08,Taipei Micro,Taiwan,APAC,Government,Germany,OTIF_ERP,ERP Definition,Finance,1,1,0.0,0.0,100.0,100.0,100.0,1,100.0,CHAINTRUTH
2026-02-01,SUP-030,Supplier 030,China,APAC,0.59,PLT-04,Chennai Forge,India,APAC,SMB,Japan,OTIF_ERP,ERP Definition,Finance,1,1,0.0,0.0,0.0,100.0,100.0,1,100.0,CHAINTRUTH
2026-02-01,SUP-030,Supplier 030,China,APAC,0.59,PLT-03,Tokyo Precision,Japan,APAC,SMB,Singapore,OTIF_ERP,ERP Definition,Finance,1,2,0.0,0.0,100.0,50.0,50.0,2,100.0,CHAINTRUTH
2026-02-01,SUP-030,Supplier 030,China,APAC,0.59,PLT-01,Munich Center,Germany,EMEA,Government,Japan,OTIF_ERP,ERP Definition,Finance,1,1,0.0,0.0,100.0,100.0,100.0,1,100.0,CHAINTRUTH
2026-02-01,SUP-030,Supplier 030,China,APAC,0.59,PLT-05,Monterrey Plant,Mexico,LATAM,Government,France,OTIF_ERP,ERP Definition,Finance,1,1,0.0,0.0,100.0,100.0,0.0,1,100.0,CHAINTRUTH
2026-02-01,SUP-030,Supplier 030,China,APAC,0.59,PLT-07,Seoul Tech,South Korea,APAC,Enterprise,France,OTIF_ERP,ERP Definition,Finance,1,1,0.0,0.0,0.0,100.0,0.0,1,100.0,CHAINTRUTH
2026-02-01,SUP-031,Supplier 031,Germany,EMEA,0.92,PLT-03,Tokyo Precision,Japan,APAC,SMB,Canada,OTIF_ERP,ERP Definition,Finance,1,1,0.0,0.0,0.0,100.0,100.0,1,100.0,CHAINTRUTH
2026-02-01,SUP-031,Supplier 031,Germany,EMEA,0.92,PLT-01,Munich Center,Germany,EMEA,SMB,Singapore,OTIF_ERP,ERP Definition,Finance,1,2,0.0,0.0,0.0,100.0,50.0,2,100.0,CHAINTRUTH
2026-02-01,SUP-031,Supplier 031,Germany,EMEA,0.92,PLT-00,Shanghai Hub,China,APAC,Enterprise,France,OTIF_ERP,ERP Definition,Finance,1,1,0.0,0.0,0.0,100.0,0.0,1,100.0,CHAINTRUTH
2026-02-01,SUP-031,Supplier 031,Germany,EMEA,0.92,PLT-06,Sao Paulo Ops,Brazil,LATAM,Government,Germany,OTIF_ERP,ERP Definition,Finance,1,2,50.0,50.0,50.0,100.0,50.0,2,100.0,CHAINTRUTH
2026-02-01,SUP-031,Supplier 031,Germany,EMEA,0.92,PLT-08,Taipei Micro,Taiwan,APAC,Enterprise,USA,OTIF_ERP,ERP Definition,Finance,1,1,0.0,0.0,0.0,100.0,100.0,1,100.0,CHAINTRUTH
2026-02-01,SUP-031,Supplier 031,Germany,EMEA,0.92,PLT-04,Chennai Forge,India,APAC,Government,Germany,OTIF_ERP,ERP Definition,Finance,1,1,0.0,0.0,100.0,100.0,100.0,1,100.0,CHAINTRUTH
2026-02-01,SUP-031,Supplier 031,Germany,EMEA,0.92,PLT-02,Detroit Works,USA,NA,Enterprise,Japan,OTIF_ERP,ERP Definition,Finance,1,1,0.0,100.0,100.0,100.0,0.0,0,0.0,CHAINTRUTH
2026-02-01,SUP-031,Supplier 031,Germany,EMEA,0.92,PLT-07,Seoul Tech,South Korea,APAC,Enterprise,Japan,OTIF_ERP,ERP Definition,Finance,1,2,0.0,0.0,50.0,100.0,50.0,2,100.0,CHAINTRUTH
2026-02-01,SUP-031,Supplier 031,Germany,EMEA,0.92,PLT-03,Tokyo Precision,Japan,APAC,Government,Japan,OTIF_ERP,ERP Definition,Finance,1,1,0.0,0.0,100.0,100.0,0.0,1,100.0,CHAINTRUTH
2026-02-01,SUP-032,Supplier 032,USA,NA,0.78,PLT-07,Seoul Tech,South Korea,APAC,Enterprise,UK,OTIF_ERP,ERP Definition,Finance,1,1,0.0,0.0,0.0,100.0,100.0,1,100.0,CHAINTRUTH
2026-02-01,SUP-032,Supplier 032,USA,NA,0.78,PLT-02,Detroit Works,USA,NA,Enterprise,Japan,OTIF_ERP,ERP Definition,Finance,1,1,100.0,100.0,0.0,100.0,100.0,1,100.0,CHAINTRUTH
2026-02-01,SUP-032,Supplier 032,USA,NA,0.78,PLT-05,Monterrey Plant,Mexico,LATAM,SMB,Germany,OTIF_ERP,ERP Definition,Finance,1,1,0.0,0.0,100.0,100.0,100.0,1,100.0,CHAINTRUTH
2026-02-01,SUP-032,Supplier 032,USA,NA,0.78,PLT-06,Sao Paulo Ops,Brazil,LATAM,SMB,Japan,OTIF_ERP,ERP Definition,Finance,1,1,100.0,100.0,100.0,100.0,100.0,0,0.0,CHAINTRUTH
2026-02-01,SUP-032,Supplier 032,USA,NA,0.78,PLT-08,Taipei Micro,Taiwan,APAC,Government,Germany,OTIF_ERP,ERP Definition,Finance,1,1,0.0,0.0,0.0,100.0,100.0,1,100.0,CHAINTRUTH
2026-02-01,SUP-032,Supplier 032,USA,NA,0.78,PLT-04,Chennai Forge,India,APAC,Government,UK,OTIF_ERP,ERP Definition,Finance,1,1,0.0,0.0,100.0,100.0,100.0,1,100.0,CHAINTRUTH
2026-02-01,SUP-032,Supplier 032,USA,NA,0.78,PLT-02,Detroit Works,USA,NA,Enterprise,USA,OTIF_ERP,ERP Definition,Finance,1,1,0.0,0.0,100.0,100.0,100.0,1,100.0,CHAINTRUTH
2026-02-01,SUP-033,Supplier 033,Japan,APAC,0.5,PLT-06,Sao Paulo Ops,Brazil,LATAM,SMB,Singapore,OTIF_ERP,ERP Definition,Finance,1,1,0.0,0.0,0.0,100.0,100.0,1,100.0,CHAINTRUTH
2026-02-01,SUP-033,Supplier 033,Japan,APAC,0.5,PLT-07,Seoul Tech,South Korea,APAC,Enterprise,France,OTIF_ERP,ERP Definition,Finance,1,1,0.0,0.0,100.0,100.0,0.0,1,100.0,CHAINTRUTH
2026-02-01,SUP-033,Supplier 033,Japan,APAC,0.5,PLT-08,Taipei Micro,Taiwan,APAC,SMB,Germany,OTIF_ERP,ERP Definition,Finance,1,1,0.0,0.0,0.0,100.0,100.0,1,100.0,CHAINTRUTH
2026-02-01,SUP-033,Supplier 033,Japan,APAC,0.5,PLT-04,Chennai Forge,India,APAC,Enterprise,Japan,OTIF_ERP,ERP Definition,Finance,1,1,0.0,0.0,0.0,100.0,100.0,1,100.0,CHAINTRUTH
2026-02-01,SUP-033,Supplier 033,Japan,APAC,0.5,PLT-05,Monterrey Plant,Mexico,LATAM,SMB,Germany,OTIF_ERP,ERP Definition,Finance,1,1,0.0,0.0,0.0,100.0,100.0,1,100.0,CHAINTRUTH
2026-02-01,SUP-033,Supplier 033,Japan,APAC,0.5,PLT-06,Sao Paulo Ops,Brazil,LATAM,SMB,Australia,OTIF_ERP,ERP Definition,Finance,1,1,0.0,0.0,100.0,100.0,0.0,1,100.0,CHAINTRUTH
2026-02-01,SUP-034,Supplier 034,India,APAC,0.95,PLT-09,Hanoi Assembly,Vietnam,APAC,Government,France,OTIF_ERP,ERP Definition,Finance,1,1,0.0,0.0,0.0,100.0,100.0,1,100.0,CHAINTRUTH
2026-02-01,SUP-034,Supplier 034,India,APAC,0.95,PLT-03,Tokyo Precision,Japan,APAC,SMB,France,OTIF_ERP,ERP Definition,Finance,1,1,0.0,0.0,0.0,100.0,100.0,1,100.0,CHAINTRUTH
2026-02-01,SUP-034,Supplier 034,India,APAC,0.95,PLT-09,Hanoi Assembly,Vietnam,APAC,SMB,Japan,OTIF_ERP,ERP Definition,Finance,1,2,50.0,50.0,100.0,100.0,50.0,1,50.0,CHAINTRUTH
2026-02-01,SUP-034,Supplier 034,India,APAC,0.95,PLT-01,Munich Center,Germany,EMEA,SMB,Singapore,OTIF_ERP,ERP Definition,Finance,1,1,100.0,100.0,0.0,100.0,100.0,1,100.0,CHAINTRUTH
2026-02-01,SUP-035,Supplier 035,Mexico,LATAM,0.77,PLT-07,Seoul Tech,South Korea,APAC,Government,USA,OTIF_ERP,ERP Definition,Finance,1,1,0.0,0.0,0.0,100.0,0.0,1,100.0,CHAINTRUTH
2026-02-01,SUP-035,Supplier 035,Mexico,LATAM,0.77,PLT-00,Shanghai Hub,China,APAC,Government,Germany,OTIF_ERP,ERP Definition,Finance,2,2,0.0,0.0,100.0,100.0,100.0,2,100.0,CHAINTRUTH
2026-02-01,SUP-035,Supplier 035,Mexico,LATAM,0.77,PLT-04,Chennai Forge,India,APAC,Enterprise,Canada,OTIF_ERP,ERP Definition,Finance,1,1,0.0,0.0,100.0,100.0,0.0,1,100.0,CHAINTRUTH
2026-02-01,SUP-035,Supplier 035,Mexico,LATAM,0.77,PLT-03,Tokyo Precision,Japan,APAC,Government,Germany,OTIF_ERP,ERP Definition,Finance,1,1,0.0,0.0,100.0,100.0,100.0,1,100.0,CHAINTRUTH
2026-02-01,SUP-035,Supplier 035,Mexico,LATAM,0.77,PLT-03,Tokyo Precision,Japan,APAC,SMB,Singapore,OTIF_ERP,ERP Definition,Finance,1,1,0.0,0.0,0.0,100.0,100.0,1,100.0,CHAINTRUTH
2026-02-01,SUP-035,Supplier 035,Mexico,LATAM,0.77,PLT-05,Monterrey Plant,Mexico,LATAM,SMB,USA,OTIF_ERP,ERP Definition,Finance,1,1,0.0,0.0,0.0,100.0,100.0,1,100.0,CHAINTRUTH
2026-02-01,SUP-035,Supplier 035,Mexico,LATAM,0.77,PLT-01,Munich Center,Germany,EMEA,SMB,Japan,OTIF_ERP,ERP Definition,Finance,1,1,0.0,0.0,0.0,100.0,100.0,1,100.0,CHAINTRUTH
2026-02-01,SUP-035,Supplier 035,Mexico,LATAM,0.77,PLT-01,Munich Center,Germany,EMEA,SMB,Australia,OTIF_ERP,ERP Definition,Finance,1,2,0.0,0.0,100.0,100.0,50.0,2,100.0,CHAINTRUTH
2026-02-01,SUP-035,Supplier 035,Mexico,LATAM,0.77,PLT-05,Monterrey Plant,Mexico,LATAM,Government,Germany,OTIF_ERP,ERP Definition,Finance,1,2,0.0,50.0,100.0,100.0,0.0,1,50.0,CHAINTRUTH
2026-02-01,SUP-036,Supplier 036,Brazil,LATAM,0.76,PLT-03,Tokyo Precision,Japan,APAC,Enterprise,Canada,OTIF_ERP,ERP Definition,Finance,1,1,0.0,0.0,0.0,100.0,100.0,1,100.0,CHAINTRUTH
2026-02-01,SUP-036,Supplier 036,Brazil,LATAM,0.76,PLT-06,Sao Paulo Ops,Brazil,LATAM,SMB,France,OTIF_ERP,ERP Definition,Finance,1,1,0.0,0.0,0.0,100.0,100.0,1,100.0,CHAINTRUTH
2026-02-01,SUP-036,Supplier 036,Brazil,LATAM,0.76,PLT-03,Tokyo Precision,Japan,APAC,Government,USA,OTIF_ERP,ERP Definition,Finance,1,1,0.0,0.0,0.0,100.0,0.0,1,100.0,CHAINTRUTH
2026-02-01,SUP-036,Supplier 036,Brazil,LATAM,0.76,PLT-05,Monterrey Plant,Mexico,LATAM,SMB,Germany,OTIF_ERP,ERP Definition,Finance,1,2,0.0,0.0,50.0,100.0,50.0,2,100.0,CHAINTRUTH
2026-02-01,SUP-037,Supplier 037,South Korea,APAC,0.7,PLT-02,Detroit Works,USA,NA,SMB,Australia,OTIF_ERP,ERP Definition,Finance,1,1,0.0,0.0,0.0,100.0,100.0,1,100.0,CHAINTRUTH
2026-02-01,SUP-037,Supplier 037,South Korea,APAC,0.7,PLT-04,Chennai Forge,India,APAC,SMB,France,OTIF_ERP,ERP Definition,Finance,1,1,0.0,0.0,0.0,100.0,100.0,1,100.0,CHAINTRUTH
2026-02-01,SUP-037,Supplier 037,South Korea,APAC,0.7,PLT-07,Seoul Tech,South Korea,APAC,SMB,Japan,OTIF_ERP,ERP Definition,Finance,1,1,0.0,0.0,100.0,100.0,100.0,1,100.0,CHAINTRUTH
2026-02-01,SUP-037,Supplier 037,South Korea,APAC,0.7,PLT-04,Chennai Forge,India,APAC,Government,Singapore,OTIF_ERP,ERP Definition,Finance,1,1,0.0,0.0,100.0,100.0,100.0,1,100.0,CHAINTRUTH
2026-02-01,SUP-038,Supplier 038,Taiwan,APAC,0.95,PLT-05,Monterrey Plant,Mexico,LATAM,Enterprise,Japan,OTIF_ERP,ERP Definition,Finance,1,1,0.0,0.0,0.0,100.0,100.0,1,100.0,CHAINTRUTH
2026-02-01,SUP-038,Supplier 038,Taiwan,APAC,0.95,PLT-02,Detroit Works,USA,NA,Government,Germany,OTIF_ERP,ERP Definition,Finance,1,2,50.0,50.0,50.0,100.0,50.0,1,50.0,CHAINTRUTH
2026-02-01,SUP-038,Supplier 038,Taiwan,APAC,0.95,PLT-03,Tokyo Precision,Japan,APAC,SMB,Singapore,OTIF_ERP,ERP Definition,Finance,1,1,100.0,100.0,100.0,100.0,100.0,0,0.0,CHAINTRUTH
2026-02-01,SUP-038,Supplier 038,Taiwan,APAC,0.95,PLT-04,Chennai Forge,India,APAC,SMB,USA,OTIF_ERP,ERP Definition,Finance,1,1,0.0,100.0,100.0,100.0,0.0,0,0.0,CHAINTRUTH
2026-02-01,SUP-038,Supplier 038,Taiwan,APAC,0.95,PLT-02,Detroit Works,USA,NA,Enterprise,Canada,OTIF_ERP,ERP Definition,Finance,1,2,0.0,0.0,50.0,100.0,50.0,2,100.0,CHAINTRUTH
2026-02-01,SUP-038,Supplier 038,Taiwan,APAC,0.95,PLT-00,Shanghai Hub,China,APAC,Enterprise,Germany,OTIF_ERP,ERP Definition,Finance,1,1,100.0,100.0,100.0,100.0,100.0,0,0.0,CHAINTRUTH
2026-02-01,SUP-039,Supplier 039,Vietnam,APAC,0.68,PLT-06,Sao Paulo Ops,Brazil,LATAM,SMB,Singapore,OTIF_ERP,ERP Definition,Finance,1,2,50.0,50.0,100.0,100.0,50.0,1,50.0,CHAINTRUTH
2026-02-01,SUP-039,Supplier 039,Vietnam,APAC,0.68,PLT-08,Taipei Micro,Taiwan,APAC,SMB,Germany,OTIF_ERP,ERP Definition,Finance,1,1,0.0,0.0,100.0,100.0,100.0,1,100.0,CHAINTRUTH
2026-02-01,SUP-039,Supplier 039,Vietnam,APAC,0.68,PLT-03,Tokyo Precision,Japan,APAC,Enterprise,Australia,OTIF_ERP,ERP Definition,Finance,1,2,50.0,50.0,100.0,100.0,50.0,1,50.0,CHAINTRUTH
2026-02-01,SUP-039,Supplier 039,Vietnam,APAC,0.68,PLT-05,Monterrey Plant,Mexico,LATAM,SMB,Canada,OTIF_ERP,ERP Definition,Finance,1,2,0.0,0.0,0.0,100.0,0.0,2,100.0,CHAINTRUTH
2026-02-01,SUP-039,Supplier 039,Vietnam,APAC,0.68,PLT-09,Hanoi Assembly,Vietnam,APAC,SMB,Australia,OTIF_ERP,ERP Definition,Finance,1,1,0.0,0.0,0.0,100.0,0.0,1,100.0,CHAINTRUTH
2026-02-01,SUP-039,Supplier 039,Vietnam,APAC,0.68,PLT-04,Chennai Forge,India,APAC,Enterprise,France,OTIF_ERP,ERP Definition,Finance,1,1,0.0,0.0,0.0,100.0,100.0,1,100.0,CHAINTRUTH
2026-02-01,SUP-039,Supplier 039,Vietnam,APAC,0.68,PLT-00,Shanghai Hub,China,APAC,SMB,France,OTIF_ERP,ERP Definition,Finance,1,2,0.0,0.0,50.0,100.0,50.0,2,100.0,CHAINTRUTH
2026-02-01,SUP-039,Supplier 039,Vietnam,APAC,0.68,PLT-07,Seoul Tech,South Korea,APAC,Enterprise,Canada,OTIF_ERP,ERP Definition,Finance,1,1,0.0,0.0,100.0,100.0,100.0,1,100.0,CHAINTRUTH
2026-02-01,SUP-040,Supplier 040,China,APAC,0.96,PLT-00,Shanghai Hub,China,APAC,Enterprise,USA,OTIF_ERP,ERP Definition,Finance,1,1,0.0,0.0,0.0,100.0,100.0,1,100.0,CHAINTRUTH
2026-02-01,SUP-040,Supplier 040,China,APAC,0.96,PLT-03,Tokyo Precision,Japan,APAC,Enterprise,Japan,OTIF_ERP,ERP Definition,Finance,1,1,0.0,0.0,100.0,100.0,100.0,1,100.0,CHAINTRUTH
2026-02-01,SUP-040,Supplier 040,China,APAC,0.96,PLT-05,Monterrey Plant,Mexico,LATAM,Government,Japan,OTIF_ERP,ERP Definition,Finance,1,1,0.0,0.0,0.0,100.0,100.0,1,100.0,CHAINTRUTH
2026-02-01,SUP-040,Supplier 040,China,APAC,0.96,PLT-06,Sao Paulo Ops,Brazil,LATAM,SMB,Canada,OTIF_ERP,ERP Definition,Finance,1,1,0.0,0.0,0.0,100.0,0.0,1,100.0,CHAINTRUTH
2026-02-01,SUP-040,Supplier 040,China,APAC,0.96,PLT-07,Seoul Tech,South Korea,APAC,SMB,UK,OTIF_ERP,ERP Definition,Finance,2,2,0.0,0.0,50.0,100.0,50.0,2,100.0,CHAINTRUTH
2026-02-01,SUP-040,Supplier 040,China,APAC,0.96,PLT-07,Seoul Tech,South Korea,APAC,SMB,Japan,OTIF_ERP,ERP Definition,Finance,1,2,0.0,0.0,0.0,100.0,0.0,2,100.0,CHAINTRUTH
2026-02-01,SUP-041,Supplier 041,Germany,EMEA,0.64,PLT-07,Seoul Tech,South Korea,APAC,Government,UK,OTIF_ERP,ERP Definition,Finance,1,1,0.0,0.0,0.0,100.0,100.0,1,100.0,CHAINTRUTH
2026-02-01,SUP-041,Supplier 041,Germany,EMEA,0.64,PLT-09,Hanoi Assembly,Vietnam,APAC,Enterprise,USA,OTIF_ERP,ERP Definition,Finance,1,1,0.0,0.0,0.0,100.0,100.0,1,100.0,CHAINTRUTH
2026-02-01,SUP-041,Supplier 041,Germany,EMEA,0.64,PLT-07,Seoul Tech,South Korea,APAC,Government,Canada,OTIF_ERP,ERP Definition,Finance,1,1,0.0,0.0,100.0,100.0,0.0,1,100.0,CHAINTRUTH
2026-02-01,SUP-041,Supplier 041,Germany,EMEA,0.64,PLT-07,Seoul Tech,South Korea,APAC,Government,Germany,OTIF_ERP,ERP Definition,Finance,1,2,0.0,0.0,50.0,100.0,50.0,2,100.0,CHAINTRUTH
2026-02-01,SUP-041,Supplier 041,Germany,EMEA,0.64,PLT-03,Tokyo Precision,Japan,APAC,SMB,UK,OTIF_ERP,ERP Definition,Finance,1,1,0.0,0.0,0.0,100.0,100.0,1,100.0,CHAINTRUTH
2026-02-01,SUP-042,Supplier 042,USA,NA,0.91,PLT-05,Monterrey Plant,Mexico,LATAM,SMB,UK,OTIF_ERP,ERP Definition,Finance,1,1,0.0,0.0,100.0,100.0,0.0,1,100.0,CHAINTRUTH
2026-02-01,SUP-042,Supplier 042,USA,NA,0.91,PLT-01,Munich Center,Germany,EMEA,Enterprise,Japan,OTIF_ERP,ERP Definition,Finance,1,2,0.0,0.0,50.0,100.0,50.0,2,100.0,CHAINTRUTH
2026-02-01,SUP-042,Supplier 042,USA,NA,0.91,PLT-05,Monterrey Plant,Mexico,LATAM,Enterprise,France,OTIF_ERP,ERP Definition,Finance,1,1,100.0,100.0,100.0,100.0,100.0,0,0.0,CHAINTRUTH
2026-02-01,SUP-042,Supplier 042,USA,NA,0.91,PLT-03,Tokyo Precision,Japan,APAC,Government,Canada,OTIF_ERP,ERP Definition,Finance,1,1,0.0,0.0,100.0,100.0,100.0,1,100.0,CHAINTRUTH
2026-02-01,SUP-042,Supplier 042,USA,NA,0.91,PLT-07,Seoul Tech,South Korea,APAC,SMB,Singapore,OTIF_ERP,ERP Definition,Finance,2,2,50.0,50.0,50.0,100.0,100.0,1,50.0,CHAINTRUTH
2026-02-01,SUP-042,Supplier 042,USA,NA,0.91,PLT-02,Detroit Works,USA,NA,SMB,UK,OTIF_ERP,ERP Definition,Finance,2,2,0.0,50.0,50.0,100.0,50.0,2,100.0,CHAINTRUTH
2026-02-01,SUP-042,Supplier 042,USA,NA,0.91,PLT-09,Hanoi Assembly,Vietnam,APAC,Government,Canada,OTIF_ERP,ERP Definition,Finance,1,1,100.0,100.0,100.0,100.0,100.0,0,0.0,CHAINTRUTH
2026-02-01,SUP-043,Supplier 043,Japan,APAC,0.98,PLT-06,Sao Paulo Ops,Brazil,LATAM,Enterprise,Germany,OTIF_ERP,ERP Definition,Finance,1,1,0.0,0.0,100.0,100.0,100.0,1,100.0,CHAINTRUTH
2026-02-01,SUP-043,Supplier 043,Japan,APAC,0.98,PLT-08,Taipei Micro,Taiwan,APAC,SMB,UK,OTIF_ERP,ERP Definition,Finance,1,1,0.0,100.0,100.0,100.0,0.0,0,0.0,CHAINTRUTH
2026-02-01,SUP-043,Supplier 043,Japan,APAC,0.98,PLT-01,Munich Center,Germany,EMEA,SMB,Australia,OTIF_ERP,ERP Definition,Finance,1,2,50.0,50.0,100.0,100.0,50.0,1,50.0,CHAINTRUTH
2026-02-01,SUP-043,Supplier 043,Japan,APAC,0.98,PLT-04,Chennai Forge,India,APAC,Enterprise,USA,OTIF_ERP,ERP Definition,Finance,1,1,0.0,0.0,0.0,100.0,0.0,1,100.0,CHAINTRUTH
2026-02-01,SUP-043,Supplier 043,Japan,APAC,0.98,PLT-04,Chennai Forge,India,APAC,SMB,UK,OTIF_ERP,ERP Definition,Finance,1,1,0.0,0.0,0.0,100.0,100.0,1,100.0,CHAINTRUTH
2026-02-01,SUP-043,Supplier 043,Japan,APAC,0.98,PLT-08,Taipei Micro,Taiwan,APAC,SMB,Australia,OTIF_ERP,ERP Definition,Finance,1,2,0.0,0.0,50.0,100.0,50.0,2,100.0,CHAINTRUTH
2026-02-01,SUP-043,Supplier 043,Japan,APAC,0.98,PLT-06,Sao Paulo Ops,Brazil,LATAM,Enterprise,Singapore,OTIF_ERP,ERP Definition,Finance,1,1,0.0,0.0,100.0,100.0,100.0,1,100.0,CHAINTRUTH
2026-02-01,SUP-044,Supplier 044,India,APAC,0.55,PLT-07,Seoul Tech,South Korea,APAC,Enterprise,Singapore,OTIF_ERP,ERP Definition,Finance,1,1,0.0,0.0,100.0,100.0,100.0,1,100.0,CHAINTRUTH
2026-02-01,SUP-044,Supplier 044,India,APAC,0.55,PLT-08,Taipei Micro,Taiwan,APAC,SMB,Germany,OTIF_ERP,ERP Definition,Finance,1,2,0.0,0.0,0.0,100.0,50.0,2,100.0,CHAINTRUTH
2026-02-01,SUP-045,Supplier 045,Mexico,LATAM,0.92,PLT-02,Detroit Works,USA,NA,SMB,Germany,OTIF_ERP,ERP Definition,Finance,1,2,0.0,0.0,50.0,50.0,50.0,2,100.0,CHAINTRUTH
2026-02-01,SUP-045,Supplier 045,Mexico,LATAM,0.92,PLT-03,Tokyo Precision,Japan,APAC,SMB,Singapore,OTIF_ERP,ERP Definition,Finance,1,1,0.0,0.0,0.0,100.0,0.0,1,100.0,CHAINTRUTH
2026-02-01,SUP-045,Supplier 045,Mexico,LATAM,0.92,PLT-09,Hanoi Assembly,Vietnam,APAC,SMB,Japan,OTIF_ERP,ERP Definition,Finance,1,1,0.0,0.0,100.0,100.0,0.0,1,100.0,CHAINTRUTH
2026-02-01,SUP-045,Supplier 045,Mexico,LATAM,0.92,PLT-00,Shanghai Hub,China,APAC,SMB,Germany,OTIF_ERP,ERP Definition,Finance,1,1,0.0,0.0,100.0,100.0,0.0,1,100.0,CHAINTRUTH
2026-02-01,SUP-045,Supplier 045,Mexico,LATAM,0.92,PLT-04,Chennai Forge,India,APAC,SMB,France,OTIF_ERP,ERP Definition,Finance,1,1,0.0,0.0,100.0,100.0,100.0,1,100.0,CHAINTRUTH
2026-02-01,SUP-045,Supplier 045,Mexico,LATAM,0.92,PLT-01,Munich Center,Germany,EMEA,SMB,Australia,OTIF_ERP,ERP Definition,Finance,1,1,0.0,0.0,0.0,100.0,0.0,1,100.0,CHAINTRUTH
2026-02-01,SUP-045,Supplier 045,Mexico,LATAM,0.92,PLT-02,Detroit Works,USA,NA,SMB,Singapore,OTIF_ERP,ERP Definition,Finance,1,1,100.0,100.0,100.0,100.0,100.0,0,0.0,CHAINTRUTH
2026-02-01,SUP-045,Supplier 045,Mexico,LATAM,0.92,PLT-00,Shanghai Hub,China,APAC,SMB,Singapore,OTIF_ERP,ERP Definition,Finance,1,1,0.0,0.0,100.0,100.0,100.0,1,100.0,CHAINTRUTH
2026-02-01,SUP-045,Supplier 045,Mexico,LATAM,0.92,PLT-09,Hanoi Assembly,Vietnam,APAC,Enterprise,France,OTIF_ERP,ERP Definition,Finance,1,1,0.0,0.0,100.0,100.0,0.0,1,100.0,CHAINTRUTH
2026-02-01,SUP-046,Supplier 046,Brazil,LATAM,0.96,PLT-08,Taipei Micro,Taiwan,APAC,SMB,USA,OTIF_ERP,ERP Definition,Finance,1,2,0.0,0.0,0.0,100.0,50.0,2,100.0,CHAINTRUTH
2026-02-01,SUP-046,Supplier 046,Brazil,LATAM,0.96,PLT-08,Taipei Micro,Taiwan,APAC,SMB,France,OTIF_ERP,ERP Definition,Finance,1,1,0.0,0.0,100.0,100.0,100.0,1,100.0,CHAINTRUTH
2026-02-01,SUP-046,Supplier 046,Brazil,LATAM,0.96,PLT-02,Detroit Works,USA,NA,Government,France,OTIF_ERP,ERP Definition,Finance,1,1,100.0,100.0,100.0,100.0,100.0,0,0.0,CHAINTRUTH
2026-02-01,SUP-046,Supplier 046,Brazil,LATAM,0.96,PLT-03,Tokyo Precision,Japan,APAC,Enterprise,Australia,OTIF_ERP,ERP Definition,Finance,1,1,0.0,0.0,100.0,100.0,100.0,1,100.0,CHAINTRUTH
2026-02-01,SUP-046,Supplier 046,Brazil,LATAM,0.96,PLT-06,Sao Paulo Ops,Brazil,LATAM,SMB,Singapore,OTIF_ERP,ERP Definition,Finance,1,1,0.0,100.0,100.0,100.0,0.0,0,0.0,CHAINTRUTH
2026-02-01,SUP-047,Supplier 047,South Korea,APAC,0.59,PLT-02,Detroit Works,USA,NA,SMB,UK,OTIF_ERP,ERP Definition,Finance,1,1,0.0,100.0,100.0,100.0,0.0,0,0.0,CHAINTRUTH
2026-02-01,SUP-047,Supplier 047,South Korea,APAC,0.59,PLT-09,Hanoi Assembly,Vietnam,APAC,SMB,UK,OTIF_ERP,ERP Definition,Finance,1,1,0.0,0.0,0.0,100.0,100.0,1,100.0,CHAINTRUTH
2026-02-01,SUP-047,Supplier 047,South Korea,APAC,0.59,PLT-06,Sao Paulo Ops,Brazil,LATAM,SMB,Australia,OTIF_ERP,ERP Definition,Finance,1,1,0.0,0.0,100.0,100.0,100.0,1,100.0,CHAINTRUTH
2026-02-01,SUP-047,Supplier 047,South Korea,APAC,0.59,PLT-07,Seoul Tech,South Korea,APAC,SMB,Japan,OTIF_ERP,ERP Definition,Finance,1,1,0.0,0.0,0.0,100.0,0.0,1,100.0,CHAINTRUTH
2026-02-01,SUP-047,Supplier 047,South Korea,APAC,0.59,PLT-09,Hanoi Assembly,Vietnam,APAC,Enterprise,USA,OTIF_ERP,ERP Definition,Finance,1,1,0.0,0.0,0.0,100.0,100.0,1,100.0,CHAINTRUTH
2026-02-01,SUP-048,Supplier 048,Taiwan,APAC,0.54,PLT-03,Tokyo Precision,Japan,APAC,Enterprise,Japan,OTIF_ERP,ERP Definition,Finance,1,1,0.0,0.0,0.0,100.0,100.0,1,100.0,CHAINTRUTH
2026-02-01,SUP-048,Supplier 048,Taiwan,APAC,0.54,PLT-09,Hanoi Assembly,Vietnam,APAC,Government,USA,OTIF_ERP,ERP Definition,Finance,2,2,0.0,50.0,50.0,100.0,50.0,1,50.0,CHAINTRUTH
2026-02-01,SUP-048,Supplier 048,Taiwan,APAC,0.54,PLT-03,Tokyo Precision,Japan,APAC,Enterprise,USA,OTIF_ERP,ERP Definition,Finance,1,1,0.0,0.0,0.0,100.0,0.0,1,100.0,CHAINTRUTH
2026-02-01,SUP-048,Supplier 048,Taiwan,APAC,0.54,PLT-07,Seoul Tech,South Korea,APAC,Government,France,OTIF_ERP,ERP Definition,Finance,1,1,0.0,0.0,100.0,100.0,0.0,1,100.0,CHAINTRUTH
2026-02-01,SUP-049,Supplier 049,Vietnam,APAC,0.75,PLT-00,Shanghai Hub,China,APAC,Government,Germany,OTIF_ERP,ERP Definition,Finance,1,1,0.0,0.0,0.0,100.0,100.0,1,100.0,CHAINTRUTH
2026-02-01,SUP-049,Supplier 049,Vietnam,APAC,0.75,PLT-09,Hanoi Assembly,Vietnam,APAC,SMB,UK,OTIF_ERP,ERP Definition,Finance,1,1,0.0,0.0,100.0,100.0,0.0,1,100.0,CHAINTRUTH
2026-02-01,SUP-049,Supplier 049,Vietnam,APAC,0.75,PLT-06,Sao Paulo Ops,Brazil,LATAM,SMB,Japan,OTIF_ERP,ERP Definition,Finance,1,1,0.0,0.0,0.0,100.0,100.0,1,100.0,CHAINTRUTH
2026-02-01,SUP-049,Supplier 049,Vietnam,APAC,0.75,PLT-06,Sao Paulo Ops,Brazil,LATAM,SMB,Singapore,OTIF_ERP,ERP Definition,Finance,1,1,0.0,0.0,0.0,100.0,0.0,1,100.0,CHAINTRUTH
2026-02-01,SUP-049,Supplier 049,Vietnam,APAC,0.75,PLT-08,Taipei Micro,Taiwan,APAC,SMB,UK,OTIF_ERP,ERP Definition,Finance,1,1,0.0,0.0,100.0,100.0,100.0,1,100.0,CHAINTRUTH
2026-03-01,SUP-000,Supplier 000,China,APAC,0.85,PLT-04,Chennai Forge,India,APAC,SMB,France,OTIF_ERP,ERP Definition,Finance,1,1,0.0,0.0,100.0,100.0,0.0,1,100.0,CHAINTRUTH
2026-03-01,SUP-000,Supplier 000,China,APAC,0.85,PLT-03,Tokyo Precision,Japan,APAC,SMB,UK,OTIF_ERP,ERP Definition,Finance,1,1,0.0,0.0,0.0,100.0,100.0,1,100.0,CHAINTRUTH
2026-03-01,SUP-000,Supplier 000,China,APAC,0.85,PLT-02,Detroit Works,USA,NA,SMB,Australia,OTIF_ERP,ERP Definition,Finance,1,2,0.0,0.0,100.0,100.0,0.0,2,100.0,CHAINTRUTH
2026-03-01,SUP-000,Supplier 000,China,APAC,0.85,PLT-09,Hanoi Assembly,Vietnam,APAC,Enterprise,Japan,OTIF_ERP,ERP Definition,Finance,1,2,0.0,0.0,0.0,100.0,50.0,2,100.0,CHAINTRUTH
2026-03-01,SUP-000,Supplier 000,China,APAC,0.85,PLT-02,Detroit Works,USA,NA,SMB,UK,OTIF_ERP,ERP Definition,Finance,1,2,0.0,0.0,0.0,100.0,50.0,2,100.0,CHAINTRUTH
2026-03-01,SUP-001,Supplier 001,Germany,EMEA,0.7,PLT-07,Seoul Tech,South Korea,APAC,Government,UK,OTIF_ERP,ERP Definition,Finance,1,1,0.0,0.0,100.0,100.0,0.0,1,100.0,CHAINTRUTH
2026-03-01,SUP-001,Supplier 001,Germany,EMEA,0.7,PLT-01,Munich Center,Germany,EMEA,Government,Germany,OTIF_ERP,ERP Definition,Finance,1,2,0.0,0.0,50.0,100.0,0.0,2,100.0,CHAINTRUTH
2026-03-01,SUP-001,Supplier 001,Germany,EMEA,0.7,PLT-03,Tokyo Precision,Japan,APAC,Enterprise,France,OTIF_ERP,ERP Definition,Finance,1,2,0.0,0.0,50.0,100.0,50.0,2,100.0,CHAINTRUTH
2026-03-01,SUP-001,Supplier 001,Germany,EMEA,0.7,PLT-01,Munich Center,Germany,EMEA,Enterprise,Canada,OTIF_ERP,ERP Definition,Finance,1,1,0.0,0.0,0.0,100.0,100.0,1,100.0,CHAINTRUTH
2026-03-01,SUP-002,Supplier 002,USA,NA,0.74,PLT-05,Monterrey Plant,Mexico,LATAM,Enterprise,Singapore,OTIF_ERP,ERP Definition,Finance,1,1,0.0,100.0,100.0,100.0,0.0,0,0.0,CHAINTRUTH
2026-03-01,SUP-002,Supplier 002,USA,NA,0.74,PLT-09,Hanoi Assembly,Vietnam,APAC,Government,Singapore,OTIF_ERP,ERP Definition,Finance,1,1,0.0,0.0,100.0,100.0,100.0,1,100.0,CHAINTRUTH
2026-03-01,SUP-002,Supplier 002,USA,NA,0.74,PLT-00,Shanghai Hub,China,APAC,Enterprise,USA,OTIF_ERP,ERP Definition,Finance,1,1,0.0,0.0,0.0,100.0,100.0,1,100.0,CHAINTRUTH
2026-03-01,SUP-003,Supplier 003,Japan,APAC,0.64,PLT-01,Munich Center,Germany,EMEA,SMB,Singapore,OTIF_ERP,ERP Definition,Finance,1,2,0.0,0.0,50.0,50.0,0.0,2,100.0,CHAINTRUTH
2026-03-01,SUP-003,Supplier 003,Japan,APAC,0.64,PLT-09,Hanoi Assembly,Vietnam,APAC,Enterprise,Singapore,OTIF_ERP,ERP Definition,Finance,1,1,0.0,0.0,100.0,100.0,0.0,1,100.0,CHAINTRUTH
2026-03-01,SUP-003,Supplier 003,Japan,APAC,0.64,PLT-08,Taipei Micro,Taiwan,APAC,SMB,Australia,OTIF_ERP,ERP Definition,Finance,1,1,0.0,0.0,0.0,100.0,0.0,1,100.0,CHAINTRUTH
2026-03-01,SUP-003,Supplier 003,Japan,APAC,0.64,PLT-08,Taipei Micro,Taiwan,APAC,SMB,UK,OTIF_ERP,ERP Definition,Finance,1,1,0.0,0.0,0.0,100.0,100.0,1,100.0,CHAINTRUTH
2026-03-01,SUP-003,Supplier 003,Japan,APAC,0.64,PLT-05,Monterrey Plant,Mexico,LATAM,SMB,Germany,OTIF_ERP,ERP Definition,Finance,1,1,0.0,0.0,100.0,100.0,100.0,1,100.0,CHAINTRUTH
2026-03-01,SUP-003,Supplier 003,Japan,APAC,0.64,PLT-07,Seoul Tech,South Korea,APAC,Enterprise,Japan,OTIF_ERP,ERP Definition,Finance,1,1,0.0,0.0,0.0,100.0,0.0,1,100.0,CHAINTRUTH
2026-03-01,SUP-004,Supplier 004,India,APAC,0.69,PLT-03,Tokyo Precision,Japan,APAC,SMB,USA,OTIF_ERP,ERP Definition,Finance,1,1,0.0,0.0,0.0,100.0,100.0,1,100.0,CHAINTRUTH
2026-03-01,SUP-004,Supplier 004,India,APAC,0.69,PLT-09,Hanoi Assembly,Vietnam,APAC,SMB,Germany,OTIF_ERP,ERP Definition,Finance,1,1,0.0,0.0,0.0,100.0,100.0,1,100.0,CHAINTRUTH
2026-03-01,SUP-004,Supplier 004,India,APAC,0.69,PLT-06,Sao Paulo Ops,Brazil,LATAM,Government,Singapore,OTIF_ERP,ERP Definition,Finance,1,1,0.0,0.0,0.0,100.0,100.0,1,100.0,CHAINTRUTH
2026-03-01,SUP-004,Supplier 004,India,APAC,0.69,PLT-03,Tokyo Precision,Japan,APAC,SMB,Canada,OTIF_ERP,ERP Definition,Finance,1,1,0.0,0.0,0.0,100.0,0.0,1,100.0,CHAINTRUTH
2026-03-01,SUP-004,Supplier 004,India,APAC,0.69,PLT-05,Monterrey Plant,Mexico,LATAM,Government,Canada,OTIF_ERP,ERP Definition,Finance,1,1,0.0,0.0,100.0,100.0,100.0,1,100.0,CHAINTRUTH
2026-03-01,SUP-004,Supplier 004,India,APAC,0.69,PLT-04,Chennai Forge,India,APAC,SMB,Germany,OTIF_ERP,ERP Definition,Finance,1,1,0.0,0.0,0.0,100.0,0.0,1,100.0,CHAINTRUTH
2026-03-01,SUP-005,Supplier 005,Mexico,LATAM,0.77,PLT-09,Hanoi Assembly,Vietnam,APAC,SMB,Germany,OTIF_ERP,ERP Definition,Finance,1,1,0.0,0.0,0.0,100.0,100.0,1,100.0,CHAINTRUTH
2026-03-01,SUP-005,Supplier 005,Mexico,LATAM,0.77,PLT-03,Tokyo Precision,Japan,APAC,Enterprise,Canada,OTIF_ERP,ERP Definition,Finance,1,1,0.0,0.0,100.0,100.0,100.0,1,100.0,CHAINTRUTH
2026-03-01,SUP-005,Supplier 005,Mexico,LATAM,0.77,PLT-04,Chennai Forge,India,APAC,Enterprise,Canada,OTIF_ERP,ERP Definition,Finance,1,1,0.0,0.0,0.0,100.0,100.0,1,100.0,CHAINTRUTH
2026-03-01,SUP-006,Supplier 006,Brazil,LATAM,0.61,PLT-00,Shanghai Hub,China,APAC,Government,Australia,OTIF_ERP,ERP Definition,Finance,1,1,0.0,0.0,0.0,100.0,100.0,1,100.0,CHAINTRUTH
2026-03-01,SUP-006,Supplier 006,Brazil,LATAM,0.61,PLT-01,Munich Center,Germany,EMEA,Government,France,OTIF_ERP,ERP Definition,Finance,1,1,0.0,0.0,0.0,100.0,100.0,1,100.0,CHAINTRUTH
2026-03-01,SUP-006,Supplier 006,Brazil,LATAM,0.61,PLT-05,Monterrey Plant,Mexico,LATAM,Government,France,OTIF_ERP,ERP Definition,Finance,1,1,0.0,0.0,0.0,100.0,100.0,1,100.0,CHAINTRUTH
2026-03-01,SUP-006,Supplier 006,Brazil,LATAM,0.61,PLT-01,Munich Center,Germany,EMEA,SMB,USA,OTIF_ERP,ERP Definition,Finance,1,1,0.0,0.0,0.0,100.0,100.0,1,100.0,CHAINTRUTH
2026-03-01,SUP-006,Supplier 006,Brazil,LATAM,0.61,PLT-05,Monterrey Plant,Mexico,LATAM,Enterprise,Japan,OTIF_ERP,ERP Definition,Finance,1,1,0.0,0.0,0.0,100.0,0.0,1,100.0,CHAINTRUTH
2026-03-01,SUP-006,Supplier 006,Brazil,LATAM,0.61,PLT-08,Taipei Micro,Taiwan,APAC,Enterprise,Japan,OTIF_ERP,ERP Definition,Finance,1,1,0.0,0.0,0.0,100.0,100.0,1,100.0,CHAINTRUTH
2026-03-01,SUP-006,Supplier 006,Brazil,LATAM,0.61,PLT-03,Tokyo Precision,Japan,APAC,SMB,Australia,OTIF_ERP,ERP Definition,Finance,1,1,0.0,0.0,0.0,100.0,0.0,1,100.0,CHAINTRUTH
2026-03-01,SUP-006,Supplier 006,Brazil,LATAM,0.61,PLT-08,Taipei Micro,Taiwan,APAC,Enterprise,USA,OTIF_ERP,ERP Definition,Finance,1,1,0.0,0.0,0.0,100.0,100.0,1,100.0,CHAINTRUTH
2026-03-01,SUP-007,Supplier 007,South Korea,APAC,0.84,PLT-05,Monterrey Plant,Mexico,LATAM,SMB,France,OTIF_ERP,ERP Definition,Finance,1,1,0.0,0.0,0.0,100.0,100.0,1,100.0,CHAINTRUTH
2026-03-01,SUP-007,Supplier 007,South Korea,APAC,0.84,PLT-04,Chennai Forge,India,APAC,SMB,Singapore,OTIF_ERP,ERP Definition,Finance,1,1,0.0,0.0,100.0,100.0,0.0,1,100.0,CHAINTRUTH
2026-03-01,SUP-007,Supplier 007,South Korea,APAC,0.84,PLT-08,Taipei Micro,Taiwan,APAC,SMB,Germany,OTIF_ERP,ERP Definition,Finance,1,2,0.0,0.0,100.0,100.0,50.0,2,100.0,CHAINTRUTH
2026-03-01,SUP-008,Supplier 008,Taiwan,APAC,0.73,PLT-03,Tokyo Precision,Japan,APAC,SMB,Singapore,OTIF_ERP,ERP Definition,Finance,1,1,0.0,0.0,100.0,100.0,100.0,1,100.0,CHAINTRUTH
2026-03-01,SUP-008,Supplier 008,Taiwan,APAC,0.73,PLT-01,Munich Center,Germany,EMEA,SMB,France,OTIF_ERP,ERP Definition,Finance,1,1,0.0,0.0,0.0,100.0,100.0,1,100.0,CHAINTRUTH
2026-03-01,SUP-008,Supplier 008,Taiwan,APAC,0.73,PLT-01,Munich Center,Germany,EMEA,Enterprise,Japan,OTIF_ERP,ERP Definition,Finance,1,1,0.0,0.0,100.0,100.0,100.0,1,100.0,CHAINTRUTH
2026-03-01,SUP-008,Supplier 008,Taiwan,APAC,0.73,PLT-09,Hanoi Assembly,Vietnam,APAC,SMB,Canada,OTIF_ERP,ERP Definition,Finance,1,1,0.0,0.0,100.0,100.0,100.0,1,100.0,CHAINTRUTH
2026-03-01,SUP-008,Supplier 008,Taiwan,APAC,0.73,PLT-08,Taipei Micro,Taiwan,APAC,SMB,Australia,OTIF_ERP,ERP Definition,Finance,1,1,0.0,0.0,100.0,100.0,0.0,1,100.0,CHAINTRUTH
2026-03-01,SUP-008,Supplier 008,Taiwan,APAC,0.73,PLT-09,Hanoi Assembly,Vietnam,APAC,SMB,UK,OTIF_ERP,ERP Definition,Finance,1,1,0.0,0.0,0.0,100.0,0.0,1,100.0,CHAINTRUTH
2026-03-01,SUP-008,Supplier 008,Taiwan,APAC,0.73,PLT-06,Sao Paulo Ops,Brazil,LATAM,SMB,UK,OTIF_ERP,ERP Definition,Finance,1,1,0.0,0.0,0.0,100.0,0.0,1,100.0,CHAINTRUTH
2026-03-01,SUP-009,Supplier 009,Vietnam,APAC,1.0,PLT-00,Shanghai Hub,China,APAC,SMB,France,OTIF_ERP,ERP Definition,Finance,1,1,0.0,0.0,100.0,100.0,100.0,1,100.0,CHAINTRUTH
2026-03-01,SUP-009,Supplier 009,Vietnam,APAC,1.0,PLT-07,Seoul Tech,South Korea,APAC,SMB,UK,OTIF_ERP,ERP Definition,Finance,1,1,0.0,0.0,0.0,100.0,100.0,1,100.0,CHAINTRUTH
2026-03-01,SUP-009,Supplier 009,Vietnam,APAC,1.0,PLT-09,Hanoi Assembly,Vietnam,APAC,Government,UK,OTIF_ERP,ERP Definition,Finance,1,1,0.0,0.0,0.0,100.0,0.0,1,100.0,CHAINTRUTH
2026-03-01,SUP-009,Supplier 009,Vietnam,APAC,1.0,PLT-08,Taipei Micro,Taiwan,APAC,Enterprise,USA,OTIF_ERP,ERP Definition,Finance,2,3,0.0,0.0,66.67,100.0,33.33,3,100.0,CHAINTRUTH
2026-03-01,SUP-009,Supplier 009,Vietnam,APAC,1.0,PLT-08,Taipei Micro,Taiwan,APAC,Government,Japan,OTIF_ERP,ERP Definition,Finance,1,1,0.0,0.0,100.0,100.0,100.0,1,100.0,CHAINTRUTH
2026-03-01,SUP-009,Supplier 009,Vietnam,APAC,1.0,PLT-01,Munich Center,Germany,EMEA,SMB,Australia,OTIF_ERP,ERP Definition,Finance,1,1,0.0,100.0,100.0,100.0,0.0,0,0.0,CHAINTRUTH
2026-03-01,SUP-009,Supplier 009,Vietnam,APAC,1.0,PLT-01,Munich Center,Germany,EMEA,Enterprise,Japan,OTIF_ERP,ERP Definition,Finance,1,1,0.0,0.0,100.0,100.0,100.0,1,100.0,CHAINTRUTH
2026-03-01,SUP-009,Supplier 009,Vietnam,APAC,1.0,PLT-04,Chennai Forge,India,APAC,Enterprise,France,OTIF_ERP,ERP Definition,Finance,1,1,0.0,0.0,100.0,100.0,0.0,1,100.0,CHAINTRUTH
2026-03-01,SUP-009,Supplier 009,Vietnam,APAC,1.0,PLT-06,Sao Paulo Ops,Brazil,LATAM,Enterprise,USA,OTIF_ERP,ERP Definition,Finance,1,1,0.0,100.0,100.0,100.0,0.0,0,0.0,CHAINTRUTH
2026-03-01,SUP-009,Supplier 009,Vietnam,APAC,1.0,PLT-01,Munich Center,Germany,EMEA,Enterprise,Singapore,OTIF_ERP,ERP Definition,Finance,1,2,50.0,50.0,50.0,100.0,50.0,1,50.0,CHAINTRUTH
2026-03-01,SUP-010,Supplier 010,China,APAC,0.76,PLT-02,Detroit Works,USA,NA,Government,France,OTIF_ERP,ERP Definition,Finance,1,2,50.0,50.0,50.0,100.0,50.0,1,50.0,CHAINTRUTH
2026-03-01,SUP-010,Supplier 010,China,APAC,0.76,PLT-07,Seoul Tech,South Korea,APAC,SMB,USA,OTIF_ERP,ERP Definition,Finance,1,2,0.0,0.0,50.0,100.0,50.0,2,100.0,CHAINTRUTH
2026-03-01,SUP-010,Supplier 010,China,APAC,0.76,PLT-01,Munich Center,Germany,EMEA,Government,Germany,OTIF_ERP,ERP Definition,Finance,1,2,0.0,0.0,50.0,100.0,50.0,2,100.0,CHAINTRUTH
2026-03-01,SUP-010,Supplier 010,China,APAC,0.76,PLT-08,Taipei Micro,Taiwan,APAC,SMB,Australia,OTIF_ERP,ERP Definition,Finance,1,2,0.0,0.0,50.0,100.0,0.0,2,100.0,CHAINTRUTH
2026-03-01,SUP-010,Supplier 010,China,APAC,0.76,PLT-08,Taipei Micro,Taiwan,APAC,Government,Germany,OTIF_ERP,ERP Definition,Finance,1,1,0.0,0.0,0.0,100.0,100.0,1,100.0,CHAINTRUTH
2026-03-01,SUP-010,Supplier 010,China,APAC,0.76,PLT-00,Shanghai Hub,China,APAC,SMB,Australia,OTIF_ERP,ERP Definition,Finance,1,1,0.0,0.0,100.0,100.0,100.0,1,100.0,CHAINTRUTH
2026-03-01,SUP-011,Supplier 011,Germany,EMEA,0.53,PLT-07,Seoul Tech,South Korea,APAC,SMB,Australia,OTIF_ERP,ERP Definition,Finance,1,1,100.0,100.0,100.0,100.0,100.0,0,0.0,CHAINTRUTH
2026-03-01,SUP-011,Supplier 011,Germany,EMEA,0.53,PLT-07,Seoul Tech,South Korea,APAC,Enterprise,Japan,OTIF_ERP,ERP Definition,Finance,1,1,0.0,0.0,0.0,100.0,100.0,1,100.0,CHAINTRUTH
2026-03-01,SUP-011,Supplier 011,Germany,EMEA,0.53,PLT-09,Hanoi Assembly,Vietnam,APAC,SMB,USA,OTIF_ERP,ERP Definition,Finance,1,2,0.0,0.0,50.0,100.0,50.0,2,100.0,CHAINTRUTH
2026-03-01,SUP-011,Supplier 011,Germany,EMEA,0.53,PLT-06,Sao Paulo Ops,Brazil,LATAM,Government,Germany,OTIF_ERP,ERP Definition,Finance,1,2,0.0,0.0,0.0,100.0,0.0,2,100.0,CHAINTRUTH
2026-03-01,SUP-012,Supplier 012,USA,NA,0.66,PLT-07,Seoul Tech,South Korea,APAC,Enterprise,Australia,OTIF_ERP,ERP Definition,Finance,1,2,0.0,50.0,100.0,100.0,0.0,1,50.0,CHAINTRUTH
2026-03-01,SUP-012,Supplier 012,USA,NA,0.66,PLT-02,Detroit Works,USA,NA,Enterprise,Japan,OTIF_ERP,ERP Definition,Finance,1,1,0.0,0.0,0.0,100.0,100.0,1,100.0,CHAINTRUTH
2026-03-01,SUP-012,Supplier 012,USA,NA,0.66,PLT-02,Detroit Works,USA,NA,Enterprise,Germany,OTIF_ERP,ERP Definition,Finance,1,2,0.0,0.0,0.0,100.0,50.0,2,100.0,CHAINTRUTH
2026-03-01,SUP-012,Supplier 012,USA,NA,0.66,PLT-09,Hanoi Assembly,Vietnam,APAC,Enterprise,France,OTIF_ERP,ERP Definition,Finance,1,2,0.0,0.0,100.0,100.0,0.0,2,100.0,CHAINTRUTH
2026-03-01,SUP-012,Supplier 012,USA,NA,0.66,PLT-02,Detroit Works,USA,NA,SMB,France,OTIF_ERP,ERP Definition,Finance,1,1,0.0,0.0,0.0,100.0,100.0,1,100.0,CHAINTRUTH
2026-03-01,SUP-012,Supplier 012,USA,NA,0.66,PLT-01,Munich Center,Germany,EMEA,Enterprise,Germany,OTIF_ERP,ERP Definition,Finance,1,2,0.0,50.0,50.0,100.0,0.0,1,50.0,CHAINTRUTH
2026-03-01,SUP-012,Supplier 012,USA,NA,0.66,PLT-07,Seoul Tech,South Korea,APAC,Government,Germany,OTIF_ERP,ERP Definition,Finance,1,2,0.0,0.0,100.0,100.0,50.0,2,100.0,CHAINTRUTH
2026-03-01,SUP-012,Supplier 012,USA,NA,0.66,PLT-06,Sao Paulo Ops,Brazil,LATAM,SMB,Japan,OTIF_ERP,ERP Definition,Finance,1,1,0.0,0.0,0.0,100.0,100.0,1,100.0,CHAINTRUTH
2026-03-01,SUP-012,Supplier 012,USA,NA,0.66,PLT-01,Munich Center,Germany,EMEA,Government,USA,OTIF_ERP,ERP Definition,Finance,1,1,0.0,0.0,0.0,100.0,100.0,1,100.0,CHAINTRUTH
2026-03-01,SUP-013,Supplier 013,Japan,APAC,0.89,PLT-00,Shanghai Hub,China,APAC,Enterprise,Japan,OTIF_ERP,ERP Definition,Finance,1,1,0.0,0.0,100.0,100.0,0.0,1,100.0,CHAINTRUTH
2026-03-01,SUP-013,Supplier 013,Japan,APAC,0.89,PLT-02,Detroit Works,USA,NA,SMB,UK,OTIF_ERP,ERP Definition,Finance,1,1,0.0,0.0,0.0,100.0,100.0,1,100.0,CHAINTRUTH
2026-03-01,SUP-013,Supplier 013,Japan,APAC,0.89,PLT-08,Taipei Micro,Taiwan,APAC,Enterprise,USA,OTIF_ERP,ERP Definition,Finance,1,1,0.0,0.0,0.0,100.0,0.0,1,100.0,CHAINTRUTH
2026-03-01,SUP-013,Supplier 013,Japan,APAC,0.89,PLT-09,Hanoi Assembly,Vietnam,APAC,SMB,Canada,OTIF_ERP,ERP Definition,Finance,1,1,0.0,0.0,100.0,100.0,100.0,1,100.0,CHAINTRUTH
2026-03-01,SUP-013,Supplier 013,Japan,APAC,0.89,PLT-07,Seoul Tech,South Korea,APAC,SMB,Australia,OTIF_ERP,ERP Definition,Finance,1,1,0.0,0.0,0.0,100.0,100.0,1,100.0,CHAINTRUTH
2026-03-01,SUP-013,Supplier 013,Japan,APAC,0.89,PLT-07,Seoul Tech,South Korea,APAC,SMB,Singapore,OTIF_ERP,ERP Definition,Finance,1,1,0.0,0.0,100.0,100.0,0.0,1,100.0,CHAINTRUTH
2026-03-01,SUP-013,Supplier 013,Japan,APAC,0.89,PLT-02,Detroit Works,USA,NA,Government,France,OTIF_ERP,ERP Definition,Finance,1,2,0.0,0.0,50.0,100.0,50.0,2,100.0,CHAINTRUTH
2026-03-01,SUP-014,Supplier 014,India,APAC,0.95,PLT-02,Detroit Works,USA,NA,Enterprise,Australia,OTIF_ERP,ERP Definition,Finance,1,2,0.0,50.0,100.0,100.0,0.0,1,50.0,CHAINTRUTH
2026-03-01,SUP-014,Supplier 014,India,APAC,0.95,PLT-01,Munich Center,Germany,EMEA,Government,Australia,OTIF_ERP,ERP Definition,Finance,1,1,100.0,100.0,100.0,100.0,100.0,0,0.0,CHAINTRUTH
2026-03-01,SUP-014,Supplier 014,India,APAC,0.95,PLT-07,Seoul Tech,South Korea,APAC,Government,Australia,OTIF_ERP,ERP Definition,Finance,1,1,0.0,0.0,0.0,100.0,0.0,1,100.0,CHAINTRUTH
2026-03-01,SUP-014,Supplier 014,India,APAC,0.95,PLT-03,Tokyo Precision,Japan,APAC,SMB,UK,OTIF_ERP,ERP Definition,Finance,1,1,0.0,0.0,0.0,100.0,100.0,1,100.0,CHAINTRUTH
2026-03-01,SUP-014,Supplier 014,India,APAC,0.95,PLT-05,Monterrey Plant,Mexico,LATAM,SMB,Germany,OTIF_ERP,ERP Definition,Finance,1,1,0.0,0.0,0.0,100.0,100.0,1,100.0,CHAINTRUTH
2026-03-01,SUP-015,Supplier 015,Mexico,LATAM,0.75,PLT-09,Hanoi Assembly,Vietnam,APAC,SMB,UK,OTIF_ERP,ERP Definition,Finance,1,1,0.0,0.0,0.0,100.0,0.0,1,100.0,CHAINTRUTH
2026-03-01,SUP-015,Supplier 015,Mexico,LATAM,0.75,PLT-08,Taipei Micro,Taiwan,APAC,SMB,Japan,OTIF_ERP,ERP Definition,Finance,1,2,0.0,0.0,100.0,100.0,0.0,2,100.0,CHAINTRUTH
2026-03-01,SUP-015,Supplier 015,Mexico,LATAM,0.75,PLT-08,Taipei Micro,Taiwan,APAC,Government,USA,OTIF_ERP,ERP Definition,Finance,1,1,0.0,0.0,100.0,100.0,100.0,1,100.0,CHAINTRUTH
2026-03-01,SUP-015,Supplier 015,Mexico,LATAM,0.75,PLT-08,Taipei Micro,Taiwan,APAC,SMB,USA,OTIF_ERP,ERP Definition,Finance,1,1,0.0,0.0,0.0,100.0,100.0,1,100.0,CHAINTRUTH
2026-03-01,SUP-015,Supplier 015,Mexico,LATAM,0.75,PLT-00,Shanghai Hub,China,APAC,SMB,France,OTIF_ERP,ERP Definition,Finance,1,1,0.0,0.0,100.0,100.0,100.0,1,100.0,CHAINTRUTH
2026-03-01,SUP-015,Supplier 015,Mexico,LATAM,0.75,PLT-02,Detroit Works,USA,NA,SMB,Canada,OTIF_ERP,ERP Definition,Finance,1,1,0.0,0.0,0.0,100.0,100.0,1,100.0,CHAINTRUTH
2026-03-01,SUP-015,Supplier 015,Mexico,LATAM,0.75,PLT-02,Detroit Works,USA,NA,Enterprise,Canada,OTIF_ERP,ERP Definition,Finance,1,1,0.0,0.0,0.0,100.0,100.0,1,100.0,CHAINTRUTH
2026-03-01,SUP-016,Supplier 016,Brazil,LATAM,0.66,PLT-01,Munich Center,Germany,EMEA,Enterprise,France,OTIF_ERP,ERP Definition,Finance,1,1,0.0,0.0,100.0,100.0,100.0,1,100.0,CHAINTRUTH
2026-03-01,SUP-016,Supplier 016,Brazil,LATAM,0.66,PLT-06,Sao Paulo Ops,Brazil,LATAM,Government,Germany,OTIF_ERP,ERP Definition,Finance,1,1,0.0,0.0,0.0,100.0,0.0,1,100.0,CHAINTRUTH
2026-03-01,SUP-016,Supplier 016,Brazil,LATAM,0.66,PLT-05,Monterrey Plant,Mexico,LATAM,SMB,Singapore,OTIF_ERP,ERP Definition,Finance,1,1,0.0,0.0,0.0,100.0,100.0,1,100.0,CHAINTRUTH
2026-03-01,SUP-016,Supplier 016,Brazil,LATAM,0.66,PLT-03,Tokyo Precision,Japan,APAC,Government,Australia,OTIF_ERP,ERP Definition,Finance,1,2,0.0,0.0,50.0,100.0,0.0,2,100.0,CHAINTRUTH
2026-03-01,SUP-016,Supplier 016,Brazil,LATAM,0.66,PLT-04,Chennai Forge,India,APAC,SMB,Germany,OTIF_ERP,ERP Definition,Finance,1,1,0.0,0.0,100.0,100.0,100.0,1,100.0,CHAINTRUTH
2026-03-01,SUP-016,Supplier 016,Brazil,LATAM,0.66,PLT-09,Hanoi Assembly,Vietnam,APAC,Enterprise,France,OTIF_ERP,ERP Definition,Finance,2,3,0.0,0.0,0.0,100.0,66.67,3,100.0,CHAINTRUTH
2026-03-01,SUP-017,Supplier 017,South Korea,APAC,0.89,PLT-01,Munich Center,Germany,EMEA,SMB,Japan,OTIF_ERP,ERP Definition,Finance,1,2,50.0,50.0,50.0,100.0,50.0,1,50.0,CHAINTRUTH
2026-03-01,SUP-017,Supplier 017,South Korea,APAC,0.89,PLT-06,Sao Paulo Ops,Brazil,LATAM,Government,Singapore,OTIF_ERP,ERP Definition,Finance,1,1,0.0,0.0,0.0,100.0,0.0,1,100.0,CHAINTRUTH
2026-03-01,SUP-017,Supplier 017,South Korea,APAC,0.89,PLT-04,Chennai Forge,India,APAC,SMB,Australia,OTIF_ERP,ERP Definition,Finance,1,1,0.0,0.0,100.0,100.0,100.0,1,100.0,CHAINTRUTH
2026-03-01,SUP-017,Supplier 017,South Korea,APAC,0.89,PLT-02,Detroit Works,USA,NA,SMB,Singapore,OTIF_ERP,ERP Definition,Finance,1,1,0.0,100.0,100.0,100.0,0.0,0,0.0,CHAINTRUTH
2026-03-01,SUP-018,Supplier 018,Taiwan,APAC,0.75,PLT-00,Shanghai Hub,China,APAC,SMB,Australia,OTIF_ERP,ERP Definition,Finance,1,1,0.0,0.0,100.0,100.0,100.0,1,100.0,CHAINTRUTH
2026-03-01,SUP-018,Supplier 018,Taiwan,APAC,0.75,PLT-02,Detroit Works,USA,NA,Enterprise,USA,OTIF_ERP,ERP Definition,Finance,1,1,0.0,0.0,0.0,100.0,0.0,1,100.0,CHAINTRUTH
2026-03-01,SUP-018,Supplier 018,Taiwan,APAC,0.75,PLT-06,Sao Paulo Ops,Brazil,LATAM,Enterprise,Germany,OTIF_ERP,ERP Definition,Finance,1,1,0.0,0.0,0.0,100.0,100.0,1,100.0,CHAINTRUTH
2026-03-01,SUP-018,Supplier 018,Taiwan,APAC,0.75,PLT-03,Tokyo Precision,Japan,APAC,SMB,Germany,OTIF_ERP,ERP Definition,Finance,1,1,0.0,0.0,0.0,100.0,100.0,1,100.0,CHAINTRUTH
2026-03-01,SUP-018,Supplier 018,Taiwan,APAC,0.75,PLT-04,Chennai Forge,India,APAC,SMB,France,OTIF_ERP,ERP Definition,Finance,1,1,0.0,0.0,0.0,100.0,0.0,1,100.0,CHAINTRUTH
2026-03-01,SUP-019,Supplier 019,Vietnam,APAC,0.57,PLT-09,Hanoi Assembly,Vietnam,APAC,Government,USA,OTIF_ERP,ERP Definition,Finance,1,1,0.0,0.0,0.0,100.0,100.0,1,100.0,CHAINTRUTH
2026-03-01,SUP-019,Supplier 019,Vietnam,APAC,0.57,PLT-00,Shanghai Hub,China,APAC,SMB,Germany,OTIF_ERP,ERP Definition,Finance,1,1,0.0,0.0,100.0,100.0,100.0,1,100.0,CHAINTRUTH
2026-03-01,SUP-019,Supplier 019,Vietnam,APAC,0.57,PLT-03,Tokyo Precision,Japan,APAC,Government,Germany,OTIF_ERP,ERP Definition,Finance,1,1,100.0,100.0,100.0,100.0,100.0,0,0.0,CHAINTRUTH
2026-03-01,SUP-020,Supplier 020,China,APAC,0.6,PLT-08,Taipei Micro,Taiwan,APAC,SMB,USA,OTIF_ERP,ERP Definition,Finance,1,1,0.0,0.0,100.0,100.0,100.0,1,100.0,CHAINTRUTH
2026-03-01,SUP-020,Supplier 020,China,APAC,0.6,PLT-06,Sao Paulo Ops,Brazil,LATAM,Enterprise,Canada,OTIF_ERP,ERP Definition,Finance,1,1,0.0,0.0,100.0,100.0,0.0,1,100.0,CHAINTRUTH
2026-03-01,SUP-020,Supplier 020,China,APAC,0.6,PLT-01,Munich Center,Germany,EMEA,Enterprise,USA,OTIF_ERP,ERP Definition,Finance,1,1,0.0,0.0,100.0,100.0,100.0,1,100.0,CHAINTRUTH
2026-03-01,SUP-020,Supplier 020,China,APAC,0.6,PLT-04,Chennai Forge,India,APAC,SMB,France,OTIF_ERP,ERP Definition,Finance,1,1,0.0,0.0,0.0,100.0,100.0,1,100.0,CHAINTRUTH
2026-03-01,SUP-020,Supplier 020,China,APAC,0.6,PLT-04,Chennai Forge,India,APAC,Government,Canada,OTIF_ERP,ERP Definition,Finance,1,1,0.0,0.0,100.0,100.0,100.0,1,100.0,CHAINTRUTH
2026-03-01,SUP-020,Supplier 020,China,APAC,0.6,PLT-06,Sao Paulo Ops,Brazil,LATAM,SMB,UK,OTIF_ERP,ERP Definition,Finance,1,2,0.0,0.0,100.0,100.0,50.0,2,100.0,CHAINTRUTH
2026-03-01,SUP-021,Supplier 021,Germany,EMEA,0.75,PLT-04,Chennai Forge,India,APAC,Government,USA,OTIF_ERP,ERP Definition,Finance,1,1,0.0,0.0,0.0,100.0,100.0,1,100.0,CHAINTRUTH
2026-03-01,SUP-021,Supplier 021,Germany,EMEA,0.75,PLT-02,Detroit Works,USA,NA,Government,Germany,OTIF_ERP,ERP Definition,Finance,1,1,0.0,0.0,0.0,100.0,100.0,1,100.0,CHAINTRUTH
2026-03-01,SUP-021,Supplier 021,Germany,EMEA,0.75,PLT-00,Shanghai Hub,China,APAC,Government,USA,OTIF_ERP,ERP Definition,Finance,1,1,0.0,0.0,0.0,100.0,100.0,1,100.0,CHAINTRUTH
2026-03-01,SUP-022,Supplier 022,USA,NA,0.8,PLT-01,Munich Center,Germany,EMEA,SMB,Singapore,OTIF_ERP,ERP Definition,Finance,1,2,0.0,0.0,50.0,100.0,0.0,2,100.0,CHAINTRUTH
2026-03-01,SUP-022,Supplier 022,USA,NA,0.8,PLT-01,Munich Center,Germany,EMEA,Enterprise,Japan,OTIF_ERP,ERP Definition,Finance,1,1,0.0,0.0,100.0,100.0,100.0,1,100.0,CHAINTRUTH
2026-03-01,SUP-022,Supplier 022,USA,NA,0.8,PLT-08,Taipei Micro,Taiwan,APAC,SMB,Australia,OTIF_ERP,ERP Definition,Finance,1,1,0.0,0.0,0.0,100.0,0.0,1,100.0,CHAINTRUTH
2026-03-01,SUP-022,Supplier 022,USA,NA,0.8,PLT-06,Sao Paulo Ops,Brazil,LATAM,SMB,Australia,OTIF_ERP,ERP Definition,Finance,1,1,0.0,0.0,0.0,100.0,100.0,1,100.0,CHAINTRUTH
2026-03-01,SUP-022,Supplier 022,USA,NA,0.8,PLT-07,Seoul Tech,South Korea,APAC,Enterprise,Germany,OTIF_ERP,ERP Definition,Finance,1,1,0.0,0.0,0.0,100.0,100.0,1,100.0,CHAINTRUTH
2026-03-01,SUP-022,Supplier 022,USA,NA,0.8,PLT-02,Detroit Works,USA,NA,SMB,USA,OTIF_ERP,ERP Definition,Finance,1,1,100.0,100.0,100.0,100.0,100.0,0,0.0,CHAINTRUTH
2026-03-01,SUP-022,Supplier 022,USA,NA,0.8,PLT-04,Chennai Forge,India,APAC,Enterprise,UK,OTIF_ERP,ERP Definition,Finance,1,1,100.0,100.0,100.0,100.0,100.0,0,0.0,CHAINTRUTH
2026-03-01,SUP-022,Supplier 022,USA,NA,0.8,PLT-08,Taipei Micro,Taiwan,APAC,Enterprise,UK,OTIF_ERP,ERP Definition,Finance,1,2,0.0,0.0,100.0,100.0,50.0,2,100.0,CHAINTRUTH
2026-03-01,SUP-022,Supplier 022,USA,NA,0.8,PLT-07,Seoul Tech,South Korea,APAC,SMB,France,OTIF_ERP,ERP Definition,Finance,1,1,0.0,0.0,100.0,100.0,0.0,1,100.0,CHAINTRUTH
2026-03-01,SUP-022,Supplier 022,USA,NA,0.8,PLT-04,Chennai Forge,India,APAC,SMB,Australia,OTIF_ERP,ERP Definition,Finance,1,1,100.0,100.0,100.0,100.0,100.0,0,0.0,CHAINTRUTH
2026-03-01,SUP-023,Supplier 023,Japan,APAC,0.98,PLT-01,Munich Center,Germany,EMEA,SMB,Australia,OTIF_ERP,ERP Definition,Finance,1,1,0.0,0.0,100.0,100.0,100.0,1,100.0,CHAINTRUTH
2026-03-01,SUP-023,Supplier 023,Japan,APAC,0.98,PLT-08,Taipei Micro,Taiwan,APAC,Enterprise,Germany,OTIF_ERP,ERP Definition,Finance,1,2,0.0,0.0,0.0,100.0,50.0,2,100.0,CHAINTRUTH
2026-03-01,SUP-024,Supplier 024,India,APAC,0.89,PLT-07,Seoul Tech,South Korea,APAC,SMB,USA,OTIF_ERP,ERP Definition,Finance,1,2,0.0,0.0,50.0,100.0,50.0,2,100.0,CHAINTRUTH
2026-03-01,SUP-024,Supplier 024,India,APAC,0.89,PLT-06,Sao Paulo Ops,Brazil,LATAM,SMB,Australia,OTIF_ERP,ERP Definition,Finance,1,1,0.0,0.0,0.0,100.0,0.0,1,100.0,CHAINTRUTH
2026-03-01,SUP-024,Supplier 024,India,APAC,0.89,PLT-08,Taipei Micro,Taiwan,APAC,Enterprise,France,OTIF_ERP,ERP Definition,Finance,1,1,0.0,0.0,0.0,100.0,100.0,1,100.0,CHAINTRUTH
2026-03-01,SUP-024,Supplier 024,India,APAC,0.89,PLT-02,Detroit Works,USA,NA,Enterprise,Japan,OTIF_ERP,ERP Definition,Finance,1,1,0.0,0.0,0.0,100.0,100.0,1,100.0,CHAINTRUTH
2026-03-01,SUP-024,Supplier 024,India,APAC,0.89,PLT-04,Chennai Forge,India,APAC,SMB,France,OTIF_ERP,ERP Definition,Finance,1,1,0.0,0.0,0.0,100.0,0.0,1,100.0,CHAINTRUTH
2026-03-01,SUP-025,Supplier 025,Mexico,LATAM,0.71,PLT-00,Shanghai Hub,China,APAC,Enterprise,Japan,OTIF_ERP,ERP Definition,Finance,1,1,0.0,0.0,0.0,100.0,100.0,1,100.0,CHAINTRUTH
2026-03-01,SUP-025,Supplier 025,Mexico,LATAM,0.71,PLT-03,Tokyo Precision,Japan,APAC,Enterprise,France,OTIF_ERP,ERP Definition,Finance,1,2,0.0,0.0,50.0,100.0,50.0,2,100.0,CHAINTRUTH
2026-03-01,SUP-025,Supplier 025,Mexico,LATAM,0.71,PLT-04,Chennai Forge,India,APAC,Government,USA,OTIF_ERP,ERP Definition,Finance,1,1,0.0,0.0,0.0,100.0,100.0,1,100.0,CHAINTRUTH
2026-03-01,SUP-025,Supplier 025,Mexico,LATAM,0.71,PLT-03,Tokyo Precision,Japan,APAC,SMB,Canada,OTIF_ERP,ERP Definition,Finance,1,2,0.0,0.0,50.0,100.0,50.0,2,100.0,CHAINTRUTH
2026-03-01,SUP-025,Supplier 025,Mexico,LATAM,0.71,PLT-03,Tokyo Precision,Japan,APAC,SMB,Australia,OTIF_ERP,ERP Definition,Finance,1,2,0.0,0.0,0.0,100.0,0.0,2,100.0,CHAINTRUTH
2026-03-01,SUP-026,Supplier 026,Brazil,LATAM,0.73,PLT-00,Shanghai Hub,China,APAC,Enterprise,UK,OTIF_ERP,ERP Definition,Finance,1,2,0.0,0.0,50.0,100.0,50.0,2,100.0,CHAINTRUTH
2026-03-01,SUP-026,Supplier 026,Brazil,LATAM,0.73,PLT-08,Taipei Micro,Taiwan,APAC,SMB,France,OTIF_ERP,ERP Definition,Finance,1,1,0.0,0.0,0.0,100.0,0.0,1,100.0,CHAINTRUTH
2026-03-01,SUP-026,Supplier 026,Brazil,LATAM,0.73,PLT-02,Detroit Works,USA,NA,SMB,Japan,OTIF_ERP,ERP Definition,Finance,1,1,0.0,0.0,100.0,100.0,0.0,1,100.0,CHAINTRUTH
2026-03-01,SUP-026,Supplier 026,Brazil,LATAM,0.73,PLT-04,Chennai Forge,India,APAC,SMB,UK,OTIF_ERP,ERP Definition,Finance,1,2,0.0,0.0,50.0,100.0,0.0,2,100.0,CHAINTRUTH
2026-03-01,SUP-027,Supplier 027,South Korea,APAC,0.94,PLT-08,Taipei Micro,Taiwan,APAC,SMB,Germany,OTIF_ERP,ERP Definition,Finance,1,1,0.0,0.0,100.0,100.0,100.0,1,100.0,CHAINTRUTH
2026-03-01,SUP-027,Supplier 027,South Korea,APAC,0.94,PLT-05,Monterrey Plant,Mexico,LATAM,SMB,UK,OTIF_ERP,ERP Definition,Finance,1,1,100.0,100.0,100.0,100.0,100.0,0,0.0,CHAINTRUTH
2026-03-01,SUP-027,Supplier 027,South Korea,APAC,0.94,PLT-00,Shanghai Hub,China,APAC,Enterprise,Canada,OTIF_ERP,ERP Definition,Finance,1,1,0.0,0.0,100.0,100.0,100.0,1,100.0,CHAINTRUTH
2026-03-01,SUP-027,Supplier 027,South Korea,APAC,0.94,PLT-09,Hanoi Assembly,Vietnam,APAC,Government,Singapore,OTIF_ERP,ERP Definition,Finance,1,1,0.0,0.0,100.0,100.0,100.0,1,100.0,CHAINTRUTH
2026-03-01,SUP-027,Supplier 027,South Korea,APAC,0.94,PLT-04,Chennai Forge,India,APAC,SMB,Japan,OTIF_ERP,ERP Definition,Finance,1,1,0.0,0.0,100.0,100.0,0.0,1,100.0,CHAINTRUTH
2026-03-01,SUP-027,Supplier 027,South Korea,APAC,0.94,PLT-08,Taipei Micro,Taiwan,APAC,Government,Germany,OTIF_ERP,ERP Definition,Finance,1,2,0.0,0.0,0.0,100.0,0.0,2,100.0,CHAINTRUTH
2026-03-01,SUP-027,Supplier 027,South Korea,APAC,0.94,PLT-09,Hanoi Assembly,Vietnam,APAC,Enterprise,USA,OTIF_ERP,ERP Definition,Finance,1,1,0.0,0.0,100.0,100.0,100.0,1,100.0,CHAINTRUTH
2026-03-01,SUP-028,Supplier 028,Taiwan,APAC,0.84,PLT-01,Munich Center,Germany,EMEA,SMB,UK,OTIF_ERP,ERP Definition,Finance,1,1,0.0,0.0,0.0,100.0,100.0,1,100.0,CHAINTRUTH
2026-03-01,SUP-028,Supplier 028,Taiwan,APAC,0.84,PLT-06,Sao Paulo Ops,Brazil,LATAM,SMB,France,OTIF_ERP,ERP Definition,Finance,1,1,0.0,0.0,100.0,100.0,100.0,1,100.0,CHAINTRUTH
2026-03-01,SUP-028,Supplier 028,Taiwan,APAC,0.84,PLT-06,Sao Paulo Ops,Brazil,LATAM,SMB,Canada,OTIF_ERP,ERP Definition,Finance,1,1,100.0,100.0,100.0,100.0,100.0,0,0.0,CHAINTRUTH
2026-03-01,SUP-028,Supplier 028,Taiwan,APAC,0.84,PLT-09,Hanoi Assembly,Vietnam,APAC,Government,USA,OTIF_ERP,ERP Definition,Finance,1,1,0.0,0.0,100.0,100.0,0.0,1,100.0,CHAINTRUTH
2026-03-01,SUP-028,Supplier 028,Taiwan,APAC,0.84,PLT-06,Sao Paulo Ops,Brazil,LATAM,Enterprise,UK,OTIF_ERP,ERP Definition,Finance,1,2,0.0,0.0,100.0,100.0,0.0,2,100.0,CHAINTRUTH
2026-03-01,SUP-029,Supplier 029,Vietnam,APAC,0.51,PLT-02,Detroit Works,USA,NA,SMB,Germany,OTIF_ERP,ERP Definition,Finance,1,2,0.0,0.0,0.0,50.0,50.0,1,50.0,CHAINTRUTH
2026-03-01,SUP-029,Supplier 029,Vietnam,APAC,0.51,PLT-03,Tokyo Precision,Japan,APAC,SMB,Australia,OTIF_ERP,ERP Definition,Finance,1,1,0.0,0.0,100.0,100.0,100.0,1,100.0,CHAINTRUTH
2026-03-01,SUP-029,Supplier 029,Vietnam,APAC,0.51,PLT-03,Tokyo Precision,Japan,APAC,SMB,Japan,OTIF_ERP,ERP Definition,Finance,1,2,0.0,0.0,50.0,50.0,50.0,1,50.0,CHAINTRUTH
2026-03-01,SUP-029,Supplier 029,Vietnam,APAC,0.51,PLT-07,Seoul Tech,South Korea,APAC,SMB,France,OTIF_ERP,ERP Definition,Finance,1,1,0.0,0.0,0.0,100.0,100.0,1,100.0,CHAINTRUTH
2026-03-01,SUP-029,Supplier 029,Vietnam,APAC,0.51,PLT-07,Seoul Tech,South Korea,APAC,Enterprise,Canada,OTIF_ERP,ERP Definition,Finance,1,1,0.0,0.0,0.0,100.0,100.0,1,100.0,CHAINTRUTH
2026-03-01,SUP-030,Supplier 030,China,APAC,0.59,PLT-09,Hanoi Assembly,Vietnam,APAC,SMB,Singapore,OTIF_ERP,ERP Definition,Finance,1,1,0.0,0.0,0.0,100.0,100.0,1,100.0,CHAINTRUTH
2026-03-01,SUP-030,Supplier 030,China,APAC,0.59,PLT-04,Chennai Forge,India,APAC,Government,France,OTIF_ERP,ERP Definition,Finance,1,1,0.0,0.0,100.0,100.0,100.0,1,100.0,CHAINTRUTH
2026-03-01,SUP-030,Supplier 030,China,APAC,0.59,PLT-00,Shanghai Hub,China,APAC,SMB,Australia,OTIF_ERP,ERP Definition,Finance,1,1,0.0,0.0,100.0,100.0,0.0,1,100.0,CHAINTRUTH
2026-03-01,SUP-030,Supplier 030,China,APAC,0.59,PLT-07,Seoul Tech,South Korea,APAC,Enterprise,Germany,OTIF_ERP,ERP Definition,Finance,1,2,0.0,0.0,0.0,100.0,50.0,2,100.0,CHAINTRUTH
2026-03-01,SUP-030,Supplier 030,China,APAC,0.59,PLT-07,Seoul Tech,South Korea,APAC,SMB,France,OTIF_ERP,ERP Definition,Finance,1,1,0.0,0.0,100.0,100.0,100.0,1,100.0,CHAINTRUTH
2026-03-01,SUP-031,Supplier 031,Germany,EMEA,0.92,PLT-00,Shanghai Hub,China,APAC,Enterprise,USA,OTIF_ERP,ERP Definition,Finance,1,1,0.0,0.0,0.0,100.0,0.0,1,100.0,CHAINTRUTH
2026-03-01,SUP-031,Supplier 031,Germany,EMEA,0.92,PLT-01,Munich Center,Germany,EMEA,Enterprise,UK,OTIF_ERP,ERP Definition,Finance,1,1,0.0,100.0,100.0,100.0,0.0,0,0.0,CHAINTRUTH
2026-03-01,SUP-031,Supplier 031,Germany,EMEA,0.92,PLT-02,Detroit Works,USA,NA,Enterprise,Canada,OTIF_ERP,ERP Definition,Finance,1,1,100.0,100.0,0.0,100.0,100.0,1,100.0,CHAINTRUTH
2026-03-01,SUP-031,Supplier 031,Germany,EMEA,0.92,PLT-08,Taipei Micro,Taiwan,APAC,SMB,Australia,OTIF_ERP,ERP Definition,Finance,1,1,0.0,0.0,100.0,100.0,0.0,1,100.0,CHAINTRUTH
2026-03-01,SUP-031,Supplier 031,Germany,EMEA,0.92,PLT-04,Chennai Forge,India,APAC,SMB,Germany,OTIF_ERP,ERP Definition,Finance,1,1,0.0,0.0,100.0,100.0,0.0,1,100.0,CHAINTRUTH
2026-03-01,SUP-031,Supplier 031,Germany,EMEA,0.92,PLT-06,Sao Paulo Ops,Brazil,LATAM,Enterprise,Germany,OTIF_ERP,ERP Definition,Finance,1,1,0.0,0.0,0.0,100.0,100.0,1,100.0,CHAINTRUTH
2026-03-01,SUP-031,Supplier 031,Germany,EMEA,0.92,PLT-05,Monterrey Plant,Mexico,LATAM,SMB,Japan,OTIF_ERP,ERP Definition,Finance,1,1,0.0,0.0,100.0,100.0,100.0,1,100.0,CHAINTRUTH
2026-03-01,SUP-031,Supplier 031,Germany,EMEA,0.92,PLT-08,Taipei Micro,Taiwan,APAC,SMB,Germany,OTIF_ERP,ERP Definition,Finance,1,1,0.0,0.0,100.0,100.0,100.0,1,100.0,CHAINTRUTH
2026-03-01,SUP-031,Supplier 031,Germany,EMEA,0.92,PLT-08,Taipei Micro,Taiwan,APAC,SMB,UK,OTIF_ERP,ERP Definition,Finance,1,1,0.0,0.0,0.0,100.0,0.0,1,100.0,CHAINTRUTH
2026-03-01,SUP-032,Supplier 032,USA,NA,0.78,PLT-01,Munich Center,Germany,EMEA,SMB,USA,OTIF_ERP,ERP Definition,Finance,1,2,0.0,0.0,50.0,100.0,50.0,2,100.0,CHAINTRUTH
2026-03-01,SUP-032,Supplier 032,USA,NA,0.78,PLT-04,Chennai Forge,India,APAC,Enterprise,France,OTIF_ERP,ERP Definition,Finance,1,2,0.0,0.0,0.0,100.0,50.0,2,100.0,CHAINTRUTH
2026-03-01,SUP-032,Supplier 032,USA,NA,0.78,PLT-05,Monterrey Plant,Mexico,LATAM,Enterprise,Japan,OTIF_ERP,ERP Definition,Finance,1,1,0.0,0.0,0.0,100.0,100.0,1,100.0,CHAINTRUTH
2026-03-01,SUP-032,Supplier 032,USA,NA,0.78,PLT-07,Seoul Tech,South Korea,APAC,Government,Canada,OTIF_ERP,ERP Definition,Finance,1,2,0.0,0.0,0.0,100.0,50.0,2,100.0,CHAINTRUTH
2026-03-01,SUP-032,Supplier 032,USA,NA,0.78,PLT-06,Sao Paulo Ops,Brazil,LATAM,Enterprise,Japan,OTIF_ERP,ERP Definition,Finance,1,1,0.0,0.0,100.0,100.0,0.0,1,100.0,CHAINTRUTH
2026-03-01,SUP-033,Supplier 033,Japan,APAC,0.5,PLT-01,Munich Center,Germany,EMEA,Enterprise,Japan,OTIF_ERP,ERP Definition,Finance,1,1,0.0,0.0,0.0,100.0,100.0,1,100.0,CHAINTRUTH
2026-03-01,SUP-033,Supplier 033,Japan,APAC,0.5,PLT-03,Tokyo Precision,Japan,APAC,Enterprise,Canada,OTIF_ERP,ERP Definition,Finance,1,2,0.0,0.0,0.0,50.0,50.0,1,50.0,CHAINTRUTH
2026-03-01,SUP-033,Supplier 033,Japan,APAC,0.5,PLT-01,Munich Center,Germany,EMEA,Government,France,OTIF_ERP,ERP Definition,Finance,1,1,100.0,100.0,100.0,100.0,100.0,0,0.0,CHAINTRUTH
2026-03-01,SUP-033,Supplier 033,Japan,APAC,0.5,PLT-05,Monterrey Plant,Mexico,LATAM,Enterprise,Canada,OTIF_ERP,ERP Definition,Finance,2,2,0.0,0.0,100.0,100.0,100.0,2,100.0,CHAINTRUTH
2026-03-01,SUP-033,Supplier 033,Japan,APAC,0.5,PLT-06,Sao Paulo Ops,Brazil,LATAM,SMB,France,OTIF_ERP,ERP Definition,Finance,1,1,0.0,0.0,100.0,100.0,0.0,1,100.0,CHAINTRUTH
2026-03-01,SUP-033,Supplier 033,Japan,APAC,0.5,PLT-08,Taipei Micro,Taiwan,APAC,SMB,Germany,OTIF_ERP,ERP Definition,Finance,1,1,0.0,0.0,0.0,100.0,0.0,1,100.0,CHAINTRUTH
2026-03-01,SUP-034,Supplier 034,India,APAC,0.95,PLT-05,Monterrey Plant,Mexico,LATAM,SMB,Australia,OTIF_ERP,ERP Definition,Finance,1,1,0.0,0.0,100.0,100.0,0.0,1,100.0,CHAINTRUTH
2026-03-01,SUP-034,Supplier 034,India,APAC,0.95,PLT-00,Shanghai Hub,China,APAC,Government,UK,OTIF_ERP,ERP Definition,Finance,1,1,0.0,0.0,0.0,100.0,100.0,1,100.0,CHAINTRUTH
2026-03-01,SUP-034,Supplier 034,India,APAC,0.95,PLT-08,Taipei Micro,Taiwan,APAC,SMB,Canada,OTIF_ERP,ERP Definition,Finance,1,2,0.0,0.0,50.0,100.0,0.0,2,100.0,CHAINTRUTH
2026-03-01,SUP-034,Supplier 034,India,APAC,0.95,PLT-02,Detroit Works,USA,NA,Enterprise,USA,OTIF_ERP,ERP Definition,Finance,1,2,0.0,0.0,0.0,50.0,50.0,1,50.0,CHAINTRUTH
2026-03-01,SUP-034,Supplier 034,India,APAC,0.95,PLT-00,Shanghai Hub,China,APAC,SMB,Japan,OTIF_ERP,ERP Definition,Finance,1,2,0.0,0.0,0.0,100.0,50.0,2,100.0,CHAINTRUTH
2026-03-01,SUP-034,Supplier 034,India,APAC,0.95,PLT-06,Sao Paulo Ops,Brazil,LATAM,SMB,Canada,OTIF_ERP,ERP Definition,Finance,1,1,0.0,0.0,0.0,100.0,100.0,1,100.0,CHAINTRUTH
2026-03-01,SUP-035,Supplier 035,Mexico,LATAM,0.77,PLT-01,Munich Center,Germany,EMEA,Government,USA,OTIF_ERP,ERP Definition,Finance,1,1,0.0,0.0,0.0,100.0,0.0,1,100.0,CHAINTRUTH
2026-03-01,SUP-035,Supplier 035,Mexico,LATAM,0.77,PLT-06,Sao Paulo Ops,Brazil,LATAM,SMB,Japan,OTIF_ERP,ERP Definition,Finance,1,1,0.0,0.0,100.0,100.0,100.0,1,100.0,CHAINTRUTH
2026-03-01,SUP-035,Supplier 035,Mexico,LATAM,0.77,PLT-07,Seoul Tech,South Korea,APAC,SMB,Singapore,OTIF_ERP,ERP Definition,Finance,1,2,0.0,0.0,0.0,100.0,50.0,2,100.0,CHAINTRUTH
2026-03-01,SUP-035,Supplier 035,Mexico,LATAM,0.77,PLT-03,Tokyo Precision,Japan,APAC,Government,USA,OTIF_ERP,ERP Definition,Finance,1,2,50.0,50.0,50.0,100.0,50.0,1,50.0,CHAINTRUTH
2026-03-01,SUP-035,Supplier 035,Mexico,LATAM,0.77,PLT-00,Shanghai Hub,China,APAC,SMB,Singapore,OTIF_ERP,ERP Definition,Finance,1,2,0.0,0.0,50.0,50.0,50.0,2,100.0,CHAINTRUTH
2026-03-01,SUP-035,Supplier 035,Mexico,LATAM,0.77,PLT-00,Shanghai Hub,China,APAC,SMB,Japan,OTIF_ERP,ERP Definition,Finance,1,1,0.0,0.0,0.0,100.0,100.0,1,100.0,CHAINTRUTH
2026-03-01,SUP-035,Supplier 035,Mexico,LATAM,0.77,PLT-06,Sao Paulo Ops,Brazil,LATAM,SMB,Singapore,OTIF_ERP,ERP Definition,Finance,1,1,0.0,0.0,0.0,100.0,100.0,1,100.0,CHAINTRUTH
2026-03-01,SUP-035,Supplier 035,Mexico,LATAM,0.77,PLT-08,Taipei Micro,Taiwan,APAC,SMB,Canada,OTIF_ERP,ERP Definition,Finance,2,3,0.0,0.0,33.33,100.0,66.67,3,100.0,CHAINTRUTH
2026-03-01,SUP-036,Supplier 036,Brazil,LATAM,0.76,PLT-03,Tokyo Precision,Japan,APAC,SMB,Singapore,OTIF_ERP,ERP Definition,Finance,1,1,0.0,0.0,0.0,100.0,0.0,1,100.0,CHAINTRUTH
2026-03-01,SUP-036,Supplier 036,Brazil,LATAM,0.76,PLT-02,Detroit Works,USA,NA,Enterprise,Germany,OTIF_ERP,ERP Definition,Finance,1,2,50.0,50.0,0.0,100.0,50.0,2,100.0,CHAINTRUTH
2026-03-01,SUP-036,Supplier 036,Brazil,LATAM,0.76,PLT-02,Detroit Works,USA,NA,Government,Germany,OTIF_ERP,ERP Definition,Finance,1,1,0.0,0.0,100.0,100.0,100.0,1,100.0,CHAINTRUTH
2026-03-01,SUP-036,Supplier 036,Brazil,LATAM,0.76,PLT-02,Detroit Works,USA,NA,SMB,UK,OTIF_ERP,ERP Definition,Finance,1,2,50.0,50.0,50.0,100.0,50.0,1,50.0,CHAINTRUTH
2026-03-01,SUP-036,Supplier 036,Brazil,LATAM,0.76,PLT-04,Chennai Forge,India,APAC,Government,Germany,OTIF_ERP,ERP Definition,Finance,1,2,0.0,0.0,100.0,100.0,50.0,2,100.0,CHAINTRUTH
2026-03-01,SUP-036,Supplier 036,Brazil,LATAM,0.76,PLT-07,Seoul Tech,South Korea,APAC,SMB,Singapore,OTIF_ERP,ERP Definition,Finance,1,1,0.0,100.0,100.0,100.0,0.0,0,0.0,CHAINTRUTH
2026-03-01,SUP-036,Supplier 036,Brazil,LATAM,0.76,PLT-00,Shanghai Hub,China,APAC,Enterprise,USA,OTIF_ERP,ERP Definition,Finance,2,2,0.0,0.0,0.0,100.0,100.0,2,100.0,CHAINTRUTH
2026-03-01,SUP-037,Supplier 037,South Korea,APAC,0.7,PLT-04,Chennai Forge,India,APAC,Government,USA,OTIF_ERP,ERP Definition,Finance,1,1,0.0,0.0,0.0,100.0,0.0,1,100.0,CHAINTRUTH
2026-03-01,SUP-037,Supplier 037,South Korea,APAC,0.7,PLT-01,Munich Center,Germany,EMEA,SMB,Canada,OTIF_ERP,ERP Definition,Finance,1,2,0.0,0.0,0.0,100.0,50.0,2,100.0,CHAINTRUTH
2026-03-01,SUP-037,Supplier 037,South Korea,APAC,0.7,PLT-00,Shanghai Hub,China,APAC,SMB,Australia,OTIF_ERP,ERP Definition,Finance,1,1,0.0,0.0,100.0,100.0,0.0,1,100.0,CHAINTRUTH
2026-03-01,SUP-037,Supplier 037,South Korea,APAC,0.7,PLT-04,Chennai Forge,India,APAC,Government,Singapore,OTIF_ERP,ERP Definition,Finance,1,1,0.0,0.0,100.0,100.0,100.0,1,100.0,CHAINTRUTH
2026-03-01,SUP-038,Supplier 038,Taiwan,APAC,0.95,PLT-08,Taipei Micro,Taiwan,APAC,SMB,Singapore,OTIF_ERP,ERP Definition,Finance,1,2,0.0,0.0,0.0,100.0,50.0,2,100.0,CHAINTRUTH
2026-03-01,SUP-038,Supplier 038,Taiwan,APAC,0.95,PLT-06,Sao Paulo Ops,Brazil,LATAM,SMB,Australia,OTIF_ERP,ERP Definition,Finance,1,1,100.0,100.0,100.0,100.0,100.0,0,0.0,CHAINTRUTH
2026-03-01,SUP-038,Supplier 038,Taiwan,APAC,0.95,PLT-02,Detroit Works,USA,NA,SMB,France,OTIF_ERP,ERP Definition,Finance,1,1,100.0,100.0,100.0,100.0,100.0,0,0.0,CHAINTRUTH
2026-03-01,SUP-038,Supplier 038,Taiwan,APAC,0.95,PLT-09,Hanoi Assembly,Vietnam,APAC,SMB,UK,OTIF_ERP,ERP Definition,Finance,1,1,0.0,0.0,0.0,100.0,0.0,1,100.0,CHAINTRUTH
2026-03-01,SUP-038,Supplier 038,Taiwan,APAC,0.95,PLT-02,Detroit Works,USA,NA,SMB,Canada,OTIF_ERP,ERP Definition,Finance,1,1,0.0,100.0,100.0,100.0,0.0,0,0.0,CHAINTRUTH
2026-03-01,SUP-038,Supplier 038,Taiwan,APAC,0.95,PLT-07,Seoul Tech,South Korea,APAC,SMB,Australia,OTIF_ERP,ERP Definition,Finance,1,1,0.0,0.0,100.0,100.0,100.0,1,100.0,CHAINTRUTH
2026-03-01,SUP-038,Supplier 038,Taiwan,APAC,0.95,PLT-09,Hanoi Assembly,Vietnam,APAC,SMB,Singapore,OTIF_ERP,ERP Definition,Finance,1,2,0.0,0.0,0.0,100.0,50.0,2,100.0,CHAINTRUTH
2026-03-01,SUP-039,Supplier 039,Vietnam,APAC,0.68,PLT-06,Sao Paulo Ops,Brazil,LATAM,SMB,France,OTIF_ERP,ERP Definition,Finance,1,1,0.0,0.0,0.0,100.0,0.0,1,100.0,CHAINTRUTH
2026-03-01,SUP-039,Supplier 039,Vietnam,APAC,0.68,PLT-09,Hanoi Assembly,Vietnam,APAC,SMB,France,OTIF_ERP,ERP Definition,Finance,1,1,0.0,0.0,0.0,100.0,100.0,1,100.0,CHAINTRUTH
2026-03-01,SUP-039,Supplier 039,Vietnam,APAC,0.68,PLT-06,Sao Paulo Ops,Brazil,LATAM,SMB,Japan,OTIF_ERP,ERP Definition,Finance,1,1,0.0,0.0,0.0,100.0,100.0,1,100.0,CHAINTRUTH
2026-03-01,SUP-040,Supplier 040,China,APAC,0.96,PLT-00,Shanghai Hub,China,APAC,SMB,Japan,OTIF_ERP,ERP Definition,Finance,1,2,50.0,50.0,100.0,100.0,50.0,1,50.0,CHAINTRUTH
2026-03-01,SUP-040,Supplier 040,China,APAC,0.96,PLT-03,Tokyo Precision,Japan,APAC,Government,Australia,OTIF_ERP,ERP Definition,Finance,1,1,0.0,0.0,0.0,100.0,100.0,1,100.0,CHAINTRUTH
2026-03-01,SUP-040,Supplier 040,China,APAC,0.96,PLT-04,Chennai Forge,India,APAC,SMB,Australia,OTIF_ERP,ERP Definition,Finance,1,1,0.0,0.0,0.0,100.0,100.0,1,100.0,CHAINTRUTH
2026-03-01,SUP-041,Supplier 041,Germany,EMEA,0.64,PLT-00,Shanghai Hub,China,APAC,SMB,France,OTIF_ERP,ERP Definition,Finance,1,1,0.0,0.0,0.0,100.0,100.0,1,100.0,CHAINTRUTH
2026-03-01,SUP-041,Supplier 041,Germany,EMEA,0.64,PLT-05,Monterrey Plant,Mexico,LATAM,Government,USA,OTIF_ERP,ERP Definition,Finance,1,1,0.0,0.0,0.0,100.0,100.0,1,100.0,CHAINTRUTH
2026-03-01,SUP-041,Supplier 041,Germany,EMEA,0.64,PLT-02,Detroit Works,USA,NA,SMB,Singapore,OTIF_ERP,ERP Definition,Finance,1,1,0.0,100.0,100.0,100.0,0.0,0,0.0,CHAINTRUTH
2026-03-01,SUP-041,Supplier 041,Germany,EMEA,0.64,PLT-00,Shanghai Hub,China,APAC,SMB,Australia,OTIF_ERP,ERP Definition,Finance,1,1,0.0,0.0,0.0,100.0,100.0,1,100.0,CHAINTRUTH
2026-03-01,SUP-041,Supplier 041,Germany,EMEA,0.64,PLT-02,Detroit Works,USA,NA,SMB,Australia,OTIF_ERP,ERP Definition,Finance,1,1,100.0,100.0,100.0,100.0,100.0,0,0.0,CHAINTRUTH
2026-03-01,SUP-042,Supplier 042,USA,NA,0.91,PLT-05,Monterrey Plant,Mexico,LATAM,SMB,USA,OTIF_ERP,ERP Definition,Finance,1,1,0.0,0.0,0.0,100.0,0.0,1,100.0,CHAINTRUTH
2026-03-01,SUP-042,Supplier 042,USA,NA,0.91,PLT-02,Detroit Works,USA,NA,Enterprise,Canada,OTIF_ERP,ERP Definition,Finance,1,1,100.0,100.0,100.0,100.0,100.0,0,0.0,CHAINTRUTH
2026-03-01,SUP-042,Supplier 042,USA,NA,0.91,PLT-04,Chennai Forge,India,APAC,Government,Germany,OTIF_ERP,ERP Definition,Finance,1,1,0.0,0.0,100.0,100.0,0.0,1,100.0,CHAINTRUTH
2026-03-01,SUP-042,Supplier 042,USA,NA,0.91,PLT-05,Monterrey Plant,Mexico,LATAM,Enterprise,UK,OTIF_ERP,ERP Definition,Finance,1,1,100.0,100.0,100.0,100.0,100.0,0,0.0,CHAINTRUTH
2026-03-01,SUP-042,Supplier 042,USA,NA,0.91,PLT-04,Chennai Forge,India,APAC,SMB,Australia,OTIF_ERP,ERP Definition,Finance,1,1,0.0,0.0,0.0,100.0,100.0,1,100.0,CHAINTRUTH
2026-03-01,SUP-042,Supplier 042,USA,NA,0.91,PLT-06,Sao Paulo Ops,Brazil,LATAM,SMB,Canada,OTIF_ERP,ERP Definition,Finance,1,1,0.0,0.0,0.0,100.0,100.0,1,100.0,CHAINTRUTH
2026-03-01,SUP-043,Supplier 043,Japan,APAC,0.98,PLT-08,Taipei Micro,Taiwan,APAC,Government,Germany,OTIF_ERP,ERP Definition,Finance,1,2,0.0,50.0,50.0,50.0,0.0,0,0.0,CHAINTRUTH
2026-03-01,SUP-043,Supplier 043,Japan,APAC,0.98,PLT-06,Sao Paulo Ops,Brazil,LATAM,Government,USA,OTIF_ERP,ERP Definition,Finance,1,1,100.0,100.0,100.0,100.0,100.0,0,0.0,CHAINTRUTH
2026-03-01,SUP-043,Supplier 043,Japan,APAC,0.98,PLT-03,Tokyo Precision,Japan,APAC,SMB,Japan,OTIF_ERP,ERP Definition,Finance,1,1,0.0,0.0,0.0,100.0,100.0,1,100.0,CHAINTRUTH
2026-03-01,SUP-043,Supplier 043,Japan,APAC,0.98,PLT-06,Sao Paulo Ops,Brazil,LATAM,Enterprise,France,OTIF_ERP,ERP Definition,Finance,1,1,0.0,0.0,0.0,100.0,0.0,1,100.0,CHAINTRUTH
2026-03-01,SUP-043,Supplier 043,Japan,APAC,0.98,PLT-03,Tokyo Precision,Japan,APAC,Enterprise,Canada,OTIF_ERP,ERP Definition,Finance,1,1,100.0,100.0,100.0,100.0,100.0,0,0.0,CHAINTRUTH
2026-03-01,SUP-043,Supplier 043,Japan,APAC,0.98,PLT-01,Munich Center,Germany,EMEA,Enterprise,Canada,OTIF_ERP,ERP Definition,Finance,1,2,0.0,0.0,50.0,100.0,50.0,2,100.0,CHAINTRUTH
2026-03-01,SUP-043,Supplier 043,Japan,APAC,0.98,PLT-00,Shanghai Hub,China,APAC,SMB,Australia,OTIF_ERP,ERP Definition,Finance,1,1,0.0,0.0,0.0,100.0,100.0,1,100.0,CHAINTRUTH
2026-03-01,SUP-043,Supplier 043,Japan,APAC,0.98,PLT-07,Seoul Tech,South Korea,APAC,Government,Canada,OTIF_ERP,ERP Definition,Finance,1,1,0.0,0.0,0.0,100.0,100.0,1,100.0,CHAINTRUTH
2026-03-01,SUP-043,Supplier 043,Japan,APAC,0.98,PLT-03,Tokyo Precision,Japan,APAC,Government,Australia,OTIF_ERP,ERP Definition,Finance,1,1,0.0,0.0,0.0,100.0,0.0,1,100.0,CHAINTRUTH
2026-03-01,SUP-043,Supplier 043,Japan,APAC,0.98,PLT-04,Chennai Forge,India,APAC,Government,Australia,OTIF_ERP,ERP Definition,Finance,1,1,0.0,0.0,0.0,100.0,100.0,1,100.0,CHAINTRUTH
2026-03-01,SUP-044,Supplier 044,India,APAC,0.55,PLT-09,Hanoi Assembly,Vietnam,APAC,Enterprise,Germany,OTIF_ERP,ERP Definition,Finance,1,1,0.0,0.0,0.0,100.0,100.0,1,100.0,CHAINTRUTH
2026-03-01,SUP-044,Supplier 044,India,APAC,0.55,PLT-02,Detroit Works,USA,NA,SMB,Singapore,OTIF_ERP,ERP Definition,Finance,1,1,100.0,100.0,0.0,100.0,100.0,1,100.0,CHAINTRUTH
2026-03-01,SUP-044,Supplier 044,India,APAC,0.55,PLT-02,Detroit Works,USA,NA,SMB,Japan,OTIF_ERP,ERP Definition,Finance,1,1,0.0,0.0,0.0,100.0,100.0,1,100.0,CHAINTRUTH
2026-03-01,SUP-044,Supplier 044,India,APAC,0.55,PLT-03,Tokyo Precision,Japan,APAC,Government,France,OTIF_ERP,ERP Definition,Finance,1,1,0.0,0.0,0.0,100.0,100.0,1,100.0,CHAINTRUTH
2026-03-01,SUP-044,Supplier 044,India,APAC,0.55,PLT-06,Sao Paulo Ops,Brazil,LATAM,SMB,Singapore,OTIF_ERP,ERP Definition,Finance,1,2,0.0,0.0,50.0,100.0,50.0,2,100.0,CHAINTRUTH
2026-03-01,SUP-045,Supplier 045,Mexico,LATAM,0.92,PLT-02,Detroit Works,USA,NA,SMB,UK,OTIF_ERP,ERP Definition,Finance,1,1,0.0,100.0,0.0,100.0,0.0,1,100.0,CHAINTRUTH
2026-03-01,SUP-045,Supplier 045,Mexico,LATAM,0.92,PLT-03,Tokyo Precision,Japan,APAC,SMB,France,OTIF_ERP,ERP Definition,Finance,1,2,0.0,0.0,0.0,100.0,0.0,2,100.0,CHAINTRUTH
2026-03-01,SUP-045,Supplier 045,Mexico,LATAM,0.92,PLT-04,Chennai Forge,India,APAC,SMB,Germany,OTIF_ERP,ERP Definition,Finance,1,1,0.0,0.0,100.0,100.0,100.0,1,100.0,CHAINTRUTH
2026-03-01,SUP-045,Supplier 045,Mexico,LATAM,0.92,PLT-00,Shanghai Hub,China,APAC,Government,Germany,OTIF_ERP,ERP Definition,Finance,1,2,0.0,0.0,100.0,100.0,50.0,2,100.0,CHAINTRUTH
2026-03-01,SUP-045,Supplier 045,Mexico,LATAM,0.92,PLT-00,Shanghai Hub,China,APAC,Government,France,OTIF_ERP,ERP Definition,Finance,1,1,0.0,0.0,100.0,100.0,100.0,1,100.0,CHAINTRUTH
2026-03-01,SUP-045,Supplier 045,Mexico,LATAM,0.92,PLT-07,Seoul Tech,South Korea,APAC,Government,France,OTIF_ERP,ERP Definition,Finance,1,1,0.0,0.0,0.0,100.0,100.0,1,100.0,CHAINTRUTH
2026-03-01,SUP-045,Supplier 045,Mexico,LATAM,0.92,PLT-02,Detroit Works,USA,NA,Government,Canada,OTIF_ERP,ERP Definition,Finance,1,1,0.0,0.0,0.0,100.0,100.0,1,100.0,CHAINTRUTH
2026-03-01,SUP-045,Supplier 045,Mexico,LATAM,0.92,PLT-08,Taipei Micro,Taiwan,APAC,SMB,France,OTIF_ERP,ERP Definition,Finance,1,2,50.0,50.0,50.0,100.0,50.0,1,50.0,CHAINTRUTH
2026-03-01,SUP-045,Supplier 045,Mexico,LATAM,0.92,PLT-08,Taipei Micro,Taiwan,APAC,SMB,Canada,OTIF_ERP,ERP Definition,Finance,1,1,0.0,0.0,100.0,100.0,100.0,1,100.0,CHAINTRUTH
2026-03-01,SUP-045,Supplier 045,Mexico,LATAM,0.92,PLT-04,Chennai Forge,India,APAC,SMB,UK,OTIF_ERP,ERP Definition,Finance,1,1,0.0,0.0,0.0,100.0,100.0,1,100.0,CHAINTRUTH
2026-03-01,SUP-046,Supplier 046,Brazil,LATAM,0.96,PLT-07,Seoul Tech,South Korea,APAC,Government,Japan,OTIF_ERP,ERP Definition,Finance,1,1,0.0,0.0,100.0,100.0,100.0,1,100.0,CHAINTRUTH
2026-03-01,SUP-046,Supplier 046,Brazil,LATAM,0.96,PLT-04,Chennai Forge,India,APAC,Enterprise,Canada,OTIF_ERP,ERP Definition,Finance,1,2,0.0,0.0,50.0,100.0,0.0,2,100.0,CHAINTRUTH
2026-03-01,SUP-046,Supplier 046,Brazil,LATAM,0.96,PLT-01,Munich Center,Germany,EMEA,SMB,Japan,OTIF_ERP,ERP Definition,Finance,1,1,100.0,100.0,100.0,100.0,100.0,0,0.0,CHAINTRUTH
2026-03-01,SUP-046,Supplier 046,Brazil,LATAM,0.96,PLT-06,Sao Paulo Ops,Brazil,LATAM,Government,Japan,OTIF_ERP,ERP Definition,Finance,1,2,0.0,0.0,0.0,100.0,0.0,2,100.0,CHAINTRUTH
2026-03-01,SUP-046,Supplier 046,Brazil,LATAM,0.96,PLT-05,Monterrey Plant,Mexico,LATAM,Enterprise,Japan,OTIF_ERP,ERP Definition,Finance,1,2,0.0,0.0,0.0,100.0,50.0,2,100.0,CHAINTRUTH
2026-03-01,SUP-046,Supplier 046,Brazil,LATAM,0.96,PLT-05,Monterrey Plant,Mexico,LATAM,Government,Japan,OTIF_ERP,ERP Definition,Finance,1,2,0.0,0.0,50.0,100.0,50.0,2,100.0,CHAINTRUTH
2026-03-01,SUP-046,Supplier 046,Brazil,LATAM,0.96,PLT-01,Munich Center,Germany,EMEA,SMB,Canada,OTIF_ERP,ERP Definition,Finance,1,2,0.0,50.0,50.0,100.0,50.0,1,50.0,CHAINTRUTH
2026-03-01,SUP-047,Supplier 047,South Korea,APAC,0.59,PLT-03,Tokyo Precision,Japan,APAC,SMB,Germany,OTIF_ERP,ERP Definition,Finance,1,1,0.0,0.0,100.0,100.0,100.0,1,100.0,CHAINTRUTH
2026-03-01,SUP-047,Supplier 047,South Korea,APAC,0.59,PLT-05,Monterrey Plant,Mexico,LATAM,Government,UK,OTIF_ERP,ERP Definition,Finance,1,1,0.0,0.0,0.0,100.0,100.0,1,100.0,CHAINTRUTH
2026-03-01,SUP-047,Supplier 047,South Korea,APAC,0.59,PLT-02,Detroit Works,USA,NA,SMB,Australia,OTIF_ERP,ERP Definition,Finance,1,1,100.0,100.0,100.0,100.0,100.0,0,0.0,CHAINTRUTH
2026-03-01,SUP-047,Supplier 047,South Korea,APAC,0.59,PLT-03,Tokyo Precision,Japan,APAC,SMB,Australia,OTIF_ERP,ERP Definition,Finance,1,2,0.0,0.0,0.0,100.0,50.0,2,100.0,CHAINTRUTH
2026-03-01,SUP-047,Supplier 047,South Korea,APAC,0.59,PLT-06,Sao Paulo Ops,Brazil,LATAM,SMB,USA,OTIF_ERP,ERP Definition,Finance,1,1,0.0,0.0,0.0,100.0,100.0,1,100.0,CHAINTRUTH
2026-03-01,SUP-047,Supplier 047,South Korea,APAC,0.59,PLT-03,Tokyo Precision,Japan,APAC,SMB,France,OTIF_ERP,ERP Definition,Finance,1,1,0.0,0.0,0.0,100.0,0.0,1,100.0,CHAINTRUTH
2026-03-01,SUP-047,Supplier 047,South Korea,APAC,0.59,PLT-09,Hanoi Assembly,Vietnam,APAC,Government,USA,OTIF_ERP,ERP Definition,Finance,2,3,0.0,0.0,66.67,100.0,66.67,3,100.0,CHAINTRUTH
2026-03-01,SUP-048,Supplier 048,Taiwan,APAC,0.54,PLT-00,Shanghai Hub,China,APAC,Enterprise,Japan,OTIF_ERP,ERP Definition,Finance,1,1,0.0,0.0,100.0,100.0,100.0,1,100.0,CHAINTRUTH
2026-03-01,SUP-048,Supplier 048,Taiwan,APAC,0.54,PLT-03,Tokyo Precision,Japan,APAC,Government,France,OTIF_ERP,ERP Definition,Finance,1,1,0.0,0.0,0.0,100.0,100.0,1,100.0,CHAINTRUTH
2026-03-01,SUP-048,Supplier 048,Taiwan,APAC,0.54,PLT-05,Monterrey Plant,Mexico,LATAM,Enterprise,France,OTIF_ERP,ERP Definition,Finance,1,1,0.0,0.0,100.0,100.0,100.0,1,100.0,CHAINTRUTH
2026-03-01,SUP-048,Supplier 048,Taiwan,APAC,0.54,PLT-06,Sao Paulo Ops,Brazil,LATAM,Enterprise,Japan,OTIF_ERP,ERP Definition,Finance,1,1,0.0,0.0,100.0,100.0,100.0,1,100.0,CHAINTRUTH
2026-03-01,SUP-048,Supplier 048,Taiwan,APAC,0.54,PLT-02,Detroit Works,USA,NA,SMB,USA,OTIF_ERP,ERP Definition,Finance,1,2,0.0,0.0,0.0,100.0,50.0,2,100.0,CHAINTRUTH
2026-03-01,SUP-048,Supplier 048,Taiwan,APAC,0.54,PLT-03,Tokyo Precision,Japan,APAC,SMB,Singapore,OTIF_ERP,ERP Definition,Finance,1,1,0.0,0.0,0.0,100.0,0.0,1,100.0,CHAINTRUTH
2026-03-01,SUP-048,Supplier 048,Taiwan,APAC,0.54,PLT-09,Hanoi Assembly,Vietnam,APAC,SMB,USA,OTIF_ERP,ERP Definition,Finance,1,1,0.0,0.0,100.0,100.0,100.0,1,100.0,CHAINTRUTH
2026-03-01,SUP-049,Supplier 049,Vietnam,APAC,0.75,PLT-02,Detroit Works,USA,NA,Government,UK,OTIF_ERP,ERP Definition,Finance,1,1,100.0,100.0,100.0,100.0,100.0,0,0.0,CHAINTRUTH
2026-03-01,SUP-049,Supplier 049,Vietnam,APAC,0.75,PLT-08,Taipei Micro,Taiwan,APAC,Enterprise,Japan,OTIF_ERP,ERP Definition,Finance,1,1,0.0,0.0,0.0,100.0,100.0,1,100.0,CHAINTRUTH
2026-03-01,SUP-049,Supplier 049,Vietnam,APAC,0.75,PLT-09,Hanoi Assembly,Vietnam,APAC,SMB,USA,OTIF_ERP,ERP Definition,Finance,1,2,0.0,0.0,50.0,50.0,50.0,1,50.0,CHAINTRUTH
2026-03-01,SUP-049,Supplier 049,Vietnam,APAC,0.75,PLT-06,Sao Paulo Ops,Brazil,LATAM,Government,USA,OTIF_ERP,ERP Definition,Finance,1,1,100.0,100.0,0.0,100.0,100.0,1,100.0,CHAINTRUTH
2026-03-01,SUP-049,Supplier 049,Vietnam,APAC,0.75,PLT-06,Sao Paulo Ops,Brazil,LATAM,SMB,UK,OTIF_ERP,ERP Definition,Finance,1,1,0.0,0.0,100.0,100.0,0.0,1,100.0,CHAINTRUTH
2026-03-01,SUP-049,Supplier 049,Vietnam,APAC,0.75,PLT-02,Detroit Works,USA,NA,SMB,Japan,OTIF_ERP,ERP Definition,Finance,1,1,0.0,0.0,100.0,100.0,100.0,1,100.0,CHAINTRUTH
2026-04-01,SUP-000,Supplier 000,China,APAC,0.85,PLT-05,Monterrey Plant,Mexico,LATAM,SMB,Singapore,OTIF_ERP,ERP Definition,Finance,1,2,50.0,50.0,50.0,100.0,50.0,1,50.0,CHAINTRUTH
2026-04-01,SUP-000,Supplier 000,China,APAC,0.85,PLT-05,Monterrey Plant,Mexico,LATAM,Enterprise,Germany,OTIF_ERP,ERP Definition,Finance,1,2,0.0,0.0,0.0,100.0,50.0,2,100.0,CHAINTRUTH
2026-04-01,SUP-000,Supplier 000,China,APAC,0.85,PLT-04,Chennai Forge,India,APAC,SMB,Japan,OTIF_ERP,ERP Definition,Finance,1,1,0.0,0.0,0.0,100.0,100.0,1,100.0,CHAINTRUTH
2026-04-01,SUP-000,Supplier 000,China,APAC,0.85,PLT-04,Chennai Forge,India,APAC,SMB,Germany,OTIF_ERP,ERP Definition,Finance,1,1,0.0,0.0,0.0,100.0,0.0,1,100.0,CHAINTRUTH
2026-04-01,SUP-000,Supplier 000,China,APAC,0.85,PLT-05,Monterrey Plant,Mexico,LATAM,Enterprise,Australia,OTIF_ERP,ERP Definition,Finance,1,1,0.0,0.0,100.0,100.0,0.0,1,100.0,CHAINTRUTH
2026-04-01,SUP-000,Supplier 000,China,APAC,0.85,PLT-09,Hanoi Assembly,Vietnam,APAC,Enterprise,USA,OTIF_ERP,ERP Definition,Finance,1,1,0.0,0.0,100.0,100.0,100.0,1,100.0,CHAINTRUTH
2026-04-01,SUP-000,Supplier 000,China,APAC,0.85,PLT-05,Monterrey Plant,Mexico,LATAM,Enterprise,USA,OTIF_ERP,ERP Definition,Finance,1,1,0.0,0.0,0.0,100.0,100.0,1,100.0,CHAINTRUTH
2026-04-01,SUP-000,Supplier 000,China,APAC,0.85,PLT-00,Shanghai Hub,China,APAC,Enterprise,Australia,OTIF_ERP,ERP Definition,Finance,1,2,0.0,0.0,50.0,50.0,50.0,1,50.0,CHAINTRUTH
2026-04-01,SUP-001,Supplier 001,Germany,EMEA,0.7,PLT-01,Munich Center,Germany,EMEA,SMB,UK,OTIF_ERP,ERP Definition,Finance,1,1,0.0,0.0,0.0,100.0,100.0,1,100.0,CHAINTRUTH
2026-04-01,SUP-001,Supplier 001,Germany,EMEA,0.7,PLT-07,Seoul Tech,South Korea,APAC,Government,Singapore,OTIF_ERP,ERP Definition,Finance,1,1,0.0,0.0,100.0,100.0,100.0,1,100.0,CHAINTRUTH
2026-04-01,SUP-001,Supplier 001,Germany,EMEA,0.7,PLT-06,Sao Paulo Ops,Brazil,LATAM,Enterprise,Japan,OTIF_ERP,ERP Definition,Finance,1,1,0.0,0.0,0.0,100.0,100.0,1,100.0,CHAINTRUTH
2026-04-01,SUP-001,Supplier 001,Germany,EMEA,0.7,PLT-04,Chennai Forge,India,APAC,Enterprise,Singapore,OTIF_ERP,ERP Definition,Finance,1,1,0.0,0.0,100.0,100.0,100.0,1,100.0,CHAINTRUTH
2026-04-01,SUP-001,Supplier 001,Germany,EMEA,0.7,PLT-00,Shanghai Hub,China,APAC,Enterprise,USA,OTIF_ERP,ERP Definition,Finance,1,2,0.0,0.0,100.0,100.0,50.0,2,100.0,CHAINTRUTH
2026-04-01,SUP-002,Supplier 002,USA,NA,0.74,PLT-07,Seoul Tech,South Korea,APAC,Enterprise,UK,OTIF_ERP,ERP Definition,Finance,1,1,0.0,0.0,0.0,100.0,0.0,1,100.0,CHAINTRUTH
2026-04-01,SUP-002,Supplier 002,USA,NA,0.74,PLT-02,Detroit Works,USA,NA,Enterprise,USA,OTIF_ERP,ERP Definition,Finance,1,2,50.0,50.0,100.0,100.0,50.0,1,50.0,CHAINTRUTH
2026-04-01,SUP-002,Supplier 002,USA,NA,0.74,PLT-05,Monterrey Plant,Mexico,LATAM,SMB,UK,OTIF_ERP,ERP Definition,Finance,1,1,0.0,0.0,0.0,100.0,100.0,1,100.0,CHAINTRUTH
2026-04-01,SUP-002,Supplier 002,USA,NA,0.74,PLT-05,Monterrey Plant,Mexico,LATAM,Enterprise,Australia,OTIF_ERP,ERP Definition,Finance,1,2,0.0,0.0,50.0,100.0,50.0,2,100.0,CHAINTRUTH
2026-04-01,SUP-003,Supplier 003,Japan,APAC,0.64,PLT-07,Seoul Tech,South Korea,APAC,SMB,Australia,OTIF_ERP,ERP Definition,Finance,1,1,0.0,0.0,100.0,100.0,100.0,1,100.0,CHAINTRUTH
2026-04-01,SUP-003,Supplier 003,Japan,APAC,0.64,PLT-08,Taipei Micro,Taiwan,APAC,SMB,UK,OTIF_ERP,ERP Definition,Finance,1,1,0.0,0.0,0.0,100.0,100.0,1,100.0,CHAINTRUTH
2026-04-01,SUP-003,Supplier 003,Japan,APAC,0.64,PLT-05,Monterrey Plant,Mexico,LATAM,SMB,Japan,OTIF_ERP,ERP Definition,Finance,1,1,0.0,0.0,100.0,100.0,0.0,1,100.0,CHAINTRUTH
2026-04-01,SUP-003,Supplier 003,Japan,APAC,0.64,PLT-04,Chennai Forge,India,APAC,SMB,Japan,OTIF_ERP,ERP Definition,Finance,1,1,0.0,0.0,0.0,100.0,100.0,1,100.0,CHAINTRUTH
2026-04-01,SUP-003,Supplier 003,Japan,APAC,0.64,PLT-06,Sao Paulo Ops,Brazil,LATAM,Enterprise,USA,OTIF_ERP,ERP Definition,Finance,1,1,0.0,0.0,100.0,100.0,100.0,1,100.0,CHAINTRUTH
2026-04-01,SUP-003,Supplier 003,Japan,APAC,0.64,PLT-02,Detroit Works,USA,NA,Government,Germany,OTIF_ERP,ERP Definition,Finance,1,1,0.0,0.0,0.0,100.0,100.0,1,100.0,CHAINTRUTH
2026-04-01,SUP-003,Supplier 003,Japan,APAC,0.64,PLT-07,Seoul Tech,South Korea,APAC,SMB,Singapore,OTIF_ERP,ERP Definition,Finance,1,1,0.0,0.0,0.0,100.0,100.0,1,100.0,CHAINTRUTH
2026-04-01,SUP-003,Supplier 003,Japan,APAC,0.64,PLT-03,Tokyo Precision,Japan,APAC,SMB,France,OTIF_ERP,ERP Definition,Finance,1,2,0.0,0.0,0.0,100.0,50.0,2,100.0,CHAINTRUTH
2026-04-01,SUP-003,Supplier 003,Japan,APAC,0.64,PLT-05,Monterrey Plant,Mexico,LATAM,Enterprise,Canada,OTIF_ERP,ERP Definition,Finance,1,1,0.0,0.0,0.0,100.0,100.0,1,100.0,CHAINTRUTH
2026-04-01,SUP-004,Supplier 004,India,APAC,0.69,PLT-05,Monterrey Plant,Mexico,LATAM,SMB,Canada,OTIF_ERP,ERP Definition,Finance,1,1,0.0,0.0,0.0,100.0,0.0,1,100.0,CHAINTRUTH
2026-04-01,SUP-004,Supplier 004,India,APAC,0.69,PLT-07,Seoul Tech,South Korea,APAC,Enterprise,France,OTIF_ERP,ERP Definition,Finance,1,1,0.0,0.0,0.0,100.0,0.0,1,100.0,CHAINTRUTH
2026-04-01,SUP-004,Supplier 004,India,APAC,0.69,PLT-02,Detroit Works,USA,NA,Government,Germany,OTIF_ERP,ERP Definition,Finance,1,1,100.0,100.0,100.0,100.0,100.0,0,0.0,CHAINTRUTH
2026-04-01,SUP-004,Supplier 004,India,APAC,0.69,PLT-06,Sao Paulo Ops,Brazil,LATAM,Enterprise,Japan,OTIF_ERP,ERP Definition,Finance,1,1,0.0,0.0,0.0,100.0,100.0,1,100.0,CHAINTRUTH
2026-04-01,SUP-004,Supplier 004,India,APAC,0.69,PLT-09,Hanoi Assembly,Vietnam,APAC,SMB,Australia,OTIF_ERP,ERP Definition,Finance,1,1,0.0,0.0,100.0,100.0,100.0,1,100.0,CHAINTRUTH
2026-04-01,SUP-005,Supplier 005,Mexico,LATAM,0.77,PLT-03,Tokyo Precision,Japan,APAC,SMB,Canada,OTIF_ERP,ERP Definition,Finance,1,1,0.0,0.0,0.0,100.0,100.0,1,100.0,CHAINTRUTH
2026-04-01,SUP-005,Supplier 005,Mexico,LATAM,0.77,PLT-09,Hanoi Assembly,Vietnam,APAC,SMB,USA,OTIF_ERP,ERP Definition,Finance,1,1,0.0,0.0,100.0,100.0,100.0,1,100.0,CHAINTRUTH
2026-04-01,SUP-005,Supplier 005,Mexico,LATAM,0.77,PLT-09,Hanoi Assembly,Vietnam,APAC,Enterprise,Japan,OTIF_ERP,ERP Definition,Finance,1,2,0.0,0.0,0.0,100.0,50.0,2,100.0,CHAINTRUTH
2026-04-01,SUP-005,Supplier 005,Mexico,LATAM,0.77,PLT-04,Chennai Forge,India,APAC,Enterprise,France,OTIF_ERP,ERP Definition,Finance,1,1,0.0,0.0,100.0,100.0,100.0,1,100.0,CHAINTRUTH
2026-04-01,SUP-005,Supplier 005,Mexico,LATAM,0.77,PLT-07,Seoul Tech,South Korea,APAC,Enterprise,Canada,OTIF_ERP,ERP Definition,Finance,1,2,50.0,50.0,100.0,100.0,50.0,1,50.0,CHAINTRUTH
2026-04-01,SUP-006,Supplier 006,Brazil,LATAM,0.61,PLT-05,Monterrey Plant,Mexico,LATAM,SMB,UK,OTIF_ERP,ERP Definition,Finance,1,1,100.0,100.0,100.0,100.0,100.0,0,0.0,CHAINTRUTH
2026-04-01,SUP-006,Supplier 006,Brazil,LATAM,0.61,PLT-08,Taipei Micro,Taiwan,APAC,Enterprise,Singapore,OTIF_ERP,ERP Definition,Finance,1,2,0.0,0.0,100.0,100.0,0.0,2,100.0,CHAINTRUTH
2026-04-01,SUP-006,Supplier 006,Brazil,LATAM,0.61,PLT-04,Chennai Forge,India,APAC,Government,Australia,OTIF_ERP,ERP Definition,Finance,1,2,0.0,0.0,50.0,100.0,50.0,2,100.0,CHAINTRUTH
2026-04-01,SUP-007,Supplier 007,South Korea,APAC,0.84,PLT-04,Chennai Forge,India,APAC,Government,UK,OTIF_ERP,ERP Definition,Finance,1,1,0.0,0.0,0.0,100.0,100.0,1,100.0,CHAINTRUTH
2026-04-01,SUP-007,Supplier 007,South Korea,APAC,0.84,PLT-01,Munich Center,Germany,EMEA,SMB,Canada,OTIF_ERP,ERP Definition,Finance,1,1,0.0,0.0,0.0,100.0,100.0,1,100.0,CHAINTRUTH
2026-04-01,SUP-007,Supplier 007,South Korea,APAC,0.84,PLT-04,Chennai Forge,India,APAC,SMB,Canada,OTIF_ERP,ERP Definition,Finance,1,1,0.0,0.0,0.0,100.0,100.0,1,100.0,CHAINTRUTH
2026-04-01,SUP-007,Supplier 007,South Korea,APAC,0.84,PLT-04,Chennai Forge,India,APAC,SMB,Australia,OTIF_ERP,ERP Definition,Finance,1,1,0.0,0.0,0.0,100.0,100.0,1,100.0,CHAINTRUTH
2026-04-01,SUP-007,Supplier 007,South Korea,APAC,0.84,PLT-09,Hanoi Assembly,Vietnam,APAC,Enterprise,USA,OTIF_ERP,ERP Definition,Finance,1,1,0.0,0.0,100.0,100.0,100.0,1,100.0,CHAINTRUTH
2026-04-01,SUP-007,Supplier 007,South Korea,APAC,0.84,PLT-01,Munich Center,Germany,EMEA,Enterprise,Canada,OTIF_ERP,ERP Definition,Finance,1,2,0.0,50.0,0.0,100.0,0.0,2,100.0,CHAINTRUTH
2026-04-01,SUP-008,Supplier 008,Taiwan,APAC,0.73,PLT-02,Detroit Works,USA,NA,SMB,Australia,OTIF_ERP,ERP Definition,Finance,1,1,0.0,0.0,0.0,100.0,0.0,1,100.0,CHAINTRUTH
2026-04-01,SUP-008,Supplier 008,Taiwan,APAC,0.73,PLT-08,Taipei Micro,Taiwan,APAC,Enterprise,USA,OTIF_ERP,ERP Definition,Finance,1,2,0.0,0.0,50.0,100.0,50.0,2,100.0,CHAINTRUTH
2026-04-01,SUP-008,Supplier 008,Taiwan,APAC,0.73,PLT-00,Shanghai Hub,China,APAC,Enterprise,Japan,OTIF_ERP,ERP Definition,Finance,1,1,0.0,0.0,0.0,100.0,100.0,1,100.0,CHAINTRUTH
2026-04-01,SUP-008,Supplier 008,Taiwan,APAC,0.73,PLT-02,Detroit Works,USA,NA,SMB,Canada,OTIF_ERP,ERP Definition,Finance,1,1,0.0,0.0,0.0,100.0,100.0,1,100.0,CHAINTRUTH
2026-04-01,SUP-009,Supplier 009,Vietnam,APAC,1.0,PLT-00,Shanghai Hub,China,APAC,SMB,Japan,OTIF_ERP,ERP Definition,Finance,2,3,0.0,0.0,100.0,100.0,33.33,3,100.0,CHAINTRUTH
2026-04-01,SUP-009,Supplier 009,Vietnam,APAC,1.0,PLT-03,Tokyo Precision,Japan,APAC,SMB,Canada,OTIF_ERP,ERP Definition,Finance,1,1,0.0,0.0,0.0,100.0,0.0,1,100.0,CHAINTRUTH
2026-04-01,SUP-009,Supplier 009,Vietnam,APAC,1.0,PLT-09,Hanoi Assembly,Vietnam,APAC,SMB,Australia,OTIF_ERP,ERP Definition,Finance,1,1,0.0,0.0,100.0,100.0,0.0,1,100.0,CHAINTRUTH
2026-04-01,SUP-010,Supplier 010,China,APAC,0.76,PLT-09,Hanoi Assembly,Vietnam,APAC,SMB,USA,OTIF_ERP,ERP Definition,Finance,1,1,0.0,0.0,0.0,100.0,0.0,1,100.0,CHAINTRUTH
2026-04-01,SUP-010,Supplier 010,China,APAC,0.76,PLT-08,Taipei Micro,Taiwan,APAC,Enterprise,USA,OTIF_ERP,ERP Definition,Finance,1,1,0.0,0.0,100.0,100.0,100.0,1,100.0,CHAINTRUTH
2026-04-01,SUP-010,Supplier 010,China,APAC,0.76,PLT-04,Chennai Forge,India,APAC,Enterprise,Germany,OTIF_ERP,ERP Definition,Finance,1,1,0.0,0.0,100.0,100.0,0.0,1,100.0,CHAINTRUTH
2026-04-01,SUP-010,Supplier 010,China,APAC,0.76,PLT-03,Tokyo Precision,Japan,APAC,SMB,Canada,OTIF_ERP,ERP Definition,Finance,1,1,0.0,0.0,0.0,100.0,100.0,1,100.0,CHAINTRUTH
2026-04-01,SUP-010,Supplier 010,China,APAC,0.76,PLT-03,Tokyo Precision,Japan,APAC,Enterprise,Japan,OTIF_ERP,ERP Definition,Finance,1,1,0.0,0.0,0.0,100.0,100.0,1,100.0,CHAINTRUTH
2026-04-01,SUP-010,Supplier 010,China,APAC,0.76,PLT-05,Monterrey Plant,Mexico,LATAM,Enterprise,Germany,OTIF_ERP,ERP Definition,Finance,1,1,0.0,0.0,0.0,100.0,0.0,1,100.0,CHAINTRUTH
2026-04-01,SUP-010,Supplier 010,China,APAC,0.76,PLT-02,Detroit Works,USA,NA,SMB,France,OTIF_ERP,ERP Definition,Finance,1,2,0.0,0.0,50.0,100.0,0.0,2,100.0,CHAINTRUTH
2026-04-01,SUP-010,Supplier 010,China,APAC,0.76,PLT-05,Monterrey Plant,Mexico,LATAM,SMB,UK,OTIF_ERP,ERP Definition,Finance,1,2,0.0,0.0,50.0,100.0,50.0,2,100.0,CHAINTRUTH
2026-04-01,SUP-010,Supplier 010,China,APAC,0.76,PLT-02,Detroit Works,USA,NA,Enterprise,Germany,OTIF_ERP,ERP Definition,Finance,1,1,0.0,0.0,100.0,100.0,100.0,1,100.0,CHAINTRUTH
2026-04-01,SUP-011,Supplier 011,Germany,EMEA,0.53,PLT-05,Monterrey Plant,Mexico,LATAM,Government,Singapore,OTIF_ERP,ERP Definition,Finance,1,1,0.0,0.0,0.0,100.0,100.0,1,100.0,CHAINTRUTH
2026-04-01,SUP-011,Supplier 011,Germany,EMEA,0.53,PLT-08,Taipei Micro,Taiwan,APAC,SMB,UK,OTIF_ERP,ERP Definition,Finance,1,2,0.0,0.0,50.0,100.0,50.0,2,100.0,CHAINTRUTH
2026-04-01,SUP-011,Supplier 011,Germany,EMEA,0.53,PLT-04,Chennai Forge,India,APAC,Enterprise,Germany,OTIF_ERP,ERP Definition,Finance,1,1,0.0,0.0,0.0,100.0,100.0,1,100.0,CHAINTRUTH
2026-04-01,SUP-011,Supplier 011,Germany,EMEA,0.53,PLT-00,Shanghai Hub,China,APAC,Enterprise,USA,OTIF_ERP,ERP Definition,Finance,1,2,0.0,0.0,100.0,100.0,50.0,2,100.0,CHAINTRUTH
2026-04-01,SUP-011,Supplier 011,Germany,EMEA,0.53,PLT-07,Seoul Tech,South Korea,APAC,SMB,Germany,OTIF_ERP,ERP Definition,Finance,1,1,0.0,0.0,100.0,100.0,100.0,1,100.0,CHAINTRUTH
2026-04-01,SUP-011,Supplier 011,Germany,EMEA,0.53,PLT-05,Monterrey Plant,Mexico,LATAM,SMB,UK,OTIF_ERP,ERP Definition,Finance,1,1,0.0,0.0,100.0,100.0,100.0,1,100.0,CHAINTRUTH
2026-04-01,SUP-011,Supplier 011,Germany,EMEA,0.53,PLT-08,Taipei Micro,Taiwan,APAC,Government,Canada,OTIF_ERP,ERP Definition,Finance,1,1,0.0,0.0,100.0,100.0,100.0,1,100.0,CHAINTRUTH
2026-04-01,SUP-011,Supplier 011,Germany,EMEA,0.53,PLT-00,Shanghai Hub,China,APAC,SMB,Canada,OTIF_ERP,ERP Definition,Finance,1,1,0.0,0.0,0.0,100.0,0.0,1,100.0,CHAINTRUTH
2026-04-01,SUP-011,Supplier 011,Germany,EMEA,0.53,PLT-08,Taipei Micro,Taiwan,APAC,Enterprise,Germany,OTIF_ERP,ERP Definition,Finance,1,2,0.0,0.0,50.0,100.0,50.0,2,100.0,CHAINTRUTH
2026-04-01,SUP-011,Supplier 011,Germany,EMEA,0.53,PLT-01,Munich Center,Germany,EMEA,SMB,Canada,OTIF_ERP,ERP Definition,Finance,1,1,0.0,0.0,0.0,100.0,100.0,1,100.0,CHAINTRUTH
2026-04-01,SUP-012,Supplier 012,USA,NA,0.66,PLT-09,Hanoi Assembly,Vietnam,APAC,Enterprise,UK,OTIF_ERP,ERP Definition,Finance,1,1,0.0,0.0,0.0,100.0,0.0,1,100.0,CHAINTRUTH
2026-04-01,SUP-012,Supplier 012,USA,NA,0.66,PLT-06,Sao Paulo Ops,Brazil,LATAM,SMB,USA,OTIF_ERP,ERP Definition,Finance,1,1,0.0,0.0,0.0,100.0,100.0,1,100.0,CHAINTRUTH
2026-04-01,SUP-012,Supplier 012,USA,NA,0.66,PLT-08,Taipei Micro,Taiwan,APAC,SMB,UK,OTIF_ERP,ERP Definition,Finance,1,2,0.0,0.0,100.0,50.0,50.0,2,100.0,CHAINTRUTH
2026-04-01,SUP-012,Supplier 012,USA,NA,0.66,PLT-00,Shanghai Hub,China,APAC,Government,USA,OTIF_ERP,ERP Definition,Finance,1,1,0.0,0.0,100.0,100.0,100.0,1,100.0,CHAINTRUTH
2026-04-01,SUP-012,Supplier 012,USA,NA,0.66,PLT-04,Chennai Forge,India,APAC,SMB,Canada,OTIF_ERP,ERP Definition,Finance,1,1,0.0,0.0,0.0,100.0,100.0,1,100.0,CHAINTRUTH
2026-04-01,SUP-012,Supplier 012,USA,NA,0.66,PLT-00,Shanghai Hub,China,APAC,Enterprise,UK,OTIF_ERP,ERP Definition,Finance,1,1,0.0,0.0,0.0,100.0,100.0,1,100.0,CHAINTRUTH
2026-04-01,SUP-012,Supplier 012,USA,NA,0.66,PLT-07,Seoul Tech,South Korea,APAC,SMB,UK,OTIF_ERP,ERP Definition,Finance,1,1,0.0,0.0,100.0,100.0,0.0,1,100.0,CHAINTRUTH
2026-04-01,SUP-012,Supplier 012,USA,NA,0.66,PLT-09,Hanoi Assembly,Vietnam,APAC,Government,UK,OTIF_ERP,ERP Definition,Finance,1,1,0.0,0.0,0.0,100.0,100.0,1,100.0,CHAINTRUTH
2026-04-01,SUP-012,Supplier 012,USA,NA,0.66,PLT-00,Shanghai Hub,China,APAC,SMB,Germany,OTIF_ERP,ERP Definition,Finance,1,2,0.0,0.0,50.0,100.0,50.0,2,100.0,CHAINTRUTH
2026-04-01,SUP-012,Supplier 012,USA,NA,0.66,PLT-03,Tokyo Precision,Japan,APAC,SMB,USA,OTIF_ERP,ERP Definition,Finance,1,1,0.0,0.0,100.0,100.0,100.0,1,100.0,CHAINTRUTH
2026-04-01,SUP-013,Supplier 013,Japan,APAC,0.89,PLT-09,Hanoi Assembly,Vietnam,APAC,Government,USA,OTIF_ERP,ERP Definition,Finance,1,2,0.0,0.0,0.0,100.0,50.0,2,100.0,CHAINTRUTH
2026-04-01,SUP-013,Supplier 013,Japan,APAC,0.89,PLT-04,Chennai Forge,India,APAC,Enterprise,Australia,OTIF_ERP,ERP Definition,Finance,1,1,0.0,0.0,0.0,100.0,100.0,1,100.0,CHAINTRUTH
2026-04-01,SUP-013,Supplier 013,Japan,APAC,0.89,PLT-06,Sao Paulo Ops,Brazil,LATAM,Enterprise,France,OTIF_ERP,ERP Definition,Finance,1,1,0.0,0.0,100.0,100.0,0.0,1,100.0,CHAINTRUTH
2026-04-01,SUP-014,Supplier 014,India,APAC,0.95,PLT-07,Seoul Tech,South Korea,APAC,Government,USA,OTIF_ERP,ERP Definition,Finance,1,1,0.0,0.0,0.0,100.0,100.0,1,100.0,CHAINTRUTH
2026-04-01,SUP-014,Supplier 014,India,APAC,0.95,PLT-01,Munich Center,Germany,EMEA,Enterprise,Australia,OTIF_ERP,ERP Definition,Finance,1,2,50.0,50.0,100.0,100.0,50.0,1,50.0,CHAINTRUTH
2026-04-01,SUP-014,Supplier 014,India,APAC,0.95,PLT-02,Detroit Works,USA,NA,Government,Japan,OTIF_ERP,ERP Definition,Finance,1,1,100.0,100.0,100.0,100.0,100.0,0,0.0,CHAINTRUTH
2026-04-01,SUP-014,Supplier 014,India,APAC,0.95,PLT-04,Chennai Forge,India,APAC,SMB,Australia,OTIF_ERP,ERP Definition,Finance,1,1,0.0,0.0,100.0,100.0,100.0,1,100.0,CHAINTRUTH
2026-04-01,SUP-014,Supplier 014,India,APAC,0.95,PLT-00,Shanghai Hub,China,APAC,SMB,Germany,OTIF_ERP,ERP Definition,Finance,1,1,0.0,0.0,0.0,100.0,100.0,1,100.0,CHAINTRUTH
2026-04-01,SUP-014,Supplier 014,India,APAC,0.95,PLT-00,Shanghai Hub,China,APAC,SMB,Canada,OTIF_ERP,ERP Definition,Finance,1,1,0.0,0.0,100.0,100.0,0.0,1,100.0,CHAINTRUTH
2026-04-01,SUP-014,Supplier 014,India,APAC,0.95,PLT-06,Sao Paulo Ops,Brazil,LATAM,SMB,Japan,OTIF_ERP,ERP Definition,Finance,1,1,0.0,0.0,0.0,100.0,100.0,1,100.0,CHAINTRUTH
2026-04-01,SUP-014,Supplier 014,India,APAC,0.95,PLT-06,Sao Paulo Ops,Brazil,LATAM,SMB,Germany,OTIF_ERP,ERP Definition,Finance,1,1,100.0,100.0,100.0,100.0,100.0,0,0.0,CHAINTRUTH
2026-04-01,SUP-015,Supplier 015,Mexico,LATAM,0.75,PLT-09,Hanoi Assembly,Vietnam,APAC,Enterprise,USA,OTIF_ERP,ERP Definition,Finance,1,1,0.0,0.0,0.0,100.0,0.0,1,100.0,CHAINTRUTH
2026-04-01,SUP-015,Supplier 015,Mexico,LATAM,0.75,PLT-09,Hanoi Assembly,Vietnam,APAC,SMB,UK,OTIF_ERP,ERP Definition,Finance,1,1,100.0,100.0,100.0,100.0,100.0,0,0.0,CHAINTRUTH
2026-04-01,SUP-015,Supplier 015,Mexico,LATAM,0.75,PLT-04,Chennai Forge,India,APAC,SMB,USA,OTIF_ERP,ERP Definition,Finance,1,2,0.0,0.0,0.0,100.0,50.0,2,100.0,CHAINTRUTH
2026-04-01,SUP-015,Supplier 015,Mexico,LATAM,0.75,PLT-02,Detroit Works,USA,NA,SMB,UK,OTIF_ERP,ERP Definition,Finance,2,3,33.33,33.33,0.0,100.0,66.67,3,100.0,CHAINTRUTH
2026-04-01,SUP-015,Supplier 015,Mexico,LATAM,0.75,PLT-02,Detroit Works,USA,NA,SMB,Japan,OTIF_ERP,ERP Definition,Finance,1,1,100.0,100.0,100.0,100.0,100.0,0,0.0,CHAINTRUTH
2026-04-01,SUP-015,Supplier 015,Mexico,LATAM,0.75,PLT-09,Hanoi Assembly,Vietnam,APAC,Enterprise,Australia,OTIF_ERP,ERP Definition,Finance,1,1,0.0,0.0,0.0,100.0,100.0,1,100.0,CHAINTRUTH
2026-04-01,SUP-015,Supplier 015,Mexico,LATAM,0.75,PLT-01,Munich Center,Germany,EMEA,SMB,France,OTIF_ERP,ERP Definition,Finance,1,1,0.0,0.0,100.0,100.0,100.0,1,100.0,CHAINTRUTH
2026-04-01,SUP-016,Supplier 016,Brazil,LATAM,0.66,PLT-05,Monterrey Plant,Mexico,LATAM,Enterprise,Japan,OTIF_ERP,ERP Definition,Finance,1,1,0.0,0.0,100.0,100.0,100.0,1,100.0,CHAINTRUTH
2026-04-01,SUP-016,Supplier 016,Brazil,LATAM,0.66,PLT-04,Chennai Forge,India,APAC,Government,Germany,OTIF_ERP,ERP Definition,Finance,1,2,0.0,0.0,50.0,100.0,50.0,2,100.0,CHAINTRUTH
2026-04-01,SUP-016,Supplier 016,Brazil,LATAM,0.66,PLT-05,Monterrey Plant,Mexico,LATAM,SMB,Australia,OTIF_ERP,ERP Definition,Finance,1,2,0.0,0.0,0.0,100.0,50.0,2,100.0,CHAINTRUTH
2026-04-01,SUP-016,Supplier 016,Brazil,LATAM,0.66,PLT-03,Tokyo Precision,Japan,APAC,SMB,Canada,OTIF_ERP,ERP Definition,Finance,1,1,0.0,0.0,0.0,100.0,100.0,1,100.0,CHAINTRUTH
2026-04-01,SUP-016,Supplier 016,Brazil,LATAM,0.66,PLT-05,Monterrey Plant,Mexico,LATAM,Government,France,OTIF_ERP,ERP Definition,Finance,1,1,0.0,0.0,100.0,100.0,100.0,1,100.0,CHAINTRUTH
2026-04-01,SUP-016,Supplier 016,Brazil,LATAM,0.66,PLT-02,Detroit Works,USA,NA,SMB,USA,OTIF_ERP,ERP Definition,Finance,1,1,0.0,0.0,0.0,100.0,100.0,1,100.0,CHAINTRUTH
2026-04-01,SUP-017,Supplier 017,South Korea,APAC,0.89,PLT-01,Munich Center,Germany,EMEA,SMB,UK,OTIF_ERP,ERP Definition,Finance,1,2,0.0,0.0,50.0,100.0,50.0,2,100.0,CHAINTRUTH
2026-04-01,SUP-017,Supplier 017,South Korea,APAC,0.89,PLT-04,Chennai Forge,India,APAC,Enterprise,Japan,OTIF_ERP,ERP Definition,Finance,1,1,0.0,0.0,0.0,100.0,100.0,1,100.0,CHAINTRUTH
2026-04-01,SUP-017,Supplier 017,South Korea,APAC,0.89,PLT-01,Munich Center,Germany,EMEA,SMB,Singapore,OTIF_ERP,ERP Definition,Finance,1,1,0.0,0.0,0.0,100.0,0.0,1,100.0,CHAINTRUTH
2026-04-01,SUP-017,Supplier 017,South Korea,APAC,0.89,PLT-02,Detroit Works,USA,NA,SMB,UK,OTIF_ERP,ERP Definition,Finance,1,2,50.0,50.0,100.0,100.0,50.0,1,50.0,CHAINTRUTH
2026-04-01,SUP-017,Supplier 017,South Korea,APAC,0.89,PLT-07,Seoul Tech,South Korea,APAC,SMB,Japan,OTIF_ERP,ERP Definition,Finance,1,1,0.0,0.0,100.0,100.0,100.0,1,100.0,CHAINTRUTH
2026-04-01,SUP-017,Supplier 017,South Korea,APAC,0.89,PLT-08,Taipei Micro,Taiwan,APAC,SMB,Singapore,OTIF_ERP,ERP Definition,Finance,1,1,0.0,0.0,0.0,100.0,100.0,1,100.0,CHAINTRUTH
2026-04-01,SUP-017,Supplier 017,South Korea,APAC,0.89,PLT-06,Sao Paulo Ops,Brazil,LATAM,Government,USA,OTIF_ERP,ERP Definition,Finance,1,1,0.0,0.0,0.0,100.0,100.0,1,100.0,CHAINTRUTH
2026-04-01,SUP-018,Supplier 018,Taiwan,APAC,0.75,PLT-00,Shanghai Hub,China,APAC,SMB,Singapore,OTIF_ERP,ERP Definition,Finance,1,1,0.0,0.0,0.0,100.0,0.0,1,100.0,CHAINTRUTH
2026-04-01,SUP-018,Supplier 018,Taiwan,APAC,0.75,PLT-09,Hanoi Assembly,Vietnam,APAC,Enterprise,France,OTIF_ERP,ERP Definition,Finance,1,1,0.0,0.0,100.0,100.0,100.0,1,100.0,CHAINTRUTH
2026-04-01,SUP-018,Supplier 018,Taiwan,APAC,0.75,PLT-02,Detroit Works,USA,NA,Government,USA,OTIF_ERP,ERP Definition,Finance,1,1,100.0,100.0,0.0,100.0,100.0,1,100.0,CHAINTRUTH
2026-04-01,SUP-018,Supplier 018,Taiwan,APAC,0.75,PLT-09,Hanoi Assembly,Vietnam,APAC,Enterprise,Singapore,OTIF_ERP,ERP Definition,Finance,1,1,0.0,0.0,100.0,100.0,0.0,1,100.0,CHAINTRUTH
2026-04-01,SUP-018,Supplier 018,Taiwan,APAC,0.75,PLT-06,Sao Paulo Ops,Brazil,LATAM,SMB,Australia,OTIF_ERP,ERP Definition,Finance,1,1,0.0,0.0,100.0,100.0,100.0,1,100.0,CHAINTRUTH
2026-04-01,SUP-018,Supplier 018,Taiwan,APAC,0.75,PLT-07,Seoul Tech,South Korea,APAC,Enterprise,USA,OTIF_ERP,ERP Definition,Finance,1,1,0.0,0.0,0.0,100.0,100.0,1,100.0,CHAINTRUTH
2026-04-01,SUP-018,Supplier 018,Taiwan,APAC,0.75,PLT-06,Sao Paulo Ops,Brazil,LATAM,SMB,France,OTIF_ERP,ERP Definition,Finance,1,1,0.0,0.0,100.0,100.0,100.0,1,100.0,CHAINTRUTH
2026-04-01,SUP-018,Supplier 018,Taiwan,APAC,0.75,PLT-00,Shanghai Hub,China,APAC,SMB,Germany,OTIF_ERP,ERP Definition,Finance,1,1,0.0,0.0,0.0,100.0,100.0,1,100.0,CHAINTRUTH
2026-04-01,SUP-018,Supplier 018,Taiwan,APAC,0.75,PLT-07,Seoul Tech,South Korea,APAC,SMB,Japan,OTIF_ERP,ERP Definition,Finance,1,1,0.0,0.0,0.0,100.0,0.0,1,100.0,CHAINTRUTH
2026-04-01,SUP-019,Supplier 019,Vietnam,APAC,0.57,PLT-01,Munich Center,Germany,EMEA,Enterprise,Canada,OTIF_ERP,ERP Definition,Finance,1,1,0.0,0.0,100.0,100.0,0.0,1,100.0,CHAINTRUTH
2026-04-01,SUP-019,Supplier 019,Vietnam,APAC,0.57,PLT-01,Munich Center,Germany,EMEA,Enterprise,Singapore,OTIF_ERP,ERP Definition,Finance,1,1,0.0,0.0,0.0,100.0,100.0,1,100.0,CHAINTRUTH
2026-04-01,SUP-019,Supplier 019,Vietnam,APAC,0.57,PLT-05,Monterrey Plant,Mexico,LATAM,SMB,UK,OTIF_ERP,ERP Definition,Finance,1,2,0.0,0.0,50.0,100.0,0.0,2,100.0,CHAINTRUTH
2026-04-01,SUP-019,Supplier 019,Vietnam,APAC,0.57,PLT-08,Taipei Micro,Taiwan,APAC,Enterprise,Japan,OTIF_ERP,ERP Definition,Finance,1,1,0.0,0.0,100.0,100.0,0.0,1,100.0,CHAINTRUTH
2026-04-01,SUP-019,Supplier 019,Vietnam,APAC,0.57,PLT-02,Detroit Works,USA,NA,Government,Japan,OTIF_ERP,ERP Definition,Finance,1,2,0.0,0.0,0.0,100.0,0.0,2,100.0,CHAINTRUTH
2026-04-01,SUP-020,Supplier 020,China,APAC,0.6,PLT-09,Hanoi Assembly,Vietnam,APAC,SMB,Japan,OTIF_ERP,ERP Definition,Finance,1,1,100.0,100.0,100.0,100.0,100.0,0,0.0,CHAINTRUTH
2026-04-01,SUP-020,Supplier 020,China,APAC,0.6,PLT-08,Taipei Micro,Taiwan,APAC,Government,Australia,OTIF_ERP,ERP Definition,Finance,1,1,0.0,0.0,0.0,100.0,100.0,1,100.0,CHAINTRUTH
2026-04-01,SUP-020,Supplier 020,China,APAC,0.6,PLT-07,Seoul Tech,South Korea,APAC,SMB,USA,OTIF_ERP,ERP Definition,Finance,1,2,0.0,0.0,0.0,50.0,50.0,1,50.0,CHAINTRUTH
2026-04-01,SUP-021,Supplier 021,Germany,EMEA,0.75,PLT-03,Tokyo Precision,Japan,APAC,SMB,Germany,OTIF_ERP,ERP Definition,Finance,1,1,0.0,0.0,100.0,100.0,100.0,1,100.0,CHAINTRUTH
2026-04-01,SUP-021,Supplier 021,Germany,EMEA,0.75,PLT-07,Seoul Tech,South Korea,APAC,Government,Canada,OTIF_ERP,ERP Definition,Finance,1,2,0.0,0.0,100.0,100.0,0.0,2,100.0,CHAINTRUTH
2026-04-01,SUP-022,Supplier 022,USA,NA,0.8,PLT-02,Detroit Works,USA,NA,SMB,USA,OTIF_ERP,ERP Definition,Finance,1,1,100.0,100.0,0.0,100.0,100.0,1,100.0,CHAINTRUTH
2026-04-01,SUP-022,Supplier 022,USA,NA,0.8,PLT-03,Tokyo Precision,Japan,APAC,SMB,Singapore,OTIF_ERP,ERP Definition,Finance,1,1,0.0,0.0,0.0,100.0,100.0,1,100.0,CHAINTRUTH
2026-04-01,SUP-022,Supplier 022,USA,NA,0.8,PLT-03,Tokyo Precision,Japan,APAC,SMB,Australia,OTIF_ERP,ERP Definition,Finance,1,1,0.0,0.0,100.0,100.0,100.0,1,100.0,CHAINTRUTH
2026-04-01,SUP-022,Supplier 022,USA,NA,0.8,PLT-04,Chennai Forge,India,APAC,Enterprise,UK,OTIF_ERP,ERP Definition,Finance,1,1,0.0,0.0,100.0,100.0,100.0,1,100.0,CHAINTRUTH
2026-04-01,SUP-022,Supplier 022,USA,NA,0.8,PLT-00,Shanghai Hub,China,APAC,SMB,UK,OTIF_ERP,ERP Definition,Finance,1,2,0.0,0.0,0.0,100.0,50.0,2,100.0,CHAINTRUTH
2026-04-01,SUP-022,Supplier 022,USA,NA,0.8,PLT-06,Sao Paulo Ops,Brazil,LATAM,Government,Germany,OTIF_ERP,ERP Definition,Finance,1,1,0.0,0.0,0.0,100.0,100.0,1,100.0,CHAINTRUTH
2026-04-01,SUP-023,Supplier 023,Japan,APAC,0.98,PLT-06,Sao Paulo Ops,Brazil,LATAM,Enterprise,Canada,OTIF_ERP,ERP Definition,Finance,1,1,0.0,0.0,100.0,100.0,100.0,1,100.0,CHAINTRUTH
2026-04-01,SUP-023,Supplier 023,Japan,APAC,0.98,PLT-05,Monterrey Plant,Mexico,LATAM,SMB,Singapore,OTIF_ERP,ERP Definition,Finance,1,1,100.0,100.0,100.0,100.0,100.0,0,0.0,CHAINTRUTH
2026-04-01,SUP-023,Supplier 023,Japan,APAC,0.98,PLT-07,Seoul Tech,South Korea,APAC,SMB,Germany,OTIF_ERP,ERP Definition,Finance,1,2,0.0,0.0,50.0,100.0,50.0,2,100.0,CHAINTRUTH
2026-04-01,SUP-023,Supplier 023,Japan,APAC,0.98,PLT-07,Seoul Tech,South Korea,APAC,Enterprise,USA,OTIF_ERP,ERP Definition,Finance,1,1,0.0,0.0,0.0,100.0,100.0,1,100.0,CHAINTRUTH
2026-04-01,SUP-023,Supplier 023,Japan,APAC,0.98,PLT-04,Chennai Forge,India,APAC,SMB,Canada,OTIF_ERP,ERP Definition,Finance,1,1,0.0,0.0,100.0,100.0,100.0,1,100.0,CHAINTRUTH
2026-04-01,SUP-024,Supplier 024,India,APAC,0.89,PLT-08,Taipei Micro,Taiwan,APAC,SMB,Australia,OTIF_ERP,ERP Definition,Finance,1,2,0.0,0.0,50.0,100.0,50.0,2,100.0,CHAINTRUTH
2026-04-01,SUP-024,Supplier 024,India,APAC,0.89,PLT-02,Detroit Works,USA,NA,Enterprise,France,OTIF_ERP,ERP Definition,Finance,1,2,0.0,50.0,50.0,100.0,0.0,1,50.0,CHAINTRUTH
2026-04-01,SUP-024,Supplier 024,India,APAC,0.89,PLT-09,Hanoi Assembly,Vietnam,APAC,SMB,Singapore,OTIF_ERP,ERP Definition,Finance,1,1,0.0,0.0,100.0,100.0,0.0,1,100.0,CHAINTRUTH
2026-04-01,SUP-024,Supplier 024,India,APAC,0.89,PLT-02,Detroit Works,USA,NA,Government,UK,OTIF_ERP,ERP Definition,Finance,1,1,100.0,100.0,100.0,100.0,100.0,0,0.0,CHAINTRUTH
2026-04-01,SUP-024,Supplier 024,India,APAC,0.89,PLT-07,Seoul Tech,South Korea,APAC,SMB,Australia,OTIF_ERP,ERP Definition,Finance,1,1,0.0,0.0,0.0,100.0,100.0,1,100.0,CHAINTRUTH
2026-04-01,SUP-024,Supplier 024,India,APAC,0.89,PLT-01,Munich Center,Germany,EMEA,SMB,UK,OTIF_ERP,ERP Definition,Finance,1,1,0.0,0.0,0.0,100.0,100.0,1,100.0,CHAINTRUTH
2026-04-01,SUP-024,Supplier 024,India,APAC,0.89,PLT-00,Shanghai Hub,China,APAC,SMB,Australia,OTIF_ERP,ERP Definition,Finance,1,1,0.0,0.0,100.0,100.0,0.0,1,100.0,CHAINTRUTH
2026-04-01,SUP-024,Supplier 024,India,APAC,0.89,PLT-03,Tokyo Precision,Japan,APAC,Enterprise,Germany,OTIF_ERP,ERP Definition,Finance,1,1,100.0,100.0,0.0,100.0,100.0,1,100.0,CHAINTRUTH
2026-04-01,SUP-025,Supplier 025,Mexico,LATAM,0.71,PLT-04,Chennai Forge,India,APAC,SMB,UK,OTIF_ERP,ERP Definition,Finance,1,2,0.0,0.0,50.0,100.0,50.0,2,100.0,CHAINTRUTH
2026-04-01,SUP-025,Supplier 025,Mexico,LATAM,0.71,PLT-01,Munich Center,Germany,EMEA,Government,USA,OTIF_ERP,ERP Definition,Finance,1,1,0.0,0.0,0.0,100.0,0.0,1,100.0,CHAINTRUTH
2026-04-01,SUP-025,Supplier 025,Mexico,LATAM,0.71,PLT-00,Shanghai Hub,China,APAC,Government,Germany,OTIF_ERP,ERP Definition,Finance,1,2,0.0,0.0,100.0,100.0,50.0,2,100.0,CHAINTRUTH
2026-04-01,SUP-025,Supplier 025,Mexico,LATAM,0.71,PLT-02,Detroit Works,USA,NA,Government,Germany,OTIF_ERP,ERP Definition,Finance,1,1,0.0,0.0,100.0,100.0,100.0,1,100.0,CHAINTRUTH
2026-04-01,SUP-025,Supplier 025,Mexico,LATAM,0.71,PLT-01,Munich Center,Germany,EMEA,Government,Canada,OTIF_ERP,ERP Definition,Finance,1,1,100.0,100.0,100.0,100.0,100.0,0,0.0,CHAINTRUTH
2026-04-01,SUP-026,Supplier 026,Brazil,LATAM,0.73,PLT-00,Shanghai Hub,China,APAC,Enterprise,Germany,OTIF_ERP,ERP Definition,Finance,2,3,0.0,0.0,33.33,100.0,33.33,3,100.0,CHAINTRUTH
2026-04-01,SUP-026,Supplier 026,Brazil,LATAM,0.73,PLT-00,Shanghai Hub,China,APAC,Enterprise,Canada,OTIF_ERP,ERP Definition,Finance,1,1,0.0,0.0,100.0,100.0,100.0,1,100.0,CHAINTRUTH
2026-04-01,SUP-026,Supplier 026,Brazil,LATAM,0.73,PLT-09,Hanoi Assembly,Vietnam,APAC,SMB,France,OTIF_ERP,ERP Definition,Finance,1,1,100.0,100.0,100.0,100.0,100.0,0,0.0,CHAINTRUTH
2026-04-01,SUP-026,Supplier 026,Brazil,LATAM,0.73,PLT-01,Munich Center,Germany,EMEA,Enterprise,Japan,OTIF_ERP,ERP Definition,Finance,1,1,0.0,0.0,100.0,100.0,100.0,1,100.0,CHAINTRUTH
2026-04-01,SUP-026,Supplier 026,Brazil,LATAM,0.73,PLT-02,Detroit Works,USA,NA,Enterprise,Japan,OTIF_ERP,ERP Definition,Finance,1,1,0.0,0.0,0.0,100.0,100.0,1,100.0,CHAINTRUTH
2026-04-01,SUP-026,Supplier 026,Brazil,LATAM,0.73,PLT-07,Seoul Tech,South Korea,APAC,SMB,UK,OTIF_ERP,ERP Definition,Finance,1,1,0.0,0.0,0.0,100.0,0.0,1,100.0,CHAINTRUTH
2026-04-01,SUP-026,Supplier 026,Brazil,LATAM,0.73,PLT-04,Chennai Forge,India,APAC,Enterprise,France,OTIF_ERP,ERP Definition,Finance,1,1,0.0,0.0,0.0,100.0,100.0,1,100.0,CHAINTRUTH
2026-04-01,SUP-027,Supplier 027,South Korea,APAC,0.94,PLT-03,Tokyo Precision,Japan,APAC,SMB,Germany,OTIF_ERP,ERP Definition,Finance,1,1,0.0,0.0,0.0,100.0,100.0,1,100.0,CHAINTRUTH
2026-04-01,SUP-027,Supplier 027,South Korea,APAC,0.94,PLT-01,Munich Center,Germany,EMEA,Enterprise,UK,OTIF_ERP,ERP Definition,Finance,1,1,0.0,0.0,100.0,100.0,0.0,1,100.0,CHAINTRUTH
2026-04-01,SUP-027,Supplier 027,South Korea,APAC,0.94,PLT-02,Detroit Works,USA,NA,SMB,Japan,OTIF_ERP,ERP Definition,Finance,1,1,0.0,100.0,0.0,100.0,0.0,1,100.0,CHAINTRUTH
2026-04-01,SUP-027,Supplier 027,South Korea,APAC,0.94,PLT-06,Sao Paulo Ops,Brazil,LATAM,SMB,UK,OTIF_ERP,ERP Definition,Finance,1,1,0.0,0.0,0.0,100.0,100.0,1,100.0,CHAINTRUTH
2026-04-01,SUP-027,Supplier 027,South Korea,APAC,0.94,PLT-05,Monterrey Plant,Mexico,LATAM,SMB,UK,OTIF_ERP,ERP Definition,Finance,1,1,0.0,0.0,100.0,100.0,100.0,1,100.0,CHAINTRUTH
2026-04-01,SUP-027,Supplier 027,South Korea,APAC,0.94,PLT-06,Sao Paulo Ops,Brazil,LATAM,SMB,Canada,OTIF_ERP,ERP Definition,Finance,1,2,0.0,0.0,100.0,100.0,50.0,2,100.0,CHAINTRUTH
2026-04-01,SUP-027,Supplier 027,South Korea,APAC,0.94,PLT-07,Seoul Tech,South Korea,APAC,SMB,France,OTIF_ERP,ERP Definition,Finance,1,1,0.0,100.0,0.0,100.0,0.0,1,100.0,CHAINTRUTH
2026-04-01,SUP-027,Supplier 027,South Korea,APAC,0.94,PLT-08,Taipei Micro,Taiwan,APAC,Government,Australia,OTIF_ERP,ERP Definition,Finance,1,1,0.0,0.0,100.0,100.0,0.0,1,100.0,CHAINTRUTH
2026-04-01,SUP-027,Supplier 027,South Korea,APAC,0.94,PLT-07,Seoul Tech,South Korea,APAC,SMB,Singapore,OTIF_ERP,ERP Definition,Finance,1,1,0.0,0.0,100.0,100.0,0.0,1,100.0,CHAINTRUTH
2026-04-01,SUP-027,Supplier 027,South Korea,APAC,0.94,PLT-01,Munich Center,Germany,EMEA,Government,France,OTIF_ERP,ERP Definition,Finance,1,1,100.0,100.0,0.0,100.0,100.0,1,100.0,CHAINTRUTH
2026-04-01,SUP-028,Supplier 028,Taiwan,APAC,0.84,PLT-06,Sao Paulo Ops,Brazil,LATAM,SMB,Japan,OTIF_ERP,ERP Definition,Finance,1,1,0.0,0.0,100.0,100.0,100.0,1,100.0,CHAINTRUTH
2026-04-01,SUP-028,Supplier 028,Taiwan,APAC,0.84,PLT-00,Shanghai Hub,China,APAC,SMB,Singapore,OTIF_ERP,ERP Definition,Finance,1,2,0.0,0.0,0.0,100.0,50.0,2,100.0,CHAINTRUTH
2026-04-01,SUP-028,Supplier 028,Taiwan,APAC,0.84,PLT-08,Taipei Micro,Taiwan,APAC,SMB,France,OTIF_ERP,ERP Definition,Finance,1,1,0.0,0.0,0.0,100.0,0.0,1,100.0,CHAINTRUTH
2026-04-01,SUP-029,Supplier 029,Vietnam,APAC,0.51,PLT-04,Chennai Forge,India,APAC,SMB,Canada,OTIF_ERP,ERP Definition,Finance,1,1,0.0,0.0,100.0,100.0,0.0,1,100.0,CHAINTRUTH
2026-04-01,SUP-029,Supplier 029,Vietnam,APAC,0.51,PLT-09,Hanoi Assembly,Vietnam,APAC,SMB,UK,OTIF_ERP,ERP Definition,Finance,1,1,0.0,0.0,100.0,100.0,100.0,1,100.0,CHAINTRUTH
2026-04-01,SUP-029,Supplier 029,Vietnam,APAC,0.51,PLT-03,Tokyo Precision,Japan,APAC,SMB,Singapore,OTIF_ERP,ERP Definition,Finance,1,1,0.0,0.0,0.0,100.0,100.0,1,100.0,CHAINTRUTH
2026-04-01,SUP-029,Supplier 029,Vietnam,APAC,0.51,PLT-02,Detroit Works,USA,NA,SMB,France,OTIF_ERP,ERP Definition,Finance,1,1,0.0,0.0,100.0,100.0,0.0,1,100.0,CHAINTRUTH
2026-04-01,SUP-029,Supplier 029,Vietnam,APAC,0.51,PLT-04,Chennai Forge,India,APAC,SMB,France,OTIF_ERP,ERP Definition,Finance,1,1,0.0,0.0,0.0,100.0,100.0,1,100.0,CHAINTRUTH
2026-04-01,SUP-030,Supplier 030,China,APAC,0.59,PLT-01,Munich Center,Germany,EMEA,Enterprise,USA,OTIF_ERP,ERP Definition,Finance,1,1,0.0,0.0,0.0,100.0,100.0,1,100.0,CHAINTRUTH
2026-04-01,SUP-030,Supplier 030,China,APAC,0.59,PLT-07,Seoul Tech,South Korea,APAC,Government,France,OTIF_ERP,ERP Definition,Finance,1,1,0.0,0.0,100.0,100.0,100.0,1,100.0,CHAINTRUTH
2026-04-01,SUP-030,Supplier 030,China,APAC,0.59,PLT-06,Sao Paulo Ops,Brazil,LATAM,Enterprise,France,OTIF_ERP,ERP Definition,Finance,1,2,0.0,0.0,50.0,100.0,50.0,2,100.0,CHAINTRUTH
2026-04-01,SUP-030,Supplier 030,China,APAC,0.59,PLT-07,Seoul Tech,South Korea,APAC,SMB,Germany,OTIF_ERP,ERP Definition,Finance,1,2,0.0,0.0,0.0,50.0,0.0,1,50.0,CHAINTRUTH
2026-04-01,SUP-030,Supplier 030,China,APAC,0.59,PLT-09,Hanoi Assembly,Vietnam,APAC,Enterprise,Japan,OTIF_ERP,ERP Definition,Finance,1,1,0.0,0.0,0.0,100.0,100.0,1,100.0,CHAINTRUTH
2026-04-01,SUP-030,Supplier 030,China,APAC,0.59,PLT-01,Munich Center,Germany,EMEA,Enterprise,France,OTIF_ERP,ERP Definition,Finance,1,2,0.0,0.0,0.0,100.0,50.0,2,100.0,CHAINTRUTH
2026-04-01,SUP-030,Supplier 030,China,APAC,0.59,PLT-01,Munich Center,Germany,EMEA,Enterprise,Japan,OTIF_ERP,ERP Definition,Finance,1,2,0.0,0.0,50.0,100.0,0.0,2,100.0,CHAINTRUTH
2026-04-01,SUP-030,Supplier 030,China,APAC,0.59,PLT-05,Monterrey Plant,Mexico,LATAM,Enterprise,Germany,OTIF_ERP,ERP Definition,Finance,1,1,0.0,0.0,0.0,100.0,100.0,1,100.0,CHAINTRUTH
2026-04-01,SUP-031,Supplier 031,Germany,EMEA,0.92,PLT-03,Tokyo Precision,Japan,APAC,SMB,France,OTIF_ERP,ERP Definition,Finance,1,1,0.0,0.0,0.0,100.0,100.0,1,100.0,CHAINTRUTH
2026-04-01,SUP-031,Supplier 031,Germany,EMEA,0.92,PLT-09,Hanoi Assembly,Vietnam,APAC,Government,Australia,OTIF_ERP,ERP Definition,Finance,1,1,0.0,0.0,0.0,100.0,100.0,1,100.0,CHAINTRUTH
2026-04-01,SUP-031,Supplier 031,Germany,EMEA,0.92,PLT-07,Seoul Tech,South Korea,APAC,Enterprise,Japan,OTIF_ERP,ERP Definition,Finance,1,1,0.0,0.0,0.0,100.0,0.0,1,100.0,CHAINTRUTH
2026-04-01,SUP-031,Supplier 031,Germany,EMEA,0.92,PLT-03,Tokyo Precision,Japan,APAC,SMB,Japan,OTIF_ERP,ERP Definition,Finance,1,1,0.0,0.0,0.0,100.0,0.0,1,100.0,CHAINTRUTH
2026-04-01,SUP-031,Supplier 031,Germany,EMEA,0.92,PLT-07,Seoul Tech,South Korea,APAC,Enterprise,Canada,OTIF_ERP,ERP Definition,Finance,1,1,0.0,0.0,0.0,100.0,0.0,1,100.0,CHAINTRUTH
2026-04-01,SUP-031,Supplier 031,Germany,EMEA,0.92,PLT-02,Detroit Works,USA,NA,SMB,Canada,OTIF_ERP,ERP Definition,Finance,2,2,100.0,100.0,0.0,100.0,100.0,2,100.0,CHAINTRUTH
2026-04-01,SUP-031,Supplier 031,Germany,EMEA,0.92,PLT-00,Shanghai Hub,China,APAC,SMB,USA,OTIF_ERP,ERP Definition,Finance,1,1,0.0,0.0,0.0,100.0,100.0,1,100.0,CHAINTRUTH
2026-04-01,SUP-032,Supplier 032,USA,NA,0.78,PLT-03,Tokyo Precision,Japan,APAC,Enterprise,France,OTIF_ERP,ERP Definition,Finance,1,1,0.0,0.0,100.0,100.0,100.0,1,100.0,CHAINTRUTH
2026-04-01,SUP-032,Supplier 032,USA,NA,0.78,PLT-00,Shanghai Hub,China,APAC,Government,Australia,OTIF_ERP,ERP Definition,Finance,1,2,0.0,0.0,0.0,100.0,0.0,2,100.0,CHAINTRUTH
2026-04-01,SUP-032,Supplier 032,USA,NA,0.78,PLT-08,Taipei Micro,Taiwan,APAC,Government,France,OTIF_ERP,ERP Definition,Finance,1,1,0.0,0.0,100.0,100.0,100.0,1,100.0,CHAINTRUTH
2026-04-01,SUP-032,Supplier 032,USA,NA,0.78,PLT-02,Detroit Works,USA,NA,Enterprise,France,OTIF_ERP,ERP Definition,Finance,1,1,100.0,100.0,100.0,100.0,100.0,0,0.0,CHAINTRUTH
2026-04-01,SUP-032,Supplier 032,USA,NA,0.78,PLT-02,Detroit Works,USA,NA,SMB,France,OTIF_ERP,ERP Definition,Finance,1,1,0.0,100.0,100.0,100.0,0.0,0,0.0,CHAINTRUTH
2026-04-01,SUP-032,Supplier 032,USA,NA,0.78,PLT-04,Chennai Forge,India,APAC,Enterprise,Singapore,OTIF_ERP,ERP Definition,Finance,1,1,0.0,0.0,0.0,100.0,100.0,1,100.0,CHAINTRUTH
2026-04-01,SUP-032,Supplier 032,USA,NA,0.78,PLT-03,Tokyo Precision,Japan,APAC,SMB,Singapore,OTIF_ERP,ERP Definition,Finance,1,1,0.0,0.0,0.0,100.0,100.0,1,100.0,CHAINTRUTH
2026-04-01,SUP-033,Supplier 033,Japan,APAC,0.5,PLT-02,Detroit Works,USA,NA,SMB,USA,OTIF_ERP,ERP Definition,Finance,1,1,100.0,100.0,0.0,100.0,100.0,1,100.0,CHAINTRUTH
2026-04-01,SUP-033,Supplier 033,Japan,APAC,0.5,PLT-03,Tokyo Precision,Japan,APAC,Enterprise,Japan,OTIF_ERP,ERP Definition,Finance,1,1,0.0,0.0,0.0,100.0,100.0,1,100.0,CHAINTRUTH
2026-04-01,SUP-034,Supplier 034,India,APAC,0.95,PLT-06,Sao Paulo Ops,Brazil,LATAM,SMB,France,OTIF_ERP,ERP Definition,Finance,1,1,0.0,0.0,0.0,100.0,0.0,1,100.0,CHAINTRUTH
2026-04-01,SUP-034,Supplier 034,India,APAC,0.95,PLT-07,Seoul Tech,South Korea,APAC,SMB,Germany,OTIF_ERP,ERP Definition,Finance,1,1,0.0,0.0,0.0,100.0,100.0,1,100.0,CHAINTRUTH
2026-04-01,SUP-034,Supplier 034,India,APAC,0.95,PLT-07,Seoul Tech,South Korea,APAC,Enterprise,USA,OTIF_ERP,ERP Definition,Finance,1,1,0.0,0.0,0.0,100.0,100.0,1,100.0,CHAINTRUTH
2026-04-01,SUP-034,Supplier 034,India,APAC,0.95,PLT-05,Monterrey Plant,Mexico,LATAM,SMB,Australia,OTIF_ERP,ERP Definition,Finance,1,1,0.0,0.0,100.0,100.0,0.0,1,100.0,CHAINTRUTH
2026-04-01,SUP-035,Supplier 035,Mexico,LATAM,0.77,PLT-05,Monterrey Plant,Mexico,LATAM,SMB,UK,OTIF_ERP,ERP Definition,Finance,1,1,0.0,0.0,100.0,100.0,100.0,1,100.0,CHAINTRUTH
2026-04-01,SUP-035,Supplier 035,Mexico,LATAM,0.77,PLT-09,Hanoi Assembly,Vietnam,APAC,SMB,France,OTIF_ERP,ERP Definition,Finance,1,1,0.0,0.0,0.0,100.0,0.0,1,100.0,CHAINTRUTH
2026-04-01,SUP-035,Supplier 035,Mexico,LATAM,0.77,PLT-09,Hanoi Assembly,Vietnam,APAC,SMB,Canada,OTIF_ERP,ERP Definition,Finance,1,1,0.0,0.0,0.0,100.0,0.0,1,100.0,CHAINTRUTH
2026-04-01,SUP-035,Supplier 035,Mexico,LATAM,0.77,PLT-05,Monterrey Plant,Mexico,LATAM,SMB,Australia,OTIF_ERP,ERP Definition,Finance,1,1,0.0,100.0,100.0,100.0,0.0,0,0.0,CHAINTRUTH
2026-04-01,SUP-035,Supplier 035,Mexico,LATAM,0.77,PLT-07,Seoul Tech,South Korea,APAC,Enterprise,UK,OTIF_ERP,ERP Definition,Finance,1,1,0.0,0.0,0.0,100.0,100.0,1,100.0,CHAINTRUTH
2026-04-01,SUP-035,Supplier 035,Mexico,LATAM,0.77,PLT-07,Seoul Tech,South Korea,APAC,SMB,Germany,OTIF_ERP,ERP Definition,Finance,1,1,0.0,0.0,0.0,100.0,0.0,1,100.0,CHAINTRUTH
2026-04-01,SUP-035,Supplier 035,Mexico,LATAM,0.77,PLT-07,Seoul Tech,South Korea,APAC,Government,Japan,OTIF_ERP,ERP Definition,Finance,1,1,0.0,0.0,0.0,100.0,100.0,1,100.0,CHAINTRUTH
2026-04-01,SUP-035,Supplier 035,Mexico,LATAM,0.77,PLT-05,Monterrey Plant,Mexico,LATAM,SMB,France,OTIF_ERP,ERP Definition,Finance,1,1,100.0,100.0,100.0,100.0,100.0,0,0.0,CHAINTRUTH
2026-04-01,SUP-036,Supplier 036,Brazil,LATAM,0.76,PLT-00,Shanghai Hub,China,APAC,SMB,Japan,OTIF_ERP,ERP Definition,Finance,1,1,0.0,0.0,0.0,100.0,0.0,1,100.0,CHAINTRUTH
2026-04-01,SUP-036,Supplier 036,Brazil,LATAM,0.76,PLT-00,Shanghai Hub,China,APAC,SMB,USA,OTIF_ERP,ERP Definition,Finance,1,1,0.0,0.0,0.0,100.0,100.0,1,100.0,CHAINTRUTH
2026-04-01,SUP-036,Supplier 036,Brazil,LATAM,0.76,PLT-09,Hanoi Assembly,Vietnam,APAC,Enterprise,Japan,OTIF_ERP,ERP Definition,Finance,1,1,100.0,100.0,100.0,100.0,100.0,0,0.0,CHAINTRUTH
2026-04-01,SUP-036,Supplier 036,Brazil,LATAM,0.76,PLT-06,Sao Paulo Ops,Brazil,LATAM,SMB,Australia,OTIF_ERP,ERP Definition,Finance,1,1,0.0,0.0,100.0,100.0,0.0,1,100.0,CHAINTRUTH
2026-04-01,SUP-037,Supplier 037,South Korea,APAC,0.7,PLT-03,Tokyo Precision,Japan,APAC,Government,Germany,OTIF_ERP,ERP Definition,Finance,1,1,0.0,0.0,0.0,100.0,100.0,1,100.0,CHAINTRUTH
2026-04-01,SUP-037,Supplier 037,South Korea,APAC,0.7,PLT-07,Seoul Tech,South Korea,APAC,SMB,USA,OTIF_ERP,ERP Definition,Finance,1,1,0.0,0.0,100.0,100.0,0.0,1,100.0,CHAINTRUTH
2026-04-01,SUP-037,Supplier 037,South Korea,APAC,0.7,PLT-09,Hanoi Assembly,Vietnam,APAC,SMB,France,OTIF_ERP,ERP Definition,Finance,1,2,0.0,0.0,100.0,100.0,50.0,2,100.0,CHAINTRUTH
2026-04-01,SUP-037,Supplier 037,South Korea,APAC,0.7,PLT-09,Hanoi Assembly,Vietnam,APAC,SMB,USA,OTIF_ERP,ERP Definition,Finance,1,1,0.0,0.0,0.0,100.0,100.0,1,100.0,CHAINTRUTH
2026-04-01,SUP-037,Supplier 037,South Korea,APAC,0.7,PLT-01,Munich Center,Germany,EMEA,SMB,USA,OTIF_ERP,ERP Definition,Finance,1,1,0.0,0.0,0.0,100.0,0.0,1,100.0,CHAINTRUTH
2026-04-01,SUP-037,Supplier 037,South Korea,APAC,0.7,PLT-08,Taipei Micro,Taiwan,APAC,SMB,Singapore,OTIF_ERP,ERP Definition,Finance,1,1,0.0,0.0,0.0,100.0,100.0,1,100.0,CHAINTRUTH
2026-04-01,SUP-038,Supplier 038,Taiwan,APAC,0.95,PLT-05,Monterrey Plant,Mexico,LATAM,SMB,Singapore,OTIF_ERP,ERP Definition,Finance,1,1,0.0,100.0,0.0,100.0,0.0,1,100.0,CHAINTRUTH
2026-04-01,SUP-038,Supplier 038,Taiwan,APAC,0.95,PLT-00,Shanghai Hub,China,APAC,SMB,Australia,OTIF_ERP,ERP Definition,Finance,1,1,0.0,0.0,0.0,100.0,0.0,1,100.0,CHAINTRUTH
2026-04-01,SUP-038,Supplier 038,Taiwan,APAC,0.95,PLT-09,Hanoi Assembly,Vietnam,APAC,Government,Germany,OTIF_ERP,ERP Definition,Finance,1,2,50.0,50.0,50.0,100.0,50.0,1,50.0,CHAINTRUTH
2026-04-01,SUP-038,Supplier 038,Taiwan,APAC,0.95,PLT-09,Hanoi Assembly,Vietnam,APAC,SMB,Canada,OTIF_ERP,ERP Definition,Finance,1,1,0.0,100.0,0.0,100.0,0.0,1,100.0,CHAINTRUTH
2026-04-01,SUP-038,Supplier 038,Taiwan,APAC,0.95,PLT-07,Seoul Tech,South Korea,APAC,SMB,Australia,OTIF_ERP,ERP Definition,Finance,1,1,0.0,0.0,0.0,100.0,100.0,1,100.0,CHAINTRUTH
2026-04-01,SUP-039,Supplier 039,Vietnam,APAC,0.68,PLT-01,Munich Center,Germany,EMEA,SMB,UK,OTIF_ERP,ERP Definition,Finance,1,1,100.0,100.0,100.0,100.0,100.0,0,0.0,CHAINTRUTH
2026-04-01,SUP-039,Supplier 039,Vietnam,APAC,0.68,PLT-07,Seoul Tech,South Korea,APAC,Government,Singapore,OTIF_ERP,ERP Definition,Finance,1,1,0.0,0.0,100.0,100.0,100.0,1,100.0,CHAINTRUTH
2026-04-01,SUP-039,Supplier 039,Vietnam,APAC,0.68,PLT-09,Hanoi Assembly,Vietnam,APAC,Government,Germany,OTIF_ERP,ERP Definition,Finance,1,2,0.0,0.0,50.0,100.0,50.0,2,100.0,CHAINTRUTH
2026-04-01,SUP-039,Supplier 039,Vietnam,APAC,0.68,PLT-05,Monterrey Plant,Mexico,LATAM,SMB,USA,OTIF_ERP,ERP Definition,Finance,1,1,0.0,0.0,100.0,100.0,100.0,1,100.0,CHAINTRUTH
2026-04-01,SUP-040,Supplier 040,China,APAC,0.96,PLT-07,Seoul Tech,South Korea,APAC,Enterprise,France,OTIF_ERP,ERP Definition,Finance,1,1,0.0,0.0,0.0,100.0,100.0,1,100.0,CHAINTRUTH
2026-04-01,SUP-040,Supplier 040,China,APAC,0.96,PLT-06,Sao Paulo Ops,Brazil,LATAM,Enterprise,Canada,OTIF_ERP,ERP Definition,Finance,1,1,100.0,100.0,100.0,100.0,100.0,0,0.0,CHAINTRUTH
2026-04-01,SUP-040,Supplier 040,China,APAC,0.96,PLT-02,Detroit Works,USA,NA,Government,Singapore,OTIF_ERP,ERP Definition,Finance,1,2,50.0,50.0,0.0,100.0,50.0,2,100.0,CHAINTRUTH
2026-04-01,SUP-040,Supplier 040,China,APAC,0.96,PLT-07,Seoul Tech,South Korea,APAC,SMB,Japan,OTIF_ERP,ERP Definition,Finance,1,1,0.0,0.0,0.0,100.0,100.0,1,100.0,CHAINTRUTH
2026-04-01,SUP-040,Supplier 040,China,APAC,0.96,PLT-05,Monterrey Plant,Mexico,LATAM,Enterprise,Japan,OTIF_ERP,ERP Definition,Finance,1,1,0.0,0.0,0.0,100.0,0.0,1,100.0,CHAINTRUTH
2026-04-01,SUP-041,Supplier 041,Germany,EMEA,0.64,PLT-06,Sao Paulo Ops,Brazil,LATAM,Enterprise,USA,OTIF_ERP,ERP Definition,Finance,1,1,0.0,0.0,0.0,100.0,0.0,1,100.0,CHAINTRUTH
2026-04-01,SUP-041,Supplier 041,Germany,EMEA,0.64,PLT-07,Seoul Tech,South Korea,APAC,SMB,Singapore,OTIF_ERP,ERP Definition,Finance,1,2,0.0,0.0,50.0,100.0,50.0,2,100.0,CHAINTRUTH
2026-04-01,SUP-042,Supplier 042,USA,NA,0.91,PLT-06,Sao Paulo Ops,Brazil,LATAM,SMB,Canada,OTIF_ERP,ERP Definition,Finance,1,1,0.0,0.0,100.0,100.0,100.0,1,100.0,CHAINTRUTH
2026-04-01,SUP-042,Supplier 042,USA,NA,0.91,PLT-08,Taipei Micro,Taiwan,APAC,Enterprise,Canada,OTIF_ERP,ERP Definition,Finance,1,2,0.0,0.0,100.0,100.0,50.0,2,100.0,CHAINTRUTH
2026-04-01,SUP-042,Supplier 042,USA,NA,0.91,PLT-04,Chennai Forge,India,APAC,Enterprise,Germany,OTIF_ERP,ERP Definition,Finance,1,1,0.0,0.0,0.0,100.0,100.0,1,100.0,CHAINTRUTH
2026-04-01,SUP-042,Supplier 042,USA,NA,0.91,PLT-03,Tokyo Precision,Japan,APAC,SMB,Singapore,OTIF_ERP,ERP Definition,Finance,1,1,0.0,0.0,100.0,100.0,100.0,1,100.0,CHAINTRUTH
2026-04-01,SUP-043,Supplier 043,Japan,APAC,0.98,PLT-05,Monterrey Plant,Mexico,LATAM,SMB,France,OTIF_ERP,ERP Definition,Finance,1,2,0.0,0.0,100.0,100.0,50.0,2,100.0,CHAINTRUTH
2026-04-01,SUP-043,Supplier 043,Japan,APAC,0.98,PLT-03,Tokyo Precision,Japan,APAC,Government,USA,OTIF_ERP,ERP Definition,Finance,1,2,50.0,50.0,50.0,100.0,50.0,1,50.0,CHAINTRUTH
2026-04-01,SUP-043,Supplier 043,Japan,APAC,0.98,PLT-02,Detroit Works,USA,NA,Enterprise,France,OTIF_ERP,ERP Definition,Finance,1,1,0.0,0.0,0.0,100.0,100.0,1,100.0,CHAINTRUTH
2026-04-01,SUP-043,Supplier 043,Japan,APAC,0.98,PLT-09,Hanoi Assembly,Vietnam,APAC,Government,Singapore,OTIF_ERP,ERP Definition,Finance,1,1,0.0,0.0,100.0,100.0,0.0,1,100.0,CHAINTRUTH
2026-04-01,SUP-043,Supplier 043,Japan,APAC,0.98,PLT-03,Tokyo Precision,Japan,APAC,Government,Singapore,OTIF_ERP,ERP Definition,Finance,1,2,0.0,0.0,50.0,50.0,50.0,2,100.0,CHAINTRUTH
2026-04-01,SUP-044,Supplier 044,India,APAC,0.55,PLT-03,Tokyo Precision,Japan,APAC,SMB,Singapore,OTIF_ERP,ERP Definition,Finance,1,1,0.0,0.0,100.0,100.0,100.0,1,100.0,CHAINTRUTH
2026-04-01,SUP-044,Supplier 044,India,APAC,0.55,PLT-04,Chennai Forge,India,APAC,Enterprise,Canada,OTIF_ERP,ERP Definition,Finance,1,1,0.0,0.0,0.0,100.0,100.0,1,100.0,CHAINTRUTH
2026-04-01,SUP-044,Supplier 044,India,APAC,0.55,PLT-00,Shanghai Hub,China,APAC,SMB,Canada,OTIF_ERP,ERP Definition,Finance,1,1,0.0,0.0,0.0,100.0,100.0,1,100.0,CHAINTRUTH
2026-04-01,SUP-044,Supplier 044,India,APAC,0.55,PLT-00,Shanghai Hub,China,APAC,SMB,UK,OTIF_ERP,ERP Definition,Finance,1,1,0.0,0.0,0.0,100.0,0.0,1,100.0,CHAINTRUTH
2026-04-01,SUP-044,Supplier 044,India,APAC,0.55,PLT-06,Sao Paulo Ops,Brazil,LATAM,Enterprise,USA,OTIF_ERP,ERP Definition,Finance,1,1,0.0,0.0,100.0,100.0,100.0,1,100.0,CHAINTRUTH
2026-04-01,SUP-044,Supplier 044,India,APAC,0.55,PLT-09,Hanoi Assembly,Vietnam,APAC,SMB,USA,OTIF_ERP,ERP Definition,Finance,1,1,0.0,0.0,100.0,100.0,100.0,1,100.0,CHAINTRUTH
2026-04-01,SUP-045,Supplier 045,Mexico,LATAM,0.92,PLT-04,Chennai Forge,India,APAC,SMB,UK,OTIF_ERP,ERP Definition,Finance,1,1,0.0,0.0,0.0,100.0,100.0,1,100.0,CHAINTRUTH
2026-04-01,SUP-045,Supplier 045,Mexico,LATAM,0.92,PLT-01,Munich Center,Germany,EMEA,Enterprise,Germany,OTIF_ERP,ERP Definition,Finance,1,1,0.0,0.0,0.0,100.0,100.0,1,100.0,CHAINTRUTH
2026-04-01,SUP-045,Supplier 045,Mexico,LATAM,0.92,PLT-01,Munich Center,Germany,EMEA,Enterprise,Japan,OTIF_ERP,ERP Definition,Finance,1,1,100.0,100.0,100.0,100.0,100.0,0,0.0,CHAINTRUTH
2026-04-01,SUP-045,Supplier 045,Mexico,LATAM,0.92,PLT-07,Seoul Tech,South Korea,APAC,Government,Singapore,OTIF_ERP,ERP Definition,Finance,1,1,0.0,0.0,100.0,100.0,100.0,1,100.0,CHAINTRUTH
2026-04-01,SUP-046,Supplier 046,Brazil,LATAM,0.96,PLT-01,Munich Center,Germany,EMEA,SMB,UK,OTIF_ERP,ERP Definition,Finance,1,1,0.0,0.0,0.0,100.0,0.0,1,100.0,CHAINTRUTH
2026-04-01,SUP-046,Supplier 046,Brazil,LATAM,0.96,PLT-01,Munich Center,Germany,EMEA,Enterprise,USA,OTIF_ERP,ERP Definition,Finance,1,1,0.0,0.0,0.0,100.0,0.0,1,100.0,CHAINTRUTH
2026-04-01,SUP-046,Supplier 046,Brazil,LATAM,0.96,PLT-08,Taipei Micro,Taiwan,APAC,Enterprise,USA,OTIF_ERP,ERP Definition,Finance,1,1,0.0,100.0,100.0,100.0,0.0,0,0.0,CHAINTRUTH
2026-04-01,SUP-046,Supplier 046,Brazil,LATAM,0.96,PLT-04,Chennai Forge,India,APAC,SMB,Canada,OTIF_ERP,ERP Definition,Finance,1,2,0.0,0.0,50.0,100.0,50.0,2,100.0,CHAINTRUTH
2026-04-01,SUP-046,Supplier 046,Brazil,LATAM,0.96,PLT-03,Tokyo Precision,Japan,APAC,SMB,Singapore,OTIF_ERP,ERP Definition,Finance,1,2,0.0,0.0,0.0,100.0,0.0,2,100.0,CHAINTRUTH
2026-04-01,SUP-047,Supplier 047,South Korea,APAC,0.59,PLT-07,Seoul Tech,South Korea,APAC,Government,Japan,OTIF_ERP,ERP Definition,Finance,1,1,0.0,0.0,100.0,100.0,0.0,1,100.0,CHAINTRUTH
2026-04-01,SUP-047,Supplier 047,South Korea,APAC,0.59,PLT-05,Monterrey Plant,Mexico,LATAM,SMB,Australia,OTIF_ERP,ERP Definition,Finance,1,1,0.0,0.0,100.0,100.0,100.0,1,100.0,CHAINTRUTH
2026-04-01,SUP-047,Supplier 047,South Korea,APAC,0.59,PLT-01,Munich Center,Germany,EMEA,SMB,UK,OTIF_ERP,ERP Definition,Finance,1,1,100.0,100.0,0.0,100.0,100.0,1,100.0,CHAINTRUTH
2026-04-01,SUP-047,Supplier 047,South Korea,APAC,0.59,PLT-07,Seoul Tech,South Korea,APAC,SMB,UK,OTIF_ERP,ERP Definition,Finance,1,1,0.0,0.0,0.0,100.0,100.0,1,100.0,CHAINTRUTH
2026-04-01,SUP-047,Supplier 047,South Korea,APAC,0.59,PLT-07,Seoul Tech,South Korea,APAC,SMB,Japan,OTIF_ERP,ERP Definition,Finance,1,2,0.0,0.0,0.0,50.0,50.0,1,50.0,CHAINTRUTH
2026-04-01,SUP-048,Supplier 048,Taiwan,APAC,0.54,PLT-00,Shanghai Hub,China,APAC,SMB,Germany,OTIF_ERP,ERP Definition,Finance,1,1,0.0,0.0,100.0,100.0,100.0,1,100.0,CHAINTRUTH
2026-04-01,SUP-048,Supplier 048,Taiwan,APAC,0.54,PLT-05,Monterrey Plant,Mexico,LATAM,SMB,Australia,OTIF_ERP,ERP Definition,Finance,1,1,0.0,0.0,100.0,100.0,100.0,1,100.0,CHAINTRUTH
2026-04-01,SUP-048,Supplier 048,Taiwan,APAC,0.54,PLT-02,Detroit Works,USA,NA,SMB,UK,OTIF_ERP,ERP Definition,Finance,1,1,0.0,0.0,0.0,100.0,100.0,1,100.0,CHAINTRUTH
2026-04-01,SUP-048,Supplier 048,Taiwan,APAC,0.54,PLT-05,Monterrey Plant,Mexico,LATAM,SMB,Germany,OTIF_ERP,ERP Definition,Finance,1,1,0.0,0.0,0.0,100.0,100.0,1,100.0,CHAINTRUTH
2026-04-01,SUP-048,Supplier 048,Taiwan,APAC,0.54,PLT-04,Chennai Forge,India,APAC,Enterprise,Japan,OTIF_ERP,ERP Definition,Finance,1,1,0.0,0.0,0.0,100.0,100.0,1,100.0,CHAINTRUTH
2026-04-01,SUP-048,Supplier 048,Taiwan,APAC,0.54,PLT-03,Tokyo Precision,Japan,APAC,SMB,Canada,OTIF_ERP,ERP Definition,Finance,1,2,0.0,0.0,50.0,50.0,50.0,2,100.0,CHAINTRUTH
2026-04-01,SUP-048,Supplier 048,Taiwan,APAC,0.54,PLT-07,Seoul Tech,South Korea,APAC,SMB,Germany,OTIF_ERP,ERP Definition,Finance,1,1,0.0,0.0,0.0,100.0,100.0,1,100.0,CHAINTRUTH
2026-04-01,SUP-048,Supplier 048,Taiwan,APAC,0.54,PLT-03,Tokyo Precision,Japan,APAC,SMB,France,OTIF_ERP,ERP Definition,Finance,1,1,0.0,0.0,0.0,100.0,100.0,1,100.0,CHAINTRUTH
2026-04-01,SUP-049,Supplier 049,Vietnam,APAC,0.75,PLT-03,Tokyo Precision,Japan,APAC,Government,Canada,OTIF_ERP,ERP Definition,Finance,1,1,0.0,0.0,100.0,100.0,0.0,1,100.0,CHAINTRUTH
2026-04-01,SUP-049,Supplier 049,Vietnam,APAC,0.75,PLT-03,Tokyo Precision,Japan,APAC,Enterprise,USA,OTIF_ERP,ERP Definition,Finance,1,1,0.0,0.0,0.0,100.0,100.0,1,100.0,CHAINTRUTH
2026-04-01,SUP-049,Supplier 049,Vietnam,APAC,0.75,PLT-01,Munich Center,Germany,EMEA,SMB,USA,OTIF_ERP,ERP Definition,Finance,1,1,0.0,0.0,100.0,100.0,100.0,1,100.0,CHAINTRUTH
2026-04-01,SUP-049,Supplier 049,Vietnam,APAC,0.75,PLT-04,Chennai Forge,India,APAC,SMB,UK,OTIF_ERP,ERP Definition,Finance,1,1,0.0,0.0,100.0,100.0,100.0,1,100.0,CHAINTRUTH
2026-05-01,SUP-000,Supplier 000,China,APAC,0.85,PLT-00,Shanghai Hub,China,APAC,SMB,Australia,OTIF_ERP,ERP Definition,Finance,1,1,0.0,0.0,0.0,100.0,0.0,1,100.0,CHAINTRUTH
2026-05-01,SUP-000,Supplier 000,China,APAC,0.85,PLT-04,Chennai Forge,India,APAC,SMB,Singapore,OTIF_ERP,ERP Definition,Finance,1,2,0.0,0.0,100.0,100.0,50.0,2,100.0,CHAINTRUTH
2026-05-01,SUP-000,Supplier 000,China,APAC,0.85,PLT-09,Hanoi Assembly,Vietnam,APAC,Government,Germany,OTIF_ERP,ERP Definition,Finance,1,1,0.0,0.0,0.0,100.0,100.0,1,100.0,CHAINTRUTH
2026-05-01,SUP-000,Supplier 000,China,APAC,0.85,PLT-05,Monterrey Plant,Mexico,LATAM,SMB,Canada,OTIF_ERP,ERP Definition,Finance,1,1,0.0,0.0,0.0,100.0,100.0,1,100.0,CHAINTRUTH
2026-05-01,SUP-001,Supplier 001,Germany,EMEA,0.7,PLT-00,Shanghai Hub,China,APAC,SMB,Australia,OTIF_ERP,ERP Definition,Finance,1,1,0.0,0.0,0.0,100.0,100.0,1,100.0,CHAINTRUTH
2026-05-01,SUP-001,Supplier 001,Germany,EMEA,0.7,PLT-07,Seoul Tech,South Korea,APAC,Government,Germany,OTIF_ERP,ERP Definition,Finance,1,1,0.0,0.0,0.0,100.0,100.0,1,100.0,CHAINTRUTH
2026-05-01,SUP-001,Supplier 001,Germany,EMEA,0.7,PLT-02,Detroit Works,USA,NA,Government,USA,OTIF_ERP,ERP Definition,Finance,1,1,0.0,0.0,0.0,100.0,100.0,1,100.0,CHAINTRUTH
2026-05-01,SUP-001,Supplier 001,Germany,EMEA,0.7,PLT-08,Taipei Micro,Taiwan,APAC,SMB,Australia,OTIF_ERP,ERP Definition,Finance,1,1,0.0,0.0,100.0,100.0,100.0,1,100.0,CHAINTRUTH
2026-05-01,SUP-001,Supplier 001,Germany,EMEA,0.7,PLT-07,Seoul Tech,South Korea,APAC,Government,USA,OTIF_ERP,ERP Definition,Finance,1,1,0.0,0.0,100.0,100.0,100.0,1,100.0,CHAINTRUTH
2026-05-01,SUP-001,Supplier 001,Germany,EMEA,0.7,PLT-05,Monterrey Plant,Mexico,LATAM,Enterprise,Germany,OTIF_ERP,ERP Definition,Finance,1,1,0.0,0.0,0.0,100.0,0.0,1,100.0,CHAINTRUTH
2026-05-01,SUP-002,Supplier 002,USA,NA,0.74,PLT-09,Hanoi Assembly,Vietnam,APAC,Government,Japan,OTIF_ERP,ERP Definition,Finance,1,1,0.0,0.0,0.0,100.0,100.0,1,100.0,CHAINTRUTH
2026-05-01,SUP-002,Supplier 002,USA,NA,0.74,PLT-02,Detroit Works,USA,NA,Government,USA,OTIF_ERP,ERP Definition,Finance,1,1,100.0,100.0,100.0,100.0,100.0,0,0.0,CHAINTRUTH
2026-05-01,SUP-002,Supplier 002,USA,NA,0.74,PLT-02,Detroit Works,USA,NA,SMB,UK,OTIF_ERP,ERP Definition,Finance,1,1,100.0,100.0,100.0,100.0,100.0,0,0.0,CHAINTRUTH
2026-05-01,SUP-002,Supplier 002,USA,NA,0.74,PLT-02,Detroit Works,USA,NA,SMB,Australia,OTIF_ERP,ERP Definition,Finance,1,1,0.0,0.0,0.0,100.0,0.0,1,100.0,CHAINTRUTH
2026-05-01,SUP-002,Supplier 002,USA,NA,0.74,PLT-09,Hanoi Assembly,Vietnam,APAC,Government,Singapore,OTIF_ERP,ERP Definition,Finance,1,1,0.0,100.0,100.0,100.0,0.0,0,0.0,CHAINTRUTH
2026-05-01,SUP-002,Supplier 002,USA,NA,0.74,PLT-09,Hanoi Assembly,Vietnam,APAC,Enterprise,Singapore,OTIF_ERP,ERP Definition,Finance,1,2,0.0,0.0,50.0,100.0,50.0,2,100.0,CHAINTRUTH
2026-05-01,SUP-002,Supplier 002,USA,NA,0.74,PLT-07,Seoul Tech,South Korea,APAC,SMB,Germany,OTIF_ERP,ERP Definition,Finance,1,2,0.0,0.0,50.0,100.0,0.0,2,100.0,CHAINTRUTH
2026-05-01,SUP-002,Supplier 002,USA,NA,0.74,PLT-05,Monterrey Plant,Mexico,LATAM,SMB,Germany,OTIF_ERP,ERP Definition,Finance,1,1,0.0,0.0,0.0,100.0,0.0,1,100.0,CHAINTRUTH
2026-05-01,SUP-003,Supplier 003,Japan,APAC,0.64,PLT-05,Monterrey Plant,Mexico,LATAM,SMB,Germany,OTIF_ERP,ERP Definition,Finance,1,2,0.0,0.0,100.0,100.0,50.0,2,100.0,CHAINTRUTH
2026-05-01,SUP-003,Supplier 003,Japan,APAC,0.64,PLT-01,Munich Center,Germany,EMEA,Enterprise,Japan,OTIF_ERP,ERP Definition,Finance,1,1,100.0,100.0,100.0,100.0,100.0,0,0.0,CHAINTRUTH
2026-05-01,SUP-003,Supplier 003,Japan,APAC,0.64,PLT-02,Detroit Works,USA,NA,Enterprise,Germany,OTIF_ERP,ERP Definition,Finance,1,1,0.0,0.0,0.0,100.0,100.0,1,100.0,CHAINTRUTH
2026-05-01,SUP-003,Supplier 003,Japan,APAC,0.64,PLT-06,Sao Paulo Ops,Brazil,LATAM,Government,Germany,OTIF_ERP,ERP Definition,Finance,1,1,0.0,0.0,0.0,100.0,0.0,1,100.0,CHAINTRUTH
2026-05-01,SUP-003,Supplier 003,Japan,APAC,0.64,PLT-02,Detroit Works,USA,NA,Enterprise,France,OTIF_ERP,ERP Definition,Finance,1,1,0.0,0.0,0.0,100.0,0.0,1,100.0,CHAINTRUTH
2026-05-01,SUP-003,Supplier 003,Japan,APAC,0.64,PLT-08,Taipei Micro,Taiwan,APAC,SMB,Australia,OTIF_ERP,ERP Definition,Finance,1,1,0.0,0.0,0.0,100.0,0.0,1,100.0,CHAINTRUTH
2026-05-01,SUP-003,Supplier 003,Japan,APAC,0.64,PLT-09,Hanoi Assembly,Vietnam,APAC,SMB,Singapore,OTIF_ERP,ERP Definition,Finance,1,2,0.0,0.0,50.0,50.0,50.0,1,50.0,CHAINTRUTH
2026-05-01,SUP-003,Supplier 003,Japan,APAC,0.64,PLT-04,Chennai Forge,India,APAC,Enterprise,France,OTIF_ERP,ERP Definition,Finance,1,2,0.0,0.0,50.0,100.0,0.0,2,100.0,CHAINTRUTH
2026-05-01,SUP-003,Supplier 003,Japan,APAC,0.64,PLT-08,Taipei Micro,Taiwan,APAC,Government,Australia,OTIF_ERP,ERP Definition,Finance,1,1,0.0,0.0,0.0,100.0,100.0,1,100.0,CHAINTRUTH
2026-05-01,SUP-003,Supplier 003,Japan,APAC,0.64,PLT-08,Taipei Micro,Taiwan,APAC,SMB,UK,OTIF_ERP,ERP Definition,Finance,1,1,0.0,0.0,100.0,100.0,100.0,1,100.0,CHAINTRUTH
2026-05-01,SUP-004,Supplier 004,India,APAC,0.69,PLT-03,Tokyo Precision,Japan,APAC,Government,France,OTIF_ERP,ERP Definition,Finance,1,1,0.0,0.0,100.0,100.0,100.0,1,100.0,CHAINTRUTH
2026-05-01,SUP-004,Supplier 004,India,APAC,0.69,PLT-08,Taipei Micro,Taiwan,APAC,Government,Australia,OTIF_ERP,ERP Definition,Finance,1,2,0.0,0.0,50.0,100.0,100.0,2,100.0,CHAINTRUTH
2026-05-01,SUP-004,Supplier 004,India,APAC,0.69,PLT-03,Tokyo Precision,Japan,APAC,SMB,Australia,OTIF_ERP,ERP Definition,Finance,1,1,0.0,0.0,100.0,100.0,0.0,1,100.0,CHAINTRUTH
2026-05-01,SUP-004,Supplier 004,India,APAC,0.69,PLT-02,Detroit Works,USA,NA,Government,Germany,OTIF_ERP,ERP Definition,Finance,1,2,0.0,0.0,0.0,100.0,50.0,2,100.0,CHAINTRUTH
2026-05-01,SUP-005,Supplier 005,Mexico,LATAM,0.77,PLT-06,Sao Paulo Ops,Brazil,LATAM,Government,Germany,OTIF_ERP,ERP Definition,Finance,1,1,0.0,0.0,0.0,100.0,100.0,1,100.0,CHAINTRUTH
2026-05-01,SUP-005,Supplier 005,Mexico,LATAM,0.77,PLT-01,Munich Center,Germany,EMEA,Government,Australia,OTIF_ERP,ERP Definition,Finance,1,1,0.0,0.0,100.0,100.0,100.0,1,100.0,CHAINTRUTH
2026-05-01,SUP-005,Supplier 005,Mexico,LATAM,0.77,PLT-01,Munich Center,Germany,EMEA,Enterprise,Germany,OTIF_ERP,ERP Definition,Finance,1,1,0.0,0.0,0.0,100.0,100.0,1,100.0,CHAINTRUTH
2026-05-01,SUP-005,Supplier 005,Mexico,LATAM,0.77,PLT-04,Chennai Forge,India,APAC,SMB,France,OTIF_ERP,ERP Definition,Finance,1,1,0.0,0.0,100.0,100.0,0.0,1,100.0,CHAINTRUTH
2026-05-01,SUP-005,Supplier 005,Mexico,LATAM,0.77,PLT-02,Detroit Works,USA,NA,SMB,Germany,OTIF_ERP,ERP Definition,Finance,1,2,0.0,50.0,50.0,100.0,0.0,2,100.0,CHAINTRUTH
2026-05-01,SUP-005,Supplier 005,Mexico,LATAM,0.77,PLT-01,Munich Center,Germany,EMEA,Government,Germany,OTIF_ERP,ERP Definition,Finance,1,1,0.0,0.0,0.0,100.0,0.0,1,100.0,CHAINTRUTH
2026-05-01,SUP-006,Supplier 006,Brazil,LATAM,0.61,PLT-08,Taipei Micro,Taiwan,APAC,Enterprise,USA,OTIF_ERP,ERP Definition,Finance,1,1,0.0,0.0,0.0,100.0,100.0,1,100.0,CHAINTRUTH
2026-05-01,SUP-006,Supplier 006,Brazil,LATAM,0.61,PLT-02,Detroit Works,USA,NA,SMB,USA,OTIF_ERP,ERP Definition,Finance,1,2,0.0,0.0,50.0,100.0,50.0,2,100.0,CHAINTRUTH
2026-05-01,SUP-006,Supplier 006,Brazil,LATAM,0.61,PLT-08,Taipei Micro,Taiwan,APAC,Government,Germany,OTIF_ERP,ERP Definition,Finance,1,1,0.0,0.0,0.0,100.0,0.0,1,100.0,CHAINTRUTH
2026-05-01,SUP-006,Supplier 006,Brazil,LATAM,0.61,PLT-01,Munich Center,Germany,EMEA,SMB,Singapore,OTIF_ERP,ERP Definition,Finance,1,2,0.0,0.0,50.0,50.0,50.0,1,50.0,CHAINTRUTH
2026-05-01,SUP-006,Supplier 006,Brazil,LATAM,0.61,PLT-04,Chennai Forge,India,APAC,Government,Germany,OTIF_ERP,ERP Definition,Finance,1,1,0.0,0.0,100.0,100.0,0.0,1,100.0,CHAINTRUTH
2026-05-01,SUP-007,Supplier 007,South Korea,APAC,0.84,PLT-09,Hanoi Assembly,Vietnam,APAC,Enterprise,Japan,OTIF_ERP,ERP Definition,Finance,1,1,0.0,0.0,100.0,100.0,100.0,1,100.0,CHAINTRUTH
2026-05-01,SUP-007,Supplier 007,South Korea,APAC,0.84,PLT-04,Chennai Forge,India,APAC,Enterprise,Germany,OTIF_ERP,ERP Definition,Finance,1,2,50.0,50.0,50.0,100.0,50.0,1,50.0,CHAINTRUTH
2026-05-01,SUP-007,Supplier 007,South Korea,APAC,0.84,PLT-00,Shanghai Hub,China,APAC,SMB,Australia,OTIF_ERP,ERP Definition,Finance,1,1,0.0,0.0,0.0,100.0,100.0,1,100.0,CHAINTRUTH
2026-05-01,SUP-007,Supplier 007,South Korea,APAC,0.84,PLT-05,Monterrey Plant,Mexico,LATAM,SMB,Japan,OTIF_ERP,ERP Definition,Finance,1,2,0.0,50.0,100.0,100.0,0.0,1,50.0,CHAINTRUTH
2026-05-01,SUP-007,Supplier 007,South Korea,APAC,0.84,PLT-00,Shanghai Hub,China,APAC,Enterprise,Japan,OTIF_ERP,ERP Definition,Finance,1,2,0.0,0.0,0.0,100.0,50.0,2,100.0,CHAINTRUTH
2026-05-01,SUP-007,Supplier 007,South Korea,APAC,0.84,PLT-05,Monterrey Plant,Mexico,LATAM,SMB,Singapore,OTIF_ERP,ERP Definition,Finance,1,1,0.0,0.0,0.0,100.0,100.0,1,100.0,CHAINTRUTH
2026-05-01,SUP-008,Supplier 008,Taiwan,APAC,0.73,PLT-05,Monterrey Plant,Mexico,LATAM,SMB,UK,OTIF_ERP,ERP Definition,Finance,1,1,0.0,0.0,100.0,100.0,100.0,1,100.0,CHAINTRUTH
2026-05-01,SUP-008,Supplier 008,Taiwan,APAC,0.73,PLT-00,Shanghai Hub,China,APAC,SMB,Australia,OTIF_ERP,ERP Definition,Finance,1,2,0.0,0.0,0.0,100.0,0.0,2,100.0,CHAINTRUTH
2026-05-01,SUP-008,Supplier 008,Taiwan,APAC,0.73,PLT-04,Chennai Forge,India,APAC,SMB,France,OTIF_ERP,ERP Definition,Finance,1,1,0.0,0.0,0.0,100.0,100.0,1,100.0,CHAINTRUTH
2026-05-01,SUP-008,Supplier 008,Taiwan,APAC,0.73,PLT-01,Munich Center,Germany,EMEA,SMB,Singapore,OTIF_ERP,ERP Definition,Finance,1,2,0.0,0.0,50.0,100.0,50.0,2,100.0,CHAINTRUTH
2026-05-01,SUP-008,Supplier 008,Taiwan,APAC,0.73,PLT-06,Sao Paulo Ops,Brazil,LATAM,Enterprise,Japan,OTIF_ERP,ERP Definition,Finance,1,1,0.0,0.0,0.0,100.0,0.0,1,100.0,CHAINTRUTH
2026-05-01,SUP-009,Supplier 009,Vietnam,APAC,1.0,PLT-06,Sao Paulo Ops,Brazil,LATAM,SMB,UK,OTIF_ERP,ERP Definition,Finance,1,1,100.0,100.0,100.0,100.0,100.0,0,0.0,CHAINTRUTH
2026-05-01,SUP-009,Supplier 009,Vietnam,APAC,1.0,PLT-01,Munich Center,Germany,EMEA,SMB,Australia,OTIF_ERP,ERP Definition,Finance,1,1,0.0,100.0,100.0,100.0,0.0,0,0.0,CHAINTRUTH
2026-05-01,SUP-009,Supplier 009,Vietnam,APAC,1.0,PLT-09,Hanoi Assembly,Vietnam,APAC,Enterprise,Japan,OTIF_ERP,ERP Definition,Finance,1,1,0.0,0.0,0.0,100.0,100.0,1,100.0,CHAINTRUTH
2026-05-01,SUP-009,Supplier 009,Vietnam,APAC,1.0,PLT-04,Chennai Forge,India,APAC,SMB,France,OTIF_ERP,ERP Definition,Finance,1,1,100.0,100.0,100.0,100.0,100.0,0,0.0,CHAINTRUTH
2026-05-01,SUP-009,Supplier 009,Vietnam,APAC,1.0,PLT-01,Munich Center,Germany,EMEA,Enterprise,Canada,OTIF_ERP,ERP Definition,Finance,1,1,0.0,0.0,0.0,100.0,0.0,1,100.0,CHAINTRUTH
2026-05-01,SUP-009,Supplier 009,Vietnam,APAC,1.0,PLT-05,Monterrey Plant,Mexico,LATAM,SMB,France,OTIF_ERP,ERP Definition,Finance,1,1,0.0,0.0,0.0,100.0,100.0,1,100.0,CHAINTRUTH
2026-05-01,SUP-009,Supplier 009,Vietnam,APAC,1.0,PLT-01,Munich Center,Germany,EMEA,Enterprise,USA,OTIF_ERP,ERP Definition,Finance,1,1,100.0,100.0,100.0,100.0,100.0,0,0.0,CHAINTRUTH
2026-05-01,SUP-009,Supplier 009,Vietnam,APAC,1.0,PLT-08,Taipei Micro,Taiwan,APAC,SMB,Japan,OTIF_ERP,ERP Definition,Finance,1,2,0.0,0.0,50.0,50.0,0.0,1,50.0,CHAINTRUTH
2026-05-01,SUP-009,Supplier 009,Vietnam,APAC,1.0,PLT-05,Monterrey Plant,Mexico,LATAM,SMB,UK,OTIF_ERP,ERP Definition,Finance,1,2,0.0,0.0,50.0,100.0,50.0,2,100.0,CHAINTRUTH
2026-05-01,SUP-010,Supplier 010,China,APAC,0.76,PLT-03,Tokyo Precision,Japan,APAC,Government,USA,OTIF_ERP,ERP Definition,Finance,1,1,0.0,0.0,0.0,100.0,100.0,1,100.0,CHAINTRUTH
2026-05-01,SUP-010,Supplier 010,China,APAC,0.76,PLT-04,Chennai Forge,India,APAC,Enterprise,Germany,OTIF_ERP,ERP Definition,Finance,1,1,0.0,0.0,0.0,100.0,100.0,1,100.0,CHAINTRUTH
2026-05-01,SUP-010,Supplier 010,China,APAC,0.76,PLT-00,Shanghai Hub,China,APAC,SMB,Germany,OTIF_ERP,ERP Definition,Finance,1,1,0.0,0.0,100.0,100.0,0.0,1,100.0,CHAINTRUTH
2026-05-01,SUP-010,Supplier 010,China,APAC,0.76,PLT-04,Chennai Forge,India,APAC,SMB,Singapore,OTIF_ERP,ERP Definition,Finance,1,1,0.0,0.0,100.0,100.0,100.0,1,100.0,CHAINTRUTH
2026-05-01,SUP-010,Supplier 010,China,APAC,0.76,PLT-03,Tokyo Precision,Japan,APAC,Enterprise,Australia,OTIF_ERP,ERP Definition,Finance,1,1,0.0,0.0,0.0,100.0,100.0,1,100.0,CHAINTRUTH
2026-05-01,SUP-010,Supplier 010,China,APAC,0.76,PLT-09,Hanoi Assembly,Vietnam,APAC,SMB,UK,OTIF_ERP,ERP Definition,Finance,1,1,0.0,0.0,0.0,100.0,0.0,1,100.0,CHAINTRUTH
2026-05-01,SUP-010,Supplier 010,China,APAC,0.76,PLT-06,Sao Paulo Ops,Brazil,LATAM,Enterprise,France,OTIF_ERP,ERP Definition,Finance,1,1,0.0,0.0,100.0,100.0,100.0,1,100.0,CHAINTRUTH
2026-05-01,SUP-010,Supplier 010,China,APAC,0.76,PLT-00,Shanghai Hub,China,APAC,Government,Australia,OTIF_ERP,ERP Definition,Finance,1,1,0.0,0.0,0.0,100.0,100.0,1,100.0,CHAINTRUTH
2026-05-01,SUP-011,Supplier 011,Germany,EMEA,0.53,PLT-05,Monterrey Plant,Mexico,LATAM,Enterprise,France,OTIF_ERP,ERP Definition,Finance,1,1,0.0,0.0,0.0,100.0,0.0,1,100.0,CHAINTRUTH
2026-05-01,SUP-011,Supplier 011,Germany,EMEA,0.53,PLT-03,Tokyo Precision,Japan,APAC,SMB,USA,OTIF_ERP,ERP Definition,Finance,1,1,0.0,0.0,100.0,100.0,0.0,1,100.0,CHAINTRUTH
2026-05-01,SUP-011,Supplier 011,Germany,EMEA,0.53,PLT-07,Seoul Tech,South Korea,APAC,SMB,Australia,OTIF_ERP,ERP Definition,Finance,1,1,0.0,0.0,0.0,100.0,100.0,1,100.0,CHAINTRUTH
2026-05-01,SUP-011,Supplier 011,Germany,EMEA,0.53,PLT-05,Monterrey Plant,Mexico,LATAM,SMB,Germany,OTIF_ERP,ERP Definition,Finance,1,1,0.0,0.0,0.0,100.0,0.0,1,100.0,CHAINTRUTH
2026-05-01,SUP-011,Supplier 011,Germany,EMEA,0.53,PLT-03,Tokyo Precision,Japan,APAC,SMB,France,OTIF_ERP,ERP Definition,Finance,2,2,0.0,0.0,0.0,100.0,100.0,2,100.0,CHAINTRUTH
2026-05-01,SUP-011,Supplier 011,Germany,EMEA,0.53,PLT-00,Shanghai Hub,China,APAC,Government,USA,OTIF_ERP,ERP Definition,Finance,1,2,0.0,0.0,0.0,50.0,50.0,1,50.0,CHAINTRUTH
2026-05-01,SUP-011,Supplier 011,Germany,EMEA,0.53,PLT-07,Seoul Tech,South Korea,APAC,SMB,USA,OTIF_ERP,ERP Definition,Finance,1,1,0.0,0.0,0.0,100.0,100.0,1,100.0,CHAINTRUTH
2026-05-01,SUP-012,Supplier 012,USA,NA,0.66,PLT-09,Hanoi Assembly,Vietnam,APAC,SMB,Canada,OTIF_ERP,ERP Definition,Finance,1,1,0.0,0.0,100.0,100.0,100.0,1,100.0,CHAINTRUTH
2026-05-01,SUP-012,Supplier 012,USA,NA,0.66,PLT-08,Taipei Micro,Taiwan,APAC,SMB,Japan,OTIF_ERP,ERP Definition,Finance,1,1,0.0,0.0,0.0,100.0,100.0,1,100.0,CHAINTRUTH
2026-05-01,SUP-012,Supplier 012,USA,NA,0.66,PLT-06,Sao Paulo Ops,Brazil,LATAM,SMB,Canada,OTIF_ERP,ERP Definition,Finance,1,1,100.0,100.0,0.0,100.0,100.0,1,100.0,CHAINTRUTH
2026-05-01,SUP-012,Supplier 012,USA,NA,0.66,PLT-03,Tokyo Precision,Japan,APAC,Enterprise,Canada,OTIF_ERP,ERP Definition,Finance,1,1,0.0,0.0,0.0,100.0,100.0,1,100.0,CHAINTRUTH
2026-05-01,SUP-012,Supplier 012,USA,NA,0.66,PLT-02,Detroit Works,USA,NA,Government,Singapore,OTIF_ERP,ERP Definition,Finance,1,1,0.0,100.0,100.0,100.0,0.0,0,0.0,CHAINTRUTH
2026-05-01,SUP-012,Supplier 012,USA,NA,0.66,PLT-08,Taipei Micro,Taiwan,APAC,SMB,Germany,OTIF_ERP,ERP Definition,Finance,1,1,0.0,0.0,0.0,100.0,100.0,1,100.0,CHAINTRUTH
2026-05-01,SUP-013,Supplier 013,Japan,APAC,0.89,PLT-03,Tokyo Precision,Japan,APAC,Government,Singapore,OTIF_ERP,ERP Definition,Finance,1,1,0.0,0.0,0.0,100.0,0.0,1,100.0,CHAINTRUTH
2026-05-01,SUP-013,Supplier 013,Japan,APAC,0.89,PLT-06,Sao Paulo Ops,Brazil,LATAM,SMB,Germany,OTIF_ERP,ERP Definition,Finance,1,1,0.0,0.0,0.0,100.0,0.0,1,100.0,CHAINTRUTH
2026-05-01,SUP-013,Supplier 013,Japan,APAC,0.89,PLT-01,Munich Center,Germany,EMEA,Enterprise,Canada,OTIF_ERP,ERP Definition,Finance,1,1,0.0,0.0,100.0,100.0,0.0,1,100.0,CHAINTRUTH
2026-05-01,SUP-013,Supplier 013,Japan,APAC,0.89,PLT-03,Tokyo Precision,Japan,APAC,SMB,UK,OTIF_ERP,ERP Definition,Finance,1,1,0.0,0.0,0.0,100.0,100.0,1,100.0,CHAINTRUTH
2026-05-01,SUP-013,Supplier 013,Japan,APAC,0.89,PLT-05,Monterrey Plant,Mexico,LATAM,SMB,Singapore,OTIF_ERP,ERP Definition,Finance,1,2,0.0,0.0,50.0,100.0,50.0,2,100.0,CHAINTRUTH
2026-05-01,SUP-013,Supplier 013,Japan,APAC,0.89,PLT-00,Shanghai Hub,China,APAC,Enterprise,France,OTIF_ERP,ERP Definition,Finance,1,1,0.0,0.0,0.0,100.0,100.0,1,100.0,CHAINTRUTH
2026-05-01,SUP-013,Supplier 013,Japan,APAC,0.89,PLT-06,Sao Paulo Ops,Brazil,LATAM,Enterprise,USA,OTIF_ERP,ERP Definition,Finance,1,1,0.0,0.0,0.0,100.0,0.0,1,100.0,CHAINTRUTH
2026-05-01,SUP-014,Supplier 014,India,APAC,0.95,PLT-02,Detroit Works,USA,NA,Government,USA,OTIF_ERP,ERP Definition,Finance,1,1,100.0,100.0,100.0,100.0,100.0,0,0.0,CHAINTRUTH
2026-05-01,SUP-014,Supplier 014,India,APAC,0.95,PLT-03,Tokyo Precision,Japan,APAC,Enterprise,France,OTIF_ERP,ERP Definition,Finance,1,1,0.0,0.0,0.0,100.0,0.0,1,100.0,CHAINTRUTH
2026-05-01,SUP-014,Supplier 014,India,APAC,0.95,PLT-06,Sao Paulo Ops,Brazil,LATAM,SMB,Singapore,OTIF_ERP,ERP Definition,Finance,1,1,0.0,0.0,100.0,100.0,100.0,1,100.0,CHAINTRUTH
2026-05-01,SUP-014,Supplier 014,India,APAC,0.95,PLT-03,Tokyo Precision,Japan,APAC,Enterprise,Canada,OTIF_ERP,ERP Definition,Finance,1,1,0.0,0.0,100.0,100.0,0.0,1,100.0,CHAINTRUTH
2026-05-01,SUP-014,Supplier 014,India,APAC,0.95,PLT-05,Monterrey Plant,Mexico,LATAM,SMB,France,OTIF_ERP,ERP Definition,Finance,1,2,0.0,50.0,100.0,100.0,0.0,1,50.0,CHAINTRUTH
2026-05-01,SUP-015,Supplier 015,Mexico,LATAM,0.75,PLT-06,Sao Paulo Ops,Brazil,LATAM,Enterprise,Australia,OTIF_ERP,ERP Definition,Finance,1,1,0.0,0.0,0.0,100.0,100.0,1,100.0,CHAINTRUTH
2026-05-01,SUP-016,Supplier 016,Brazil,LATAM,0.66,PLT-07,Seoul Tech,South Korea,APAC,SMB,UK,OTIF_ERP,ERP Definition,Finance,1,1,0.0,0.0,100.0,100.0,100.0,1,100.0,CHAINTRUTH
2026-05-01,SUP-016,Supplier 016,Brazil,LATAM,0.66,PLT-00,Shanghai Hub,China,APAC,Enterprise,France,OTIF_ERP,ERP Definition,Finance,1,1,0.0,0.0,0.0,100.0,100.0,1,100.0,CHAINTRUTH
2026-05-01,SUP-016,Supplier 016,Brazil,LATAM,0.66,PLT-09,Hanoi Assembly,Vietnam,APAC,Government,Japan,OTIF_ERP,ERP Definition,Finance,1,1,0.0,0.0,0.0,100.0,0.0,1,100.0,CHAINTRUTH
2026-05-01,SUP-016,Supplier 016,Brazil,LATAM,0.66,PLT-05,Monterrey Plant,Mexico,LATAM,SMB,Germany,OTIF_ERP,ERP Definition,Finance,2,2,0.0,0.0,0.0,100.0,100.0,2,100.0,CHAINTRUTH
2026-05-01,SUP-016,Supplier 016,Brazil,LATAM,0.66,PLT-00,Shanghai Hub,China,APAC,SMB,Canada,OTIF_ERP,ERP Definition,Finance,1,1,0.0,0.0,100.0,100.0,0.0,1,100.0,CHAINTRUTH
2026-05-01,SUP-017,Supplier 017,South Korea,APAC,0.89,PLT-01,Munich Center,Germany,EMEA,SMB,Singapore,OTIF_ERP,ERP Definition,Finance,1,1,0.0,0.0,0.0,100.0,100.0,1,100.0,CHAINTRUTH
2026-05-01,SUP-017,Supplier 017,South Korea,APAC,0.89,PLT-05,Monterrey Plant,Mexico,LATAM,SMB,USA,OTIF_ERP,ERP Definition,Finance,2,2,0.0,50.0,50.0,100.0,50.0,2,100.0,CHAINTRUTH
2026-05-01,SUP-017,Supplier 017,South Korea,APAC,0.89,PLT-05,Monterrey Plant,Mexico,LATAM,SMB,Canada,OTIF_ERP,ERP Definition,Finance,1,1,0.0,0.0,100.0,100.0,100.0,1,100.0,CHAINTRUTH
2026-05-01,SUP-017,Supplier 017,South Korea,APAC,0.89,PLT-06,Sao Paulo Ops,Brazil,LATAM,SMB,Singapore,OTIF_ERP,ERP Definition,Finance,1,1,0.0,0.0,0.0,100.0,100.0,1,100.0,CHAINTRUTH
2026-05-01,SUP-018,Supplier 018,Taiwan,APAC,0.75,PLT-07,Seoul Tech,South Korea,APAC,Enterprise,Germany,OTIF_ERP,ERP Definition,Finance,1,1,0.0,0.0,0.0,100.0,100.0,1,100.0,CHAINTRUTH
2026-05-01,SUP-018,Supplier 018,Taiwan,APAC,0.75,PLT-01,Munich Center,Germany,EMEA,SMB,Singapore,OTIF_ERP,ERP Definition,Finance,1,1,0.0,0.0,0.0,100.0,100.0,1,100.0,CHAINTRUTH
2026-05-01,SUP-018,Supplier 018,Taiwan,APAC,0.75,PLT-00,Shanghai Hub,China,APAC,Enterprise,France,OTIF_ERP,ERP Definition,Finance,1,1,0.0,0.0,0.0,100.0,100.0,1,100.0,CHAINTRUTH
2026-05-01,SUP-018,Supplier 018,Taiwan,APAC,0.75,PLT-00,Shanghai Hub,China,APAC,Government,Germany,OTIF_ERP,ERP Definition,Finance,1,1,0.0,0.0,0.0,100.0,0.0,1,100.0,CHAINTRUTH
2026-05-01,SUP-018,Supplier 018,Taiwan,APAC,0.75,PLT-08,Taipei Micro,Taiwan,APAC,Enterprise,Canada,OTIF_ERP,ERP Definition,Finance,1,1,0.0,0.0,100.0,100.0,100.0,1,100.0,CHAINTRUTH
2026-05-01,SUP-018,Supplier 018,Taiwan,APAC,0.75,PLT-07,Seoul Tech,South Korea,APAC,Government,Germany,OTIF_ERP,ERP Definition,Finance,1,2,0.0,0.0,0.0,100.0,50.0,2,100.0,CHAINTRUTH
2026-05-01,SUP-018,Supplier 018,Taiwan,APAC,0.75,PLT-04,Chennai Forge,India,APAC,Enterprise,USA,OTIF_ERP,ERP Definition,Finance,1,1,0.0,0.0,0.0,100.0,0.0,1,100.0,CHAINTRUTH
2026-05-01,SUP-019,Supplier 019,Vietnam,APAC,0.57,PLT-04,Chennai Forge,India,APAC,SMB,Australia,OTIF_ERP,ERP Definition,Finance,1,1,0.0,0.0,0.0,100.0,100.0,1,100.0,CHAINTRUTH
2026-05-01,SUP-019,Supplier 019,Vietnam,APAC,0.57,PLT-02,Detroit Works,USA,NA,SMB,USA,OTIF_ERP,ERP Definition,Finance,1,2,0.0,0.0,50.0,50.0,50.0,2,100.0,CHAINTRUTH
2026-05-01,SUP-020,Supplier 020,China,APAC,0.6,PLT-03,Tokyo Precision,Japan,APAC,SMB,Germany,OTIF_ERP,ERP Definition,Finance,1,1,0.0,0.0,0.0,100.0,0.0,1,100.0,CHAINTRUTH
2026-05-01,SUP-020,Supplier 020,China,APAC,0.6,PLT-09,Hanoi Assembly,Vietnam,APAC,Enterprise,Canada,OTIF_ERP,ERP Definition,Finance,1,1,0.0,0.0,0.0,100.0,100.0,1,100.0,CHAINTRUTH
2026-05-01,SUP-020,Supplier 020,China,APAC,0.6,PLT-09,Hanoi Assembly,Vietnam,APAC,SMB,Australia,OTIF_ERP,ERP Definition,Finance,2,4,0.0,0.0,50.0,100.0,25.0,4,100.0,CHAINTRUTH
2026-05-01,SUP-020,Supplier 020,China,APAC,0.6,PLT-09,Hanoi Assembly,Vietnam,APAC,Government,Singapore,OTIF_ERP,ERP Definition,Finance,1,1,0.0,0.0,100.0,100.0,0.0,1,100.0,CHAINTRUTH
2026-05-01,SUP-020,Supplier 020,China,APAC,0.6,PLT-08,Taipei Micro,Taiwan,APAC,SMB,France,OTIF_ERP,ERP Definition,Finance,1,1,0.0,0.0,100.0,100.0,100.0,1,100.0,CHAINTRUTH
2026-05-01,SUP-020,Supplier 020,China,APAC,0.6,PLT-03,Tokyo Precision,Japan,APAC,Government,Canada,OTIF_ERP,ERP Definition,Finance,1,1,0.0,0.0,100.0,100.0,100.0,1,100.0,CHAINTRUTH
2026-05-01,SUP-020,Supplier 020,China,APAC,0.6,PLT-09,Hanoi Assembly,Vietnam,APAC,Government,Germany,OTIF_ERP,ERP Definition,Finance,1,1,0.0,0.0,0.0,100.0,0.0,1,100.0,CHAINTRUTH
2026-05-01,SUP-021,Supplier 021,Germany,EMEA,0.75,PLT-01,Munich Center,Germany,EMEA,Enterprise,USA,OTIF_ERP,ERP Definition,Finance,1,1,100.0,100.0,100.0,100.0,100.0,0,0.0,CHAINTRUTH
2026-05-01,SUP-021,Supplier 021,Germany,EMEA,0.75,PLT-02,Detroit Works,USA,NA,SMB,UK,OTIF_ERP,ERP Definition,Finance,1,1,0.0,0.0,0.0,100.0,100.0,1,100.0,CHAINTRUTH
2026-05-01,SUP-021,Supplier 021,Germany,EMEA,0.75,PLT-09,Hanoi Assembly,Vietnam,APAC,Government,Canada,OTIF_ERP,ERP Definition,Finance,1,1,0.0,0.0,100.0,100.0,100.0,1,100.0,CHAINTRUTH
2026-05-01,SUP-021,Supplier 021,Germany,EMEA,0.75,PLT-04,Chennai Forge,India,APAC,Enterprise,Japan,OTIF_ERP,ERP Definition,Finance,1,1,0.0,0.0,0.0,100.0,100.0,1,100.0,CHAINTRUTH
2026-05-01,SUP-021,Supplier 021,Germany,EMEA,0.75,PLT-00,Shanghai Hub,China,APAC,SMB,Germany,OTIF_ERP,ERP Definition,Finance,1,1,0.0,0.0,0.0,100.0,100.0,1,100.0,CHAINTRUTH
2026-05-01,SUP-022,Supplier 022,USA,NA,0.8,PLT-03,Tokyo Precision,Japan,APAC,Government,Germany,OTIF_ERP,ERP Definition,Finance,1,1,0.0,0.0,0.0,100.0,100.0,1,100.0,CHAINTRUTH
2026-05-01,SUP-022,Supplier 022,USA,NA,0.8,PLT-05,Monterrey Plant,Mexico,LATAM,Government,Australia,OTIF_ERP,ERP Definition,Finance,1,2,0.0,0.0,50.0,100.0,50.0,2,100.0,CHAINTRUTH
2026-05-01,SUP-022,Supplier 022,USA,NA,0.8,PLT-00,Shanghai Hub,China,APAC,SMB,Singapore,OTIF_ERP,ERP Definition,Finance,1,1,0.0,0.0,100.0,100.0,0.0,1,100.0,CHAINTRUTH
2026-05-01,SUP-022,Supplier 022,USA,NA,0.8,PLT-00,Shanghai Hub,China,APAC,Enterprise,USA,OTIF_ERP,ERP Definition,Finance,2,2,0.0,0.0,50.0,100.0,100.0,2,100.0,CHAINTRUTH
2026-05-01,SUP-022,Supplier 022,USA,NA,0.8,PLT-07,Seoul Tech,South Korea,APAC,SMB,Singapore,OTIF_ERP,ERP Definition,Finance,1,2,0.0,0.0,50.0,100.0,50.0,2,100.0,CHAINTRUTH
2026-05-01,SUP-024,Supplier 024,India,APAC,0.89,PLT-00,Shanghai Hub,China,APAC,Government,USA,OTIF_ERP,ERP Definition,Finance,1,1,0.0,0.0,0.0,100.0,0.0,1,100.0,CHAINTRUTH
2026-05-01,SUP-024,Supplier 024,India,APAC,0.89,PLT-02,Detroit Works,USA,NA,Enterprise,UK,OTIF_ERP,ERP Definition,Finance,1,1,0.0,0.0,0.0,100.0,100.0,1,100.0,CHAINTRUTH
2026-05-01,SUP-024,Supplier 024,India,APAC,0.89,PLT-03,Tokyo Precision,Japan,APAC,SMB,Australia,OTIF_ERP,ERP Definition,Finance,1,1,0.0,0.0,0.0,100.0,100.0,1,100.0,CHAINTRUTH
2026-05-01,SUP-024,Supplier 024,India,APAC,0.89,PLT-03,Tokyo Precision,Japan,APAC,Government,UK,OTIF_ERP,ERP Definition,Finance,1,1,0.0,0.0,0.0,100.0,100.0,1,100.0,CHAINTRUTH
2026-05-01,SUP-024,Supplier 024,India,APAC,0.89,PLT-08,Taipei Micro,Taiwan,APAC,SMB,USA,OTIF_ERP,ERP Definition,Finance,1,2,0.0,0.0,50.0,100.0,50.0,2,100.0,CHAINTRUTH
2026-05-01,SUP-024,Supplier 024,India,APAC,0.89,PLT-06,Sao Paulo Ops,Brazil,LATAM,Enterprise,Germany,OTIF_ERP,ERP Definition,Finance,1,2,0.0,0.0,100.0,100.0,50.0,2,100.0,CHAINTRUTH
2026-05-01,SUP-024,Supplier 024,India,APAC,0.89,PLT-05,Monterrey Plant,Mexico,LATAM,Enterprise,USA,OTIF_ERP,ERP Definition,Finance,1,1,0.0,0.0,100.0,100.0,100.0,1,100.0,CHAINTRUTH
2026-05-01,SUP-025,Supplier 025,Mexico,LATAM,0.71,PLT-08,Taipei Micro,Taiwan,APAC,SMB,Japan,OTIF_ERP,ERP Definition,Finance,1,2,0.0,0.0,50.0,100.0,0.0,2,100.0,CHAINTRUTH
2026-05-01,SUP-025,Supplier 025,Mexico,LATAM,0.71,PLT-08,Taipei Micro,Taiwan,APAC,Government,Singapore,OTIF_ERP,ERP Definition,Finance,1,2,0.0,0.0,50.0,100.0,50.0,2,100.0,CHAINTRUTH
2026-05-01,SUP-025,Supplier 025,Mexico,LATAM,0.71,PLT-07,Seoul Tech,South Korea,APAC,SMB,USA,OTIF_ERP,ERP Definition,Finance,1,1,0.0,0.0,100.0,100.0,100.0,1,100.0,CHAINTRUTH
2026-05-01,SUP-025,Supplier 025,Mexico,LATAM,0.71,PLT-08,Taipei Micro,Taiwan,APAC,Government,USA,OTIF_ERP,ERP Definition,Finance,1,1,0.0,0.0,0.0,100.0,0.0,1,100.0,CHAINTRUTH
2026-05-01,SUP-025,Supplier 025,Mexico,LATAM,0.71,PLT-03,Tokyo Precision,Japan,APAC,Enterprise,UK,OTIF_ERP,ERP Definition,Finance,1,1,0.0,0.0,0.0,100.0,100.0,1,100.0,CHAINTRUTH
2026-05-01,SUP-025,Supplier 025,Mexico,LATAM,0.71,PLT-07,Seoul Tech,South Korea,APAC,SMB,Australia,OTIF_ERP,ERP Definition,Finance,1,2,0.0,0.0,0.0,100.0,50.0,2,100.0,CHAINTRUTH
2026-05-01,SUP-025,Supplier 025,Mexico,LATAM,0.71,PLT-01,Munich Center,Germany,EMEA,Enterprise,USA,OTIF_ERP,ERP Definition,Finance,1,2,50.0,50.0,100.0,100.0,50.0,1,50.0,CHAINTRUTH
2026-05-01,SUP-025,Supplier 025,Mexico,LATAM,0.71,PLT-01,Munich Center,Germany,EMEA,SMB,Singapore,OTIF_ERP,ERP Definition,Finance,1,1,0.0,0.0,0.0,100.0,100.0,1,100.0,CHAINTRUTH
2026-05-01,SUP-025,Supplier 025,Mexico,LATAM,0.71,PLT-04,Chennai Forge,India,APAC,Government,Germany,OTIF_ERP,ERP Definition,Finance,1,1,0.0,0.0,0.0,100.0,100.0,1,100.0,CHAINTRUTH
2026-05-01,SUP-026,Supplier 026,Brazil,LATAM,0.73,PLT-08,Taipei Micro,Taiwan,APAC,SMB,Australia,OTIF_ERP,ERP Definition,Finance,1,1,0.0,0.0,0.0,100.0,0.0,1,100.0,CHAINTRUTH
2026-05-01,SUP-026,Supplier 026,Brazil,LATAM,0.73,PLT-09,Hanoi Assembly,Vietnam,APAC,Enterprise,USA,OTIF_ERP,ERP Definition,Finance,1,2,0.0,0.0,100.0,100.0,50.0,2,100.0,CHAINTRUTH
2026-05-01,SUP-026,Supplier 026,Brazil,LATAM,0.73,PLT-08,Taipei Micro,Taiwan,APAC,SMB,UK,OTIF_ERP,ERP Definition,Finance,1,1,0.0,0.0,100.0,100.0,100.0,1,100.0,CHAINTRUTH
2026-05-01,SUP-026,Supplier 026,Brazil,LATAM,0.73,PLT-09,Hanoi Assembly,Vietnam,APAC,SMB,Canada,OTIF_ERP,ERP Definition,Finance,1,1,0.0,0.0,100.0,100.0,100.0,1,100.0,CHAINTRUTH
2026-05-01,SUP-026,Supplier 026,Brazil,LATAM,0.73,PLT-04,Chennai Forge,India,APAC,Enterprise,USA,OTIF_ERP,ERP Definition,Finance,1,1,0.0,0.0,0.0,100.0,100.0,1,100.0,CHAINTRUTH
2026-05-01,SUP-026,Supplier 026,Brazil,LATAM,0.73,PLT-05,Monterrey Plant,Mexico,LATAM,Enterprise,France,OTIF_ERP,ERP Definition,Finance,1,2,0.0,0.0,0.0,50.0,50.0,1,50.0,CHAINTRUTH
2026-05-01,SUP-027,Supplier 027,South Korea,APAC,0.94,PLT-07,Seoul Tech,South Korea,APAC,Government,Germany,OTIF_ERP,ERP Definition,Finance,1,2,0.0,0.0,0.0,100.0,50.0,2,100.0,CHAINTRUTH
2026-05-01,SUP-027,Supplier 027,South Korea,APAC,0.94,PLT-02,Detroit Works,USA,NA,Enterprise,Canada,OTIF_ERP,ERP Definition,Finance,1,1,100.0,100.0,100.0,100.0,100.0,0,0.0,CHAINTRUTH
2026-05-01,SUP-028,Supplier 028,Taiwan,APAC,0.84,PLT-06,Sao Paulo Ops,Brazil,LATAM,Enterprise,USA,OTIF_ERP,ERP Definition,Finance,1,1,0.0,0.0,0.0,100.0,0.0,1,100.0,CHAINTRUTH
2026-05-01,SUP-028,Supplier 028,Taiwan,APAC,0.84,PLT-02,Detroit Works,USA,NA,Enterprise,USA,OTIF_ERP,ERP Definition,Finance,1,1,0.0,0.0,100.0,100.0,100.0,1,100.0,CHAINTRUTH
2026-05-01,SUP-028,Supplier 028,Taiwan,APAC,0.84,PLT-00,Shanghai Hub,China,APAC,SMB,UK,OTIF_ERP,ERP Definition,Finance,1,2,0.0,0.0,0.0,100.0,50.0,2,100.0,CHAINTRUTH
2026-05-01,SUP-029,Supplier 029,Vietnam,APAC,0.51,PLT-03,Tokyo Precision,Japan,APAC,SMB,Germany,OTIF_ERP,ERP Definition,Finance,1,1,0.0,0.0,100.0,100.0,100.0,1,100.0,CHAINTRUTH
2026-05-01,SUP-029,Supplier 029,Vietnam,APAC,0.51,PLT-02,Detroit Works,USA,NA,Enterprise,Germany,OTIF_ERP,ERP Definition,Finance,1,1,0.0,0.0,100.0,100.0,0.0,1,100.0,CHAINTRUTH
2026-05-01,SUP-029,Supplier 029,Vietnam,APAC,0.51,PLT-02,Detroit Works,USA,NA,SMB,UK,OTIF_ERP,ERP Definition,Finance,1,1,0.0,100.0,100.0,100.0,0.0,0,0.0,CHAINTRUTH
2026-05-01,SUP-030,Supplier 030,China,APAC,0.59,PLT-08,Taipei Micro,Taiwan,APAC,SMB,Singapore,OTIF_ERP,ERP Definition,Finance,1,1,0.0,0.0,0.0,100.0,100.0,1,100.0,CHAINTRUTH
2026-05-01,SUP-030,Supplier 030,China,APAC,0.59,PLT-09,Hanoi Assembly,Vietnam,APAC,Enterprise,Germany,OTIF_ERP,ERP Definition,Finance,1,1,0.0,0.0,100.0,100.0,100.0,1,100.0,CHAINTRUTH
2026-05-01,SUP-030,Supplier 030,China,APAC,0.59,PLT-03,Tokyo Precision,Japan,APAC,Enterprise,UK,OTIF_ERP,ERP Definition,Finance,1,1,0.0,0.0,0.0,100.0,0.0,1,100.0,CHAINTRUTH
2026-05-01,SUP-030,Supplier 030,China,APAC,0.59,PLT-06,Sao Paulo Ops,Brazil,LATAM,SMB,Singapore,OTIF_ERP,ERP Definition,Finance,1,1,0.0,0.0,100.0,100.0,100.0,1,100.0,CHAINTRUTH
2026-05-01,SUP-030,Supplier 030,China,APAC,0.59,PLT-03,Tokyo Precision,Japan,APAC,Enterprise,Singapore,OTIF_ERP,ERP Definition,Finance,1,1,0.0,0.0,0.0,100.0,100.0,1,100.0,CHAINTRUTH
2026-05-01,SUP-030,Supplier 030,China,APAC,0.59,PLT-09,Hanoi Assembly,Vietnam,APAC,Government,Canada,OTIF_ERP,ERP Definition,Finance,1,1,0.0,0.0,100.0,100.0,100.0,1,100.0,CHAINTRUTH
2026-05-01,SUP-030,Supplier 030,China,APAC,0.59,PLT-05,Monterrey Plant,Mexico,LATAM,Enterprise,Germany,OTIF_ERP,ERP Definition,Finance,1,1,0.0,0.0,100.0,100.0,100.0,1,100.0,CHAINTRUTH
2026-05-01,SUP-030,Supplier 030,China,APAC,0.59,PLT-00,Shanghai Hub,China,APAC,Enterprise,USA,OTIF_ERP,ERP Definition,Finance,1,1,0.0,0.0,100.0,100.0,0.0,1,100.0,CHAINTRUTH
2026-05-01,SUP-030,Supplier 030,China,APAC,0.59,PLT-08,Taipei Micro,Taiwan,APAC,Enterprise,Japan,OTIF_ERP,ERP Definition,Finance,1,1,0.0,0.0,100.0,100.0,100.0,1,100.0,CHAINTRUTH
2026-05-01,SUP-030,Supplier 030,China,APAC,0.59,PLT-03,Tokyo Precision,Japan,APAC,SMB,France,OTIF_ERP,ERP Definition,Finance,1,1,0.0,0.0,0.0,100.0,100.0,1,100.0,CHAINTRUTH
2026-05-01,SUP-030,Supplier 030,China,APAC,0.59,PLT-01,Munich Center,Germany,EMEA,Enterprise,USA,OTIF_ERP,ERP Definition,Finance,1,1,0.0,0.0,0.0,100.0,100.0,1,100.0,CHAINTRUTH
2026-05-01,SUP-031,Supplier 031,Germany,EMEA,0.92,PLT-01,Munich Center,Germany,EMEA,Enterprise,USA,OTIF_ERP,ERP Definition,Finance,1,1,0.0,0.0,100.0,100.0,100.0,1,100.0,CHAINTRUTH
2026-05-01,SUP-031,Supplier 031,Germany,EMEA,0.92,PLT-04,Chennai Forge,India,APAC,Government,Japan,OTIF_ERP,ERP Definition,Finance,1,2,0.0,0.0,50.0,100.0,50.0,2,100.0,CHAINTRUTH
2026-05-01,SUP-031,Supplier 031,Germany,EMEA,0.92,PLT-04,Chennai Forge,India,APAC,SMB,Australia,OTIF_ERP,ERP Definition,Finance,1,1,0.0,0.0,0.0,100.0,0.0,1,100.0,CHAINTRUTH
2026-05-01,SUP-031,Supplier 031,Germany,EMEA,0.92,PLT-02,Detroit Works,USA,NA,Enterprise,UK,OTIF_ERP,ERP Definition,Finance,1,1,100.0,100.0,100.0,100.0,100.0,0,0.0,CHAINTRUTH
2026-05-01,SUP-031,Supplier 031,Germany,EMEA,0.92,PLT-04,Chennai Forge,India,APAC,SMB,Canada,OTIF_ERP,ERP Definition,Finance,1,1,0.0,0.0,0.0,100.0,0.0,1,100.0,CHAINTRUTH
2026-05-01,SUP-031,Supplier 031,Germany,EMEA,0.92,PLT-06,Sao Paulo Ops,Brazil,LATAM,SMB,Germany,OTIF_ERP,ERP Definition,Finance,1,2,0.0,0.0,50.0,100.0,0.0,2,100.0,CHAINTRUTH
2026-05-01,SUP-032,Supplier 032,USA,NA,0.78,PLT-00,Shanghai Hub,China,APAC,SMB,Germany,OTIF_ERP,ERP Definition,Finance,1,1,0.0,0.0,0.0,100.0,100.0,1,100.0,CHAINTRUTH
2026-05-01,SUP-032,Supplier 032,USA,NA,0.78,PLT-07,Seoul Tech,South Korea,APAC,Government,Japan,OTIF_ERP,ERP Definition,Finance,1,1,0.0,0.0,0.0,100.0,0.0,1,100.0,CHAINTRUTH
2026-05-01,SUP-032,Supplier 032,USA,NA,0.78,PLT-01,Munich Center,Germany,EMEA,Enterprise,Australia,OTIF_ERP,ERP Definition,Finance,1,1,0.0,0.0,0.0,100.0,100.0,1,100.0,CHAINTRUTH
2026-05-01,SUP-032,Supplier 032,USA,NA,0.78,PLT-04,Chennai Forge,India,APAC,Government,France,OTIF_ERP,ERP Definition,Finance,1,1,0.0,0.0,0.0,100.0,100.0,1,100.0,CHAINTRUTH
2026-05-01,SUP-033,Supplier 033,Japan,APAC,0.5,PLT-01,Munich Center,Germany,EMEA,SMB,Canada,OTIF_ERP,ERP Definition,Finance,1,1,0.0,0.0,0.0,100.0,0.0,1,100.0,CHAINTRUTH
2026-05-01,SUP-033,Supplier 033,Japan,APAC,0.5,PLT-01,Munich Center,Germany,EMEA,Government,France,OTIF_ERP,ERP Definition,Finance,1,1,0.0,100.0,100.0,100.0,0.0,0,0.0,CHAINTRUTH
2026-05-01,SUP-033,Supplier 033,Japan,APAC,0.5,PLT-09,Hanoi Assembly,Vietnam,APAC,Government,UK,OTIF_ERP,ERP Definition,Finance,1,1,0.0,0.0,0.0,100.0,0.0,1,100.0,CHAINTRUTH
2026-05-01,SUP-033,Supplier 033,Japan,APAC,0.5,PLT-09,Hanoi Assembly,Vietnam,APAC,Enterprise,USA,OTIF_ERP,ERP Definition,Finance,1,1,0.0,0.0,0.0,100.0,100.0,1,100.0,CHAINTRUTH
2026-05-01,SUP-034,Supplier 034,India,APAC,0.95,PLT-03,Tokyo Precision,Japan,APAC,Government,USA,OTIF_ERP,ERP Definition,Finance,1,1,0.0,0.0,100.0,100.0,100.0,1,100.0,CHAINTRUTH
2026-05-01,SUP-034,Supplier 034,India,APAC,0.95,PLT-02,Detroit Works,USA,NA,SMB,UK,OTIF_ERP,ERP Definition,Finance,1,2,50.0,50.0,100.0,100.0,50.0,1,50.0,CHAINTRUTH
2026-05-01,SUP-034,Supplier 034,India,APAC,0.95,PLT-07,Seoul Tech,South Korea,APAC,SMB,Germany,OTIF_ERP,ERP Definition,Finance,1,1,0.0,0.0,100.0,100.0,0.0,1,100.0,CHAINTRUTH
2026-05-01,SUP-034,Supplier 034,India,APAC,0.95,PLT-02,Detroit Works,USA,NA,SMB,Australia,OTIF_ERP,ERP Definition,Finance,1,1,100.0,100.0,100.0,100.0,100.0,0,0.0,CHAINTRUTH
2026-05-01,SUP-035,Supplier 035,Mexico,LATAM,0.77,PLT-01,Munich Center,Germany,EMEA,SMB,France,OTIF_ERP,ERP Definition,Finance,1,1,0.0,0.0,0.0,100.0,100.0,1,100.0,CHAINTRUTH
2026-05-01,SUP-035,Supplier 035,Mexico,LATAM,0.77,PLT-06,Sao Paulo Ops,Brazil,LATAM,Enterprise,Canada,OTIF_ERP,ERP Definition,Finance,1,1,100.0,100.0,0.0,100.0,100.0,1,100.0,CHAINTRUTH
2026-05-01,SUP-035,Supplier 035,Mexico,LATAM,0.77,PLT-02,Detroit Works,USA,NA,SMB,Germany,OTIF_ERP,ERP Definition,Finance,1,1,0.0,0.0,100.0,100.0,0.0,1,100.0,CHAINTRUTH
2026-05-01,SUP-035,Supplier 035,Mexico,LATAM,0.77,PLT-00,Shanghai Hub,China,APAC,Government,Canada,OTIF_ERP,ERP Definition,Finance,1,1,0.0,0.0,0.0,100.0,100.0,1,100.0,CHAINTRUTH
2026-05-01,SUP-035,Supplier 035,Mexico,LATAM,0.77,PLT-09,Hanoi Assembly,Vietnam,APAC,Government,Germany,OTIF_ERP,ERP Definition,Finance,1,1,0.0,0.0,0.0,100.0,100.0,1,100.0,CHAINTRUTH
2026-05-01,SUP-035,Supplier 035,Mexico,LATAM,0.77,PLT-02,Detroit Works,USA,NA,Government,Australia,OTIF_ERP,ERP Definition,Finance,1,1,0.0,0.0,0.0,100.0,100.0,1,100.0,CHAINTRUTH
2026-05-01,SUP-035,Supplier 035,Mexico,LATAM,0.77,PLT-03,Tokyo Precision,Japan,APAC,SMB,Germany,OTIF_ERP,ERP Definition,Finance,1,1,0.0,0.0,100.0,100.0,100.0,1,100.0,CHAINTRUTH
2026-05-01,SUP-035,Supplier 035,Mexico,LATAM,0.77,PLT-03,Tokyo Precision,Japan,APAC,SMB,Singapore,OTIF_ERP,ERP Definition,Finance,1,1,0.0,0.0,100.0,100.0,0.0,1,100.0,CHAINTRUTH
2026-05-01,SUP-035,Supplier 035,Mexico,LATAM,0.77,PLT-08,Taipei Micro,Taiwan,APAC,Enterprise,Canada,OTIF_ERP,ERP Definition,Finance,1,1,0.0,0.0,100.0,100.0,100.0,1,100.0,CHAINTRUTH
2026-05-01,SUP-035,Supplier 035,Mexico,LATAM,0.77,PLT-04,Chennai Forge,India,APAC,SMB,Canada,OTIF_ERP,ERP Definition,Finance,1,1,0.0,0.0,0.0,100.0,100.0,1,100.0,CHAINTRUTH
2026-05-01,SUP-036,Supplier 036,Brazil,LATAM,0.76,PLT-03,Tokyo Precision,Japan,APAC,Government,Germany,OTIF_ERP,ERP Definition,Finance,1,1,0.0,0.0,100.0,100.0,100.0,1,100.0,CHAINTRUTH
2026-05-01,SUP-036,Supplier 036,Brazil,LATAM,0.76,PLT-08,Taipei Micro,Taiwan,APAC,SMB,UK,OTIF_ERP,ERP Definition,Finance,1,1,0.0,0.0,100.0,100.0,100.0,1,100.0,CHAINTRUTH
2026-05-01,SUP-036,Supplier 036,Brazil,LATAM,0.76,PLT-05,Monterrey Plant,Mexico,LATAM,Enterprise,USA,OTIF_ERP,ERP Definition,Finance,1,1,0.0,0.0,0.0,100.0,100.0,1,100.0,CHAINTRUTH
2026-05-01,SUP-036,Supplier 036,Brazil,LATAM,0.76,PLT-04,Chennai Forge,India,APAC,Government,Japan,OTIF_ERP,ERP Definition,Finance,1,1,0.0,0.0,0.0,100.0,100.0,1,100.0,CHAINTRUTH
2026-05-01,SUP-036,Supplier 036,Brazil,LATAM,0.76,PLT-00,Shanghai Hub,China,APAC,Enterprise,Canada,OTIF_ERP,ERP Definition,Finance,1,1,0.0,0.0,100.0,100.0,0.0,1,100.0,CHAINTRUTH
2026-05-01,SUP-037,Supplier 037,South Korea,APAC,0.7,PLT-00,Shanghai Hub,China,APAC,SMB,Japan,OTIF_ERP,ERP Definition,Finance,1,2,0.0,0.0,50.0,100.0,50.0,2,100.0,CHAINTRUTH
2026-05-01,SUP-037,Supplier 037,South Korea,APAC,0.7,PLT-01,Munich Center,Germany,EMEA,SMB,France,OTIF_ERP,ERP Definition,Finance,1,1,0.0,0.0,0.0,100.0,100.0,1,100.0,CHAINTRUTH
2026-05-01,SUP-037,Supplier 037,South Korea,APAC,0.7,PLT-00,Shanghai Hub,China,APAC,SMB,Singapore,OTIF_ERP,ERP Definition,Finance,1,2,0.0,0.0,0.0,100.0,50.0,2,100.0,CHAINTRUTH
2026-05-01,SUP-037,Supplier 037,South Korea,APAC,0.7,PLT-09,Hanoi Assembly,Vietnam,APAC,Government,Canada,OTIF_ERP,ERP Definition,Finance,1,1,0.0,0.0,0.0,100.0,100.0,1,100.0,CHAINTRUTH
2026-05-01,SUP-037,Supplier 037,South Korea,APAC,0.7,PLT-00,Shanghai Hub,China,APAC,Government,France,OTIF_ERP,ERP Definition,Finance,1,1,0.0,0.0,100.0,100.0,0.0,1,100.0,CHAINTRUTH
2026-05-01,SUP-037,Supplier 037,South Korea,APAC,0.7,PLT-01,Munich Center,Germany,EMEA,SMB,Australia,OTIF_ERP,ERP Definition,Finance,1,2,0.0,0.0,50.0,100.0,0.0,2,100.0,CHAINTRUTH
2026-05-01,SUP-037,Supplier 037,South Korea,APAC,0.7,PLT-08,Taipei Micro,Taiwan,APAC,Enterprise,Japan,OTIF_ERP,ERP Definition,Finance,1,1,0.0,0.0,0.0,100.0,100.0,1,100.0,CHAINTRUTH
2026-05-01,SUP-037,Supplier 037,South Korea,APAC,0.7,PLT-03,Tokyo Precision,Japan,APAC,SMB,UK,OTIF_ERP,ERP Definition,Finance,1,1,0.0,0.0,0.0,100.0,0.0,1,100.0,CHAINTRUTH
2026-05-01,SUP-037,Supplier 037,South Korea,APAC,0.7,PLT-03,Tokyo Precision,Japan,APAC,Government,Australia,OTIF_ERP,ERP Definition,Finance,1,2,0.0,0.0,100.0,100.0,50.0,2,100.0,CHAINTRUTH
2026-05-01,SUP-038,Supplier 038,Taiwan,APAC,0.95,PLT-09,Hanoi Assembly,Vietnam,APAC,Enterprise,Australia,OTIF_ERP,ERP Definition,Finance,1,1,0.0,100.0,100.0,100.0,0.0,0,0.0,CHAINTRUTH
2026-05-01,SUP-038,Supplier 038,Taiwan,APAC,0.95,PLT-05,Monterrey Plant,Mexico,LATAM,SMB,UK,OTIF_ERP,ERP Definition,Finance,1,1,0.0,0.0,0.0,100.0,100.0,1,100.0,CHAINTRUTH
2026-05-01,SUP-038,Supplier 038,Taiwan,APAC,0.95,PLT-06,Sao Paulo Ops,Brazil,LATAM,Enterprise,Canada,OTIF_ERP,ERP Definition,Finance,1,1,0.0,0.0,0.0,100.0,100.0,1,100.0,CHAINTRUTH
2026-05-01,SUP-038,Supplier 038,Taiwan,APAC,0.95,PLT-02,Detroit Works,USA,NA,SMB,Australia,OTIF_ERP,ERP Definition,Finance,1,1,100.0,100.0,0.0,100.0,100.0,1,100.0,CHAINTRUTH
2026-05-01,SUP-038,Supplier 038,Taiwan,APAC,0.95,PLT-06,Sao Paulo Ops,Brazil,LATAM,SMB,France,OTIF_ERP,ERP Definition,Finance,1,1,0.0,0.0,100.0,100.0,100.0,1,100.0,CHAINTRUTH
2026-05-01,SUP-039,Supplier 039,Vietnam,APAC,0.68,PLT-07,Seoul Tech,South Korea,APAC,SMB,Canada,OTIF_ERP,ERP Definition,Finance,1,1,0.0,0.0,0.0,100.0,100.0,1,100.0,CHAINTRUTH
2026-05-01,SUP-039,Supplier 039,Vietnam,APAC,0.68,PLT-08,Taipei Micro,Taiwan,APAC,SMB,Germany,OTIF_ERP,ERP Definition,Finance,1,1,0.0,0.0,0.0,100.0,100.0,1,100.0,CHAINTRUTH
2026-05-01,SUP-039,Supplier 039,Vietnam,APAC,0.68,PLT-03,Tokyo Precision,Japan,APAC,SMB,Germany,OTIF_ERP,ERP Definition,Finance,1,1,0.0,0.0,0.0,100.0,100.0,1,100.0,CHAINTRUTH
2026-05-01,SUP-039,Supplier 039,Vietnam,APAC,0.68,PLT-03,Tokyo Precision,Japan,APAC,SMB,France,OTIF_ERP,ERP Definition,Finance,1,1,0.0,0.0,0.0,100.0,0.0,1,100.0,CHAINTRUTH
2026-05-01,SUP-039,Supplier 039,Vietnam,APAC,0.68,PLT-00,Shanghai Hub,China,APAC,SMB,Germany,OTIF_ERP,ERP Definition,Finance,1,2,0.0,0.0,0.0,100.0,50.0,2,100.0,CHAINTRUTH
2026-05-01,SUP-040,Supplier 040,China,APAC,0.96,PLT-02,Detroit Works,USA,NA,SMB,Singapore,OTIF_ERP,ERP Definition,Finance,1,1,100.0,100.0,100.0,100.0,100.0,0,0.0,CHAINTRUTH
2026-05-01,SUP-040,Supplier 040,China,APAC,0.96,PLT-09,Hanoi Assembly,Vietnam,APAC,Enterprise,Canada,OTIF_ERP,ERP Definition,Finance,1,2,0.0,0.0,50.0,100.0,50.0,2,100.0,CHAINTRUTH
2026-05-01,SUP-040,Supplier 040,China,APAC,0.96,PLT-02,Detroit Works,USA,NA,Enterprise,Japan,OTIF_ERP,ERP Definition,Finance,1,1,0.0,0.0,100.0,100.0,100.0,1,100.0,CHAINTRUTH
2026-05-01,SUP-040,Supplier 040,China,APAC,0.96,PLT-09,Hanoi Assembly,Vietnam,APAC,SMB,UK,OTIF_ERP,ERP Definition,Finance,1,1,0.0,0.0,100.0,100.0,100.0,1,100.0,CHAINTRUTH
2026-05-01,SUP-040,Supplier 040,China,APAC,0.96,PLT-04,Chennai Forge,India,APAC,SMB,Australia,OTIF_ERP,ERP Definition,Finance,1,1,100.0,100.0,100.0,100.0,100.0,0,0.0,CHAINTRUTH
2026-05-01,SUP-041,Supplier 041,Germany,EMEA,0.64,PLT-01,Munich Center,Germany,EMEA,SMB,Canada,OTIF_ERP,ERP Definition,Finance,1,1,0.0,0.0,0.0,100.0,100.0,1,100.0,CHAINTRUTH
2026-05-01,SUP-041,Supplier 041,Germany,EMEA,0.64,PLT-09,Hanoi Assembly,Vietnam,APAC,SMB,Canada,OTIF_ERP,ERP Definition,Finance,1,1,0.0,0.0,0.0,100.0,100.0,1,100.0,CHAINTRUTH
2026-05-01,SUP-041,Supplier 041,Germany,EMEA,0.64,PLT-00,Shanghai Hub,China,APAC,SMB,Germany,OTIF_ERP,ERP Definition,Finance,1,1,0.0,0.0,100.0,100.0,100.0,1,100.0,CHAINTRUTH
2026-05-01,SUP-041,Supplier 041,Germany,EMEA,0.64,PLT-00,Shanghai Hub,China,APAC,Enterprise,France,OTIF_ERP,ERP Definition,Finance,1,1,0.0,0.0,100.0,100.0,100.0,1,100.0,CHAINTRUTH
2026-05-01,SUP-041,Supplier 041,Germany,EMEA,0.64,PLT-05,Monterrey Plant,Mexico,LATAM,Government,Canada,OTIF_ERP,ERP Definition,Finance,1,1,0.0,0.0,0.0,100.0,0.0,1,100.0,CHAINTRUTH
2026-05-01,SUP-041,Supplier 041,Germany,EMEA,0.64,PLT-01,Munich Center,Germany,EMEA,Government,Germany,OTIF_ERP,ERP Definition,Finance,1,1,0.0,0.0,100.0,100.0,100.0,1,100.0,CHAINTRUTH
2026-05-01,SUP-041,Supplier 041,Germany,EMEA,0.64,PLT-00,Shanghai Hub,China,APAC,SMB,UK,OTIF_ERP,ERP Definition,Finance,2,2,0.0,0.0,50.0,100.0,100.0,2,100.0,CHAINTRUTH
2026-05-01,SUP-041,Supplier 041,Germany,EMEA,0.64,PLT-07,Seoul Tech,South Korea,APAC,SMB,Singapore,OTIF_ERP,ERP Definition,Finance,1,1,0.0,0.0,100.0,100.0,100.0,1,100.0,CHAINTRUTH
2026-05-01,SUP-042,Supplier 042,USA,NA,0.91,PLT-09,Hanoi Assembly,Vietnam,APAC,SMB,Singapore,OTIF_ERP,ERP Definition,Finance,1,1,0.0,0.0,0.0,100.0,100.0,1,100.0,CHAINTRUTH
2026-05-01,SUP-042,Supplier 042,USA,NA,0.91,PLT-00,Shanghai Hub,China,APAC,Government,UK,OTIF_ERP,ERP Definition,Finance,1,1,0.0,0.0,100.0,100.0,100.0,1,100.0,CHAINTRUTH
2026-05-01,SUP-042,Supplier 042,USA,NA,0.91,PLT-05,Monterrey Plant,Mexico,LATAM,SMB,UK,OTIF_ERP,ERP Definition,Finance,1,1,0.0,0.0,0.0,100.0,100.0,1,100.0,CHAINTRUTH
2026-05-01,SUP-042,Supplier 042,USA,NA,0.91,PLT-00,Shanghai Hub,China,APAC,Enterprise,Canada,OTIF_ERP,ERP Definition,Finance,1,2,0.0,0.0,100.0,100.0,0.0,2,100.0,CHAINTRUTH
2026-05-01,SUP-042,Supplier 042,USA,NA,0.91,PLT-01,Munich Center,Germany,EMEA,Enterprise,Japan,OTIF_ERP,ERP Definition,Finance,1,1,100.0,100.0,100.0,100.0,100.0,0,0.0,CHAINTRUTH
2026-05-01,SUP-042,Supplier 042,USA,NA,0.91,PLT-08,Taipei Micro,Taiwan,APAC,SMB,Singapore,OTIF_ERP,ERP Definition,Finance,1,1,0.0,0.0,0.0,100.0,0.0,1,100.0,CHAINTRUTH
2026-05-01,SUP-042,Supplier 042,USA,NA,0.91,PLT-05,Monterrey Plant,Mexico,LATAM,SMB,USA,OTIF_ERP,ERP Definition,Finance,1,2,50.0,50.0,100.0,100.0,50.0,1,50.0,CHAINTRUTH
2026-05-01,SUP-042,Supplier 042,USA,NA,0.91,PLT-04,Chennai Forge,India,APAC,Enterprise,USA,OTIF_ERP,ERP Definition,Finance,1,1,100.0,100.0,100.0,100.0,100.0,0,0.0,CHAINTRUTH
2026-05-01,SUP-043,Supplier 043,Japan,APAC,0.98,PLT-02,Detroit Works,USA,NA,SMB,Australia,OTIF_ERP,ERP Definition,Finance,1,1,0.0,100.0,100.0,100.0,0.0,0,0.0,CHAINTRUTH
2026-05-01,SUP-043,Supplier 043,Japan,APAC,0.98,PLT-07,Seoul Tech,South Korea,APAC,SMB,Singapore,OTIF_ERP,ERP Definition,Finance,1,1,0.0,0.0,100.0,100.0,0.0,1,100.0,CHAINTRUTH
2026-05-01,SUP-043,Supplier 043,Japan,APAC,0.98,PLT-06,Sao Paulo Ops,Brazil,LATAM,Enterprise,Japan,OTIF_ERP,ERP Definition,Finance,1,1,0.0,0.0,0.0,100.0,100.0,1,100.0,CHAINTRUTH
2026-05-01,SUP-043,Supplier 043,Japan,APAC,0.98,PLT-03,Tokyo Precision,Japan,APAC,Enterprise,Germany,OTIF_ERP,ERP Definition,Finance,1,1,0.0,100.0,100.0,100.0,0.0,0,0.0,CHAINTRUTH
2026-05-01,SUP-043,Supplier 043,Japan,APAC,0.98,PLT-03,Tokyo Precision,Japan,APAC,Enterprise,France,OTIF_ERP,ERP Definition,Finance,1,1,0.0,0.0,0.0,100.0,0.0,1,100.0,CHAINTRUTH
2026-05-01,SUP-044,Supplier 044,India,APAC,0.55,PLT-00,Shanghai Hub,China,APAC,SMB,Canada,OTIF_ERP,ERP Definition,Finance,1,2,0.0,0.0,50.0,100.0,50.0,2,100.0,CHAINTRUTH
2026-05-01,SUP-044,Supplier 044,India,APAC,0.55,PLT-03,Tokyo Precision,Japan,APAC,Government,Australia,OTIF_ERP,ERP Definition,Finance,1,1,0.0,0.0,0.0,100.0,100.0,1,100.0,CHAINTRUTH
2026-05-01,SUP-044,Supplier 044,India,APAC,0.55,PLT-00,Shanghai Hub,China,APAC,Enterprise,Singapore,OTIF_ERP,ERP Definition,Finance,1,1,0.0,0.0,0.0,100.0,100.0,1,100.0,CHAINTRUTH
2026-05-01,SUP-044,Supplier 044,India,APAC,0.55,PLT-05,Monterrey Plant,Mexico,LATAM,SMB,USA,OTIF_ERP,ERP Definition,Finance,1,1,0.0,0.0,0.0,100.0,100.0,1,100.0,CHAINTRUTH
2026-05-01,SUP-044,Supplier 044,India,APAC,0.55,PLT-07,Seoul Tech,South Korea,APAC,Enterprise,Canada,OTIF_ERP,ERP Definition,Finance,1,2,0.0,0.0,0.0,100.0,50.0,2,100.0,CHAINTRUTH
2026-05-01,SUP-044,Supplier 044,India,APAC,0.55,PLT-09,Hanoi Assembly,Vietnam,APAC,Enterprise,USA,OTIF_ERP,ERP Definition,Finance,1,2,0.0,0.0,50.0,100.0,0.0,2,100.0,CHAINTRUTH
2026-05-01,SUP-044,Supplier 044,India,APAC,0.55,PLT-06,Sao Paulo Ops,Brazil,LATAM,SMB,Canada,OTIF_ERP,ERP Definition,Finance,1,1,100.0,100.0,100.0,100.0,100.0,0,0.0,CHAINTRUTH
2026-05-01,SUP-044,Supplier 044,India,APAC,0.55,PLT-07,Seoul Tech,South Korea,APAC,SMB,Australia,OTIF_ERP,ERP Definition,Finance,1,2,0.0,0.0,100.0,100.0,50.0,2,100.0,CHAINTRUTH
2026-05-01,SUP-044,Supplier 044,India,APAC,0.55,PLT-02,Detroit Works,USA,NA,SMB,UK,OTIF_ERP,ERP Definition,Finance,1,1,0.0,0.0,100.0,100.0,100.0,1,100.0,CHAINTRUTH
2026-05-01,SUP-045,Supplier 045,Mexico,LATAM,0.92,PLT-01,Munich Center,Germany,EMEA,Enterprise,Germany,OTIF_ERP,ERP Definition,Finance,1,1,100.0,100.0,100.0,100.0,100.0,0,0.0,CHAINTRUTH
2026-05-01,SUP-045,Supplier 045,Mexico,LATAM,0.92,PLT-09,Hanoi Assembly,Vietnam,APAC,Enterprise,USA,OTIF_ERP,ERP Definition,Finance,1,1,0.0,0.0,0.0,100.0,100.0,1,100.0,CHAINTRUTH
2026-05-01,SUP-045,Supplier 045,Mexico,LATAM,0.92,PLT-07,Seoul Tech,South Korea,APAC,Government,Germany,OTIF_ERP,ERP Definition,Finance,1,1,0.0,0.0,100.0,100.0,100.0,1,100.0,CHAINTRUTH
2026-05-01,SUP-046,Supplier 046,Brazil,LATAM,0.96,PLT-02,Detroit Works,USA,NA,SMB,Australia,OTIF_ERP,ERP Definition,Finance,1,1,100.0,100.0,0.0,100.0,100.0,1,100.0,CHAINTRUTH
2026-05-01,SUP-046,Supplier 046,Brazil,LATAM,0.96,PLT-08,Taipei Micro,Taiwan,APAC,Enterprise,France,OTIF_ERP,ERP Definition,Finance,1,1,0.0,0.0,100.0,100.0,100.0,1,100.0,CHAINTRUTH
2026-05-01,SUP-046,Supplier 046,Brazil,LATAM,0.96,PLT-06,Sao Paulo Ops,Brazil,LATAM,SMB,Canada,OTIF_ERP,ERP Definition,Finance,1,1,0.0,0.0,100.0,100.0,0.0,1,100.0,CHAINTRUTH
2026-05-01,SUP-046,Supplier 046,Brazil,LATAM,0.96,PLT-04,Chennai Forge,India,APAC,SMB,Singapore,OTIF_ERP,ERP Definition,Finance,1,2,0.0,0.0,100.0,100.0,0.0,2,100.0,CHAINTRUTH
2026-05-01,SUP-046,Supplier 046,Brazil,LATAM,0.96,PLT-06,Sao Paulo Ops,Brazil,LATAM,SMB,UK,OTIF_ERP,ERP Definition,Finance,1,1,100.0,100.0,100.0,100.0,100.0,0,0.0,CHAINTRUTH
2026-05-01,SUP-046,Supplier 046,Brazil,LATAM,0.96,PLT-04,Chennai Forge,India,APAC,SMB,France,OTIF_ERP,ERP Definition,Finance,1,2,0.0,0.0,100.0,100.0,50.0,2,100.0,CHAINTRUTH
2026-05-01,SUP-047,Supplier 047,South Korea,APAC,0.59,PLT-00,Shanghai Hub,China,APAC,Government,Australia,OTIF_ERP,ERP Definition,Finance,1,1,0.0,0.0,0.0,100.0,100.0,1,100.0,CHAINTRUTH
2026-05-01,SUP-047,Supplier 047,South Korea,APAC,0.59,PLT-00,Shanghai Hub,China,APAC,Government,Japan,OTIF_ERP,ERP Definition,Finance,1,1,0.0,0.0,0.0,100.0,100.0,1,100.0,CHAINTRUTH
2026-05-01,SUP-047,Supplier 047,South Korea,APAC,0.59,PLT-05,Monterrey Plant,Mexico,LATAM,SMB,Singapore,OTIF_ERP,ERP Definition,Finance,1,2,0.0,0.0,50.0,100.0,50.0,2,100.0,CHAINTRUTH
2026-05-01,SUP-047,Supplier 047,South Korea,APAC,0.59,PLT-06,Sao Paulo Ops,Brazil,LATAM,Enterprise,Australia,OTIF_ERP,ERP Definition,Finance,1,2,0.0,0.0,100.0,100.0,0.0,2,100.0,CHAINTRUTH
2026-05-01,SUP-048,Supplier 048,Taiwan,APAC,0.54,PLT-00,Shanghai Hub,China,APAC,Government,Australia,OTIF_ERP,ERP Definition,Finance,1,1,0.0,0.0,0.0,100.0,100.0,1,100.0,CHAINTRUTH
2026-05-01,SUP-048,Supplier 048,Taiwan,APAC,0.54,PLT-02,Detroit Works,USA,NA,Government,Australia,OTIF_ERP,ERP Definition,Finance,1,1,0.0,0.0,0.0,100.0,100.0,1,100.0,CHAINTRUTH
2026-05-01,SUP-048,Supplier 048,Taiwan,APAC,0.54,PLT-03,Tokyo Precision,Japan,APAC,SMB,Singapore,OTIF_ERP,ERP Definition,Finance,1,1,0.0,0.0,0.0,100.0,100.0,1,100.0,CHAINTRUTH
2026-05-01,SUP-048,Supplier 048,Taiwan,APAC,0.54,PLT-07,Seoul Tech,South Korea,APAC,Government,USA,OTIF_ERP,ERP Definition,Finance,1,2,0.0,0.0,50.0,100.0,0.0,2,100.0,CHAINTRUTH
2026-05-01,SUP-049,Supplier 049,Vietnam,APAC,0.75,PLT-04,Chennai Forge,India,APAC,SMB,Japan,OTIF_ERP,ERP Definition,Finance,1,1,0.0,0.0,0.0,100.0,100.0,1,100.0,CHAINTRUTH
2026-05-01,SUP-049,Supplier 049,Vietnam,APAC,0.75,PLT-05,Monterrey Plant,Mexico,LATAM,SMB,USA,OTIF_ERP,ERP Definition,Finance,1,2,0.0,0.0,50.0,100.0,50.0,2,100.0,CHAINTRUTH
2026-05-01,SUP-049,Supplier 049,Vietnam,APAC,0.75,PLT-08,Taipei Micro,Taiwan,APAC,Government,USA,OTIF_ERP,ERP Definition,Finance,1,1,0.0,0.0,100.0,100.0,100.0,1,100.0,CHAINTRUTH
2026-05-01,SUP-049,Supplier 049,Vietnam,APAC,0.75,PLT-09,Hanoi Assembly,Vietnam,APAC,SMB,Singapore,OTIF_ERP,ERP Definition,Finance,1,1,0.0,0.0,100.0,100.0,100.0,1,100.0,CHAINTRUTH
2026-06-01,SUP-000,Supplier 000,China,APAC,0.85,PLT-08,Taipei Micro,Taiwan,APAC,SMB,France,OTIF_ERP,ERP Definition,Finance,1,1,0.0,0.0,100.0,100.0,100.0,1,100.0,CHAINTRUTH
2026-06-01,SUP-000,Supplier 000,China,APAC,0.85,PLT-01,Munich Center,Germany,EMEA,SMB,Canada,OTIF_ERP,ERP Definition,Finance,1,1,0.0,0.0,0.0,100.0,100.0,1,100.0,CHAINTRUTH
2026-06-01,SUP-000,Supplier 000,China,APAC,0.85,PLT-05,Monterrey Plant,Mexico,LATAM,Enterprise,Japan,OTIF_ERP,ERP Definition,Finance,1,1,0.0,0.0,100.0,100.0,100.0,1,100.0,CHAINTRUTH
2026-06-01,SUP-000,Supplier 000,China,APAC,0.85,PLT-02,Detroit Works,USA,NA,SMB,Japan,OTIF_ERP,ERP Definition,Finance,1,1,0.0,0.0,0.0,100.0,0.0,1,100.0,CHAINTRUTH
2026-06-01,SUP-001,Supplier 001,Germany,EMEA,0.7,PLT-00,Shanghai Hub,China,APAC,SMB,Germany,OTIF_ERP,ERP Definition,Finance,1,1,0.0,0.0,0.0,100.0,100.0,1,100.0,CHAINTRUTH
2026-06-01,SUP-001,Supplier 001,Germany,EMEA,0.7,PLT-09,Hanoi Assembly,Vietnam,APAC,Government,Germany,OTIF_ERP,ERP Definition,Finance,1,2,0.0,0.0,100.0,100.0,0.0,2,100.0,CHAINTRUTH
2026-06-01,SUP-001,Supplier 001,Germany,EMEA,0.7,PLT-02,Detroit Works,USA,NA,Government,Singapore,OTIF_ERP,ERP Definition,Finance,1,1,0.0,0.0,0.0,100.0,100.0,1,100.0,CHAINTRUTH
2026-06-01,SUP-001,Supplier 001,Germany,EMEA,0.7,PLT-06,Sao Paulo Ops,Brazil,LATAM,Enterprise,USA,OTIF_ERP,ERP Definition,Finance,1,1,100.0,100.0,100.0,100.0,100.0,0,0.0,CHAINTRUTH
2026-06-01,SUP-001,Supplier 001,Germany,EMEA,0.7,PLT-04,Chennai Forge,India,APAC,Enterprise,Germany,OTIF_ERP,ERP Definition,Finance,1,1,0.0,0.0,100.0,100.0,0.0,1,100.0,CHAINTRUTH
2026-06-01,SUP-001,Supplier 001,Germany,EMEA,0.7,PLT-00,Shanghai Hub,China,APAC,SMB,Australia,OTIF_ERP,ERP Definition,Finance,1,2,0.0,0.0,50.0,100.0,0.0,2,100.0,CHAINTRUTH
2026-06-01,SUP-001,Supplier 001,Germany,EMEA,0.7,PLT-07,Seoul Tech,South Korea,APAC,Enterprise,France,OTIF_ERP,ERP Definition,Finance,1,2,0.0,0.0,50.0,100.0,50.0,2,100.0,CHAINTRUTH
2026-06-01,SUP-001,Supplier 001,Germany,EMEA,0.7,PLT-04,Chennai Forge,India,APAC,Enterprise,Canada,OTIF_ERP,ERP Definition,Finance,1,2,0.0,0.0,50.0,100.0,0.0,2,100.0,CHAINTRUTH
2026-06-01,SUP-001,Supplier 001,Germany,EMEA,0.7,PLT-03,Tokyo Precision,Japan,APAC,SMB,Japan,OTIF_ERP,ERP Definition,Finance,1,1,0.0,0.0,100.0,100.0,100.0,1,100.0,CHAINTRUTH
2026-06-01,SUP-002,Supplier 002,USA,NA,0.74,PLT-02,Detroit Works,USA,NA,SMB,Singapore,OTIF_ERP,ERP Definition,Finance,1,2,0.0,0.0,50.0,100.0,0.0,2,100.0,CHAINTRUTH
2026-06-01,SUP-002,Supplier 002,USA,NA,0.74,PLT-04,Chennai Forge,India,APAC,SMB,Germany,OTIF_ERP,ERP Definition,Finance,1,1,0.0,0.0,100.0,100.0,100.0,1,100.0,CHAINTRUTH
2026-06-01,SUP-002,Supplier 002,USA,NA,0.74,PLT-02,Detroit Works,USA,NA,SMB,Germany,OTIF_ERP,ERP Definition,Finance,1,2,50.0,50.0,50.0,100.0,50.0,1,50.0,CHAINTRUTH
2026-06-01,SUP-002,Supplier 002,USA,NA,0.74,PLT-03,Tokyo Precision,Japan,APAC,Enterprise,Germany,OTIF_ERP,ERP Definition,Finance,1,2,0.0,0.0,0.0,100.0,50.0,2,100.0,CHAINTRUTH
2026-06-01,SUP-002,Supplier 002,USA,NA,0.74,PLT-09,Hanoi Assembly,Vietnam,APAC,SMB,Canada,OTIF_ERP,ERP Definition,Finance,1,1,0.0,0.0,0.0,100.0,100.0,1,100.0,CHAINTRUTH
2026-06-01,SUP-003,Supplier 003,Japan,APAC,0.64,PLT-00,Shanghai Hub,China,APAC,SMB,Singapore,OTIF_ERP,ERP Definition,Finance,1,1,0.0,0.0,0.0,100.0,100.0,1,100.0,CHAINTRUTH
2026-06-01,SUP-003,Supplier 003,Japan,APAC,0.64,PLT-06,Sao Paulo Ops,Brazil,LATAM,SMB,Australia,OTIF_ERP,ERP Definition,Finance,1,1,0.0,0.0,100.0,100.0,100.0,1,100.0,CHAINTRUTH
2026-06-01,SUP-003,Supplier 003,Japan,APAC,0.64,PLT-06,Sao Paulo Ops,Brazil,LATAM,Enterprise,Singapore,OTIF_ERP,ERP Definition,Finance,1,1,0.0,0.0,0.0,100.0,100.0,1,100.0,CHAINTRUTH
2026-06-01,SUP-003,Supplier 003,Japan,APAC,0.64,PLT-00,Shanghai Hub,China,APAC,Enterprise,USA,OTIF_ERP,ERP Definition,Finance,1,2,0.0,0.0,100.0,100.0,0.0,2,100.0,CHAINTRUTH
2026-06-01,SUP-003,Supplier 003,Japan,APAC,0.64,PLT-08,Taipei Micro,Taiwan,APAC,Enterprise,UK,OTIF_ERP,ERP Definition,Finance,1,1,0.0,0.0,0.0,100.0,100.0,1,100.0,CHAINTRUTH
2026-06-01,SUP-004,Supplier 004,India,APAC,0.69,PLT-09,Hanoi Assembly,Vietnam,APAC,SMB,UK,OTIF_ERP,ERP Definition,Finance,1,1,0.0,0.0,0.0,100.0,100.0,1,100.0,CHAINTRUTH
2026-06-01,SUP-004,Supplier 004,India,APAC,0.69,PLT-09,Hanoi Assembly,Vietnam,APAC,Government,USA,OTIF_ERP,ERP Definition,Finance,1,1,0.0,0.0,0.0,100.0,100.0,1,100.0,CHAINTRUTH
2026-06-01,SUP-004,Supplier 004,India,APAC,0.69,PLT-05,Monterrey Plant,Mexico,LATAM,Enterprise,Japan,OTIF_ERP,ERP Definition,Finance,1,1,0.0,0.0,0.0,100.0,100.0,1,100.0,CHAINTRUTH
2026-06-01,SUP-004,Supplier 004,India,APAC,0.69,PLT-06,Sao Paulo Ops,Brazil,LATAM,Government,France,OTIF_ERP,ERP Definition,Finance,1,2,0.0,0.0,50.0,50.0,50.0,1,50.0,CHAINTRUTH
2026-06-01,SUP-004,Supplier 004,India,APAC,0.69,PLT-05,Monterrey Plant,Mexico,LATAM,SMB,Canada,OTIF_ERP,ERP Definition,Finance,1,1,0.0,0.0,0.0,100.0,0.0,1,100.0,CHAINTRUTH
2026-06-01,SUP-004,Supplier 004,India,APAC,0.69,PLT-07,Seoul Tech,South Korea,APAC,Enterprise,France,OTIF_ERP,ERP Definition,Finance,1,2,0.0,0.0,50.0,50.0,50.0,2,100.0,CHAINTRUTH
2026-06-01,SUP-004,Supplier 004,India,APAC,0.69,PLT-00,Shanghai Hub,China,APAC,Enterprise,Canada,OTIF_ERP,ERP Definition,Finance,1,1,0.0,0.0,0.0,100.0,0.0,1,100.0,CHAINTRUTH
2026-06-01,SUP-005,Supplier 005,Mexico,LATAM,0.77,PLT-07,Seoul Tech,South Korea,APAC,SMB,Australia,OTIF_ERP,ERP Definition,Finance,1,1,0.0,0.0,0.0,100.0,100.0,1,100.0,CHAINTRUTH
2026-06-01,SUP-005,Supplier 005,Mexico,LATAM,0.77,PLT-05,Monterrey Plant,Mexico,LATAM,Enterprise,UK,OTIF_ERP,ERP Definition,Finance,1,1,0.0,100.0,100.0,100.0,0.0,0,0.0,CHAINTRUTH
2026-06-01,SUP-006,Supplier 006,Brazil,LATAM,0.61,PLT-01,Munich Center,Germany,EMEA,SMB,UK,OTIF_ERP,ERP Definition,Finance,1,1,0.0,0.0,100.0,100.0,100.0,1,100.0,CHAINTRUTH
2026-06-01,SUP-006,Supplier 006,Brazil,LATAM,0.61,PLT-08,Taipei Micro,Taiwan,APAC,SMB,Japan,OTIF_ERP,ERP Definition,Finance,1,1,0.0,0.0,0.0,100.0,100.0,1,100.0,CHAINTRUTH
2026-06-01,SUP-006,Supplier 006,Brazil,LATAM,0.61,PLT-04,Chennai Forge,India,APAC,Enterprise,Germany,OTIF_ERP,ERP Definition,Finance,1,1,0.0,0.0,100.0,100.0,100.0,1,100.0,CHAINTRUTH
2026-06-01,SUP-006,Supplier 006,Brazil,LATAM,0.61,PLT-07,Seoul Tech,South Korea,APAC,Enterprise,UK,OTIF_ERP,ERP Definition,Finance,1,1,0.0,0.0,0.0,100.0,100.0,1,100.0,CHAINTRUTH
2026-06-01,SUP-006,Supplier 006,Brazil,LATAM,0.61,PLT-01,Munich Center,Germany,EMEA,Enterprise,Australia,OTIF_ERP,ERP Definition,Finance,1,1,0.0,0.0,0.0,100.0,0.0,1,100.0,CHAINTRUTH
2026-06-01,SUP-006,Supplier 006,Brazil,LATAM,0.61,PLT-05,Monterrey Plant,Mexico,LATAM,Enterprise,Japan,OTIF_ERP,ERP Definition,Finance,1,1,0.0,0.0,0.0,100.0,100.0,1,100.0,CHAINTRUTH
2026-06-01,SUP-006,Supplier 006,Brazil,LATAM,0.61,PLT-02,Detroit Works,USA,NA,Government,France,OTIF_ERP,ERP Definition,Finance,1,1,0.0,100.0,100.0,100.0,0.0,0,0.0,CHAINTRUTH
2026-06-01,SUP-006,Supplier 006,Brazil,LATAM,0.61,PLT-04,Chennai Forge,India,APAC,Enterprise,France,OTIF_ERP,ERP Definition,Finance,1,1,0.0,0.0,100.0,100.0,100.0,1,100.0,CHAINTRUTH
2026-06-01,SUP-006,Supplier 006,Brazil,LATAM,0.61,PLT-05,Monterrey Plant,Mexico,LATAM,Enterprise,USA,OTIF_ERP,ERP Definition,Finance,1,1,0.0,0.0,100.0,100.0,100.0,1,100.0,CHAINTRUTH
2026-06-01,SUP-007,Supplier 007,South Korea,APAC,0.84,PLT-04,Chennai Forge,India,APAC,Enterprise,Australia,OTIF_ERP,ERP Definition,Finance,1,1,0.0,0.0,100.0,100.0,0.0,1,100.0,CHAINTRUTH
2026-06-01,SUP-007,Supplier 007,South Korea,APAC,0.84,PLT-02,Detroit Works,USA,NA,SMB,Canada,OTIF_ERP,ERP Definition,Finance,1,1,0.0,0.0,0.0,100.0,100.0,1,100.0,CHAINTRUTH
2026-06-01,SUP-007,Supplier 007,South Korea,APAC,0.84,PLT-06,Sao Paulo Ops,Brazil,LATAM,Enterprise,Canada,OTIF_ERP,ERP Definition,Finance,1,1,0.0,0.0,0.0,100.0,100.0,1,100.0,CHAINTRUTH
2026-06-01,SUP-007,Supplier 007,South Korea,APAC,0.84,PLT-05,Monterrey Plant,Mexico,LATAM,SMB,Singapore,OTIF_ERP,ERP Definition,Finance,1,1,0.0,0.0,100.0,100.0,100.0,1,100.0,CHAINTRUTH
2026-06-01,SUP-008,Supplier 008,Taiwan,APAC,0.73,PLT-06,Sao Paulo Ops,Brazil,LATAM,SMB,Singapore,OTIF_ERP,ERP Definition,Finance,1,1,0.0,0.0,0.0,100.0,100.0,1,100.0,CHAINTRUTH
2026-06-01,SUP-008,Supplier 008,Taiwan,APAC,0.73,PLT-03,Tokyo Precision,Japan,APAC,SMB,USA,OTIF_ERP,ERP Definition,Finance,1,1,0.0,0.0,100.0,100.0,100.0,1,100.0,CHAINTRUTH
2026-06-01,SUP-008,Supplier 008,Taiwan,APAC,0.73,PLT-01,Munich Center,Germany,EMEA,SMB,Germany,OTIF_ERP,ERP Definition,Finance,1,1,0.0,0.0,0.0,100.0,100.0,1,100.0,CHAINTRUTH
2026-06-01,SUP-008,Supplier 008,Taiwan,APAC,0.73,PLT-05,Monterrey Plant,Mexico,LATAM,SMB,France,OTIF_ERP,ERP Definition,Finance,1,1,0.0,0.0,0.0,100.0,100.0,1,100.0,CHAINTRUTH
2026-06-01,SUP-009,Supplier 009,Vietnam,APAC,1.0,PLT-04,Chennai Forge,India,APAC,SMB,Japan,OTIF_ERP,ERP Definition,Finance,1,2,0.0,0.0,100.0,100.0,0.0,2,100.0,CHAINTRUTH
2026-06-01,SUP-009,Supplier 009,Vietnam,APAC,1.0,PLT-03,Tokyo Precision,Japan,APAC,SMB,UK,OTIF_ERP,ERP Definition,Finance,1,1,0.0,0.0,0.0,100.0,100.0,1,100.0,CHAINTRUTH
2026-06-01,SUP-009,Supplier 009,Vietnam,APAC,1.0,PLT-02,Detroit Works,USA,NA,SMB,UK,OTIF_ERP,ERP Definition,Finance,1,2,50.0,50.0,100.0,100.0,50.0,1,50.0,CHAINTRUTH
2026-06-01,SUP-009,Supplier 009,Vietnam,APAC,1.0,PLT-09,Hanoi Assembly,Vietnam,APAC,Government,USA,OTIF_ERP,ERP Definition,Finance,1,1,0.0,0.0,0.0,100.0,100.0,1,100.0,CHAINTRUTH
2026-06-01,SUP-009,Supplier 009,Vietnam,APAC,1.0,PLT-07,Seoul Tech,South Korea,APAC,Enterprise,Japan,OTIF_ERP,ERP Definition,Finance,1,1,0.0,0.0,100.0,100.0,100.0,1,100.0,CHAINTRUTH
2026-06-01,SUP-009,Supplier 009,Vietnam,APAC,1.0,PLT-05,Monterrey Plant,Mexico,LATAM,Enterprise,France,OTIF_ERP,ERP Definition,Finance,1,1,0.0,0.0,100.0,100.0,100.0,1,100.0,CHAINTRUTH
2026-06-01,SUP-009,Supplier 009,Vietnam,APAC,1.0,PLT-05,Monterrey Plant,Mexico,LATAM,Enterprise,Singapore,OTIF_ERP,ERP Definition,Finance,1,1,0.0,0.0,0.0,100.0,0.0,1,100.0,CHAINTRUTH
2026-06-01,SUP-009,Supplier 009,Vietnam,APAC,1.0,PLT-00,Shanghai Hub,China,APAC,SMB,Australia,OTIF_ERP,ERP Definition,Finance,1,1,0.0,0.0,100.0,100.0,0.0,1,100.0,CHAINTRUTH
2026-06-01,SUP-010,Supplier 010,China,APAC,0.76,PLT-01,Munich Center,Germany,EMEA,Enterprise,UK,OTIF_ERP,ERP Definition,Finance,1,1,0.0,0.0,0.0,100.0,100.0,1,100.0,CHAINTRUTH
2026-06-01,SUP-010,Supplier 010,China,APAC,0.76,PLT-05,Monterrey Plant,Mexico,LATAM,Enterprise,Germany,OTIF_ERP,ERP Definition,Finance,1,1,0.0,0.0,100.0,100.0,100.0,1,100.0,CHAINTRUTH
2026-06-01,SUP-011,Supplier 011,Germany,EMEA,0.53,PLT-01,Munich Center,Germany,EMEA,SMB,USA,OTIF_ERP,ERP Definition,Finance,1,1,0.0,0.0,0.0,100.0,100.0,1,100.0,CHAINTRUTH
2026-06-01,SUP-011,Supplier 011,Germany,EMEA,0.53,PLT-03,Tokyo Precision,Japan,APAC,SMB,Germany,OTIF_ERP,ERP Definition,Finance,1,2,0.0,0.0,100.0,100.0,0.0,2,100.0,CHAINTRUTH
2026-06-01,SUP-011,Supplier 011,Germany,EMEA,0.53,PLT-08,Taipei Micro,Taiwan,APAC,Government,Germany,OTIF_ERP,ERP Definition,Finance,1,1,0.0,0.0,0.0,100.0,100.0,1,100.0,CHAINTRUTH
2026-06-01,SUP-011,Supplier 011,Germany,EMEA,0.53,PLT-01,Munich Center,Germany,EMEA,Enterprise,France,OTIF_ERP,ERP Definition,Finance,2,3,0.0,0.0,0.0,100.0,66.67,3,100.0,CHAINTRUTH
2026-06-01,SUP-012,Supplier 012,USA,NA,0.66,PLT-07,Seoul Tech,South Korea,APAC,SMB,Germany,OTIF_ERP,ERP Definition,Finance,1,2,0.0,0.0,50.0,100.0,50.0,2,100.0,CHAINTRUTH
2026-06-01,SUP-012,Supplier 012,USA,NA,0.66,PLT-01,Munich Center,Germany,EMEA,SMB,Canada,OTIF_ERP,ERP Definition,Finance,1,1,0.0,0.0,100.0,100.0,100.0,1,100.0,CHAINTRUTH
2026-06-01,SUP-012,Supplier 012,USA,NA,0.66,PLT-00,Shanghai Hub,China,APAC,Enterprise,Singapore,OTIF_ERP,ERP Definition,Finance,1,2,0.0,0.0,50.0,100.0,50.0,2,100.0,CHAINTRUTH
2026-06-01,SUP-012,Supplier 012,USA,NA,0.66,PLT-02,Detroit Works,USA,NA,Enterprise,France,OTIF_ERP,ERP Definition,Finance,1,1,0.0,0.0,0.0,100.0,0.0,1,100.0,CHAINTRUTH
2026-06-01,SUP-012,Supplier 012,USA,NA,0.66,PLT-03,Tokyo Precision,Japan,APAC,SMB,Canada,OTIF_ERP,ERP Definition,Finance,1,2,0.0,0.0,100.0,100.0,0.0,2,100.0,CHAINTRUTH
2026-06-01,SUP-012,Supplier 012,USA,NA,0.66,PLT-04,Chennai Forge,India,APAC,SMB,Australia,OTIF_ERP,ERP Definition,Finance,1,2,0.0,0.0,50.0,100.0,50.0,2,100.0,CHAINTRUTH
2026-06-01,SUP-012,Supplier 012,USA,NA,0.66,PLT-07,Seoul Tech,South Korea,APAC,SMB,Canada,OTIF_ERP,ERP Definition,Finance,1,1,0.0,0.0,100.0,100.0,100.0,1,100.0,CHAINTRUTH
2026-06-01,SUP-013,Supplier 013,Japan,APAC,0.89,PLT-04,Chennai Forge,India,APAC,Government,UK,OTIF_ERP,ERP Definition,Finance,1,2,0.0,0.0,0.0,100.0,50.0,2,100.0,CHAINTRUTH
2026-06-01,SUP-013,Supplier 013,Japan,APAC,0.89,PLT-04,Chennai Forge,India,APAC,SMB,Australia,OTIF_ERP,ERP Definition,Finance,1,1,0.0,0.0,0.0,100.0,100.0,1,100.0,CHAINTRUTH
2026-06-01,SUP-013,Supplier 013,Japan,APAC,0.89,PLT-05,Monterrey Plant,Mexico,LATAM,SMB,France,OTIF_ERP,ERP Definition,Finance,1,1,0.0,0.0,0.0,100.0,100.0,1,100.0,CHAINTRUTH
2026-06-01,SUP-013,Supplier 013,Japan,APAC,0.89,PLT-01,Munich Center,Germany,EMEA,Government,UK,OTIF_ERP,ERP Definition,Finance,1,1,0.0,100.0,0.0,100.0,0.0,1,100.0,CHAINTRUTH
2026-06-01,SUP-013,Supplier 013,Japan,APAC,0.89,PLT-06,Sao Paulo Ops,Brazil,LATAM,Government,Australia,OTIF_ERP,ERP Definition,Finance,1,1,0.0,100.0,100.0,100.0,0.0,0,0.0,CHAINTRUTH
2026-06-01,SUP-013,Supplier 013,Japan,APAC,0.89,PLT-08,Taipei Micro,Taiwan,APAC,Enterprise,Germany,OTIF_ERP,ERP Definition,Finance,1,1,0.0,0.0,100.0,100.0,100.0,1,100.0,CHAINTRUTH
2026-06-01,SUP-013,Supplier 013,Japan,APAC,0.89,PLT-02,Detroit Works,USA,NA,Enterprise,France,OTIF_ERP,ERP Definition,Finance,1,1,0.0,0.0,0.0,100.0,100.0,1,100.0,CHAINTRUTH
2026-06-01,SUP-014,Supplier 014,India,APAC,0.95,PLT-08,Taipei Micro,Taiwan,APAC,Enterprise,Japan,OTIF_ERP,ERP Definition,Finance,1,1,0.0,0.0,0.0,100.0,100.0,1,100.0,CHAINTRUTH
2026-06-01,SUP-014,Supplier 014,India,APAC,0.95,PLT-09,Hanoi Assembly,Vietnam,APAC,SMB,France,OTIF_ERP,ERP Definition,Finance,1,1,0.0,0.0,0.0,100.0,100.0,1,100.0,CHAINTRUTH
2026-06-01,SUP-014,Supplier 014,India,APAC,0.95,PLT-04,Chennai Forge,India,APAC,Government,Singapore,OTIF_ERP,ERP Definition,Finance,1,1,0.0,0.0,0.0,100.0,100.0,1,100.0,CHAINTRUTH
2026-06-01,SUP-014,Supplier 014,India,APAC,0.95,PLT-01,Munich Center,Germany,EMEA,Enterprise,France,OTIF_ERP,ERP Definition,Finance,1,2,0.0,0.0,0.0,100.0,50.0,2,100.0,CHAINTRUTH
2026-06-01,SUP-015,Supplier 015,Mexico,LATAM,0.75,PLT-06,Sao Paulo Ops,Brazil,LATAM,Government,Germany,OTIF_ERP,ERP Definition,Finance,1,1,0.0,0.0,0.0,100.0,100.0,1,100.0,CHAINTRUTH
2026-06-01,SUP-015,Supplier 015,Mexico,LATAM,0.75,PLT-02,Detroit Works,USA,NA,Enterprise,France,OTIF_ERP,ERP Definition,Finance,1,1,0.0,0.0,100.0,100.0,100.0,1,100.0,CHAINTRUTH
2026-06-01,SUP-015,Supplier 015,Mexico,LATAM,0.75,PLT-08,Taipei Micro,Taiwan,APAC,SMB,Germany,OTIF_ERP,ERP Definition,Finance,1,1,100.0,100.0,100.0,100.0,100.0,0,0.0,CHAINTRUTH
2026-06-01,SUP-015,Supplier 015,Mexico,LATAM,0.75,PLT-09,Hanoi Assembly,Vietnam,APAC,SMB,Canada,OTIF_ERP,ERP Definition,Finance,1,2,0.0,0.0,100.0,50.0,0.0,2,100.0,CHAINTRUTH
2026-06-01,SUP-015,Supplier 015,Mexico,LATAM,0.75,PLT-02,Detroit Works,USA,NA,SMB,UK,OTIF_ERP,ERP Definition,Finance,1,1,0.0,100.0,0.0,100.0,0.0,1,100.0,CHAINTRUTH
2026-06-01,SUP-015,Supplier 015,Mexico,LATAM,0.75,PLT-02,Detroit Works,USA,NA,Enterprise,USA,OTIF_ERP,ERP Definition,Finance,1,1,0.0,100.0,0.0,100.0,0.0,1,100.0,CHAINTRUTH
2026-06-01,SUP-016,Supplier 016,Brazil,LATAM,0.66,PLT-06,Sao Paulo Ops,Brazil,LATAM,Government,Germany,OTIF_ERP,ERP Definition,Finance,1,1,0.0,0.0,100.0,100.0,100.0,1,100.0,CHAINTRUTH
2026-06-01,SUP-016,Supplier 016,Brazil,LATAM,0.66,PLT-03,Tokyo Precision,Japan,APAC,Enterprise,Germany,OTIF_ERP,ERP Definition,Finance,1,1,0.0,0.0,100.0,100.0,100.0,1,100.0,CHAINTRUTH
2026-06-01,SUP-017,Supplier 017,South Korea,APAC,0.89,PLT-04,Chennai Forge,India,APAC,SMB,UK,OTIF_ERP,ERP Definition,Finance,1,1,0.0,0.0,0.0,100.0,100.0,1,100.0,CHAINTRUTH
2026-06-01,SUP-017,Supplier 017,South Korea,APAC,0.89,PLT-05,Monterrey Plant,Mexico,LATAM,Enterprise,Australia,OTIF_ERP,ERP Definition,Finance,1,1,0.0,0.0,0.0,100.0,100.0,1,100.0,CHAINTRUTH
2026-06-01,SUP-017,Supplier 017,South Korea,APAC,0.89,PLT-03,Tokyo Precision,Japan,APAC,Enterprise,France,OTIF_ERP,ERP Definition,Finance,1,1,100.0,100.0,100.0,100.0,100.0,0,0.0,CHAINTRUTH
2026-06-01,SUP-017,Supplier 017,South Korea,APAC,0.89,PLT-03,Tokyo Precision,Japan,APAC,SMB,Germany,OTIF_ERP,ERP Definition,Finance,1,2,0.0,0.0,50.0,100.0,50.0,2,100.0,CHAINTRUTH
2026-06-01,SUP-018,Supplier 018,Taiwan,APAC,0.75,PLT-06,Sao Paulo Ops,Brazil,LATAM,SMB,UK,OTIF_ERP,ERP Definition,Finance,1,1,0.0,0.0,0.0,100.0,0.0,1,100.0,CHAINTRUTH
2026-06-01,SUP-018,Supplier 018,Taiwan,APAC,0.75,PLT-00,Shanghai Hub,China,APAC,Enterprise,Japan,OTIF_ERP,ERP Definition,Finance,1,2,0.0,0.0,50.0,100.0,50.0,2,100.0,CHAINTRUTH
2026-06-01,SUP-018,Supplier 018,Taiwan,APAC,0.75,PLT-00,Shanghai Hub,China,APAC,Government,France,OTIF_ERP,ERP Definition,Finance,1,2,0.0,0.0,100.0,50.0,50.0,2,100.0,CHAINTRUTH
2026-06-01,SUP-018,Supplier 018,Taiwan,APAC,0.75,PLT-03,Tokyo Precision,Japan,APAC,Enterprise,Singapore,OTIF_ERP,ERP Definition,Finance,1,2,0.0,0.0,50.0,100.0,50.0,2,100.0,CHAINTRUTH
2026-06-01,SUP-018,Supplier 018,Taiwan,APAC,0.75,PLT-03,Tokyo Precision,Japan,APAC,SMB,Australia,OTIF_ERP,ERP Definition,Finance,1,1,0.0,0.0,0.0,100.0,100.0,1,100.0,CHAINTRUTH
2026-06-01,SUP-018,Supplier 018,Taiwan,APAC,0.75,PLT-07,Seoul Tech,South Korea,APAC,Government,UK,OTIF_ERP,ERP Definition,Finance,1,1,0.0,0.0,100.0,100.0,100.0,1,100.0,CHAINTRUTH
2026-06-01,SUP-018,Supplier 018,Taiwan,APAC,0.75,PLT-01,Munich Center,Germany,EMEA,SMB,Japan,OTIF_ERP,ERP Definition,Finance,1,2,0.0,0.0,100.0,100.0,50.0,2,100.0,CHAINTRUTH
2026-06-01,SUP-018,Supplier 018,Taiwan,APAC,0.75,PLT-04,Chennai Forge,India,APAC,SMB,Canada,OTIF_ERP,ERP Definition,Finance,1,1,100.0,100.0,100.0,100.0,100.0,0,0.0,CHAINTRUTH
2026-06-01,SUP-019,Supplier 019,Vietnam,APAC,0.57,PLT-05,Monterrey Plant,Mexico,LATAM,SMB,Germany,OTIF_ERP,ERP Definition,Finance,1,1,0.0,0.0,100.0,100.0,100.0,1,100.0,CHAINTRUTH
2026-06-01,SUP-019,Supplier 019,Vietnam,APAC,0.57,PLT-03,Tokyo Precision,Japan,APAC,Enterprise,USA,OTIF_ERP,ERP Definition,Finance,1,2,0.0,0.0,0.0,100.0,100.0,2,100.0,CHAINTRUTH
2026-06-01,SUP-019,Supplier 019,Vietnam,APAC,0.57,PLT-00,Shanghai Hub,China,APAC,SMB,Germany,OTIF_ERP,ERP Definition,Finance,1,1,0.0,0.0,0.0,100.0,100.0,1,100.0,CHAINTRUTH
2026-06-01,SUP-019,Supplier 019,Vietnam,APAC,0.57,PLT-01,Munich Center,Germany,EMEA,SMB,USA,OTIF_ERP,ERP Definition,Finance,1,1,0.0,0.0,100.0,100.0,100.0,1,100.0,CHAINTRUTH
2026-06-01,SUP-020,Supplier 020,China,APAC,0.6,PLT-06,Sao Paulo Ops,Brazil,LATAM,SMB,UK,OTIF_ERP,ERP Definition,Finance,1,1,0.0,0.0,0.0,100.0,100.0,1,100.0,CHAINTRUTH
2026-06-01,SUP-020,Supplier 020,China,APAC,0.6,PLT-09,Hanoi Assembly,Vietnam,APAC,Enterprise,Germany,OTIF_ERP,ERP Definition,Finance,1,1,0.0,0.0,0.0,100.0,100.0,1,100.0,CHAINTRUTH
2026-06-01,SUP-021,Supplier 021,Germany,EMEA,0.75,PLT-04,Chennai Forge,India,APAC,SMB,France,OTIF_ERP,ERP Definition,Finance,1,1,0.0,0.0,0.0,100.0,0.0,1,100.0,CHAINTRUTH
2026-06-01,SUP-021,Supplier 021,Germany,EMEA,0.75,PLT-09,Hanoi Assembly,Vietnam,APAC,Enterprise,Canada,OTIF_ERP,ERP Definition,Finance,1,1,0.0,0.0,0.0,100.0,100.0,1,100.0,CHAINTRUTH
2026-06-01,SUP-021,Supplier 021,Germany,EMEA,0.75,PLT-06,Sao Paulo Ops,Brazil,LATAM,SMB,Germany,OTIF_ERP,ERP Definition,Finance,1,1,0.0,0.0,0.0,100.0,100.0,1,100.0,CHAINTRUTH
2026-06-01,SUP-021,Supplier 021,Germany,EMEA,0.75,PLT-01,Munich Center,Germany,EMEA,Enterprise,Japan,OTIF_ERP,ERP Definition,Finance,1,1,0.0,0.0,0.0,100.0,100.0,1,100.0,CHAINTRUTH
2026-06-01,SUP-021,Supplier 021,Germany,EMEA,0.75,PLT-08,Taipei Micro,Taiwan,APAC,SMB,Singapore,OTIF_ERP,ERP Definition,Finance,1,1,0.0,0.0,100.0,100.0,100.0,1,100.0,CHAINTRUTH
2026-06-01,SUP-022,Supplier 022,USA,NA,0.8,PLT-01,Munich Center,Germany,EMEA,SMB,Australia,OTIF_ERP,ERP Definition,Finance,1,2,0.0,50.0,0.0,100.0,0.0,2,100.0,CHAINTRUTH
2026-06-01,SUP-022,Supplier 022,USA,NA,0.8,PLT-06,Sao Paulo Ops,Brazil,LATAM,Government,USA,OTIF_ERP,ERP Definition,Finance,1,1,0.0,0.0,0.0,100.0,0.0,1,100.0,CHAINTRUTH
2026-06-01,SUP-022,Supplier 022,USA,NA,0.8,PLT-00,Shanghai Hub,China,APAC,SMB,France,OTIF_ERP,ERP Definition,Finance,1,1,0.0,0.0,100.0,100.0,100.0,1,100.0,CHAINTRUTH
2026-06-01,SUP-022,Supplier 022,USA,NA,0.8,PLT-04,Chennai Forge,India,APAC,SMB,Singapore,OTIF_ERP,ERP Definition,Finance,1,2,0.0,0.0,0.0,100.0,0.0,2,100.0,CHAINTRUTH
2026-06-01,SUP-023,Supplier 023,Japan,APAC,0.98,PLT-02,Detroit Works,USA,NA,SMB,Singapore,OTIF_ERP,ERP Definition,Finance,1,1,0.0,0.0,100.0,100.0,0.0,1,100.0,CHAINTRUTH
2026-06-01,SUP-023,Supplier 023,Japan,APAC,0.98,PLT-04,Chennai Forge,India,APAC,Enterprise,USA,OTIF_ERP,ERP Definition,Finance,1,1,0.0,0.0,100.0,100.0,100.0,1,100.0,CHAINTRUTH
2026-06-01,SUP-023,Supplier 023,Japan,APAC,0.98,PLT-06,Sao Paulo Ops,Brazil,LATAM,Enterprise,Japan,OTIF_ERP,ERP Definition,Finance,1,2,0.0,0.0,0.0,100.0,0.0,2,100.0,CHAINTRUTH
2026-06-01,SUP-024,Supplier 024,India,APAC,0.89,PLT-09,Hanoi Assembly,Vietnam,APAC,Government,Singapore,OTIF_ERP,ERP Definition,Finance,1,1,0.0,0.0,100.0,100.0,0.0,1,100.0,CHAINTRUTH
2026-06-01,SUP-024,Supplier 024,India,APAC,0.89,PLT-06,Sao Paulo Ops,Brazil,LATAM,SMB,France,OTIF_ERP,ERP Definition,Finance,1,1,0.0,0.0,100.0,100.0,100.0,1,100.0,CHAINTRUTH
2026-06-01,SUP-025,Supplier 025,Mexico,LATAM,0.71,PLT-08,Taipei Micro,Taiwan,APAC,Government,Germany,OTIF_ERP,ERP Definition,Finance,1,1,0.0,0.0,0.0,100.0,100.0,1,100.0,CHAINTRUTH
2026-06-01,SUP-025,Supplier 025,Mexico,LATAM,0.71,PLT-04,Chennai Forge,India,APAC,SMB,Australia,OTIF_ERP,ERP Definition,Finance,1,1,0.0,0.0,100.0,100.0,100.0,1,100.0,CHAINTRUTH
2026-06-01,SUP-025,Supplier 025,Mexico,LATAM,0.71,PLT-08,Taipei Micro,Taiwan,APAC,SMB,Singapore,OTIF_ERP,ERP Definition,Finance,1,1,0.0,0.0,0.0,100.0,100.0,1,100.0,CHAINTRUTH
2026-06-01,SUP-025,Supplier 025,Mexico,LATAM,0.71,PLT-01,Munich Center,Germany,EMEA,SMB,UK,OTIF_ERP,ERP Definition,Finance,1,1,0.0,0.0,0.0,100.0,0.0,1,100.0,CHAINTRUTH
2026-06-01,SUP-025,Supplier 025,Mexico,LATAM,0.71,PLT-07,Seoul Tech,South Korea,APAC,SMB,Canada,OTIF_ERP,ERP Definition,Finance,1,1,0.0,0.0,100.0,100.0,100.0,1,100.0,CHAINTRUTH
2026-06-01,SUP-025,Supplier 025,Mexico,LATAM,0.71,PLT-00,Shanghai Hub,China,APAC,Government,France,OTIF_ERP,ERP Definition,Finance,1,1,0.0,0.0,0.0,100.0,100.0,1,100.0,CHAINTRUTH
2026-06-01,SUP-025,Supplier 025,Mexico,LATAM,0.71,PLT-01,Munich Center,Germany,EMEA,Enterprise,Canada,OTIF_ERP,ERP Definition,Finance,1,1,0.0,0.0,100.0,100.0,0.0,1,100.0,CHAINTRUTH
2026-06-01,SUP-026,Supplier 026,Brazil,LATAM,0.73,PLT-06,Sao Paulo Ops,Brazil,LATAM,Government,Canada,OTIF_ERP,ERP Definition,Finance,1,1,0.0,0.0,100.0,100.0,0.0,1,100.0,CHAINTRUTH
2026-06-01,SUP-026,Supplier 026,Brazil,LATAM,0.73,PLT-00,Shanghai Hub,China,APAC,Enterprise,USA,OTIF_ERP,ERP Definition,Finance,1,1,0.0,0.0,0.0,100.0,100.0,1,100.0,CHAINTRUTH
2026-06-01,SUP-026,Supplier 026,Brazil,LATAM,0.73,PLT-06,Sao Paulo Ops,Brazil,LATAM,SMB,France,OTIF_ERP,ERP Definition,Finance,1,2,0.0,0.0,50.0,100.0,0.0,2,100.0,CHAINTRUTH
2026-06-01,SUP-026,Supplier 026,Brazil,LATAM,0.73,PLT-06,Sao Paulo Ops,Brazil,LATAM,SMB,Germany,OTIF_ERP,ERP Definition,Finance,1,1,0.0,0.0,0.0,100.0,100.0,1,100.0,CHAINTRUTH
2026-06-01,SUP-026,Supplier 026,Brazil,LATAM,0.73,PLT-05,Monterrey Plant,Mexico,LATAM,SMB,Canada,OTIF_ERP,ERP Definition,Finance,1,1,0.0,0.0,0.0,100.0,100.0,1,100.0,CHAINTRUTH
2026-06-01,SUP-026,Supplier 026,Brazil,LATAM,0.73,PLT-02,Detroit Works,USA,NA,Government,Germany,OTIF_ERP,ERP Definition,Finance,1,1,100.0,100.0,100.0,100.0,100.0,0,0.0,CHAINTRUTH
2026-06-01,SUP-026,Supplier 026,Brazil,LATAM,0.73,PLT-09,Hanoi Assembly,Vietnam,APAC,SMB,France,OTIF_ERP,ERP Definition,Finance,1,1,0.0,0.0,100.0,100.0,100.0,1,100.0,CHAINTRUTH
2026-06-01,SUP-026,Supplier 026,Brazil,LATAM,0.73,PLT-08,Taipei Micro,Taiwan,APAC,SMB,France,OTIF_ERP,ERP Definition,Finance,1,1,0.0,0.0,0.0,100.0,100.0,1,100.0,CHAINTRUTH
2026-06-01,SUP-026,Supplier 026,Brazil,LATAM,0.73,PLT-09,Hanoi Assembly,Vietnam,APAC,SMB,Canada,OTIF_ERP,ERP Definition,Finance,1,1,0.0,0.0,0.0,100.0,100.0,1,100.0,CHAINTRUTH
2026-06-01,SUP-026,Supplier 026,Brazil,LATAM,0.73,PLT-09,Hanoi Assembly,Vietnam,APAC,SMB,Singapore,OTIF_ERP,ERP Definition,Finance,1,1,0.0,0.0,100.0,100.0,100.0,1,100.0,CHAINTRUTH
2026-06-01,SUP-027,Supplier 027,South Korea,APAC,0.94,PLT-04,Chennai Forge,India,APAC,Government,Japan,OTIF_ERP,ERP Definition,Finance,1,1,100.0,100.0,100.0,100.0,100.0,0,0.0,CHAINTRUTH
2026-06-01,SUP-027,Supplier 027,South Korea,APAC,0.94,PLT-05,Monterrey Plant,Mexico,LATAM,SMB,Canada,OTIF_ERP,ERP Definition,Finance,1,1,100.0,100.0,100.0,100.0,100.0,0,0.0,CHAINTRUTH
2026-06-01,SUP-027,Supplier 027,South Korea,APAC,0.94,PLT-02,Detroit Works,USA,NA,Government,Germany,OTIF_ERP,ERP Definition,Finance,1,1,0.0,0.0,0.0,100.0,100.0,1,100.0,CHAINTRUTH
2026-06-01,SUP-027,Supplier 027,South Korea,APAC,0.94,PLT-05,Monterrey Plant,Mexico,LATAM,SMB,Singapore,OTIF_ERP,ERP Definition,Finance,1,2,0.0,0.0,50.0,100.0,100.0,2,100.0,CHAINTRUTH
2026-06-01,SUP-027,Supplier 027,South Korea,APAC,0.94,PLT-09,Hanoi Assembly,Vietnam,APAC,Enterprise,Singapore,OTIF_ERP,ERP Definition,Finance,1,1,0.0,0.0,100.0,100.0,100.0,1,100.0,CHAINTRUTH
2026-06-01,SUP-028,Supplier 028,Taiwan,APAC,0.84,PLT-01,Munich Center,Germany,EMEA,SMB,Australia,OTIF_ERP,ERP Definition,Finance,1,2,0.0,0.0,50.0,100.0,50.0,2,100.0,CHAINTRUTH
2026-06-01,SUP-028,Supplier 028,Taiwan,APAC,0.84,PLT-06,Sao Paulo Ops,Brazil,LATAM,SMB,Australia,OTIF_ERP,ERP Definition,Finance,1,1,0.0,0.0,100.0,100.0,100.0,1,100.0,CHAINTRUTH
2026-06-01,SUP-028,Supplier 028,Taiwan,APAC,0.84,PLT-05,Monterrey Plant,Mexico,LATAM,SMB,Germany,OTIF_ERP,ERP Definition,Finance,1,2,0.0,0.0,50.0,100.0,0.0,2,100.0,CHAINTRUTH
2026-06-01,SUP-028,Supplier 028,Taiwan,APAC,0.84,PLT-07,Seoul Tech,South Korea,APAC,SMB,Canada,OTIF_ERP,ERP Definition,Finance,1,1,0.0,0.0,0.0,100.0,100.0,1,100.0,CHAINTRUTH
2026-06-01,SUP-028,Supplier 028,Taiwan,APAC,0.84,PLT-04,Chennai Forge,India,APAC,Enterprise,USA,OTIF_ERP,ERP Definition,Finance,1,1,100.0,100.0,100.0,100.0,100.0,0,0.0,CHAINTRUTH
2026-06-01,SUP-028,Supplier 028,Taiwan,APAC,0.84,PLT-08,Taipei Micro,Taiwan,APAC,Government,France,OTIF_ERP,ERP Definition,Finance,1,1,0.0,0.0,100.0,100.0,0.0,1,100.0,CHAINTRUTH
2026-06-01,SUP-028,Supplier 028,Taiwan,APAC,0.84,PLT-05,Monterrey Plant,Mexico,LATAM,SMB,Canada,OTIF_ERP,ERP Definition,Finance,1,1,0.0,0.0,100.0,100.0,100.0,1,100.0,CHAINTRUTH
2026-06-01,SUP-029,Supplier 029,Vietnam,APAC,0.51,PLT-06,Sao Paulo Ops,Brazil,LATAM,SMB,Australia,OTIF_ERP,ERP Definition,Finance,1,1,0.0,0.0,0.0,100.0,100.0,1,100.0,CHAINTRUTH
2026-06-01,SUP-029,Supplier 029,Vietnam,APAC,0.51,PLT-01,Munich Center,Germany,EMEA,SMB,Singapore,OTIF_ERP,ERP Definition,Finance,1,1,0.0,0.0,0.0,100.0,100.0,1,100.0,CHAINTRUTH
2026-06-01,SUP-029,Supplier 029,Vietnam,APAC,0.51,PLT-09,Hanoi Assembly,Vietnam,APAC,Government,USA,OTIF_ERP,ERP Definition,Finance,1,1,0.0,0.0,0.0,100.0,100.0,1,100.0,CHAINTRUTH
2026-06-01,SUP-029,Supplier 029,Vietnam,APAC,0.51,PLT-06,Sao Paulo Ops,Brazil,LATAM,SMB,Canada,OTIF_ERP,ERP Definition,Finance,1,1,0.0,0.0,0.0,100.0,100.0,1,100.0,CHAINTRUTH
2026-06-01,SUP-029,Supplier 029,Vietnam,APAC,0.51,PLT-05,Monterrey Plant,Mexico,LATAM,Government,Germany,OTIF_ERP,ERP Definition,Finance,1,1,0.0,0.0,0.0,100.0,100.0,1,100.0,CHAINTRUTH
2026-06-01,SUP-029,Supplier 029,Vietnam,APAC,0.51,PLT-05,Monterrey Plant,Mexico,LATAM,Enterprise,Germany,OTIF_ERP,ERP Definition,Finance,1,1,0.0,0.0,0.0,100.0,100.0,1,100.0,CHAINTRUTH
2026-06-01,SUP-029,Supplier 029,Vietnam,APAC,0.51,PLT-01,Munich Center,Germany,EMEA,Enterprise,Japan,OTIF_ERP,ERP Definition,Finance,1,1,0.0,0.0,0.0,100.0,0.0,1,100.0,CHAINTRUTH
2026-06-01,SUP-029,Supplier 029,Vietnam,APAC,0.51,PLT-03,Tokyo Precision,Japan,APAC,SMB,UK,OTIF_ERP,ERP Definition,Finance,1,1,0.0,0.0,100.0,100.0,100.0,1,100.0,CHAINTRUTH
2026-06-01,SUP-030,Supplier 030,China,APAC,0.59,PLT-05,Monterrey Plant,Mexico,LATAM,Enterprise,Germany,OTIF_ERP,ERP Definition,Finance,1,1,0.0,0.0,0.0,100.0,100.0,1,100.0,CHAINTRUTH
2026-06-01,SUP-030,Supplier 030,China,APAC,0.59,PLT-07,Seoul Tech,South Korea,APAC,Government,USA,OTIF_ERP,ERP Definition,Finance,1,1,0.0,0.0,0.0,100.0,0.0,1,100.0,CHAINTRUTH
2026-06-01,SUP-030,Supplier 030,China,APAC,0.59,PLT-09,Hanoi Assembly,Vietnam,APAC,Government,USA,OTIF_ERP,ERP Definition,Finance,1,1,0.0,0.0,0.0,100.0,100.0,1,100.0,CHAINTRUTH
2026-06-01,SUP-030,Supplier 030,China,APAC,0.59,PLT-00,Shanghai Hub,China,APAC,Enterprise,Singapore,OTIF_ERP,ERP Definition,Finance,1,2,0.0,0.0,50.0,100.0,0.0,2,100.0,CHAINTRUTH
2026-06-01,SUP-030,Supplier 030,China,APAC,0.59,PLT-08,Taipei Micro,Taiwan,APAC,Enterprise,France,OTIF_ERP,ERP Definition,Finance,1,2,0.0,0.0,50.0,100.0,50.0,2,100.0,CHAINTRUTH
2026-06-01,SUP-031,Supplier 031,Germany,EMEA,0.92,PLT-09,Hanoi Assembly,Vietnam,APAC,SMB,USA,OTIF_ERP,ERP Definition,Finance,1,1,0.0,100.0,100.0,100.0,0.0,0,0.0,CHAINTRUTH
2026-06-01,SUP-031,Supplier 031,Germany,EMEA,0.92,PLT-03,Tokyo Precision,Japan,APAC,SMB,Canada,OTIF_ERP,ERP Definition,Finance,1,1,0.0,0.0,0.0,100.0,100.0,1,100.0,CHAINTRUTH
2026-06-01,SUP-031,Supplier 031,Germany,EMEA,0.92,PLT-03,Tokyo Precision,Japan,APAC,SMB,USA,OTIF_ERP,ERP Definition,Finance,1,1,0.0,0.0,0.0,100.0,100.0,1,100.0,CHAINTRUTH
2026-06-01,SUP-031,Supplier 031,Germany,EMEA,0.92,PLT-00,Shanghai Hub,China,APAC,SMB,UK,OTIF_ERP,ERP Definition,Finance,1,1,0.0,0.0,0.0,100.0,100.0,1,100.0,CHAINTRUTH
2026-06-01,SUP-031,Supplier 031,Germany,EMEA,0.92,PLT-05,Monterrey Plant,Mexico,LATAM,Government,Japan,OTIF_ERP,ERP Definition,Finance,1,2,0.0,0.0,50.0,100.0,50.0,2,100.0,CHAINTRUTH
2026-06-01,SUP-031,Supplier 031,Germany,EMEA,0.92,PLT-06,Sao Paulo Ops,Brazil,LATAM,SMB,Germany,OTIF_ERP,ERP Definition,Finance,1,2,0.0,0.0,50.0,100.0,50.0,2,100.0,CHAINTRUTH
2026-06-01,SUP-032,Supplier 032,USA,NA,0.78,PLT-09,Hanoi Assembly,Vietnam,APAC,Enterprise,Australia,OTIF_ERP,ERP Definition,Finance,1,1,0.0,0.0,100.0,100.0,0.0,1,100.0,CHAINTRUTH
2026-06-01,SUP-032,Supplier 032,USA,NA,0.78,PLT-02,Detroit Works,USA,NA,Enterprise,UK,OTIF_ERP,ERP Definition,Finance,1,1,0.0,0.0,100.0,100.0,100.0,1,100.0,CHAINTRUTH
2026-06-01,SUP-032,Supplier 032,USA,NA,0.78,PLT-04,Chennai Forge,India,APAC,SMB,Germany,OTIF_ERP,ERP Definition,Finance,1,1,0.0,0.0,100.0,100.0,100.0,1,100.0,CHAINTRUTH
2026-06-01,SUP-032,Supplier 032,USA,NA,0.78,PLT-05,Monterrey Plant,Mexico,LATAM,Enterprise,France,OTIF_ERP,ERP Definition,Finance,1,2,0.0,0.0,50.0,100.0,0.0,2,100.0,CHAINTRUTH
2026-06-01,SUP-032,Supplier 032,USA,NA,0.78,PLT-07,Seoul Tech,South Korea,APAC,SMB,UK,OTIF_ERP,ERP Definition,Finance,1,1,0.0,0.0,0.0,100.0,0.0,1,100.0,CHAINTRUTH
2026-06-01,SUP-033,Supplier 033,Japan,APAC,0.5,PLT-05,Monterrey Plant,Mexico,LATAM,SMB,France,OTIF_ERP,ERP Definition,Finance,1,1,0.0,0.0,0.0,100.0,0.0,1,100.0,CHAINTRUTH
2026-06-01,SUP-033,Supplier 033,Japan,APAC,0.5,PLT-07,Seoul Tech,South Korea,APAC,SMB,Canada,OTIF_ERP,ERP Definition,Finance,1,1,0.0,0.0,0.0,100.0,0.0,1,100.0,CHAINTRUTH
2026-06-01,SUP-033,Supplier 033,Japan,APAC,0.5,PLT-04,Chennai Forge,India,APAC,SMB,UK,OTIF_ERP,ERP Definition,Finance,1,2,0.0,0.0,0.0,100.0,0.0,2,100.0,CHAINTRUTH
2026-06-01,SUP-034,Supplier 034,India,APAC,0.95,PLT-04,Chennai Forge,India,APAC,Enterprise,USA,OTIF_ERP,ERP Definition,Finance,1,1,0.0,0.0,0.0,100.0,0.0,1,100.0,CHAINTRUTH
2026-06-01,SUP-034,Supplier 034,India,APAC,0.95,PLT-09,Hanoi Assembly,Vietnam,APAC,SMB,Canada,OTIF_ERP,ERP Definition,Finance,1,1,0.0,0.0,100.0,100.0,100.0,1,100.0,CHAINTRUTH
2026-06-01,SUP-034,Supplier 034,India,APAC,0.95,PLT-00,Shanghai Hub,China,APAC,Enterprise,Singapore,OTIF_ERP,ERP Definition,Finance,1,2,0.0,0.0,50.0,100.0,0.0,2,100.0,CHAINTRUTH
2026-06-01,SUP-034,Supplier 034,India,APAC,0.95,PLT-00,Shanghai Hub,China,APAC,Government,USA,OTIF_ERP,ERP Definition,Finance,1,1,100.0,100.0,0.0,100.0,100.0,1,100.0,CHAINTRUTH
2026-06-01,SUP-035,Supplier 035,Mexico,LATAM,0.77,PLT-06,Sao Paulo Ops,Brazil,LATAM,SMB,Australia,OTIF_ERP,ERP Definition,Finance,1,1,0.0,0.0,100.0,100.0,100.0,1,100.0,CHAINTRUTH
2026-06-01,SUP-035,Supplier 035,Mexico,LATAM,0.77,PLT-04,Chennai Forge,India,APAC,Government,Singapore,OTIF_ERP,ERP Definition,Finance,1,1,0.0,0.0,0.0,100.0,100.0,1,100.0,CHAINTRUTH
2026-06-01,SUP-035,Supplier 035,Mexico,LATAM,0.77,PLT-06,Sao Paulo Ops,Brazil,LATAM,Government,France,OTIF_ERP,ERP Definition,Finance,1,2,0.0,0.0,50.0,100.0,50.0,2,100.0,CHAINTRUTH
2026-06-01,SUP-035,Supplier 035,Mexico,LATAM,0.77,PLT-01,Munich Center,Germany,EMEA,SMB,Australia,OTIF_ERP,ERP Definition,Finance,1,2,0.0,50.0,50.0,100.0,0.0,1,50.0,CHAINTRUTH
2026-06-01,SUP-035,Supplier 035,Mexico,LATAM,0.77,PLT-06,Sao Paulo Ops,Brazil,LATAM,Government,UK,OTIF_ERP,ERP Definition,Finance,1,1,0.0,0.0,0.0,100.0,100.0,1,100.0,CHAINTRUTH
2026-06-01,SUP-035,Supplier 035,Mexico,LATAM,0.77,PLT-00,Shanghai Hub,China,APAC,Enterprise,Canada,OTIF_ERP,ERP Definition,Finance,1,1,0.0,0.0,0.0,100.0,100.0,1,100.0,CHAINTRUTH
2026-06-01,SUP-035,Supplier 035,Mexico,LATAM,0.77,PLT-01,Munich Center,Germany,EMEA,Enterprise,Canada,OTIF_ERP,ERP Definition,Finance,1,1,0.0,0.0,0.0,100.0,100.0,1,100.0,CHAINTRUTH
2026-06-01,SUP-035,Supplier 035,Mexico,LATAM,0.77,PLT-07,Seoul Tech,South Korea,APAC,Government,Germany,OTIF_ERP,ERP Definition,Finance,1,1,0.0,0.0,100.0,100.0,100.0,1,100.0,CHAINTRUTH
2026-06-01,SUP-035,Supplier 035,Mexico,LATAM,0.77,PLT-06,Sao Paulo Ops,Brazil,LATAM,Enterprise,France,OTIF_ERP,ERP Definition,Finance,1,2,0.0,0.0,100.0,50.0,50.0,2,100.0,CHAINTRUTH
2026-06-01,SUP-036,Supplier 036,Brazil,LATAM,0.76,PLT-00,Shanghai Hub,China,APAC,Government,USA,OTIF_ERP,ERP Definition,Finance,1,2,0.0,0.0,50.0,100.0,50.0,2,100.0,CHAINTRUTH
2026-06-01,SUP-036,Supplier 036,Brazil,LATAM,0.76,PLT-07,Seoul Tech,South Korea,APAC,Enterprise,USA,OTIF_ERP,ERP Definition,Finance,1,1,0.0,0.0,100.0,100.0,0.0,1,100.0,CHAINTRUTH
2026-06-01,SUP-036,Supplier 036,Brazil,LATAM,0.76,PLT-02,Detroit Works,USA,NA,Government,France,OTIF_ERP,ERP Definition,Finance,1,1,0.0,0.0,100.0,100.0,100.0,1,100.0,CHAINTRUTH
2026-06-01,SUP-036,Supplier 036,Brazil,LATAM,0.76,PLT-04,Chennai Forge,India,APAC,SMB,Australia,OTIF_ERP,ERP Definition,Finance,1,2,0.0,0.0,50.0,100.0,0.0,2,100.0,CHAINTRUTH
2026-06-01,SUP-036,Supplier 036,Brazil,LATAM,0.76,PLT-04,Chennai Forge,India,APAC,SMB,Singapore,OTIF_ERP,ERP Definition,Finance,1,1,100.0,100.0,100.0,100.0,100.0,0,0.0,CHAINTRUTH
2026-06-01,SUP-036,Supplier 036,Brazil,LATAM,0.76,PLT-05,Monterrey Plant,Mexico,LATAM,SMB,Japan,OTIF_ERP,ERP Definition,Finance,1,1,0.0,0.0,100.0,100.0,100.0,1,100.0,CHAINTRUTH
2026-06-01,SUP-036,Supplier 036,Brazil,LATAM,0.76,PLT-01,Munich Center,Germany,EMEA,Government,USA,OTIF_ERP,ERP Definition,Finance,1,1,0.0,0.0,100.0,100.0,100.0,1,100.0,CHAINTRUTH
2026-06-01,SUP-036,Supplier 036,Brazil,LATAM,0.76,PLT-00,Shanghai Hub,China,APAC,Enterprise,USA,OTIF_ERP,ERP Definition,Finance,1,1,0.0,0.0,0.0,100.0,100.0,1,100.0,CHAINTRUTH
2026-06-01,SUP-036,Supplier 036,Brazil,LATAM,0.76,PLT-02,Detroit Works,USA,NA,SMB,France,OTIF_ERP,ERP Definition,Finance,1,1,0.0,0.0,0.0,100.0,100.0,1,100.0,CHAINTRUTH
2026-06-01,SUP-036,Supplier 036,Brazil,LATAM,0.76,PLT-09,Hanoi Assembly,Vietnam,APAC,Enterprise,Australia,OTIF_ERP,ERP Definition,Finance,1,1,0.0,0.0,0.0,100.0,100.0,1,100.0,CHAINTRUTH
2026-06-01,SUP-036,Supplier 036,Brazil,LATAM,0.76,PLT-04,Chennai Forge,India,APAC,Enterprise,USA,OTIF_ERP,ERP Definition,Finance,1,1,0.0,0.0,0.0,100.0,100.0,1,100.0,CHAINTRUTH
2026-06-01,SUP-037,Supplier 037,South Korea,APAC,0.7,PLT-08,Taipei Micro,Taiwan,APAC,SMB,Singapore,OTIF_ERP,ERP Definition,Finance,1,1,0.0,0.0,0.0,100.0,0.0,1,100.0,CHAINTRUTH
2026-06-01,SUP-037,Supplier 037,South Korea,APAC,0.7,PLT-04,Chennai Forge,India,APAC,SMB,Canada,OTIF_ERP,ERP Definition,Finance,1,1,0.0,0.0,0.0,100.0,100.0,1,100.0,CHAINTRUTH
2026-06-01,SUP-037,Supplier 037,South Korea,APAC,0.7,PLT-01,Munich Center,Germany,EMEA,SMB,France,OTIF_ERP,ERP Definition,Finance,1,1,0.0,0.0,100.0,100.0,100.0,1,100.0,CHAINTRUTH
2026-06-01,SUP-037,Supplier 037,South Korea,APAC,0.7,PLT-06,Sao Paulo Ops,Brazil,LATAM,SMB,Australia,OTIF_ERP,ERP Definition,Finance,1,1,0.0,0.0,100.0,100.0,100.0,1,100.0,CHAINTRUTH
2026-06-01,SUP-037,Supplier 037,South Korea,APAC,0.7,PLT-02,Detroit Works,USA,NA,SMB,UK,OTIF_ERP,ERP Definition,Finance,1,2,50.0,50.0,100.0,100.0,50.0,1,50.0,CHAINTRUTH
2026-06-01,SUP-037,Supplier 037,South Korea,APAC,0.7,PLT-03,Tokyo Precision,Japan,APAC,SMB,France,OTIF_ERP,ERP Definition,Finance,1,1,0.0,0.0,0.0,100.0,100.0,1,100.0,CHAINTRUTH
2026-06-01,SUP-037,Supplier 037,South Korea,APAC,0.7,PLT-04,Chennai Forge,India,APAC,SMB,Australia,OTIF_ERP,ERP Definition,Finance,1,1,0.0,0.0,0.0,100.0,100.0,1,100.0,CHAINTRUTH
2026-06-01,SUP-038,Supplier 038,Taiwan,APAC,0.95,PLT-06,Sao Paulo Ops,Brazil,LATAM,Enterprise,USA,OTIF_ERP,ERP Definition,Finance,1,1,100.0,100.0,100.0,100.0,100.0,0,0.0,CHAINTRUTH
2026-06-01,SUP-038,Supplier 038,Taiwan,APAC,0.95,PLT-02,Detroit Works,USA,NA,Government,Australia,OTIF_ERP,ERP Definition,Finance,1,1,0.0,0.0,100.0,100.0,0.0,1,100.0,CHAINTRUTH
2026-06-01,SUP-038,Supplier 038,Taiwan,APAC,0.95,PLT-06,Sao Paulo Ops,Brazil,LATAM,SMB,Canada,OTIF_ERP,ERP Definition,Finance,1,1,0.0,0.0,100.0,100.0,100.0,1,100.0,CHAINTRUTH
2026-06-01,SUP-038,Supplier 038,Taiwan,APAC,0.95,PLT-05,Monterrey Plant,Mexico,LATAM,SMB,Singapore,OTIF_ERP,ERP Definition,Finance,1,1,0.0,0.0,100.0,100.0,100.0,1,100.0,CHAINTRUTH
2026-06-01,SUP-039,Supplier 039,Vietnam,APAC,0.68,PLT-02,Detroit Works,USA,NA,Enterprise,Australia,OTIF_ERP,ERP Definition,Finance,1,1,0.0,0.0,0.0,100.0,100.0,1,100.0,CHAINTRUTH
2026-06-01,SUP-039,Supplier 039,Vietnam,APAC,0.68,PLT-08,Taipei Micro,Taiwan,APAC,SMB,Germany,OTIF_ERP,ERP Definition,Finance,1,1,0.0,0.0,0.0,100.0,100.0,1,100.0,CHAINTRUTH
2026-06-01,SUP-039,Supplier 039,Vietnam,APAC,0.68,PLT-04,Chennai Forge,India,APAC,Enterprise,Canada,OTIF_ERP,ERP Definition,Finance,1,1,0.0,0.0,0.0,100.0,100.0,1,100.0,CHAINTRUTH
2026-06-01,SUP-039,Supplier 039,Vietnam,APAC,0.68,PLT-08,Taipei Micro,Taiwan,APAC,Government,Singapore,OTIF_ERP,ERP Definition,Finance,1,2,0.0,0.0,100.0,100.0,0.0,2,100.0,CHAINTRUTH
2026-06-01,SUP-039,Supplier 039,Vietnam,APAC,0.68,PLT-01,Munich Center,Germany,EMEA,SMB,UK,OTIF_ERP,ERP Definition,Finance,1,1,0.0,100.0,100.0,100.0,0.0,0,0.0,CHAINTRUTH
2026-06-01,SUP-039,Supplier 039,Vietnam,APAC,0.68,PLT-06,Sao Paulo Ops,Brazil,LATAM,SMB,Singapore,OTIF_ERP,ERP Definition,Finance,1,1,0.0,0.0,0.0,100.0,100.0,1,100.0,CHAINTRUTH
2026-06-01,SUP-039,Supplier 039,Vietnam,APAC,0.68,PLT-05,Monterrey Plant,Mexico,LATAM,Government,Germany,OTIF_ERP,ERP Definition,Finance,1,1,0.0,0.0,0.0,100.0,100.0,1,100.0,CHAINTRUTH
2026-06-01,SUP-039,Supplier 039,Vietnam,APAC,0.68,PLT-02,Detroit Works,USA,NA,SMB,France,OTIF_ERP,ERP Definition,Finance,1,2,0.0,0.0,50.0,100.0,50.0,2,100.0,CHAINTRUTH
2026-06-01,SUP-039,Supplier 039,Vietnam,APAC,0.68,PLT-09,Hanoi Assembly,Vietnam,APAC,Enterprise,Japan,OTIF_ERP,ERP Definition,Finance,1,2,0.0,0.0,50.0,100.0,50.0,2,100.0,CHAINTRUTH
2026-06-01,SUP-040,Supplier 040,China,APAC,0.96,PLT-02,Detroit Works,USA,NA,SMB,USA,OTIF_ERP,ERP Definition,Finance,1,1,0.0,0.0,100.0,100.0,100.0,1,100.0,CHAINTRUTH
2026-06-01,SUP-040,Supplier 040,China,APAC,0.96,PLT-02,Detroit Works,USA,NA,Enterprise,Germany,OTIF_ERP,ERP Definition,Finance,2,2,50.0,100.0,50.0,100.0,50.0,1,50.0,CHAINTRUTH
2026-06-01,SUP-040,Supplier 040,China,APAC,0.96,PLT-08,Taipei Micro,Taiwan,APAC,SMB,Australia,OTIF_ERP,ERP Definition,Finance,1,2,0.0,0.0,50.0,100.0,50.0,2,100.0,CHAINTRUTH
2026-06-01,SUP-040,Supplier 040,China,APAC,0.96,PLT-08,Taipei Micro,Taiwan,APAC,SMB,UK,OTIF_ERP,ERP Definition,Finance,1,1,0.0,0.0,0.0,100.0,0.0,1,100.0,CHAINTRUTH
2026-06-01,SUP-040,Supplier 040,China,APAC,0.96,PLT-02,Detroit Works,USA,NA,Enterprise,France,OTIF_ERP,ERP Definition,Finance,1,1,100.0,100.0,0.0,100.0,100.0,1,100.0,CHAINTRUTH
2026-06-01,SUP-041,Supplier 041,Germany,EMEA,0.64,PLT-09,Hanoi Assembly,Vietnam,APAC,SMB,UK,OTIF_ERP,ERP Definition,Finance,1,1,0.0,0.0,0.0,100.0,100.0,1,100.0,CHAINTRUTH
2026-06-01,SUP-041,Supplier 041,Germany,EMEA,0.64,PLT-05,Monterrey Plant,Mexico,LATAM,SMB,Canada,OTIF_ERP,ERP Definition,Finance,1,1,0.0,0.0,0.0,100.0,100.0,1,100.0,CHAINTRUTH
2026-06-01,SUP-041,Supplier 041,Germany,EMEA,0.64,PLT-01,Munich Center,Germany,EMEA,SMB,Germany,OTIF_ERP,ERP Definition,Finance,1,1,0.0,0.0,100.0,100.0,100.0,1,100.0,CHAINTRUTH
2026-06-01,SUP-041,Supplier 041,Germany,EMEA,0.64,PLT-02,Detroit Works,USA,NA,SMB,Germany,OTIF_ERP,ERP Definition,Finance,1,1,0.0,0.0,0.0,100.0,100.0,1,100.0,CHAINTRUTH
2026-06-01,SUP-041,Supplier 041,Germany,EMEA,0.64,PLT-09,Hanoi Assembly,Vietnam,APAC,SMB,Australia,OTIF_ERP,ERP Definition,Finance,1,1,0.0,0.0,0.0,100.0,100.0,1,100.0,CHAINTRUTH
2026-06-01,SUP-042,Supplier 042,USA,NA,0.91,PLT-05,Monterrey Plant,Mexico,LATAM,SMB,Germany,OTIF_ERP,ERP Definition,Finance,1,1,0.0,0.0,100.0,100.0,100.0,1,100.0,CHAINTRUTH
2026-06-01,SUP-042,Supplier 042,USA,NA,0.91,PLT-00,Shanghai Hub,China,APAC,Enterprise,Germany,OTIF_ERP,ERP Definition,Finance,1,1,0.0,0.0,100.0,100.0,100.0,1,100.0,CHAINTRUTH
2026-06-01,SUP-042,Supplier 042,USA,NA,0.91,PLT-09,Hanoi Assembly,Vietnam,APAC,Government,Canada,OTIF_ERP,ERP Definition,Finance,1,1,0.0,100.0,100.0,100.0,0.0,0,0.0,CHAINTRUTH
2026-06-01,SUP-042,Supplier 042,USA,NA,0.91,PLT-09,Hanoi Assembly,Vietnam,APAC,Government,Singapore,OTIF_ERP,ERP Definition,Finance,1,1,0.0,0.0,100.0,100.0,100.0,1,100.0,CHAINTRUTH
2026-06-01,SUP-042,Supplier 042,USA,NA,0.91,PLT-08,Taipei Micro,Taiwan,APAC,SMB,USA,OTIF_ERP,ERP Definition,Finance,1,1,0.0,0.0,100.0,100.0,100.0,1,100.0,CHAINTRUTH
2026-06-01,SUP-042,Supplier 042,USA,NA,0.91,PLT-02,Detroit Works,USA,NA,Enterprise,Germany,OTIF_ERP,ERP Definition,Finance,1,1,100.0,100.0,100.0,100.0,100.0,0,0.0,CHAINTRUTH
2026-06-01,SUP-043,Supplier 043,Japan,APAC,0.98,PLT-09,Hanoi Assembly,Vietnam,APAC,Enterprise,USA,OTIF_ERP,ERP Definition,Finance,1,1,0.0,0.0,0.0,100.0,100.0,1,100.0,CHAINTRUTH
2026-06-01,SUP-043,Supplier 043,Japan,APAC,0.98,PLT-04,Chennai Forge,India,APAC,Government,Canada,OTIF_ERP,ERP Definition,Finance,1,1,0.0,0.0,100.0,100.0,100.0,1,100.0,CHAINTRUTH
2026-06-01,SUP-043,Supplier 043,Japan,APAC,0.98,PLT-08,Taipei Micro,Taiwan,APAC,SMB,Canada,OTIF_ERP,ERP Definition,Finance,1,1,0.0,0.0,0.0,100.0,100.0,1,100.0,CHAINTRUTH
2026-06-01,SUP-043,Supplier 043,Japan,APAC,0.98,PLT-07,Seoul Tech,South Korea,APAC,Government,Japan,OTIF_ERP,ERP Definition,Finance,1,1,0.0,100.0,100.0,100.0,0.0,0,0.0,CHAINTRUTH
2026-06-01,SUP-043,Supplier 043,Japan,APAC,0.98,PLT-06,Sao Paulo Ops,Brazil,LATAM,SMB,USA,OTIF_ERP,ERP Definition,Finance,1,1,0.0,0.0,0.0,100.0,100.0,1,100.0,CHAINTRUTH
2026-06-01,SUP-043,Supplier 043,Japan,APAC,0.98,PLT-05,Monterrey Plant,Mexico,LATAM,Enterprise,USA,OTIF_ERP,ERP Definition,Finance,1,1,0.0,0.0,100.0,100.0,0.0,1,100.0,CHAINTRUTH
2026-06-01,SUP-043,Supplier 043,Japan,APAC,0.98,PLT-00,Shanghai Hub,China,APAC,Enterprise,USA,OTIF_ERP,ERP Definition,Finance,1,1,0.0,0.0,0.0,100.0,0.0,1,100.0,CHAINTRUTH
2026-06-01,SUP-043,Supplier 043,Japan,APAC,0.98,PLT-03,Tokyo Precision,Japan,APAC,SMB,Singapore,OTIF_ERP,ERP Definition,Finance,1,2,50.0,50.0,100.0,50.0,50.0,1,50.0,CHAINTRUTH
2026-06-01,SUP-043,Supplier 043,Japan,APAC,0.98,PLT-00,Shanghai Hub,China,APAC,SMB,Australia,OTIF_ERP,ERP Definition,Finance,1,2,0.0,0.0,50.0,100.0,0.0,2,100.0,CHAINTRUTH
2026-06-01,SUP-044,Supplier 044,India,APAC,0.55,PLT-08,Taipei Micro,Taiwan,APAC,Enterprise,Canada,OTIF_ERP,ERP Definition,Finance,1,1,0.0,0.0,0.0,100.0,100.0,1,100.0,CHAINTRUTH
2026-06-01,SUP-044,Supplier 044,India,APAC,0.55,PLT-09,Hanoi Assembly,Vietnam,APAC,SMB,Singapore,OTIF_ERP,ERP Definition,Finance,1,1,0.0,0.0,0.0,100.0,100.0,1,100.0,CHAINTRUTH
2026-06-01,SUP-044,Supplier 044,India,APAC,0.55,PLT-01,Munich Center,Germany,EMEA,Government,Germany,OTIF_ERP,ERP Definition,Finance,1,1,0.0,0.0,0.0,100.0,100.0,1,100.0,CHAINTRUTH
2026-06-01,SUP-045,Supplier 045,Mexico,LATAM,0.92,PLT-08,Taipei Micro,Taiwan,APAC,Government,France,OTIF_ERP,ERP Definition,Finance,1,1,100.0,100.0,100.0,100.0,100.0,0,0.0,CHAINTRUTH
2026-06-01,SUP-045,Supplier 045,Mexico,LATAM,0.92,PLT-03,Tokyo Precision,Japan,APAC,Government,Japan,OTIF_ERP,ERP Definition,Finance,1,1,0.0,0.0,100.0,100.0,100.0,1,100.0,CHAINTRUTH
2026-06-01,SUP-045,Supplier 045,Mexico,LATAM,0.92,PLT-02,Detroit Works,USA,NA,Enterprise,Japan,OTIF_ERP,ERP Definition,Finance,1,1,0.0,0.0,0.0,100.0,100.0,1,100.0,CHAINTRUTH
2026-06-01,SUP-045,Supplier 045,Mexico,LATAM,0.92,PLT-08,Taipei Micro,Taiwan,APAC,Government,Canada,OTIF_ERP,ERP Definition,Finance,1,1,0.0,0.0,100.0,100.0,100.0,1,100.0,CHAINTRUTH
2026-06-01,SUP-045,Supplier 045,Mexico,LATAM,0.92,PLT-00,Shanghai Hub,China,APAC,SMB,France,OTIF_ERP,ERP Definition,Finance,2,2,50.0,50.0,50.0,100.0,100.0,1,50.0,CHAINTRUTH
2026-06-01,SUP-045,Supplier 045,Mexico,LATAM,0.92,PLT-07,Seoul Tech,South Korea,APAC,SMB,Japan,OTIF_ERP,ERP Definition,Finance,1,1,0.0,0.0,0.0,100.0,100.0,1,100.0,CHAINTRUTH
2026-06-01,SUP-045,Supplier 045,Mexico,LATAM,0.92,PLT-06,Sao Paulo Ops,Brazil,LATAM,Enterprise,UK,OTIF_ERP,ERP Definition,Finance,1,1,100.0,100.0,100.0,100.0,100.0,0,0.0,CHAINTRUTH
2026-06-01,SUP-045,Supplier 045,Mexico,LATAM,0.92,PLT-02,Detroit Works,USA,NA,SMB,Japan,OTIF_ERP,ERP Definition,Finance,1,2,50.0,50.0,50.0,100.0,50.0,1,50.0,CHAINTRUTH
2026-06-01,SUP-046,Supplier 046,Brazil,LATAM,0.96,PLT-00,Shanghai Hub,China,APAC,Enterprise,France,OTIF_ERP,ERP Definition,Finance,1,2,0.0,0.0,100.0,100.0,50.0,2,100.0,CHAINTRUTH
2026-06-01,SUP-046,Supplier 046,Brazil,LATAM,0.96,PLT-02,Detroit Works,USA,NA,Enterprise,USA,OTIF_ERP,ERP Definition,Finance,1,1,100.0,100.0,100.0,100.0,100.0,0,0.0,CHAINTRUTH
2026-06-01,SUP-046,Supplier 046,Brazil,LATAM,0.96,PLT-00,Shanghai Hub,China,APAC,SMB,Singapore,OTIF_ERP,ERP Definition,Finance,1,2,0.0,0.0,50.0,100.0,50.0,2,100.0,CHAINTRUTH
2026-06-01,SUP-046,Supplier 046,Brazil,LATAM,0.96,PLT-02,Detroit Works,USA,NA,SMB,Japan,OTIF_ERP,ERP Definition,Finance,1,1,0.0,0.0,0.0,100.0,0.0,1,100.0,CHAINTRUTH
2026-06-01,SUP-046,Supplier 046,Brazil,LATAM,0.96,PLT-02,Detroit Works,USA,NA,Enterprise,Germany,OTIF_ERP,ERP Definition,Finance,1,2,0.0,50.0,100.0,100.0,0.0,1,50.0,CHAINTRUTH
2026-06-01,SUP-047,Supplier 047,South Korea,APAC,0.59,PLT-07,Seoul Tech,South Korea,APAC,Government,France,OTIF_ERP,ERP Definition,Finance,1,1,0.0,0.0,0.0,100.0,100.0,1,100.0,CHAINTRUTH
2026-06-01,SUP-047,Supplier 047,South Korea,APAC,0.59,PLT-06,Sao Paulo Ops,Brazil,LATAM,Enterprise,Canada,OTIF_ERP,ERP Definition,Finance,1,1,0.0,0.0,100.0,100.0,100.0,1,100.0,CHAINTRUTH
2026-06-01,SUP-048,Supplier 048,Taiwan,APAC,0.54,PLT-00,Shanghai Hub,China,APAC,Government,USA,OTIF_ERP,ERP Definition,Finance,1,1,0.0,0.0,0.0,100.0,0.0,1,100.0,CHAINTRUTH
2026-06-01,SUP-048,Supplier 048,Taiwan,APAC,0.54,PLT-06,Sao Paulo Ops,Brazil,LATAM,Government,Singapore,OTIF_ERP,ERP Definition,Finance,1,1,100.0,100.0,100.0,100.0,100.0,0,0.0,CHAINTRUTH
2026-06-01,SUP-048,Supplier 048,Taiwan,APAC,0.54,PLT-05,Monterrey Plant,Mexico,LATAM,SMB,France,OTIF_ERP,ERP Definition,Finance,1,1,0.0,0.0,100.0,100.0,100.0,1,100.0,CHAINTRUTH
2026-06-01,SUP-048,Supplier 048,Taiwan,APAC,0.54,PLT-01,Munich Center,Germany,EMEA,Enterprise,Canada,OTIF_ERP,ERP Definition,Finance,1,1,0.0,0.0,0.0,100.0,100.0,1,100.0,CHAINTRUTH
2026-06-01,SUP-048,Supplier 048,Taiwan,APAC,0.54,PLT-01,Munich Center,Germany,EMEA,SMB,Singapore,OTIF_ERP,ERP Definition,Finance,1,1,0.0,0.0,0.0,100.0,100.0,1,100.0,CHAINTRUTH
2026-06-01,SUP-048,Supplier 048,Taiwan,APAC,0.54,PLT-06,Sao Paulo Ops,Brazil,LATAM,Enterprise,USA,OTIF_ERP,ERP Definition,Finance,1,1,0.0,0.0,0.0,100.0,0.0,1,100.0,CHAINTRUTH
2026-06-01,SUP-049,Supplier 049,Vietnam,APAC,0.75,PLT-08,Taipei Micro,Taiwan,APAC,SMB,Germany,OTIF_ERP,ERP Definition,Finance,1,1,0.0,0.0,0.0,100.0,100.0,1,100.0,CHAINTRUTH
2026-06-01,SUP-049,Supplier 049,Vietnam,APAC,0.75,PLT-06,Sao Paulo Ops,Brazil,LATAM,SMB,Germany,OTIF_ERP,ERP Definition,Finance,1,2,0.0,0.0,0.0,100.0,50.0,2,100.0,CHAINTRUTH
2026-06-01,SUP-049,Supplier 049,Vietnam,APAC,0.75,PLT-03,Tokyo Precision,Japan,APAC,SMB,France,OTIF_ERP,ERP Definition,Finance,1,2,0.0,0.0,50.0,100.0,0.0,2,100.0,CHAINTRUTH
2026-07-01,SUP-000,Supplier 000,China,APAC,0.85,PLT-09,Hanoi Assembly,Vietnam,APAC,SMB,UK,OTIF_ERP,ERP Definition,Finance,1,1,0.0,0.0,0.0,100.0,100.0,1,100.0,CHAINTRUTH
2026-07-01,SUP-000,Supplier 000,China,APAC,0.85,PLT-05,Monterrey Plant,Mexico,LATAM,Government,Germany,OTIF_ERP,ERP Definition,Finance,1,1,0.0,0.0,100.0,100.0,100.0,1,100.0,CHAINTRUTH
2026-07-01,SUP-000,Supplier 000,China,APAC,0.85,PLT-06,Sao Paulo Ops,Brazil,LATAM,Enterprise,Japan,OTIF_ERP,ERP Definition,Finance,1,1,0.0,0.0,0.0,100.0,0.0,1,100.0,CHAINTRUTH
2026-07-01,SUP-000,Supplier 000,China,APAC,0.85,PLT-06,Sao Paulo Ops,Brazil,LATAM,SMB,Canada,OTIF_ERP,ERP Definition,Finance,1,1,0.0,0.0,0.0,100.0,100.0,1,100.0,CHAINTRUTH
2026-07-01,SUP-000,Supplier 000,China,APAC,0.85,PLT-04,Chennai Forge,India,APAC,Government,USA,OTIF_ERP,ERP Definition,Finance,1,1,0.0,0.0,100.0,100.0,100.0,1,100.0,CHAINTRUTH
2026-07-01,SUP-000,Supplier 000,China,APAC,0.85,PLT-00,Shanghai Hub,China,APAC,SMB,Germany,OTIF_ERP,ERP Definition,Finance,1,1,0.0,0.0,0.0,100.0,100.0,1,100.0,CHAINTRUTH
2026-07-01,SUP-000,Supplier 000,China,APAC,0.85,PLT-04,Chennai Forge,India,APAC,SMB,Australia,OTIF_ERP,ERP Definition,Finance,1,1,0.0,0.0,100.0,100.0,100.0,1,100.0,CHAINTRUTH
2026-07-01,SUP-000,Supplier 000,China,APAC,0.85,PLT-01,Munich Center,Germany,EMEA,Government,Germany,OTIF_ERP,ERP Definition,Finance,1,2,0.0,0.0,0.0,100.0,50.0,2,100.0,CHAINTRUTH
2026-07-01,SUP-000,Supplier 000,China,APAC,0.85,PLT-09,Hanoi Assembly,Vietnam,APAC,SMB,Australia,OTIF_ERP,ERP Definition,Finance,1,2,50.0,50.0,100.0,50.0,50.0,1,50.0,CHAINTRUTH
2026-07-01,SUP-000,Supplier 000,China,APAC,0.85,PLT-02,Detroit Works,USA,NA,SMB,France,OTIF_ERP,ERP Definition,Finance,1,1,100.0,100.0,100.0,100.0,100.0,0,0.0,CHAINTRUTH
2026-07-01,SUP-000,Supplier 000,China,APAC,0.85,PLT-09,Hanoi Assembly,Vietnam,APAC,Government,Singapore,OTIF_ERP,ERP Definition,Finance,1,2,0.0,0.0,50.0,100.0,0.0,2,100.0,CHAINTRUTH
2026-07-01,SUP-001,Supplier 001,Germany,EMEA,0.7,PLT-03,Tokyo Precision,Japan,APAC,SMB,France,OTIF_ERP,ERP Definition,Finance,1,2,0.0,0.0,100.0,100.0,50.0,2,100.0,CHAINTRUTH
2026-07-01,SUP-001,Supplier 001,Germany,EMEA,0.7,PLT-03,Tokyo Precision,Japan,APAC,Government,France,OTIF_ERP,ERP Definition,Finance,1,2,0.0,0.0,50.0,100.0,50.0,2,100.0,CHAINTRUTH
2026-07-01,SUP-001,Supplier 001,Germany,EMEA,0.7,PLT-00,Shanghai Hub,China,APAC,Government,USA,OTIF_ERP,ERP Definition,Finance,1,2,0.0,0.0,0.0,100.0,50.0,2,100.0,CHAINTRUTH
2026-07-01,SUP-001,Supplier 001,Germany,EMEA,0.7,PLT-01,Munich Center,Germany,EMEA,Government,UK,OTIF_ERP,ERP Definition,Finance,1,1,0.0,0.0,0.0,100.0,100.0,1,100.0,CHAINTRUTH
2026-07-01,SUP-001,Supplier 001,Germany,EMEA,0.7,PLT-05,Monterrey Plant,Mexico,LATAM,SMB,Singapore,OTIF_ERP,ERP Definition,Finance,1,1,0.0,0.0,0.0,100.0,100.0,1,100.0,CHAINTRUTH
2026-07-01,SUP-001,Supplier 001,Germany,EMEA,0.7,PLT-04,Chennai Forge,India,APAC,Government,Canada,OTIF_ERP,ERP Definition,Finance,1,1,0.0,0.0,100.0,100.0,0.0,1,100.0,CHAINTRUTH
2026-07-01,SUP-002,Supplier 002,USA,NA,0.74,PLT-00,Shanghai Hub,China,APAC,Government,Germany,OTIF_ERP,ERP Definition,Finance,1,1,0.0,0.0,0.0,100.0,100.0,1,100.0,CHAINTRUTH
2026-07-01,SUP-002,Supplier 002,USA,NA,0.74,PLT-03,Tokyo Precision,Japan,APAC,SMB,Germany,OTIF_ERP,ERP Definition,Finance,1,2,0.0,0.0,50.0,100.0,0.0,2,100.0,CHAINTRUTH
2026-07-01,SUP-002,Supplier 002,USA,NA,0.74,PLT-04,Chennai Forge,India,APAC,SMB,Australia,OTIF_ERP,ERP Definition,Finance,1,1,0.0,0.0,100.0,100.0,100.0,1,100.0,CHAINTRUTH
2026-07-01,SUP-002,Supplier 002,USA,NA,0.74,PLT-04,Chennai Forge,India,APAC,Enterprise,Japan,OTIF_ERP,ERP Definition,Finance,1,2,0.0,0.0,50.0,100.0,0.0,2,100.0,CHAINTRUTH
2026-07-01,SUP-002,Supplier 002,USA,NA,0.74,PLT-05,Monterrey Plant,Mexico,LATAM,Government,France,OTIF_ERP,ERP Definition,Finance,1,1,0.0,0.0,0.0,100.0,100.0,1,100.0,CHAINTRUTH
2026-07-01,SUP-002,Supplier 002,USA,NA,0.74,PLT-08,Taipei Micro,Taiwan,APAC,Enterprise,Japan,OTIF_ERP,ERP Definition,Finance,1,2,0.0,0.0,50.0,100.0,50.0,2,100.0,CHAINTRUTH
2026-07-01,SUP-002,Supplier 002,USA,NA,0.74,PLT-06,Sao Paulo Ops,Brazil,LATAM,Enterprise,USA,OTIF_ERP,ERP Definition,Finance,1,1,0.0,0.0,0.0,100.0,100.0,1,100.0,CHAINTRUTH
2026-07-01,SUP-002,Supplier 002,USA,NA,0.74,PLT-05,Monterrey Plant,Mexico,LATAM,SMB,France,OTIF_ERP,ERP Definition,Finance,1,1,0.0,0.0,100.0,100.0,100.0,1,100.0,CHAINTRUTH
2026-07-01,SUP-003,Supplier 003,Japan,APAC,0.64,PLT-09,Hanoi Assembly,Vietnam,APAC,Enterprise,Singapore,OTIF_ERP,ERP Definition,Finance,1,1,100.0,100.0,100.0,100.0,100.0,0,0.0,CHAINTRUTH
2026-07-01,SUP-003,Supplier 003,Japan,APAC,0.64,PLT-07,Seoul Tech,South Korea,APAC,Enterprise,Australia,OTIF_ERP,ERP Definition,Finance,1,1,0.0,0.0,100.0,100.0,0.0,1,100.0,CHAINTRUTH
2026-07-01,SUP-003,Supplier 003,Japan,APAC,0.64,PLT-03,Tokyo Precision,Japan,APAC,SMB,Japan,OTIF_ERP,ERP Definition,Finance,1,2,0.0,0.0,50.0,100.0,50.0,2,100.0,CHAINTRUTH
2026-07-01,SUP-003,Supplier 003,Japan,APAC,0.64,PLT-00,Shanghai Hub,China,APAC,Enterprise,USA,OTIF_ERP,ERP Definition,Finance,1,1,100.0,100.0,100.0,100.0,100.0,0,0.0,CHAINTRUTH
2026-07-01,SUP-003,Supplier 003,Japan,APAC,0.64,PLT-07,Seoul Tech,South Korea,APAC,SMB,Japan,OTIF_ERP,ERP Definition,Finance,1,1,0.0,0.0,0.0,100.0,0.0,1,100.0,CHAINTRUTH
2026-07-01,SUP-003,Supplier 003,Japan,APAC,0.64,PLT-07,Seoul Tech,South Korea,APAC,SMB,Germany,OTIF_ERP,ERP Definition,Finance,1,1,0.0,0.0,0.0,100.0,100.0,1,100.0,CHAINTRUTH
2026-07-01,SUP-003,Supplier 003,Japan,APAC,0.64,PLT-06,Sao Paulo Ops,Brazil,LATAM,SMB,France,OTIF_ERP,ERP Definition,Finance,1,2,0.0,0.0,0.0,100.0,0.0,2,100.0,CHAINTRUTH
2026-07-01,SUP-003,Supplier 003,Japan,APAC,0.64,PLT-06,Sao Paulo Ops,Brazil,LATAM,SMB,Singapore,OTIF_ERP,ERP Definition,Finance,1,2,0.0,0.0,50.0,100.0,50.0,2,100.0,CHAINTRUTH
2026-07-01,SUP-004,Supplier 004,India,APAC,0.69,PLT-01,Munich Center,Germany,EMEA,Enterprise,UK,OTIF_ERP,ERP Definition,Finance,1,1,0.0,0.0,0.0,100.0,100.0,1,100.0,CHAINTRUTH
2026-07-01,SUP-004,Supplier 004,India,APAC,0.69,PLT-05,Monterrey Plant,Mexico,LATAM,Government,Germany,OTIF_ERP,ERP Definition,Finance,1,1,0.0,0.0,0.0,100.0,0.0,1,100.0,CHAINTRUTH
2026-07-01,SUP-004,Supplier 004,India,APAC,0.69,PLT-05,Monterrey Plant,Mexico,LATAM,Enterprise,Germany,OTIF_ERP,ERP Definition,Finance,1,2,50.0,50.0,50.0,100.0,50.0,1,50.0,CHAINTRUTH
2026-07-01,SUP-004,Supplier 004,India,APAC,0.69,PLT-07,Seoul Tech,South Korea,APAC,SMB,France,OTIF_ERP,ERP Definition,Finance,1,1,0.0,0.0,0.0,100.0,100.0,1,100.0,CHAINTRUTH
2026-07-01,SUP-004,Supplier 004,India,APAC,0.69,PLT-08,Taipei Micro,Taiwan,APAC,Enterprise,UK,OTIF_ERP,ERP Definition,Finance,1,1,0.0,0.0,0.0,100.0,100.0,1,100.0,CHAINTRUTH
2026-07-01,SUP-004,Supplier 004,India,APAC,0.69,PLT-09,Hanoi Assembly,Vietnam,APAC,Enterprise,France,OTIF_ERP,ERP Definition,Finance,1,1,0.0,0.0,0.0,100.0,100.0,1,100.0,CHAINTRUTH
2026-07-01,SUP-004,Supplier 004,India,APAC,0.69,PLT-08,Taipei Micro,Taiwan,APAC,Enterprise,Australia,OTIF_ERP,ERP Definition,Finance,1,2,0.0,0.0,50.0,50.0,50.0,2,100.0,CHAINTRUTH
2026-07-01,SUP-004,Supplier 004,India,APAC,0.69,PLT-05,Monterrey Plant,Mexico,LATAM,SMB,Australia,OTIF_ERP,ERP Definition,Finance,1,1,0.0,0.0,100.0,100.0,0.0,1,100.0,CHAINTRUTH
2026-07-01,SUP-005,Supplier 005,Mexico,LATAM,0.77,PLT-08,Taipei Micro,Taiwan,APAC,Government,Singapore,OTIF_ERP,ERP Definition,Finance,1,1,0.0,0.0,0.0,100.0,0.0,1,100.0,CHAINTRUTH
2026-07-01,SUP-005,Supplier 005,Mexico,LATAM,0.77,PLT-05,Monterrey Plant,Mexico,LATAM,Enterprise,Germany,OTIF_ERP,ERP Definition,Finance,1,2,0.0,0.0,0.0,100.0,50.0,2,100.0,CHAINTRUTH
2026-07-01,SUP-005,Supplier 005,Mexico,LATAM,0.77,PLT-04,Chennai Forge,India,APAC,SMB,UK,OTIF_ERP,ERP Definition,Finance,1,1,0.0,0.0,100.0,100.0,100.0,1,100.0,CHAINTRUTH
2026-07-01,SUP-005,Supplier 005,Mexico,LATAM,0.77,PLT-07,Seoul Tech,South Korea,APAC,Enterprise,Japan,OTIF_ERP,ERP Definition,Finance,1,1,0.0,0.0,0.0,100.0,100.0,1,100.0,CHAINTRUTH
2026-07-01,SUP-005,Supplier 005,Mexico,LATAM,0.77,PLT-03,Tokyo Precision,Japan,APAC,SMB,Australia,OTIF_ERP,ERP Definition,Finance,1,1,0.0,0.0,0.0,100.0,100.0,1,100.0,CHAINTRUTH
2026-07-01,SUP-005,Supplier 005,Mexico,LATAM,0.77,PLT-05,Monterrey Plant,Mexico,LATAM,SMB,Germany,OTIF_ERP,ERP Definition,Finance,1,1,0.0,0.0,100.0,100.0,0.0,1,100.0,CHAINTRUTH
2026-07-01,SUP-005,Supplier 005,Mexico,LATAM,0.77,PLT-06,Sao Paulo Ops,Brazil,LATAM,SMB,France,OTIF_ERP,ERP Definition,Finance,1,2,0.0,0.0,50.0,100.0,50.0,2,100.0,CHAINTRUTH
2026-07-01,SUP-005,Supplier 005,Mexico,LATAM,0.77,PLT-01,Munich Center,Germany,EMEA,SMB,Singapore,OTIF_ERP,ERP Definition,Finance,1,1,0.0,0.0,0.0,100.0,0.0,1,100.0,CHAINTRUTH
2026-07-01,SUP-006,Supplier 006,Brazil,LATAM,0.61,PLT-00,Shanghai Hub,China,APAC,SMB,France,OTIF_ERP,ERP Definition,Finance,1,1,0.0,0.0,100.0,100.0,0.0,1,100.0,CHAINTRUTH
2026-07-01,SUP-006,Supplier 006,Brazil,LATAM,0.61,PLT-08,Taipei Micro,Taiwan,APAC,Government,Germany,OTIF_ERP,ERP Definition,Finance,1,2,0.0,0.0,100.0,50.0,50.0,2,100.0,CHAINTRUTH
2026-07-01,SUP-006,Supplier 006,Brazil,LATAM,0.61,PLT-00,Shanghai Hub,China,APAC,Enterprise,Japan,OTIF_ERP,ERP Definition,Finance,1,2,0.0,0.0,50.0,100.0,50.0,2,100.0,CHAINTRUTH
2026-07-01,SUP-006,Supplier 006,Brazil,LATAM,0.61,PLT-08,Taipei Micro,Taiwan,APAC,Enterprise,Germany,OTIF_ERP,ERP Definition,Finance,1,2,0.0,0.0,0.0,100.0,0.0,2,100.0,CHAINTRUTH
2026-07-01,SUP-006,Supplier 006,Brazil,LATAM,0.61,PLT-02,Detroit Works,USA,NA,SMB,Singapore,OTIF_ERP,ERP Definition,Finance,1,1,0.0,0.0,0.0,100.0,100.0,1,100.0,CHAINTRUTH
2026-07-01,SUP-006,Supplier 006,Brazil,LATAM,0.61,PLT-07,Seoul Tech,South Korea,APAC,Government,Japan,OTIF_ERP,ERP Definition,Finance,1,1,0.0,0.0,0.0,100.0,100.0,1,100.0,CHAINTRUTH
2026-07-01,SUP-007,Supplier 007,South Korea,APAC,0.84,PLT-06,Sao Paulo Ops,Brazil,LATAM,Enterprise,UK,OTIF_ERP,ERP Definition,Finance,1,1,0.0,0.0,0.0,100.0,0.0,1,100.0,CHAINTRUTH
2026-07-01,SUP-007,Supplier 007,South Korea,APAC,0.84,PLT-09,Hanoi Assembly,Vietnam,APAC,Government,USA,OTIF_ERP,ERP Definition,Finance,1,1,0.0,0.0,100.0,100.0,0.0,1,100.0,CHAINTRUTH
2026-07-01,SUP-007,Supplier 007,South Korea,APAC,0.84,PLT-04,Chennai Forge,India,APAC,Enterprise,Singapore,OTIF_ERP,ERP Definition,Finance,1,2,0.0,50.0,50.0,100.0,0.0,1,50.0,CHAINTRUTH
2026-07-01,SUP-007,Supplier 007,South Korea,APAC,0.84,PLT-09,Hanoi Assembly,Vietnam,APAC,Enterprise,Canada,OTIF_ERP,ERP Definition,Finance,1,1,0.0,0.0,100.0,100.0,100.0,1,100.0,CHAINTRUTH
2026-07-01,SUP-007,Supplier 007,South Korea,APAC,0.84,PLT-05,Monterrey Plant,Mexico,LATAM,Government,USA,OTIF_ERP,ERP Definition,Finance,1,2,0.0,0.0,100.0,100.0,50.0,2,100.0,CHAINTRUTH
2026-07-01,SUP-007,Supplier 007,South Korea,APAC,0.84,PLT-04,Chennai Forge,India,APAC,SMB,Germany,OTIF_ERP,ERP Definition,Finance,1,1,0.0,0.0,0.0,100.0,100.0,1,100.0,CHAINTRUTH
2026-07-01,SUP-008,Supplier 008,Taiwan,APAC,0.73,PLT-05,Monterrey Plant,Mexico,LATAM,Enterprise,Canada,OTIF_ERP,ERP Definition,Finance,1,1,0.0,0.0,100.0,100.0,100.0,1,100.0,CHAINTRUTH
2026-07-01,SUP-008,Supplier 008,Taiwan,APAC,0.73,PLT-08,Taipei Micro,Taiwan,APAC,Enterprise,France,OTIF_ERP,ERP Definition,Finance,1,1,0.0,0.0,100.0,100.0,100.0,1,100.0,CHAINTRUTH
2026-07-01,SUP-008,Supplier 008,Taiwan,APAC,0.73,PLT-02,Detroit Works,USA,NA,Enterprise,France,OTIF_ERP,ERP Definition,Finance,1,2,0.0,0.0,0.0,100.0,0.0,2,100.0,CHAINTRUTH
2026-07-01,SUP-008,Supplier 008,Taiwan,APAC,0.73,PLT-07,Seoul Tech,South Korea,APAC,SMB,UK,OTIF_ERP,ERP Definition,Finance,1,1,0.0,0.0,0.0,100.0,100.0,1,100.0,CHAINTRUTH
2026-07-01,SUP-008,Supplier 008,Taiwan,APAC,0.73,PLT-08,Taipei Micro,Taiwan,APAC,Government,Australia,OTIF_ERP,ERP Definition,Finance,1,1,0.0,0.0,0.0,100.0,100.0,1,100.0,CHAINTRUTH
2026-07-01,SUP-008,Supplier 008,Taiwan,APAC,0.73,PLT-09,Hanoi Assembly,Vietnam,APAC,SMB,Canada,OTIF_ERP,ERP Definition,Finance,1,1,0.0,0.0,100.0,100.0,100.0,1,100.0,CHAINTRUTH
2026-07-01,SUP-009,Supplier 009,Vietnam,APAC,1.0,PLT-04,Chennai Forge,India,APAC,SMB,Australia,OTIF_ERP,ERP Definition,Finance,1,2,0.0,0.0,50.0,100.0,0.0,2,100.0,CHAINTRUTH
2026-07-01,SUP-009,Supplier 009,Vietnam,APAC,1.0,PLT-07,Seoul Tech,South Korea,APAC,Enterprise,Canada,OTIF_ERP,ERP Definition,Finance,1,1,0.0,0.0,0.0,100.0,100.0,1,100.0,CHAINTRUTH
2026-07-01,SUP-009,Supplier 009,Vietnam,APAC,1.0,PLT-09,Hanoi Assembly,Vietnam,APAC,Enterprise,UK,OTIF_ERP,ERP Definition,Finance,1,2,50.0,50.0,100.0,100.0,50.0,1,50.0,CHAINTRUTH
2026-07-01,SUP-009,Supplier 009,Vietnam,APAC,1.0,PLT-04,Chennai Forge,India,APAC,SMB,UK,OTIF_ERP,ERP Definition,Finance,1,1,0.0,0.0,100.0,100.0,100.0,1,100.0,CHAINTRUTH
2026-07-01,SUP-009,Supplier 009,Vietnam,APAC,1.0,PLT-06,Sao Paulo Ops,Brazil,LATAM,Enterprise,France,OTIF_ERP,ERP Definition,Finance,1,2,0.0,0.0,0.0,100.0,0.0,2,100.0,CHAINTRUTH
2026-07-01,SUP-009,Supplier 009,Vietnam,APAC,1.0,PLT-00,Shanghai Hub,China,APAC,Enterprise,Germany,OTIF_ERP,ERP Definition,Finance,1,1,0.0,0.0,0.0,100.0,100.0,1,100.0,CHAINTRUTH
2026-07-01,SUP-009,Supplier 009,Vietnam,APAC,1.0,PLT-09,Hanoi Assembly,Vietnam,APAC,SMB,France,OTIF_ERP,ERP Definition,Finance,1,2,50.0,50.0,100.0,100.0,50.0,1,50.0,CHAINTRUTH
2026-07-01,SUP-009,Supplier 009,Vietnam,APAC,1.0,PLT-00,Shanghai Hub,China,APAC,SMB,Singapore,OTIF_ERP,ERP Definition,Finance,1,2,0.0,0.0,100.0,100.0,50.0,2,100.0,CHAINTRUTH
2026-07-01,SUP-010,Supplier 010,China,APAC,0.76,PLT-07,Seoul Tech,South Korea,APAC,Enterprise,USA,OTIF_ERP,ERP Definition,Finance,1,1,0.0,0.0,0.0,100.0,100.0,1,100.0,CHAINTRUTH
2026-07-01,SUP-010,Supplier 010,China,APAC,0.76,PLT-01,Munich Center,Germany,EMEA,Enterprise,Japan,OTIF_ERP,ERP Definition,Finance,1,1,0.0,0.0,0.0,100.0,100.0,1,100.0,CHAINTRUTH
2026-07-01,SUP-010,Supplier 010,China,APAC,0.76,PLT-04,Chennai Forge,India,APAC,Enterprise,Australia,OTIF_ERP,ERP Definition,Finance,1,2,0.0,0.0,50.0,100.0,0.0,2,100.0,CHAINTRUTH
2026-07-01,SUP-010,Supplier 010,China,APAC,0.76,PLT-08,Taipei Micro,Taiwan,APAC,SMB,France,OTIF_ERP,ERP Definition,Finance,1,2,0.0,0.0,50.0,100.0,0.0,2,100.0,CHAINTRUTH
2026-07-01,SUP-010,Supplier 010,China,APAC,0.76,PLT-06,Sao Paulo Ops,Brazil,LATAM,Government,Australia,OTIF_ERP,ERP Definition,Finance,1,1,0.0,0.0,0.0,100.0,100.0,1,100.0,CHAINTRUTH
2026-07-01,SUP-010,Supplier 010,China,APAC,0.76,PLT-07,Seoul Tech,South Korea,APAC,SMB,USA,OTIF_ERP,ERP Definition,Finance,1,1,0.0,0.0,0.0,100.0,100.0,1,100.0,CHAINTRUTH
2026-07-01,SUP-010,Supplier 010,China,APAC,0.76,PLT-06,Sao Paulo Ops,Brazil,LATAM,Enterprise,Canada,OTIF_ERP,ERP Definition,Finance,1,1,0.0,0.0,100.0,100.0,0.0,1,100.0,CHAINTRUTH
2026-07-01,SUP-010,Supplier 010,China,APAC,0.76,PLT-04,Chennai Forge,India,APAC,SMB,France,OTIF_ERP,ERP Definition,Finance,1,2,0.0,0.0,50.0,100.0,50.0,2,100.0,CHAINTRUTH
2026-07-01,SUP-010,Supplier 010,China,APAC,0.76,PLT-02,Detroit Works,USA,NA,SMB,France,OTIF_ERP,ERP Definition,Finance,1,1,100.0,100.0,0.0,100.0,100.0,1,100.0,CHAINTRUTH
2026-07-01,SUP-011,Supplier 011,Germany,EMEA,0.53,PLT-03,Tokyo Precision,Japan,APAC,SMB,Japan,OTIF_ERP,ERP Definition,Finance,1,1,0.0,0.0,0.0,100.0,0.0,1,100.0,CHAINTRUTH
2026-07-01,SUP-011,Supplier 011,Germany,EMEA,0.53,PLT-01,Munich Center,Germany,EMEA,Government,Canada,OTIF_ERP,ERP Definition,Finance,1,1,0.0,0.0,100.0,100.0,100.0,1,100.0,CHAINTRUTH
2026-07-01,SUP-011,Supplier 011,Germany,EMEA,0.53,PLT-03,Tokyo Precision,Japan,APAC,SMB,USA,OTIF_ERP,ERP Definition,Finance,1,1,0.0,0.0,100.0,100.0,100.0,1,100.0,CHAINTRUTH
2026-07-01,SUP-011,Supplier 011,Germany,EMEA,0.53,PLT-09,Hanoi Assembly,Vietnam,APAC,SMB,Singapore,OTIF_ERP,ERP Definition,Finance,1,1,0.0,0.0,100.0,100.0,100.0,1,100.0,CHAINTRUTH
2026-07-01,SUP-012,Supplier 012,USA,NA,0.66,PLT-04,Chennai Forge,India,APAC,SMB,UK,OTIF_ERP,ERP Definition,Finance,1,1,0.0,0.0,100.0,100.0,0.0,1,100.0,CHAINTRUTH
2026-07-01,SUP-012,Supplier 012,USA,NA,0.66,PLT-00,Shanghai Hub,China,APAC,SMB,France,OTIF_ERP,ERP Definition,Finance,2,3,0.0,0.0,66.67,100.0,33.33,3,100.0,CHAINTRUTH
2026-07-01,SUP-012,Supplier 012,USA,NA,0.66,PLT-05,Monterrey Plant,Mexico,LATAM,Enterprise,Australia,OTIF_ERP,ERP Definition,Finance,1,2,0.0,0.0,50.0,50.0,50.0,1,50.0,CHAINTRUTH
2026-07-01,SUP-012,Supplier 012,USA,NA,0.66,PLT-00,Shanghai Hub,China,APAC,Enterprise,Japan,OTIF_ERP,ERP Definition,Finance,1,1,100.0,100.0,100.0,100.0,100.0,0,0.0,CHAINTRUTH
2026-07-01,SUP-012,Supplier 012,USA,NA,0.66,PLT-07,Seoul Tech,South Korea,APAC,Government,Australia,OTIF_ERP,ERP Definition,Finance,1,1,0.0,0.0,0.0,100.0,100.0,1,100.0,CHAINTRUTH
2026-07-01,SUP-012,Supplier 012,USA,NA,0.66,PLT-03,Tokyo Precision,Japan,APAC,SMB,France,OTIF_ERP,ERP Definition,Finance,1,1,0.0,0.0,0.0,100.0,100.0,1,100.0,CHAINTRUTH
2026-07-01,SUP-013,Supplier 013,Japan,APAC,0.89,PLT-03,Tokyo Precision,Japan,APAC,SMB,Singapore,OTIF_ERP,ERP Definition,Finance,1,1,0.0,0.0,0.0,100.0,100.0,1,100.0,CHAINTRUTH
2026-07-01,SUP-013,Supplier 013,Japan,APAC,0.89,PLT-03,Tokyo Precision,Japan,APAC,Government,Singapore,OTIF_ERP,ERP Definition,Finance,1,2,0.0,0.0,50.0,100.0,50.0,2,100.0,CHAINTRUTH
2026-07-01,SUP-013,Supplier 013,Japan,APAC,0.89,PLT-09,Hanoi Assembly,Vietnam,APAC,Government,USA,OTIF_ERP,ERP Definition,Finance,1,2,0.0,0.0,50.0,100.0,50.0,2,100.0,CHAINTRUTH
2026-07-01,SUP-013,Supplier 013,Japan,APAC,0.89,PLT-06,Sao Paulo Ops,Brazil,LATAM,Enterprise,Japan,OTIF_ERP,ERP Definition,Finance,1,1,0.0,0.0,0.0,100.0,0.0,1,100.0,CHAINTRUTH
2026-07-01,SUP-013,Supplier 013,Japan,APAC,0.89,PLT-02,Detroit Works,USA,NA,Enterprise,France,OTIF_ERP,ERP Definition,Finance,1,1,100.0,100.0,0.0,100.0,100.0,1,100.0,CHAINTRUTH
2026-07-01,SUP-013,Supplier 013,Japan,APAC,0.89,PLT-06,Sao Paulo Ops,Brazil,LATAM,SMB,Australia,OTIF_ERP,ERP Definition,Finance,1,2,0.0,0.0,50.0,100.0,0.0,2,100.0,CHAINTRUTH
2026-07-01,SUP-013,Supplier 013,Japan,APAC,0.89,PLT-03,Tokyo Precision,Japan,APAC,Government,USA,OTIF_ERP,ERP Definition,Finance,1,1,0.0,0.0,100.0,100.0,100.0,1,100.0,CHAINTRUTH
2026-07-01,SUP-014,Supplier 014,India,APAC,0.95,PLT-09,Hanoi Assembly,Vietnam,APAC,SMB,Singapore,OTIF_ERP,ERP Definition,Finance,1,1,0.0,0.0,100.0,100.0,0.0,1,100.0,CHAINTRUTH
2026-07-01,SUP-014,Supplier 014,India,APAC,0.95,PLT-03,Tokyo Precision,Japan,APAC,Government,Canada,OTIF_ERP,ERP Definition,Finance,1,1,0.0,0.0,100.0,100.0,100.0,1,100.0,CHAINTRUTH
2026-07-01,SUP-014,Supplier 014,India,APAC,0.95,PLT-08,Taipei Micro,Taiwan,APAC,SMB,Australia,OTIF_ERP,ERP Definition,Finance,1,2,0.0,0.0,100.0,100.0,50.0,2,100.0,CHAINTRUTH
2026-07-01,SUP-015,Supplier 015,Mexico,LATAM,0.75,PLT-07,Seoul Tech,South Korea,APAC,Enterprise,France,OTIF_ERP,ERP Definition,Finance,1,1,0.0,0.0,100.0,100.0,100.0,1,100.0,CHAINTRUTH
2026-07-01,SUP-015,Supplier 015,Mexico,LATAM,0.75,PLT-09,Hanoi Assembly,Vietnam,APAC,Enterprise,Japan,OTIF_ERP,ERP Definition,Finance,1,1,0.0,0.0,100.0,100.0,100.0,1,100.0,CHAINTRUTH
2026-07-01,SUP-015,Supplier 015,Mexico,LATAM,0.75,PLT-00,Shanghai Hub,China,APAC,Enterprise,Japan,OTIF_ERP,ERP Definition,Finance,1,1,100.0,100.0,0.0,100.0,100.0,1,100.0,CHAINTRUTH
2026-07-01,SUP-015,Supplier 015,Mexico,LATAM,0.75,PLT-08,Taipei Micro,Taiwan,APAC,Government,USA,OTIF_ERP,ERP Definition,Finance,1,1,0.0,0.0,100.0,100.0,100.0,1,100.0,CHAINTRUTH
2026-07-01,SUP-015,Supplier 015,Mexico,LATAM,0.75,PLT-05,Monterrey Plant,Mexico,LATAM,Government,Germany,OTIF_ERP,ERP Definition,Finance,1,1,0.0,0.0,100.0,100.0,100.0,1,100.0,CHAINTRUTH
2026-07-01,SUP-015,Supplier 015,Mexico,LATAM,0.75,PLT-00,Shanghai Hub,China,APAC,SMB,Singapore,OTIF_ERP,ERP Definition,Finance,1,1,0.0,0.0,0.0,100.0,0.0,1,100.0,CHAINTRUTH
2026-07-01,SUP-015,Supplier 015,Mexico,LATAM,0.75,PLT-03,Tokyo Precision,Japan,APAC,Government,USA,OTIF_ERP,ERP Definition,Finance,1,1,0.0,0.0,0.0,100.0,100.0,1,100.0,CHAINTRUTH
2026-07-01,SUP-016,Supplier 016,Brazil,LATAM,0.66,PLT-07,Seoul Tech,South Korea,APAC,SMB,Singapore,OTIF_ERP,ERP Definition,Finance,1,2,0.0,0.0,100.0,100.0,0.0,2,100.0,CHAINTRUTH
2026-07-01,SUP-017,Supplier 017,South Korea,APAC,0.89,PLT-09,Hanoi Assembly,Vietnam,APAC,Enterprise,Canada,OTIF_ERP,ERP Definition,Finance,1,1,0.0,0.0,0.0,100.0,100.0,1,100.0,CHAINTRUTH
2026-07-01,SUP-017,Supplier 017,South Korea,APAC,0.89,PLT-05,Monterrey Plant,Mexico,LATAM,Enterprise,Germany,OTIF_ERP,ERP Definition,Finance,1,1,0.0,0.0,100.0,100.0,100.0,1,100.0,CHAINTRUTH
2026-07-01,SUP-017,Supplier 017,South Korea,APAC,0.89,PLT-00,Shanghai Hub,China,APAC,Enterprise,France,OTIF_ERP,ERP Definition,Finance,1,2,0.0,0.0,100.0,100.0,50.0,2,100.0,CHAINTRUTH
2026-07-01,SUP-017,Supplier 017,South Korea,APAC,0.89,PLT-05,Monterrey Plant,Mexico,LATAM,Government,Australia,OTIF_ERP,ERP Definition,Finance,1,1,0.0,0.0,0.0,100.0,100.0,1,100.0,CHAINTRUTH
2026-07-01,SUP-017,Supplier 017,South Korea,APAC,0.89,PLT-07,Seoul Tech,South Korea,APAC,SMB,Singapore,OTIF_ERP,ERP Definition,Finance,1,2,0.0,0.0,0.0,100.0,0.0,2,100.0,CHAINTRUTH
2026-07-01,SUP-017,Supplier 017,South Korea,APAC,0.89,PLT-08,Taipei Micro,Taiwan,APAC,SMB,UK,OTIF_ERP,ERP Definition,Finance,1,2,0.0,0.0,50.0,100.0,50.0,2,100.0,CHAINTRUTH
2026-07-01,SUP-017,Supplier 017,South Korea,APAC,0.89,PLT-07,Seoul Tech,South Korea,APAC,SMB,France,OTIF_ERP,ERP Definition,Finance,1,1,0.0,0.0,0.0,100.0,100.0,1,100.0,CHAINTRUTH
2026-07-01,SUP-017,Supplier 017,South Korea,APAC,0.89,PLT-05,Monterrey Plant,Mexico,LATAM,Government,France,OTIF_ERP,ERP Definition,Finance,1,1,0.0,0.0,0.0,100.0,0.0,1,100.0,CHAINTRUTH
2026-07-01,SUP-018,Supplier 018,Taiwan,APAC,0.75,PLT-09,Hanoi Assembly,Vietnam,APAC,Enterprise,Japan,OTIF_ERP,ERP Definition,Finance,1,2,0.0,0.0,50.0,100.0,50.0,2,100.0,CHAINTRUTH
2026-07-01,SUP-018,Supplier 018,Taiwan,APAC,0.75,PLT-06,Sao Paulo Ops,Brazil,LATAM,SMB,Singapore,OTIF_ERP,ERP Definition,Finance,1,1,0.0,0.0,100.0,100.0,100.0,1,100.0,CHAINTRUTH
2026-07-01,SUP-018,Supplier 018,Taiwan,APAC,0.75,PLT-06,Sao Paulo Ops,Brazil,LATAM,SMB,Germany,OTIF_ERP,ERP Definition,Finance,1,2,0.0,0.0,50.0,50.0,50.0,2,100.0,CHAINTRUTH
2026-07-01,SUP-019,Supplier 019,Vietnam,APAC,0.57,PLT-03,Tokyo Precision,Japan,APAC,SMB,Germany,OTIF_ERP,ERP Definition,Finance,1,1,0.0,0.0,0.0,100.0,100.0,1,100.0,CHAINTRUTH
2026-07-01,SUP-019,Supplier 019,Vietnam,APAC,0.57,PLT-06,Sao Paulo Ops,Brazil,LATAM,SMB,Canada,OTIF_ERP,ERP Definition,Finance,1,1,0.0,0.0,100.0,100.0,100.0,1,100.0,CHAINTRUTH
2026-07-01,SUP-019,Supplier 019,Vietnam,APAC,0.57,PLT-00,Shanghai Hub,China,APAC,SMB,UK,OTIF_ERP,ERP Definition,Finance,1,2,0.0,0.0,0.0,50.0,0.0,1,50.0,CHAINTRUTH
2026-07-01,SUP-019,Supplier 019,Vietnam,APAC,0.57,PLT-03,Tokyo Precision,Japan,APAC,Government,USA,OTIF_ERP,ERP Definition,Finance,1,1,0.0,0.0,100.0,100.0,100.0,1,100.0,CHAINTRUTH
2026-07-01,SUP-019,Supplier 019,Vietnam,APAC,0.57,PLT-07,Seoul Tech,South Korea,APAC,Enterprise,USA,OTIF_ERP,ERP Definition,Finance,1,2,0.0,0.0,0.0,100.0,0.0,2,100.0,CHAINTRUTH
2026-07-01,SUP-020,Supplier 020,China,APAC,0.6,PLT-01,Munich Center,Germany,EMEA,Government,USA,OTIF_ERP,ERP Definition,Finance,1,2,0.0,0.0,0.0,100.0,50.0,2,100.0,CHAINTRUTH
2026-07-01,SUP-020,Supplier 020,China,APAC,0.6,PLT-00,Shanghai Hub,China,APAC,Government,Canada,OTIF_ERP,ERP Definition,Finance,1,2,0.0,0.0,0.0,100.0,0.0,2,100.0,CHAINTRUTH
2026-07-01,SUP-020,Supplier 020,China,APAC,0.6,PLT-09,Hanoi Assembly,Vietnam,APAC,SMB,UK,OTIF_ERP,ERP Definition,Finance,1,1,0.0,0.0,100.0,100.0,100.0,1,100.0,CHAINTRUTH
2026-07-01,SUP-021,Supplier 021,Germany,EMEA,0.75,PLT-04,Chennai Forge,India,APAC,SMB,Singapore,OTIF_ERP,ERP Definition,Finance,1,1,0.0,0.0,100.0,100.0,100.0,1,100.0,CHAINTRUTH
2026-07-01,SUP-021,Supplier 021,Germany,EMEA,0.75,PLT-07,Seoul Tech,South Korea,APAC,SMB,Singapore,OTIF_ERP,ERP Definition,Finance,1,1,0.0,0.0,100.0,100.0,0.0,1,100.0,CHAINTRUTH
2026-07-01,SUP-021,Supplier 021,Germany,EMEA,0.75,PLT-06,Sao Paulo Ops,Brazil,LATAM,Enterprise,USA,OTIF_ERP,ERP Definition,Finance,1,1,0.0,0.0,0.0,100.0,100.0,1,100.0,CHAINTRUTH
2026-07-01,SUP-022,Supplier 022,USA,NA,0.8,PLT-00,Shanghai Hub,China,APAC,SMB,Australia,OTIF_ERP,ERP Definition,Finance,1,1,0.0,0.0,100.0,100.0,100.0,1,100.0,CHAINTRUTH
2026-07-01,SUP-022,Supplier 022,USA,NA,0.8,PLT-01,Munich Center,Germany,EMEA,Government,Germany,OTIF_ERP,ERP Definition,Finance,2,3,0.0,33.33,66.67,100.0,33.33,2,66.67,CHAINTRUTH
2026-07-01,SUP-022,Supplier 022,USA,NA,0.8,PLT-08,Taipei Micro,Taiwan,APAC,Enterprise,Germany,OTIF_ERP,ERP Definition,Finance,1,2,0.0,0.0,50.0,100.0,50.0,2,100.0,CHAINTRUTH
2026-07-01,SUP-022,Supplier 022,USA,NA,0.8,PLT-00,Shanghai Hub,China,APAC,Enterprise,Canada,OTIF_ERP,ERP Definition,Finance,1,1,0.0,100.0,100.0,100.0,0.0,0,0.0,CHAINTRUTH
2026-07-01,SUP-023,Supplier 023,Japan,APAC,0.98,PLT-05,Monterrey Plant,Mexico,LATAM,Government,USA,OTIF_ERP,ERP Definition,Finance,1,1,0.0,0.0,100.0,100.0,100.0,1,100.0,CHAINTRUTH
2026-07-01,SUP-023,Supplier 023,Japan,APAC,0.98,PLT-09,Hanoi Assembly,Vietnam,APAC,Government,Australia,OTIF_ERP,ERP Definition,Finance,1,1,0.0,0.0,0.0,100.0,0.0,1,100.0,CHAINTRUTH
2026-07-01,SUP-023,Supplier 023,Japan,APAC,0.98,PLT-00,Shanghai Hub,China,APAC,SMB,UK,OTIF_ERP,ERP Definition,Finance,1,1,0.0,0.0,0.0,100.0,100.0,1,100.0,CHAINTRUTH
2026-07-01,SUP-023,Supplier 023,Japan,APAC,0.98,PLT-00,Shanghai Hub,China,APAC,Enterprise,Germany,OTIF_ERP,ERP Definition,Finance,1,2,0.0,0.0,100.0,100.0,50.0,2,100.0,CHAINTRUTH
2026-07-01,SUP-024,Supplier 024,India,APAC,0.89,PLT-03,Tokyo Precision,Japan,APAC,Government,France,OTIF_ERP,ERP Definition,Finance,1,2,0.0,0.0,50.0,100.0,50.0,2,100.0,CHAINTRUTH
2026-07-01,SUP-024,Supplier 024,India,APAC,0.89,PLT-09,Hanoi Assembly,Vietnam,APAC,SMB,Australia,OTIF_ERP,ERP Definition,Finance,1,2,0.0,0.0,50.0,100.0,50.0,2,100.0,CHAINTRUTH
2026-07-01,SUP-024,Supplier 024,India,APAC,0.89,PLT-05,Monterrey Plant,Mexico,LATAM,SMB,Japan,OTIF_ERP,ERP Definition,Finance,1,1,0.0,0.0,0.0,100.0,100.0,1,100.0,CHAINTRUTH
2026-07-01,SUP-024,Supplier 024,India,APAC,0.89,PLT-00,Shanghai Hub,China,APAC,Government,USA,OTIF_ERP,ERP Definition,Finance,1,1,0.0,0.0,0.0,100.0,100.0,1,100.0,CHAINTRUTH
2026-07-01,SUP-024,Supplier 024,India,APAC,0.89,PLT-08,Taipei Micro,Taiwan,APAC,Government,Japan,OTIF_ERP,ERP Definition,Finance,1,1,0.0,0.0,100.0,100.0,0.0,1,100.0,CHAINTRUTH
2026-07-01,SUP-024,Supplier 024,India,APAC,0.89,PLT-06,Sao Paulo Ops,Brazil,LATAM,Government,Singapore,OTIF_ERP,ERP Definition,Finance,1,1,0.0,0.0,0.0,100.0,100.0,1,100.0,CHAINTRUTH
2026-07-01,SUP-024,Supplier 024,India,APAC,0.89,PLT-05,Monterrey Plant,Mexico,LATAM,SMB,Canada,OTIF_ERP,ERP Definition,Finance,1,1,0.0,0.0,0.0,100.0,100.0,1,100.0,CHAINTRUTH
2026-07-01,SUP-024,Supplier 024,India,APAC,0.89,PLT-07,Seoul Tech,South Korea,APAC,Enterprise,Canada,OTIF_ERP,ERP Definition,Finance,1,1,0.0,0.0,100.0,100.0,100.0,1,100.0,CHAINTRUTH
2026-07-01,SUP-025,Supplier 025,Mexico,LATAM,0.71,PLT-05,Monterrey Plant,Mexico,LATAM,Enterprise,Germany,OTIF_ERP,ERP Definition,Finance,1,1,0.0,0.0,100.0,100.0,100.0,1,100.0,CHAINTRUTH
2026-07-01,SUP-025,Supplier 025,Mexico,LATAM,0.71,PLT-04,Chennai Forge,India,APAC,Government,Germany,OTIF_ERP,ERP Definition,Finance,1,1,0.0,0.0,100.0,100.0,100.0,1,100.0,CHAINTRUTH
2026-07-01,SUP-025,Supplier 025,Mexico,LATAM,0.71,PLT-05,Monterrey Plant,Mexico,LATAM,SMB,UK,OTIF_ERP,ERP Definition,Finance,1,2,0.0,0.0,0.0,100.0,50.0,2,100.0,CHAINTRUTH
2026-07-01,SUP-025,Supplier 025,Mexico,LATAM,0.71,PLT-03,Tokyo Precision,Japan,APAC,Government,Japan,OTIF_ERP,ERP Definition,Finance,1,1,0.0,0.0,0.0,100.0,0.0,1,100.0,CHAINTRUTH
2026-07-01,SUP-026,Supplier 026,Brazil,LATAM,0.73,PLT-05,Monterrey Plant,Mexico,LATAM,SMB,Australia,OTIF_ERP,ERP Definition,Finance,1,1,0.0,0.0,100.0,100.0,0.0,1,100.0,CHAINTRUTH
2026-07-01,SUP-026,Supplier 026,Brazil,LATAM,0.73,PLT-02,Detroit Works,USA,NA,SMB,France,OTIF_ERP,ERP Definition,Finance,1,2,50.0,50.0,50.0,100.0,50.0,1,50.0,CHAINTRUTH
2026-07-01,SUP-026,Supplier 026,Brazil,LATAM,0.73,PLT-02,Detroit Works,USA,NA,SMB,UK,OTIF_ERP,ERP Definition,Finance,1,2,50.0,50.0,0.0,100.0,50.0,2,100.0,CHAINTRUTH
2026-07-01,SUP-026,Supplier 026,Brazil,LATAM,0.73,PLT-01,Munich Center,Germany,EMEA,SMB,France,OTIF_ERP,ERP Definition,Finance,1,1,0.0,0.0,100.0,100.0,100.0,1,100.0,CHAINTRUTH
2026-07-01,SUP-026,Supplier 026,Brazil,LATAM,0.73,PLT-00,Shanghai Hub,China,APAC,SMB,Germany,OTIF_ERP,ERP Definition,Finance,1,1,0.0,0.0,100.0,100.0,0.0,1,100.0,CHAINTRUTH
2026-07-01,SUP-027,Supplier 027,South Korea,APAC,0.94,PLT-00,Shanghai Hub,China,APAC,Enterprise,Singapore,OTIF_ERP,ERP Definition,Finance,1,1,0.0,0.0,100.0,100.0,100.0,1,100.0,CHAINTRUTH
2026-07-01,SUP-027,Supplier 027,South Korea,APAC,0.94,PLT-08,Taipei Micro,Taiwan,APAC,Enterprise,Germany,OTIF_ERP,ERP Definition,Finance,1,1,0.0,0.0,0.0,100.0,100.0,1,100.0,CHAINTRUTH
2026-07-01,SUP-027,Supplier 027,South Korea,APAC,0.94,PLT-07,Seoul Tech,South Korea,APAC,Enterprise,USA,OTIF_ERP,ERP Definition,Finance,1,1,0.0,0.0,0.0,100.0,0.0,1,100.0,CHAINTRUTH
2026-07-01,SUP-027,Supplier 027,South Korea,APAC,0.94,PLT-00,Shanghai Hub,China,APAC,Government,UK,OTIF_ERP,ERP Definition,Finance,1,1,0.0,0.0,0.0,100.0,100.0,1,100.0,CHAINTRUTH
2026-07-01,SUP-027,Supplier 027,South Korea,APAC,0.94,PLT-05,Monterrey Plant,Mexico,LATAM,Government,Singapore,OTIF_ERP,ERP Definition,Finance,1,1,0.0,100.0,100.0,100.0,0.0,0,0.0,CHAINTRUTH
2026-07-01,SUP-027,Supplier 027,South Korea,APAC,0.94,PLT-03,Tokyo Precision,Japan,APAC,Government,Germany,OTIF_ERP,ERP Definition,Finance,1,2,0.0,0.0,100.0,100.0,50.0,2,100.0,CHAINTRUTH
2026-07-01,SUP-027,Supplier 027,South Korea,APAC,0.94,PLT-09,Hanoi Assembly,Vietnam,APAC,Enterprise,France,OTIF_ERP,ERP Definition,Finance,1,1,0.0,0.0,100.0,100.0,0.0,1,100.0,CHAINTRUTH
2026-07-01,SUP-028,Supplier 028,Taiwan,APAC,0.84,PLT-02,Detroit Works,USA,NA,SMB,Singapore,OTIF_ERP,ERP Definition,Finance,1,1,100.0,100.0,100.0,100.0,100.0,0,0.0,CHAINTRUTH
2026-07-01,SUP-028,Supplier 028,Taiwan,APAC,0.84,PLT-05,Monterrey Plant,Mexico,LATAM,Enterprise,Japan,OTIF_ERP,ERP Definition,Finance,1,2,0.0,100.0,50.0,100.0,0.0,1,50.0,CHAINTRUTH
2026-07-01,SUP-028,Supplier 028,Taiwan,APAC,0.84,PLT-00,Shanghai Hub,China,APAC,SMB,UK,OTIF_ERP,ERP Definition,Finance,1,1,0.0,0.0,0.0,100.0,100.0,1,100.0,CHAINTRUTH
2026-07-01,SUP-028,Supplier 028,Taiwan,APAC,0.84,PLT-00,Shanghai Hub,China,APAC,SMB,Singapore,OTIF_ERP,ERP Definition,Finance,1,1,0.0,0.0,0.0,100.0,100.0,1,100.0,CHAINTRUTH
2026-07-01,SUP-028,Supplier 028,Taiwan,APAC,0.84,PLT-07,Seoul Tech,South Korea,APAC,Enterprise,Japan,OTIF_ERP,ERP Definition,Finance,1,1,0.0,0.0,0.0,100.0,100.0,1,100.0,CHAINTRUTH
2026-07-01,SUP-028,Supplier 028,Taiwan,APAC,0.84,PLT-07,Seoul Tech,South Korea,APAC,Government,Japan,OTIF_ERP,ERP Definition,Finance,1,1,0.0,0.0,0.0,100.0,100.0,1,100.0,CHAINTRUTH
2026-07-01,SUP-029,Supplier 029,Vietnam,APAC,0.51,PLT-08,Taipei Micro,Taiwan,APAC,Enterprise,USA,OTIF_ERP,ERP Definition,Finance,1,1,0.0,0.0,0.0,100.0,0.0,1,100.0,CHAINTRUTH
2026-07-01,SUP-029,Supplier 029,Vietnam,APAC,0.51,PLT-02,Detroit Works,USA,NA,SMB,Germany,OTIF_ERP,ERP Definition,Finance,1,1,0.0,0.0,100.0,100.0,0.0,1,100.0,CHAINTRUTH
2026-07-01,SUP-029,Supplier 029,Vietnam,APAC,0.51,PLT-05,Monterrey Plant,Mexico,LATAM,SMB,Singapore,OTIF_ERP,ERP Definition,Finance,1,1,0.0,100.0,0.0,100.0,0.0,1,100.0,CHAINTRUTH
2026-07-01,SUP-029,Supplier 029,Vietnam,APAC,0.51,PLT-00,Shanghai Hub,China,APAC,Enterprise,USA,OTIF_ERP,ERP Definition,Finance,1,1,0.0,0.0,0.0,100.0,100.0,1,100.0,CHAINTRUTH
2026-07-01,SUP-029,Supplier 029,Vietnam,APAC,0.51,PLT-08,Taipei Micro,Taiwan,APAC,Enterprise,Canada,OTIF_ERP,ERP Definition,Finance,1,1,0.0,0.0,0.0,100.0,100.0,1,100.0,CHAINTRUTH
2026-07-01,SUP-030,Supplier 030,China,APAC,0.59,PLT-02,Detroit Works,USA,NA,SMB,France,OTIF_ERP,ERP Definition,Finance,1,2,0.0,0.0,0.0,100.0,50.0,2,100.0,CHAINTRUTH
2026-07-01,SUP-030,Supplier 030,China,APAC,0.59,PLT-09,Hanoi Assembly,Vietnam,APAC,Enterprise,Australia,OTIF_ERP,ERP Definition,Finance,1,2,0.0,0.0,0.0,100.0,0.0,2,100.0,CHAINTRUTH
2026-07-01,SUP-030,Supplier 030,China,APAC,0.59,PLT-05,Monterrey Plant,Mexico,LATAM,SMB,UK,OTIF_ERP,ERP Definition,Finance,1,1,0.0,0.0,0.0,100.0,0.0,1,100.0,CHAINTRUTH
2026-07-01,SUP-030,Supplier 030,China,APAC,0.59,PLT-07,Seoul Tech,South Korea,APAC,Government,Germany,OTIF_ERP,ERP Definition,Finance,1,1,0.0,0.0,0.0,100.0,0.0,1,100.0,CHAINTRUTH
2026-07-01,SUP-030,Supplier 030,China,APAC,0.59,PLT-03,Tokyo Precision,Japan,APAC,SMB,Canada,OTIF_ERP,ERP Definition,Finance,1,2,0.0,0.0,0.0,50.0,50.0,1,50.0,CHAINTRUTH
2026-07-01,SUP-030,Supplier 030,China,APAC,0.59,PLT-05,Monterrey Plant,Mexico,LATAM,Enterprise,USA,OTIF_ERP,ERP Definition,Finance,1,2,0.0,0.0,0.0,100.0,50.0,2,100.0,CHAINTRUTH
2026-07-01,SUP-031,Supplier 031,Germany,EMEA,0.92,PLT-02,Detroit Works,USA,NA,SMB,Canada,OTIF_ERP,ERP Definition,Finance,1,2,0.0,50.0,100.0,100.0,0.0,1,50.0,CHAINTRUTH
2026-07-01,SUP-031,Supplier 031,Germany,EMEA,0.92,PLT-01,Munich Center,Germany,EMEA,Enterprise,UK,OTIF_ERP,ERP Definition,Finance,1,2,0.0,50.0,50.0,100.0,0.0,2,100.0,CHAINTRUTH
2026-07-01,SUP-031,Supplier 031,Germany,EMEA,0.92,PLT-08,Taipei Micro,Taiwan,APAC,SMB,France,OTIF_ERP,ERP Definition,Finance,1,1,0.0,0.0,100.0,100.0,100.0,1,100.0,CHAINTRUTH
2026-07-01,SUP-031,Supplier 031,Germany,EMEA,0.92,PLT-09,Hanoi Assembly,Vietnam,APAC,SMB,Australia,OTIF_ERP,ERP Definition,Finance,1,1,0.0,0.0,100.0,100.0,100.0,1,100.0,CHAINTRUTH
2026-07-01,SUP-031,Supplier 031,Germany,EMEA,0.92,PLT-02,Detroit Works,USA,NA,Government,Germany,OTIF_ERP,ERP Definition,Finance,1,1,0.0,0.0,0.0,100.0,100.0,1,100.0,CHAINTRUTH
2026-07-01,SUP-031,Supplier 031,Germany,EMEA,0.92,PLT-08,Taipei Micro,Taiwan,APAC,Government,Singapore,OTIF_ERP,ERP Definition,Finance,1,1,0.0,0.0,0.0,100.0,0.0,1,100.0,CHAINTRUTH
2026-07-01,SUP-031,Supplier 031,Germany,EMEA,0.92,PLT-08,Taipei Micro,Taiwan,APAC,SMB,Singapore,OTIF_ERP,ERP Definition,Finance,1,1,0.0,100.0,100.0,100.0,0.0,0,0.0,CHAINTRUTH
2026-07-01,SUP-032,Supplier 032,USA,NA,0.78,PLT-08,Taipei Micro,Taiwan,APAC,Enterprise,Japan,OTIF_ERP,ERP Definition,Finance,1,2,0.0,0.0,100.0,100.0,50.0,2,100.0,CHAINTRUTH
2026-07-01,SUP-032,Supplier 032,USA,NA,0.78,PLT-01,Munich Center,Germany,EMEA,SMB,USA,OTIF_ERP,ERP Definition,Finance,1,2,0.0,50.0,100.0,100.0,0.0,1,50.0,CHAINTRUTH
2026-07-01,SUP-032,Supplier 032,USA,NA,0.78,PLT-07,Seoul Tech,South Korea,APAC,Government,Canada,OTIF_ERP,ERP Definition,Finance,1,1,0.0,0.0,0.0,100.0,100.0,1,100.0,CHAINTRUTH
2026-07-01,SUP-032,Supplier 032,USA,NA,0.78,PLT-02,Detroit Works,USA,NA,SMB,Singapore,OTIF_ERP,ERP Definition,Finance,1,1,0.0,0.0,0.0,100.0,100.0,1,100.0,CHAINTRUTH
2026-07-01,SUP-032,Supplier 032,USA,NA,0.78,PLT-02,Detroit Works,USA,NA,SMB,France,OTIF_ERP,ERP Definition,Finance,1,1,100.0,100.0,0.0,100.0,100.0,1,100.0,CHAINTRUTH
2026-07-01,SUP-032,Supplier 032,USA,NA,0.78,PLT-07,Seoul Tech,South Korea,APAC,Enterprise,Australia,OTIF_ERP,ERP Definition,Finance,1,1,0.0,0.0,0.0,100.0,100.0,1,100.0,CHAINTRUTH
2026-07-01,SUP-033,Supplier 033,Japan,APAC,0.5,PLT-00,Shanghai Hub,China,APAC,SMB,Singapore,OTIF_ERP,ERP Definition,Finance,1,1,0.0,0.0,0.0,100.0,100.0,1,100.0,CHAINTRUTH
2026-07-01,SUP-033,Supplier 033,Japan,APAC,0.5,PLT-06,Sao Paulo Ops,Brazil,LATAM,Government,Germany,OTIF_ERP,ERP Definition,Finance,1,2,0.0,0.0,50.0,100.0,50.0,2,100.0,CHAINTRUTH
2026-07-01,SUP-033,Supplier 033,Japan,APAC,0.5,PLT-03,Tokyo Precision,Japan,APAC,SMB,USA,OTIF_ERP,ERP Definition,Finance,1,1,0.0,0.0,100.0,100.0,100.0,1,100.0,CHAINTRUTH
2026-07-01,SUP-033,Supplier 033,Japan,APAC,0.5,PLT-09,Hanoi Assembly,Vietnam,APAC,SMB,UK,OTIF_ERP,ERP Definition,Finance,1,2,0.0,0.0,0.0,50.0,50.0,1,50.0,CHAINTRUTH
2026-07-01,SUP-033,Supplier 033,Japan,APAC,0.5,PLT-01,Munich Center,Germany,EMEA,SMB,Germany,OTIF_ERP,ERP Definition,Finance,1,1,0.0,0.0,0.0,100.0,100.0,1,100.0,CHAINTRUTH
2026-07-01,SUP-034,Supplier 034,India,APAC,0.95,PLT-07,Seoul Tech,South Korea,APAC,Government,Germany,OTIF_ERP,ERP Definition,Finance,1,2,0.0,0.0,0.0,100.0,0.0,2,100.0,CHAINTRUTH
2026-07-01,SUP-034,Supplier 034,India,APAC,0.95,PLT-09,Hanoi Assembly,Vietnam,APAC,SMB,UK,OTIF_ERP,ERP Definition,Finance,1,1,0.0,100.0,100.0,100.0,0.0,0,0.0,CHAINTRUTH
2026-07-01,SUP-034,Supplier 034,India,APAC,0.95,PLT-02,Detroit Works,USA,NA,SMB,Australia,OTIF_ERP,ERP Definition,Finance,1,1,0.0,100.0,100.0,100.0,0.0,0,0.0,CHAINTRUTH
2026-07-01,SUP-035,Supplier 035,Mexico,LATAM,0.77,PLT-04,Chennai Forge,India,APAC,SMB,Canada,OTIF_ERP,ERP Definition,Finance,1,1,0.0,0.0,0.0,100.0,100.0,1,100.0,CHAINTRUTH
2026-07-01,SUP-035,Supplier 035,Mexico,LATAM,0.77,PLT-01,Munich Center,Germany,EMEA,Enterprise,France,OTIF_ERP,ERP Definition,Finance,1,1,0.0,0.0,100.0,100.0,0.0,1,100.0,CHAINTRUTH
2026-07-01,SUP-035,Supplier 035,Mexico,LATAM,0.77,PLT-05,Monterrey Plant,Mexico,LATAM,SMB,Singapore,OTIF_ERP,ERP Definition,Finance,1,1,0.0,0.0,100.0,100.0,0.0,1,100.0,CHAINTRUTH
2026-07-01,SUP-035,Supplier 035,Mexico,LATAM,0.77,PLT-08,Taipei Micro,Taiwan,APAC,Enterprise,USA,OTIF_ERP,ERP Definition,Finance,1,1,0.0,0.0,0.0,100.0,100.0,1,100.0,CHAINTRUTH
2026-07-01,SUP-035,Supplier 035,Mexico,LATAM,0.77,PLT-01,Munich Center,Germany,EMEA,Government,Singapore,OTIF_ERP,ERP Definition,Finance,1,1,0.0,0.0,0.0,100.0,0.0,1,100.0,CHAINTRUTH
2026-07-01,SUP-035,Supplier 035,Mexico,LATAM,0.77,PLT-09,Hanoi Assembly,Vietnam,APAC,Government,Japan,OTIF_ERP,ERP Definition,Finance,1,1,0.0,0.0,100.0,100.0,100.0,1,100.0,CHAINTRUTH
2026-07-01,SUP-035,Supplier 035,Mexico,LATAM,0.77,PLT-06,Sao Paulo Ops,Brazil,LATAM,Enterprise,USA,OTIF_ERP,ERP Definition,Finance,1,1,0.0,0.0,100.0,100.0,100.0,1,100.0,CHAINTRUTH
2026-07-01,SUP-035,Supplier 035,Mexico,LATAM,0.77,PLT-03,Tokyo Precision,Japan,APAC,SMB,Canada,OTIF_ERP,ERP Definition,Finance,1,1,0.0,0.0,0.0,100.0,0.0,1,100.0,CHAINTRUTH
2026-07-01,SUP-036,Supplier 036,Brazil,LATAM,0.76,PLT-03,Tokyo Precision,Japan,APAC,SMB,Singapore,OTIF_ERP,ERP Definition,Finance,1,1,0.0,0.0,0.0,100.0,100.0,1,100.0,CHAINTRUTH
2026-07-01,SUP-036,Supplier 036,Brazil,LATAM,0.76,PLT-09,Hanoi Assembly,Vietnam,APAC,Government,Germany,OTIF_ERP,ERP Definition,Finance,1,1,0.0,0.0,0.0,100.0,100.0,1,100.0,CHAINTRUTH
2026-07-01,SUP-036,Supplier 036,Brazil,LATAM,0.76,PLT-05,Monterrey Plant,Mexico,LATAM,SMB,Australia,OTIF_ERP,ERP Definition,Finance,1,1,0.0,0.0,0.0,100.0,100.0,1,100.0,CHAINTRUTH
2026-07-01,SUP-036,Supplier 036,Brazil,LATAM,0.76,PLT-08,Taipei Micro,Taiwan,APAC,Government,Singapore,OTIF_ERP,ERP Definition,Finance,1,2,0.0,0.0,0.0,100.0,50.0,2,100.0,CHAINTRUTH
2026-07-01,SUP-036,Supplier 036,Brazil,LATAM,0.76,PLT-07,Seoul Tech,South Korea,APAC,SMB,France,OTIF_ERP,ERP Definition,Finance,1,1,0.0,0.0,0.0,100.0,100.0,1,100.0,CHAINTRUTH
2026-07-01,SUP-036,Supplier 036,Brazil,LATAM,0.76,PLT-07,Seoul Tech,South Korea,APAC,Government,France,OTIF_ERP,ERP Definition,Finance,1,2,0.0,0.0,50.0,100.0,0.0,2,100.0,CHAINTRUTH
2026-07-01,SUP-037,Supplier 037,South Korea,APAC,0.7,PLT-04,Chennai Forge,India,APAC,Enterprise,Germany,OTIF_ERP,ERP Definition,Finance,1,1,0.0,0.0,0.0,100.0,0.0,1,100.0,CHAINTRUTH
2026-07-01,SUP-037,Supplier 037,South Korea,APAC,0.7,PLT-07,Seoul Tech,South Korea,APAC,SMB,Canada,OTIF_ERP,ERP Definition,Finance,1,1,0.0,0.0,100.0,100.0,0.0,1,100.0,CHAINTRUTH
2026-07-01,SUP-037,Supplier 037,South Korea,APAC,0.7,PLT-09,Hanoi Assembly,Vietnam,APAC,Enterprise,Australia,OTIF_ERP,ERP Definition,Finance,1,1,0.0,0.0,0.0,100.0,100.0,1,100.0,CHAINTRUTH
2026-07-01,SUP-037,Supplier 037,South Korea,APAC,0.7,PLT-04,Chennai Forge,India,APAC,SMB,France,OTIF_ERP,ERP Definition,Finance,1,1,0.0,0.0,0.0,100.0,0.0,1,100.0,CHAINTRUTH
2026-07-01,SUP-037,Supplier 037,South Korea,APAC,0.7,PLT-04,Chennai Forge,India,APAC,SMB,Germany,OTIF_ERP,ERP Definition,Finance,1,1,0.0,0.0,0.0,100.0,100.0,1,100.0,CHAINTRUTH
2026-07-01,SUP-037,Supplier 037,South Korea,APAC,0.7,PLT-05,Monterrey Plant,Mexico,LATAM,SMB,USA,OTIF_ERP,ERP Definition,Finance,1,1,0.0,0.0,0.0,100.0,100.0,1,100.0,CHAINTRUTH
2026-07-01,SUP-038,Supplier 038,Taiwan,APAC,0.95,PLT-00,Shanghai Hub,China,APAC,Government,Germany,OTIF_ERP,ERP Definition,Finance,1,1,0.0,0.0,0.0,100.0,100.0,1,100.0,CHAINTRUTH
2026-07-01,SUP-038,Supplier 038,Taiwan,APAC,0.95,PLT-04,Chennai Forge,India,APAC,SMB,Singapore,OTIF_ERP,ERP Definition,Finance,1,1,0.0,0.0,0.0,100.0,100.0,1,100.0,CHAINTRUTH
2026-07-01,SUP-038,Supplier 038,Taiwan,APAC,0.95,PLT-06,Sao Paulo Ops,Brazil,LATAM,Enterprise,Australia,OTIF_ERP,ERP Definition,Finance,1,1,0.0,0.0,0.0,100.0,100.0,1,100.0,CHAINTRUTH
2026-07-01,SUP-038,Supplier 038,Taiwan,APAC,0.95,PLT-07,Seoul Tech,South Korea,APAC,Enterprise,Canada,OTIF_ERP,ERP Definition,Finance,1,2,50.0,50.0,50.0,100.0,50.0,1,50.0,CHAINTRUTH
2026-07-01,SUP-038,Supplier 038,Taiwan,APAC,0.95,PLT-00,Shanghai Hub,China,APAC,Enterprise,Japan,OTIF_ERP,ERP Definition,Finance,1,1,0.0,100.0,100.0,100.0,0.0,0,0.0,CHAINTRUTH
2026-07-01,SUP-038,Supplier 038,Taiwan,APAC,0.95,PLT-06,Sao Paulo Ops,Brazil,LATAM,Government,Singapore,OTIF_ERP,ERP Definition,Finance,1,1,0.0,100.0,100.0,100.0,0.0,0,0.0,CHAINTRUTH
2026-07-01,SUP-038,Supplier 038,Taiwan,APAC,0.95,PLT-00,Shanghai Hub,China,APAC,Government,USA,OTIF_ERP,ERP Definition,Finance,1,1,0.0,0.0,100.0,100.0,100.0,1,100.0,CHAINTRUTH
2026-07-01,SUP-038,Supplier 038,Taiwan,APAC,0.95,PLT-02,Detroit Works,USA,NA,SMB,Singapore,OTIF_ERP,ERP Definition,Finance,1,1,0.0,0.0,0.0,100.0,100.0,1,100.0,CHAINTRUTH
2026-07-01,SUP-038,Supplier 038,Taiwan,APAC,0.95,PLT-01,Munich Center,Germany,EMEA,Enterprise,Singapore,OTIF_ERP,ERP Definition,Finance,1,1,0.0,0.0,100.0,100.0,100.0,1,100.0,CHAINTRUTH
2026-07-01,SUP-039,Supplier 039,Vietnam,APAC,0.68,PLT-02,Detroit Works,USA,NA,SMB,Australia,OTIF_ERP,ERP Definition,Finance,1,1,0.0,0.0,0.0,100.0,100.0,1,100.0,CHAINTRUTH
2026-07-01,SUP-039,Supplier 039,Vietnam,APAC,0.68,PLT-00,Shanghai Hub,China,APAC,Government,Japan,OTIF_ERP,ERP Definition,Finance,1,1,0.0,0.0,100.0,100.0,100.0,1,100.0,CHAINTRUTH
2026-07-01,SUP-040,Supplier 040,China,APAC,0.96,PLT-00,Shanghai Hub,China,APAC,SMB,UK,OTIF_ERP,ERP Definition,Finance,1,1,0.0,0.0,0.0,100.0,100.0,1,100.0,CHAINTRUTH
2026-07-01,SUP-040,Supplier 040,China,APAC,0.96,PLT-06,Sao Paulo Ops,Brazil,LATAM,SMB,Australia,OTIF_ERP,ERP Definition,Finance,1,1,0.0,0.0,0.0,100.0,100.0,1,100.0,CHAINTRUTH
2026-07-01,SUP-040,Supplier 040,China,APAC,0.96,PLT-07,Seoul Tech,South Korea,APAC,SMB,France,OTIF_ERP,ERP Definition,Finance,1,1,0.0,100.0,100.0,100.0,0.0,0,0.0,CHAINTRUTH
2026-07-01,SUP-040,Supplier 040,China,APAC,0.96,PLT-03,Tokyo Precision,Japan,APAC,SMB,Canada,OTIF_ERP,ERP Definition,Finance,1,2,0.0,0.0,50.0,100.0,50.0,2,100.0,CHAINTRUTH
2026-07-01,SUP-040,Supplier 040,China,APAC,0.96,PLT-02,Detroit Works,USA,NA,SMB,Germany,OTIF_ERP,ERP Definition,Finance,1,1,0.0,100.0,0.0,100.0,0.0,1,100.0,CHAINTRUTH
2026-07-01,SUP-040,Supplier 040,China,APAC,0.96,PLT-01,Munich Center,Germany,EMEA,SMB,Germany,OTIF_ERP,ERP Definition,Finance,1,1,100.0,100.0,100.0,100.0,100.0,0,0.0,CHAINTRUTH
2026-07-01,SUP-041,Supplier 041,Germany,EMEA,0.64,PLT-00,Shanghai Hub,China,APAC,Enterprise,Canada,OTIF_ERP,ERP Definition,Finance,1,1,0.0,0.0,0.0,100.0,100.0,1,100.0,CHAINTRUTH
2026-07-01,SUP-041,Supplier 041,Germany,EMEA,0.64,PLT-01,Munich Center,Germany,EMEA,SMB,Canada,OTIF_ERP,ERP Definition,Finance,1,1,0.0,0.0,100.0,100.0,100.0,1,100.0,CHAINTRUTH
2026-07-01,SUP-041,Supplier 041,Germany,EMEA,0.64,PLT-01,Munich Center,Germany,EMEA,SMB,UK,OTIF_ERP,ERP Definition,Finance,1,1,0.0,0.0,100.0,100.0,0.0,1,100.0,CHAINTRUTH
2026-07-01,SUP-041,Supplier 041,Germany,EMEA,0.64,PLT-04,Chennai Forge,India,APAC,SMB,Germany,OTIF_ERP,ERP Definition,Finance,1,1,0.0,0.0,100.0,100.0,100.0,1,100.0,CHAINTRUTH
2026-07-01,SUP-041,Supplier 041,Germany,EMEA,0.64,PLT-00,Shanghai Hub,China,APAC,SMB,USA,OTIF_ERP,ERP Definition,Finance,1,2,0.0,0.0,0.0,100.0,50.0,2,100.0,CHAINTRUTH
2026-07-01,SUP-041,Supplier 041,Germany,EMEA,0.64,PLT-03,Tokyo Precision,Japan,APAC,SMB,Singapore,OTIF_ERP,ERP Definition,Finance,1,2,0.0,0.0,50.0,100.0,50.0,2,100.0,CHAINTRUTH
2026-07-01,SUP-041,Supplier 041,Germany,EMEA,0.64,PLT-01,Munich Center,Germany,EMEA,Government,UK,OTIF_ERP,ERP Definition,Finance,1,1,0.0,0.0,0.0,100.0,100.0,1,100.0,CHAINTRUTH
2026-07-01,SUP-041,Supplier 041,Germany,EMEA,0.64,PLT-09,Hanoi Assembly,Vietnam,APAC,Government,Japan,OTIF_ERP,ERP Definition,Finance,1,2,0.0,0.0,0.0,100.0,50.0,2,100.0,CHAINTRUTH
2026-07-01,SUP-041,Supplier 041,Germany,EMEA,0.64,PLT-06,Sao Paulo Ops,Brazil,LATAM,Enterprise,Canada,OTIF_ERP,ERP Definition,Finance,1,1,0.0,0.0,0.0,100.0,100.0,1,100.0,CHAINTRUTH
2026-07-01,SUP-042,Supplier 042,USA,NA,0.91,PLT-09,Hanoi Assembly,Vietnam,APAC,SMB,Singapore,OTIF_ERP,ERP Definition,Finance,1,1,0.0,0.0,0.0,100.0,0.0,1,100.0,CHAINTRUTH
2026-07-01,SUP-042,Supplier 042,USA,NA,0.91,PLT-06,Sao Paulo Ops,Brazil,LATAM,Enterprise,Australia,OTIF_ERP,ERP Definition,Finance,1,1,100.0,100.0,100.0,100.0,100.0,0,0.0,CHAINTRUTH
2026-07-01,SUP-042,Supplier 042,USA,NA,0.91,PLT-09,Hanoi Assembly,Vietnam,APAC,SMB,Canada,OTIF_ERP,ERP Definition,Finance,1,2,0.0,0.0,50.0,100.0,50.0,2,100.0,CHAINTRUTH
2026-07-01,SUP-043,Supplier 043,Japan,APAC,0.98,PLT-01,Munich Center,Germany,EMEA,Enterprise,USA,OTIF_ERP,ERP Definition,Finance,1,1,0.0,0.0,0.0,100.0,100.0,1,100.0,CHAINTRUTH
2026-07-01,SUP-043,Supplier 043,Japan,APAC,0.98,PLT-04,Chennai Forge,India,APAC,SMB,Singapore,OTIF_ERP,ERP Definition,Finance,1,1,0.0,0.0,0.0,100.0,100.0,1,100.0,CHAINTRUTH
2026-07-01,SUP-043,Supplier 043,Japan,APAC,0.98,PLT-06,Sao Paulo Ops,Brazil,LATAM,Government,Germany,OTIF_ERP,ERP Definition,Finance,1,2,0.0,0.0,100.0,100.0,50.0,2,100.0,CHAINTRUTH
2026-07-01,SUP-044,Supplier 044,India,APAC,0.55,PLT-01,Munich Center,Germany,EMEA,SMB,UK,OTIF_ERP,ERP Definition,Finance,1,2,0.0,0.0,50.0,100.0,0.0,2,100.0,CHAINTRUTH
2026-07-01,SUP-044,Supplier 044,India,APAC,0.55,PLT-07,Seoul Tech,South Korea,APAC,SMB,Canada,OTIF_ERP,ERP Definition,Finance,1,2,0.0,0.0,0.0,100.0,0.0,2,100.0,CHAINTRUTH
2026-07-01,SUP-044,Supplier 044,India,APAC,0.55,PLT-06,Sao Paulo Ops,Brazil,LATAM,Enterprise,USA,OTIF_ERP,ERP Definition,Finance,1,1,0.0,0.0,0.0,100.0,0.0,1,100.0,CHAINTRUTH
2026-07-01,SUP-044,Supplier 044,India,APAC,0.55,PLT-06,Sao Paulo Ops,Brazil,LATAM,SMB,UK,OTIF_ERP,ERP Definition,Finance,1,2,0.0,0.0,50.0,100.0,50.0,2,100.0,CHAINTRUTH
2026-07-01,SUP-044,Supplier 044,India,APAC,0.55,PLT-02,Detroit Works,USA,NA,SMB,Australia,OTIF_ERP,ERP Definition,Finance,1,1,0.0,100.0,0.0,100.0,0.0,1,100.0,CHAINTRUTH
2026-07-01,SUP-044,Supplier 044,India,APAC,0.55,PLT-06,Sao Paulo Ops,Brazil,LATAM,Government,Canada,OTIF_ERP,ERP Definition,Finance,1,1,0.0,0.0,0.0,100.0,100.0,1,100.0,CHAINTRUTH
2026-07-01,SUP-044,Supplier 044,India,APAC,0.55,PLT-05,Monterrey Plant,Mexico,LATAM,SMB,Germany,OTIF_ERP,ERP Definition,Finance,1,1,0.0,0.0,0.0,100.0,0.0,1,100.0,CHAINTRUTH
2026-07-01,SUP-044,Supplier 044,India,APAC,0.55,PLT-07,Seoul Tech,South Korea,APAC,Government,Germany,OTIF_ERP,ERP Definition,Finance,1,1,0.0,0.0,0.0,100.0,0.0,1,100.0,CHAINTRUTH
2026-07-01,SUP-044,Supplier 044,India,APAC,0.55,PLT-07,Seoul Tech,South Korea,APAC,Enterprise,UK,OTIF_ERP,ERP Definition,Finance,1,1,0.0,0.0,0.0,100.0,100.0,1,100.0,CHAINTRUTH
2026-07-01,SUP-045,Supplier 045,Mexico,LATAM,0.92,PLT-00,Shanghai Hub,China,APAC,SMB,Germany,OTIF_ERP,ERP Definition,Finance,1,1,0.0,0.0,0.0,100.0,0.0,1,100.0,CHAINTRUTH
2026-07-01,SUP-045,Supplier 045,Mexico,LATAM,0.92,PLT-02,Detroit Works,USA,NA,SMB,USA,OTIF_ERP,ERP Definition,Finance,1,1,100.0,100.0,100.0,100.0,100.0,0,0.0,CHAINTRUTH
2026-07-01,SUP-046,Supplier 046,Brazil,LATAM,0.96,PLT-01,Munich Center,Germany,EMEA,Enterprise,Japan,OTIF_ERP,ERP Definition,Finance,1,1,0.0,100.0,100.0,100.0,0.0,0,0.0,CHAINTRUTH
2026-07-01,SUP-046,Supplier 046,Brazil,LATAM,0.96,PLT-09,Hanoi Assembly,Vietnam,APAC,SMB,Australia,OTIF_ERP,ERP Definition,Finance,1,1,0.0,0.0,100.0,100.0,100.0,1,100.0,CHAINTRUTH
2026-07-01,SUP-046,Supplier 046,Brazil,LATAM,0.96,PLT-03,Tokyo Precision,Japan,APAC,Enterprise,Japan,OTIF_ERP,ERP Definition,Finance,1,1,0.0,0.0,100.0,100.0,0.0,1,100.0,CHAINTRUTH
2026-07-01,SUP-046,Supplier 046,Brazil,LATAM,0.96,PLT-05,Monterrey Plant,Mexico,LATAM,Government,Canada,OTIF_ERP,ERP Definition,Finance,1,2,0.0,0.0,0.0,100.0,50.0,2,100.0,CHAINTRUTH
2026-07-01,SUP-046,Supplier 046,Brazil,LATAM,0.96,PLT-06,Sao Paulo Ops,Brazil,LATAM,Enterprise,USA,OTIF_ERP,ERP Definition,Finance,1,2,50.0,50.0,100.0,100.0,50.0,1,50.0,CHAINTRUTH
2026-07-01,SUP-046,Supplier 046,Brazil,LATAM,0.96,PLT-08,Taipei Micro,Taiwan,APAC,Enterprise,USA,OTIF_ERP,ERP Definition,Finance,1,1,0.0,0.0,100.0,100.0,100.0,1,100.0,CHAINTRUTH
2026-07-01,SUP-046,Supplier 046,Brazil,LATAM,0.96,PLT-03,Tokyo Precision,Japan,APAC,Enterprise,UK,OTIF_ERP,ERP Definition,Finance,1,1,0.0,0.0,0.0,100.0,100.0,1,100.0,CHAINTRUTH
2026-07-01,SUP-047,Supplier 047,South Korea,APAC,0.59,PLT-09,Hanoi Assembly,Vietnam,APAC,SMB,Australia,OTIF_ERP,ERP Definition,Finance,1,1,0.0,0.0,100.0,100.0,100.0,1,100.0,CHAINTRUTH
2026-07-01,SUP-047,Supplier 047,South Korea,APAC,0.59,PLT-01,Munich Center,Germany,EMEA,Enterprise,Germany,OTIF_ERP,ERP Definition,Finance,1,1,0.0,0.0,0.0,100.0,0.0,1,100.0,CHAINTRUTH
2026-07-01,SUP-047,Supplier 047,South Korea,APAC,0.59,PLT-02,Detroit Works,USA,NA,Enterprise,Canada,OTIF_ERP,ERP Definition,Finance,1,2,0.0,0.0,50.0,100.0,50.0,2,100.0,CHAINTRUTH
2026-07-01,SUP-047,Supplier 047,South Korea,APAC,0.59,PLT-07,Seoul Tech,South Korea,APAC,Government,USA,OTIF_ERP,ERP Definition,Finance,1,1,100.0,100.0,100.0,100.0,100.0,0,0.0,CHAINTRUTH
2026-07-01,SUP-047,Supplier 047,South Korea,APAC,0.59,PLT-05,Monterrey Plant,Mexico,LATAM,Government,USA,OTIF_ERP,ERP Definition,Finance,1,1,0.0,0.0,0.0,100.0,100.0,1,100.0,CHAINTRUTH
2026-07-01,SUP-047,Supplier 047,South Korea,APAC,0.59,PLT-08,Taipei Micro,Taiwan,APAC,Government,Singapore,OTIF_ERP,ERP Definition,Finance,1,1,100.0,100.0,100.0,100.0,100.0,0,0.0,CHAINTRUTH
2026-07-01,SUP-048,Supplier 048,Taiwan,APAC,0.54,PLT-03,Tokyo Precision,Japan,APAC,Government,Germany,OTIF_ERP,ERP Definition,Finance,1,1,0.0,0.0,0.0,100.0,100.0,1,100.0,CHAINTRUTH
2026-07-01,SUP-048,Supplier 048,Taiwan,APAC,0.54,PLT-07,Seoul Tech,South Korea,APAC,SMB,Australia,OTIF_ERP,ERP Definition,Finance,1,1,0.0,0.0,0.0,100.0,100.0,1,100.0,CHAINTRUTH
2026-07-01,SUP-048,Supplier 048,Taiwan,APAC,0.54,PLT-07,Seoul Tech,South Korea,APAC,Enterprise,Japan,OTIF_ERP,ERP Definition,Finance,1,1,0.0,0.0,100.0,100.0,0.0,1,100.0,CHAINTRUTH
2026-07-01,SUP-049,Supplier 049,Vietnam,APAC,0.75,PLT-09,Hanoi Assembly,Vietnam,APAC,Enterprise,UK,OTIF_ERP,ERP Definition,Finance,1,1,0.0,0.0,0.0,100.0,0.0,1,100.0,CHAINTRUTH
2026-07-01,SUP-049,Supplier 049,Vietnam,APAC,0.75,PLT-08,Taipei Micro,Taiwan,APAC,Enterprise,Germany,OTIF_ERP,ERP Definition,Finance,1,2,0.0,0.0,0.0,100.0,50.0,2,100.0,CHAINTRUTH
2026-07-01,SUP-049,Supplier 049,Vietnam,APAC,0.75,PLT-04,Chennai Forge,India,APAC,SMB,Japan,OTIF_ERP,ERP Definition,Finance,2,2,0.0,0.0,0.0,100.0,50.0,2,100.0,CHAINTRUTH
2026-07-01,SUP-049,Supplier 049,Vietnam,APAC,0.75,PLT-04,Chennai Forge,India,APAC,SMB,Germany,OTIF_ERP,ERP Definition,Finance,1,1,0.0,0.0,0.0,100.0,100.0,1,100.0,CHAINTRUTH
2026-07-01,SUP-049,Supplier 049,Vietnam,APAC,0.75,PLT-05,Monterrey Plant,Mexico,LATAM,Government,Germany,OTIF_ERP,ERP Definition,Finance,1,2,0.0,50.0,0.0,100.0,0.0,2,100.0,CHAINTRUTH
2026-08-01,SUP-000,Supplier 000,China,APAC,0.85,PLT-00,Shanghai Hub,China,APAC,Enterprise,France,OTIF_ERP,ERP Definition,Finance,1,1,0.0,0.0,100.0,100.0,100.0,1,100.0,CHAINTRUTH
2026-08-01,SUP-000,Supplier 000,China,APAC,0.85,PLT-02,Detroit Works,USA,NA,SMB,Canada,OTIF_ERP,ERP Definition,Finance,1,1,100.0,100.0,100.0,100.0,100.0,0,0.0,CHAINTRUTH
2026-08-01,SUP-000,Supplier 000,China,APAC,0.85,PLT-07,Seoul Tech,South Korea,APAC,Enterprise,Germany,OTIF_ERP,ERP Definition,Finance,1,1,0.0,0.0,100.0,100.0,100.0,1,100.0,CHAINTRUTH
2026-08-01,SUP-000,Supplier 000,China,APAC,0.85,PLT-05,Monterrey Plant,Mexico,LATAM,Government,Germany,OTIF_ERP,ERP Definition,Finance,1,2,0.0,0.0,50.0,100.0,50.0,2,100.0,CHAINTRUTH
2026-08-01,SUP-000,Supplier 000,China,APAC,0.85,PLT-09,Hanoi Assembly,Vietnam,APAC,SMB,Australia,OTIF_ERP,ERP Definition,Finance,1,2,50.0,50.0,100.0,100.0,50.0,1,50.0,CHAINTRUTH
2026-08-01,SUP-000,Supplier 000,China,APAC,0.85,PLT-06,Sao Paulo Ops,Brazil,LATAM,SMB,France,OTIF_ERP,ERP Definition,Finance,1,1,0.0,0.0,0.0,100.0,100.0,1,100.0,CHAINTRUTH
2026-08-01,SUP-001,Supplier 001,Germany,EMEA,0.7,PLT-05,Monterrey Plant,Mexico,LATAM,SMB,Australia,OTIF_ERP,ERP Definition,Finance,1,2,50.0,50.0,100.0,100.0,50.0,1,50.0,CHAINTRUTH
2026-08-01,SUP-001,Supplier 001,Germany,EMEA,0.7,PLT-00,Shanghai Hub,China,APAC,Enterprise,Germany,OTIF_ERP,ERP Definition,Finance,1,1,0.0,0.0,100.0,100.0,100.0,1,100.0,CHAINTRUTH
2026-08-01,SUP-001,Supplier 001,Germany,EMEA,0.7,PLT-04,Chennai Forge,India,APAC,SMB,Canada,OTIF_ERP,ERP Definition,Finance,1,1,0.0,0.0,0.0,100.0,0.0,1,100.0,CHAINTRUTH
2026-08-01,SUP-001,Supplier 001,Germany,EMEA,0.7,PLT-01,Munich Center,Germany,EMEA,SMB,Australia,OTIF_ERP,ERP Definition,Finance,1,2,0.0,0.0,50.0,100.0,0.0,2,100.0,CHAINTRUTH
2026-08-01,SUP-001,Supplier 001,Germany,EMEA,0.7,PLT-01,Munich Center,Germany,EMEA,SMB,Singapore,OTIF_ERP,ERP Definition,Finance,1,1,0.0,0.0,100.0,100.0,100.0,1,100.0,CHAINTRUTH
2026-08-01,SUP-001,Supplier 001,Germany,EMEA,0.7,PLT-09,Hanoi Assembly,Vietnam,APAC,SMB,Australia,OTIF_ERP,ERP Definition,Finance,1,1,0.0,0.0,0.0,100.0,100.0,1,100.0,CHAINTRUTH
2026-08-01,SUP-001,Supplier 001,Germany,EMEA,0.7,PLT-07,Seoul Tech,South Korea,APAC,Government,Canada,OTIF_ERP,ERP Definition,Finance,1,1,0.0,0.0,100.0,100.0,100.0,1,100.0,CHAINTRUTH
2026-08-01,SUP-001,Supplier 001,Germany,EMEA,0.7,PLT-04,Chennai Forge,India,APAC,SMB,Australia,OTIF_ERP,ERP Definition,Finance,1,1,0.0,0.0,0.0,100.0,100.0,1,100.0,CHAINTRUTH
2026-08-01,SUP-001,Supplier 001,Germany,EMEA,0.7,PLT-00,Shanghai Hub,China,APAC,Government,USA,OTIF_ERP,ERP Definition,Finance,1,1,0.0,0.0,100.0,100.0,0.0,1,100.0,CHAINTRUTH
2026-08-01,SUP-002,Supplier 002,USA,NA,0.74,PLT-09,Hanoi Assembly,Vietnam,APAC,SMB,Australia,OTIF_ERP,ERP Definition,Finance,1,2,0.0,0.0,100.0,100.0,0.0,2,100.0,CHAINTRUTH
2026-08-01,SUP-002,Supplier 002,USA,NA,0.74,PLT-09,Hanoi Assembly,Vietnam,APAC,Enterprise,USA,OTIF_ERP,ERP Definition,Finance,1,1,0.0,0.0,0.0,100.0,0.0,1,100.0,CHAINTRUTH
2026-08-01,SUP-002,Supplier 002,USA,NA,0.74,PLT-01,Munich Center,Germany,EMEA,SMB,UK,OTIF_ERP,ERP Definition,Finance,1,1,0.0,0.0,0.0,100.0,100.0,1,100.0,CHAINTRUTH
2026-08-01,SUP-002,Supplier 002,USA,NA,0.74,PLT-04,Chennai Forge,India,APAC,Government,Germany,OTIF_ERP,ERP Definition,Finance,1,1,0.0,0.0,100.0,100.0,100.0,1,100.0,CHAINTRUTH
2026-08-01,SUP-002,Supplier 002,USA,NA,0.74,PLT-03,Tokyo Precision,Japan,APAC,Enterprise,Singapore,OTIF_ERP,ERP Definition,Finance,1,2,0.0,0.0,100.0,100.0,50.0,2,100.0,CHAINTRUTH
2026-08-01,SUP-003,Supplier 003,Japan,APAC,0.64,PLT-08,Taipei Micro,Taiwan,APAC,SMB,UK,OTIF_ERP,ERP Definition,Finance,1,1,0.0,0.0,100.0,100.0,0.0,1,100.0,CHAINTRUTH
2026-08-01,SUP-003,Supplier 003,Japan,APAC,0.64,PLT-08,Taipei Micro,Taiwan,APAC,Government,Germany,OTIF_ERP,ERP Definition,Finance,1,1,0.0,0.0,0.0,100.0,100.0,1,100.0,CHAINTRUTH
2026-08-01,SUP-003,Supplier 003,Japan,APAC,0.64,PLT-07,Seoul Tech,South Korea,APAC,SMB,Canada,OTIF_ERP,ERP Definition,Finance,1,1,0.0,0.0,0.0,100.0,0.0,1,100.0,CHAINTRUTH
2026-08-01,SUP-003,Supplier 003,Japan,APAC,0.64,PLT-05,Monterrey Plant,Mexico,LATAM,Government,Germany,OTIF_ERP,ERP Definition,Finance,1,2,0.0,0.0,0.0,100.0,50.0,2,100.0,CHAINTRUTH
2026-08-01,SUP-003,Supplier 003,Japan,APAC,0.64,PLT-08,Taipei Micro,Taiwan,APAC,SMB,Germany,OTIF_ERP,ERP Definition,Finance,1,1,0.0,0.0,0.0,100.0,100.0,1,100.0,CHAINTRUTH
2026-08-01,SUP-003,Supplier 003,Japan,APAC,0.64,PLT-06,Sao Paulo Ops,Brazil,LATAM,SMB,France,OTIF_ERP,ERP Definition,Finance,1,1,0.0,0.0,0.0,100.0,100.0,1,100.0,CHAINTRUTH
2026-08-01,SUP-003,Supplier 003,Japan,APAC,0.64,PLT-05,Monterrey Plant,Mexico,LATAM,SMB,UK,OTIF_ERP,ERP Definition,Finance,1,1,0.0,0.0,0.0,100.0,0.0,1,100.0,CHAINTRUTH
2026-08-01,SUP-004,Supplier 004,India,APAC,0.69,PLT-09,Hanoi Assembly,Vietnam,APAC,SMB,Singapore,OTIF_ERP,ERP Definition,Finance,1,1,0.0,0.0,100.0,100.0,0.0,1,100.0,CHAINTRUTH
2026-08-01,SUP-004,Supplier 004,India,APAC,0.69,PLT-04,Chennai Forge,India,APAC,Government,Japan,OTIF_ERP,ERP Definition,Finance,1,1,0.0,0.0,0.0,100.0,0.0,1,100.0,CHAINTRUTH
2026-08-01,SUP-004,Supplier 004,India,APAC,0.69,PLT-04,Chennai Forge,India,APAC,Enterprise,Australia,OTIF_ERP,ERP Definition,Finance,1,1,0.0,0.0,100.0,100.0,100.0,1,100.0,CHAINTRUTH
2026-08-01,SUP-004,Supplier 004,India,APAC,0.69,PLT-08,Taipei Micro,Taiwan,APAC,SMB,Singapore,OTIF_ERP,ERP Definition,Finance,1,1,0.0,0.0,100.0,100.0,100.0,1,100.0,CHAINTRUTH
2026-08-01,SUP-004,Supplier 004,India,APAC,0.69,PLT-04,Chennai Forge,India,APAC,Enterprise,Canada,OTIF_ERP,ERP Definition,Finance,1,1,0.0,0.0,100.0,100.0,0.0,1,100.0,CHAINTRUTH
2026-08-01,SUP-004,Supplier 004,India,APAC,0.69,PLT-06,Sao Paulo Ops,Brazil,LATAM,SMB,Germany,OTIF_ERP,ERP Definition,Finance,1,2,0.0,0.0,50.0,100.0,50.0,2,100.0,CHAINTRUTH
2026-08-01,SUP-004,Supplier 004,India,APAC,0.69,PLT-08,Taipei Micro,Taiwan,APAC,SMB,France,OTIF_ERP,ERP Definition,Finance,1,2,0.0,0.0,50.0,50.0,50.0,1,50.0,CHAINTRUTH
2026-08-01,SUP-004,Supplier 004,India,APAC,0.69,PLT-07,Seoul Tech,South Korea,APAC,Enterprise,France,OTIF_ERP,ERP Definition,Finance,1,1,0.0,0.0,100.0,100.0,100.0,1,100.0,CHAINTRUTH
2026-08-01,SUP-005,Supplier 005,Mexico,LATAM,0.77,PLT-03,Tokyo Precision,Japan,APAC,SMB,USA,OTIF_ERP,ERP Definition,Finance,1,1,0.0,0.0,0.0,100.0,100.0,1,100.0,CHAINTRUTH
2026-08-01,SUP-005,Supplier 005,Mexico,LATAM,0.77,PLT-06,Sao Paulo Ops,Brazil,LATAM,SMB,Singapore,OTIF_ERP,ERP Definition,Finance,1,2,0.0,0.0,100.0,100.0,50.0,2,100.0,CHAINTRUTH
2026-08-01,SUP-005,Supplier 005,Mexico,LATAM,0.77,PLT-09,Hanoi Assembly,Vietnam,APAC,Enterprise,UK,OTIF_ERP,ERP Definition,Finance,1,1,0.0,0.0,100.0,100.0,100.0,1,100.0,CHAINTRUTH
2026-08-01,SUP-005,Supplier 005,Mexico,LATAM,0.77,PLT-00,Shanghai Hub,China,APAC,Enterprise,USA,OTIF_ERP,ERP Definition,Finance,1,1,0.0,0.0,100.0,100.0,100.0,1,100.0,CHAINTRUTH
2026-08-01,SUP-005,Supplier 005,Mexico,LATAM,0.77,PLT-08,Taipei Micro,Taiwan,APAC,Enterprise,USA,OTIF_ERP,ERP Definition,Finance,1,2,0.0,0.0,100.0,100.0,50.0,2,100.0,CHAINTRUTH
2026-08-01,SUP-005,Supplier 005,Mexico,LATAM,0.77,PLT-02,Detroit Works,USA,NA,SMB,Australia,OTIF_ERP,ERP Definition,Finance,1,1,0.0,0.0,0.0,100.0,0.0,1,100.0,CHAINTRUTH
2026-08-01,SUP-005,Supplier 005,Mexico,LATAM,0.77,PLT-08,Taipei Micro,Taiwan,APAC,SMB,Singapore,OTIF_ERP,ERP Definition,Finance,1,1,0.0,0.0,0.0,100.0,100.0,1,100.0,CHAINTRUTH
2026-08-01,SUP-006,Supplier 006,Brazil,LATAM,0.61,PLT-04,Chennai Forge,India,APAC,Enterprise,Canada,OTIF_ERP,ERP Definition,Finance,1,1,0.0,0.0,100.0,100.0,100.0,1,100.0,CHAINTRUTH
2026-08-01,SUP-006,Supplier 006,Brazil,LATAM,0.61,PLT-01,Munich Center,Germany,EMEA,SMB,UK,OTIF_ERP,ERP Definition,Finance,1,1,0.0,0.0,100.0,100.0,0.0,1,100.0,CHAINTRUTH
2026-08-01,SUP-006,Supplier 006,Brazil,LATAM,0.61,PLT-04,Chennai Forge,India,APAC,Enterprise,Japan,OTIF_ERP,ERP Definition,Finance,1,1,0.0,0.0,0.0,100.0,100.0,1,100.0,CHAINTRUTH
2026-08-01,SUP-007,Supplier 007,South Korea,APAC,0.84,PLT-01,Munich Center,Germany,EMEA,SMB,UK,OTIF_ERP,ERP Definition,Finance,1,1,0.0,0.0,0.0,100.0,100.0,1,100.0,CHAINTRUTH
2026-08-01,SUP-007,Supplier 007,South Korea,APAC,0.84,PLT-00,Shanghai Hub,China,APAC,Enterprise,Germany,OTIF_ERP,ERP Definition,Finance,1,1,0.0,0.0,0.0,100.0,0.0,1,100.0,CHAINTRUTH
2026-08-01,SUP-007,Supplier 007,South Korea,APAC,0.84,PLT-09,Hanoi Assembly,Vietnam,APAC,SMB,Canada,OTIF_ERP,ERP Definition,Finance,1,1,0.0,0.0,100.0,100.0,100.0,1,100.0,CHAINTRUTH
2026-08-01,SUP-007,Supplier 007,South Korea,APAC,0.84,PLT-01,Munich Center,Germany,EMEA,Enterprise,Germany,OTIF_ERP,ERP Definition,Finance,1,1,0.0,0.0,100.0,100.0,0.0,1,100.0,CHAINTRUTH
2026-08-01,SUP-007,Supplier 007,South Korea,APAC,0.84,PLT-01,Munich Center,Germany,EMEA,SMB,Australia,OTIF_ERP,ERP Definition,Finance,1,1,0.0,0.0,100.0,100.0,100.0,1,100.0,CHAINTRUTH
2026-08-01,SUP-007,Supplier 007,South Korea,APAC,0.84,PLT-09,Hanoi Assembly,Vietnam,APAC,Government,Canada,OTIF_ERP,ERP Definition,Finance,1,1,0.0,0.0,0.0,100.0,100.0,1,100.0,CHAINTRUTH
2026-08-01,SUP-008,Supplier 008,Taiwan,APAC,0.73,PLT-03,Tokyo Precision,Japan,APAC,SMB,Canada,OTIF_ERP,ERP Definition,Finance,1,1,0.0,0.0,100.0,100.0,100.0,1,100.0,CHAINTRUTH
2026-08-01,SUP-008,Supplier 008,Taiwan,APAC,0.73,PLT-05,Monterrey Plant,Mexico,LATAM,SMB,Canada,OTIF_ERP,ERP Definition,Finance,1,1,0.0,0.0,100.0,100.0,100.0,1,100.0,CHAINTRUTH
2026-08-01,SUP-008,Supplier 008,Taiwan,APAC,0.73,PLT-09,Hanoi Assembly,Vietnam,APAC,Government,Singapore,OTIF_ERP,ERP Definition,Finance,1,1,0.0,0.0,0.0,100.0,100.0,1,100.0,CHAINTRUTH
2026-08-01,SUP-009,Supplier 009,Vietnam,APAC,1.0,PLT-05,Monterrey Plant,Mexico,LATAM,SMB,UK,OTIF_ERP,ERP Definition,Finance,1,2,0.0,0.0,100.0,100.0,50.0,2,100.0,CHAINTRUTH
2026-08-01,SUP-009,Supplier 009,Vietnam,APAC,1.0,PLT-08,Taipei Micro,Taiwan,APAC,SMB,France,OTIF_ERP,ERP Definition,Finance,1,1,0.0,0.0,100.0,100.0,100.0,1,100.0,CHAINTRUTH
2026-08-01,SUP-009,Supplier 009,Vietnam,APAC,1.0,PLT-08,Taipei Micro,Taiwan,APAC,SMB,UK,OTIF_ERP,ERP Definition,Finance,1,1,0.0,0.0,0.0,100.0,0.0,1,100.0,CHAINTRUTH
2026-08-01,SUP-009,Supplier 009,Vietnam,APAC,1.0,PLT-05,Monterrey Plant,Mexico,LATAM,Enterprise,Germany,OTIF_ERP,ERP Definition,Finance,1,1,0.0,0.0,100.0,100.0,100.0,1,100.0,CHAINTRUTH
2026-08-01,SUP-010,Supplier 010,China,APAC,0.76,PLT-09,Hanoi Assembly,Vietnam,APAC,SMB,Japan,OTIF_ERP,ERP Definition,Finance,1,2,0.0,0.0,50.0,100.0,50.0,2,100.0,CHAINTRUTH
2026-08-01,SUP-010,Supplier 010,China,APAC,0.76,PLT-02,Detroit Works,USA,NA,Enterprise,France,OTIF_ERP,ERP Definition,Finance,1,1,0.0,0.0,0.0,100.0,0.0,1,100.0,CHAINTRUTH
2026-08-01,SUP-010,Supplier 010,China,APAC,0.76,PLT-06,Sao Paulo Ops,Brazil,LATAM,Enterprise,Germany,OTIF_ERP,ERP Definition,Finance,1,1,0.0,0.0,100.0,100.0,0.0,1,100.0,CHAINTRUTH
2026-08-01,SUP-010,Supplier 010,China,APAC,0.76,PLT-07,Seoul Tech,South Korea,APAC,Enterprise,Canada,OTIF_ERP,ERP Definition,Finance,1,1,0.0,0.0,0.0,100.0,100.0,1,100.0,CHAINTRUTH
2026-08-01,SUP-010,Supplier 010,China,APAC,0.76,PLT-02,Detroit Works,USA,NA,SMB,France,OTIF_ERP,ERP Definition,Finance,1,1,0.0,0.0,0.0,100.0,100.0,1,100.0,CHAINTRUTH
2026-08-01,SUP-010,Supplier 010,China,APAC,0.76,PLT-09,Hanoi Assembly,Vietnam,APAC,SMB,Singapore,OTIF_ERP,ERP Definition,Finance,1,2,0.0,0.0,50.0,100.0,0.0,2,100.0,CHAINTRUTH
2026-08-01,SUP-010,Supplier 010,China,APAC,0.76,PLT-07,Seoul Tech,South Korea,APAC,Enterprise,Germany,OTIF_ERP,ERP Definition,Finance,1,1,0.0,0.0,100.0,100.0,100.0,1,100.0,CHAINTRUTH
2026-08-01,SUP-010,Supplier 010,China,APAC,0.76,PLT-09,Hanoi Assembly,Vietnam,APAC,Enterprise,Japan,OTIF_ERP,ERP Definition,Finance,1,1,0.0,0.0,0.0,100.0,100.0,1,100.0,CHAINTRUTH
2026-08-01,SUP-010,Supplier 010,China,APAC,0.76,PLT-08,Taipei Micro,Taiwan,APAC,SMB,UK,OTIF_ERP,ERP Definition,Finance,1,2,0.0,0.0,50.0,100.0,50.0,2,100.0,CHAINTRUTH
2026-08-01,SUP-011,Supplier 011,Germany,EMEA,0.53,PLT-06,Sao Paulo Ops,Brazil,LATAM,Enterprise,USA,OTIF_ERP,ERP Definition,Finance,1,1,0.0,0.0,100.0,100.0,100.0,1,100.0,CHAINTRUTH
2026-08-01,SUP-011,Supplier 011,Germany,EMEA,0.53,PLT-01,Munich Center,Germany,EMEA,Government,Japan,OTIF_ERP,ERP Definition,Finance,1,1,0.0,0.0,0.0,100.0,100.0,1,100.0,CHAINTRUTH
2026-08-01,SUP-011,Supplier 011,Germany,EMEA,0.53,PLT-02,Detroit Works,USA,NA,Enterprise,Germany,OTIF_ERP,ERP Definition,Finance,1,1,0.0,0.0,0.0,100.0,100.0,1,100.0,CHAINTRUTH
2026-08-01,SUP-011,Supplier 011,Germany,EMEA,0.53,PLT-00,Shanghai Hub,China,APAC,SMB,Singapore,OTIF_ERP,ERP Definition,Finance,1,1,0.0,0.0,100.0,100.0,0.0,1,100.0,CHAINTRUTH
2026-08-01,SUP-012,Supplier 012,USA,NA,0.66,PLT-01,Munich Center,Germany,EMEA,SMB,Japan,OTIF_ERP,ERP Definition,Finance,1,1,0.0,0.0,0.0,100.0,100.0,1,100.0,CHAINTRUTH
2026-08-01,SUP-012,Supplier 012,USA,NA,0.66,PLT-06,Sao Paulo Ops,Brazil,LATAM,Enterprise,Singapore,OTIF_ERP,ERP Definition,Finance,1,1,0.0,0.0,100.0,100.0,100.0,1,100.0,CHAINTRUTH
2026-08-01,SUP-012,Supplier 012,USA,NA,0.66,PLT-02,Detroit Works,USA,NA,Government,Australia,OTIF_ERP,ERP Definition,Finance,1,2,50.0,50.0,50.0,100.0,50.0,1,50.0,CHAINTRUTH
2026-08-01,SUP-012,Supplier 012,USA,NA,0.66,PLT-09,Hanoi Assembly,Vietnam,APAC,SMB,Singapore,OTIF_ERP,ERP Definition,Finance,1,2,0.0,0.0,0.0,50.0,0.0,1,50.0,CHAINTRUTH
2026-08-01,SUP-012,Supplier 012,USA,NA,0.66,PLT-08,Taipei Micro,Taiwan,APAC,SMB,Australia,OTIF_ERP,ERP Definition,Finance,1,1,0.0,0.0,100.0,100.0,100.0,1,100.0,CHAINTRUTH
2026-08-01,SUP-013,Supplier 013,Japan,APAC,0.89,PLT-02,Detroit Works,USA,NA,Government,Germany,OTIF_ERP,ERP Definition,Finance,1,1,0.0,100.0,100.0,100.0,0.0,0,0.0,CHAINTRUTH
2026-08-01,SUP-013,Supplier 013,Japan,APAC,0.89,PLT-09,Hanoi Assembly,Vietnam,APAC,Government,USA,OTIF_ERP,ERP Definition,Finance,1,1,0.0,0.0,0.0,100.0,100.0,1,100.0,CHAINTRUTH
2026-08-01,SUP-013,Supplier 013,Japan,APAC,0.89,PLT-01,Munich Center,Germany,EMEA,Enterprise,France,OTIF_ERP,ERP Definition,Finance,1,1,0.0,100.0,100.0,100.0,0.0,0,0.0,CHAINTRUTH
2026-08-01,SUP-013,Supplier 013,Japan,APAC,0.89,PLT-00,Shanghai Hub,China,APAC,Government,Germany,OTIF_ERP,ERP Definition,Finance,1,1,0.0,0.0,100.0,100.0,100.0,1,100.0,CHAINTRUTH
2026-08-01,SUP-013,Supplier 013,Japan,APAC,0.89,PLT-09,Hanoi Assembly,Vietnam,APAC,SMB,UK,OTIF_ERP,ERP Definition,Finance,1,1,0.0,0.0,100.0,100.0,100.0,1,100.0,CHAINTRUTH
2026-08-01,SUP-013,Supplier 013,Japan,APAC,0.89,PLT-09,Hanoi Assembly,Vietnam,APAC,Enterprise,Japan,OTIF_ERP,ERP Definition,Finance,1,1,0.0,0.0,0.0,100.0,100.0,1,100.0,CHAINTRUTH
2026-08-01,SUP-013,Supplier 013,Japan,APAC,0.89,PLT-07,Seoul Tech,South Korea,APAC,SMB,USA,OTIF_ERP,ERP Definition,Finance,1,1,0.0,0.0,100.0,100.0,100.0,1,100.0,CHAINTRUTH
2026-08-01,SUP-014,Supplier 014,India,APAC,0.95,PLT-08,Taipei Micro,Taiwan,APAC,SMB,UK,OTIF_ERP,ERP Definition,Finance,1,2,0.0,0.0,50.0,100.0,50.0,2,100.0,CHAINTRUTH
2026-08-01,SUP-014,Supplier 014,India,APAC,0.95,PLT-02,Detroit Works,USA,NA,SMB,Singapore,OTIF_ERP,ERP Definition,Finance,1,1,0.0,100.0,0.0,100.0,0.0,1,100.0,CHAINTRUTH
2026-08-01,SUP-014,Supplier 014,India,APAC,0.95,PLT-04,Chennai Forge,India,APAC,Enterprise,Japan,OTIF_ERP,ERP Definition,Finance,1,1,0.0,0.0,0.0,100.0,100.0,1,100.0,CHAINTRUTH
2026-08-01,SUP-014,Supplier 014,India,APAC,0.95,PLT-00,Shanghai Hub,China,APAC,Enterprise,USA,OTIF_ERP,ERP Definition,Finance,1,2,0.0,0.0,0.0,100.0,50.0,2,100.0,CHAINTRUTH
2026-08-01,SUP-014,Supplier 014,India,APAC,0.95,PLT-08,Taipei Micro,Taiwan,APAC,SMB,Japan,OTIF_ERP,ERP Definition,Finance,1,2,50.0,50.0,100.0,100.0,50.0,1,50.0,CHAINTRUTH
2026-08-01,SUP-014,Supplier 014,India,APAC,0.95,PLT-05,Monterrey Plant,Mexico,LATAM,SMB,USA,OTIF_ERP,ERP Definition,Finance,1,1,100.0,100.0,100.0,100.0,100.0,0,0.0,CHAINTRUTH
2026-08-01,SUP-015,Supplier 015,Mexico,LATAM,0.75,PLT-03,Tokyo Precision,Japan,APAC,Government,Japan,OTIF_ERP,ERP Definition,Finance,1,1,0.0,0.0,100.0,100.0,100.0,1,100.0,CHAINTRUTH
2026-08-01,SUP-015,Supplier 015,Mexico,LATAM,0.75,PLT-00,Shanghai Hub,China,APAC,Enterprise,Japan,OTIF_ERP,ERP Definition,Finance,1,2,0.0,0.0,0.0,100.0,50.0,2,100.0,CHAINTRUTH
2026-08-01,SUP-015,Supplier 015,Mexico,LATAM,0.75,PLT-01,Munich Center,Germany,EMEA,Enterprise,Australia,OTIF_ERP,ERP Definition,Finance,1,1,0.0,0.0,0.0,100.0,100.0,1,100.0,CHAINTRUTH
2026-08-01,SUP-015,Supplier 015,Mexico,LATAM,0.75,PLT-03,Tokyo Precision,Japan,APAC,SMB,UK,OTIF_ERP,ERP Definition,Finance,1,1,0.0,0.0,0.0,100.0,0.0,1,100.0,CHAINTRUTH
2026-08-01,SUP-015,Supplier 015,Mexico,LATAM,0.75,PLT-00,Shanghai Hub,China,APAC,Enterprise,UK,OTIF_ERP,ERP Definition,Finance,1,1,0.0,0.0,0.0,100.0,100.0,1,100.0,CHAINTRUTH
2026-08-01,SUP-015,Supplier 015,Mexico,LATAM,0.75,PLT-00,Shanghai Hub,China,APAC,Enterprise,Germany,OTIF_ERP,ERP Definition,Finance,1,1,0.0,0.0,0.0,100.0,100.0,1,100.0,CHAINTRUTH
2026-08-01,SUP-015,Supplier 015,Mexico,LATAM,0.75,PLT-06,Sao Paulo Ops,Brazil,LATAM,Enterprise,UK,OTIF_ERP,ERP Definition,Finance,1,2,0.0,0.0,100.0,100.0,50.0,2,100.0,CHAINTRUTH
2026-08-01,SUP-016,Supplier 016,Brazil,LATAM,0.66,PLT-05,Monterrey Plant,Mexico,LATAM,SMB,UK,OTIF_ERP,ERP Definition,Finance,1,1,0.0,0.0,0.0,100.0,100.0,1,100.0,CHAINTRUTH
2026-08-01,SUP-016,Supplier 016,Brazil,LATAM,0.66,PLT-04,Chennai Forge,India,APAC,SMB,Singapore,OTIF_ERP,ERP Definition,Finance,1,1,0.0,0.0,0.0,100.0,100.0,1,100.0,CHAINTRUTH
2026-08-01,SUP-016,Supplier 016,Brazil,LATAM,0.66,PLT-06,Sao Paulo Ops,Brazil,LATAM,SMB,Germany,OTIF_ERP,ERP Definition,Finance,1,2,0.0,0.0,50.0,100.0,0.0,2,100.0,CHAINTRUTH
2026-08-01,SUP-016,Supplier 016,Brazil,LATAM,0.66,PLT-02,Detroit Works,USA,NA,SMB,Japan,OTIF_ERP,ERP Definition,Finance,1,1,0.0,0.0,100.0,100.0,100.0,1,100.0,CHAINTRUTH
2026-08-01,SUP-016,Supplier 016,Brazil,LATAM,0.66,PLT-06,Sao Paulo Ops,Brazil,LATAM,SMB,Australia,OTIF_ERP,ERP Definition,Finance,1,2,0.0,0.0,100.0,100.0,0.0,2,100.0,CHAINTRUTH
2026-08-01,SUP-016,Supplier 016,Brazil,LATAM,0.66,PLT-07,Seoul Tech,South Korea,APAC,Government,Singapore,OTIF_ERP,ERP Definition,Finance,1,1,0.0,0.0,100.0,100.0,0.0,1,100.0,CHAINTRUTH
2026-08-01,SUP-016,Supplier 016,Brazil,LATAM,0.66,PLT-04,Chennai Forge,India,APAC,Enterprise,USA,OTIF_ERP,ERP Definition,Finance,1,1,0.0,0.0,0.0,100.0,100.0,1,100.0,CHAINTRUTH
2026-08-01,SUP-016,Supplier 016,Brazil,LATAM,0.66,PLT-09,Hanoi Assembly,Vietnam,APAC,Government,USA,OTIF_ERP,ERP Definition,Finance,1,1,0.0,0.0,100.0,100.0,100.0,1,100.0,CHAINTRUTH
2026-08-01,SUP-017,Supplier 017,South Korea,APAC,0.89,PLT-01,Munich Center,Germany,EMEA,SMB,Canada,OTIF_ERP,ERP Definition,Finance,1,1,0.0,0.0,100.0,100.0,100.0,1,100.0,CHAINTRUTH
2026-08-01,SUP-017,Supplier 017,South Korea,APAC,0.89,PLT-02,Detroit Works,USA,NA,Government,Australia,OTIF_ERP,ERP Definition,Finance,1,1,0.0,0.0,0.0,100.0,100.0,1,100.0,CHAINTRUTH
2026-08-01,SUP-017,Supplier 017,South Korea,APAC,0.89,PLT-06,Sao Paulo Ops,Brazil,LATAM,SMB,Germany,OTIF_ERP,ERP Definition,Finance,1,1,0.0,0.0,0.0,100.0,0.0,1,100.0,CHAINTRUTH
2026-08-01,SUP-017,Supplier 017,South Korea,APAC,0.89,PLT-08,Taipei Micro,Taiwan,APAC,SMB,Singapore,OTIF_ERP,ERP Definition,Finance,1,1,0.0,0.0,0.0,100.0,0.0,1,100.0,CHAINTRUTH
2026-08-01,SUP-017,Supplier 017,South Korea,APAC,0.89,PLT-07,Seoul Tech,South Korea,APAC,Enterprise,USA,OTIF_ERP,ERP Definition,Finance,1,1,0.0,0.0,0.0,100.0,100.0,1,100.0,CHAINTRUTH
2026-08-01,SUP-017,Supplier 017,South Korea,APAC,0.89,PLT-08,Taipei Micro,Taiwan,APAC,Government,France,OTIF_ERP,ERP Definition,Finance,1,2,0.0,0.0,0.0,50.0,0.0,1,50.0,CHAINTRUTH
2026-08-01,SUP-017,Supplier 017,South Korea,APAC,0.89,PLT-09,Hanoi Assembly,Vietnam,APAC,Government,Australia,OTIF_ERP,ERP Definition,Finance,1,1,0.0,0.0,100.0,100.0,100.0,1,100.0,CHAINTRUTH
2026-08-01,SUP-018,Supplier 018,Taiwan,APAC,0.75,PLT-02,Detroit Works,USA,NA,Government,USA,OTIF_ERP,ERP Definition,Finance,1,1,100.0,100.0,0.0,100.0,100.0,1,100.0,CHAINTRUTH
2026-08-01,SUP-018,Supplier 018,Taiwan,APAC,0.75,PLT-08,Taipei Micro,Taiwan,APAC,SMB,Canada,OTIF_ERP,ERP Definition,Finance,1,1,0.0,0.0,100.0,100.0,100.0,1,100.0,CHAINTRUTH
2026-08-01,SUP-018,Supplier 018,Taiwan,APAC,0.75,PLT-03,Tokyo Precision,Japan,APAC,Government,USA,OTIF_ERP,ERP Definition,Finance,1,1,0.0,0.0,0.0,100.0,0.0,1,100.0,CHAINTRUTH
2026-08-01,SUP-018,Supplier 018,Taiwan,APAC,0.75,PLT-02,Detroit Works,USA,NA,SMB,UK,OTIF_ERP,ERP Definition,Finance,1,1,0.0,100.0,0.0,100.0,0.0,1,100.0,CHAINTRUTH
2026-08-01,SUP-018,Supplier 018,Taiwan,APAC,0.75,PLT-01,Munich Center,Germany,EMEA,SMB,Australia,OTIF_ERP,ERP Definition,Finance,1,1,0.0,0.0,0.0,100.0,100.0,1,100.0,CHAINTRUTH
2026-08-01,SUP-019,Supplier 019,Vietnam,APAC,0.57,PLT-02,Detroit Works,USA,NA,SMB,Singapore,OTIF_ERP,ERP Definition,Finance,1,1,100.0,100.0,0.0,100.0,100.0,1,100.0,CHAINTRUTH
2026-08-01,SUP-019,Supplier 019,Vietnam,APAC,0.57,PLT-05,Monterrey Plant,Mexico,LATAM,SMB,UK,OTIF_ERP,ERP Definition,Finance,1,1,0.0,0.0,0.0,100.0,100.0,1,100.0,CHAINTRUTH
2026-08-01,SUP-019,Supplier 019,Vietnam,APAC,0.57,PLT-05,Monterrey Plant,Mexico,LATAM,Enterprise,Germany,OTIF_ERP,ERP Definition,Finance,1,2,0.0,0.0,0.0,100.0,50.0,2,100.0,CHAINTRUTH
2026-08-01,SUP-019,Supplier 019,Vietnam,APAC,0.57,PLT-08,Taipei Micro,Taiwan,APAC,Enterprise,USA,OTIF_ERP,ERP Definition,Finance,1,2,0.0,0.0,100.0,50.0,50.0,2,100.0,CHAINTRUTH
2026-08-01,SUP-019,Supplier 019,Vietnam,APAC,0.57,PLT-01,Munich Center,Germany,EMEA,Enterprise,France,OTIF_ERP,ERP Definition,Finance,1,1,100.0,100.0,100.0,100.0,100.0,0,0.0,CHAINTRUTH
2026-08-01,SUP-019,Supplier 019,Vietnam,APAC,0.57,PLT-01,Munich Center,Germany,EMEA,Enterprise,Germany,OTIF_ERP,ERP Definition,Finance,1,1,0.0,0.0,100.0,100.0,0.0,1,100.0,CHAINTRUTH
2026-08-01,SUP-019,Supplier 019,Vietnam,APAC,0.57,PLT-03,Tokyo Precision,Japan,APAC,SMB,Germany,OTIF_ERP,ERP Definition,Finance,1,1,0.0,0.0,0.0,100.0,100.0,1,100.0,CHAINTRUTH
2026-08-01,SUP-019,Supplier 019,Vietnam,APAC,0.57,PLT-08,Taipei Micro,Taiwan,APAC,SMB,Canada,OTIF_ERP,ERP Definition,Finance,1,1,0.0,0.0,0.0,100.0,100.0,1,100.0,CHAINTRUTH
2026-08-01,SUP-019,Supplier 019,Vietnam,APAC,0.57,PLT-08,Taipei Micro,Taiwan,APAC,Enterprise,France,OTIF_ERP,ERP Definition,Finance,1,1,0.0,0.0,0.0,100.0,100.0,1,100.0,CHAINTRUTH
2026-08-01,SUP-019,Supplier 019,Vietnam,APAC,0.57,PLT-07,Seoul Tech,South Korea,APAC,SMB,Canada,OTIF_ERP,ERP Definition,Finance,1,1,0.0,0.0,0.0,100.0,100.0,1,100.0,CHAINTRUTH
2026-08-01,SUP-020,Supplier 020,China,APAC,0.6,PLT-08,Taipei Micro,Taiwan,APAC,Enterprise,Germany,OTIF_ERP,ERP Definition,Finance,1,1,0.0,0.0,0.0,100.0,100.0,1,100.0,CHAINTRUTH
2026-08-01,SUP-020,Supplier 020,China,APAC,0.6,PLT-00,Shanghai Hub,China,APAC,Government,Germany,OTIF_ERP,ERP Definition,Finance,1,1,0.0,0.0,100.0,100.0,0.0,1,100.0,CHAINTRUTH
2026-08-01,SUP-020,Supplier 020,China,APAC,0.6,PLT-04,Chennai Forge,India,APAC,Government,USA,OTIF_ERP,ERP Definition,Finance,1,1,0.0,0.0,0.0,100.0,0.0,1,100.0,CHAINTRUTH
2026-08-01,SUP-020,Supplier 020,China,APAC,0.6,PLT-01,Munich Center,Germany,EMEA,SMB,Japan,OTIF_ERP,ERP Definition,Finance,1,1,100.0,100.0,100.0,100.0,100.0,0,0.0,CHAINTRUTH
2026-08-01,SUP-020,Supplier 020,China,APAC,0.6,PLT-01,Munich Center,Germany,EMEA,SMB,France,OTIF_ERP,ERP Definition,Finance,1,2,0.0,0.0,50.0,100.0,50.0,2,100.0,CHAINTRUTH
2026-08-01,SUP-020,Supplier 020,China,APAC,0.6,PLT-07,Seoul Tech,South Korea,APAC,SMB,Australia,OTIF_ERP,ERP Definition,Finance,1,1,0.0,0.0,0.0,100.0,100.0,1,100.0,CHAINTRUTH
2026-08-01,SUP-020,Supplier 020,China,APAC,0.6,PLT-05,Monterrey Plant,Mexico,LATAM,SMB,France,OTIF_ERP,ERP Definition,Finance,1,1,0.0,0.0,100.0,100.0,100.0,1,100.0,CHAINTRUTH
2026-08-01,SUP-020,Supplier 020,China,APAC,0.6,PLT-08,Taipei Micro,Taiwan,APAC,SMB,Japan,OTIF_ERP,ERP Definition,Finance,1,2,0.0,0.0,0.0,100.0,50.0,2,100.0,CHAINTRUTH
2026-08-01,SUP-021,Supplier 021,Germany,EMEA,0.75,PLT-08,Taipei Micro,Taiwan,APAC,Government,Australia,OTIF_ERP,ERP Definition,Finance,1,1,0.0,0.0,100.0,100.0,100.0,1,100.0,CHAINTRUTH
2026-08-01,SUP-021,Supplier 021,Germany,EMEA,0.75,PLT-06,Sao Paulo Ops,Brazil,LATAM,SMB,Australia,OTIF_ERP,ERP Definition,Finance,1,1,0.0,0.0,100.0,100.0,100.0,1,100.0,CHAINTRUTH
2026-08-01,SUP-021,Supplier 021,Germany,EMEA,0.75,PLT-06,Sao Paulo Ops,Brazil,LATAM,Enterprise,USA,OTIF_ERP,ERP Definition,Finance,1,2,0.0,0.0,50.0,50.0,50.0,2,100.0,CHAINTRUTH
2026-08-01,SUP-022,Supplier 022,USA,NA,0.8,PLT-00,Shanghai Hub,China,APAC,SMB,Germany,OTIF_ERP,ERP Definition,Finance,1,1,0.0,0.0,0.0,100.0,0.0,1,100.0,CHAINTRUTH
2026-08-01,SUP-022,Supplier 022,USA,NA,0.8,PLT-01,Munich Center,Germany,EMEA,Enterprise,Germany,OTIF_ERP,ERP Definition,Finance,1,1,0.0,100.0,100.0,100.0,0.0,0,0.0,CHAINTRUTH
2026-08-01,SUP-022,Supplier 022,USA,NA,0.8,PLT-07,Seoul Tech,South Korea,APAC,Enterprise,USA,OTIF_ERP,ERP Definition,Finance,1,1,0.0,0.0,0.0,100.0,100.0,1,100.0,CHAINTRUTH
2026-08-01,SUP-022,Supplier 022,USA,NA,0.8,PLT-02,Detroit Works,USA,NA,Enterprise,USA,OTIF_ERP,ERP Definition,Finance,1,2,0.0,0.0,100.0,100.0,0.0,2,100.0,CHAINTRUTH
2026-08-01,SUP-022,Supplier 022,USA,NA,0.8,PLT-03,Tokyo Precision,Japan,APAC,SMB,UK,OTIF_ERP,ERP Definition,Finance,1,1,0.0,0.0,0.0,100.0,0.0,1,100.0,CHAINTRUTH
2026-08-01,SUP-022,Supplier 022,USA,NA,0.8,PLT-09,Hanoi Assembly,Vietnam,APAC,SMB,Japan,OTIF_ERP,ERP Definition,Finance,1,1,0.0,0.0,0.0,100.0,0.0,1,100.0,CHAINTRUTH
2026-08-01,SUP-022,Supplier 022,USA,NA,0.8,PLT-05,Monterrey Plant,Mexico,LATAM,Government,Singapore,OTIF_ERP,ERP Definition,Finance,1,2,0.0,0.0,0.0,100.0,0.0,2,100.0,CHAINTRUTH
2026-08-01,SUP-022,Supplier 022,USA,NA,0.8,PLT-09,Hanoi Assembly,Vietnam,APAC,Enterprise,Japan,OTIF_ERP,ERP Definition,Finance,1,1,0.0,0.0,100.0,100.0,100.0,1,100.0,CHAINTRUTH
2026-08-01,SUP-022,Supplier 022,USA,NA,0.8,PLT-09,Hanoi Assembly,Vietnam,APAC,SMB,USA,OTIF_ERP,ERP Definition,Finance,1,1,0.0,0.0,100.0,100.0,100.0,1,100.0,CHAINTRUTH
2026-08-01,SUP-022,Supplier 022,USA,NA,0.8,PLT-05,Monterrey Plant,Mexico,LATAM,SMB,Singapore,OTIF_ERP,ERP Definition,Finance,1,1,0.0,0.0,0.0,100.0,0.0,1,100.0,CHAINTRUTH
2026-08-01,SUP-022,Supplier 022,USA,NA,0.8,PLT-01,Munich Center,Germany,EMEA,SMB,Germany,OTIF_ERP,ERP Definition,Finance,1,1,0.0,0.0,100.0,100.0,100.0,1,100.0,CHAINTRUTH
2026-08-01,SUP-023,Supplier 023,Japan,APAC,0.98,PLT-08,Taipei Micro,Taiwan,APAC,SMB,France,OTIF_ERP,ERP Definition,Finance,1,1,0.0,0.0,0.0,100.0,100.0,1,100.0,CHAINTRUTH
2026-08-01,SUP-023,Supplier 023,Japan,APAC,0.98,PLT-08,Taipei Micro,Taiwan,APAC,SMB,Japan,OTIF_ERP,ERP Definition,Finance,1,1,0.0,0.0,100.0,100.0,0.0,1,100.0,CHAINTRUTH
2026-08-01,SUP-023,Supplier 023,Japan,APAC,0.98,PLT-02,Detroit Works,USA,NA,Enterprise,USA,OTIF_ERP,ERP Definition,Finance,1,1,100.0,100.0,100.0,100.0,100.0,0,0.0,CHAINTRUTH
2026-08-01,SUP-023,Supplier 023,Japan,APAC,0.98,PLT-03,Tokyo Precision,Japan,APAC,SMB,USA,OTIF_ERP,ERP Definition,Finance,1,1,0.0,0.0,100.0,100.0,100.0,1,100.0,CHAINTRUTH
2026-08-01,SUP-023,Supplier 023,Japan,APAC,0.98,PLT-04,Chennai Forge,India,APAC,SMB,Germany,OTIF_ERP,ERP Definition,Finance,1,1,0.0,0.0,0.0,100.0,100.0,1,100.0,CHAINTRUTH
2026-08-01,SUP-023,Supplier 023,Japan,APAC,0.98,PLT-02,Detroit Works,USA,NA,Government,France,OTIF_ERP,ERP Definition,Finance,1,2,0.0,50.0,50.0,100.0,0.0,2,100.0,CHAINTRUTH
2026-08-01,SUP-023,Supplier 023,Japan,APAC,0.98,PLT-02,Detroit Works,USA,NA,Government,Germany,OTIF_ERP,ERP Definition,Finance,1,1,0.0,0.0,100.0,100.0,100.0,1,100.0,CHAINTRUTH
2026-08-01,SUP-023,Supplier 023,Japan,APAC,0.98,PLT-02,Detroit Works,USA,NA,SMB,France,OTIF_ERP,ERP Definition,Finance,1,1,0.0,100.0,100.0,100.0,0.0,0,0.0,CHAINTRUTH
2026-08-01,SUP-024,Supplier 024,India,APAC,0.89,PLT-08,Taipei Micro,Taiwan,APAC,SMB,Germany,OTIF_ERP,ERP Definition,Finance,1,1,0.0,0.0,0.0,100.0,100.0,1,100.0,CHAINTRUTH
2026-08-01,SUP-024,Supplier 024,India,APAC,0.89,PLT-00,Shanghai Hub,China,APAC,Enterprise,USA,OTIF_ERP,ERP Definition,Finance,1,1,0.0,0.0,100.0,100.0,100.0,1,100.0,CHAINTRUTH
2026-08-01,SUP-024,Supplier 024,India,APAC,0.89,PLT-07,Seoul Tech,South Korea,APAC,SMB,Germany,OTIF_ERP,ERP Definition,Finance,1,1,0.0,0.0,100.0,100.0,0.0,1,100.0,CHAINTRUTH
2026-08-01,SUP-024,Supplier 024,India,APAC,0.89,PLT-01,Munich Center,Germany,EMEA,SMB,Canada,OTIF_ERP,ERP Definition,Finance,1,2,0.0,0.0,0.0,100.0,50.0,2,100.0,CHAINTRUTH
2026-08-01,SUP-024,Supplier 024,India,APAC,0.89,PLT-08,Taipei Micro,Taiwan,APAC,SMB,Australia,OTIF_ERP,ERP Definition,Finance,1,1,0.0,0.0,100.0,100.0,100.0,1,100.0,CHAINTRUTH
2026-08-01,SUP-024,Supplier 024,India,APAC,0.89,PLT-04,Chennai Forge,India,APAC,Government,France,OTIF_ERP,ERP Definition,Finance,1,1,0.0,0.0,0.0,100.0,100.0,1,100.0,CHAINTRUTH
2026-08-01,SUP-024,Supplier 024,India,APAC,0.89,PLT-08,Taipei Micro,Taiwan,APAC,Enterprise,Canada,OTIF_ERP,ERP Definition,Finance,1,1,0.0,0.0,100.0,100.0,0.0,1,100.0,CHAINTRUTH
2026-08-01,SUP-024,Supplier 024,India,APAC,0.89,PLT-07,Seoul Tech,South Korea,APAC,Government,UK,OTIF_ERP,ERP Definition,Finance,1,1,0.0,0.0,100.0,100.0,100.0,1,100.0,CHAINTRUTH
2026-08-01,SUP-024,Supplier 024,India,APAC,0.89,PLT-02,Detroit Works,USA,NA,SMB,Germany,OTIF_ERP,ERP Definition,Finance,1,1,100.0,100.0,0.0,100.0,100.0,1,100.0,CHAINTRUTH
2026-08-01,SUP-025,Supplier 025,Mexico,LATAM,0.71,PLT-06,Sao Paulo Ops,Brazil,LATAM,Enterprise,Japan,OTIF_ERP,ERP Definition,Finance,1,1,0.0,0.0,0.0,100.0,100.0,1,100.0,CHAINTRUTH
2026-08-01,SUP-025,Supplier 025,Mexico,LATAM,0.71,PLT-06,Sao Paulo Ops,Brazil,LATAM,Government,USA,OTIF_ERP,ERP Definition,Finance,1,1,0.0,0.0,0.0,100.0,100.0,1,100.0,CHAINTRUTH
2026-08-01,SUP-025,Supplier 025,Mexico,LATAM,0.71,PLT-02,Detroit Works,USA,NA,Government,Germany,OTIF_ERP,ERP Definition,Finance,1,1,0.0,0.0,100.0,100.0,100.0,1,100.0,CHAINTRUTH
2026-08-01,SUP-025,Supplier 025,Mexico,LATAM,0.71,PLT-00,Shanghai Hub,China,APAC,Enterprise,Canada,OTIF_ERP,ERP Definition,Finance,1,1,0.0,0.0,0.0,100.0,0.0,1,100.0,CHAINTRUTH
2026-08-01,SUP-025,Supplier 025,Mexico,LATAM,0.71,PLT-01,Munich Center,Germany,EMEA,Government,Japan,OTIF_ERP,ERP Definition,Finance,1,2,0.0,0.0,100.0,100.0,50.0,2,100.0,CHAINTRUTH
2026-08-01,SUP-025,Supplier 025,Mexico,LATAM,0.71,PLT-00,Shanghai Hub,China,APAC,Government,Germany,OTIF_ERP,ERP Definition,Finance,1,1,0.0,0.0,100.0,100.0,100.0,1,100.0,CHAINTRUTH
2026-08-01,SUP-025,Supplier 025,Mexico,LATAM,0.71,PLT-07,Seoul Tech,South Korea,APAC,SMB,Singapore,OTIF_ERP,ERP Definition,Finance,1,1,0.0,100.0,100.0,100.0,0.0,0,0.0,CHAINTRUTH
2026-08-01,SUP-025,Supplier 025,Mexico,LATAM,0.71,PLT-03,Tokyo Precision,Japan,APAC,Enterprise,USA,OTIF_ERP,ERP Definition,Finance,1,1,0.0,0.0,100.0,100.0,100.0,1,100.0,CHAINTRUTH
2026-08-01,SUP-025,Supplier 025,Mexico,LATAM,0.71,PLT-02,Detroit Works,USA,NA,Government,Australia,OTIF_ERP,ERP Definition,Finance,1,1,0.0,0.0,0.0,100.0,100.0,1,100.0,CHAINTRUTH
2026-08-01,SUP-025,Supplier 025,Mexico,LATAM,0.71,PLT-06,Sao Paulo Ops,Brazil,LATAM,SMB,Singapore,OTIF_ERP,ERP Definition,Finance,1,1,0.0,0.0,0.0,100.0,100.0,1,100.0,CHAINTRUTH
2026-08-01,SUP-026,Supplier 026,Brazil,LATAM,0.73,PLT-06,Sao Paulo Ops,Brazil,LATAM,Enterprise,Japan,OTIF_ERP,ERP Definition,Finance,1,2,0.0,0.0,50.0,50.0,50.0,1,50.0,CHAINTRUTH
2026-08-01,SUP-026,Supplier 026,Brazil,LATAM,0.73,PLT-01,Munich Center,Germany,EMEA,Government,Canada,OTIF_ERP,ERP Definition,Finance,1,1,100.0,100.0,100.0,100.0,100.0,0,0.0,CHAINTRUTH
2026-08-01,SUP-026,Supplier 026,Brazil,LATAM,0.73,PLT-07,Seoul Tech,South Korea,APAC,SMB,France,OTIF_ERP,ERP Definition,Finance,1,1,0.0,0.0,0.0,100.0,100.0,1,100.0,CHAINTRUTH
2026-08-01,SUP-026,Supplier 026,Brazil,LATAM,0.73,PLT-01,Munich Center,Germany,EMEA,Government,Germany,OTIF_ERP,ERP Definition,Finance,1,2,0.0,0.0,50.0,100.0,50.0,2,100.0,CHAINTRUTH
2026-08-01,SUP-026,Supplier 026,Brazil,LATAM,0.73,PLT-04,Chennai Forge,India,APAC,SMB,USA,OTIF_ERP,ERP Definition,Finance,1,1,0.0,0.0,100.0,100.0,100.0,1,100.0,CHAINTRUTH
2026-08-01,SUP-026,Supplier 026,Brazil,LATAM,0.73,PLT-09,Hanoi Assembly,Vietnam,APAC,Enterprise,Japan,OTIF_ERP,ERP Definition,Finance,1,1,0.0,0.0,0.0,100.0,100.0,1,100.0,CHAINTRUTH
2026-08-01,SUP-026,Supplier 026,Brazil,LATAM,0.73,PLT-05,Monterrey Plant,Mexico,LATAM,SMB,UK,OTIF_ERP,ERP Definition,Finance,1,2,0.0,0.0,100.0,100.0,50.0,2,100.0,CHAINTRUTH
2026-08-01,SUP-027,Supplier 027,South Korea,APAC,0.94,PLT-07,Seoul Tech,South Korea,APAC,Enterprise,Australia,OTIF_ERP,ERP Definition,Finance,1,2,0.0,0.0,0.0,100.0,0.0,2,100.0,CHAINTRUTH
2026-08-01,SUP-027,Supplier 027,South Korea,APAC,0.94,PLT-00,Shanghai Hub,China,APAC,SMB,UK,OTIF_ERP,ERP Definition,Finance,1,1,0.0,0.0,100.0,100.0,100.0,1,100.0,CHAINTRUTH
2026-08-01,SUP-027,Supplier 027,South Korea,APAC,0.94,PLT-03,Tokyo Precision,Japan,APAC,Enterprise,Japan,OTIF_ERP,ERP Definition,Finance,1,1,100.0,100.0,100.0,100.0,100.0,0,0.0,CHAINTRUTH
2026-08-01,SUP-027,Supplier 027,South Korea,APAC,0.94,PLT-08,Taipei Micro,Taiwan,APAC,SMB,Singapore,OTIF_ERP,ERP Definition,Finance,1,1,0.0,0.0,100.0,100.0,100.0,1,100.0,CHAINTRUTH
2026-08-01,SUP-027,Supplier 027,South Korea,APAC,0.94,PLT-01,Munich Center,Germany,EMEA,SMB,Canada,OTIF_ERP,ERP Definition,Finance,1,1,100.0,100.0,100.0,100.0,100.0,0,0.0,CHAINTRUTH
2026-08-01,SUP-028,Supplier 028,Taiwan,APAC,0.84,PLT-04,Chennai Forge,India,APAC,SMB,France,OTIF_ERP,ERP Definition,Finance,1,1,0.0,0.0,100.0,100.0,0.0,1,100.0,CHAINTRUTH
2026-08-01,SUP-028,Supplier 028,Taiwan,APAC,0.84,PLT-04,Chennai Forge,India,APAC,Enterprise,Germany,OTIF_ERP,ERP Definition,Finance,1,2,0.0,0.0,50.0,100.0,0.0,2,100.0,CHAINTRUTH
2026-08-01,SUP-028,Supplier 028,Taiwan,APAC,0.84,PLT-04,Chennai Forge,India,APAC,Government,Canada,OTIF_ERP,ERP Definition,Finance,1,1,0.0,0.0,0.0,100.0,100.0,1,100.0,CHAINTRUTH
2026-08-01,SUP-028,Supplier 028,Taiwan,APAC,0.84,PLT-09,Hanoi Assembly,Vietnam,APAC,SMB,Australia,OTIF_ERP,ERP Definition,Finance,1,1,0.0,0.0,0.0,100.0,100.0,1,100.0,CHAINTRUTH
2026-08-01,SUP-028,Supplier 028,Taiwan,APAC,0.84,PLT-07,Seoul Tech,South Korea,APAC,Enterprise,Japan,OTIF_ERP,ERP Definition,Finance,1,1,0.0,0.0,100.0,100.0,0.0,1,100.0,CHAINTRUTH
2026-08-01,SUP-028,Supplier 028,Taiwan,APAC,0.84,PLT-06,Sao Paulo Ops,Brazil,LATAM,Government,Canada,OTIF_ERP,ERP Definition,Finance,1,1,0.0,0.0,100.0,100.0,0.0,1,100.0,CHAINTRUTH
2026-08-01,SUP-029,Supplier 029,Vietnam,APAC,0.51,PLT-03,Tokyo Precision,Japan,APAC,SMB,Australia,OTIF_ERP,ERP Definition,Finance,1,1,0.0,0.0,100.0,100.0,100.0,1,100.0,CHAINTRUTH
2026-08-01,SUP-029,Supplier 029,Vietnam,APAC,0.51,PLT-05,Monterrey Plant,Mexico,LATAM,SMB,UK,OTIF_ERP,ERP Definition,Finance,1,2,0.0,0.0,0.0,100.0,0.0,2,100.0,CHAINTRUTH
2026-08-01,SUP-029,Supplier 029,Vietnam,APAC,0.51,PLT-00,Shanghai Hub,China,APAC,Enterprise,Canada,OTIF_ERP,ERP Definition,Finance,1,1,0.0,0.0,0.0,100.0,100.0,1,100.0,CHAINTRUTH
2026-08-01,SUP-029,Supplier 029,Vietnam,APAC,0.51,PLT-03,Tokyo Precision,Japan,APAC,SMB,UK,OTIF_ERP,ERP Definition,Finance,1,1,0.0,0.0,0.0,100.0,100.0,1,100.0,CHAINTRUTH
2026-08-01,SUP-029,Supplier 029,Vietnam,APAC,0.51,PLT-08,Taipei Micro,Taiwan,APAC,Enterprise,Australia,OTIF_ERP,ERP Definition,Finance,1,1,0.0,0.0,0.0,100.0,100.0,1,100.0,CHAINTRUTH
2026-08-01,SUP-029,Supplier 029,Vietnam,APAC,0.51,PLT-09,Hanoi Assembly,Vietnam,APAC,Government,Japan,OTIF_ERP,ERP Definition,Finance,1,1,0.0,0.0,100.0,100.0,100.0,1,100.0,CHAINTRUTH
2026-08-01,SUP-029,Supplier 029,Vietnam,APAC,0.51,PLT-07,Seoul Tech,South Korea,APAC,SMB,UK,OTIF_ERP,ERP Definition,Finance,1,1,0.0,0.0,0.0,100.0,100.0,1,100.0,CHAINTRUTH
2026-08-01,SUP-029,Supplier 029,Vietnam,APAC,0.51,PLT-05,Monterrey Plant,Mexico,LATAM,SMB,Canada,OTIF_ERP,ERP Definition,Finance,1,1,100.0,100.0,100.0,100.0,100.0,0,0.0,CHAINTRUTH
2026-08-01,SUP-029,Supplier 029,Vietnam,APAC,0.51,PLT-00,Shanghai Hub,China,APAC,SMB,Canada,OTIF_ERP,ERP Definition,Finance,1,1,0.0,0.0,100.0,100.0,100.0,1,100.0,CHAINTRUTH
2026-08-01,SUP-030,Supplier 030,China,APAC,0.59,PLT-02,Detroit Works,USA,NA,Government,Australia,OTIF_ERP,ERP Definition,Finance,1,1,0.0,0.0,0.0,100.0,100.0,1,100.0,CHAINTRUTH
2026-08-01,SUP-030,Supplier 030,China,APAC,0.59,PLT-05,Monterrey Plant,Mexico,LATAM,Enterprise,France,OTIF_ERP,ERP Definition,Finance,1,1,0.0,0.0,100.0,100.0,100.0,1,100.0,CHAINTRUTH
2026-08-01,SUP-030,Supplier 030,China,APAC,0.59,PLT-08,Taipei Micro,Taiwan,APAC,Enterprise,Japan,OTIF_ERP,ERP Definition,Finance,1,2,0.0,0.0,100.0,100.0,50.0,2,100.0,CHAINTRUTH
2026-08-01,SUP-031,Supplier 031,Germany,EMEA,0.92,PLT-08,Taipei Micro,Taiwan,APAC,Government,Japan,OTIF_ERP,ERP Definition,Finance,1,1,100.0,100.0,100.0,100.0,100.0,0,0.0,CHAINTRUTH
2026-08-01,SUP-031,Supplier 031,Germany,EMEA,0.92,PLT-02,Detroit Works,USA,NA,Enterprise,Germany,OTIF_ERP,ERP Definition,Finance,1,1,0.0,0.0,0.0,100.0,100.0,1,100.0,CHAINTRUTH
2026-08-01,SUP-031,Supplier 031,Germany,EMEA,0.92,PLT-07,Seoul Tech,South Korea,APAC,Enterprise,Germany,OTIF_ERP,ERP Definition,Finance,1,1,0.0,0.0,100.0,100.0,100.0,1,100.0,CHAINTRUTH
2026-08-01,SUP-032,Supplier 032,USA,NA,0.78,PLT-09,Hanoi Assembly,Vietnam,APAC,Enterprise,Japan,OTIF_ERP,ERP Definition,Finance,1,1,100.0,100.0,0.0,100.0,100.0,1,100.0,CHAINTRUTH
2026-08-01,SUP-032,Supplier 032,USA,NA,0.78,PLT-07,Seoul Tech,South Korea,APAC,Enterprise,Canada,OTIF_ERP,ERP Definition,Finance,1,1,0.0,0.0,100.0,100.0,100.0,1,100.0,CHAINTRUTH
2026-08-01,SUP-032,Supplier 032,USA,NA,0.78,PLT-05,Monterrey Plant,Mexico,LATAM,Enterprise,Germany,OTIF_ERP,ERP Definition,Finance,1,1,0.0,0.0,100.0,100.0,100.0,1,100.0,CHAINTRUTH
2026-08-01,SUP-032,Supplier 032,USA,NA,0.78,PLT-04,Chennai Forge,India,APAC,SMB,UK,OTIF_ERP,ERP Definition,Finance,1,1,0.0,0.0,100.0,100.0,100.0,1,100.0,CHAINTRUTH
2026-08-01,SUP-033,Supplier 033,Japan,APAC,0.5,PLT-08,Taipei Micro,Taiwan,APAC,Government,Singapore,OTIF_ERP,ERP Definition,Finance,1,1,0.0,0.0,0.0,100.0,100.0,1,100.0,CHAINTRUTH
2026-08-01,SUP-033,Supplier 033,Japan,APAC,0.5,PLT-04,Chennai Forge,India,APAC,SMB,Japan,OTIF_ERP,ERP Definition,Finance,1,1,0.0,0.0,0.0,100.0,100.0,1,100.0,CHAINTRUTH
2026-08-01,SUP-033,Supplier 033,Japan,APAC,0.5,PLT-02,Detroit Works,USA,NA,Government,Germany,OTIF_ERP,ERP Definition,Finance,1,1,0.0,0.0,0.0,100.0,0.0,1,100.0,CHAINTRUTH
2026-08-01,SUP-033,Supplier 033,Japan,APAC,0.5,PLT-09,Hanoi Assembly,Vietnam,APAC,SMB,Singapore,OTIF_ERP,ERP Definition,Finance,1,1,0.0,0.0,100.0,100.0,0.0,1,100.0,CHAINTRUTH
2026-08-01,SUP-033,Supplier 033,Japan,APAC,0.5,PLT-03,Tokyo Precision,Japan,APAC,SMB,Singapore,OTIF_ERP,ERP Definition,Finance,1,1,0.0,0.0,0.0,100.0,100.0,1,100.0,CHAINTRUTH
2026-08-01,SUP-033,Supplier 033,Japan,APAC,0.5,PLT-01,Munich Center,Germany,EMEA,SMB,Australia,OTIF_ERP,ERP Definition,Finance,1,1,0.0,0.0,0.0,100.0,100.0,1,100.0,CHAINTRUTH
2026-08-01,SUP-034,Supplier 034,India,APAC,0.95,PLT-01,Munich Center,Germany,EMEA,Enterprise,Canada,OTIF_ERP,ERP Definition,Finance,1,1,100.0,100.0,100.0,100.0,100.0,0,0.0,CHAINTRUTH
2026-08-01,SUP-034,Supplier 034,India,APAC,0.95,PLT-07,Seoul Tech,South Korea,APAC,SMB,Singapore,OTIF_ERP,ERP Definition,Finance,1,1,0.0,0.0,100.0,100.0,100.0,1,100.0,CHAINTRUTH
2026-08-01,SUP-034,Supplier 034,India,APAC,0.95,PLT-00,Shanghai Hub,China,APAC,SMB,UK,OTIF_ERP,ERP Definition,Finance,1,1,0.0,0.0,100.0,100.0,0.0,1,100.0,CHAINTRUTH
2026-08-01,SUP-034,Supplier 034,India,APAC,0.95,PLT-06,Sao Paulo Ops,Brazil,LATAM,SMB,UK,OTIF_ERP,ERP Definition,Finance,1,1,0.0,0.0,100.0,100.0,0.0,1,100.0,CHAINTRUTH
2026-08-01,SUP-034,Supplier 034,India,APAC,0.95,PLT-01,Munich Center,Germany,EMEA,Enterprise,France,OTIF_ERP,ERP Definition,Finance,1,1,0.0,100.0,100.0,100.0,0.0,0,0.0,CHAINTRUTH
2026-08-01,SUP-034,Supplier 034,India,APAC,0.95,PLT-03,Tokyo Precision,Japan,APAC,SMB,USA,OTIF_ERP,ERP Definition,Finance,1,2,0.0,0.0,50.0,100.0,50.0,2,100.0,CHAINTRUTH
2026-08-01,SUP-034,Supplier 034,India,APAC,0.95,PLT-06,Sao Paulo Ops,Brazil,LATAM,Enterprise,USA,OTIF_ERP,ERP Definition,Finance,1,1,0.0,0.0,100.0,100.0,100.0,1,100.0,CHAINTRUTH
2026-08-01,SUP-034,Supplier 034,India,APAC,0.95,PLT-02,Detroit Works,USA,NA,SMB,Singapore,OTIF_ERP,ERP Definition,Finance,1,1,100.0,100.0,100.0,100.0,100.0,0,0.0,CHAINTRUTH
2026-08-01,SUP-035,Supplier 035,Mexico,LATAM,0.77,PLT-03,Tokyo Precision,Japan,APAC,SMB,Singapore,OTIF_ERP,ERP Definition,Finance,1,1,0.0,0.0,0.0,100.0,100.0,1,100.0,CHAINTRUTH
2026-08-01,SUP-035,Supplier 035,Mexico,LATAM,0.77,PLT-00,Shanghai Hub,China,APAC,SMB,Australia,OTIF_ERP,ERP Definition,Finance,1,1,0.0,0.0,100.0,100.0,100.0,1,100.0,CHAINTRUTH
2026-08-01,SUP-035,Supplier 035,Mexico,LATAM,0.77,PLT-03,Tokyo Precision,Japan,APAC,SMB,Germany,OTIF_ERP,ERP Definition,Finance,1,1,0.0,0.0,100.0,100.0,100.0,1,100.0,CHAINTRUTH
2026-08-01,SUP-035,Supplier 035,Mexico,LATAM,0.77,PLT-07,Seoul Tech,South Korea,APAC,SMB,Canada,OTIF_ERP,ERP Definition,Finance,1,1,0.0,0.0,100.0,100.0,100.0,1,100.0,CHAINTRUTH
2026-08-01,SUP-035,Supplier 035,Mexico,LATAM,0.77,PLT-03,Tokyo Precision,Japan,APAC,Enterprise,Canada,OTIF_ERP,ERP Definition,Finance,1,2,0.0,0.0,50.0,100.0,50.0,2,100.0,CHAINTRUTH
2026-08-01,SUP-035,Supplier 035,Mexico,LATAM,0.77,PLT-04,Chennai Forge,India,APAC,Enterprise,USA,OTIF_ERP,ERP Definition,Finance,1,1,0.0,0.0,100.0,100.0,0.0,1,100.0,CHAINTRUTH
2026-08-01,SUP-036,Supplier 036,Brazil,LATAM,0.76,PLT-03,Tokyo Precision,Japan,APAC,SMB,France,OTIF_ERP,ERP Definition,Finance,1,1,0.0,0.0,0.0,100.0,100.0,1,100.0,CHAINTRUTH
2026-08-01,SUP-036,Supplier 036,Brazil,LATAM,0.76,PLT-00,Shanghai Hub,China,APAC,Enterprise,Japan,OTIF_ERP,ERP Definition,Finance,1,1,0.0,0.0,0.0,100.0,100.0,1,100.0,CHAINTRUTH
2026-08-01,SUP-036,Supplier 036,Brazil,LATAM,0.76,PLT-03,Tokyo Precision,Japan,APAC,Enterprise,USA,OTIF_ERP,ERP Definition,Finance,1,2,0.0,0.0,50.0,50.0,50.0,1,50.0,CHAINTRUTH
2026-08-01,SUP-036,Supplier 036,Brazil,LATAM,0.76,PLT-06,Sao Paulo Ops,Brazil,LATAM,SMB,Singapore,OTIF_ERP,ERP Definition,Finance,1,1,0.0,0.0,100.0,100.0,0.0,1,100.0,CHAINTRUTH
2026-08-01,SUP-036,Supplier 036,Brazil,LATAM,0.76,PLT-05,Monterrey Plant,Mexico,LATAM,SMB,Germany,OTIF_ERP,ERP Definition,Finance,1,2,0.0,50.0,50.0,100.0,0.0,2,100.0,CHAINTRUTH
2026-08-01,SUP-037,Supplier 037,South Korea,APAC,0.7,PLT-02,Detroit Works,USA,NA,Enterprise,Japan,OTIF_ERP,ERP Definition,Finance,1,1,100.0,100.0,0.0,100.0,100.0,1,100.0,CHAINTRUTH
2026-08-01,SUP-037,Supplier 037,South Korea,APAC,0.7,PLT-04,Chennai Forge,India,APAC,Enterprise,Australia,OTIF_ERP,ERP Definition,Finance,1,1,0.0,0.0,100.0,100.0,100.0,1,100.0,CHAINTRUTH
2026-08-01,SUP-037,Supplier 037,South Korea,APAC,0.7,PLT-00,Shanghai Hub,China,APAC,SMB,Australia,OTIF_ERP,ERP Definition,Finance,1,2,0.0,0.0,100.0,100.0,0.0,2,100.0,CHAINTRUTH
2026-08-01,SUP-037,Supplier 037,South Korea,APAC,0.7,PLT-02,Detroit Works,USA,NA,SMB,Germany,OTIF_ERP,ERP Definition,Finance,1,1,100.0,100.0,100.0,100.0,100.0,0,0.0,CHAINTRUTH
2026-08-01,SUP-037,Supplier 037,South Korea,APAC,0.7,PLT-03,Tokyo Precision,Japan,APAC,SMB,UK,OTIF_ERP,ERP Definition,Finance,1,1,0.0,0.0,0.0,100.0,100.0,1,100.0,CHAINTRUTH
2026-08-01,SUP-037,Supplier 037,South Korea,APAC,0.7,PLT-03,Tokyo Precision,Japan,APAC,SMB,Singapore,OTIF_ERP,ERP Definition,Finance,1,1,0.0,0.0,100.0,100.0,0.0,1,100.0,CHAINTRUTH
2026-08-01,SUP-037,Supplier 037,South Korea,APAC,0.7,PLT-02,Detroit Works,USA,NA,SMB,UK,OTIF_ERP,ERP Definition,Finance,1,1,100.0,100.0,0.0,100.0,100.0,1,100.0,CHAINTRUTH
2026-08-01,SUP-038,Supplier 038,Taiwan,APAC,0.95,PLT-08,Taipei Micro,Taiwan,APAC,SMB,UK,OTIF_ERP,ERP Definition,Finance,1,1,0.0,100.0,100.0,100.0,0.0,0,0.0,CHAINTRUTH
2026-08-01,SUP-038,Supplier 038,Taiwan,APAC,0.95,PLT-09,Hanoi Assembly,Vietnam,APAC,SMB,Australia,OTIF_ERP,ERP Definition,Finance,1,1,0.0,0.0,100.0,100.0,100.0,1,100.0,CHAINTRUTH
2026-08-01,SUP-038,Supplier 038,Taiwan,APAC,0.95,PLT-04,Chennai Forge,India,APAC,Enterprise,Germany,OTIF_ERP,ERP Definition,Finance,1,1,0.0,0.0,0.0,100.0,100.0,1,100.0,CHAINTRUTH
2026-08-01,SUP-039,Supplier 039,Vietnam,APAC,0.68,PLT-00,Shanghai Hub,China,APAC,SMB,Australia,OTIF_ERP,ERP Definition,Finance,1,1,0.0,0.0,0.0,100.0,0.0,1,100.0,CHAINTRUTH
2026-08-01,SUP-039,Supplier 039,Vietnam,APAC,0.68,PLT-02,Detroit Works,USA,NA,SMB,Australia,OTIF_ERP,ERP Definition,Finance,1,1,100.0,100.0,100.0,100.0,100.0,0,0.0,CHAINTRUTH
2026-08-01,SUP-039,Supplier 039,Vietnam,APAC,0.68,PLT-04,Chennai Forge,India,APAC,SMB,Japan,OTIF_ERP,ERP Definition,Finance,1,1,0.0,0.0,100.0,100.0,100.0,1,100.0,CHAINTRUTH
2026-08-01,SUP-039,Supplier 039,Vietnam,APAC,0.68,PLT-03,Tokyo Precision,Japan,APAC,Enterprise,Japan,OTIF_ERP,ERP Definition,Finance,1,1,0.0,0.0,0.0,100.0,100.0,1,100.0,CHAINTRUTH
2026-08-01,SUP-040,Supplier 040,China,APAC,0.96,PLT-01,Munich Center,Germany,EMEA,SMB,Japan,OTIF_ERP,ERP Definition,Finance,1,1,0.0,0.0,0.0,100.0,0.0,1,100.0,CHAINTRUTH
2026-08-01,SUP-040,Supplier 040,China,APAC,0.96,PLT-04,Chennai Forge,India,APAC,Government,Germany,OTIF_ERP,ERP Definition,Finance,1,1,0.0,100.0,100.0,100.0,0.0,0,0.0,CHAINTRUTH
2026-08-01,SUP-040,Supplier 040,China,APAC,0.96,PLT-05,Monterrey Plant,Mexico,LATAM,Enterprise,USA,OTIF_ERP,ERP Definition,Finance,1,1,100.0,100.0,100.0,100.0,100.0,0,0.0,CHAINTRUTH
2026-08-01,SUP-040,Supplier 040,China,APAC,0.96,PLT-05,Monterrey Plant,Mexico,LATAM,Government,USA,OTIF_ERP,ERP Definition,Finance,1,1,0.0,0.0,100.0,100.0,0.0,1,100.0,CHAINTRUTH
2026-08-01,SUP-040,Supplier 040,China,APAC,0.96,PLT-09,Hanoi Assembly,Vietnam,APAC,SMB,France,OTIF_ERP,ERP Definition,Finance,1,1,0.0,0.0,100.0,100.0,0.0,1,100.0,CHAINTRUTH
2026-08-01,SUP-040,Supplier 040,China,APAC,0.96,PLT-04,Chennai Forge,India,APAC,Government,Japan,OTIF_ERP,ERP Definition,Finance,1,1,0.0,0.0,0.0,100.0,100.0,1,100.0,CHAINTRUTH
2026-08-01,SUP-041,Supplier 041,Germany,EMEA,0.64,PLT-05,Monterrey Plant,Mexico,LATAM,SMB,Australia,OTIF_ERP,ERP Definition,Finance,1,1,0.0,0.0,0.0,100.0,100.0,1,100.0,CHAINTRUTH
2026-08-01,SUP-041,Supplier 041,Germany,EMEA,0.64,PLT-06,Sao Paulo Ops,Brazil,LATAM,Enterprise,Canada,OTIF_ERP,ERP Definition,Finance,1,1,100.0,100.0,100.0,100.0,100.0,0,0.0,CHAINTRUTH
2026-08-01,SUP-041,Supplier 041,Germany,EMEA,0.64,PLT-03,Tokyo Precision,Japan,APAC,Government,UK,OTIF_ERP,ERP Definition,Finance,1,1,0.0,0.0,0.0,100.0,100.0,1,100.0,CHAINTRUTH
2026-08-01,SUP-041,Supplier 041,Germany,EMEA,0.64,PLT-00,Shanghai Hub,China,APAC,SMB,USA,OTIF_ERP,ERP Definition,Finance,1,1,0.0,0.0,0.0,100.0,100.0,1,100.0,CHAINTRUTH
2026-08-01,SUP-041,Supplier 041,Germany,EMEA,0.64,PLT-00,Shanghai Hub,China,APAC,Enterprise,Canada,OTIF_ERP,ERP Definition,Finance,1,1,0.0,100.0,100.0,100.0,0.0,0,0.0,CHAINTRUTH
2026-08-01,SUP-042,Supplier 042,USA,NA,0.91,PLT-01,Munich Center,Germany,EMEA,SMB,France,OTIF_ERP,ERP Definition,Finance,1,2,0.0,0.0,50.0,100.0,0.0,2,100.0,CHAINTRUTH
2026-08-01,SUP-042,Supplier 042,USA,NA,0.91,PLT-02,Detroit Works,USA,NA,Government,Australia,OTIF_ERP,ERP Definition,Finance,1,1,0.0,0.0,0.0,100.0,100.0,1,100.0,CHAINTRUTH
2026-08-01,SUP-042,Supplier 042,USA,NA,0.91,PLT-04,Chennai Forge,India,APAC,Government,France,OTIF_ERP,ERP Definition,Finance,1,1,0.0,0.0,0.0,100.0,0.0,1,100.0,CHAINTRUTH
2026-08-01,SUP-042,Supplier 042,USA,NA,0.91,PLT-00,Shanghai Hub,China,APAC,SMB,France,OTIF_ERP,ERP Definition,Finance,1,1,0.0,0.0,0.0,100.0,0.0,1,100.0,CHAINTRUTH
2026-08-01,SUP-042,Supplier 042,USA,NA,0.91,PLT-07,Seoul Tech,South Korea,APAC,SMB,USA,OTIF_ERP,ERP Definition,Finance,1,1,0.0,0.0,0.0,100.0,100.0,1,100.0,CHAINTRUTH
2026-08-01,SUP-042,Supplier 042,USA,NA,0.91,PLT-04,Chennai Forge,India,APAC,SMB,Japan,OTIF_ERP,ERP Definition,Finance,1,1,0.0,0.0,100.0,100.0,100.0,1,100.0,CHAINTRUTH
2026-08-01,SUP-042,Supplier 042,USA,NA,0.91,PLT-05,Monterrey Plant,Mexico,LATAM,Enterprise,France,OTIF_ERP,ERP Definition,Finance,1,1,0.0,0.0,0.0,100.0,100.0,1,100.0,CHAINTRUTH
2026-08-01,SUP-042,Supplier 042,USA,NA,0.91,PLT-04,Chennai Forge,India,APAC,Enterprise,France,OTIF_ERP,ERP Definition,Finance,1,1,100.0,100.0,100.0,100.0,100.0,0,0.0,CHAINTRUTH
2026-08-01,SUP-042,Supplier 042,USA,NA,0.91,PLT-03,Tokyo Precision,Japan,APAC,SMB,Australia,OTIF_ERP,ERP Definition,Finance,1,2,0.0,0.0,50.0,100.0,50.0,2,100.0,CHAINTRUTH
2026-08-01,SUP-042,Supplier 042,USA,NA,0.91,PLT-09,Hanoi Assembly,Vietnam,APAC,Government,France,OTIF_ERP,ERP Definition,Finance,1,1,0.0,0.0,100.0,100.0,100.0,1,100.0,CHAINTRUTH
2026-08-01,SUP-043,Supplier 043,Japan,APAC,0.98,PLT-08,Taipei Micro,Taiwan,APAC,SMB,Australia,OTIF_ERP,ERP Definition,Finance,1,1,0.0,0.0,100.0,100.0,100.0,1,100.0,CHAINTRUTH
2026-08-01,SUP-043,Supplier 043,Japan,APAC,0.98,PLT-00,Shanghai Hub,China,APAC,SMB,UK,OTIF_ERP,ERP Definition,Finance,1,1,0.0,100.0,100.0,100.0,0.0,0,0.0,CHAINTRUTH
2026-08-01,SUP-043,Supplier 043,Japan,APAC,0.98,PLT-01,Munich Center,Germany,EMEA,Enterprise,France,OTIF_ERP,ERP Definition,Finance,1,1,0.0,0.0,100.0,100.0,100.0,1,100.0,CHAINTRUTH
2026-08-01,SUP-043,Supplier 043,Japan,APAC,0.98,PLT-05,Monterrey Plant,Mexico,LATAM,SMB,France,OTIF_ERP,ERP Definition,Finance,1,1,0.0,0.0,100.0,100.0,0.0,1,100.0,CHAINTRUTH
2026-08-01,SUP-043,Supplier 043,Japan,APAC,0.98,PLT-03,Tokyo Precision,Japan,APAC,Enterprise,Japan,OTIF_ERP,ERP Definition,Finance,1,2,0.0,0.0,0.0,100.0,50.0,2,100.0,CHAINTRUTH
2026-08-01,SUP-043,Supplier 043,Japan,APAC,0.98,PLT-02,Detroit Works,USA,NA,Government,Singapore,OTIF_ERP,ERP Definition,Finance,1,1,0.0,100.0,100.0,100.0,0.0,0,0.0,CHAINTRUTH
2026-08-01,SUP-043,Supplier 043,Japan,APAC,0.98,PLT-01,Munich Center,Germany,EMEA,SMB,Singapore,OTIF_ERP,ERP Definition,Finance,1,2,0.0,0.0,50.0,100.0,50.0,2,100.0,CHAINTRUTH
2026-08-01,SUP-043,Supplier 043,Japan,APAC,0.98,PLT-09,Hanoi Assembly,Vietnam,APAC,SMB,France,OTIF_ERP,ERP Definition,Finance,1,1,0.0,0.0,0.0,100.0,100.0,1,100.0,CHAINTRUTH
2026-08-01,SUP-044,Supplier 044,India,APAC,0.55,PLT-03,Tokyo Precision,Japan,APAC,Enterprise,Canada,OTIF_ERP,ERP Definition,Finance,1,1,0.0,0.0,100.0,100.0,100.0,1,100.0,CHAINTRUTH
2026-08-01,SUP-044,Supplier 044,India,APAC,0.55,PLT-07,Seoul Tech,South Korea,APAC,Government,USA,OTIF_ERP,ERP Definition,Finance,1,1,0.0,0.0,0.0,100.0,100.0,1,100.0,CHAINTRUTH
2026-08-01,SUP-044,Supplier 044,India,APAC,0.55,PLT-03,Tokyo Precision,Japan,APAC,Government,Germany,OTIF_ERP,ERP Definition,Finance,1,1,0.0,0.0,100.0,100.0,0.0,1,100.0,CHAINTRUTH
2026-08-01,SUP-044,Supplier 044,India,APAC,0.55,PLT-03,Tokyo Precision,Japan,APAC,SMB,Japan,OTIF_ERP,ERP Definition,Finance,1,1,0.0,0.0,100.0,100.0,100.0,1,100.0,CHAINTRUTH
2026-08-01,SUP-044,Supplier 044,India,APAC,0.55,PLT-04,Chennai Forge,India,APAC,Enterprise,France,OTIF_ERP,ERP Definition,Finance,1,1,0.0,0.0,0.0,100.0,0.0,1,100.0,CHAINTRUTH
2026-08-01,SUP-044,Supplier 044,India,APAC,0.55,PLT-02,Detroit Works,USA,NA,Enterprise,Canada,OTIF_ERP,ERP Definition,Finance,1,1,0.0,0.0,0.0,100.0,100.0,1,100.0,CHAINTRUTH
2026-08-01,SUP-044,Supplier 044,India,APAC,0.55,PLT-04,Chennai Forge,India,APAC,SMB,Canada,OTIF_ERP,ERP Definition,Finance,1,1,0.0,0.0,0.0,100.0,100.0,1,100.0,CHAINTRUTH
2026-08-01,SUP-044,Supplier 044,India,APAC,0.55,PLT-05,Monterrey Plant,Mexico,LATAM,SMB,France,OTIF_ERP,ERP Definition,Finance,1,1,0.0,0.0,100.0,100.0,100.0,1,100.0,CHAINTRUTH
2026-08-01,SUP-044,Supplier 044,India,APAC,0.55,PLT-00,Shanghai Hub,China,APAC,Government,Germany,OTIF_ERP,ERP Definition,Finance,1,1,0.0,0.0,100.0,100.0,100.0,1,100.0,CHAINTRUTH
2026-08-01,SUP-044,Supplier 044,India,APAC,0.55,PLT-09,Hanoi Assembly,Vietnam,APAC,Government,Germany,OTIF_ERP,ERP Definition,Finance,1,1,0.0,0.0,0.0,100.0,100.0,1,100.0,CHAINTRUTH
2026-08-01,SUP-044,Supplier 044,India,APAC,0.55,PLT-02,Detroit Works,USA,NA,SMB,Canada,OTIF_ERP,ERP Definition,Finance,1,1,0.0,0.0,0.0,100.0,100.0,1,100.0,CHAINTRUTH
2026-08-01,SUP-044,Supplier 044,India,APAC,0.55,PLT-03,Tokyo Precision,Japan,APAC,SMB,Singapore,OTIF_ERP,ERP Definition,Finance,1,1,100.0,100.0,100.0,100.0,100.0,0,0.0,CHAINTRUTH
2026-08-01,SUP-045,Supplier 045,Mexico,LATAM,0.92,PLT-08,Taipei Micro,Taiwan,APAC,SMB,Australia,OTIF_ERP,ERP Definition,Finance,1,1,0.0,0.0,0.0,100.0,100.0,1,100.0,CHAINTRUTH
2026-08-01,SUP-045,Supplier 045,Mexico,LATAM,0.92,PLT-06,Sao Paulo Ops,Brazil,LATAM,SMB,France,OTIF_ERP,ERP Definition,Finance,1,1,0.0,0.0,100.0,100.0,100.0,1,100.0,CHAINTRUTH
2026-08-01,SUP-045,Supplier 045,Mexico,LATAM,0.92,PLT-05,Monterrey Plant,Mexico,LATAM,SMB,USA,OTIF_ERP,ERP Definition,Finance,1,1,0.0,0.0,0.0,100.0,100.0,1,100.0,CHAINTRUTH
2026-08-01,SUP-045,Supplier 045,Mexico,LATAM,0.92,PLT-07,Seoul Tech,South Korea,APAC,Enterprise,Canada,OTIF_ERP,ERP Definition,Finance,1,1,0.0,0.0,100.0,100.0,100.0,1,100.0,CHAINTRUTH
2026-08-01,SUP-045,Supplier 045,Mexico,LATAM,0.92,PLT-03,Tokyo Precision,Japan,APAC,Government,Canada,OTIF_ERP,ERP Definition,Finance,1,1,0.0,0.0,0.0,100.0,0.0,1,100.0,CHAINTRUTH
2026-08-01,SUP-045,Supplier 045,Mexico,LATAM,0.92,PLT-03,Tokyo Precision,Japan,APAC,Government,USA,OTIF_ERP,ERP Definition,Finance,1,1,0.0,0.0,100.0,100.0,100.0,1,100.0,CHAINTRUTH
2026-08-01,SUP-045,Supplier 045,Mexico,LATAM,0.92,PLT-07,Seoul Tech,South Korea,APAC,Enterprise,Japan,OTIF_ERP,ERP Definition,Finance,1,1,0.0,0.0,100.0,100.0,0.0,1,100.0,CHAINTRUTH
2026-08-01,SUP-046,Supplier 046,Brazil,LATAM,0.96,PLT-04,Chennai Forge,India,APAC,SMB,Singapore,OTIF_ERP,ERP Definition,Finance,1,2,0.0,0.0,50.0,100.0,0.0,2,100.0,CHAINTRUTH
2026-08-01,SUP-046,Supplier 046,Brazil,LATAM,0.96,PLT-09,Hanoi Assembly,Vietnam,APAC,Enterprise,Japan,OTIF_ERP,ERP Definition,Finance,1,1,0.0,0.0,0.0,100.0,100.0,1,100.0,CHAINTRUTH
2026-08-01,SUP-047,Supplier 047,South Korea,APAC,0.59,PLT-06,Sao Paulo Ops,Brazil,LATAM,Enterprise,UK,OTIF_ERP,ERP Definition,Finance,1,1,0.0,0.0,100.0,100.0,0.0,1,100.0,CHAINTRUTH
2026-08-01,SUP-047,Supplier 047,South Korea,APAC,0.59,PLT-02,Detroit Works,USA,NA,Enterprise,Australia,OTIF_ERP,ERP Definition,Finance,1,1,0.0,0.0,0.0,100.0,100.0,1,100.0,CHAINTRUTH
2026-08-01,SUP-047,Supplier 047,South Korea,APAC,0.59,PLT-09,Hanoi Assembly,Vietnam,APAC,Enterprise,Canada,OTIF_ERP,ERP Definition,Finance,1,1,0.0,0.0,0.0,100.0,100.0,1,100.0,CHAINTRUTH
2026-08-01,SUP-047,Supplier 047,South Korea,APAC,0.59,PLT-01,Munich Center,Germany,EMEA,Government,Singapore,OTIF_ERP,ERP Definition,Finance,1,1,0.0,0.0,0.0,100.0,100.0,1,100.0,CHAINTRUTH
2026-08-01,SUP-048,Supplier 048,Taiwan,APAC,0.54,PLT-03,Tokyo Precision,Japan,APAC,SMB,Australia,OTIF_ERP,ERP Definition,Finance,1,1,0.0,0.0,0.0,100.0,100.0,1,100.0,CHAINTRUTH
2026-08-01,SUP-048,Supplier 048,Taiwan,APAC,0.54,PLT-08,Taipei Micro,Taiwan,APAC,SMB,Germany,OTIF_ERP,ERP Definition,Finance,1,1,0.0,0.0,0.0,100.0,100.0,1,100.0,CHAINTRUTH
2026-08-01,SUP-048,Supplier 048,Taiwan,APAC,0.54,PLT-04,Chennai Forge,India,APAC,Enterprise,France,OTIF_ERP,ERP Definition,Finance,1,2,0.0,0.0,50.0,100.0,0.0,2,100.0,CHAINTRUTH
2026-08-01,SUP-048,Supplier 048,Taiwan,APAC,0.54,PLT-08,Taipei Micro,Taiwan,APAC,Government,France,OTIF_ERP,ERP Definition,Finance,1,1,0.0,0.0,0.0,100.0,0.0,1,100.0,CHAINTRUTH
2026-08-01,SUP-048,Supplier 048,Taiwan,APAC,0.54,PLT-02,Detroit Works,USA,NA,SMB,Australia,OTIF_ERP,ERP Definition,Finance,1,1,0.0,0.0,0.0,100.0,100.0,1,100.0,CHAINTRUTH
2026-08-01,SUP-048,Supplier 048,Taiwan,APAC,0.54,PLT-06,Sao Paulo Ops,Brazil,LATAM,Enterprise,UK,OTIF_ERP,ERP Definition,Finance,1,1,0.0,0.0,0.0,100.0,100.0,1,100.0,CHAINTRUTH
2026-08-01,SUP-048,Supplier 048,Taiwan,APAC,0.54,PLT-08,Taipei Micro,Taiwan,APAC,SMB,USA,OTIF_ERP,ERP Definition,Finance,1,2,0.0,0.0,50.0,100.0,50.0,2,100.0,CHAINTRUTH
2026-08-01,SUP-049,Supplier 049,Vietnam,APAC,0.75,PLT-02,Detroit Works,USA,NA,SMB,Australia,OTIF_ERP,ERP Definition,Finance,1,2,50.0,50.0,50.0,50.0,50.0,0,0.0,CHAINTRUTH
2026-08-01,SUP-049,Supplier 049,Vietnam,APAC,0.75,PLT-06,Sao Paulo Ops,Brazil,LATAM,Enterprise,Germany,OTIF_ERP,ERP Definition,Finance,1,1,0.0,0.0,100.0,100.0,0.0,1,100.0,CHAINTRUTH
2026-08-01,SUP-049,Supplier 049,Vietnam,APAC,0.75,PLT-02,Detroit Works,USA,NA,SMB,USA,OTIF_ERP,ERP Definition,Finance,1,1,0.0,0.0,0.0,100.0,0.0,1,100.0,CHAINTRUTH
2026-09-01,SUP-000,Supplier 000,China,APAC,0.85,PLT-00,Shanghai Hub,China,APAC,Enterprise,Japan,OTIF_ERP,ERP Definition,Finance,1,1,0.0,0.0,100.0,100.0,100.0,1,100.0,CHAINTRUTH
2026-09-01,SUP-000,Supplier 000,China,APAC,0.85,PLT-06,Sao Paulo Ops,Brazil,LATAM,SMB,UK,OTIF_ERP,ERP Definition,Finance,1,1,0.0,0.0,0.0,100.0,100.0,1,100.0,CHAINTRUTH
2026-09-01,SUP-000,Supplier 000,China,APAC,0.85,PLT-03,Tokyo Precision,Japan,APAC,SMB,Singapore,OTIF_ERP,ERP Definition,Finance,1,1,0.0,0.0,0.0,100.0,100.0,1,100.0,CHAINTRUTH
2026-09-01,SUP-001,Supplier 001,Germany,EMEA,0.7,PLT-03,Tokyo Precision,Japan,APAC,Enterprise,France,OTIF_ERP,ERP Definition,Finance,1,1,0.0,0.0,100.0,100.0,100.0,1,100.0,CHAINTRUTH
2026-09-01,SUP-001,Supplier 001,Germany,EMEA,0.7,PLT-04,Chennai Forge,India,APAC,Enterprise,Singapore,OTIF_ERP,ERP Definition,Finance,1,1,0.0,0.0,0.0,100.0,100.0,1,100.0,CHAINTRUTH
2026-09-01,SUP-001,Supplier 001,Germany,EMEA,0.7,PLT-04,Chennai Forge,India,APAC,SMB,Germany,OTIF_ERP,ERP Definition,Finance,1,1,0.0,0.0,100.0,100.0,100.0,1,100.0,CHAINTRUTH
2026-09-01,SUP-001,Supplier 001,Germany,EMEA,0.7,PLT-00,Shanghai Hub,China,APAC,Government,Canada,OTIF_ERP,ERP Definition,Finance,1,1,0.0,0.0,100.0,100.0,0.0,1,100.0,CHAINTRUTH
2026-09-01,SUP-001,Supplier 001,Germany,EMEA,0.7,PLT-02,Detroit Works,USA,NA,SMB,UK,OTIF_ERP,ERP Definition,Finance,1,1,0.0,0.0,100.0,100.0,100.0,1,100.0,CHAINTRUTH
2026-09-01,SUP-001,Supplier 001,Germany,EMEA,0.7,PLT-07,Seoul Tech,South Korea,APAC,SMB,UK,OTIF_ERP,ERP Definition,Finance,1,1,0.0,0.0,100.0,100.0,100.0,1,100.0,CHAINTRUTH
2026-09-01,SUP-001,Supplier 001,Germany,EMEA,0.7,PLT-00,Shanghai Hub,China,APAC,SMB,Canada,OTIF_ERP,ERP Definition,Finance,1,1,0.0,0.0,0.0,100.0,100.0,1,100.0,CHAINTRUTH
2026-09-01,SUP-001,Supplier 001,Germany,EMEA,0.7,PLT-06,Sao Paulo Ops,Brazil,LATAM,SMB,Canada,OTIF_ERP,ERP Definition,Finance,1,2,0.0,0.0,100.0,100.0,0.0,2,100.0,CHAINTRUTH
2026-09-01,SUP-002,Supplier 002,USA,NA,0.74,PLT-06,Sao Paulo Ops,Brazil,LATAM,SMB,Germany,OTIF_ERP,ERP Definition,Finance,1,1,0.0,0.0,100.0,100.0,100.0,1,100.0,CHAINTRUTH
2026-09-01,SUP-002,Supplier 002,USA,NA,0.74,PLT-08,Taipei Micro,Taiwan,APAC,Government,Singapore,OTIF_ERP,ERP Definition,Finance,1,2,0.0,0.0,50.0,100.0,50.0,2,100.0,CHAINTRUTH
2026-09-01,SUP-002,Supplier 002,USA,NA,0.74,PLT-08,Taipei Micro,Taiwan,APAC,SMB,Germany,OTIF_ERP,ERP Definition,Finance,1,2,0.0,0.0,50.0,100.0,50.0,2,100.0,CHAINTRUTH
2026-09-01,SUP-002,Supplier 002,USA,NA,0.74,PLT-08,Taipei Micro,Taiwan,APAC,Enterprise,France,OTIF_ERP,ERP Definition,Finance,1,1,0.0,0.0,0.0,100.0,100.0,1,100.0,CHAINTRUTH
2026-09-01,SUP-002,Supplier 002,USA,NA,0.74,PLT-08,Taipei Micro,Taiwan,APAC,Enterprise,Japan,OTIF_ERP,ERP Definition,Finance,1,1,0.0,0.0,100.0,100.0,0.0,1,100.0,CHAINTRUTH
2026-09-01,SUP-002,Supplier 002,USA,NA,0.74,PLT-02,Detroit Works,USA,NA,Enterprise,USA,OTIF_ERP,ERP Definition,Finance,1,1,100.0,100.0,100.0,100.0,100.0,0,0.0,CHAINTRUTH
2026-09-01,SUP-002,Supplier 002,USA,NA,0.74,PLT-09,Hanoi Assembly,Vietnam,APAC,Enterprise,USA,OTIF_ERP,ERP Definition,Finance,1,1,0.0,0.0,100.0,100.0,0.0,1,100.0,CHAINTRUTH
2026-09-01,SUP-002,Supplier 002,USA,NA,0.74,PLT-00,Shanghai Hub,China,APAC,SMB,Germany,OTIF_ERP,ERP Definition,Finance,1,2,0.0,0.0,100.0,50.0,0.0,2,100.0,CHAINTRUTH
2026-09-01,SUP-003,Supplier 003,Japan,APAC,0.64,PLT-03,Tokyo Precision,Japan,APAC,SMB,Canada,OTIF_ERP,ERP Definition,Finance,1,1,0.0,0.0,0.0,100.0,0.0,1,100.0,CHAINTRUTH
2026-09-01,SUP-003,Supplier 003,Japan,APAC,0.64,PLT-06,Sao Paulo Ops,Brazil,LATAM,SMB,Singapore,OTIF_ERP,ERP Definition,Finance,1,2,0.0,0.0,0.0,100.0,50.0,2,100.0,CHAINTRUTH
2026-09-01,SUP-003,Supplier 003,Japan,APAC,0.64,PLT-07,Seoul Tech,South Korea,APAC,SMB,Singapore,OTIF_ERP,ERP Definition,Finance,1,1,0.0,0.0,0.0,100.0,100.0,1,100.0,CHAINTRUTH
2026-09-01,SUP-003,Supplier 003,Japan,APAC,0.64,PLT-05,Monterrey Plant,Mexico,LATAM,Enterprise,Canada,OTIF_ERP,ERP Definition,Finance,1,1,0.0,0.0,100.0,100.0,0.0,1,100.0,CHAINTRUTH
2026-09-01,SUP-004,Supplier 004,India,APAC,0.69,PLT-00,Shanghai Hub,China,APAC,SMB,Australia,OTIF_ERP,ERP Definition,Finance,1,1,0.0,0.0,0.0,100.0,100.0,1,100.0,CHAINTRUTH
2026-09-01,SUP-004,Supplier 004,India,APAC,0.69,PLT-03,Tokyo Precision,Japan,APAC,Government,France,OTIF_ERP,ERP Definition,Finance,1,1,0.0,0.0,100.0,100.0,100.0,1,100.0,CHAINTRUTH
2026-09-01,SUP-004,Supplier 004,India,APAC,0.69,PLT-07,Seoul Tech,South Korea,APAC,Enterprise,USA,OTIF_ERP,ERP Definition,Finance,1,1,0.0,100.0,100.0,100.0,0.0,0,0.0,CHAINTRUTH
2026-09-01,SUP-004,Supplier 004,India,APAC,0.69,PLT-08,Taipei Micro,Taiwan,APAC,SMB,France,OTIF_ERP,ERP Definition,Finance,1,2,0.0,0.0,0.0,100.0,50.0,2,100.0,CHAINTRUTH
2026-09-01,SUP-004,Supplier 004,India,APAC,0.69,PLT-05,Monterrey Plant,Mexico,LATAM,SMB,Germany,OTIF_ERP,ERP Definition,Finance,1,1,100.0,100.0,100.0,100.0,100.0,0,0.0,CHAINTRUTH
2026-09-01,SUP-004,Supplier 004,India,APAC,0.69,PLT-07,Seoul Tech,South Korea,APAC,SMB,France,OTIF_ERP,ERP Definition,Finance,1,1,0.0,0.0,100.0,100.0,100.0,1,100.0,CHAINTRUTH
2026-09-01,SUP-004,Supplier 004,India,APAC,0.69,PLT-09,Hanoi Assembly,Vietnam,APAC,Enterprise,UK,OTIF_ERP,ERP Definition,Finance,1,1,0.0,0.0,100.0,100.0,0.0,1,100.0,CHAINTRUTH
2026-09-01,SUP-004,Supplier 004,India,APAC,0.69,PLT-08,Taipei Micro,Taiwan,APAC,SMB,USA,OTIF_ERP,ERP Definition,Finance,1,1,0.0,0.0,100.0,100.0,100.0,1,100.0,CHAINTRUTH
2026-09-01,SUP-004,Supplier 004,India,APAC,0.69,PLT-01,Munich Center,Germany,EMEA,SMB,Australia,OTIF_ERP,ERP Definition,Finance,1,1,0.0,0.0,100.0,100.0,100.0,1,100.0,CHAINTRUTH
2026-09-01,SUP-004,Supplier 004,India,APAC,0.69,PLT-00,Shanghai Hub,China,APAC,Government,USA,OTIF_ERP,ERP Definition,Finance,1,1,0.0,0.0,0.0,100.0,100.0,1,100.0,CHAINTRUTH
2026-09-01,SUP-005,Supplier 005,Mexico,LATAM,0.77,PLT-04,Chennai Forge,India,APAC,Enterprise,Australia,OTIF_ERP,ERP Definition,Finance,1,2,0.0,0.0,50.0,100.0,50.0,2,100.0,CHAINTRUTH
2026-09-01,SUP-005,Supplier 005,Mexico,LATAM,0.77,PLT-05,Monterrey Plant,Mexico,LATAM,SMB,USA,OTIF_ERP,ERP Definition,Finance,1,1,100.0,100.0,100.0,100.0,100.0,0,0.0,CHAINTRUTH
2026-09-01,SUP-005,Supplier 005,Mexico,LATAM,0.77,PLT-06,Sao Paulo Ops,Brazil,LATAM,SMB,USA,OTIF_ERP,ERP Definition,Finance,1,1,0.0,0.0,0.0,100.0,0.0,1,100.0,CHAINTRUTH
2026-09-01,SUP-005,Supplier 005,Mexico,LATAM,0.77,PLT-02,Detroit Works,USA,NA,SMB,Australia,OTIF_ERP,ERP Definition,Finance,1,1,0.0,0.0,100.0,100.0,100.0,1,100.0,CHAINTRUTH
2026-09-01,SUP-005,Supplier 005,Mexico,LATAM,0.77,PLT-00,Shanghai Hub,China,APAC,SMB,Singapore,OTIF_ERP,ERP Definition,Finance,1,1,0.0,0.0,100.0,100.0,0.0,1,100.0,CHAINTRUTH
2026-09-01,SUP-005,Supplier 005,Mexico,LATAM,0.77,PLT-09,Hanoi Assembly,Vietnam,APAC,Government,Australia,OTIF_ERP,ERP Definition,Finance,1,1,0.0,0.0,100.0,100.0,100.0,1,100.0,CHAINTRUTH
2026-09-01,SUP-005,Supplier 005,Mexico,LATAM,0.77,PLT-06,Sao Paulo Ops,Brazil,LATAM,SMB,France,OTIF_ERP,ERP Definition,Finance,1,1,0.0,0.0,0.0,100.0,100.0,1,100.0,CHAINTRUTH
2026-09-01,SUP-006,Supplier 006,Brazil,LATAM,0.61,PLT-06,Sao Paulo Ops,Brazil,LATAM,SMB,UK,OTIF_ERP,ERP Definition,Finance,1,1,0.0,0.0,100.0,100.0,100.0,1,100.0,CHAINTRUTH
2026-09-01,SUP-006,Supplier 006,Brazil,LATAM,0.61,PLT-08,Taipei Micro,Taiwan,APAC,SMB,Germany,OTIF_ERP,ERP Definition,Finance,1,2,0.0,0.0,0.0,100.0,50.0,2,100.0,CHAINTRUTH
2026-09-01,SUP-006,Supplier 006,Brazil,LATAM,0.61,PLT-07,Seoul Tech,South Korea,APAC,Government,Germany,OTIF_ERP,ERP Definition,Finance,1,1,0.0,0.0,0.0,100.0,100.0,1,100.0,CHAINTRUTH
2026-09-01,SUP-006,Supplier 006,Brazil,LATAM,0.61,PLT-07,Seoul Tech,South Korea,APAC,SMB,USA,OTIF_ERP,ERP Definition,Finance,1,1,0.0,0.0,100.0,100.0,0.0,1,100.0,CHAINTRUTH
2026-09-01,SUP-006,Supplier 006,Brazil,LATAM,0.61,PLT-00,Shanghai Hub,China,APAC,Government,USA,OTIF_ERP,ERP Definition,Finance,1,1,0.0,0.0,0.0,100.0,100.0,1,100.0,CHAINTRUTH
2026-09-01,SUP-006,Supplier 006,Brazil,LATAM,0.61,PLT-09,Hanoi Assembly,Vietnam,APAC,Enterprise,Germany,OTIF_ERP,ERP Definition,Finance,1,1,0.0,0.0,100.0,100.0,0.0,1,100.0,CHAINTRUTH
2026-09-01,SUP-007,Supplier 007,South Korea,APAC,0.84,PLT-00,Shanghai Hub,China,APAC,Government,Canada,OTIF_ERP,ERP Definition,Finance,1,1,0.0,0.0,100.0,100.0,100.0,1,100.0,CHAINTRUTH
2026-09-01,SUP-007,Supplier 007,South Korea,APAC,0.84,PLT-07,Seoul Tech,South Korea,APAC,SMB,Singapore,OTIF_ERP,ERP Definition,Finance,1,2,0.0,0.0,100.0,100.0,0.0,2,100.0,CHAINTRUTH
2026-09-01,SUP-007,Supplier 007,South Korea,APAC,0.84,PLT-05,Monterrey Plant,Mexico,LATAM,SMB,USA,OTIF_ERP,ERP Definition,Finance,1,1,0.0,0.0,0.0,100.0,100.0,1,100.0,CHAINTRUTH
2026-09-01,SUP-007,Supplier 007,South Korea,APAC,0.84,PLT-05,Monterrey Plant,Mexico,LATAM,SMB,UK,OTIF_ERP,ERP Definition,Finance,1,1,100.0,100.0,100.0,100.0,100.0,0,0.0,CHAINTRUTH
2026-09-01,SUP-007,Supplier 007,South Korea,APAC,0.84,PLT-03,Tokyo Precision,Japan,APAC,Enterprise,UK,OTIF_ERP,ERP Definition,Finance,1,1,0.0,0.0,100.0,100.0,100.0,1,100.0,CHAINTRUTH
2026-09-01,SUP-007,Supplier 007,South Korea,APAC,0.84,PLT-06,Sao Paulo Ops,Brazil,LATAM,SMB,USA,OTIF_ERP,ERP Definition,Finance,1,1,0.0,0.0,100.0,100.0,100.0,1,100.0,CHAINTRUTH
2026-09-01,SUP-008,Supplier 008,Taiwan,APAC,0.73,PLT-07,Seoul Tech,South Korea,APAC,SMB,USA,OTIF_ERP,ERP Definition,Finance,1,2,0.0,50.0,100.0,50.0,0.0,1,50.0,CHAINTRUTH
2026-09-01,SUP-008,Supplier 008,Taiwan,APAC,0.73,PLT-00,Shanghai Hub,China,APAC,Government,USA,OTIF_ERP,ERP Definition,Finance,1,1,0.0,0.0,100.0,100.0,100.0,1,100.0,CHAINTRUTH
2026-09-01,SUP-008,Supplier 008,Taiwan,APAC,0.73,PLT-07,Seoul Tech,South Korea,APAC,SMB,Australia,OTIF_ERP,ERP Definition,Finance,1,1,0.0,0.0,0.0,100.0,0.0,1,100.0,CHAINTRUTH
2026-09-01,SUP-008,Supplier 008,Taiwan,APAC,0.73,PLT-05,Monterrey Plant,Mexico,LATAM,Enterprise,UK,OTIF_ERP,ERP Definition,Finance,1,2,0.0,0.0,50.0,100.0,50.0,2,100.0,CHAINTRUTH
2026-09-01,SUP-008,Supplier 008,Taiwan,APAC,0.73,PLT-00,Shanghai Hub,China,APAC,Enterprise,Singapore,OTIF_ERP,ERP Definition,Finance,1,1,0.0,0.0,0.0,100.0,100.0,1,100.0,CHAINTRUTH
2026-09-01,SUP-008,Supplier 008,Taiwan,APAC,0.73,PLT-08,Taipei Micro,Taiwan,APAC,SMB,USA,OTIF_ERP,ERP Definition,Finance,1,1,0.0,0.0,100.0,100.0,0.0,1,100.0,CHAINTRUTH
2026-09-01,SUP-008,Supplier 008,Taiwan,APAC,0.73,PLT-09,Hanoi Assembly,Vietnam,APAC,Enterprise,Canada,OTIF_ERP,ERP Definition,Finance,2,3,33.33,33.33,100.0,100.0,33.33,2,66.67,CHAINTRUTH
2026-09-01,SUP-009,Supplier 009,Vietnam,APAC,1.0,PLT-00,Shanghai Hub,China,APAC,Enterprise,USA,OTIF_ERP,ERP Definition,Finance,1,1,0.0,0.0,0.0,100.0,100.0,1,100.0,CHAINTRUTH
2026-09-01,SUP-009,Supplier 009,Vietnam,APAC,1.0,PLT-04,Chennai Forge,India,APAC,Government,UK,OTIF_ERP,ERP Definition,Finance,1,1,0.0,0.0,100.0,100.0,100.0,1,100.0,CHAINTRUTH
2026-09-01,SUP-009,Supplier 009,Vietnam,APAC,1.0,PLT-08,Taipei Micro,Taiwan,APAC,Enterprise,Germany,OTIF_ERP,ERP Definition,Finance,1,1,0.0,0.0,0.0,100.0,100.0,1,100.0,CHAINTRUTH
2026-09-01,SUP-009,Supplier 009,Vietnam,APAC,1.0,PLT-02,Detroit Works,USA,NA,Government,France,OTIF_ERP,ERP Definition,Finance,1,1,100.0,100.0,0.0,100.0,100.0,1,100.0,CHAINTRUTH
2026-09-01,SUP-010,Supplier 010,China,APAC,0.76,PLT-06,Sao Paulo Ops,Brazil,LATAM,Government,Australia,OTIF_ERP,ERP Definition,Finance,1,1,0.0,0.0,0.0,100.0,100.0,1,100.0,CHAINTRUTH
2026-09-01,SUP-010,Supplier 010,China,APAC,0.76,PLT-07,Seoul Tech,South Korea,APAC,SMB,UK,OTIF_ERP,ERP Definition,Finance,1,1,0.0,0.0,100.0,100.0,100.0,1,100.0,CHAINTRUTH
2026-09-01,SUP-010,Supplier 010,China,APAC,0.76,PLT-02,Detroit Works,USA,NA,SMB,UK,OTIF_ERP,ERP Definition,Finance,1,2,50.0,50.0,100.0,100.0,50.0,1,50.0,CHAINTRUTH
2026-09-01,SUP-010,Supplier 010,China,APAC,0.76,PLT-08,Taipei Micro,Taiwan,APAC,SMB,Germany,OTIF_ERP,ERP Definition,Finance,1,1,0.0,0.0,100.0,100.0,100.0,1,100.0,CHAINTRUTH
2026-09-01,SUP-010,Supplier 010,China,APAC,0.76,PLT-00,Shanghai Hub,China,APAC,SMB,UK,OTIF_ERP,ERP Definition,Finance,1,1,0.0,0.0,100.0,100.0,0.0,1,100.0,CHAINTRUTH
2026-09-01,SUP-010,Supplier 010,China,APAC,0.76,PLT-02,Detroit Works,USA,NA,SMB,France,OTIF_ERP,ERP Definition,Finance,1,1,100.0,100.0,100.0,100.0,100.0,0,0.0,CHAINTRUTH
2026-09-01,SUP-011,Supplier 011,Germany,EMEA,0.53,PLT-08,Taipei Micro,Taiwan,APAC,SMB,Singapore,OTIF_ERP,ERP Definition,Finance,1,1,0.0,0.0,0.0,100.0,0.0,1,100.0,CHAINTRUTH
2026-09-01,SUP-012,Supplier 012,USA,NA,0.66,PLT-00,Shanghai Hub,China,APAC,SMB,Singapore,OTIF_ERP,ERP Definition,Finance,1,1,0.0,0.0,100.0,100.0,100.0,1,100.0,CHAINTRUTH
2026-09-01,SUP-012,Supplier 012,USA,NA,0.66,PLT-09,Hanoi Assembly,Vietnam,APAC,Enterprise,USA,OTIF_ERP,ERP Definition,Finance,1,1,100.0,100.0,100.0,100.0,100.0,0,0.0,CHAINTRUTH
2026-09-01,SUP-012,Supplier 012,USA,NA,0.66,PLT-09,Hanoi Assembly,Vietnam,APAC,Government,Australia,OTIF_ERP,ERP Definition,Finance,1,1,0.0,0.0,100.0,100.0,0.0,1,100.0,CHAINTRUTH
2026-09-01,SUP-012,Supplier 012,USA,NA,0.66,PLT-02,Detroit Works,USA,NA,SMB,UK,OTIF_ERP,ERP Definition,Finance,1,1,100.0,100.0,0.0,100.0,100.0,1,100.0,CHAINTRUTH
2026-09-01,SUP-012,Supplier 012,USA,NA,0.66,PLT-08,Taipei Micro,Taiwan,APAC,SMB,Australia,OTIF_ERP,ERP Definition,Finance,1,1,0.0,0.0,0.0,100.0,0.0,1,100.0,CHAINTRUTH
2026-09-01,SUP-012,Supplier 012,USA,NA,0.66,PLT-09,Hanoi Assembly,Vietnam,APAC,Government,Japan,OTIF_ERP,ERP Definition,Finance,1,2,0.0,0.0,0.0,100.0,50.0,2,100.0,CHAINTRUTH
2026-09-01,SUP-012,Supplier 012,USA,NA,0.66,PLT-02,Detroit Works,USA,NA,SMB,Japan,OTIF_ERP,ERP Definition,Finance,1,1,0.0,0.0,0.0,100.0,100.0,1,100.0,CHAINTRUTH
2026-09-01,SUP-013,Supplier 013,Japan,APAC,0.89,PLT-03,Tokyo Precision,Japan,APAC,Enterprise,France,OTIF_ERP,ERP Definition,Finance,1,1,0.0,0.0,100.0,100.0,100.0,1,100.0,CHAINTRUTH
2026-09-01,SUP-014,Supplier 014,India,APAC,0.95,PLT-00,Shanghai Hub,China,APAC,SMB,USA,OTIF_ERP,ERP Definition,Finance,1,2,0.0,0.0,0.0,100.0,50.0,2,100.0,CHAINTRUTH
2026-09-01,SUP-014,Supplier 014,India,APAC,0.95,PLT-04,Chennai Forge,India,APAC,Government,USA,OTIF_ERP,ERP Definition,Finance,1,1,0.0,0.0,0.0,100.0,100.0,1,100.0,CHAINTRUTH
2026-09-01,SUP-014,Supplier 014,India,APAC,0.95,PLT-01,Munich Center,Germany,EMEA,Government,UK,OTIF_ERP,ERP Definition,Finance,1,1,0.0,0.0,0.0,100.0,0.0,1,100.0,CHAINTRUTH
2026-09-01,SUP-014,Supplier 014,India,APAC,0.95,PLT-07,Seoul Tech,South Korea,APAC,Enterprise,Canada,OTIF_ERP,ERP Definition,Finance,1,1,0.0,0.0,100.0,100.0,100.0,1,100.0,CHAINTRUTH
2026-09-01,SUP-015,Supplier 015,Mexico,LATAM,0.75,PLT-02,Detroit Works,USA,NA,SMB,Germany,OTIF_ERP,ERP Definition,Finance,2,2,50.0,50.0,50.0,100.0,100.0,1,50.0,CHAINTRUTH
2026-09-01,SUP-015,Supplier 015,Mexico,LATAM,0.75,PLT-08,Taipei Micro,Taiwan,APAC,Enterprise,Canada,OTIF_ERP,ERP Definition,Finance,1,1,0.0,0.0,100.0,100.0,100.0,1,100.0,CHAINTRUTH
2026-09-01,SUP-015,Supplier 015,Mexico,LATAM,0.75,PLT-08,Taipei Micro,Taiwan,APAC,SMB,USA,OTIF_ERP,ERP Definition,Finance,1,1,0.0,0.0,0.0,100.0,100.0,1,100.0,CHAINTRUTH
2026-09-01,SUP-015,Supplier 015,Mexico,LATAM,0.75,PLT-05,Monterrey Plant,Mexico,LATAM,Government,USA,OTIF_ERP,ERP Definition,Finance,1,2,50.0,50.0,0.0,100.0,50.0,2,100.0,CHAINTRUTH
2026-09-01,SUP-015,Supplier 015,Mexico,LATAM,0.75,PLT-08,Taipei Micro,Taiwan,APAC,SMB,Singapore,OTIF_ERP,ERP Definition,Finance,1,1,0.0,0.0,100.0,100.0,100.0,1,100.0,CHAINTRUTH
2026-09-01,SUP-015,Supplier 015,Mexico,LATAM,0.75,PLT-06,Sao Paulo Ops,Brazil,LATAM,SMB,Canada,OTIF_ERP,ERP Definition,Finance,1,1,0.0,0.0,100.0,100.0,0.0,1,100.0,CHAINTRUTH
2026-09-01,SUP-015,Supplier 015,Mexico,LATAM,0.75,PLT-04,Chennai Forge,India,APAC,Government,Germany,OTIF_ERP,ERP Definition,Finance,1,2,0.0,0.0,100.0,100.0,50.0,2,100.0,CHAINTRUTH
2026-09-01,SUP-015,Supplier 015,Mexico,LATAM,0.75,PLT-05,Monterrey Plant,Mexico,LATAM,SMB,Canada,OTIF_ERP,ERP Definition,Finance,1,1,0.0,0.0,0.0,100.0,100.0,1,100.0,CHAINTRUTH
2026-09-01,SUP-015,Supplier 015,Mexico,LATAM,0.75,PLT-01,Munich Center,Germany,EMEA,SMB,Japan,OTIF_ERP,ERP Definition,Finance,1,1,0.0,0.0,100.0,100.0,0.0,1,100.0,CHAINTRUTH
2026-09-01,SUP-015,Supplier 015,Mexico,LATAM,0.75,PLT-02,Detroit Works,USA,NA,SMB,UK,OTIF_ERP,ERP Definition,Finance,1,1,0.0,0.0,0.0,100.0,100.0,1,100.0,CHAINTRUTH
2026-09-01,SUP-016,Supplier 016,Brazil,LATAM,0.66,PLT-01,Munich Center,Germany,EMEA,Enterprise,Japan,OTIF_ERP,ERP Definition,Finance,1,1,0.0,0.0,0.0,100.0,0.0,1,100.0,CHAINTRUTH
2026-09-01,SUP-016,Supplier 016,Brazil,LATAM,0.66,PLT-01,Munich Center,Germany,EMEA,Government,Australia,OTIF_ERP,ERP Definition,Finance,1,1,0.0,0.0,100.0,100.0,100.0,1,100.0,CHAINTRUTH
2026-09-01,SUP-016,Supplier 016,Brazil,LATAM,0.66,PLT-03,Tokyo Precision,Japan,APAC,Enterprise,France,OTIF_ERP,ERP Definition,Finance,1,1,0.0,0.0,0.0,100.0,100.0,1,100.0,CHAINTRUTH
2026-09-01,SUP-017,Supplier 017,South Korea,APAC,0.89,PLT-00,Shanghai Hub,China,APAC,Government,Singapore,OTIF_ERP,ERP Definition,Finance,1,1,0.0,0.0,0.0,100.0,100.0,1,100.0,CHAINTRUTH
2026-09-01,SUP-017,Supplier 017,South Korea,APAC,0.89,PLT-04,Chennai Forge,India,APAC,Government,USA,OTIF_ERP,ERP Definition,Finance,1,1,0.0,100.0,100.0,100.0,0.0,0,0.0,CHAINTRUTH
2026-09-01,SUP-017,Supplier 017,South Korea,APAC,0.89,PLT-00,Shanghai Hub,China,APAC,Government,France,OTIF_ERP,ERP Definition,Finance,1,1,0.0,0.0,0.0,100.0,100.0,1,100.0,CHAINTRUTH
2026-09-01,SUP-017,Supplier 017,South Korea,APAC,0.89,PLT-03,Tokyo Precision,Japan,APAC,SMB,Germany,OTIF_ERP,ERP Definition,Finance,1,2,0.0,0.0,50.0,100.0,50.0,2,100.0,CHAINTRUTH
2026-09-01,SUP-018,Supplier 018,Taiwan,APAC,0.75,PLT-00,Shanghai Hub,China,APAC,Enterprise,France,OTIF_ERP,ERP Definition,Finance,1,1,0.0,0.0,0.0,100.0,100.0,1,100.0,CHAINTRUTH
2026-09-01,SUP-018,Supplier 018,Taiwan,APAC,0.75,PLT-07,Seoul Tech,South Korea,APAC,Enterprise,USA,OTIF_ERP,ERP Definition,Finance,1,1,0.0,0.0,0.0,100.0,0.0,1,100.0,CHAINTRUTH
2026-09-01,SUP-018,Supplier 018,Taiwan,APAC,0.75,PLT-08,Taipei Micro,Taiwan,APAC,Government,USA,OTIF_ERP,ERP Definition,Finance,1,1,0.0,0.0,100.0,100.0,100.0,1,100.0,CHAINTRUTH
2026-09-01,SUP-018,Supplier 018,Taiwan,APAC,0.75,PLT-05,Monterrey Plant,Mexico,LATAM,SMB,Australia,OTIF_ERP,ERP Definition,Finance,1,2,0.0,0.0,0.0,100.0,50.0,2,100.0,CHAINTRUTH
2026-09-01,SUP-018,Supplier 018,Taiwan,APAC,0.75,PLT-03,Tokyo Precision,Japan,APAC,SMB,Australia,OTIF_ERP,ERP Definition,Finance,1,1,0.0,0.0,100.0,100.0,100.0,1,100.0,CHAINTRUTH
2026-09-01,SUP-018,Supplier 018,Taiwan,APAC,0.75,PLT-03,Tokyo Precision,Japan,APAC,Enterprise,USA,OTIF_ERP,ERP Definition,Finance,1,2,0.0,0.0,50.0,100.0,0.0,2,100.0,CHAINTRUTH
2026-09-01,SUP-019,Supplier 019,Vietnam,APAC,0.57,PLT-03,Tokyo Precision,Japan,APAC,Enterprise,France,OTIF_ERP,ERP Definition,Finance,1,2,0.0,0.0,50.0,100.0,50.0,2,100.0,CHAINTRUTH
2026-09-01,SUP-019,Supplier 019,Vietnam,APAC,0.57,PLT-02,Detroit Works,USA,NA,SMB,UK,OTIF_ERP,ERP Definition,Finance,1,2,0.0,50.0,50.0,100.0,0.0,1,50.0,CHAINTRUTH
2026-09-01,SUP-019,Supplier 019,Vietnam,APAC,0.57,PLT-03,Tokyo Precision,Japan,APAC,SMB,Singapore,OTIF_ERP,ERP Definition,Finance,1,2,0.0,0.0,0.0,100.0,50.0,2,100.0,CHAINTRUTH
2026-09-01,SUP-019,Supplier 019,Vietnam,APAC,0.57,PLT-04,Chennai Forge,India,APAC,SMB,Germany,OTIF_ERP,ERP Definition,Finance,1,1,0.0,0.0,0.0,100.0,100.0,1,100.0,CHAINTRUTH
2026-09-01,SUP-019,Supplier 019,Vietnam,APAC,0.57,PLT-06,Sao Paulo Ops,Brazil,LATAM,SMB,UK,OTIF_ERP,ERP Definition,Finance,1,1,0.0,0.0,100.0,100.0,100.0,1,100.0,CHAINTRUTH
2026-09-01,SUP-019,Supplier 019,Vietnam,APAC,0.57,PLT-08,Taipei Micro,Taiwan,APAC,SMB,France,OTIF_ERP,ERP Definition,Finance,1,1,0.0,0.0,100.0,100.0,100.0,1,100.0,CHAINTRUTH
2026-09-01,SUP-020,Supplier 020,China,APAC,0.6,PLT-04,Chennai Forge,India,APAC,SMB,Singapore,OTIF_ERP,ERP Definition,Finance,1,1,0.0,0.0,0.0,100.0,0.0,1,100.0,CHAINTRUTH
2026-09-01,SUP-020,Supplier 020,China,APAC,0.6,PLT-04,Chennai Forge,India,APAC,SMB,Germany,OTIF_ERP,ERP Definition,Finance,1,1,0.0,0.0,0.0,100.0,0.0,1,100.0,CHAINTRUTH
2026-09-01,SUP-020,Supplier 020,China,APAC,0.6,PLT-01,Munich Center,Germany,EMEA,SMB,Australia,OTIF_ERP,ERP Definition,Finance,1,1,100.0,100.0,100.0,100.0,100.0,0,0.0,CHAINTRUTH
2026-09-01,SUP-020,Supplier 020,China,APAC,0.6,PLT-06,Sao Paulo Ops,Brazil,LATAM,SMB,Canada,OTIF_ERP,ERP Definition,Finance,1,2,0.0,0.0,50.0,100.0,0.0,2,100.0,CHAINTRUTH
2026-09-01,SUP-021,Supplier 021,Germany,EMEA,0.75,PLT-02,Detroit Works,USA,NA,SMB,USA,OTIF_ERP,ERP Definition,Finance,1,2,0.0,0.0,50.0,100.0,50.0,2,100.0,CHAINTRUTH
2026-09-01,SUP-021,Supplier 021,Germany,EMEA,0.75,PLT-06,Sao Paulo Ops,Brazil,LATAM,SMB,Germany,OTIF_ERP,ERP Definition,Finance,1,1,0.0,0.0,100.0,100.0,100.0,1,100.0,CHAINTRUTH
2026-09-01,SUP-021,Supplier 021,Germany,EMEA,0.75,PLT-02,Detroit Works,USA,NA,Government,Germany,OTIF_ERP,ERP Definition,Finance,1,1,0.0,0.0,0.0,100.0,100.0,1,100.0,CHAINTRUTH
2026-09-01,SUP-021,Supplier 021,Germany,EMEA,0.75,PLT-05,Monterrey Plant,Mexico,LATAM,SMB,Canada,OTIF_ERP,ERP Definition,Finance,1,2,0.0,0.0,50.0,100.0,50.0,2,100.0,CHAINTRUTH
2026-09-01,SUP-021,Supplier 021,Germany,EMEA,0.75,PLT-06,Sao Paulo Ops,Brazil,LATAM,Enterprise,Australia,OTIF_ERP,ERP Definition,Finance,1,2,0.0,0.0,50.0,100.0,50.0,2,100.0,CHAINTRUTH
2026-09-01,SUP-021,Supplier 021,Germany,EMEA,0.75,PLT-09,Hanoi Assembly,Vietnam,APAC,Government,Germany,OTIF_ERP,ERP Definition,Finance,1,1,0.0,0.0,100.0,100.0,0.0,1,100.0,CHAINTRUTH
2026-09-01,SUP-021,Supplier 021,Germany,EMEA,0.75,PLT-05,Monterrey Plant,Mexico,LATAM,SMB,UK,OTIF_ERP,ERP Definition,Finance,1,1,0.0,0.0,0.0,100.0,100.0,1,100.0,CHAINTRUTH
2026-09-01,SUP-021,Supplier 021,Germany,EMEA,0.75,PLT-02,Detroit Works,USA,NA,Enterprise,France,OTIF_ERP,ERP Definition,Finance,1,2,0.0,50.0,0.0,100.0,0.0,2,100.0,CHAINTRUTH
2026-09-01,SUP-021,Supplier 021,Germany,EMEA,0.75,PLT-03,Tokyo Precision,Japan,APAC,Government,France,OTIF_ERP,ERP Definition,Finance,1,1,0.0,0.0,0.0,100.0,0.0,1,100.0,CHAINTRUTH
2026-09-01,SUP-022,Supplier 022,USA,NA,0.8,PLT-06,Sao Paulo Ops,Brazil,LATAM,SMB,USA,OTIF_ERP,ERP Definition,Finance,1,1,0.0,0.0,0.0,100.0,0.0,1,100.0,CHAINTRUTH
2026-09-01,SUP-022,Supplier 022,USA,NA,0.8,PLT-08,Taipei Micro,Taiwan,APAC,SMB,Germany,OTIF_ERP,ERP Definition,Finance,1,1,0.0,0.0,0.0,100.0,0.0,1,100.0,CHAINTRUTH
2026-09-01,SUP-022,Supplier 022,USA,NA,0.8,PLT-03,Tokyo Precision,Japan,APAC,Government,Germany,OTIF_ERP,ERP Definition,Finance,1,2,0.0,0.0,0.0,100.0,50.0,2,100.0,CHAINTRUTH
2026-09-01,SUP-022,Supplier 022,USA,NA,0.8,PLT-03,Tokyo Precision,Japan,APAC,SMB,France,OTIF_ERP,ERP Definition,Finance,1,1,0.0,0.0,100.0,100.0,100.0,1,100.0,CHAINTRUTH
2026-09-01,SUP-022,Supplier 022,USA,NA,0.8,PLT-02,Detroit Works,USA,NA,Enterprise,UK,OTIF_ERP,ERP Definition,Finance,1,1,0.0,0.0,0.0,100.0,100.0,1,100.0,CHAINTRUTH
2026-09-01,SUP-022,Supplier 022,USA,NA,0.8,PLT-01,Munich Center,Germany,EMEA,Government,Canada,OTIF_ERP,ERP Definition,Finance,1,1,0.0,0.0,0.0,100.0,0.0,1,100.0,CHAINTRUTH
2026-09-01,SUP-022,Supplier 022,USA,NA,0.8,PLT-08,Taipei Micro,Taiwan,APAC,SMB,Singapore,OTIF_ERP,ERP Definition,Finance,1,1,0.0,0.0,0.0,100.0,100.0,1,100.0,CHAINTRUTH
2026-09-01,SUP-022,Supplier 022,USA,NA,0.8,PLT-07,Seoul Tech,South Korea,APAC,Government,Canada,OTIF_ERP,ERP Definition,Finance,1,1,0.0,0.0,100.0,100.0,100.0,1,100.0,CHAINTRUTH
2026-09-01,SUP-022,Supplier 022,USA,NA,0.8,PLT-09,Hanoi Assembly,Vietnam,APAC,SMB,Germany,OTIF_ERP,ERP Definition,Finance,1,1,0.0,0.0,100.0,100.0,100.0,1,100.0,CHAINTRUTH
2026-09-01,SUP-022,Supplier 022,USA,NA,0.8,PLT-01,Munich Center,Germany,EMEA,Government,France,OTIF_ERP,ERP Definition,Finance,1,1,0.0,0.0,0.0,100.0,100.0,1,100.0,CHAINTRUTH
2026-09-01,SUP-023,Supplier 023,Japan,APAC,0.98,PLT-04,Chennai Forge,India,APAC,SMB,UK,OTIF_ERP,ERP Definition,Finance,1,1,100.0,100.0,100.0,100.0,100.0,0,0.0,CHAINTRUTH
2026-09-01,SUP-023,Supplier 023,Japan,APAC,0.98,PLT-09,Hanoi Assembly,Vietnam,APAC,Enterprise,Germany,OTIF_ERP,ERP Definition,Finance,1,2,0.0,0.0,50.0,100.0,50.0,2,100.0,CHAINTRUTH
2026-09-01,SUP-024,Supplier 024,India,APAC,0.89,PLT-01,Munich Center,Germany,EMEA,SMB,Singapore,OTIF_ERP,ERP Definition,Finance,1,2,0.0,50.0,100.0,100.0,0.0,1,50.0,CHAINTRUTH
2026-09-01,SUP-024,Supplier 024,India,APAC,0.89,PLT-06,Sao Paulo Ops,Brazil,LATAM,SMB,Australia,OTIF_ERP,ERP Definition,Finance,1,2,0.0,0.0,100.0,100.0,50.0,2,100.0,CHAINTRUTH
2026-09-01,SUP-024,Supplier 024,India,APAC,0.89,PLT-01,Munich Center,Germany,EMEA,SMB,UK,OTIF_ERP,ERP Definition,Finance,1,2,0.0,50.0,50.0,100.0,0.0,2,100.0,CHAINTRUTH
2026-09-01,SUP-024,Supplier 024,India,APAC,0.89,PLT-05,Monterrey Plant,Mexico,LATAM,Enterprise,France,OTIF_ERP,ERP Definition,Finance,1,1,0.0,0.0,100.0,100.0,0.0,1,100.0,CHAINTRUTH
2026-09-01,SUP-024,Supplier 024,India,APAC,0.89,PLT-07,Seoul Tech,South Korea,APAC,SMB,Singapore,OTIF_ERP,ERP Definition,Finance,1,1,0.0,0.0,0.0,100.0,0.0,1,100.0,CHAINTRUTH
2026-09-01,SUP-025,Supplier 025,Mexico,LATAM,0.71,PLT-02,Detroit Works,USA,NA,Enterprise,USA,OTIF_ERP,ERP Definition,Finance,1,2,0.0,0.0,0.0,100.0,0.0,2,100.0,CHAINTRUTH
2026-09-01,SUP-025,Supplier 025,Mexico,LATAM,0.71,PLT-08,Taipei Micro,Taiwan,APAC,Government,France,OTIF_ERP,ERP Definition,Finance,1,1,0.0,0.0,0.0,100.0,0.0,1,100.0,CHAINTRUTH
2026-09-01,SUP-025,Supplier 025,Mexico,LATAM,0.71,PLT-07,Seoul Tech,South Korea,APAC,SMB,France,OTIF_ERP,ERP Definition,Finance,1,2,0.0,0.0,0.0,50.0,50.0,1,50.0,CHAINTRUTH
2026-09-01,SUP-025,Supplier 025,Mexico,LATAM,0.71,PLT-04,Chennai Forge,India,APAC,Enterprise,Germany,OTIF_ERP,ERP Definition,Finance,1,1,0.0,0.0,0.0,100.0,0.0,1,100.0,CHAINTRUTH
2026-09-01,SUP-025,Supplier 025,Mexico,LATAM,0.71,PLT-04,Chennai Forge,India,APAC,SMB,France,OTIF_ERP,ERP Definition,Finance,1,1,0.0,0.0,100.0,100.0,100.0,1,100.0,CHAINTRUTH
2026-09-01,SUP-025,Supplier 025,Mexico,LATAM,0.71,PLT-02,Detroit Works,USA,NA,Government,USA,OTIF_ERP,ERP Definition,Finance,1,1,0.0,0.0,100.0,100.0,100.0,1,100.0,CHAINTRUTH
2026-09-01,SUP-025,Supplier 025,Mexico,LATAM,0.71,PLT-06,Sao Paulo Ops,Brazil,LATAM,SMB,Australia,OTIF_ERP,ERP Definition,Finance,1,2,0.0,50.0,100.0,100.0,0.0,1,50.0,CHAINTRUTH
2026-09-01,SUP-026,Supplier 026,Brazil,LATAM,0.73,PLT-07,Seoul Tech,South Korea,APAC,Enterprise,USA,OTIF_ERP,ERP Definition,Finance,1,2,0.0,0.0,50.0,100.0,50.0,2,100.0,CHAINTRUTH
2026-09-01,SUP-026,Supplier 026,Brazil,LATAM,0.73,PLT-06,Sao Paulo Ops,Brazil,LATAM,Government,Singapore,OTIF_ERP,ERP Definition,Finance,1,2,50.0,50.0,50.0,50.0,50.0,0,0.0,CHAINTRUTH
2026-09-01,SUP-026,Supplier 026,Brazil,LATAM,0.73,PLT-04,Chennai Forge,India,APAC,Government,Germany,OTIF_ERP,ERP Definition,Finance,1,1,0.0,0.0,100.0,100.0,100.0,1,100.0,CHAINTRUTH
2026-09-01,SUP-027,Supplier 027,South Korea,APAC,0.94,PLT-01,Munich Center,Germany,EMEA,SMB,UK,OTIF_ERP,ERP Definition,Finance,1,1,0.0,100.0,100.0,100.0,0.0,0,0.0,CHAINTRUTH
2026-09-01,SUP-027,Supplier 027,South Korea,APAC,0.94,PLT-05,Monterrey Plant,Mexico,LATAM,Enterprise,Canada,OTIF_ERP,ERP Definition,Finance,1,1,0.0,0.0,0.0,100.0,100.0,1,100.0,CHAINTRUTH
2026-09-01,SUP-027,Supplier 027,South Korea,APAC,0.94,PLT-04,Chennai Forge,India,APAC,Government,USA,OTIF_ERP,ERP Definition,Finance,1,1,0.0,0.0,0.0,100.0,100.0,1,100.0,CHAINTRUTH
2026-09-01,SUP-027,Supplier 027,South Korea,APAC,0.94,PLT-09,Hanoi Assembly,Vietnam,APAC,SMB,Singapore,OTIF_ERP,ERP Definition,Finance,1,1,0.0,0.0,100.0,100.0,100.0,1,100.0,CHAINTRUTH
2026-09-01,SUP-027,Supplier 027,South Korea,APAC,0.94,PLT-08,Taipei Micro,Taiwan,APAC,Enterprise,France,OTIF_ERP,ERP Definition,Finance,1,1,0.0,0.0,100.0,100.0,100.0,1,100.0,CHAINTRUTH
2026-09-01,SUP-027,Supplier 027,South Korea,APAC,0.94,PLT-00,Shanghai Hub,China,APAC,SMB,UK,OTIF_ERP,ERP Definition,Finance,1,1,0.0,0.0,100.0,100.0,0.0,1,100.0,CHAINTRUTH
2026-09-01,SUP-027,Supplier 027,South Korea,APAC,0.94,PLT-04,Chennai Forge,India,APAC,SMB,Singapore,OTIF_ERP,ERP Definition,Finance,1,1,0.0,0.0,100.0,100.0,0.0,1,100.0,CHAINTRUTH
2026-09-01,SUP-027,Supplier 027,South Korea,APAC,0.94,PLT-02,Detroit Works,USA,NA,SMB,Australia,OTIF_ERP,ERP Definition,Finance,1,1,100.0,100.0,0.0,100.0,100.0,1,100.0,CHAINTRUTH
2026-09-01,SUP-027,Supplier 027,South Korea,APAC,0.94,PLT-09,Hanoi Assembly,Vietnam,APAC,SMB,Germany,OTIF_ERP,ERP Definition,Finance,1,1,0.0,0.0,0.0,100.0,0.0,1,100.0,CHAINTRUTH
2026-09-01,SUP-027,Supplier 027,South Korea,APAC,0.94,PLT-09,Hanoi Assembly,Vietnam,APAC,SMB,Canada,OTIF_ERP,ERP Definition,Finance,1,2,0.0,0.0,0.0,100.0,50.0,2,100.0,CHAINTRUTH
2026-09-01,SUP-028,Supplier 028,Taiwan,APAC,0.84,PLT-01,Munich Center,Germany,EMEA,SMB,Canada,OTIF_ERP,ERP Definition,Finance,1,1,100.0,100.0,100.0,100.0,100.0,0,0.0,CHAINTRUTH
2026-09-01,SUP-028,Supplier 028,Taiwan,APAC,0.84,PLT-01,Munich Center,Germany,EMEA,SMB,France,OTIF_ERP,ERP Definition,Finance,1,1,100.0,100.0,100.0,100.0,100.0,0,0.0,CHAINTRUTH
2026-09-01,SUP-029,Supplier 029,Vietnam,APAC,0.51,PLT-06,Sao Paulo Ops,Brazil,LATAM,Enterprise,Japan,OTIF_ERP,ERP Definition,Finance,1,1,0.0,0.0,0.0,100.0,0.0,1,100.0,CHAINTRUTH
2026-09-01,SUP-029,Supplier 029,Vietnam,APAC,0.51,PLT-09,Hanoi Assembly,Vietnam,APAC,SMB,Australia,OTIF_ERP,ERP Definition,Finance,1,1,0.0,0.0,100.0,100.0,100.0,1,100.0,CHAINTRUTH
2026-09-01,SUP-030,Supplier 030,China,APAC,0.59,PLT-07,Seoul Tech,South Korea,APAC,SMB,Australia,OTIF_ERP,ERP Definition,Finance,1,1,0.0,0.0,0.0,100.0,0.0,1,100.0,CHAINTRUTH
2026-09-01,SUP-030,Supplier 030,China,APAC,0.59,PLT-06,Sao Paulo Ops,Brazil,LATAM,SMB,Singapore,OTIF_ERP,ERP Definition,Finance,1,1,0.0,0.0,0.0,100.0,100.0,1,100.0,CHAINTRUTH
2026-09-01,SUP-030,Supplier 030,China,APAC,0.59,PLT-02,Detroit Works,USA,NA,SMB,Australia,OTIF_ERP,ERP Definition,Finance,1,2,0.0,50.0,100.0,100.0,0.0,1,50.0,CHAINTRUTH
2026-09-01,SUP-030,Supplier 030,China,APAC,0.59,PLT-06,Sao Paulo Ops,Brazil,LATAM,Government,Japan,OTIF_ERP,ERP Definition,Finance,1,1,0.0,0.0,0.0,100.0,0.0,1,100.0,CHAINTRUTH
2026-09-01,SUP-031,Supplier 031,Germany,EMEA,0.92,PLT-02,Detroit Works,USA,NA,SMB,Canada,OTIF_ERP,ERP Definition,Finance,1,1,100.0,100.0,100.0,100.0,100.0,0,0.0,CHAINTRUTH
2026-09-01,SUP-031,Supplier 031,Germany,EMEA,0.92,PLT-03,Tokyo Precision,Japan,APAC,Government,Australia,OTIF_ERP,ERP Definition,Finance,1,2,0.0,0.0,100.0,100.0,50.0,2,100.0,CHAINTRUTH
2026-09-01,SUP-031,Supplier 031,Germany,EMEA,0.92,PLT-05,Monterrey Plant,Mexico,LATAM,SMB,USA,OTIF_ERP,ERP Definition,Finance,1,1,0.0,0.0,0.0,100.0,0.0,1,100.0,CHAINTRUTH
2026-09-01,SUP-031,Supplier 031,Germany,EMEA,0.92,PLT-09,Hanoi Assembly,Vietnam,APAC,SMB,Canada,OTIF_ERP,ERP Definition,Finance,1,1,0.0,0.0,100.0,100.0,0.0,1,100.0,CHAINTRUTH
2026-09-01,SUP-031,Supplier 031,Germany,EMEA,0.92,PLT-03,Tokyo Precision,Japan,APAC,SMB,France,OTIF_ERP,ERP Definition,Finance,1,1,0.0,0.0,100.0,100.0,100.0,1,100.0,CHAINTRUTH
2026-09-01,SUP-032,Supplier 032,USA,NA,0.78,PLT-06,Sao Paulo Ops,Brazil,LATAM,SMB,Australia,OTIF_ERP,ERP Definition,Finance,1,1,0.0,0.0,100.0,100.0,100.0,1,100.0,CHAINTRUTH
2026-09-01,SUP-032,Supplier 032,USA,NA,0.78,PLT-00,Shanghai Hub,China,APAC,Enterprise,Canada,OTIF_ERP,ERP Definition,Finance,1,2,50.0,50.0,100.0,100.0,50.0,1,50.0,CHAINTRUTH
2026-09-01,SUP-032,Supplier 032,USA,NA,0.78,PLT-07,Seoul Tech,South Korea,APAC,Government,Germany,OTIF_ERP,ERP Definition,Finance,1,1,0.0,0.0,0.0,100.0,100.0,1,100.0,CHAINTRUTH
2026-09-01,SUP-033,Supplier 033,Japan,APAC,0.5,PLT-07,Seoul Tech,South Korea,APAC,SMB,Singapore,OTIF_ERP,ERP Definition,Finance,1,1,0.0,0.0,100.0,100.0,100.0,1,100.0,CHAINTRUTH
2026-09-01,SUP-033,Supplier 033,Japan,APAC,0.5,PLT-02,Detroit Works,USA,NA,Government,Canada,OTIF_ERP,ERP Definition,Finance,1,1,0.0,0.0,0.0,100.0,100.0,1,100.0,CHAINTRUTH
2026-09-01,SUP-033,Supplier 033,Japan,APAC,0.5,PLT-08,Taipei Micro,Taiwan,APAC,SMB,Singapore,OTIF_ERP,ERP Definition,Finance,1,1,0.0,0.0,0.0,100.0,0.0,1,100.0,CHAINTRUTH
2026-09-01,SUP-033,Supplier 033,Japan,APAC,0.5,PLT-06,Sao Paulo Ops,Brazil,LATAM,SMB,Germany,OTIF_ERP,ERP Definition,Finance,1,1,0.0,0.0,0.0,100.0,100.0,1,100.0,CHAINTRUTH
2026-09-01,SUP-033,Supplier 033,Japan,APAC,0.5,PLT-05,Monterrey Plant,Mexico,LATAM,SMB,Canada,OTIF_ERP,ERP Definition,Finance,1,1,100.0,100.0,100.0,100.0,100.0,0,0.0,CHAINTRUTH
2026-09-01,SUP-033,Supplier 033,Japan,APAC,0.5,PLT-00,Shanghai Hub,China,APAC,Enterprise,France,OTIF_ERP,ERP Definition,Finance,1,1,0.0,0.0,100.0,100.0,0.0,1,100.0,CHAINTRUTH
2026-09-01,SUP-033,Supplier 033,Japan,APAC,0.5,PLT-09,Hanoi Assembly,Vietnam,APAC,Enterprise,USA,OTIF_ERP,ERP Definition,Finance,1,1,0.0,100.0,100.0,100.0,0.0,0,0.0,CHAINTRUTH
2026-09-01,SUP-034,Supplier 034,India,APAC,0.95,PLT-09,Hanoi Assembly,Vietnam,APAC,Government,USA,OTIF_ERP,ERP Definition,Finance,1,1,0.0,0.0,100.0,100.0,100.0,1,100.0,CHAINTRUTH
2026-09-01,SUP-034,Supplier 034,India,APAC,0.95,PLT-02,Detroit Works,USA,NA,SMB,UK,OTIF_ERP,ERP Definition,Finance,1,1,100.0,100.0,100.0,100.0,100.0,0,0.0,CHAINTRUTH
2026-09-01,SUP-034,Supplier 034,India,APAC,0.95,PLT-00,Shanghai Hub,China,APAC,SMB,Singapore,OTIF_ERP,ERP Definition,Finance,1,1,0.0,0.0,0.0,100.0,100.0,1,100.0,CHAINTRUTH
2026-09-01,SUP-034,Supplier 034,India,APAC,0.95,PLT-05,Monterrey Plant,Mexico,LATAM,Enterprise,Canada,OTIF_ERP,ERP Definition,Finance,1,1,0.0,0.0,100.0,100.0,100.0,1,100.0,CHAINTRUTH
2026-09-01,SUP-034,Supplier 034,India,APAC,0.95,PLT-02,Detroit Works,USA,NA,SMB,Canada,OTIF_ERP,ERP Definition,Finance,1,2,50.0,50.0,50.0,100.0,50.0,2,100.0,CHAINTRUTH
2026-09-01,SUP-034,Supplier 034,India,APAC,0.95,PLT-02,Detroit Works,USA,NA,Government,USA,OTIF_ERP,ERP Definition,Finance,1,1,100.0,100.0,100.0,100.0,100.0,0,0.0,CHAINTRUTH
2026-09-01,SUP-034,Supplier 034,India,APAC,0.95,PLT-08,Taipei Micro,Taiwan,APAC,Government,UK,OTIF_ERP,ERP Definition,Finance,1,1,0.0,0.0,0.0,100.0,100.0,1,100.0,CHAINTRUTH
2026-09-01,SUP-034,Supplier 034,India,APAC,0.95,PLT-03,Tokyo Precision,Japan,APAC,Enterprise,France,OTIF_ERP,ERP Definition,Finance,1,1,0.0,0.0,0.0,100.0,0.0,1,100.0,CHAINTRUTH
2026-09-01,SUP-035,Supplier 035,Mexico,LATAM,0.77,PLT-06,Sao Paulo Ops,Brazil,LATAM,Government,France,OTIF_ERP,ERP Definition,Finance,1,1,100.0,100.0,0.0,100.0,100.0,1,100.0,CHAINTRUTH
2026-09-01,SUP-035,Supplier 035,Mexico,LATAM,0.77,PLT-09,Hanoi Assembly,Vietnam,APAC,SMB,Germany,OTIF_ERP,ERP Definition,Finance,1,1,0.0,0.0,100.0,100.0,100.0,1,100.0,CHAINTRUTH
2026-09-01,SUP-035,Supplier 035,Mexico,LATAM,0.77,PLT-08,Taipei Micro,Taiwan,APAC,SMB,Germany,OTIF_ERP,ERP Definition,Finance,1,1,0.0,0.0,100.0,100.0,100.0,1,100.0,CHAINTRUTH
2026-09-01,SUP-035,Supplier 035,Mexico,LATAM,0.77,PLT-00,Shanghai Hub,China,APAC,Enterprise,UK,OTIF_ERP,ERP Definition,Finance,1,1,0.0,0.0,0.0,100.0,100.0,1,100.0,CHAINTRUTH
2026-09-01,SUP-035,Supplier 035,Mexico,LATAM,0.77,PLT-09,Hanoi Assembly,Vietnam,APAC,SMB,UK,OTIF_ERP,ERP Definition,Finance,1,1,0.0,0.0,100.0,100.0,100.0,1,100.0,CHAINTRUTH
2026-09-01,SUP-035,Supplier 035,Mexico,LATAM,0.77,PLT-09,Hanoi Assembly,Vietnam,APAC,Government,UK,OTIF_ERP,ERP Definition,Finance,1,2,0.0,0.0,50.0,100.0,0.0,2,100.0,CHAINTRUTH
2026-09-01,SUP-035,Supplier 035,Mexico,LATAM,0.77,PLT-08,Taipei Micro,Taiwan,APAC,Enterprise,Germany,OTIF_ERP,ERP Definition,Finance,1,2,0.0,0.0,50.0,100.0,0.0,2,100.0,CHAINTRUTH
2026-09-01,SUP-035,Supplier 035,Mexico,LATAM,0.77,PLT-06,Sao Paulo Ops,Brazil,LATAM,SMB,UK,OTIF_ERP,ERP Definition,Finance,1,2,0.0,0.0,50.0,100.0,50.0,2,100.0,CHAINTRUTH
2026-09-01,SUP-035,Supplier 035,Mexico,LATAM,0.77,PLT-01,Munich Center,Germany,EMEA,Government,USA,OTIF_ERP,ERP Definition,Finance,1,1,0.0,0.0,0.0,100.0,100.0,1,100.0,CHAINTRUTH
2026-09-01,SUP-036,Supplier 036,Brazil,LATAM,0.76,PLT-04,Chennai Forge,India,APAC,Government,Japan,OTIF_ERP,ERP Definition,Finance,1,2,0.0,0.0,100.0,100.0,50.0,2,100.0,CHAINTRUTH
2026-09-01,SUP-036,Supplier 036,Brazil,LATAM,0.76,PLT-04,Chennai Forge,India,APAC,SMB,Australia,OTIF_ERP,ERP Definition,Finance,1,1,0.0,100.0,100.0,100.0,0.0,0,0.0,CHAINTRUTH
2026-09-01,SUP-036,Supplier 036,Brazil,LATAM,0.76,PLT-08,Taipei Micro,Taiwan,APAC,SMB,Singapore,OTIF_ERP,ERP Definition,Finance,1,1,0.0,0.0,0.0,100.0,100.0,1,100.0,CHAINTRUTH
2026-09-01,SUP-036,Supplier 036,Brazil,LATAM,0.76,PLT-07,Seoul Tech,South Korea,APAC,SMB,Canada,OTIF_ERP,ERP Definition,Finance,1,1,0.0,0.0,100.0,100.0,100.0,1,100.0,CHAINTRUTH
2026-09-01,SUP-036,Supplier 036,Brazil,LATAM,0.76,PLT-05,Monterrey Plant,Mexico,LATAM,SMB,Germany,OTIF_ERP,ERP Definition,Finance,1,1,0.0,0.0,100.0,100.0,0.0,1,100.0,CHAINTRUTH
2026-09-01,SUP-037,Supplier 037,South Korea,APAC,0.7,PLT-07,Seoul Tech,South Korea,APAC,SMB,Germany,OTIF_ERP,ERP Definition,Finance,1,1,0.0,0.0,0.0,100.0,100.0,1,100.0,CHAINTRUTH
2026-09-01,SUP-037,Supplier 037,South Korea,APAC,0.7,PLT-01,Munich Center,Germany,EMEA,SMB,France,OTIF_ERP,ERP Definition,Finance,1,1,100.0,100.0,0.0,100.0,100.0,1,100.0,CHAINTRUTH
2026-09-01,SUP-037,Supplier 037,South Korea,APAC,0.7,PLT-05,Monterrey Plant,Mexico,LATAM,Government,Australia,OTIF_ERP,ERP Definition,Finance,1,1,0.0,0.0,100.0,100.0,0.0,1,100.0,CHAINTRUTH
2026-09-01,SUP-037,Supplier 037,South Korea,APAC,0.7,PLT-01,Munich Center,Germany,EMEA,Enterprise,USA,OTIF_ERP,ERP Definition,Finance,1,1,0.0,0.0,0.0,100.0,100.0,1,100.0,CHAINTRUTH
2026-09-01,SUP-037,Supplier 037,South Korea,APAC,0.7,PLT-05,Monterrey Plant,Mexico,LATAM,Enterprise,Canada,OTIF_ERP,ERP Definition,Finance,1,1,0.0,0.0,0.0,100.0,0.0,1,100.0,CHAINTRUTH
2026-09-01,SUP-037,Supplier 037,South Korea,APAC,0.7,PLT-03,Tokyo Precision,Japan,APAC,Enterprise,Japan,OTIF_ERP,ERP Definition,Finance,1,1,0.0,0.0,0.0,100.0,100.0,1,100.0,CHAINTRUTH
2026-09-01,SUP-037,Supplier 037,South Korea,APAC,0.7,PLT-04,Chennai Forge,India,APAC,Enterprise,USA,OTIF_ERP,ERP Definition,Finance,1,1,0.0,0.0,100.0,100.0,0.0,1,100.0,CHAINTRUTH
2026-09-01,SUP-037,Supplier 037,South Korea,APAC,0.7,PLT-04,Chennai Forge,India,APAC,SMB,Germany,OTIF_ERP,ERP Definition,Finance,1,1,0.0,0.0,0.0,100.0,0.0,1,100.0,CHAINTRUTH
2026-09-01,SUP-037,Supplier 037,South Korea,APAC,0.7,PLT-00,Shanghai Hub,China,APAC,Enterprise,USA,OTIF_ERP,ERP Definition,Finance,1,1,0.0,0.0,0.0,100.0,100.0,1,100.0,CHAINTRUTH
2026-09-01,SUP-037,Supplier 037,South Korea,APAC,0.7,PLT-00,Shanghai Hub,China,APAC,SMB,UK,OTIF_ERP,ERP Definition,Finance,1,2,0.0,0.0,50.0,100.0,0.0,2,100.0,CHAINTRUTH
2026-09-01,SUP-037,Supplier 037,South Korea,APAC,0.7,PLT-05,Monterrey Plant,Mexico,LATAM,SMB,Singapore,OTIF_ERP,ERP Definition,Finance,1,1,0.0,0.0,0.0,100.0,100.0,1,100.0,CHAINTRUTH
2026-09-01,SUP-037,Supplier 037,South Korea,APAC,0.7,PLT-09,Hanoi Assembly,Vietnam,APAC,Enterprise,USA,OTIF_ERP,ERP Definition,Finance,1,1,0.0,0.0,0.0,100.0,100.0,1,100.0,CHAINTRUTH
2026-09-01,SUP-037,Supplier 037,South Korea,APAC,0.7,PLT-04,Chennai Forge,India,APAC,SMB,USA,OTIF_ERP,ERP Definition,Finance,1,1,0.0,0.0,100.0,100.0,100.0,1,100.0,CHAINTRUTH
2026-09-01,SUP-038,Supplier 038,Taiwan,APAC,0.95,PLT-03,Tokyo Precision,Japan,APAC,Enterprise,Canada,OTIF_ERP,ERP Definition,Finance,1,1,0.0,0.0,0.0,100.0,100.0,1,100.0,CHAINTRUTH
2026-09-01,SUP-038,Supplier 038,Taiwan,APAC,0.95,PLT-04,Chennai Forge,India,APAC,SMB,Singapore,OTIF_ERP,ERP Definition,Finance,1,1,0.0,0.0,100.0,100.0,100.0,1,100.0,CHAINTRUTH
2026-09-01,SUP-038,Supplier 038,Taiwan,APAC,0.95,PLT-07,Seoul Tech,South Korea,APAC,Government,Australia,OTIF_ERP,ERP Definition,Finance,1,1,0.0,0.0,0.0,100.0,0.0,1,100.0,CHAINTRUTH
2026-09-01,SUP-038,Supplier 038,Taiwan,APAC,0.95,PLT-04,Chennai Forge,India,APAC,Enterprise,Germany,OTIF_ERP,ERP Definition,Finance,1,2,0.0,0.0,100.0,100.0,50.0,2,100.0,CHAINTRUTH
2026-09-01,SUP-038,Supplier 038,Taiwan,APAC,0.95,PLT-00,Shanghai Hub,China,APAC,SMB,UK,OTIF_ERP,ERP Definition,Finance,1,2,0.0,0.0,100.0,100.0,50.0,2,100.0,CHAINTRUTH
2026-09-01,SUP-038,Supplier 038,Taiwan,APAC,0.95,PLT-06,Sao Paulo Ops,Brazil,LATAM,SMB,France,OTIF_ERP,ERP Definition,Finance,1,1,0.0,0.0,0.0,100.0,100.0,1,100.0,CHAINTRUTH
2026-09-01,SUP-038,Supplier 038,Taiwan,APAC,0.95,PLT-03,Tokyo Precision,Japan,APAC,Government,Germany,OTIF_ERP,ERP Definition,Finance,1,1,0.0,0.0,0.0,100.0,100.0,1,100.0,CHAINTRUTH
2026-09-01,SUP-039,Supplier 039,Vietnam,APAC,0.68,PLT-05,Monterrey Plant,Mexico,LATAM,SMB,Singapore,OTIF_ERP,ERP Definition,Finance,1,1,0.0,0.0,100.0,100.0,100.0,1,100.0,CHAINTRUTH
2026-09-01,SUP-039,Supplier 039,Vietnam,APAC,0.68,PLT-00,Shanghai Hub,China,APAC,SMB,Singapore,OTIF_ERP,ERP Definition,Finance,1,1,0.0,0.0,100.0,100.0,0.0,1,100.0,CHAINTRUTH
2026-09-01,SUP-039,Supplier 039,Vietnam,APAC,0.68,PLT-08,Taipei Micro,Taiwan,APAC,SMB,Canada,OTIF_ERP,ERP Definition,Finance,1,1,0.0,0.0,0.0,100.0,100.0,1,100.0,CHAINTRUTH
2026-09-01,SUP-039,Supplier 039,Vietnam,APAC,0.68,PLT-06,Sao Paulo Ops,Brazil,LATAM,SMB,Singapore,OTIF_ERP,ERP Definition,Finance,1,1,0.0,0.0,100.0,100.0,100.0,1,100.0,CHAINTRUTH
2026-09-01,SUP-040,Supplier 040,China,APAC,0.96,PLT-09,Hanoi Assembly,Vietnam,APAC,SMB,Germany,OTIF_ERP,ERP Definition,Finance,1,1,0.0,0.0,100.0,100.0,100.0,1,100.0,CHAINTRUTH
2026-09-01,SUP-041,Supplier 041,Germany,EMEA,0.64,PLT-09,Hanoi Assembly,Vietnam,APAC,Enterprise,Germany,OTIF_ERP,ERP Definition,Finance,1,1,0.0,0.0,0.0,100.0,100.0,1,100.0,CHAINTRUTH
2026-09-01,SUP-041,Supplier 041,Germany,EMEA,0.64,PLT-09,Hanoi Assembly,Vietnam,APAC,Government,UK,OTIF_ERP,ERP Definition,Finance,1,1,0.0,0.0,0.0,100.0,100.0,1,100.0,CHAINTRUTH
2026-09-01,SUP-041,Supplier 041,Germany,EMEA,0.64,PLT-03,Tokyo Precision,Japan,APAC,SMB,France,OTIF_ERP,ERP Definition,Finance,1,1,0.0,0.0,0.0,100.0,100.0,1,100.0,CHAINTRUTH
2026-09-01,SUP-041,Supplier 041,Germany,EMEA,0.64,PLT-09,Hanoi Assembly,Vietnam,APAC,Enterprise,Canada,OTIF_ERP,ERP Definition,Finance,1,1,0.0,0.0,0.0,100.0,0.0,1,100.0,CHAINTRUTH
2026-09-01,SUP-041,Supplier 041,Germany,EMEA,0.64,PLT-00,Shanghai Hub,China,APAC,Enterprise,Germany,OTIF_ERP,ERP Definition,Finance,1,2,0.0,0.0,50.0,100.0,50.0,2,100.0,CHAINTRUTH
2026-09-01,SUP-041,Supplier 041,Germany,EMEA,0.64,PLT-05,Monterrey Plant,Mexico,LATAM,SMB,Canada,OTIF_ERP,ERP Definition,Finance,1,2,0.0,0.0,100.0,100.0,50.0,2,100.0,CHAINTRUTH
2026-09-01,SUP-041,Supplier 041,Germany,EMEA,0.64,PLT-05,Monterrey Plant,Mexico,LATAM,Enterprise,UK,OTIF_ERP,ERP Definition,Finance,1,2,0.0,0.0,0.0,50.0,0.0,1,50.0,CHAINTRUTH
2026-09-01,SUP-041,Supplier 041,Germany,EMEA,0.64,PLT-00,Shanghai Hub,China,APAC,Enterprise,USA,OTIF_ERP,ERP Definition,Finance,1,1,0.0,0.0,0.0,100.0,100.0,1,100.0,CHAINTRUTH
2026-09-01,SUP-041,Supplier 041,Germany,EMEA,0.64,PLT-00,Shanghai Hub,China,APAC,SMB,Australia,OTIF_ERP,ERP Definition,Finance,1,1,0.0,0.0,100.0,100.0,100.0,1,100.0,CHAINTRUTH
2026-09-01,SUP-041,Supplier 041,Germany,EMEA,0.64,PLT-06,Sao Paulo Ops,Brazil,LATAM,SMB,Australia,OTIF_ERP,ERP Definition,Finance,1,1,0.0,0.0,100.0,100.0,100.0,1,100.0,CHAINTRUTH
2026-09-01,SUP-041,Supplier 041,Germany,EMEA,0.64,PLT-05,Monterrey Plant,Mexico,LATAM,SMB,UK,OTIF_ERP,ERP Definition,Finance,1,2,0.0,0.0,50.0,100.0,50.0,2,100.0,CHAINTRUTH
2026-09-01,SUP-042,Supplier 042,USA,NA,0.91,PLT-07,Seoul Tech,South Korea,APAC,SMB,Germany,OTIF_ERP,ERP Definition,Finance,2,2,0.0,0.0,100.0,100.0,100.0,2,100.0,CHAINTRUTH
2026-09-01,SUP-042,Supplier 042,USA,NA,0.91,PLT-06,Sao Paulo Ops,Brazil,LATAM,Enterprise,Australia,OTIF_ERP,ERP Definition,Finance,1,1,100.0,100.0,100.0,100.0,100.0,0,0.0,CHAINTRUTH
2026-09-01,SUP-042,Supplier 042,USA,NA,0.91,PLT-04,Chennai Forge,India,APAC,SMB,Australia,OTIF_ERP,ERP Definition,Finance,1,2,0.0,0.0,0.0,100.0,50.0,2,100.0,CHAINTRUTH
2026-09-01,SUP-042,Supplier 042,USA,NA,0.91,PLT-04,Chennai Forge,India,APAC,Enterprise,USA,OTIF_ERP,ERP Definition,Finance,1,2,50.0,50.0,50.0,100.0,50.0,1,50.0,CHAINTRUTH
2026-09-01,SUP-042,Supplier 042,USA,NA,0.91,PLT-02,Detroit Works,USA,NA,SMB,Australia,OTIF_ERP,ERP Definition,Finance,1,1,100.0,100.0,100.0,100.0,100.0,0,0.0,CHAINTRUTH
2026-09-01,SUP-042,Supplier 042,USA,NA,0.91,PLT-06,Sao Paulo Ops,Brazil,LATAM,Enterprise,Canada,OTIF_ERP,ERP Definition,Finance,1,2,0.0,0.0,50.0,100.0,50.0,2,100.0,CHAINTRUTH
2026-09-01,SUP-042,Supplier 042,USA,NA,0.91,PLT-04,Chennai Forge,India,APAC,SMB,USA,OTIF_ERP,ERP Definition,Finance,1,1,0.0,0.0,100.0,100.0,100.0,1,100.0,CHAINTRUTH
2026-09-01,SUP-042,Supplier 042,USA,NA,0.91,PLT-06,Sao Paulo Ops,Brazil,LATAM,Government,Germany,OTIF_ERP,ERP Definition,Finance,1,1,0.0,0.0,0.0,100.0,100.0,1,100.0,CHAINTRUTH
2026-09-01,SUP-042,Supplier 042,USA,NA,0.91,PLT-06,Sao Paulo Ops,Brazil,LATAM,SMB,Canada,OTIF_ERP,ERP Definition,Finance,1,1,0.0,0.0,0.0,100.0,0.0,1,100.0,CHAINTRUTH
2026-09-01,SUP-042,Supplier 042,USA,NA,0.91,PLT-07,Seoul Tech,South Korea,APAC,Enterprise,Japan,OTIF_ERP,ERP Definition,Finance,1,1,0.0,0.0,0.0,100.0,0.0,1,100.0,CHAINTRUTH
2026-09-01,SUP-042,Supplier 042,USA,NA,0.91,PLT-03,Tokyo Precision,Japan,APAC,Enterprise,France,OTIF_ERP,ERP Definition,Finance,1,1,0.0,0.0,100.0,100.0,100.0,1,100.0,CHAINTRUTH
2026-09-01,SUP-042,Supplier 042,USA,NA,0.91,PLT-08,Taipei Micro,Taiwan,APAC,SMB,Canada,OTIF_ERP,ERP Definition,Finance,1,1,0.0,0.0,0.0,100.0,100.0,1,100.0,CHAINTRUTH
2026-09-01,SUP-042,Supplier 042,USA,NA,0.91,PLT-07,Seoul Tech,South Korea,APAC,SMB,Australia,OTIF_ERP,ERP Definition,Finance,1,1,0.0,0.0,100.0,100.0,100.0,1,100.0,CHAINTRUTH
2026-09-01,SUP-043,Supplier 043,Japan,APAC,0.98,PLT-02,Detroit Works,USA,NA,Enterprise,USA,OTIF_ERP,ERP Definition,Finance,1,1,100.0,100.0,100.0,100.0,100.0,0,0.0,CHAINTRUTH
2026-09-01,SUP-043,Supplier 043,Japan,APAC,0.98,PLT-01,Munich Center,Germany,EMEA,SMB,Australia,OTIF_ERP,ERP Definition,Finance,1,1,0.0,0.0,100.0,100.0,100.0,1,100.0,CHAINTRUTH
2026-09-01,SUP-043,Supplier 043,Japan,APAC,0.98,PLT-09,Hanoi Assembly,Vietnam,APAC,SMB,France,OTIF_ERP,ERP Definition,Finance,1,1,0.0,0.0,0.0,100.0,100.0,1,100.0,CHAINTRUTH
2026-09-01,SUP-043,Supplier 043,Japan,APAC,0.98,PLT-08,Taipei Micro,Taiwan,APAC,SMB,Singapore,OTIF_ERP,ERP Definition,Finance,1,1,0.0,0.0,0.0,100.0,0.0,1,100.0,CHAINTRUTH
2026-09-01,SUP-043,Supplier 043,Japan,APAC,0.98,PLT-04,Chennai Forge,India,APAC,SMB,UK,OTIF_ERP,ERP Definition,Finance,1,1,0.0,0.0,0.0,100.0,0.0,1,100.0,CHAINTRUTH
2026-09-01,SUP-043,Supplier 043,Japan,APAC,0.98,PLT-06,Sao Paulo Ops,Brazil,LATAM,Enterprise,Canada,OTIF_ERP,ERP Definition,Finance,1,1,0.0,0.0,0.0,100.0,100.0,1,100.0,CHAINTRUTH
2026-09-01,SUP-043,Supplier 043,Japan,APAC,0.98,PLT-07,Seoul Tech,South Korea,APAC,Enterprise,USA,OTIF_ERP,ERP Definition,Finance,1,1,0.0,0.0,100.0,100.0,100.0,1,100.0,CHAINTRUTH
2026-09-01,SUP-044,Supplier 044,India,APAC,0.55,PLT-01,Munich Center,Germany,EMEA,SMB,Canada,OTIF_ERP,ERP Definition,Finance,1,2,0.0,0.0,0.0,100.0,50.0,2,100.0,CHAINTRUTH
2026-09-01,SUP-044,Supplier 044,India,APAC,0.55,PLT-06,Sao Paulo Ops,Brazil,LATAM,SMB,USA,OTIF_ERP,ERP Definition,Finance,1,1,0.0,0.0,100.0,100.0,100.0,1,100.0,CHAINTRUTH
2026-09-01,SUP-044,Supplier 044,India,APAC,0.55,PLT-08,Taipei Micro,Taiwan,APAC,SMB,Singapore,OTIF_ERP,ERP Definition,Finance,1,1,0.0,0.0,100.0,100.0,100.0,1,100.0,CHAINTRUTH
2026-09-01,SUP-044,Supplier 044,India,APAC,0.55,PLT-00,Shanghai Hub,China,APAC,Government,Singapore,OTIF_ERP,ERP Definition,Finance,1,1,0.0,0.0,0.0,100.0,0.0,1,100.0,CHAINTRUTH
2026-09-01,SUP-044,Supplier 044,India,APAC,0.55,PLT-08,Taipei Micro,Taiwan,APAC,Enterprise,Japan,OTIF_ERP,ERP Definition,Finance,1,1,0.0,0.0,100.0,100.0,0.0,1,100.0,CHAINTRUTH
2026-09-01,SUP-044,Supplier 044,India,APAC,0.55,PLT-04,Chennai Forge,India,APAC,SMB,Singapore,OTIF_ERP,ERP Definition,Finance,1,1,0.0,0.0,0.0,100.0,0.0,1,100.0,CHAINTRUTH
2026-09-01,SUP-044,Supplier 044,India,APAC,0.55,PLT-06,Sao Paulo Ops,Brazil,LATAM,SMB,Canada,OTIF_ERP,ERP Definition,Finance,1,1,0.0,0.0,0.0,100.0,100.0,1,100.0,CHAINTRUTH
2026-09-01,SUP-044,Supplier 044,India,APAC,0.55,PLT-04,Chennai Forge,India,APAC,SMB,Australia,OTIF_ERP,ERP Definition,Finance,1,1,0.0,0.0,0.0,100.0,0.0,1,100.0,CHAINTRUTH
2026-09-01,SUP-045,Supplier 045,Mexico,LATAM,0.92,PLT-07,Seoul Tech,South Korea,APAC,Government,USA,OTIF_ERP,ERP Definition,Finance,1,1,0.0,0.0,100.0,100.0,100.0,1,100.0,CHAINTRUTH
2026-09-01,SUP-045,Supplier 045,Mexico,LATAM,0.92,PLT-04,Chennai Forge,India,APAC,Enterprise,USA,OTIF_ERP,ERP Definition,Finance,1,1,0.0,100.0,0.0,100.0,0.0,1,100.0,CHAINTRUTH
2026-09-01,SUP-045,Supplier 045,Mexico,LATAM,0.92,PLT-04,Chennai Forge,India,APAC,SMB,UK,OTIF_ERP,ERP Definition,Finance,1,1,0.0,0.0,0.0,100.0,0.0,1,100.0,CHAINTRUTH
2026-09-01,SUP-045,Supplier 045,Mexico,LATAM,0.92,PLT-07,Seoul Tech,South Korea,APAC,SMB,UK,OTIF_ERP,ERP Definition,Finance,1,1,0.0,0.0,100.0,100.0,100.0,1,100.0,CHAINTRUTH
2026-09-01,SUP-045,Supplier 045,Mexico,LATAM,0.92,PLT-08,Taipei Micro,Taiwan,APAC,SMB,Canada,OTIF_ERP,ERP Definition,Finance,1,1,0.0,0.0,100.0,100.0,100.0,1,100.0,CHAINTRUTH
2026-09-01,SUP-045,Supplier 045,Mexico,LATAM,0.92,PLT-00,Shanghai Hub,China,APAC,Government,USA,OTIF_ERP,ERP Definition,Finance,1,1,100.0,100.0,100.0,100.0,100.0,0,0.0,CHAINTRUTH
2026-09-01,SUP-045,Supplier 045,Mexico,LATAM,0.92,PLT-07,Seoul Tech,South Korea,APAC,SMB,Germany,OTIF_ERP,ERP Definition,Finance,1,1,0.0,0.0,0.0,100.0,100.0,1,100.0,CHAINTRUTH
2026-09-01,SUP-045,Supplier 045,Mexico,LATAM,0.92,PLT-05,Monterrey Plant,Mexico,LATAM,Enterprise,USA,OTIF_ERP,ERP Definition,Finance,1,2,0.0,0.0,50.0,100.0,50.0,2,100.0,CHAINTRUTH
2026-09-01,SUP-045,Supplier 045,Mexico,LATAM,0.92,PLT-02,Detroit Works,USA,NA,SMB,France,OTIF_ERP,ERP Definition,Finance,1,2,50.0,50.0,0.0,100.0,50.0,2,100.0,CHAINTRUTH
2026-09-01,SUP-045,Supplier 045,Mexico,LATAM,0.92,PLT-01,Munich Center,Germany,EMEA,SMB,France,OTIF_ERP,ERP Definition,Finance,1,1,0.0,0.0,100.0,100.0,100.0,1,100.0,CHAINTRUTH
2026-09-01,SUP-045,Supplier 045,Mexico,LATAM,0.92,PLT-02,Detroit Works,USA,NA,Enterprise,Germany,OTIF_ERP,ERP Definition,Finance,1,1,100.0,100.0,0.0,100.0,100.0,1,100.0,CHAINTRUTH
2026-09-01,SUP-046,Supplier 046,Brazil,LATAM,0.96,PLT-07,Seoul Tech,South Korea,APAC,Government,France,OTIF_ERP,ERP Definition,Finance,1,1,0.0,0.0,100.0,100.0,100.0,1,100.0,CHAINTRUTH
2026-09-01,SUP-046,Supplier 046,Brazil,LATAM,0.96,PLT-00,Shanghai Hub,China,APAC,Enterprise,Japan,OTIF_ERP,ERP Definition,Finance,1,1,0.0,0.0,0.0,100.0,100.0,1,100.0,CHAINTRUTH
2026-09-01,SUP-046,Supplier 046,Brazil,LATAM,0.96,PLT-01,Munich Center,Germany,EMEA,Enterprise,France,OTIF_ERP,ERP Definition,Finance,1,1,0.0,0.0,0.0,100.0,100.0,1,100.0,CHAINTRUTH
2026-09-01,SUP-046,Supplier 046,Brazil,LATAM,0.96,PLT-00,Shanghai Hub,China,APAC,Enterprise,USA,OTIF_ERP,ERP Definition,Finance,1,1,0.0,0.0,100.0,100.0,0.0,1,100.0,CHAINTRUTH
2026-09-01,SUP-046,Supplier 046,Brazil,LATAM,0.96,PLT-06,Sao Paulo Ops,Brazil,LATAM,Government,USA,OTIF_ERP,ERP Definition,Finance,1,1,0.0,0.0,100.0,100.0,0.0,1,100.0,CHAINTRUTH
2026-09-01,SUP-046,Supplier 046,Brazil,LATAM,0.96,PLT-01,Munich Center,Germany,EMEA,Enterprise,Singapore,OTIF_ERP,ERP Definition,Finance,1,1,0.0,0.0,0.0,100.0,100.0,1,100.0,CHAINTRUTH
2026-09-01,SUP-046,Supplier 046,Brazil,LATAM,0.96,PLT-01,Munich Center,Germany,EMEA,SMB,Australia,OTIF_ERP,ERP Definition,Finance,1,2,0.0,0.0,0.0,100.0,50.0,2,100.0,CHAINTRUTH
2026-09-01,SUP-046,Supplier 046,Brazil,LATAM,0.96,PLT-04,Chennai Forge,India,APAC,SMB,Germany,OTIF_ERP,ERP Definition,Finance,1,2,0.0,0.0,50.0,100.0,50.0,2,100.0,CHAINTRUTH
2026-09-01,SUP-046,Supplier 046,Brazil,LATAM,0.96,PLT-00,Shanghai Hub,China,APAC,SMB,France,OTIF_ERP,ERP Definition,Finance,1,2,0.0,0.0,100.0,100.0,50.0,2,100.0,CHAINTRUTH
2026-09-01,SUP-046,Supplier 046,Brazil,LATAM,0.96,PLT-06,Sao Paulo Ops,Brazil,LATAM,SMB,UK,OTIF_ERP,ERP Definition,Finance,1,1,100.0,100.0,100.0,100.0,100.0,0,0.0,CHAINTRUTH
2026-09-01,SUP-046,Supplier 046,Brazil,LATAM,0.96,PLT-09,Hanoi Assembly,Vietnam,APAC,SMB,France,OTIF_ERP,ERP Definition,Finance,1,2,0.0,0.0,100.0,100.0,50.0,2,100.0,CHAINTRUTH
2026-09-01,SUP-046,Supplier 046,Brazil,LATAM,0.96,PLT-08,Taipei Micro,Taiwan,APAC,SMB,UK,OTIF_ERP,ERP Definition,Finance,1,1,0.0,0.0,100.0,100.0,100.0,1,100.0,CHAINTRUTH
2026-09-01,SUP-047,Supplier 047,South Korea,APAC,0.59,PLT-01,Munich Center,Germany,EMEA,Enterprise,Germany,OTIF_ERP,ERP Definition,Finance,1,1,0.0,0.0,0.0,100.0,100.0,1,100.0,CHAINTRUTH
2026-09-01,SUP-047,Supplier 047,South Korea,APAC,0.59,PLT-06,Sao Paulo Ops,Brazil,LATAM,Government,Japan,OTIF_ERP,ERP Definition,Finance,1,1,0.0,0.0,0.0,100.0,100.0,1,100.0,CHAINTRUTH
2026-09-01,SUP-047,Supplier 047,South Korea,APAC,0.59,PLT-04,Chennai Forge,India,APAC,SMB,Canada,OTIF_ERP,ERP Definition,Finance,1,1,0.0,0.0,100.0,100.0,100.0,1,100.0,CHAINTRUTH
2026-09-01,SUP-048,Supplier 048,Taiwan,APAC,0.54,PLT-06,Sao Paulo Ops,Brazil,LATAM,SMB,Japan,OTIF_ERP,ERP Definition,Finance,1,1,0.0,0.0,100.0,100.0,100.0,1,100.0,CHAINTRUTH
2026-09-01,SUP-048,Supplier 048,Taiwan,APAC,0.54,PLT-00,Shanghai Hub,China,APAC,SMB,France,OTIF_ERP,ERP Definition,Finance,1,1,0.0,0.0,0.0,100.0,0.0,1,100.0,CHAINTRUTH
2026-09-01,SUP-048,Supplier 048,Taiwan,APAC,0.54,PLT-03,Tokyo Precision,Japan,APAC,Enterprise,Germany,OTIF_ERP,ERP Definition,Finance,1,1,0.0,0.0,0.0,100.0,100.0,1,100.0,CHAINTRUTH
2026-09-01,SUP-048,Supplier 048,Taiwan,APAC,0.54,PLT-04,Chennai Forge,India,APAC,Enterprise,Japan,OTIF_ERP,ERP Definition,Finance,1,1,0.0,0.0,0.0,100.0,100.0,1,100.0,CHAINTRUTH
2026-09-01,SUP-049,Supplier 049,Vietnam,APAC,0.75,PLT-01,Munich Center,Germany,EMEA,SMB,Canada,OTIF_ERP,ERP Definition,Finance,1,1,0.0,0.0,0.0,100.0,100.0,1,100.0,CHAINTRUTH
2026-09-01,SUP-049,Supplier 049,Vietnam,APAC,0.75,PLT-00,Shanghai Hub,China,APAC,SMB,Germany,OTIF_ERP,ERP Definition,Finance,1,2,0.0,0.0,0.0,100.0,50.0,2,100.0,CHAINTRUTH
2026-09-01,SUP-049,Supplier 049,Vietnam,APAC,0.75,PLT-06,Sao Paulo Ops,Brazil,LATAM,Enterprise,USA,OTIF_ERP,ERP Definition,Finance,1,1,0.0,0.0,0.0,100.0,100.0,1,100.0,CHAINTRUTH
2026-09-01,SUP-049,Supplier 049,Vietnam,APAC,0.75,PLT-00,Shanghai Hub,China,APAC,SMB,UK,OTIF_ERP,ERP Definition,Finance,1,1,0.0,0.0,0.0,100.0,100.0,1,100.0,CHAINTRUTH
2026-09-01,SUP-049,Supplier 049,Vietnam,APAC,0.75,PLT-05,Monterrey Plant,Mexico,LATAM,SMB,Australia,OTIF_ERP,ERP Definition,Finance,2,4,0.0,0.0,25.0,100.0,25.0,4,100.0,CHAINTRUTH
2026-10-01,SUP-002,Supplier 002,USA,NA,0.74,PLT-03,Tokyo Precision,Japan,APAC,Enterprise,USA,OTIF_ERP,ERP Definition,Finance,1,1,0.0,0.0,100.0,100.0,100.0,1,100.0,CHAINTRUTH
2026-10-01,SUP-009,Supplier 009,Vietnam,APAC,1.0,PLT-04,Chennai Forge,India,APAC,Enterprise,Japan,OTIF_ERP,ERP Definition,Finance,1,1,0.0,0.0,0.0,100.0,100.0,1,100.0,CHAINTRUTH
2026-10-01,SUP-012,Supplier 012,USA,NA,0.66,PLT-04,Chennai Forge,India,APAC,Government,Canada,OTIF_ERP,ERP Definition,Finance,1,2,0.0,0.0,50.0,100.0,50.0,2,100.0,CHAINTRUTH
2026-10-01,SUP-024,Supplier 024,India,APAC,0.89,PLT-00,Shanghai Hub,China,APAC,SMB,UK,OTIF_ERP,ERP Definition,Finance,1,1,0.0,0.0,0.0,100.0,100.0,1,100.0,CHAINTRUTH
2026-10-01,SUP-025,Supplier 025,Mexico,LATAM,0.71,PLT-00,Shanghai Hub,China,APAC,Government,Germany,OTIF_ERP,ERP Definition,Finance,1,1,0.0,0.0,0.0,100.0,0.0,1,100.0,CHAINTRUTH
2026-10-01,SUP-028,Supplier 028,Taiwan,APAC,0.84,PLT-08,Taipei Micro,Taiwan,APAC,Enterprise,France,OTIF_ERP,ERP Definition,Finance,1,1,0.0,0.0,0.0,100.0,100.0,1,100.0,CHAINTRUTH
2026-10-01,SUP-031,Supplier 031,Germany,EMEA,0.92,PLT-09,Hanoi Assembly,Vietnam,APAC,Government,Australia,OTIF_ERP,ERP Definition,Finance,1,1,0.0,0.0,0.0,100.0,0.0,1,100.0,CHAINTRUTH
