ORDER_MONTH,SUPPLIER_ID,SUPPLIER_NAME,SUPPLIER_COUNTRY,SUPPLIER_REGION,PLANT_ID,PLANT_NAME,PLANT_COUNTRY,PLANT_REGION,CUSTOMER_SEGMENT,CUSTOMER_COUNTRY,TOTAL_ORDERS,TOTAL_SHIPMENTS,TOTAL_QTY_ORDERED,TOTAL_QTY_SHIPPED,TOTAL_SHORTFALL_QTY,FILL_RATE,PERFECT_ORDER_RATE,SHORTFALL_REVENUE
2025-10-01,SUP-000,Supplier 000,China,APAC,PLT-03,Tokyo Precision,Japan,APAC,SMB,Singapore,1,2.0,4,5,0,125.0,100.0,0.0
2025-10-01,SUP-000,Supplier 000,China,APAC,PLT-06,Sao Paulo Ops,Brazil,LATAM,SMB,France,1,1.0,2,2,0,100.0,100.0,0.0
2025-10-01,SUP-000,Supplier 000,China,APAC,PLT-04,Chennai Forge,India,APAC,Government,USA,1,2.0,84,67,17,79.76,0.0,3914.76
2025-10-01,SUP-000,Supplier 000,China,APAC,PLT-06,Sao Paulo Ops,Brazil,LATAM,SMB,Australia,1,1.0,58,49,9,84.48,0.0,444.69
2025-10-01,SUP-000,Supplier 000,China,APAC,PLT-04,Chennai Forge,India,APAC,Enterprise,Japan,2,3.0,89,101,0,113.48,100.0,0.0
2025-10-01,SUP-001,Supplier 001,Germany,EMEA,PLT-00,Shanghai Hub,China,APAC,SMB,Japan,1,2.0,66,78,0,118.18,100.0,0.0
2025-10-01,SUP-001,Supplier 001,Germany,EMEA,PLT-09,Hanoi Assembly,Vietnam,APAC,SMB,Australia,1,2.0,62,69,0,111.29,100.0,0.0
2025-10-01,SUP-001,Supplier 001,Germany,EMEA,PLT-09,Hanoi Assembly,Vietnam,APAC,Enterprise,Japan,1,1.0,93,93,0,100.0,100.0,0.0
2025-10-01,SUP-001,Supplier 001,Germany,EMEA,PLT-08,Taipei Micro,Taiwan,APAC,SMB,Australia,1,1.0,127,127,0,100.0,100.0,0.0
2025-10-01,SUP-001,Supplier 001,Germany,EMEA,PLT-01,Munich Center,Germany,EMEA,Enterprise,France,1,1.0,175,175,0,100.0,100.0,0.0
2025-10-01,SUP-002,Supplier 002,USA,NA,PLT-02,Detroit Works,USA,NA,SMB,Canada,1,1.0,69,69,0,100.0,100.0,0.0
2025-10-01,SUP-002,Supplier 002,USA,NA,PLT-03,Tokyo Precision,Japan,APAC,SMB,UK,1,2.0,20,23,0,115.0,100.0,0.0
2025-10-01,SUP-002,Supplier 002,USA,NA,PLT-03,Tokyo Precision,Japan,APAC,Enterprise,Canada,1,1.0,150,146,4,97.33,0.0,254.4
2025-10-01,SUP-002,Supplier 002,USA,NA,PLT-01,Munich Center,Germany,EMEA,Enterprise,Singapore,1,1.0,164,164,0,100.0,100.0,0.0
2025-10-01,SUP-002,Supplier 002,USA,NA,PLT-02,Detroit Works,USA,NA,Government,Germany,1,1.0,70,70,0,100.0,100.0,0.0
2025-10-01,SUP-002,Supplier 002,USA,NA,PLT-00,Shanghai Hub,China,APAC,SMB,Singapore,1,1.0,17,17,0,100.0,100.0,0.0
2025-10-01,SUP-002,Supplier 002,USA,NA,PLT-02,Detroit Works,USA,NA,Enterprise,USA,1,2.0,128,161,0,125.78,100.0,0.0
2025-10-01,SUP-002,Supplier 002,USA,NA,PLT-06,Sao Paulo Ops,Brazil,LATAM,SMB,UK,1,1.0,54,43,11,79.63,0.0,1514.81
2025-10-01,SUP-002,Supplier 002,USA,NA,PLT-07,Seoul Tech,South Korea,APAC,Enterprise,Australia,1,1.0,6,6,0,100.0,100.0,0.0
2025-10-01,SUP-002,Supplier 002,USA,NA,PLT-08,Taipei Micro,Taiwan,APAC,Government,Germany,1,1.0,12,10,2,83.33,0.0,930.16
2025-10-01,SUP-003,Supplier 003,Japan,APAC,PLT-04,Chennai Forge,India,APAC,Government,Australia,1,1.0,32,32,0,100.0,100.0,0.0
2025-10-01,SUP-003,Supplier 003,Japan,APAC,PLT-01,Munich Center,Germany,EMEA,SMB,Canada,1,1.0,125,110,15,88.0,0.0,4574.55
2025-10-01,SUP-003,Supplier 003,Japan,APAC,PLT-05,Monterrey Plant,Mexico,LATAM,SMB,Singapore,1,1.0,6,6,0,100.0,100.0,0.0
2025-10-01,SUP-003,Supplier 003,Japan,APAC,PLT-00,Shanghai Hub,China,APAC,Enterprise,Japan,1,1.0,154,154,0,100.0,100.0,0.0
2025-10-01,SUP-003,Supplier 003,Japan,APAC,PLT-04,Chennai Forge,India,APAC,SMB,Singapore,1,1.0,105,105,0,100.0,100.0,0.0
2025-10-01,SUP-003,Supplier 003,Japan,APAC,PLT-01,Munich Center,Germany,EMEA,Enterprise,Singapore,1,1.0,72,68,4,94.44,0.0,607.92
2025-10-01,SUP-003,Supplier 003,Japan,APAC,PLT-09,Hanoi Assembly,Vietnam,APAC,Government,France,1,1.0,181,181,0,100.0,100.0,0.0
2025-10-01,SUP-003,Supplier 003,Japan,APAC,PLT-05,Monterrey Plant,Mexico,LATAM,Enterprise,USA,1,1.0,146,146,0,100.0,100.0,0.0
2025-10-01,SUP-003,Supplier 003,Japan,APAC,PLT-01,Munich Center,Germany,EMEA,Government,Australia,1,1.0,131,131,0,100.0,100.0,0.0
2025-10-01,SUP-004,Supplier 004,India,APAC,PLT-03,Tokyo Precision,Japan,APAC,SMB,Singapore,1,1.0,32,32,0,100.0,100.0,0.0
2025-10-01,SUP-004,Supplier 004,India,APAC,PLT-06,Sao Paulo Ops,Brazil,LATAM,SMB,Japan,1,1.0,49,49,0,100.0,100.0,0.0
2025-10-01,SUP-004,Supplier 004,India,APAC,PLT-07,Seoul Tech,South Korea,APAC,Enterprise,Singapore,1,1.0,46,46,0,100.0,100.0,0.0
2025-10-01,SUP-004,Supplier 004,India,APAC,PLT-03,Tokyo Precision,Japan,APAC,SMB,UK,1,2.0,79,102,0,129.11,100.0,0.0
2025-10-01,SUP-005,Supplier 005,Mexico,LATAM,PLT-02,Detroit Works,USA,NA,SMB,Germany,1,1.0,51,38,13,74.51,0.0,670.93
2025-10-01,SUP-005,Supplier 005,Mexico,LATAM,PLT-03,Tokyo Precision,Japan,APAC,Government,Japan,1,1.0,124,124,0,100.0,100.0,0.0
2025-10-01,SUP-005,Supplier 005,Mexico,LATAM,PLT-06,Sao Paulo Ops,Brazil,LATAM,SMB,Singapore,1,1.0,114,79,35,69.3,0.0,3842.3
2025-10-01,SUP-005,Supplier 005,Mexico,LATAM,PLT-01,Munich Center,Germany,EMEA,Government,Australia,1,2.0,97,107,0,110.31,100.0,0.0
2025-10-01,SUP-005,Supplier 005,Mexico,LATAM,PLT-08,Taipei Micro,Taiwan,APAC,Enterprise,France,1,1.0,190,190,0,100.0,100.0,0.0
2025-10-01,SUP-005,Supplier 005,Mexico,LATAM,PLT-05,Monterrey Plant,Mexico,LATAM,SMB,Australia,1,1.0,12,7,5,58.33,0.0,1126.95
2025-10-01,SUP-005,Supplier 005,Mexico,LATAM,PLT-04,Chennai Forge,India,APAC,SMB,USA,1,1.0,35,35,0,100.0,100.0,0.0
2025-10-01,SUP-005,Supplier 005,Mexico,LATAM,PLT-01,Munich Center,Germany,EMEA,SMB,Germany,1,1.0,69,52,17,75.36,0.0,5508.85
2025-10-01,SUP-005,Supplier 005,Mexico,LATAM,PLT-05,Monterrey Plant,Mexico,LATAM,SMB,Germany,1,1.0,43,26,17,60.47,0.0,4395.35
2025-10-01,SUP-005,Supplier 005,Mexico,LATAM,PLT-01,Munich Center,Germany,EMEA,SMB,France,1,1.0,175,175,0,100.0,100.0,0.0
2025-10-01,SUP-005,Supplier 005,Mexico,LATAM,PLT-04,Chennai Forge,India,APAC,SMB,Canada,1,1.0,228,221,7,96.93,0.0,211.61
2025-10-01,SUP-006,Supplier 006,Brazil,LATAM,PLT-08,Taipei Micro,Taiwan,APAC,Enterprise,Australia,1,1.0,84,84,0,100.0,100.0,0.0
2025-10-01,SUP-006,Supplier 006,Brazil,LATAM,PLT-00,Shanghai Hub,China,APAC,SMB,Canada,2,2.0,158,144,14,91.14,50.0,903.28
2025-10-01,SUP-006,Supplier 006,Brazil,LATAM,PLT-01,Munich Center,Germany,EMEA,SMB,Canada,1,1.0,4,4,0,100.0,100.0,0.0
2025-10-01,SUP-006,Supplier 006,Brazil,LATAM,PLT-00,Shanghai Hub,China,APAC,Enterprise,Japan,1,1.0,30,30,0,100.0,100.0,0.0
2025-10-01,SUP-006,Supplier 006,Brazil,LATAM,PLT-05,Monterrey Plant,Mexico,LATAM,SMB,Canada,1,1.0,234,223,11,95.3,0.0,4231.15
2025-10-01,SUP-007,Supplier 007,South Korea,APAC,PLT-01,Munich Center,Germany,EMEA,Government,Singapore,2,3.0,197,232,0,117.77,100.0,0.0
2025-10-01,SUP-007,Supplier 007,South Korea,APAC,PLT-08,Taipei Micro,Taiwan,APAC,Government,Australia,1,2.0,163,131,32,80.37,0.0,3789.76
2025-10-01,SUP-007,Supplier 007,South Korea,APAC,PLT-06,Sao Paulo Ops,Brazil,LATAM,Enterprise,USA,1,2.0,120,141,0,117.5,100.0,0.0
2025-10-01,SUP-007,Supplier 007,South Korea,APAC,PLT-09,Hanoi Assembly,Vietnam,APAC,Enterprise,Japan,1,1.0,16,9,7,56.25,0.0,1003.45
2025-10-01,SUP-007,Supplier 007,South Korea,APAC,PLT-05,Monterrey Plant,Mexico,LATAM,SMB,Germany,1,1.0,48,48,0,100.0,100.0,0.0
2025-10-01,SUP-007,Supplier 007,South Korea,APAC,PLT-09,Hanoi Assembly,Vietnam,APAC,SMB,USA,1,1.0,152,152,0,100.0,100.0,0.0
2025-10-01,SUP-007,Supplier 007,South Korea,APAC,PLT-03,Tokyo Precision,Japan,APAC,Enterprise,USA,1,1.0,72,72,0,100.0,100.0,0.0
2025-10-01,SUP-008,Supplier 008,Taiwan,APAC,PLT-04,Chennai Forge,India,APAC,SMB,Australia,1,1.0,92,49,43,53.26,0.0,17494.12
2025-10-01,SUP-008,Supplier 008,Taiwan,APAC,PLT-06,Sao Paulo Ops,Brazil,LATAM,SMB,Germany,1,1.0,61,41,20,67.21,0.0,6035.6
2025-10-01,SUP-008,Supplier 008,Taiwan,APAC,PLT-00,Shanghai Hub,China,APAC,SMB,UK,1,2.0,20,25,0,125.0,100.0,0.0
2025-10-01,SUP-008,Supplier 008,Taiwan,APAC,PLT-08,Taipei Micro,Taiwan,APAC,Government,USA,1,1.0,220,220,0,100.0,100.0,0.0
2025-10-01,SUP-008,Supplier 008,Taiwan,APAC,PLT-05,Monterrey Plant,Mexico,LATAM,SMB,UK,1,1.0,16,16,0,100.0,100.0,0.0
2025-10-01,SUP-008,Supplier 008,Taiwan,APAC,PLT-07,Seoul Tech,South Korea,APAC,SMB,Australia,1,1.0,185,185,0,100.0,100.0,0.0
2025-10-01,SUP-008,Supplier 008,Taiwan,APAC,PLT-09,Hanoi Assembly,Vietnam,APAC,Government,Japan,1,1.0,42,42,0,100.0,100.0,0.0
2025-10-01,SUP-008,Supplier 008,Taiwan,APAC,PLT-02,Detroit Works,USA,NA,SMB,USA,1,1.0,135,135,0,100.0,100.0,0.0
2025-10-01,SUP-008,Supplier 008,Taiwan,APAC,PLT-02,Detroit Works,USA,NA,Enterprise,Canada,1,1.0,105,105,0,100.0,100.0,0.0
2025-10-01,SUP-008,Supplier 008,Taiwan,APAC,PLT-07,Seoul Tech,South Korea,APAC,SMB,Canada,1,1.0,46,46,0,100.0,100.0,0.0
2025-10-01,SUP-008,Supplier 008,Taiwan,APAC,PLT-01,Munich Center,Germany,EMEA,SMB,USA,1,1.0,93,93,0,100.0,100.0,0.0
2025-10-01,SUP-009,Supplier 009,Vietnam,APAC,PLT-05,Monterrey Plant,Mexico,LATAM,SMB,Singapore,1,1.0,76,76,0,100.0,100.0,0.0
2025-10-01,SUP-009,Supplier 009,Vietnam,APAC,PLT-00,Shanghai Hub,China,APAC,SMB,Australia,1,1.0,26,26,0,100.0,100.0,0.0
2025-10-01,SUP-009,Supplier 009,Vietnam,APAC,PLT-00,Shanghai Hub,China,APAC,SMB,Canada,1,1.0,105,105,0,100.0,100.0,0.0
2025-10-01,SUP-009,Supplier 009,Vietnam,APAC,PLT-09,Hanoi Assembly,Vietnam,APAC,Enterprise,USA,1,1.0,242,242,0,100.0,100.0,0.0
2025-10-01,SUP-009,Supplier 009,Vietnam,APAC,PLT-00,Shanghai Hub,China,APAC,SMB,Singapore,1,1.0,175,175,0,100.0,100.0,0.0
2025-10-01,SUP-009,Supplier 009,Vietnam,APAC,PLT-04,Chennai Forge,India,APAC,Enterprise,Japan,1,2.0,40,49,0,122.5,100.0,0.0
2025-10-01,SUP-009,Supplier 009,Vietnam,APAC,PLT-02,Detroit Works,USA,NA,Enterprise,Germany,1,1.0,68,68,0,100.0,100.0,0.0
2025-10-01,SUP-009,Supplier 009,Vietnam,APAC,PLT-05,Monterrey Plant,Mexico,LATAM,SMB,Germany,1,1.0,178,178,0,100.0,100.0,0.0
2025-10-01,SUP-009,Supplier 009,Vietnam,APAC,PLT-04,Chennai Forge,India,APAC,Enterprise,USA,1,1.0,50,48,2,96.0,0.0,372.6
2025-10-01,SUP-009,Supplier 009,Vietnam,APAC,PLT-09,Hanoi Assembly,Vietnam,APAC,SMB,France,1,1.0,51,51,0,100.0,100.0,0.0
2025-10-01,SUP-010,Supplier 010,China,APAC,PLT-02,Detroit Works,USA,NA,SMB,Singapore,1,2.0,49,55,0,112.24,100.0,0.0
2025-10-01,SUP-010,Supplier 010,China,APAC,PLT-04,Chennai Forge,India,APAC,Enterprise,Singapore,1,1.0,173,173,0,100.0,100.0,0.0
2025-10-01,SUP-010,Supplier 010,China,APAC,PLT-08,Taipei Micro,Taiwan,APAC,SMB,Singapore,1,1.0,56,56,0,100.0,100.0,0.0
2025-10-01,SUP-010,Supplier 010,China,APAC,PLT-02,Detroit Works,USA,NA,Government,USA,1,1.0,127,127,0,100.0,100.0,0.0
2025-10-01,SUP-010,Supplier 010,China,APAC,PLT-07,Seoul Tech,South Korea,APAC,SMB,Japan,1,1.0,39,39,0,100.0,100.0,0.0
2025-10-01,SUP-010,Supplier 010,China,APAC,PLT-00,Shanghai Hub,China,APAC,Enterprise,USA,1,1.0,91,68,23,74.73,0.0,6926.22
2025-10-01,SUP-010,Supplier 010,China,APAC,PLT-03,Tokyo Precision,Japan,APAC,SMB,Australia,1,2.0,20,15,5,75.0,0.0,1950.3
2025-10-01,SUP-011,Supplier 011,Germany,EMEA,PLT-09,Hanoi Assembly,Vietnam,APAC,Enterprise,France,1,1.0,112,90,22,80.36,0.0,7758.96
2025-10-01,SUP-011,Supplier 011,Germany,EMEA,PLT-05,Monterrey Plant,Mexico,LATAM,SMB,Canada,1,2.0,129,165,0,127.91,100.0,0.0
2025-10-01,SUP-011,Supplier 011,Germany,EMEA,PLT-00,Shanghai Hub,China,APAC,Enterprise,USA,1,1.0,190,190,0,100.0,100.0,0.0
2025-10-01,SUP-011,Supplier 011,Germany,EMEA,PLT-01,Munich Center,Germany,EMEA,SMB,USA,1,1.0,29,24,5,82.76,0.0,1963.5
2025-10-01,SUP-011,Supplier 011,Germany,EMEA,PLT-03,Tokyo Precision,Japan,APAC,SMB,Japan,1,1.0,70,70,0,100.0,100.0,0.0
2025-10-01,SUP-012,Supplier 012,USA,NA,PLT-03,Tokyo Precision,Japan,APAC,SMB,Canada,1,2.0,93,119,0,127.96,100.0,0.0
2025-10-01,SUP-012,Supplier 012,USA,NA,PLT-05,Monterrey Plant,Mexico,LATAM,SMB,France,1,1.0,30,28,2,93.33,0.0,569.82
2025-10-01,SUP-012,Supplier 012,USA,NA,PLT-04,Chennai Forge,India,APAC,SMB,Germany,1,1.0,7,7,0,100.0,100.0,0.0
2025-10-01,SUP-012,Supplier 012,USA,NA,PLT-07,Seoul Tech,South Korea,APAC,SMB,UK,1,1.0,51,51,0,100.0,100.0,0.0
2025-10-01,SUP-012,Supplier 012,USA,NA,PLT-03,Tokyo Precision,Japan,APAC,Enterprise,Japan,1,2.0,65,77,0,118.46,100.0,0.0
2025-10-01,SUP-013,Supplier 013,Japan,APAC,PLT-00,Shanghai Hub,China,APAC,SMB,France,2,2.0,135,135,0,100.0,100.0,0.0
2025-10-01,SUP-013,Supplier 013,Japan,APAC,PLT-02,Detroit Works,USA,NA,SMB,UK,1,1.0,102,102,0,100.0,100.0,0.0
2025-10-01,SUP-013,Supplier 013,Japan,APAC,PLT-07,Seoul Tech,South Korea,APAC,SMB,USA,1,1.0,7,5,2,71.43,0.0,394.02
2025-10-01,SUP-013,Supplier 013,Japan,APAC,PLT-05,Monterrey Plant,Mexico,LATAM,SMB,UK,2,2.0,68,68,0,100.0,100.0,0.0
2025-10-01,SUP-013,Supplier 013,Japan,APAC,PLT-01,Munich Center,Germany,EMEA,SMB,Germany,1,1.0,104,104,0,100.0,100.0,0.0
2025-10-01,SUP-013,Supplier 013,Japan,APAC,PLT-01,Munich Center,Germany,EMEA,SMB,Australia,1,1.0,112,112,0,100.0,100.0,0.0
2025-10-01,SUP-013,Supplier 013,Japan,APAC,PLT-05,Monterrey Plant,Mexico,LATAM,SMB,Germany,1,1.0,9,9,0,100.0,100.0,0.0
2025-10-01,SUP-013,Supplier 013,Japan,APAC,PLT-03,Tokyo Precision,Japan,APAC,Government,France,1,2.0,32,37,0,115.63,100.0,0.0
2025-10-01,SUP-013,Supplier 013,Japan,APAC,PLT-01,Munich Center,Germany,EMEA,Government,Singapore,1,1.0,122,122,0,100.0,100.0,0.0
2025-10-01,SUP-013,Supplier 013,Japan,APAC,PLT-00,Shanghai Hub,China,APAC,SMB,Singapore,1,1.0,8,8,0,100.0,100.0,0.0
2025-10-01,SUP-014,Supplier 014,India,APAC,PLT-06,Sao Paulo Ops,Brazil,LATAM,SMB,Germany,1,1.0,79,56,23,70.89,0.0,441.14
2025-10-01,SUP-014,Supplier 014,India,APAC,PLT-01,Munich Center,Germany,EMEA,SMB,Singapore,1,1.0,106,104,2,98.11,0.0,601.94
2025-10-01,SUP-014,Supplier 014,India,APAC,PLT-02,Detroit Works,USA,NA,Enterprise,France,1,1.0,78,78,0,100.0,100.0,0.0
2025-10-01,SUP-014,Supplier 014,India,APAC,PLT-06,Sao Paulo Ops,Brazil,LATAM,SMB,Japan,1,1.0,23,23,0,100.0,100.0,0.0
2025-10-01,SUP-014,Supplier 014,India,APAC,PLT-07,Seoul Tech,South Korea,APAC,Government,Canada,1,1.0,24,24,0,100.0,100.0,0.0
2025-10-01,SUP-014,Supplier 014,India,APAC,PLT-08,Taipei Micro,Taiwan,APAC,Enterprise,Canada,1,1.0,102,102,0,100.0,100.0,0.0
2025-10-01,SUP-015,Supplier 015,Mexico,LATAM,PLT-03,Tokyo Precision,Japan,APAC,Government,Canada,1,1.0,228,228,0,100.0,100.0,0.0
2025-10-01,SUP-015,Supplier 015,Mexico,LATAM,PLT-06,Sao Paulo Ops,Brazil,LATAM,Enterprise,USA,1,2.0,127,146,0,114.96,100.0,0.0
2025-10-01,SUP-015,Supplier 015,Mexico,LATAM,PLT-00,Shanghai Hub,China,APAC,Enterprise,USA,1,1.0,70,70,0,100.0,100.0,0.0
2025-10-01,SUP-015,Supplier 015,Mexico,LATAM,PLT-07,Seoul Tech,South Korea,APAC,SMB,UK,1,1.0,192,192,0,100.0,100.0,0.0
2025-10-01,SUP-015,Supplier 015,Mexico,LATAM,PLT-09,Hanoi Assembly,Vietnam,APAC,SMB,France,1,2.0,183,218,0,119.13,100.0,0.0
2025-10-01,SUP-015,Supplier 015,Mexico,LATAM,PLT-03,Tokyo Precision,Japan,APAC,Government,USA,1,2.0,149,179,0,120.13,100.0,0.0
2025-10-01,SUP-015,Supplier 015,Mexico,LATAM,PLT-02,Detroit Works,USA,NA,Government,USA,1,2.0,130,133,0,102.31,100.0,0.0
2025-10-01,SUP-015,Supplier 015,Mexico,LATAM,PLT-01,Munich Center,Germany,EMEA,Government,Japan,1,1.0,19,19,0,100.0,100.0,0.0
2025-10-01,SUP-015,Supplier 015,Mexico,LATAM,PLT-03,Tokyo Precision,Japan,APAC,SMB,Germany,1,1.0,94,94,0,100.0,100.0,0.0
2025-10-01,SUP-015,Supplier 015,Mexico,LATAM,PLT-08,Taipei Micro,Taiwan,APAC,SMB,UK,1,1.0,13,13,0,100.0,100.0,0.0
2025-10-01,SUP-015,Supplier 015,Mexico,LATAM,PLT-07,Seoul Tech,South Korea,APAC,Enterprise,Singapore,1,1.0,49,43,6,87.76,0.0,558.96
2025-10-01,SUP-016,Supplier 016,Brazil,LATAM,PLT-05,Monterrey Plant,Mexico,LATAM,Enterprise,USA,1,1.0,52,52,0,100.0,100.0,0.0
2025-10-01,SUP-016,Supplier 016,Brazil,LATAM,PLT-01,Munich Center,Germany,EMEA,SMB,Germany,2,3.0,60,67,0,111.67,100.0,0.0
2025-10-01,SUP-016,Supplier 016,Brazil,LATAM,PLT-00,Shanghai Hub,China,APAC,SMB,France,1,1.0,131,131,0,100.0,100.0,0.0
2025-10-01,SUP-016,Supplier 016,Brazil,LATAM,PLT-04,Chennai Forge,India,APAC,SMB,UK,1,1.0,108,108,0,100.0,100.0,0.0
2025-10-01,SUP-016,Supplier 016,Brazil,LATAM,PLT-00,Shanghai Hub,China,APAC,Government,Germany,1,1.0,15,15,0,100.0,100.0,0.0
2025-10-01,SUP-016,Supplier 016,Brazil,LATAM,PLT-06,Sao Paulo Ops,Brazil,LATAM,SMB,Singapore,1,1.0,17,17,0,100.0,100.0,0.0
2025-10-01,SUP-016,Supplier 016,Brazil,LATAM,PLT-02,Detroit Works,USA,NA,SMB,Singapore,1,1.0,33,27,6,81.82,0.0,84.48
2025-10-01,SUP-016,Supplier 016,Brazil,LATAM,PLT-02,Detroit Works,USA,NA,SMB,UK,1,1.0,131,131,0,100.0,100.0,0.0
2025-10-01,SUP-017,Supplier 017,South Korea,APAC,PLT-07,Seoul Tech,South Korea,APAC,SMB,Canada,1,1.0,16,16,0,100.0,100.0,0.0
2025-10-01,SUP-017,Supplier 017,South Korea,APAC,PLT-02,Detroit Works,USA,NA,Government,Australia,1,1.0,37,37,0,100.0,100.0,0.0
2025-10-01,SUP-017,Supplier 017,South Korea,APAC,PLT-04,Chennai Forge,India,APAC,Enterprise,Australia,1,1.0,84,73,11,86.9,0.0,3594.8
2025-10-01,SUP-017,Supplier 017,South Korea,APAC,PLT-03,Tokyo Precision,Japan,APAC,Enterprise,France,1,1.0,44,44,0,100.0,100.0,0.0
2025-10-01,SUP-017,Supplier 017,South Korea,APAC,PLT-01,Munich Center,Germany,EMEA,Enterprise,Japan,1,1.0,50,50,0,100.0,100.0,0.0
2025-10-01,SUP-018,Supplier 018,Taiwan,APAC,PLT-04,Chennai Forge,India,APAC,SMB,UK,1,1.0,124,124,0,100.0,100.0,0.0
2025-10-01,SUP-018,Supplier 018,Taiwan,APAC,PLT-03,Tokyo Precision,Japan,APAC,SMB,France,1,1.0,214,214,0,100.0,100.0,0.0
2025-10-01,SUP-018,Supplier 018,Taiwan,APAC,PLT-01,Munich Center,Germany,EMEA,Enterprise,UK,1,1.0,73,73,0,100.0,100.0,0.0
2025-10-01,SUP-018,Supplier 018,Taiwan,APAC,PLT-06,Sao Paulo Ops,Brazil,LATAM,SMB,Singapore,1,1.0,194,194,0,100.0,100.0,0.0
2025-10-01,SUP-018,Supplier 018,Taiwan,APAC,PLT-09,Hanoi Assembly,Vietnam,APAC,SMB,USA,1,1.0,138,138,0,100.0,100.0,0.0
2025-10-01,SUP-018,Supplier 018,Taiwan,APAC,PLT-06,Sao Paulo Ops,Brazil,LATAM,Government,Canada,1,1.0,39,39,0,100.0,100.0,0.0
2025-10-01,SUP-018,Supplier 018,Taiwan,APAC,PLT-07,Seoul Tech,South Korea,APAC,Government,Germany,1,1.0,84,84,0,100.0,100.0,0.0
2025-10-01,SUP-018,Supplier 018,Taiwan,APAC,PLT-01,Munich Center,Germany,EMEA,SMB,Australia,1,2.0,58,63,0,108.62,100.0,0.0
2025-10-01,SUP-018,Supplier 018,Taiwan,APAC,PLT-05,Monterrey Plant,Mexico,LATAM,Enterprise,Germany,2,3.0,174,197,0,113.22,100.0,0.0
2025-10-01,SUP-018,Supplier 018,Taiwan,APAC,PLT-02,Detroit Works,USA,NA,SMB,Singapore,1,1.0,86,86,0,100.0,100.0,0.0
2025-10-01,SUP-019,Supplier 019,Vietnam,APAC,PLT-08,Taipei Micro,Taiwan,APAC,SMB,UK,1,1.0,86,66,20,76.74,0.0,8813.2
2025-10-01,SUP-020,Supplier 020,China,APAC,PLT-04,Chennai Forge,India,APAC,SMB,Canada,1,1.0,76,76,0,100.0,100.0,0.0
2025-10-01,SUP-020,Supplier 020,China,APAC,PLT-09,Hanoi Assembly,Vietnam,APAC,SMB,UK,1,1.0,67,67,0,100.0,100.0,0.0
2025-10-01,SUP-020,Supplier 020,China,APAC,PLT-03,Tokyo Precision,Japan,APAC,SMB,Japan,2,3.0,96,95,1,98.96,50.0,451.68
2025-10-01,SUP-020,Supplier 020,China,APAC,PLT-03,Tokyo Precision,Japan,APAC,SMB,Singapore,1,1.0,95,95,0,100.0,100.0,0.0
2025-10-01,SUP-020,Supplier 020,China,APAC,PLT-05,Monterrey Plant,Mexico,LATAM,Enterprise,Germany,1,2.0,46,53,0,115.22,100.0,0.0
2025-10-01,SUP-021,Supplier 021,Germany,EMEA,PLT-06,Sao Paulo Ops,Brazil,LATAM,SMB,France,1,1.0,8,8,0,100.0,100.0,0.0
2025-10-01,SUP-021,Supplier 021,Germany,EMEA,PLT-01,Munich Center,Germany,EMEA,Enterprise,Japan,1,1.0,83,83,0,100.0,100.0,0.0
2025-10-01,SUP-021,Supplier 021,Germany,EMEA,PLT-01,Munich Center,Germany,EMEA,SMB,Singapore,1,1.0,39,32,7,82.05,0.0,1931.65
2025-10-01,SUP-021,Supplier 021,Germany,EMEA,PLT-01,Munich Center,Germany,EMEA,Government,USA,1,1.0,15,15,0,100.0,100.0,0.0
2025-10-01,SUP-021,Supplier 021,Germany,EMEA,PLT-05,Monterrey Plant,Mexico,LATAM,SMB,Canada,1,1.0,13,13,0,100.0,100.0,0.0
2025-10-01,SUP-021,Supplier 021,Germany,EMEA,PLT-05,Monterrey Plant,Mexico,LATAM,Enterprise,France,1,1.0,5,3,2,60.0,0.0,920.22
2025-10-01,SUP-021,Supplier 021,Germany,EMEA,PLT-00,Shanghai Hub,China,APAC,SMB,Japan,1,1.0,23,13,10,56.52,0.0,2613.9
2025-10-01,SUP-022,Supplier 022,USA,NA,PLT-00,Shanghai Hub,China,APAC,Enterprise,France,2,2.0,158,158,0,100.0,100.0,0.0
2025-10-01,SUP-022,Supplier 022,USA,NA,PLT-06,Sao Paulo Ops,Brazil,LATAM,SMB,Singapore,1,2.0,105,129,0,122.86,100.0,0.0
2025-10-01,SUP-022,Supplier 022,USA,NA,PLT-00,Shanghai Hub,China,APAC,SMB,USA,1,1.0,106,106,0,100.0,100.0,0.0
2025-10-01,SUP-022,Supplier 022,USA,NA,PLT-03,Tokyo Precision,Japan,APAC,SMB,Germany,1,2.0,114,134,0,117.54,100.0,0.0
2025-10-01,SUP-022,Supplier 022,USA,NA,PLT-02,Detroit Works,USA,NA,SMB,Australia,1,1.0,111,78,33,70.27,0.0,5069.46
2025-10-01,SUP-022,Supplier 022,USA,NA,PLT-06,Sao Paulo Ops,Brazil,LATAM,SMB,USA,1,2.0,128,117,11,91.41,0.0,4262.17
2025-10-01,SUP-022,Supplier 022,USA,NA,PLT-04,Chennai Forge,India,APAC,Government,Canada,1,1.0,5,5,0,100.0,100.0,0.0
2025-10-01,SUP-023,Supplier 023,Japan,APAC,PLT-01,Munich Center,Germany,EMEA,Government,USA,1,2.0,158,136,22,86.08,0.0,10718.18
2025-10-01,SUP-023,Supplier 023,Japan,APAC,PLT-02,Detroit Works,USA,NA,SMB,UK,1,1.0,104,104,0,100.0,100.0,0.0
2025-10-01,SUP-023,Supplier 023,Japan,APAC,PLT-00,Shanghai Hub,China,APAC,Enterprise,USA,1,1.0,158,158,0,100.0,100.0,0.0
2025-10-01,SUP-023,Supplier 023,Japan,APAC,PLT-04,Chennai Forge,India,APAC,SMB,France,1,1.0,86,71,15,82.56,0.0,784.95
2025-10-01,SUP-023,Supplier 023,Japan,APAC,PLT-02,Detroit Works,USA,NA,Government,Singapore,1,1.0,124,124,0,100.0,100.0,0.0
2025-10-01,SUP-023,Supplier 023,Japan,APAC,PLT-07,Seoul Tech,South Korea,APAC,SMB,Australia,1,1.0,140,140,0,100.0,100.0,0.0
2025-10-01,SUP-023,Supplier 023,Japan,APAC,PLT-08,Taipei Micro,Taiwan,APAC,Enterprise,France,1,1.0,96,96,0,100.0,100.0,0.0
2025-10-01,SUP-023,Supplier 023,Japan,APAC,PLT-01,Munich Center,Germany,EMEA,SMB,France,1,1.0,72,69,3,95.83,0.0,713.91
2025-10-01,SUP-023,Supplier 023,Japan,APAC,PLT-08,Taipei Micro,Taiwan,APAC,Government,Japan,2,2.0,199,194,5,97.49,50.0,605.85
2025-10-01,SUP-023,Supplier 023,Japan,APAC,PLT-02,Detroit Works,USA,NA,SMB,Germany,1,1.0,91,91,0,100.0,100.0,0.0
2025-10-01,SUP-024,Supplier 024,India,APAC,PLT-08,Taipei Micro,Taiwan,APAC,SMB,UK,1,2.0,93,76,17,81.72,0.0,1902.13
2025-10-01,SUP-024,Supplier 024,India,APAC,PLT-05,Monterrey Plant,Mexico,LATAM,SMB,Singapore,1,1.0,4,4,0,100.0,100.0,0.0
2025-10-01,SUP-024,Supplier 024,India,APAC,PLT-03,Tokyo Precision,Japan,APAC,Government,Singapore,1,1.0,88,88,0,100.0,100.0,0.0
2025-10-01,SUP-024,Supplier 024,India,APAC,PLT-07,Seoul Tech,South Korea,APAC,Government,USA,1,1.0,27,27,0,100.0,100.0,0.0
2025-10-01,SUP-024,Supplier 024,India,APAC,PLT-04,Chennai Forge,India,APAC,SMB,Singapore,1,2.0,97,117,0,120.62,100.0,0.0
2025-10-01,SUP-025,Supplier 025,Mexico,LATAM,PLT-02,Detroit Works,USA,NA,Government,Germany,1,2.0,1,2,0,200.0,100.0,0.0
2025-10-01,SUP-025,Supplier 025,Mexico,LATAM,PLT-00,Shanghai Hub,China,APAC,SMB,Australia,1,1.0,50,49,1,98.0,0.0,331.82
2025-10-01,SUP-025,Supplier 025,Mexico,LATAM,PLT-03,Tokyo Precision,Japan,APAC,SMB,France,1,1.0,32,32,0,100.0,100.0,0.0
2025-10-01,SUP-025,Supplier 025,Mexico,LATAM,PLT-00,Shanghai Hub,China,APAC,SMB,Japan,1,1.0,189,172,17,91.01,0.0,7492.92
2025-10-01,SUP-025,Supplier 025,Mexico,LATAM,PLT-02,Detroit Works,USA,NA,Enterprise,Japan,1,1.0,7,7,0,100.0,100.0,0.0
2025-10-01,SUP-025,Supplier 025,Mexico,LATAM,PLT-06,Sao Paulo Ops,Brazil,LATAM,Enterprise,USA,1,1.0,69,69,0,100.0,100.0,0.0
2025-10-01,SUP-025,Supplier 025,Mexico,LATAM,PLT-06,Sao Paulo Ops,Brazil,LATAM,SMB,Germany,1,1.0,17,17,0,100.0,100.0,0.0
2025-10-01,SUP-025,Supplier 025,Mexico,LATAM,PLT-05,Monterrey Plant,Mexico,LATAM,SMB,UK,1,2.0,240,265,0,110.42,100.0,0.0
2025-10-01,SUP-026,Supplier 026,Brazil,LATAM,PLT-03,Tokyo Precision,Japan,APAC,SMB,France,1,1.0,27,26,1,96.3,0.0,318.48
2025-10-01,SUP-026,Supplier 026,Brazil,LATAM,PLT-03,Tokyo Precision,Japan,APAC,Enterprise,Germany,1,1.0,8,8,0,100.0,100.0,0.0
2025-10-01,SUP-026,Supplier 026,Brazil,LATAM,PLT-03,Tokyo Precision,Japan,APAC,Enterprise,Singapore,1,2.0,79,56,23,70.89,0.0,9772.01
2025-10-01,SUP-026,Supplier 026,Brazil,LATAM,PLT-07,Seoul Tech,South Korea,APAC,SMB,Germany,1,1.0,2,2,0,100.0,100.0,0.0
2025-10-01,SUP-026,Supplier 026,Brazil,LATAM,PLT-07,Seoul Tech,South Korea,APAC,Enterprise,Germany,1,1.0,157,157,0,100.0,100.0,0.0
2025-10-01,SUP-026,Supplier 026,Brazil,LATAM,PLT-09,Hanoi Assembly,Vietnam,APAC,SMB,UK,2,3.0,79,81,0,102.53,100.0,0.0
2025-10-01,SUP-027,Supplier 027,South Korea,APAC,PLT-08,Taipei Micro,Taiwan,APAC,Enterprise,France,1,1.0,6,6,0,100.0,100.0,0.0
2025-10-01,SUP-027,Supplier 027,South Korea,APAC,PLT-06,Sao Paulo Ops,Brazil,LATAM,SMB,Germany,1,1.0,69,69,0,100.0,100.0,0.0
2025-10-01,SUP-027,Supplier 027,South Korea,APAC,PLT-08,Taipei Micro,Taiwan,APAC,Enterprise,USA,1,1.0,147,147,0,100.0,100.0,0.0
2025-10-01,SUP-027,Supplier 027,South Korea,APAC,PLT-09,Hanoi Assembly,Vietnam,APAC,Enterprise,Singapore,1,1.0,34,34,0,100.0,100.0,0.0
2025-10-01,SUP-027,Supplier 027,South Korea,APAC,PLT-01,Munich Center,Germany,EMEA,SMB,Canada,1,2.0,39,48,0,123.08,100.0,0.0
2025-10-01,SUP-028,Supplier 028,Taiwan,APAC,PLT-07,Seoul Tech,South Korea,APAC,Government,USA,1,1.0,142,132,10,92.96,0.0,3089.4
2025-10-01,SUP-028,Supplier 028,Taiwan,APAC,PLT-06,Sao Paulo Ops,Brazil,LATAM,Government,USA,1,1.0,44,38,6,86.36,0.0,1731.42
2025-10-01,SUP-028,Supplier 028,Taiwan,APAC,PLT-07,Seoul Tech,South Korea,APAC,SMB,Singapore,1,1.0,82,82,0,100.0,100.0,0.0
2025-10-01,SUP-028,Supplier 028,Taiwan,APAC,PLT-04,Chennai Forge,India,APAC,Government,Australia,1,2.0,32,38,0,118.75,100.0,0.0
2025-10-01,SUP-028,Supplier 028,Taiwan,APAC,PLT-06,Sao Paulo Ops,Brazil,LATAM,Enterprise,USA,1,1.0,71,71,0,100.0,100.0,0.0
2025-10-01,SUP-028,Supplier 028,Taiwan,APAC,PLT-02,Detroit Works,USA,NA,SMB,Japan,1,2.0,75,81,0,108.0,100.0,0.0
2025-10-01,SUP-028,Supplier 028,Taiwan,APAC,PLT-00,Shanghai Hub,China,APAC,Government,France,1,1.0,189,189,0,100.0,100.0,0.0
2025-10-01,SUP-028,Supplier 028,Taiwan,APAC,PLT-05,Monterrey Plant,Mexico,LATAM,Enterprise,Germany,1,1.0,26,26,0,100.0,100.0,0.0
2025-10-01,SUP-028,Supplier 028,Taiwan,APAC,PLT-06,Sao Paulo Ops,Brazil,LATAM,SMB,UK,1,1.0,126,126,0,100.0,100.0,0.0
2025-10-01,SUP-028,Supplier 028,Taiwan,APAC,PLT-03,Tokyo Precision,Japan,APAC,Enterprise,Australia,1,2.0,22,27,0,122.73,100.0,0.0
2025-10-01,SUP-028,Supplier 028,Taiwan,APAC,PLT-04,Chennai Forge,India,APAC,Enterprise,USA,1,1.0,94,94,0,100.0,100.0,0.0
2025-10-01,SUP-029,Supplier 029,Vietnam,APAC,PLT-08,Taipei Micro,Taiwan,APAC,Government,USA,1,1.0,86,86,0,100.0,100.0,0.0
2025-10-01,SUP-029,Supplier 029,Vietnam,APAC,PLT-09,Hanoi Assembly,Vietnam,APAC,Enterprise,UK,1,1.0,95,95,0,100.0,100.0,0.0
2025-10-01,SUP-030,Supplier 030,China,APAC,PLT-03,Tokyo Precision,Japan,APAC,Government,Japan,1,1.0,149,149,0,100.0,100.0,0.0
2025-10-01,SUP-030,Supplier 030,China,APAC,PLT-02,Detroit Works,USA,NA,SMB,UK,1,1.0,142,142,0,100.0,100.0,0.0
2025-10-01,SUP-030,Supplier 030,China,APAC,PLT-05,Monterrey Plant,Mexico,LATAM,Enterprise,Japan,1,1.0,108,108,0,100.0,100.0,0.0
2025-10-01,SUP-030,Supplier 030,China,APAC,PLT-01,Munich Center,Germany,EMEA,SMB,USA,1,1.0,152,152,0,100.0,100.0,0.0
2025-10-01,SUP-030,Supplier 030,China,APAC,PLT-07,Seoul Tech,South Korea,APAC,Government,Japan,1,2.0,102,132,0,129.41,100.0,0.0
2025-10-01,SUP-030,Supplier 030,China,APAC,PLT-05,Monterrey Plant,Mexico,LATAM,Government,Germany,1,1.0,92,71,21,77.17,0.0,8360.52
2025-10-01,SUP-030,Supplier 030,China,APAC,PLT-03,Tokyo Precision,Japan,APAC,Enterprise,USA,1,1.0,29,29,0,100.0,100.0,0.0
2025-10-01,SUP-030,Supplier 030,China,APAC,PLT-00,Shanghai Hub,China,APAC,Enterprise,France,1,1.0,41,41,0,100.0,100.0,0.0
2025-10-01,SUP-031,Supplier 031,Germany,EMEA,PLT-05,Monterrey Plant,Mexico,LATAM,Enterprise,Singapore,1,2.0,6,7,0,116.67,100.0,0.0
2025-10-01,SUP-031,Supplier 031,Germany,EMEA,PLT-06,Sao Paulo Ops,Brazil,LATAM,Government,Japan,1,1.0,14,14,0,100.0,100.0,0.0
2025-10-01,SUP-031,Supplier 031,Germany,EMEA,PLT-03,Tokyo Precision,Japan,APAC,SMB,Canada,1,1.0,131,117,14,89.31,0.0,5742.94
2025-10-01,SUP-031,Supplier 031,Germany,EMEA,PLT-07,Seoul Tech,South Korea,APAC,Enterprise,UK,1,1.0,48,48,0,100.0,100.0,0.0
2025-10-01,SUP-031,Supplier 031,Germany,EMEA,PLT-09,Hanoi Assembly,Vietnam,APAC,SMB,Singapore,1,2.0,72,92,0,127.78,100.0,0.0
2025-10-01,SUP-031,Supplier 031,Germany,EMEA,PLT-03,Tokyo Precision,Japan,APAC,Enterprise,Canada,1,1.0,42,42,0,100.0,100.0,0.0
2025-10-01,SUP-031,Supplier 031,Germany,EMEA,PLT-03,Tokyo Precision,Japan,APAC,Government,France,1,1.0,14,14,0,100.0,100.0,0.0
2025-10-01,SUP-031,Supplier 031,Germany,EMEA,PLT-06,Sao Paulo Ops,Brazil,LATAM,Enterprise,USA,1,1.0,50,48,2,96.0,0.0,929.56
2025-10-01,SUP-032,Supplier 032,USA,NA,PLT-06,Sao Paulo Ops,Brazil,LATAM,SMB,USA,1,1.0,62,62,0,100.0,100.0,0.0
2025-10-01,SUP-032,Supplier 032,USA,NA,PLT-09,Hanoi Assembly,Vietnam,APAC,SMB,France,1,1.0,47,47,0,100.0,100.0,0.0
2025-10-01,SUP-032,Supplier 032,USA,NA,PLT-02,Detroit Works,USA,NA,SMB,UK,1,1.0,139,139,0,100.0,100.0,0.0
2025-10-01,SUP-032,Supplier 032,USA,NA,PLT-02,Detroit Works,USA,NA,SMB,Canada,1,2.0,18,20,0,111.11,100.0,0.0
2025-10-01,SUP-032,Supplier 032,USA,NA,PLT-05,Monterrey Plant,Mexico,LATAM,SMB,France,1,1.0,136,69,67,50.74,0.0,7242.7
2025-10-01,SUP-032,Supplier 032,USA,NA,PLT-05,Monterrey Plant,Mexico,LATAM,SMB,Canada,1,1.0,16,16,0,100.0,100.0,0.0
2025-10-01,SUP-032,Supplier 032,USA,NA,PLT-09,Hanoi Assembly,Vietnam,APAC,Enterprise,USA,1,1.0,81,81,0,100.0,100.0,0.0
2025-10-01,SUP-033,Supplier 033,Japan,APAC,PLT-09,Hanoi Assembly,Vietnam,APAC,SMB,Australia,1,1.0,40,40,0,100.0,100.0,0.0
2025-10-01,SUP-033,Supplier 033,Japan,APAC,PLT-06,Sao Paulo Ops,Brazil,LATAM,SMB,UK,1,1.0,81,81,0,100.0,100.0,0.0
2025-10-01,SUP-033,Supplier 033,Japan,APAC,PLT-09,Hanoi Assembly,Vietnam,APAC,Enterprise,Japan,1,1.0,67,67,0,100.0,100.0,0.0
2025-10-01,SUP-033,Supplier 033,Japan,APAC,PLT-05,Monterrey Plant,Mexico,LATAM,Government,USA,1,1.0,85,85,0,100.0,100.0,0.0
2025-10-01,SUP-033,Supplier 033,Japan,APAC,PLT-02,Detroit Works,USA,NA,Government,Germany,1,1.0,48,48,0,100.0,100.0,0.0
2025-10-01,SUP-033,Supplier 033,Japan,APAC,PLT-07,Seoul Tech,South Korea,APAC,SMB,USA,1,2.0,72,85,0,118.06,100.0,0.0
2025-10-01,SUP-033,Supplier 033,Japan,APAC,PLT-04,Chennai Forge,India,APAC,SMB,Singapore,1,2.0,52,60,0,115.38,100.0,0.0
2025-10-01,SUP-033,Supplier 033,Japan,APAC,PLT-01,Munich Center,Germany,EMEA,Enterprise,Canada,1,1.0,3,3,0,100.0,100.0,0.0
2025-10-01,SUP-034,Supplier 034,India,APAC,PLT-03,Tokyo Precision,Japan,APAC,SMB,France,1,2.0,48,58,0,120.83,100.0,0.0
2025-10-01,SUP-034,Supplier 034,India,APAC,PLT-07,Seoul Tech,South Korea,APAC,Enterprise,Japan,1,1.0,67,67,0,100.0,100.0,0.0
2025-10-01,SUP-034,Supplier 034,India,APAC,PLT-06,Sao Paulo Ops,Brazil,LATAM,Government,Australia,1,1.0,139,139,0,100.0,100.0,0.0
2025-10-01,SUP-034,Supplier 034,India,APAC,PLT-03,Tokyo Precision,Japan,APAC,SMB,UK,1,1.0,47,47,0,100.0,100.0,0.0
2025-10-01,SUP-034,Supplier 034,India,APAC,PLT-06,Sao Paulo Ops,Brazil,LATAM,SMB,Canada,1,1.0,21,21,0,100.0,100.0,0.0
2025-10-01,SUP-034,Supplier 034,India,APAC,PLT-07,Seoul Tech,South Korea,APAC,SMB,Canada,1,1.0,23,23,0,100.0,100.0,0.0
2025-10-01,SUP-035,Supplier 035,Mexico,LATAM,PLT-09,Hanoi Assembly,Vietnam,APAC,Government,Japan,1,1.0,30,29,1,96.67,0.0,304.66
2025-10-01,SUP-035,Supplier 035,Mexico,LATAM,PLT-01,Munich Center,Germany,EMEA,SMB,UK,1,1.0,50,42,8,84.0,0.0,3302.48
2025-10-01,SUP-035,Supplier 035,Mexico,LATAM,PLT-07,Seoul Tech,South Korea,APAC,SMB,Australia,1,2.0,106,122,0,115.09,100.0,0.0
2025-10-01,SUP-035,Supplier 035,Mexico,LATAM,PLT-00,Shanghai Hub,China,APAC,Enterprise,France,1,2.0,167,191,0,114.37,100.0,0.0
2025-10-01,SUP-035,Supplier 035,Mexico,LATAM,PLT-02,Detroit Works,USA,NA,SMB,USA,1,1.0,41,36,5,87.8,0.0,783.75
2025-10-01,SUP-035,Supplier 035,Mexico,LATAM,PLT-06,Sao Paulo Ops,Brazil,LATAM,SMB,Germany,1,1.0,177,147,30,83.05,0.0,12537.0
2025-10-01,SUP-035,Supplier 035,Mexico,LATAM,PLT-04,Chennai Forge,India,APAC,SMB,Canada,1,1.0,78,78,0,100.0,100.0,0.0
2025-10-01,SUP-035,Supplier 035,Mexico,LATAM,PLT-08,Taipei Micro,Taiwan,APAC,SMB,Canada,1,2.0,20,24,0,120.0,100.0,0.0
2025-10-01,SUP-036,Supplier 036,Brazil,LATAM,PLT-03,Tokyo Precision,Japan,APAC,Enterprise,Canada,1,1.0,133,133,0,100.0,100.0,0.0
2025-10-01,SUP-036,Supplier 036,Brazil,LATAM,PLT-02,Detroit Works,USA,NA,Enterprise,USA,1,1.0,166,166,0,100.0,100.0,0.0
2025-10-01,SUP-036,Supplier 036,Brazil,LATAM,PLT-05,Monterrey Plant,Mexico,LATAM,Government,France,1,2.0,125,130,0,104.0,100.0,0.0
2025-10-01,SUP-036,Supplier 036,Brazil,LATAM,PLT-04,Chennai Forge,India,APAC,SMB,Singapore,1,1.0,140,87,53,62.14,0.0,4003.62
2025-10-01,SUP-036,Supplier 036,Brazil,LATAM,PLT-02,Detroit Works,USA,NA,SMB,USA,1,1.0,125,125,0,100.0,100.0,0.0
2025-10-01,SUP-036,Supplier 036,Brazil,LATAM,PLT-09,Hanoi Assembly,Vietnam,APAC,SMB,UK,1,2.0,111,87,24,78.38,0.0,2197.44
2025-10-01,SUP-036,Supplier 036,Brazil,LATAM,PLT-06,Sao Paulo Ops,Brazil,LATAM,SMB,Singapore,1,2.0,166,184,0,110.84,100.0,0.0
2025-10-01,SUP-036,Supplier 036,Brazil,LATAM,PLT-04,Chennai Forge,India,APAC,SMB,Germany,1,1.0,33,33,0,100.0,100.0,0.0
2025-10-01,SUP-036,Supplier 036,Brazil,LATAM,PLT-06,Sao Paulo Ops,Brazil,LATAM,Government,Germany,1,1.0,135,131,4,97.04,0.0,1556.76
2025-10-01,SUP-036,Supplier 036,Brazil,LATAM,PLT-04,Chennai Forge,India,APAC,Enterprise,Germany,1,1.0,37,19,18,51.35,0.0,7045.2
2025-10-01,SUP-037,Supplier 037,South Korea,APAC,PLT-09,Hanoi Assembly,Vietnam,APAC,Government,Australia,1,1.0,16,10,6,62.5,0.0,377.82
2025-10-01,SUP-037,Supplier 037,South Korea,APAC,PLT-08,Taipei Micro,Taiwan,APAC,Government,Japan,1,1.0,34,34,0,100.0,100.0,0.0
2025-10-01,SUP-037,Supplier 037,South Korea,APAC,PLT-04,Chennai Forge,India,APAC,Enterprise,France,1,1.0,114,114,0,100.0,100.0,0.0
2025-10-01,SUP-037,Supplier 037,South Korea,APAC,PLT-06,Sao Paulo Ops,Brazil,LATAM,SMB,Japan,1,1.0,32,28,4,87.5,0.0,1063.36
2025-10-01,SUP-037,Supplier 037,South Korea,APAC,PLT-03,Tokyo Precision,Japan,APAC,SMB,Germany,1,1.0,62,62,0,100.0,100.0,0.0
2025-10-01,SUP-037,Supplier 037,South Korea,APAC,PLT-02,Detroit Works,USA,NA,Enterprise,USA,1,1.0,2,2,0,100.0,100.0,0.0
2025-10-01,SUP-038,Supplier 038,Taiwan,APAC,PLT-06,Sao Paulo Ops,Brazil,LATAM,Government,Germany,1,2.0,76,93,0,122.37,100.0,0.0
2025-10-01,SUP-038,Supplier 038,Taiwan,APAC,PLT-04,Chennai Forge,India,APAC,Enterprise,France,1,1.0,21,21,0,100.0,100.0,0.0
2025-10-01,SUP-038,Supplier 038,Taiwan,APAC,PLT-08,Taipei Micro,Taiwan,APAC,Enterprise,USA,1,1.0,23,23,0,100.0,100.0,0.0
2025-10-01,SUP-038,Supplier 038,Taiwan,APAC,PLT-05,Monterrey Plant,Mexico,LATAM,SMB,Japan,1,1.0,105,105,0,100.0,100.0,0.0
2025-10-01,SUP-038,Supplier 038,Taiwan,APAC,PLT-07,Seoul Tech,South Korea,APAC,Government,Singapore,1,1.0,16,16,0,100.0,100.0,0.0
2025-10-01,SUP-038,Supplier 038,Taiwan,APAC,PLT-01,Munich Center,Germany,EMEA,SMB,Germany,1,2.0,102,120,0,117.65,100.0,0.0
2025-10-01,SUP-038,Supplier 038,Taiwan,APAC,PLT-03,Tokyo Precision,Japan,APAC,Government,USA,1,1.0,135,135,0,100.0,100.0,0.0
2025-10-01,SUP-038,Supplier 038,Taiwan,APAC,PLT-03,Tokyo Precision,Japan,APAC,Government,Australia,1,1.0,160,160,0,100.0,100.0,0.0
2025-10-01,SUP-038,Supplier 038,Taiwan,APAC,PLT-04,Chennai Forge,India,APAC,Enterprise,Singapore,1,1.0,218,218,0,100.0,100.0,0.0
2025-10-01,SUP-038,Supplier 038,Taiwan,APAC,PLT-08,Taipei Micro,Taiwan,APAC,SMB,Germany,1,1.0,176,176,0,100.0,100.0,0.0
2025-10-01,SUP-038,Supplier 038,Taiwan,APAC,PLT-04,Chennai Forge,India,APAC,SMB,Japan,1,1.0,26,26,0,100.0,100.0,0.0
2025-10-01,SUP-039,Supplier 039,Vietnam,APAC,PLT-06,Sao Paulo Ops,Brazil,LATAM,Enterprise,France,1,1.0,171,171,0,100.0,100.0,0.0
2025-10-01,SUP-039,Supplier 039,Vietnam,APAC,PLT-00,Shanghai Hub,China,APAC,Enterprise,Canada,1,1.0,58,57,1,98.28,0.0,240.96
2025-10-01,SUP-039,Supplier 039,Vietnam,APAC,PLT-06,Sao Paulo Ops,Brazil,LATAM,SMB,UK,1,2.0,86,103,0,119.77,100.0,0.0
2025-10-01,SUP-039,Supplier 039,Vietnam,APAC,PLT-01,Munich Center,Germany,EMEA,SMB,France,1,1.0,70,70,0,100.0,100.0,0.0
2025-10-01,SUP-039,Supplier 039,Vietnam,APAC,PLT-03,Tokyo Precision,Japan,APAC,SMB,UK,2,3.0,26,28,0,107.69,100.0,0.0
2025-10-01,SUP-039,Supplier 039,Vietnam,APAC,PLT-03,Tokyo Precision,Japan,APAC,SMB,Germany,1,1.0,25,25,0,100.0,100.0,0.0
2025-10-01,SUP-039,Supplier 039,Vietnam,APAC,PLT-05,Monterrey Plant,Mexico,LATAM,SMB,Germany,1,1.0,158,158,0,100.0,100.0,0.0
2025-10-01,SUP-039,Supplier 039,Vietnam,APAC,PLT-06,Sao Paulo Ops,Brazil,LATAM,Enterprise,Japan,1,2.0,96,116,0,120.83,100.0,0.0
2025-10-01,SUP-039,Supplier 039,Vietnam,APAC,PLT-01,Munich Center,Germany,EMEA,SMB,Canada,1,1.0,137,137,0,100.0,100.0,0.0
2025-10-01,SUP-039,Supplier 039,Vietnam,APAC,PLT-00,Shanghai Hub,China,APAC,Government,Singapore,1,1.0,91,91,0,100.0,100.0,0.0
2025-10-01,SUP-039,Supplier 039,Vietnam,APAC,PLT-05,Monterrey Plant,Mexico,LATAM,SMB,Australia,1,1.0,110,110,0,100.0,100.0,0.0
2025-10-01,SUP-040,Supplier 040,China,APAC,PLT-07,Seoul Tech,South Korea,APAC,SMB,UK,1,1.0,64,64,0,100.0,100.0,0.0
2025-10-01,SUP-040,Supplier 040,China,APAC,PLT-07,Seoul Tech,South Korea,APAC,Government,France,1,1.0,3,2,1,66.67,0.0,253.56
2025-10-01,SUP-040,Supplier 040,China,APAC,PLT-03,Tokyo Precision,Japan,APAC,Enterprise,Japan,1,1.0,13,13,0,100.0,100.0,0.0
2025-10-01,SUP-040,Supplier 040,China,APAC,PLT-00,Shanghai Hub,China,APAC,SMB,Canada,1,1.0,5,5,0,100.0,100.0,0.0
2025-10-01,SUP-040,Supplier 040,China,APAC,PLT-00,Shanghai Hub,China,APAC,SMB,France,1,1.0,20,20,0,100.0,100.0,0.0
2025-10-01,SUP-040,Supplier 040,China,APAC,PLT-02,Detroit Works,USA,NA,SMB,France,1,1.0,78,78,0,100.0,100.0,0.0
2025-10-01,SUP-040,Supplier 040,China,APAC,PLT-06,Sao Paulo Ops,Brazil,LATAM,Enterprise,Canada,1,1.0,73,73,0,100.0,100.0,0.0
2025-10-01,SUP-040,Supplier 040,China,APAC,PLT-01,Munich Center,Germany,EMEA,SMB,Germany,1,1.0,108,108,0,100.0,100.0,0.0
2025-10-01,SUP-041,Supplier 041,Germany,EMEA,PLT-04,Chennai Forge,India,APAC,Government,UK,1,1.0,138,138,0,100.0,100.0,0.0
2025-10-01,SUP-041,Supplier 041,Germany,EMEA,PLT-03,Tokyo Precision,Japan,APAC,Government,UK,1,1.0,40,40,0,100.0,100.0,0.0
2025-10-01,SUP-041,Supplier 041,Germany,EMEA,PLT-04,Chennai Forge,India,APAC,SMB,Germany,1,1.0,113,113,0,100.0,100.0,0.0
2025-10-01,SUP-041,Supplier 041,Germany,EMEA,PLT-00,Shanghai Hub,China,APAC,Enterprise,USA,1,1.0,129,126,3,97.67,0.0,47.67
2025-10-01,SUP-041,Supplier 041,Germany,EMEA,PLT-03,Tokyo Precision,Japan,APAC,Government,USA,1,1.0,1,1,0,100.0,100.0,0.0
2025-10-01,SUP-041,Supplier 041,Germany,EMEA,PLT-07,Seoul Tech,South Korea,APAC,SMB,Canada,1,2.0,52,62,0,119.23,100.0,0.0
2025-10-01,SUP-041,Supplier 041,Germany,EMEA,PLT-05,Monterrey Plant,Mexico,LATAM,SMB,Canada,1,1.0,63,63,0,100.0,100.0,0.0
2025-10-01,SUP-042,Supplier 042,USA,NA,PLT-05,Monterrey Plant,Mexico,LATAM,SMB,Australia,1,1.0,35,29,6,82.86,0.0,2541.18
2025-10-01,SUP-042,Supplier 042,USA,NA,PLT-09,Hanoi Assembly,Vietnam,APAC,SMB,Japan,1,1.0,63,63,0,100.0,100.0,0.0
2025-10-01,SUP-043,Supplier 043,Japan,APAC,PLT-00,Shanghai Hub,China,APAC,SMB,Singapore,1,1.0,35,35,0,100.0,100.0,0.0
2025-10-01,SUP-043,Supplier 043,Japan,APAC,PLT-06,Sao Paulo Ops,Brazil,LATAM,Government,Japan,1,1.0,15,12,3,80.0,0.0,165.75
2025-10-01,SUP-043,Supplier 043,Japan,APAC,PLT-04,Chennai Forge,India,APAC,SMB,Canada,1,1.0,30,30,0,100.0,100.0,0.0
2025-10-01,SUP-043,Supplier 043,Japan,APAC,PLT-02,Detroit Works,USA,NA,SMB,Australia,1,1.0,119,119,0,100.0,100.0,0.0
2025-10-01,SUP-043,Supplier 043,Japan,APAC,PLT-01,Munich Center,Germany,EMEA,SMB,Germany,1,1.0,85,85,0,100.0,100.0,0.0
2025-10-01,SUP-043,Supplier 043,Japan,APAC,PLT-00,Shanghai Hub,China,APAC,Enterprise,France,1,2.0,51,53,0,103.92,100.0,0.0
2025-10-01,SUP-043,Supplier 043,Japan,APAC,PLT-02,Detroit Works,USA,NA,Government,Germany,1,1.0,34,34,0,100.0,100.0,0.0
2025-10-01,SUP-043,Supplier 043,Japan,APAC,PLT-08,Taipei Micro,Taiwan,APAC,Government,France,1,1.0,128,128,0,100.0,100.0,0.0
2025-10-01,SUP-043,Supplier 043,Japan,APAC,PLT-03,Tokyo Precision,Japan,APAC,Government,USA,1,1.0,72,59,13,81.94,0.0,1689.09
2025-10-01,SUP-043,Supplier 043,Japan,APAC,PLT-05,Monterrey Plant,Mexico,LATAM,SMB,Germany,1,2.0,64,80,0,125.0,100.0,0.0
2025-10-01,SUP-043,Supplier 043,Japan,APAC,PLT-06,Sao Paulo Ops,Brazil,LATAM,Enterprise,USA,1,1.0,38,38,0,100.0,100.0,0.0
2025-10-01,SUP-043,Supplier 043,Japan,APAC,PLT-08,Taipei Micro,Taiwan,APAC,SMB,UK,1,1.0,95,95,0,100.0,100.0,0.0
2025-10-01,SUP-043,Supplier 043,Japan,APAC,PLT-06,Sao Paulo Ops,Brazil,LATAM,SMB,France,1,1.0,85,80,5,94.12,0.0,532.15
2025-10-01,SUP-043,Supplier 043,Japan,APAC,PLT-05,Monterrey Plant,Mexico,LATAM,Enterprise,Japan,1,1.0,3,2,1,66.67,0.0,481.39
2025-10-01,SUP-044,Supplier 044,India,APAC,PLT-02,Detroit Works,USA,NA,SMB,Germany,1,2.0,114,127,0,111.4,100.0,0.0
2025-10-01,SUP-044,Supplier 044,India,APAC,PLT-09,Hanoi Assembly,Vietnam,APAC,SMB,USA,1,1.0,111,111,0,100.0,100.0,0.0
2025-10-01,SUP-044,Supplier 044,India,APAC,PLT-06,Sao Paulo Ops,Brazil,LATAM,Enterprise,Japan,1,1.0,19,19,0,100.0,100.0,0.0
2025-10-01,SUP-044,Supplier 044,India,APAC,PLT-06,Sao Paulo Ops,Brazil,LATAM,SMB,Singapore,1,2.0,39,44,0,112.82,100.0,0.0
2025-10-01,SUP-044,Supplier 044,India,APAC,PLT-02,Detroit Works,USA,NA,Enterprise,Canada,1,1.0,5,5,0,100.0,100.0,0.0
2025-10-01,SUP-044,Supplier 044,India,APAC,PLT-00,Shanghai Hub,China,APAC,Enterprise,Australia,1,2.0,110,141,0,128.18,100.0,0.0
2025-10-01,SUP-044,Supplier 044,India,APAC,PLT-06,Sao Paulo Ops,Brazil,LATAM,SMB,UK,1,1.0,49,49,0,100.0,100.0,0.0
2025-10-01,SUP-044,Supplier 044,India,APAC,PLT-08,Taipei Micro,Taiwan,APAC,Enterprise,UK,1,1.0,112,112,0,100.0,100.0,0.0
2025-10-01,SUP-045,Supplier 045,Mexico,LATAM,PLT-02,Detroit Works,USA,NA,Government,Singapore,1,1.0,176,114,62,64.77,0.0,29097.84
2025-10-01,SUP-045,Supplier 045,Mexico,LATAM,PLT-05,Monterrey Plant,Mexico,LATAM,SMB,UK,2,2.0,71,66,5,92.96,50.0,2160.85
2025-10-01,SUP-045,Supplier 045,Mexico,LATAM,PLT-05,Monterrey Plant,Mexico,LATAM,Enterprise,France,1,1.0,103,103,0,100.0,100.0,0.0
2025-10-01,SUP-045,Supplier 045,Mexico,LATAM,PLT-03,Tokyo Precision,Japan,APAC,Enterprise,Germany,1,1.0,26,26,0,100.0,100.0,0.0
2025-10-01,SUP-045,Supplier 045,Mexico,LATAM,PLT-08,Taipei Micro,Taiwan,APAC,SMB,UK,1,1.0,80,80,0,100.0,100.0,0.0
2025-10-01,SUP-045,Supplier 045,Mexico,LATAM,PLT-03,Tokyo Precision,Japan,APAC,Enterprise,Canada,1,1.0,49,49,0,100.0,100.0,0.0
2025-10-01,SUP-045,Supplier 045,Mexico,LATAM,PLT-00,Shanghai Hub,China,APAC,Enterprise,Germany,1,1.0,58,58,0,100.0,100.0,0.0
2025-10-01,SUP-045,Supplier 045,Mexico,LATAM,PLT-04,Chennai Forge,India,APAC,SMB,Singapore,1,1.0,7,6,1,85.71,0.0,283.27
2025-10-01,SUP-045,Supplier 045,Mexico,LATAM,PLT-03,Tokyo Precision,Japan,APAC,SMB,Australia,1,1.0,43,43,0,100.0,100.0,0.0
2025-10-01,SUP-046,Supplier 046,Brazil,LATAM,PLT-03,Tokyo Precision,Japan,APAC,SMB,Singapore,1,1.0,114,77,37,67.54,0.0,11497.75
2025-10-01,SUP-046,Supplier 046,Brazil,LATAM,PLT-02,Detroit Works,USA,NA,SMB,Singapore,1,2.0,38,47,0,123.68,100.0,0.0
2025-10-01,SUP-046,Supplier 046,Brazil,LATAM,PLT-00,Shanghai Hub,China,APAC,SMB,Australia,1,1.0,51,43,8,84.31,0.0,1068.24
2025-10-01,SUP-046,Supplier 046,Brazil,LATAM,PLT-08,Taipei Micro,Taiwan,APAC,SMB,Germany,1,2.0,64,75,0,117.19,100.0,0.0
2025-10-01,SUP-046,Supplier 046,Brazil,LATAM,PLT-05,Monterrey Plant,Mexico,LATAM,SMB,Australia,1,1.0,64,56,8,87.5,0.0,3004.56
2025-10-01,SUP-046,Supplier 046,Brazil,LATAM,PLT-08,Taipei Micro,Taiwan,APAC,Enterprise,Japan,1,1.0,53,53,0,100.0,100.0,0.0
2025-10-01,SUP-046,Supplier 046,Brazil,LATAM,PLT-01,Munich Center,Germany,EMEA,Enterprise,Canada,1,1.0,26,26,0,100.0,100.0,0.0
2025-10-01,SUP-047,Supplier 047,South Korea,APAC,PLT-09,Hanoi Assembly,Vietnam,APAC,Government,Singapore,2,2.0,114,71,43,62.28,50.0,1813.74
2025-10-01,SUP-047,Supplier 047,South Korea,APAC,PLT-05,Monterrey Plant,Mexico,LATAM,SMB,Germany,1,1.0,177,96,81,54.24,0.0,2629.26
2025-10-01,SUP-047,Supplier 047,South Korea,APAC,PLT-08,Taipei Micro,Taiwan,APAC,Government,Singapore,1,1.0,3,3,0,100.0,100.0,0.0
2025-10-01,SUP-047,Supplier 047,South Korea,APAC,PLT-09,Hanoi Assembly,Vietnam,APAC,SMB,Australia,2,2.0,106,105,1,99.06,50.0,300.21
2025-10-01,SUP-047,Supplier 047,South Korea,APAC,PLT-06,Sao Paulo Ops,Brazil,LATAM,Enterprise,Japan,1,2.0,29,37,0,127.59,100.0,0.0
2025-10-01,SUP-047,Supplier 047,South Korea,APAC,PLT-07,Seoul Tech,South Korea,APAC,Enterprise,USA,1,2.0,155,173,0,111.61,100.0,0.0
2025-10-01,SUP-048,Supplier 048,Taiwan,APAC,PLT-09,Hanoi Assembly,Vietnam,APAC,Government,Australia,1,1.0,68,68,0,100.0,100.0,0.0
2025-10-01,SUP-048,Supplier 048,Taiwan,APAC,PLT-06,Sao Paulo Ops,Brazil,LATAM,SMB,Germany,1,2.0,113,124,0,109.73,100.0,0.0
2025-10-01,SUP-048,Supplier 048,Taiwan,APAC,PLT-05,Monterrey Plant,Mexico,LATAM,SMB,Australia,1,2.0,108,124,0,114.81,100.0,0.0
2025-10-01,SUP-048,Supplier 048,Taiwan,APAC,PLT-07,Seoul Tech,South Korea,APAC,SMB,USA,1,1.0,56,47,9,83.93,0.0,3085.74
2025-10-01,SUP-048,Supplier 048,Taiwan,APAC,PLT-00,Shanghai Hub,China,APAC,SMB,Singapore,1,1.0,17,17,0,100.0,100.0,0.0
2025-10-01,SUP-048,Supplier 048,Taiwan,APAC,PLT-05,Monterrey Plant,Mexico,LATAM,SMB,Germany,1,1.0,80,80,0,100.0,100.0,0.0
2025-10-01,SUP-048,Supplier 048,Taiwan,APAC,PLT-01,Munich Center,Germany,EMEA,Enterprise,Germany,1,1.0,50,28,22,56.0,0.0,645.7
2025-10-01,SUP-049,Supplier 049,Vietnam,APAC,PLT-08,Taipei Micro,Taiwan,APAC,Government,France,1,1.0,89,89,0,100.0,100.0,0.0
2025-10-01,SUP-049,Supplier 049,Vietnam,APAC,PLT-01,Munich Center,Germany,EMEA,Enterprise,USA,1,1.0,44,44,0,100.0,100.0,0.0
2025-10-01,SUP-049,Supplier 049,Vietnam,APAC,PLT-08,Taipei Micro,Taiwan,APAC,SMB,Canada,1,1.0,35,35,0,100.0,100.0,0.0
2025-10-01,SUP-049,Supplier 049,Vietnam,APAC,PLT-03,Tokyo Precision,Japan,APAC,SMB,Singapore,1,1.0,279,206,73,73.84,0.0,2225.04
2025-10-01,SUP-049,Supplier 049,Vietnam,APAC,PLT-00,Shanghai Hub,China,APAC,SMB,Canada,1,1.0,43,43,0,100.0,100.0,0.0
2025-10-01,SUP-049,Supplier 049,Vietnam,APAC,PLT-09,Hanoi Assembly,Vietnam,APAC,Enterprise,USA,1,1.0,75,75,0,100.0,100.0,0.0
2025-10-01,SUP-049,Supplier 049,Vietnam,APAC,PLT-02,Detroit Works,USA,NA,SMB,France,1,1.0,124,124,0,100.0,100.0,0.0
2025-11-01,SUP-000,Supplier 000,China,APAC,PLT-00,Shanghai Hub,China,APAC,SMB,France,1,1.0,28,22,6,78.57,0.0,1075.86
2025-11-01,SUP-000,Supplier 000,China,APAC,PLT-08,Taipei Micro,Taiwan,APAC,SMB,Australia,1,1.0,90,90,0,100.0,100.0,0.0
2025-11-01,SUP-000,Supplier 000,China,APAC,PLT-08,Taipei Micro,Taiwan,APAC,SMB,Singapore,1,1.0,19,19,0,100.0,100.0,0.0
2025-11-01,SUP-000,Supplier 000,China,APAC,PLT-06,Sao Paulo Ops,Brazil,LATAM,Government,Canada,1,1.0,20,20,0,100.0,100.0,0.0
2025-11-01,SUP-000,Supplier 000,China,APAC,PLT-02,Detroit Works,USA,NA,SMB,Australia,1,1.0,112,112,0,100.0,100.0,0.0
2025-11-01,SUP-000,Supplier 000,China,APAC,PLT-01,Munich Center,Germany,EMEA,Government,UK,1,2.0,53,69,0,130.19,100.0,0.0
2025-11-01,SUP-000,Supplier 000,China,APAC,PLT-08,Taipei Micro,Taiwan,APAC,SMB,Canada,1,2.0,37,44,0,118.92,100.0,0.0
2025-11-01,SUP-000,Supplier 000,China,APAC,PLT-05,Monterrey Plant,Mexico,LATAM,SMB,France,1,2.0,25,27,0,108.0,100.0,0.0
2025-11-01,SUP-000,Supplier 000,China,APAC,PLT-09,Hanoi Assembly,Vietnam,APAC,SMB,Australia,1,1.0,161,130,31,80.75,0.0,11301.67
2025-11-01,SUP-000,Supplier 000,China,APAC,PLT-05,Monterrey Plant,Mexico,LATAM,Enterprise,Japan,1,1.0,133,128,5,96.24,0.0,1076.85
2025-11-01,SUP-000,Supplier 000,China,APAC,PLT-04,Chennai Forge,India,APAC,SMB,France,1,1.0,62,62,0,100.0,100.0,0.0
2025-11-01,SUP-001,Supplier 001,Germany,EMEA,PLT-00,Shanghai Hub,China,APAC,Enterprise,Canada,1,1.0,42,42,0,100.0,100.0,0.0
2025-11-01,SUP-001,Supplier 001,Germany,EMEA,PLT-06,Sao Paulo Ops,Brazil,LATAM,Enterprise,Australia,1,1.0,12,12,0,100.0,100.0,0.0
2025-11-01,SUP-001,Supplier 001,Germany,EMEA,PLT-09,Hanoi Assembly,Vietnam,APAC,SMB,France,1,1.0,139,139,0,100.0,100.0,0.0
2025-11-01,SUP-001,Supplier 001,Germany,EMEA,PLT-07,Seoul Tech,South Korea,APAC,SMB,France,1,1.0,154,134,20,87.01,0.0,4536.4
2025-11-01,SUP-001,Supplier 001,Germany,EMEA,PLT-00,Shanghai Hub,China,APAC,SMB,UK,1,1.0,77,47,30,61.04,0.0,933.3
2025-11-01,SUP-001,Supplier 001,Germany,EMEA,PLT-00,Shanghai Hub,China,APAC,Enterprise,Germany,1,1.0,153,153,0,100.0,100.0,0.0
2025-11-01,SUP-001,Supplier 001,Germany,EMEA,PLT-01,Munich Center,Germany,EMEA,SMB,USA,1,1.0,92,92,0,100.0,100.0,0.0
2025-11-01,SUP-001,Supplier 001,Germany,EMEA,PLT-03,Tokyo Precision,Japan,APAC,SMB,Germany,1,1.0,188,180,8,95.74,0.0,2107.04
2025-11-01,SUP-001,Supplier 001,Germany,EMEA,PLT-00,Shanghai Hub,China,APAC,Enterprise,Singapore,1,1.0,117,107,10,91.45,0.0,4632.4
2025-11-01,SUP-002,Supplier 002,USA,NA,PLT-04,Chennai Forge,India,APAC,SMB,Singapore,1,1.0,86,78,8,90.7,0.0,3946.56
2025-11-01,SUP-002,Supplier 002,USA,NA,PLT-06,Sao Paulo Ops,Brazil,LATAM,SMB,Singapore,1,1.0,107,107,0,100.0,100.0,0.0
2025-11-01,SUP-002,Supplier 002,USA,NA,PLT-09,Hanoi Assembly,Vietnam,APAC,SMB,Canada,1,1.0,177,177,0,100.0,100.0,0.0
2025-11-01,SUP-002,Supplier 002,USA,NA,PLT-06,Sao Paulo Ops,Brazil,LATAM,Enterprise,USA,1,1.0,68,68,0,100.0,100.0,0.0
2025-11-01,SUP-002,Supplier 002,USA,NA,PLT-02,Detroit Works,USA,NA,Government,Japan,1,1.0,45,23,22,51.11,0.0,3547.72
2025-11-01,SUP-002,Supplier 002,USA,NA,PLT-09,Hanoi Assembly,Vietnam,APAC,SMB,UK,1,1.0,81,81,0,100.0,100.0,0.0
2025-11-01,SUP-002,Supplier 002,USA,NA,PLT-02,Detroit Works,USA,NA,Enterprise,Germany,1,1.0,167,167,0,100.0,100.0,0.0
2025-11-01,SUP-003,Supplier 003,Japan,APAC,PLT-02,Detroit Works,USA,NA,Government,Singapore,1,2.0,67,86,0,128.36,100.0,0.0
2025-11-01,SUP-003,Supplier 003,Japan,APAC,PLT-08,Taipei Micro,Taiwan,APAC,SMB,Singapore,1,1.0,40,40,0,100.0,100.0,0.0
2025-11-01,SUP-003,Supplier 003,Japan,APAC,PLT-09,Hanoi Assembly,Vietnam,APAC,Enterprise,France,1,1.0,300,300,0,100.0,100.0,0.0
2025-11-01,SUP-003,Supplier 003,Japan,APAC,PLT-04,Chennai Forge,India,APAC,Enterprise,USA,1,1.0,57,57,0,100.0,100.0,0.0
2025-11-01,SUP-003,Supplier 003,Japan,APAC,PLT-07,Seoul Tech,South Korea,APAC,Government,Germany,1,1.0,42,42,0,100.0,100.0,0.0
2025-11-01,SUP-003,Supplier 003,Japan,APAC,PLT-00,Shanghai Hub,China,APAC,SMB,Canada,1,1.0,54,54,0,100.0,100.0,0.0
2025-11-01,SUP-004,Supplier 004,India,APAC,PLT-08,Taipei Micro,Taiwan,APAC,SMB,Germany,1,1.0,299,299,0,100.0,100.0,0.0
2025-11-01,SUP-004,Supplier 004,India,APAC,PLT-08,Taipei Micro,Taiwan,APAC,SMB,France,1,1.0,110,110,0,100.0,100.0,0.0
2025-11-01,SUP-004,Supplier 004,India,APAC,PLT-03,Tokyo Precision,Japan,APAC,Government,Germany,1,1.0,215,215,0,100.0,100.0,0.0
2025-11-01,SUP-004,Supplier 004,India,APAC,PLT-01,Munich Center,Germany,EMEA,Government,USA,1,2.0,97,111,0,114.43,100.0,0.0
2025-11-01,SUP-005,Supplier 005,Mexico,LATAM,PLT-04,Chennai Forge,India,APAC,SMB,Singapore,1,1.0,148,102,46,68.92,0.0,10521.58
2025-11-01,SUP-005,Supplier 005,Mexico,LATAM,PLT-03,Tokyo Precision,Japan,APAC,SMB,UK,1,1.0,16,15,1,93.75,0.0,245.45
2025-11-01,SUP-005,Supplier 005,Mexico,LATAM,PLT-06,Sao Paulo Ops,Brazil,LATAM,Enterprise,Japan,1,1.0,49,49,0,100.0,100.0,0.0
2025-11-01,SUP-005,Supplier 005,Mexico,LATAM,PLT-09,Hanoi Assembly,Vietnam,APAC,SMB,France,1,1.0,135,135,0,100.0,100.0,0.0
2025-11-01,SUP-005,Supplier 005,Mexico,LATAM,PLT-01,Munich Center,Germany,EMEA,SMB,UK,1,1.0,156,156,0,100.0,100.0,0.0
2025-11-01,SUP-005,Supplier 005,Mexico,LATAM,PLT-02,Detroit Works,USA,NA,SMB,Australia,1,1.0,112,110,2,98.21,0.0,527.22
2025-11-01,SUP-006,Supplier 006,Brazil,LATAM,PLT-07,Seoul Tech,South Korea,APAC,SMB,Singapore,1,1.0,137,137,0,100.0,100.0,0.0
2025-11-01,SUP-006,Supplier 006,Brazil,LATAM,PLT-01,Munich Center,Germany,EMEA,Government,Australia,1,1.0,119,119,0,100.0,100.0,0.0
2025-11-01,SUP-006,Supplier 006,Brazil,LATAM,PLT-03,Tokyo Precision,Japan,APAC,SMB,UK,1,1.0,14,14,0,100.0,100.0,0.0
2025-11-01,SUP-006,Supplier 006,Brazil,LATAM,PLT-09,Hanoi Assembly,Vietnam,APAC,SMB,France,1,2.0,5,6,0,120.0,100.0,0.0
2025-11-01,SUP-006,Supplier 006,Brazil,LATAM,PLT-02,Detroit Works,USA,NA,SMB,Germany,1,1.0,19,19,0,100.0,100.0,0.0
2025-11-01,SUP-007,Supplier 007,South Korea,APAC,PLT-08,Taipei Micro,Taiwan,APAC,SMB,UK,1,1.0,45,45,0,100.0,100.0,0.0
2025-11-01,SUP-007,Supplier 007,South Korea,APAC,PLT-09,Hanoi Assembly,Vietnam,APAC,Government,USA,1,1.0,144,144,0,100.0,100.0,0.0
2025-11-01,SUP-007,Supplier 007,South Korea,APAC,PLT-01,Munich Center,Germany,EMEA,SMB,Australia,1,1.0,157,147,10,93.63,0.0,3313.3
2025-11-01,SUP-007,Supplier 007,South Korea,APAC,PLT-02,Detroit Works,USA,NA,Enterprise,Australia,1,1.0,85,74,11,87.06,0.0,1421.31
2025-11-01,SUP-007,Supplier 007,South Korea,APAC,PLT-08,Taipei Micro,Taiwan,APAC,SMB,Germany,1,1.0,90,90,0,100.0,100.0,0.0
2025-11-01,SUP-007,Supplier 007,South Korea,APAC,PLT-07,Seoul Tech,South Korea,APAC,SMB,UK,1,1.0,136,120,16,88.24,0.0,3086.88
2025-11-01,SUP-008,Supplier 008,Taiwan,APAC,PLT-07,Seoul Tech,South Korea,APAC,SMB,Singapore,1,1.0,13,8,5,61.54,0.0,1757.05
2025-11-01,SUP-008,Supplier 008,Taiwan,APAC,PLT-06,Sao Paulo Ops,Brazil,LATAM,Enterprise,Singapore,1,1.0,44,44,0,100.0,100.0,0.0
2025-11-01,SUP-008,Supplier 008,Taiwan,APAC,PLT-07,Seoul Tech,South Korea,APAC,SMB,France,1,1.0,226,226,0,100.0,100.0,0.0
2025-11-01,SUP-008,Supplier 008,Taiwan,APAC,PLT-01,Munich Center,Germany,EMEA,Government,Germany,1,1.0,162,162,0,100.0,100.0,0.0
2025-11-01,SUP-008,Supplier 008,Taiwan,APAC,PLT-09,Hanoi Assembly,Vietnam,APAC,SMB,Singapore,1,1.0,62,59,3,95.16,0.0,432.63
2025-11-01,SUP-008,Supplier 008,Taiwan,APAC,PLT-04,Chennai Forge,India,APAC,SMB,USA,1,1.0,67,67,0,100.0,100.0,0.0
2025-11-01,SUP-008,Supplier 008,Taiwan,APAC,PLT-07,Seoul Tech,South Korea,APAC,SMB,USA,1,2.0,100,112,0,112.0,100.0,0.0
2025-11-01,SUP-009,Supplier 009,Vietnam,APAC,PLT-00,Shanghai Hub,China,APAC,Enterprise,Australia,1,1.0,61,61,0,100.0,100.0,0.0
2025-11-01,SUP-009,Supplier 009,Vietnam,APAC,PLT-02,Detroit Works,USA,NA,SMB,UK,1,1.0,119,110,9,92.44,0.0,1603.53
2025-11-01,SUP-009,Supplier 009,Vietnam,APAC,PLT-00,Shanghai Hub,China,APAC,SMB,Singapore,1,1.0,27,27,0,100.0,100.0,0.0
2025-11-01,SUP-009,Supplier 009,Vietnam,APAC,PLT-08,Taipei Micro,Taiwan,APAC,SMB,Australia,1,1.0,8,8,0,100.0,100.0,0.0
2025-11-01,SUP-009,Supplier 009,Vietnam,APAC,PLT-00,Shanghai Hub,China,APAC,Enterprise,Singapore,1,1.0,16,16,0,100.0,100.0,0.0
2025-11-01,SUP-009,Supplier 009,Vietnam,APAC,PLT-03,Tokyo Precision,Japan,APAC,Enterprise,Japan,1,2.0,71,88,0,123.94,100.0,0.0
2025-11-01,SUP-009,Supplier 009,Vietnam,APAC,PLT-05,Monterrey Plant,Mexico,LATAM,SMB,Singapore,1,1.0,82,82,0,100.0,100.0,0.0
2025-11-01,SUP-010,Supplier 010,China,APAC,PLT-03,Tokyo Precision,Japan,APAC,Government,Germany,1,2.0,150,169,0,112.67,100.0,0.0
2025-11-01,SUP-010,Supplier 010,China,APAC,PLT-02,Detroit Works,USA,NA,SMB,Canada,1,1.0,63,52,11,82.54,0.0,3206.17
2025-11-01,SUP-010,Supplier 010,China,APAC,PLT-03,Tokyo Precision,Japan,APAC,SMB,UK,1,1.0,19,19,0,100.0,100.0,0.0
2025-11-01,SUP-010,Supplier 010,China,APAC,PLT-06,Sao Paulo Ops,Brazil,LATAM,Government,USA,1,2.0,78,78,0,100.0,100.0,0.0
2025-11-01,SUP-011,Supplier 011,Germany,EMEA,PLT-00,Shanghai Hub,China,APAC,Enterprise,USA,1,1.0,112,112,0,100.0,100.0,0.0
2025-11-01,SUP-011,Supplier 011,Germany,EMEA,PLT-09,Hanoi Assembly,Vietnam,APAC,SMB,Australia,1,1.0,29,29,0,100.0,100.0,0.0
2025-11-01,SUP-011,Supplier 011,Germany,EMEA,PLT-02,Detroit Works,USA,NA,SMB,Japan,1,1.0,27,27,0,100.0,100.0,0.0
2025-11-01,SUP-011,Supplier 011,Germany,EMEA,PLT-08,Taipei Micro,Taiwan,APAC,SMB,USA,1,1.0,29,29,0,100.0,100.0,0.0
2025-11-01,SUP-011,Supplier 011,Germany,EMEA,PLT-05,Monterrey Plant,Mexico,LATAM,Enterprise,Singapore,1,1.0,15,15,0,100.0,100.0,0.0
2025-11-01,SUP-011,Supplier 011,Germany,EMEA,PLT-06,Sao Paulo Ops,Brazil,LATAM,Government,USA,1,1.0,13,13,0,100.0,100.0,0.0
2025-11-01,SUP-011,Supplier 011,Germany,EMEA,PLT-04,Chennai Forge,India,APAC,SMB,UK,1,1.0,122,122,0,100.0,100.0,0.0
2025-11-01,SUP-012,Supplier 012,USA,NA,PLT-00,Shanghai Hub,China,APAC,SMB,Germany,1,1.0,14,14,0,100.0,100.0,0.0
2025-11-01,SUP-012,Supplier 012,USA,NA,PLT-04,Chennai Forge,India,APAC,Enterprise,Canada,1,1.0,92,92,0,100.0,100.0,0.0
2025-11-01,SUP-012,Supplier 012,USA,NA,PLT-05,Monterrey Plant,Mexico,LATAM,SMB,USA,1,1.0,112,112,0,100.0,100.0,0.0
2025-11-01,SUP-012,Supplier 012,USA,NA,PLT-06,Sao Paulo Ops,Brazil,LATAM,SMB,Singapore,1,1.0,56,48,8,85.71,0.0,3110.56
2025-11-01,SUP-012,Supplier 012,USA,NA,PLT-02,Detroit Works,USA,NA,Enterprise,Germany,1,2.0,93,105,0,112.9,100.0,0.0
2025-11-01,SUP-012,Supplier 012,USA,NA,PLT-09,Hanoi Assembly,Vietnam,APAC,Enterprise,France,1,1.0,42,42,0,100.0,100.0,0.0
2025-11-01,SUP-012,Supplier 012,USA,NA,PLT-06,Sao Paulo Ops,Brazil,LATAM,Enterprise,Australia,1,1.0,75,57,18,76.0,0.0,8767.44
2025-11-01,SUP-012,Supplier 012,USA,NA,PLT-09,Hanoi Assembly,Vietnam,APAC,SMB,Australia,1,2.0,69,81,0,117.39,100.0,0.0
2025-11-01,SUP-013,Supplier 013,Japan,APAC,PLT-06,Sao Paulo Ops,Brazil,LATAM,Enterprise,Singapore,1,2.0,78,88,0,112.82,100.0,0.0
2025-11-01,SUP-013,Supplier 013,Japan,APAC,PLT-00,Shanghai Hub,China,APAC,Government,Singapore,1,2.0,165,194,0,117.58,100.0,0.0
2025-11-01,SUP-013,Supplier 013,Japan,APAC,PLT-04,Chennai Forge,India,APAC,SMB,UK,1,2.0,34,38,0,111.76,100.0,0.0
2025-11-01,SUP-014,Supplier 014,India,APAC,PLT-03,Tokyo Precision,Japan,APAC,SMB,UK,1,1.0,80,80,0,100.0,100.0,0.0
2025-11-01,SUP-014,Supplier 014,India,APAC,PLT-08,Taipei Micro,Taiwan,APAC,Government,UK,1,2.0,23,27,0,117.39,100.0,0.0
2025-11-01,SUP-014,Supplier 014,India,APAC,PLT-09,Hanoi Assembly,Vietnam,APAC,Enterprise,Japan,1,1.0,49,49,0,100.0,100.0,0.0
2025-11-01,SUP-014,Supplier 014,India,APAC,PLT-00,Shanghai Hub,China,APAC,SMB,Singapore,1,1.0,43,41,2,95.35,0.0,229.9
2025-11-01,SUP-014,Supplier 014,India,APAC,PLT-05,Monterrey Plant,Mexico,LATAM,Government,UK,1,1.0,55,28,27,50.91,0.0,4024.89
2025-11-01,SUP-015,Supplier 015,Mexico,LATAM,PLT-09,Hanoi Assembly,Vietnam,APAC,Enterprise,USA,1,1.0,37,37,0,100.0,100.0,0.0
2025-11-01,SUP-015,Supplier 015,Mexico,LATAM,PLT-05,Monterrey Plant,Mexico,LATAM,SMB,UK,1,1.0,58,58,0,100.0,100.0,0.0
2025-11-01,SUP-015,Supplier 015,Mexico,LATAM,PLT-00,Shanghai Hub,China,APAC,Enterprise,Australia,1,1.0,59,56,3,94.92,0.0,1312.26
2025-11-01,SUP-015,Supplier 015,Mexico,LATAM,PLT-00,Shanghai Hub,China,APAC,Enterprise,Canada,1,1.0,144,144,0,100.0,100.0,0.0
2025-11-01,SUP-015,Supplier 015,Mexico,LATAM,PLT-08,Taipei Micro,Taiwan,APAC,Enterprise,UK,1,1.0,74,74,0,100.0,100.0,0.0
2025-11-01,SUP-015,Supplier 015,Mexico,LATAM,PLT-01,Munich Center,Germany,EMEA,Government,Canada,1,1.0,45,45,0,100.0,100.0,0.0
2025-11-01,SUP-015,Supplier 015,Mexico,LATAM,PLT-09,Hanoi Assembly,Vietnam,APAC,SMB,Canada,1,1.0,59,39,20,66.1,0.0,2008.0
2025-11-01,SUP-015,Supplier 015,Mexico,LATAM,PLT-05,Monterrey Plant,Mexico,LATAM,SMB,Australia,1,1.0,20,11,9,55.0,0.0,4063.86
2025-11-01,SUP-015,Supplier 015,Mexico,LATAM,PLT-08,Taipei Micro,Taiwan,APAC,SMB,USA,1,2.0,46,36,10,78.26,0.0,1116.2
2025-11-01,SUP-015,Supplier 015,Mexico,LATAM,PLT-08,Taipei Micro,Taiwan,APAC,SMB,Australia,1,1.0,119,119,0,100.0,100.0,0.0
2025-11-01,SUP-015,Supplier 015,Mexico,LATAM,PLT-05,Monterrey Plant,Mexico,LATAM,Enterprise,Germany,1,1.0,96,89,7,92.71,0.0,3437.07
2025-11-01,SUP-016,Supplier 016,Brazil,LATAM,PLT-09,Hanoi Assembly,Vietnam,APAC,Government,France,1,1.0,12,12,0,100.0,100.0,0.0
2025-11-01,SUP-016,Supplier 016,Brazil,LATAM,PLT-07,Seoul Tech,South Korea,APAC,SMB,USA,1,1.0,100,100,0,100.0,100.0,0.0
2025-11-01,SUP-016,Supplier 016,Brazil,LATAM,PLT-02,Detroit Works,USA,NA,Enterprise,Germany,1,1.0,12,12,0,100.0,100.0,0.0
2025-11-01,SUP-016,Supplier 016,Brazil,LATAM,PLT-01,Munich Center,Germany,EMEA,SMB,Singapore,1,1.0,44,44,0,100.0,100.0,0.0
2025-11-01,SUP-016,Supplier 016,Brazil,LATAM,PLT-08,Taipei Micro,Taiwan,APAC,Government,USA,1,1.0,125,108,17,86.4,0.0,8441.18
2025-11-01,SUP-016,Supplier 016,Brazil,LATAM,PLT-03,Tokyo Precision,Japan,APAC,SMB,Germany,1,1.0,22,18,4,81.82,0.0,793.88
2025-11-01,SUP-016,Supplier 016,Brazil,LATAM,PLT-05,Monterrey Plant,Mexico,LATAM,Enterprise,Germany,1,2.0,32,40,0,125.0,100.0,0.0
2025-11-01,SUP-016,Supplier 016,Brazil,LATAM,PLT-07,Seoul Tech,South Korea,APAC,SMB,France,1,1.0,95,61,34,64.21,0.0,3449.64
2025-11-01,SUP-016,Supplier 016,Brazil,LATAM,PLT-07,Seoul Tech,South Korea,APAC,Government,USA,1,1.0,52,52,0,100.0,100.0,0.0
2025-11-01,SUP-016,Supplier 016,Brazil,LATAM,PLT-07,Seoul Tech,South Korea,APAC,Enterprise,Japan,1,1.0,179,179,0,100.0,100.0,0.0
2025-11-01,SUP-017,Supplier 017,South Korea,APAC,PLT-01,Munich Center,Germany,EMEA,Enterprise,Germany,1,1.0,31,26,5,83.87,0.0,1727.5
2025-11-01,SUP-017,Supplier 017,South Korea,APAC,PLT-04,Chennai Forge,India,APAC,SMB,Australia,1,2.0,16,19,0,118.75,100.0,0.0
2025-11-01,SUP-017,Supplier 017,South Korea,APAC,PLT-05,Monterrey Plant,Mexico,LATAM,SMB,Singapore,1,1.0,6,6,0,100.0,100.0,0.0
2025-11-01,SUP-017,Supplier 017,South Korea,APAC,PLT-08,Taipei Micro,Taiwan,APAC,Enterprise,Singapore,1,1.0,151,151,0,100.0,100.0,0.0
2025-11-01,SUP-017,Supplier 017,South Korea,APAC,PLT-08,Taipei Micro,Taiwan,APAC,SMB,Singapore,1,1.0,93,93,0,100.0,100.0,0.0
2025-11-01,SUP-017,Supplier 017,South Korea,APAC,PLT-05,Monterrey Plant,Mexico,LATAM,SMB,Australia,1,1.0,36,36,0,100.0,100.0,0.0
2025-11-01,SUP-017,Supplier 017,South Korea,APAC,PLT-08,Taipei Micro,Taiwan,APAC,SMB,France,1,1.0,181,181,0,100.0,100.0,0.0
2025-11-01,SUP-017,Supplier 017,South Korea,APAC,PLT-03,Tokyo Precision,Japan,APAC,SMB,France,1,1.0,98,98,0,100.0,100.0,0.0
2025-11-01,SUP-017,Supplier 017,South Korea,APAC,PLT-09,Hanoi Assembly,Vietnam,APAC,Enterprise,Singapore,1,2.0,181,200,0,110.5,100.0,0.0
2025-11-01,SUP-018,Supplier 018,Taiwan,APAC,PLT-04,Chennai Forge,India,APAC,SMB,Canada,1,1.0,29,29,0,100.0,100.0,0.0
2025-11-01,SUP-018,Supplier 018,Taiwan,APAC,PLT-00,Shanghai Hub,China,APAC,Enterprise,Singapore,1,1.0,27,27,0,100.0,100.0,0.0
2025-11-01,SUP-018,Supplier 018,Taiwan,APAC,PLT-05,Monterrey Plant,Mexico,LATAM,Government,Canada,1,1.0,108,108,0,100.0,100.0,0.0
2025-11-01,SUP-018,Supplier 018,Taiwan,APAC,PLT-00,Shanghai Hub,China,APAC,SMB,Singapore,1,1.0,157,135,22,85.99,0.0,3361.16
2025-11-01,SUP-018,Supplier 018,Taiwan,APAC,PLT-09,Hanoi Assembly,Vietnam,APAC,SMB,Singapore,1,1.0,123,102,21,82.93,0.0,9569.28
2025-11-01,SUP-018,Supplier 018,Taiwan,APAC,PLT-07,Seoul Tech,South Korea,APAC,Enterprise,Canada,1,2.0,122,133,0,109.02,100.0,0.0
2025-11-01,SUP-018,Supplier 018,Taiwan,APAC,PLT-08,Taipei Micro,Taiwan,APAC,Enterprise,Germany,1,1.0,33,33,0,100.0,100.0,0.0
2025-11-01,SUP-018,Supplier 018,Taiwan,APAC,PLT-08,Taipei Micro,Taiwan,APAC,SMB,Germany,1,1.0,162,162,0,100.0,100.0,0.0
2025-11-01,SUP-019,Supplier 019,Vietnam,APAC,PLT-02,Detroit Works,USA,NA,SMB,UK,1,2.0,41,47,0,114.63,100.0,0.0
2025-11-01,SUP-019,Supplier 019,Vietnam,APAC,PLT-03,Tokyo Precision,Japan,APAC,SMB,Singapore,1,1.0,255,255,0,100.0,100.0,0.0
2025-11-01,SUP-019,Supplier 019,Vietnam,APAC,PLT-01,Munich Center,Germany,EMEA,Enterprise,USA,1,1.0,43,25,18,58.14,0.0,2759.58
2025-11-01,SUP-019,Supplier 019,Vietnam,APAC,PLT-00,Shanghai Hub,China,APAC,Enterprise,Germany,1,1.0,90,90,0,100.0,100.0,0.0
2025-11-01,SUP-019,Supplier 019,Vietnam,APAC,PLT-06,Sao Paulo Ops,Brazil,LATAM,SMB,Germany,1,1.0,176,176,0,100.0,100.0,0.0
2025-11-01,SUP-020,Supplier 020,China,APAC,PLT-09,Hanoi Assembly,Vietnam,APAC,SMB,Germany,1,1.0,148,120,28,81.08,0.0,10146.92
2025-11-01,SUP-020,Supplier 020,China,APAC,PLT-05,Monterrey Plant,Mexico,LATAM,Government,UK,1,1.0,78,78,0,100.0,100.0,0.0
2025-11-01,SUP-020,Supplier 020,China,APAC,PLT-03,Tokyo Precision,Japan,APAC,SMB,Singapore,1,1.0,32,32,0,100.0,100.0,0.0
2025-11-01,SUP-020,Supplier 020,China,APAC,PLT-09,Hanoi Assembly,Vietnam,APAC,Enterprise,Japan,1,1.0,130,74,56,56.92,0.0,563.36
2025-11-01,SUP-020,Supplier 020,China,APAC,PLT-03,Tokyo Precision,Japan,APAC,SMB,Canada,1,2.0,88,100,0,113.64,100.0,0.0
2025-11-01,SUP-020,Supplier 020,China,APAC,PLT-06,Sao Paulo Ops,Brazil,LATAM,Government,Canada,1,1.0,178,178,0,100.0,100.0,0.0
2025-11-01,SUP-020,Supplier 020,China,APAC,PLT-05,Monterrey Plant,Mexico,LATAM,Enterprise,Australia,1,1.0,50,50,0,100.0,100.0,0.0
2025-11-01,SUP-020,Supplier 020,China,APAC,PLT-01,Munich Center,Germany,EMEA,SMB,USA,1,1.0,85,78,7,91.76,0.0,966.77
2025-11-01,SUP-020,Supplier 020,China,APAC,PLT-08,Taipei Micro,Taiwan,APAC,Enterprise,Canada,1,1.0,76,76,0,100.0,100.0,0.0
2025-11-01,SUP-020,Supplier 020,China,APAC,PLT-08,Taipei Micro,Taiwan,APAC,Enterprise,Japan,1,1.0,84,84,0,100.0,100.0,0.0
2025-11-01,SUP-021,Supplier 021,Germany,EMEA,PLT-07,Seoul Tech,South Korea,APAC,Government,Canada,1,1.0,10,6,4,60.0,0.0,1626.64
2025-11-01,SUP-021,Supplier 021,Germany,EMEA,PLT-01,Munich Center,Germany,EMEA,Enterprise,Australia,1,1.0,9,9,0,100.0,100.0,0.0
2025-11-01,SUP-021,Supplier 021,Germany,EMEA,PLT-07,Seoul Tech,South Korea,APAC,Government,Germany,1,1.0,50,50,0,100.0,100.0,0.0
2025-11-01,SUP-021,Supplier 021,Germany,EMEA,PLT-01,Munich Center,Germany,EMEA,SMB,UK,1,1.0,51,47,4,92.16,0.0,1073.6
2025-11-01,SUP-021,Supplier 021,Germany,EMEA,PLT-04,Chennai Forge,India,APAC,Government,USA,1,1.0,67,63,4,94.03,0.0,428.72
2025-11-01,SUP-021,Supplier 021,Germany,EMEA,PLT-03,Tokyo Precision,Japan,APAC,SMB,Singapore,1,2.0,37,43,0,116.22,100.0,0.0
2025-11-01,SUP-021,Supplier 021,Germany,EMEA,PLT-02,Detroit Works,USA,NA,Enterprise,Japan,1,1.0,96,92,4,95.83,0.0,1899.4
2025-11-01,SUP-021,Supplier 021,Germany,EMEA,PLT-07,Seoul Tech,South Korea,APAC,SMB,Japan,1,1.0,126,126,0,100.0,100.0,0.0
2025-11-01,SUP-022,Supplier 022,USA,NA,PLT-08,Taipei Micro,Taiwan,APAC,SMB,Singapore,1,1.0,124,124,0,100.0,100.0,0.0
2025-11-01,SUP-022,Supplier 022,USA,NA,PLT-04,Chennai Forge,India,APAC,Enterprise,USA,1,2.0,138,155,0,112.32,100.0,0.0
2025-11-01,SUP-022,Supplier 022,USA,NA,PLT-07,Seoul Tech,South Korea,APAC,SMB,USA,1,1.0,67,67,0,100.0,100.0,0.0
2025-11-01,SUP-022,Supplier 022,USA,NA,PLT-05,Monterrey Plant,Mexico,LATAM,Government,USA,1,1.0,127,127,0,100.0,100.0,0.0
2025-11-01,SUP-023,Supplier 023,Japan,APAC,PLT-01,Munich Center,Germany,EMEA,Enterprise,Canada,1,1.0,48,34,14,70.83,0.0,3993.22
2025-11-01,SUP-023,Supplier 023,Japan,APAC,PLT-05,Monterrey Plant,Mexico,LATAM,Government,Singapore,1,1.0,28,28,0,100.0,100.0,0.0
2025-11-01,SUP-023,Supplier 023,Japan,APAC,PLT-05,Monterrey Plant,Mexico,LATAM,SMB,Canada,1,1.0,126,126,0,100.0,100.0,0.0
2025-11-01,SUP-023,Supplier 023,Japan,APAC,PLT-08,Taipei Micro,Taiwan,APAC,SMB,Australia,1,1.0,82,82,0,100.0,100.0,0.0
2025-11-01,SUP-023,Supplier 023,Japan,APAC,PLT-06,Sao Paulo Ops,Brazil,LATAM,Enterprise,Germany,1,1.0,236,236,0,100.0,100.0,0.0
2025-11-01,SUP-023,Supplier 023,Japan,APAC,PLT-00,Shanghai Hub,China,APAC,SMB,France,1,1.0,131,113,18,86.26,0.0,2843.46
2025-11-01,SUP-023,Supplier 023,Japan,APAC,PLT-07,Seoul Tech,South Korea,APAC,SMB,Canada,1,2.0,5,6,0,120.0,100.0,0.0
2025-11-01,SUP-024,Supplier 024,India,APAC,PLT-08,Taipei Micro,Taiwan,APAC,Enterprise,Canada,1,1.0,76,76,0,100.0,100.0,0.0
2025-11-01,SUP-024,Supplier 024,India,APAC,PLT-08,Taipei Micro,Taiwan,APAC,SMB,France,1,2.0,96,118,0,122.92,100.0,0.0
2025-11-01,SUP-024,Supplier 024,India,APAC,PLT-07,Seoul Tech,South Korea,APAC,SMB,Singapore,1,1.0,166,102,64,61.45,0.0,24224.0
2025-11-01,SUP-024,Supplier 024,India,APAC,PLT-02,Detroit Works,USA,NA,SMB,Australia,1,1.0,65,65,0,100.0,100.0,0.0
2025-11-01,SUP-024,Supplier 024,India,APAC,PLT-01,Munich Center,Germany,EMEA,Enterprise,Japan,1,2.0,148,178,0,120.27,100.0,0.0
2025-11-01,SUP-024,Supplier 024,India,APAC,PLT-02,Detroit Works,USA,NA,Enterprise,France,1,1.0,11,11,0,100.0,100.0,0.0
2025-11-01,SUP-024,Supplier 024,India,APAC,PLT-00,Shanghai Hub,China,APAC,SMB,USA,1,1.0,36,36,0,100.0,100.0,0.0
2025-11-01,SUP-024,Supplier 024,India,APAC,PLT-06,Sao Paulo Ops,Brazil,LATAM,Government,France,1,1.0,1,1,0,100.0,100.0,0.0
2025-11-01,SUP-025,Supplier 025,Mexico,LATAM,PLT-06,Sao Paulo Ops,Brazil,LATAM,SMB,Singapore,1,1.0,32,18,14,56.25,0.0,3626.14
2025-11-01,SUP-025,Supplier 025,Mexico,LATAM,PLT-00,Shanghai Hub,China,APAC,SMB,France,1,2.0,139,95,44,68.35,0.0,3323.32
2025-11-01,SUP-025,Supplier 025,Mexico,LATAM,PLT-08,Taipei Micro,Taiwan,APAC,Enterprise,France,1,1.0,150,103,47,68.67,0.0,3646.73
2025-11-01,SUP-025,Supplier 025,Mexico,LATAM,PLT-09,Hanoi Assembly,Vietnam,APAC,SMB,USA,1,1.0,53,53,0,100.0,100.0,0.0
2025-11-01,SUP-025,Supplier 025,Mexico,LATAM,PLT-08,Taipei Micro,Taiwan,APAC,SMB,Australia,1,1.0,45,45,0,100.0,100.0,0.0
2025-11-01,SUP-025,Supplier 025,Mexico,LATAM,PLT-02,Detroit Works,USA,NA,Enterprise,USA,1,1.0,77,77,0,100.0,100.0,0.0
2025-11-01,SUP-025,Supplier 025,Mexico,LATAM,PLT-04,Chennai Forge,India,APAC,Government,Canada,1,1.0,92,72,20,78.26,0.0,656.4
2025-11-01,SUP-026,Supplier 026,Brazil,LATAM,PLT-09,Hanoi Assembly,Vietnam,APAC,Government,UK,1,1.0,11,11,0,100.0,100.0,0.0
2025-11-01,SUP-026,Supplier 026,Brazil,LATAM,PLT-02,Detroit Works,USA,NA,SMB,UK,1,1.0,76,76,0,100.0,100.0,0.0
2025-11-01,SUP-026,Supplier 026,Brazil,LATAM,PLT-07,Seoul Tech,South Korea,APAC,Enterprise,USA,1,1.0,120,111,9,92.5,0.0,1919.52
2025-11-01,SUP-026,Supplier 026,Brazil,LATAM,PLT-08,Taipei Micro,Taiwan,APAC,SMB,Singapore,1,1.0,103,91,12,88.35,0.0,187.2
2025-11-01,SUP-026,Supplier 026,Brazil,LATAM,PLT-05,Monterrey Plant,Mexico,LATAM,Government,UK,1,1.0,102,56,46,54.9,0.0,8050.46
2025-11-01,SUP-027,Supplier 027,South Korea,APAC,PLT-08,Taipei Micro,Taiwan,APAC,SMB,Germany,1,1.0,63,63,0,100.0,100.0,0.0
2025-11-01,SUP-027,Supplier 027,South Korea,APAC,PLT-06,Sao Paulo Ops,Brazil,LATAM,SMB,Singapore,1,1.0,1,1,0,100.0,100.0,0.0
2025-11-01,SUP-027,Supplier 027,South Korea,APAC,PLT-01,Munich Center,Germany,EMEA,SMB,Singapore,1,1.0,28,28,0,100.0,100.0,0.0
2025-11-01,SUP-027,Supplier 027,South Korea,APAC,PLT-00,Shanghai Hub,China,APAC,Enterprise,UK,1,1.0,88,88,0,100.0,100.0,0.0
2025-11-01,SUP-027,Supplier 027,South Korea,APAC,PLT-08,Taipei Micro,Taiwan,APAC,Enterprise,USA,1,1.0,45,45,0,100.0,100.0,0.0
2025-11-01,SUP-027,Supplier 027,South Korea,APAC,PLT-00,Shanghai Hub,China,APAC,Government,Germany,1,1.0,19,10,9,52.63,0.0,2734.11
2025-11-01,SUP-028,Supplier 028,Taiwan,APAC,PLT-06,Sao Paulo Ops,Brazil,LATAM,SMB,Canada,1,2.0,55,65,0,118.18,100.0,0.0
2025-11-01,SUP-028,Supplier 028,Taiwan,APAC,PLT-00,Shanghai Hub,China,APAC,Government,Australia,1,1.0,12,11,1,91.67,0.0,339.77
2025-11-01,SUP-028,Supplier 028,Taiwan,APAC,PLT-02,Detroit Works,USA,NA,SMB,Germany,1,1.0,30,30,0,100.0,100.0,0.0
2025-11-01,SUP-028,Supplier 028,Taiwan,APAC,PLT-07,Seoul Tech,South Korea,APAC,SMB,Singapore,1,1.0,23,23,0,100.0,100.0,0.0
2025-11-01,SUP-028,Supplier 028,Taiwan,APAC,PLT-08,Taipei Micro,Taiwan,APAC,Enterprise,UK,1,1.0,171,171,0,100.0,100.0,0.0
2025-11-01,SUP-028,Supplier 028,Taiwan,APAC,PLT-08,Taipei Micro,Taiwan,APAC,Enterprise,Singapore,1,1.0,12,12,0,100.0,100.0,0.0
2025-11-01,SUP-028,Supplier 028,Taiwan,APAC,PLT-04,Chennai Forge,India,APAC,SMB,Singapore,1,1.0,14,14,0,100.0,100.0,0.0
2025-11-01,SUP-029,Supplier 029,Vietnam,APAC,PLT-02,Detroit Works,USA,NA,SMB,Australia,1,1.0,261,255,6,97.7,0.0,2732.1
2025-11-01,SUP-029,Supplier 029,Vietnam,APAC,PLT-00,Shanghai Hub,China,APAC,Enterprise,Japan,1,2.0,89,106,0,119.1,100.0,0.0
2025-11-01,SUP-029,Supplier 029,Vietnam,APAC,PLT-09,Hanoi Assembly,Vietnam,APAC,Enterprise,USA,1,1.0,18,18,0,100.0,100.0,0.0
2025-11-01,SUP-029,Supplier 029,Vietnam,APAC,PLT-06,Sao Paulo Ops,Brazil,LATAM,SMB,UK,1,1.0,192,192,0,100.0,100.0,0.0
2025-11-01,SUP-029,Supplier 029,Vietnam,APAC,PLT-04,Chennai Forge,India,APAC,Government,UK,1,1.0,177,148,29,83.62,0.0,8550.07
2025-11-01,SUP-029,Supplier 029,Vietnam,APAC,PLT-09,Hanoi Assembly,Vietnam,APAC,SMB,Singapore,1,1.0,45,45,0,100.0,100.0,0.0
2025-11-01,SUP-029,Supplier 029,Vietnam,APAC,PLT-00,Shanghai Hub,China,APAC,SMB,UK,1,1.0,19,19,0,100.0,100.0,0.0
2025-11-01,SUP-029,Supplier 029,Vietnam,APAC,PLT-02,Detroit Works,USA,NA,Enterprise,Canada,1,1.0,135,118,17,87.41,0.0,7910.27
2025-11-01,SUP-029,Supplier 029,Vietnam,APAC,PLT-05,Monterrey Plant,Mexico,LATAM,SMB,France,1,1.0,11,11,0,100.0,100.0,0.0
2025-11-01,SUP-030,Supplier 030,China,APAC,PLT-00,Shanghai Hub,China,APAC,Government,Germany,1,1.0,132,94,38,71.21,0.0,8951.28
2025-11-01,SUP-030,Supplier 030,China,APAC,PLT-03,Tokyo Precision,Japan,APAC,Enterprise,Germany,1,2.0,21,22,0,104.76,100.0,0.0
2025-11-01,SUP-030,Supplier 030,China,APAC,PLT-04,Chennai Forge,India,APAC,SMB,Germany,1,1.0,22,22,0,100.0,100.0,0.0
2025-11-01,SUP-030,Supplier 030,China,APAC,PLT-07,Seoul Tech,South Korea,APAC,SMB,UK,1,1.0,255,255,0,100.0,100.0,0.0
2025-11-01,SUP-030,Supplier 030,China,APAC,PLT-05,Monterrey Plant,Mexico,LATAM,SMB,Australia,1,1.0,91,91,0,100.0,100.0,0.0
2025-11-01,SUP-030,Supplier 030,China,APAC,PLT-06,Sao Paulo Ops,Brazil,LATAM,SMB,France,1,1.0,25,23,2,92.0,0.0,314.88
2025-11-01,SUP-030,Supplier 030,China,APAC,PLT-08,Taipei Micro,Taiwan,APAC,SMB,Singapore,1,1.0,89,89,0,100.0,100.0,0.0
2025-11-01,SUP-030,Supplier 030,China,APAC,PLT-08,Taipei Micro,Taiwan,APAC,SMB,Japan,1,1.0,64,64,0,100.0,100.0,0.0
2025-11-01,SUP-031,Supplier 031,Germany,EMEA,PLT-08,Taipei Micro,Taiwan,APAC,SMB,Canada,1,2.0,64,75,0,117.19,100.0,0.0
2025-11-01,SUP-031,Supplier 031,Germany,EMEA,PLT-01,Munich Center,Germany,EMEA,SMB,Singapore,1,1.0,9,9,0,100.0,100.0,0.0
2025-11-01,SUP-031,Supplier 031,Germany,EMEA,PLT-02,Detroit Works,USA,NA,SMB,Canada,1,1.0,57,31,26,54.39,0.0,7693.66
2025-11-01,SUP-031,Supplier 031,Germany,EMEA,PLT-00,Shanghai Hub,China,APAC,Enterprise,Canada,1,1.0,114,114,0,100.0,100.0,0.0
2025-11-01,SUP-031,Supplier 031,Germany,EMEA,PLT-02,Detroit Works,USA,NA,SMB,Singapore,1,1.0,66,66,0,100.0,100.0,0.0
2025-11-01,SUP-031,Supplier 031,Germany,EMEA,PLT-04,Chennai Forge,India,APAC,SMB,Japan,1,1.0,28,28,0,100.0,100.0,0.0
2025-11-01,SUP-031,Supplier 031,Germany,EMEA,PLT-04,Chennai Forge,India,APAC,Government,USA,1,1.0,4,3,1,75.0,0.0,165.82
2025-11-01,SUP-031,Supplier 031,Germany,EMEA,PLT-05,Monterrey Plant,Mexico,LATAM,Government,Singapore,1,1.0,175,173,2,98.86,0.0,205.8
2025-11-01,SUP-031,Supplier 031,Germany,EMEA,PLT-01,Munich Center,Germany,EMEA,SMB,USA,1,1.0,157,157,0,100.0,100.0,0.0
2025-11-01,SUP-031,Supplier 031,Germany,EMEA,PLT-09,Hanoi Assembly,Vietnam,APAC,SMB,Australia,1,1.0,16,15,1,93.75,0.0,486.06
2025-11-01,SUP-031,Supplier 031,Germany,EMEA,PLT-03,Tokyo Precision,Japan,APAC,Enterprise,USA,1,1.0,23,23,0,100.0,100.0,0.0
2025-11-01,SUP-032,Supplier 032,USA,NA,PLT-02,Detroit Works,USA,NA,Government,Japan,1,1.0,40,40,0,100.0,100.0,0.0
2025-11-01,SUP-032,Supplier 032,USA,NA,PLT-00,Shanghai Hub,China,APAC,Enterprise,USA,1,1.0,37,37,0,100.0,100.0,0.0
2025-11-01,SUP-032,Supplier 032,USA,NA,PLT-07,Seoul Tech,South Korea,APAC,Government,USA,1,1.0,40,40,0,100.0,100.0,0.0
2025-11-01,SUP-032,Supplier 032,USA,NA,PLT-00,Shanghai Hub,China,APAC,Government,Japan,1,1.0,27,27,0,100.0,100.0,0.0
2025-11-01,SUP-032,Supplier 032,USA,NA,PLT-05,Monterrey Plant,Mexico,LATAM,SMB,Japan,1,2.0,30,33,0,110.0,100.0,0.0
2025-11-01,SUP-032,Supplier 032,USA,NA,PLT-02,Detroit Works,USA,NA,Enterprise,Canada,1,2.0,261,290,0,111.11,100.0,0.0
2025-11-01,SUP-032,Supplier 032,USA,NA,PLT-02,Detroit Works,USA,NA,SMB,Germany,1,1.0,173,170,3,98.27,0.0,1469.13
2025-11-01,SUP-032,Supplier 032,USA,NA,PLT-07,Seoul Tech,South Korea,APAC,Government,France,1,1.0,12,11,1,91.67,0.0,495.86
2025-11-01,SUP-032,Supplier 032,USA,NA,PLT-04,Chennai Forge,India,APAC,SMB,UK,1,1.0,184,184,0,100.0,100.0,0.0
2025-11-01,SUP-032,Supplier 032,USA,NA,PLT-04,Chennai Forge,India,APAC,Enterprise,Canada,1,2.0,27,34,0,125.93,100.0,0.0
2025-11-01,SUP-032,Supplier 032,USA,NA,PLT-02,Detroit Works,USA,NA,SMB,Singapore,1,2.0,72,91,0,126.39,100.0,0.0
2025-11-01,SUP-032,Supplier 032,USA,NA,PLT-06,Sao Paulo Ops,Brazil,LATAM,Enterprise,Germany,1,2.0,36,42,0,116.67,100.0,0.0
2025-11-01,SUP-033,Supplier 033,Japan,APAC,PLT-07,Seoul Tech,South Korea,APAC,Enterprise,USA,1,1.0,25,25,0,100.0,100.0,0.0
2025-11-01,SUP-033,Supplier 033,Japan,APAC,PLT-06,Sao Paulo Ops,Brazil,LATAM,Enterprise,USA,1,1.0,120,117,3,97.5,0.0,1447.02
2025-11-01,SUP-033,Supplier 033,Japan,APAC,PLT-00,Shanghai Hub,China,APAC,Government,Singapore,1,1.0,21,21,0,100.0,100.0,0.0
2025-11-01,SUP-033,Supplier 033,Japan,APAC,PLT-08,Taipei Micro,Taiwan,APAC,Enterprise,Canada,1,1.0,54,54,0,100.0,100.0,0.0
2025-11-01,SUP-033,Supplier 033,Japan,APAC,PLT-00,Shanghai Hub,China,APAC,Government,USA,1,1.0,160,120,40,75.0,0.0,6645.2
2025-11-01,SUP-033,Supplier 033,Japan,APAC,PLT-00,Shanghai Hub,China,APAC,SMB,Australia,1,1.0,15,15,0,100.0,100.0,0.0
2025-11-01,SUP-033,Supplier 033,Japan,APAC,PLT-09,Hanoi Assembly,Vietnam,APAC,SMB,UK,1,1.0,38,38,0,100.0,100.0,0.0
2025-11-01,SUP-033,Supplier 033,Japan,APAC,PLT-07,Seoul Tech,South Korea,APAC,Enterprise,UK,1,2.0,24,28,0,116.67,100.0,0.0
2025-11-01,SUP-033,Supplier 033,Japan,APAC,PLT-05,Monterrey Plant,Mexico,LATAM,Enterprise,Singapore,1,1.0,107,107,0,100.0,100.0,0.0
2025-11-01,SUP-033,Supplier 033,Japan,APAC,PLT-04,Chennai Forge,India,APAC,SMB,Singapore,1,1.0,123,123,0,100.0,100.0,0.0
2025-11-01,SUP-034,Supplier 034,India,APAC,PLT-04,Chennai Forge,India,APAC,SMB,Singapore,1,1.0,8,8,0,100.0,100.0,0.0
2025-11-01,SUP-034,Supplier 034,India,APAC,PLT-04,Chennai Forge,India,APAC,SMB,USA,1,1.0,98,98,0,100.0,100.0,0.0
2025-11-01,SUP-034,Supplier 034,India,APAC,PLT-02,Detroit Works,USA,NA,SMB,UK,1,1.0,62,62,0,100.0,100.0,0.0
2025-11-01,SUP-034,Supplier 034,India,APAC,PLT-08,Taipei Micro,Taiwan,APAC,SMB,Singapore,1,1.0,31,31,0,100.0,100.0,0.0
2025-11-01,SUP-034,Supplier 034,India,APAC,PLT-03,Tokyo Precision,Japan,APAC,Government,USA,1,1.0,39,39,0,100.0,100.0,0.0
2025-11-01,SUP-034,Supplier 034,India,APAC,PLT-01,Munich Center,Germany,EMEA,SMB,France,1,1.0,72,72,0,100.0,100.0,0.0
2025-11-01,SUP-034,Supplier 034,India,APAC,PLT-00,Shanghai Hub,China,APAC,Government,USA,1,1.0,90,70,20,77.78,0.0,6021.6
2025-11-01,SUP-034,Supplier 034,India,APAC,PLT-07,Seoul Tech,South Korea,APAC,Government,Japan,1,2.0,96,110,0,114.58,100.0,0.0
2025-11-01,SUP-034,Supplier 034,India,APAC,PLT-00,Shanghai Hub,China,APAC,Enterprise,Germany,1,1.0,56,48,8,85.71,0.0,915.84
2025-11-01,SUP-034,Supplier 034,India,APAC,PLT-06,Sao Paulo Ops,Brazil,LATAM,Government,France,2,2.0,46,46,0,100.0,100.0,0.0
2025-11-01,SUP-034,Supplier 034,India,APAC,PLT-02,Detroit Works,USA,NA,Government,UK,1,1.0,16,16,0,100.0,100.0,0.0
2025-11-01,SUP-035,Supplier 035,Mexico,LATAM,PLT-03,Tokyo Precision,Japan,APAC,SMB,Singapore,1,2.0,53,63,0,118.87,100.0,0.0
2025-11-01,SUP-035,Supplier 035,Mexico,LATAM,PLT-06,Sao Paulo Ops,Brazil,LATAM,Enterprise,USA,1,1.0,124,101,23,81.45,0.0,7578.73
2025-11-01,SUP-035,Supplier 035,Mexico,LATAM,PLT-06,Sao Paulo Ops,Brazil,LATAM,SMB,Canada,1,2.0,62,77,0,124.19,100.0,0.0
2025-11-01,SUP-035,Supplier 035,Mexico,LATAM,PLT-00,Shanghai Hub,China,APAC,SMB,Canada,1,1.0,129,129,0,100.0,100.0,0.0
2025-11-01,SUP-035,Supplier 035,Mexico,LATAM,PLT-04,Chennai Forge,India,APAC,Government,Japan,1,1.0,2,1,1,50.0,0.0,44.89
2025-11-01,SUP-035,Supplier 035,Mexico,LATAM,PLT-02,Detroit Works,USA,NA,Government,Singapore,1,1.0,29,29,0,100.0,100.0,0.0
2025-11-01,SUP-035,Supplier 035,Mexico,LATAM,PLT-04,Chennai Forge,India,APAC,Enterprise,Canada,1,1.0,31,31,0,100.0,100.0,0.0
2025-11-01,SUP-035,Supplier 035,Mexico,LATAM,PLT-03,Tokyo Precision,Japan,APAC,SMB,Germany,1,1.0,173,173,0,100.0,100.0,0.0
2025-11-01,SUP-035,Supplier 035,Mexico,LATAM,PLT-00,Shanghai Hub,China,APAC,SMB,USA,1,1.0,9,9,0,100.0,100.0,0.0
2025-11-01,SUP-036,Supplier 036,Brazil,LATAM,PLT-04,Chennai Forge,India,APAC,Enterprise,USA,1,1.0,6,6,0,100.0,100.0,0.0
2025-11-01,SUP-036,Supplier 036,Brazil,LATAM,PLT-07,Seoul Tech,South Korea,APAC,Government,Germany,1,1.0,178,178,0,100.0,100.0,0.0
2025-11-01,SUP-036,Supplier 036,Brazil,LATAM,PLT-04,Chennai Forge,India,APAC,Government,UK,1,1.0,36,34,2,94.44,0.0,742.48
2025-11-01,SUP-036,Supplier 036,Brazil,LATAM,PLT-02,Detroit Works,USA,NA,Enterprise,Singapore,1,2.0,73,53,20,72.6,0.0,8157.8
2025-11-01,SUP-036,Supplier 036,Brazil,LATAM,PLT-01,Munich Center,Germany,EMEA,SMB,France,1,1.0,196,196,0,100.0,100.0,0.0
2025-11-01,SUP-037,Supplier 037,South Korea,APAC,PLT-00,Shanghai Hub,China,APAC,SMB,Japan,1,2.0,1,2,0,200.0,100.0,0.0
2025-11-01,SUP-037,Supplier 037,South Korea,APAC,PLT-07,Seoul Tech,South Korea,APAC,Enterprise,Japan,1,2.0,185,239,0,129.19,100.0,0.0
2025-11-01,SUP-037,Supplier 037,South Korea,APAC,PLT-06,Sao Paulo Ops,Brazil,LATAM,Enterprise,Germany,1,1.0,4,4,0,100.0,100.0,0.0
2025-11-01,SUP-037,Supplier 037,South Korea,APAC,PLT-02,Detroit Works,USA,NA,Government,Germany,1,2.0,43,55,0,127.91,100.0,0.0
2025-11-01,SUP-038,Supplier 038,Taiwan,APAC,PLT-03,Tokyo Precision,Japan,APAC,Enterprise,USA,1,1.0,29,23,6,79.31,0.0,612.36
2025-11-01,SUP-038,Supplier 038,Taiwan,APAC,PLT-00,Shanghai Hub,China,APAC,Government,USA,1,1.0,23,23,0,100.0,100.0,0.0
2025-11-01,SUP-038,Supplier 038,Taiwan,APAC,PLT-02,Detroit Works,USA,NA,SMB,Japan,1,1.0,53,53,0,100.0,100.0,0.0
2025-11-01,SUP-038,Supplier 038,Taiwan,APAC,PLT-04,Chennai Forge,India,APAC,SMB,Australia,1,1.0,49,49,0,100.0,100.0,0.0
2025-11-01,SUP-038,Supplier 038,Taiwan,APAC,PLT-02,Detroit Works,USA,NA,SMB,Singapore,1,1.0,37,29,8,78.38,0.0,2484.08
2025-11-01,SUP-038,Supplier 038,Taiwan,APAC,PLT-03,Tokyo Precision,Japan,APAC,Enterprise,Japan,1,1.0,28,28,0,100.0,100.0,0.0
2025-11-01,SUP-038,Supplier 038,Taiwan,APAC,PLT-07,Seoul Tech,South Korea,APAC,SMB,Australia,1,2.0,3,4,0,133.33,100.0,0.0
2025-11-01,SUP-039,Supplier 039,Vietnam,APAC,PLT-07,Seoul Tech,South Korea,APAC,Enterprise,Japan,1,2.0,12,15,0,125.0,100.0,0.0
2025-11-01,SUP-039,Supplier 039,Vietnam,APAC,PLT-09,Hanoi Assembly,Vietnam,APAC,Government,Australia,1,1.0,27,27,0,100.0,100.0,0.0
2025-11-01,SUP-039,Supplier 039,Vietnam,APAC,PLT-01,Munich Center,Germany,EMEA,SMB,Canada,1,1.0,6,6,0,100.0,100.0,0.0
2025-11-01,SUP-039,Supplier 039,Vietnam,APAC,PLT-02,Detroit Works,USA,NA,Government,Germany,1,1.0,32,32,0,100.0,100.0,0.0
2025-11-01,SUP-039,Supplier 039,Vietnam,APAC,PLT-09,Hanoi Assembly,Vietnam,APAC,Government,Germany,1,1.0,137,112,25,81.75,0.0,413.75
2025-11-01,SUP-039,Supplier 039,Vietnam,APAC,PLT-01,Munich Center,Germany,EMEA,Enterprise,Canada,1,1.0,267,225,42,84.27,0.0,4237.8
2025-11-01,SUP-039,Supplier 039,Vietnam,APAC,PLT-00,Shanghai Hub,China,APAC,Government,USA,1,1.0,18,18,0,100.0,100.0,0.0
2025-11-01,SUP-039,Supplier 039,Vietnam,APAC,PLT-03,Tokyo Precision,Japan,APAC,Enterprise,France,1,2.0,10,9,1,90.0,0.0,178.91
2025-11-01,SUP-039,Supplier 039,Vietnam,APAC,PLT-01,Munich Center,Germany,EMEA,Enterprise,Japan,1,1.0,38,27,11,71.05,0.0,3260.4
2025-11-01,SUP-039,Supplier 039,Vietnam,APAC,PLT-07,Seoul Tech,South Korea,APAC,SMB,Japan,1,1.0,43,43,0,100.0,100.0,0.0
2025-11-01,SUP-039,Supplier 039,Vietnam,APAC,PLT-06,Sao Paulo Ops,Brazil,LATAM,Government,Australia,1,1.0,115,115,0,100.0,100.0,0.0
2025-11-01,SUP-039,Supplier 039,Vietnam,APAC,PLT-09,Hanoi Assembly,Vietnam,APAC,Enterprise,USA,1,2.0,7,8,0,114.29,100.0,0.0
2025-11-01,SUP-040,Supplier 040,China,APAC,PLT-05,Monterrey Plant,Mexico,LATAM,SMB,Australia,1,1.0,29,29,0,100.0,100.0,0.0
2025-11-01,SUP-040,Supplier 040,China,APAC,PLT-02,Detroit Works,USA,NA,Government,USA,1,2.0,15,19,0,126.67,100.0,0.0
2025-11-01,SUP-040,Supplier 040,China,APAC,PLT-06,Sao Paulo Ops,Brazil,LATAM,Enterprise,Germany,1,1.0,101,101,0,100.0,100.0,0.0
2025-11-01,SUP-040,Supplier 040,China,APAC,PLT-02,Detroit Works,USA,NA,Enterprise,France,1,1.0,55,55,0,100.0,100.0,0.0
2025-11-01,SUP-040,Supplier 040,China,APAC,PLT-02,Detroit Works,USA,NA,SMB,Singapore,1,1.0,49,48,1,97.96,0.0,225.64
2025-11-01,SUP-040,Supplier 040,China,APAC,PLT-03,Tokyo Precision,Japan,APAC,Government,Germany,1,1.0,78,78,0,100.0,100.0,0.0
2025-11-01,SUP-041,Supplier 041,Germany,EMEA,PLT-09,Hanoi Assembly,Vietnam,APAC,SMB,France,1,1.0,202,202,0,100.0,100.0,0.0
2025-11-01,SUP-041,Supplier 041,Germany,EMEA,PLT-07,Seoul Tech,South Korea,APAC,SMB,Australia,1,1.0,162,151,11,93.21,0.0,224.62
2025-11-01,SUP-041,Supplier 041,Germany,EMEA,PLT-03,Tokyo Precision,Japan,APAC,SMB,Canada,1,2.0,277,351,0,126.71,100.0,0.0
2025-11-01,SUP-041,Supplier 041,Germany,EMEA,PLT-06,Sao Paulo Ops,Brazil,LATAM,Enterprise,Japan,1,1.0,82,61,21,74.39,0.0,3900.33
2025-11-01,SUP-041,Supplier 041,Germany,EMEA,PLT-04,Chennai Forge,India,APAC,SMB,Germany,1,1.0,74,74,0,100.0,100.0,0.0
2025-11-01,SUP-041,Supplier 041,Germany,EMEA,PLT-04,Chennai Forge,India,APAC,Enterprise,Australia,1,1.0,6,6,0,100.0,100.0,0.0
2025-11-01,SUP-041,Supplier 041,Germany,EMEA,PLT-07,Seoul Tech,South Korea,APAC,Enterprise,Japan,1,1.0,76,63,13,82.89,0.0,5214.3
2025-11-01,SUP-041,Supplier 041,Germany,EMEA,PLT-08,Taipei Micro,Taiwan,APAC,Enterprise,Japan,1,1.0,33,33,0,100.0,100.0,0.0
2025-11-01,SUP-042,Supplier 042,USA,NA,PLT-00,Shanghai Hub,China,APAC,SMB,Australia,1,1.0,119,119,0,100.0,100.0,0.0
2025-11-01,SUP-042,Supplier 042,USA,NA,PLT-09,Hanoi Assembly,Vietnam,APAC,SMB,France,1,1.0,40,40,0,100.0,100.0,0.0
2025-11-01,SUP-042,Supplier 042,USA,NA,PLT-05,Monterrey Plant,Mexico,LATAM,Enterprise,Japan,1,1.0,17,17,0,100.0,100.0,0.0
2025-11-01,SUP-042,Supplier 042,USA,NA,PLT-04,Chennai Forge,India,APAC,SMB,UK,1,1.0,3,3,0,100.0,100.0,0.0
2025-11-01,SUP-043,Supplier 043,Japan,APAC,PLT-07,Seoul Tech,South Korea,APAC,SMB,Singapore,1,1.0,59,41,18,69.49,0.0,4944.24
2025-11-01,SUP-043,Supplier 043,Japan,APAC,PLT-09,Hanoi Assembly,Vietnam,APAC,SMB,Canada,1,1.0,37,37,0,100.0,100.0,0.0
2025-11-01,SUP-043,Supplier 043,Japan,APAC,PLT-09,Hanoi Assembly,Vietnam,APAC,SMB,UK,1,1.0,32,32,0,100.0,100.0,0.0
2025-11-01,SUP-043,Supplier 043,Japan,APAC,PLT-05,Monterrey Plant,Mexico,LATAM,SMB,Singapore,1,1.0,166,143,23,86.14,0.0,6210.0
2025-11-01,SUP-044,Supplier 044,India,APAC,PLT-09,Hanoi Assembly,Vietnam,APAC,Enterprise,Australia,1,1.0,55,55,0,100.0,100.0,0.0
2025-11-01,SUP-044,Supplier 044,India,APAC,PLT-03,Tokyo Precision,Japan,APAC,SMB,UK,1,2.0,50,46,4,92.0,0.0,1015.4
2025-11-01,SUP-044,Supplier 044,India,APAC,PLT-05,Monterrey Plant,Mexico,LATAM,Government,USA,1,1.0,97,97,0,100.0,100.0,0.0
2025-11-01,SUP-044,Supplier 044,India,APAC,PLT-09,Hanoi Assembly,Vietnam,APAC,SMB,Singapore,1,1.0,58,58,0,100.0,100.0,0.0
2025-11-01,SUP-044,Supplier 044,India,APAC,PLT-08,Taipei Micro,Taiwan,APAC,SMB,Germany,1,1.0,137,137,0,100.0,100.0,0.0
2025-11-01,SUP-044,Supplier 044,India,APAC,PLT-04,Chennai Forge,India,APAC,SMB,Canada,1,1.0,1,1,0,100.0,100.0,0.0
2025-11-01,SUP-044,Supplier 044,India,APAC,PLT-03,Tokyo Precision,Japan,APAC,SMB,France,1,2.0,228,280,0,122.81,100.0,0.0
2025-11-01,SUP-045,Supplier 045,Mexico,LATAM,PLT-06,Sao Paulo Ops,Brazil,LATAM,SMB,USA,1,1.0,156,156,0,100.0,100.0,0.0
2025-11-01,SUP-045,Supplier 045,Mexico,LATAM,PLT-00,Shanghai Hub,China,APAC,Enterprise,Canada,1,1.0,29,29,0,100.0,100.0,0.0
2025-11-01,SUP-045,Supplier 045,Mexico,LATAM,PLT-06,Sao Paulo Ops,Brazil,LATAM,Government,Germany,1,1.0,19,17,2,89.47,0.0,396.06
2025-11-01,SUP-045,Supplier 045,Mexico,LATAM,PLT-07,Seoul Tech,South Korea,APAC,SMB,UK,1,1.0,163,163,0,100.0,100.0,0.0
2025-11-01,SUP-045,Supplier 045,Mexico,LATAM,PLT-05,Monterrey Plant,Mexico,LATAM,Government,Germany,1,1.0,24,19,5,79.17,0.0,1203.65
2025-11-01,SUP-045,Supplier 045,Mexico,LATAM,PLT-04,Chennai Forge,India,APAC,Enterprise,Canada,1,1.0,47,41,6,87.23,0.0,1795.14
2025-11-01,SUP-045,Supplier 045,Mexico,LATAM,PLT-02,Detroit Works,USA,NA,Enterprise,France,1,1.0,61,61,0,100.0,100.0,0.0
2025-11-01,SUP-045,Supplier 045,Mexico,LATAM,PLT-01,Munich Center,Germany,EMEA,Enterprise,France,1,1.0,78,78,0,100.0,100.0,0.0
2025-11-01,SUP-045,Supplier 045,Mexico,LATAM,PLT-03,Tokyo Precision,Japan,APAC,SMB,Canada,1,1.0,53,46,7,86.79,0.0,1570.38
2025-11-01,SUP-046,Supplier 046,Brazil,LATAM,PLT-08,Taipei Micro,Taiwan,APAC,SMB,Japan,1,2.0,146,150,0,102.74,100.0,0.0
2025-11-01,SUP-046,Supplier 046,Brazil,LATAM,PLT-09,Hanoi Assembly,Vietnam,APAC,SMB,Japan,1,1.0,23,23,0,100.0,100.0,0.0
2025-11-01,SUP-047,Supplier 047,South Korea,APAC,PLT-07,Seoul Tech,South Korea,APAC,Enterprise,Australia,1,1.0,121,121,0,100.0,100.0,0.0
2025-11-01,SUP-047,Supplier 047,South Korea,APAC,PLT-07,Seoul Tech,South Korea,APAC,SMB,Australia,1,1.0,70,70,0,100.0,100.0,0.0
2025-11-01,SUP-047,Supplier 047,South Korea,APAC,PLT-06,Sao Paulo Ops,Brazil,LATAM,Enterprise,Japan,1,1.0,131,125,6,95.42,0.0,1342.56
2025-11-01,SUP-047,Supplier 047,South Korea,APAC,PLT-09,Hanoi Assembly,Vietnam,APAC,Enterprise,Japan,1,2.0,19,19,0,100.0,100.0,0.0
2025-11-01,SUP-047,Supplier 047,South Korea,APAC,PLT-00,Shanghai Hub,China,APAC,SMB,Canada,1,1.0,93,76,17,81.72,0.0,8099.31
2025-11-01,SUP-048,Supplier 048,Taiwan,APAC,PLT-06,Sao Paulo Ops,Brazil,LATAM,SMB,Germany,1,2.0,10,12,0,120.0,100.0,0.0
2025-11-01,SUP-048,Supplier 048,Taiwan,APAC,PLT-03,Tokyo Precision,Japan,APAC,SMB,Japan,1,1.0,132,132,0,100.0,100.0,0.0
2025-11-01,SUP-049,Supplier 049,Vietnam,APAC,PLT-00,Shanghai Hub,China,APAC,Enterprise,USA,1,1.0,71,71,0,100.0,100.0,0.0
2025-11-01,SUP-049,Supplier 049,Vietnam,APAC,PLT-04,Chennai Forge,India,APAC,SMB,France,1,1.0,56,31,25,55.36,0.0,9730.5
2025-11-01,SUP-049,Supplier 049,Vietnam,APAC,PLT-04,Chennai Forge,India,APAC,SMB,Australia,1,1.0,215,191,24,88.84,0.0,7423.2
2025-11-01,SUP-049,Supplier 049,Vietnam,APAC,PLT-00,Shanghai Hub,China,APAC,Enterprise,Germany,1,1.0,10,9,1,90.0,0.0,277.04
2025-11-01,SUP-049,Supplier 049,Vietnam,APAC,PLT-04,Chennai Forge,India,APAC,Enterprise,Japan,1,1.0,63,63,0,100.0,100.0,0.0
2025-11-01,SUP-049,Supplier 049,Vietnam,APAC,PLT-06,Sao Paulo Ops,Brazil,LATAM,Government,UK,1,1.0,67,67,0,100.0,100.0,0.0
2025-12-01,SUP-000,Supplier 000,China,APAC,PLT-05,Monterrey Plant,Mexico,LATAM,Government,USA,1,1.0,100,100,0,100.0,100.0,0.0
2025-12-01,SUP-000,Supplier 000,China,APAC,PLT-04,Chennai Forge,India,APAC,Enterprise,Japan,1,1.0,79,75,4,94.94,0.0,1466.48
2025-12-01,SUP-000,Supplier 000,China,APAC,PLT-01,Munich Center,Germany,EMEA,Enterprise,Canada,1,1.0,85,85,0,100.0,100.0,0.0
2025-12-01,SUP-000,Supplier 000,China,APAC,PLT-02,Detroit Works,USA,NA,SMB,Australia,1,1.0,88,88,0,100.0,100.0,0.0
2025-12-01,SUP-000,Supplier 000,China,APAC,PLT-08,Taipei Micro,Taiwan,APAC,Government,USA,1,1.0,62,62,0,100.0,100.0,0.0
2025-12-01,SUP-000,Supplier 000,China,APAC,PLT-07,Seoul Tech,South Korea,APAC,Enterprise,Germany,1,1.0,182,182,0,100.0,100.0,0.0
2025-12-01,SUP-000,Supplier 000,China,APAC,PLT-09,Hanoi Assembly,Vietnam,APAC,Government,Canada,1,1.0,169,152,17,89.94,0.0,6647.68
2025-12-01,SUP-000,Supplier 000,China,APAC,PLT-01,Munich Center,Germany,EMEA,SMB,Singapore,1,1.0,116,116,0,100.0,100.0,0.0
2025-12-01,SUP-001,Supplier 001,Germany,EMEA,PLT-02,Detroit Works,USA,NA,Government,Australia,1,2.0,87,101,0,116.09,100.0,0.0
2025-12-01,SUP-001,Supplier 001,Germany,EMEA,PLT-06,Sao Paulo Ops,Brazil,LATAM,SMB,Germany,1,1.0,39,33,6,84.62,0.0,1293.9
2025-12-01,SUP-001,Supplier 001,Germany,EMEA,PLT-09,Hanoi Assembly,Vietnam,APAC,Government,Singapore,1,1.0,12,12,0,100.0,100.0,0.0
2025-12-01,SUP-001,Supplier 001,Germany,EMEA,PLT-02,Detroit Works,USA,NA,SMB,Canada,1,1.0,8,8,0,100.0,100.0,0.0
2025-12-01,SUP-001,Supplier 001,Germany,EMEA,PLT-00,Shanghai Hub,China,APAC,SMB,USA,1,1.0,24,24,0,100.0,100.0,0.0
2025-12-01,SUP-001,Supplier 001,Germany,EMEA,PLT-01,Munich Center,Germany,EMEA,Government,Japan,1,1.0,60,50,10,83.33,0.0,351.7
2025-12-01,SUP-001,Supplier 001,Germany,EMEA,PLT-07,Seoul Tech,South Korea,APAC,Government,France,1,1.0,177,177,0,100.0,100.0,0.0
2025-12-01,SUP-002,Supplier 002,USA,NA,PLT-04,Chennai Forge,India,APAC,Government,Germany,1,1.0,78,78,0,100.0,100.0,0.0
2025-12-01,SUP-002,Supplier 002,USA,NA,PLT-09,Hanoi Assembly,Vietnam,APAC,SMB,Germany,1,1.0,137,137,0,100.0,100.0,0.0
2025-12-01,SUP-002,Supplier 002,USA,NA,PLT-01,Munich Center,Germany,EMEA,Enterprise,Germany,1,1.0,28,22,6,78.57,0.0,262.62
2025-12-01,SUP-003,Supplier 003,Japan,APAC,PLT-07,Seoul Tech,South Korea,APAC,Government,Canada,1,1.0,104,104,0,100.0,100.0,0.0
2025-12-01,SUP-003,Supplier 003,Japan,APAC,PLT-06,Sao Paulo Ops,Brazil,LATAM,Government,Singapore,1,1.0,54,49,5,90.74,0.0,791.2
2025-12-01,SUP-003,Supplier 003,Japan,APAC,PLT-06,Sao Paulo Ops,Brazil,LATAM,Government,Germany,1,1.0,47,47,0,100.0,100.0,0.0
2025-12-01,SUP-004,Supplier 004,India,APAC,PLT-04,Chennai Forge,India,APAC,Government,USA,1,1.0,48,48,0,100.0,100.0,0.0
2025-12-01,SUP-004,Supplier 004,India,APAC,PLT-08,Taipei Micro,Taiwan,APAC,Enterprise,Japan,1,1.0,95,95,0,100.0,100.0,0.0
2025-12-01,SUP-004,Supplier 004,India,APAC,PLT-04,Chennai Forge,India,APAC,SMB,Australia,1,1.0,97,97,0,100.0,100.0,0.0
2025-12-01,SUP-004,Supplier 004,India,APAC,PLT-05,Monterrey Plant,Mexico,LATAM,Enterprise,Canada,1,1.0,37,37,0,100.0,100.0,0.0
2025-12-01,SUP-004,Supplier 004,India,APAC,PLT-08,Taipei Micro,Taiwan,APAC,SMB,Australia,1,1.0,27,27,0,100.0,100.0,0.0
2025-12-01,SUP-004,Supplier 004,India,APAC,PLT-05,Monterrey Plant,Mexico,LATAM,SMB,USA,1,1.0,73,73,0,100.0,100.0,0.0
2025-12-01,SUP-005,Supplier 005,Mexico,LATAM,PLT-04,Chennai Forge,India,APAC,Government,UK,1,1.0,129,111,18,86.05,0.0,7094.88
2025-12-01,SUP-005,Supplier 005,Mexico,LATAM,PLT-01,Munich Center,Germany,EMEA,SMB,France,1,1.0,120,120,0,100.0,100.0,0.0
2025-12-01,SUP-005,Supplier 005,Mexico,LATAM,PLT-05,Monterrey Plant,Mexico,LATAM,Enterprise,Germany,1,1.0,107,107,0,100.0,100.0,0.0
2025-12-01,SUP-005,Supplier 005,Mexico,LATAM,PLT-03,Tokyo Precision,Japan,APAC,SMB,France,1,1.0,22,12,10,54.55,0.0,3147.5
2025-12-01,SUP-005,Supplier 005,Mexico,LATAM,PLT-04,Chennai Forge,India,APAC,Enterprise,USA,1,2.0,81,98,0,120.99,100.0,0.0
2025-12-01,SUP-005,Supplier 005,Mexico,LATAM,PLT-06,Sao Paulo Ops,Brazil,LATAM,SMB,Australia,1,1.0,87,75,12,86.21,0.0,3831.0
2025-12-01,SUP-005,Supplier 005,Mexico,LATAM,PLT-02,Detroit Works,USA,NA,SMB,USA,1,2.0,90,116,0,128.89,100.0,0.0
2025-12-01,SUP-005,Supplier 005,Mexico,LATAM,PLT-05,Monterrey Plant,Mexico,LATAM,Government,Australia,1,2.0,30,35,0,116.67,100.0,0.0
2025-12-01,SUP-005,Supplier 005,Mexico,LATAM,PLT-02,Detroit Works,USA,NA,Enterprise,Canada,1,1.0,105,105,0,100.0,100.0,0.0
2025-12-01,SUP-005,Supplier 005,Mexico,LATAM,PLT-06,Sao Paulo Ops,Brazil,LATAM,SMB,UK,1,1.0,73,73,0,100.0,100.0,0.0
2025-12-01,SUP-005,Supplier 005,Mexico,LATAM,PLT-03,Tokyo Precision,Japan,APAC,Enterprise,Australia,1,1.0,105,105,0,100.0,100.0,0.0
2025-12-01,SUP-005,Supplier 005,Mexico,LATAM,PLT-00,Shanghai Hub,China,APAC,Enterprise,Canada,1,1.0,57,57,0,100.0,100.0,0.0
2025-12-01,SUP-006,Supplier 006,Brazil,LATAM,PLT-06,Sao Paulo Ops,Brazil,LATAM,SMB,Germany,1,2.0,10,12,0,120.0,100.0,0.0
2025-12-01,SUP-006,Supplier 006,Brazil,LATAM,PLT-05,Monterrey Plant,Mexico,LATAM,SMB,Singapore,1,1.0,59,59,0,100.0,100.0,0.0
2025-12-01,SUP-006,Supplier 006,Brazil,LATAM,PLT-03,Tokyo Precision,Japan,APAC,SMB,France,1,1.0,112,67,45,59.82,0.0,21429.45
2025-12-01,SUP-006,Supplier 006,Brazil,LATAM,PLT-04,Chennai Forge,India,APAC,SMB,UK,1,1.0,41,41,0,100.0,100.0,0.0
2025-12-01,SUP-007,Supplier 007,South Korea,APAC,PLT-03,Tokyo Precision,Japan,APAC,SMB,Japan,1,2.0,50,59,0,118.0,100.0,0.0
2025-12-01,SUP-007,Supplier 007,South Korea,APAC,PLT-06,Sao Paulo Ops,Brazil,LATAM,Government,Singapore,1,1.0,123,123,0,100.0,100.0,0.0
2025-12-01,SUP-007,Supplier 007,South Korea,APAC,PLT-04,Chennai Forge,India,APAC,Government,Germany,1,1.0,49,49,0,100.0,100.0,0.0
2025-12-01,SUP-007,Supplier 007,South Korea,APAC,PLT-01,Munich Center,Germany,EMEA,Enterprise,Canada,1,1.0,74,63,11,85.14,0.0,3697.21
2025-12-01,SUP-007,Supplier 007,South Korea,APAC,PLT-04,Chennai Forge,India,APAC,Enterprise,Japan,1,2.0,11,13,0,118.18,100.0,0.0
2025-12-01,SUP-007,Supplier 007,South Korea,APAC,PLT-06,Sao Paulo Ops,Brazil,LATAM,Enterprise,Canada,1,1.0,106,106,0,100.0,100.0,0.0
2025-12-01,SUP-008,Supplier 008,Taiwan,APAC,PLT-06,Sao Paulo Ops,Brazil,LATAM,Government,Germany,1,1.0,49,44,5,89.8,0.0,2148.4
2025-12-01,SUP-008,Supplier 008,Taiwan,APAC,PLT-01,Munich Center,Germany,EMEA,Enterprise,Canada,1,1.0,54,54,0,100.0,100.0,0.0
2025-12-01,SUP-008,Supplier 008,Taiwan,APAC,PLT-08,Taipei Micro,Taiwan,APAC,SMB,Canada,1,2.0,15,13,2,86.67,0.0,842.74
2025-12-01,SUP-008,Supplier 008,Taiwan,APAC,PLT-03,Tokyo Precision,Japan,APAC,Government,UK,1,2.0,7,6,1,85.71,0.0,171.99
2025-12-01,SUP-008,Supplier 008,Taiwan,APAC,PLT-09,Hanoi Assembly,Vietnam,APAC,Enterprise,Japan,1,1.0,20,20,0,100.0,100.0,0.0
2025-12-01,SUP-008,Supplier 008,Taiwan,APAC,PLT-09,Hanoi Assembly,Vietnam,APAC,SMB,USA,1,1.0,16,8,8,50.0,0.0,3997.6
2025-12-01,SUP-008,Supplier 008,Taiwan,APAC,PLT-04,Chennai Forge,India,APAC,SMB,Canada,1,1.0,58,58,0,100.0,100.0,0.0
2025-12-01,SUP-008,Supplier 008,Taiwan,APAC,PLT-07,Seoul Tech,South Korea,APAC,Enterprise,Canada,1,1.0,187,187,0,100.0,100.0,0.0
2025-12-01,SUP-008,Supplier 008,Taiwan,APAC,PLT-09,Hanoi Assembly,Vietnam,APAC,Government,Germany,1,2.0,20,23,0,115.0,100.0,0.0
2025-12-01,SUP-008,Supplier 008,Taiwan,APAC,PLT-01,Munich Center,Germany,EMEA,Enterprise,USA,1,1.0,43,43,0,100.0,100.0,0.0
2025-12-01,SUP-009,Supplier 009,Vietnam,APAC,PLT-04,Chennai Forge,India,APAC,SMB,Germany,1,1.0,68,68,0,100.0,100.0,0.0
2025-12-01,SUP-009,Supplier 009,Vietnam,APAC,PLT-00,Shanghai Hub,China,APAC,Enterprise,Japan,1,1.0,151,151,0,100.0,100.0,0.0
2025-12-01,SUP-009,Supplier 009,Vietnam,APAC,PLT-00,Shanghai Hub,China,APAC,SMB,Japan,1,1.0,112,88,24,78.57,0.0,5442.96
2025-12-01,SUP-009,Supplier 009,Vietnam,APAC,PLT-05,Monterrey Plant,Mexico,LATAM,SMB,Canada,1,2.0,16,19,0,118.75,100.0,0.0
2025-12-01,SUP-009,Supplier 009,Vietnam,APAC,PLT-09,Hanoi Assembly,Vietnam,APAC,Enterprise,Japan,1,1.0,36,36,0,100.0,100.0,0.0
2025-12-01,SUP-009,Supplier 009,Vietnam,APAC,PLT-03,Tokyo Precision,Japan,APAC,Government,Singapore,1,1.0,49,49,0,100.0,100.0,0.0
2025-12-01,SUP-009,Supplier 009,Vietnam,APAC,PLT-08,Taipei Micro,Taiwan,APAC,Government,Japan,1,1.0,20,20,0,100.0,100.0,0.0
2025-12-01,SUP-009,Supplier 009,Vietnam,APAC,PLT-03,Tokyo Precision,Japan,APAC,Government,USA,1,1.0,37,37,0,100.0,100.0,0.0
2025-12-01,SUP-009,Supplier 009,Vietnam,APAC,PLT-07,Seoul Tech,South Korea,APAC,Government,USA,1,1.0,1,1,0,100.0,100.0,0.0
2025-12-01,SUP-009,Supplier 009,Vietnam,APAC,PLT-04,Chennai Forge,India,APAC,Enterprise,UK,1,2.0,45,50,0,111.11,100.0,0.0
2025-12-01,SUP-010,Supplier 010,China,APAC,PLT-02,Detroit Works,USA,NA,SMB,USA,1,1.0,75,75,0,100.0,100.0,0.0
2025-12-01,SUP-010,Supplier 010,China,APAC,PLT-08,Taipei Micro,Taiwan,APAC,Government,Australia,1,1.0,70,70,0,100.0,100.0,0.0
2025-12-01,SUP-010,Supplier 010,China,APAC,PLT-04,Chennai Forge,India,APAC,Government,Japan,1,1.0,26,26,0,100.0,100.0,0.0
2025-12-01,SUP-010,Supplier 010,China,APAC,PLT-01,Munich Center,Germany,EMEA,SMB,Germany,1,2.0,67,58,9,86.57,0.0,1142.64
2025-12-01,SUP-010,Supplier 010,China,APAC,PLT-05,Monterrey Plant,Mexico,LATAM,SMB,UK,1,1.0,162,105,57,64.81,0.0,10875.03
2025-12-01,SUP-010,Supplier 010,China,APAC,PLT-06,Sao Paulo Ops,Brazil,LATAM,Enterprise,Canada,1,1.0,28,23,5,82.14,0.0,1451.95
2025-12-01,SUP-010,Supplier 010,China,APAC,PLT-09,Hanoi Assembly,Vietnam,APAC,SMB,Canada,1,1.0,17,16,1,94.12,0.0,468.13
2025-12-01,SUP-010,Supplier 010,China,APAC,PLT-09,Hanoi Assembly,Vietnam,APAC,SMB,Germany,1,1.0,70,70,0,100.0,100.0,0.0
2025-12-01,SUP-010,Supplier 010,China,APAC,PLT-07,Seoul Tech,South Korea,APAC,Enterprise,USA,1,1.0,3,2,1,66.67,0.0,339.53
2025-12-01,SUP-011,Supplier 011,Germany,EMEA,PLT-07,Seoul Tech,South Korea,APAC,SMB,UK,1,1.0,1,1,0,100.0,100.0,0.0
2025-12-01,SUP-011,Supplier 011,Germany,EMEA,PLT-02,Detroit Works,USA,NA,SMB,Japan,1,1.0,30,30,0,100.0,100.0,0.0
2025-12-01,SUP-011,Supplier 011,Germany,EMEA,PLT-03,Tokyo Precision,Japan,APAC,Government,France,1,1.0,116,116,0,100.0,100.0,0.0
2025-12-01,SUP-011,Supplier 011,Germany,EMEA,PLT-01,Munich Center,Germany,EMEA,SMB,Australia,1,1.0,2,2,0,100.0,100.0,0.0
2025-12-01,SUP-012,Supplier 012,USA,NA,PLT-00,Shanghai Hub,China,APAC,SMB,Japan,1,2.0,44,56,0,127.27,100.0,0.0
2025-12-01,SUP-012,Supplier 012,USA,NA,PLT-06,Sao Paulo Ops,Brazil,LATAM,SMB,Australia,1,1.0,8,8,0,100.0,100.0,0.0
2025-12-01,SUP-013,Supplier 013,Japan,APAC,PLT-09,Hanoi Assembly,Vietnam,APAC,Enterprise,USA,1,1.0,134,102,32,76.12,0.0,11807.04
2025-12-01,SUP-013,Supplier 013,Japan,APAC,PLT-04,Chennai Forge,India,APAC,Government,USA,1,1.0,113,113,0,100.0,100.0,0.0
2025-12-01,SUP-013,Supplier 013,Japan,APAC,PLT-01,Munich Center,Germany,EMEA,Government,Germany,1,1.0,39,39,0,100.0,100.0,0.0
2025-12-01,SUP-013,Supplier 013,Japan,APAC,PLT-00,Shanghai Hub,China,APAC,Government,USA,1,2.0,131,168,0,128.24,100.0,0.0
2025-12-01,SUP-013,Supplier 013,Japan,APAC,PLT-01,Munich Center,Germany,EMEA,Enterprise,USA,1,1.0,35,35,0,100.0,100.0,0.0
2025-12-01,SUP-013,Supplier 013,Japan,APAC,PLT-00,Shanghai Hub,China,APAC,Enterprise,USA,1,1.0,61,61,0,100.0,100.0,0.0
2025-12-01,SUP-013,Supplier 013,Japan,APAC,PLT-09,Hanoi Assembly,Vietnam,APAC,Government,Singapore,1,1.0,181,181,0,100.0,100.0,0.0
2025-12-01,SUP-013,Supplier 013,Japan,APAC,PLT-07,Seoul Tech,South Korea,APAC,SMB,Singapore,1,1.0,91,91,0,100.0,100.0,0.0
2025-12-01,SUP-013,Supplier 013,Japan,APAC,PLT-09,Hanoi Assembly,Vietnam,APAC,SMB,Germany,1,1.0,27,26,1,96.3,0.0,111.39
2025-12-01,SUP-013,Supplier 013,Japan,APAC,PLT-04,Chennai Forge,India,APAC,Enterprise,Canada,1,1.0,36,36,0,100.0,100.0,0.0
2025-12-01,SUP-013,Supplier 013,Japan,APAC,PLT-05,Monterrey Plant,Mexico,LATAM,SMB,Singapore,1,1.0,69,60,9,86.96,0.0,3727.98
2025-12-01,SUP-014,Supplier 014,India,APAC,PLT-07,Seoul Tech,South Korea,APAC,SMB,Australia,1,1.0,37,37,0,100.0,100.0,0.0
2025-12-01,SUP-014,Supplier 014,India,APAC,PLT-07,Seoul Tech,South Korea,APAC,SMB,UK,1,1.0,102,95,7,93.14,0.0,2198.21
2025-12-01,SUP-014,Supplier 014,India,APAC,PLT-09,Hanoi Assembly,Vietnam,APAC,SMB,Canada,1,2.0,169,205,0,121.3,100.0,0.0
2025-12-01,SUP-014,Supplier 014,India,APAC,PLT-06,Sao Paulo Ops,Brazil,LATAM,SMB,Singapore,1,2.0,52,61,0,117.31,100.0,0.0
2025-12-01,SUP-014,Supplier 014,India,APAC,PLT-06,Sao Paulo Ops,Brazil,LATAM,SMB,France,1,1.0,69,69,0,100.0,100.0,0.0
2025-12-01,SUP-015,Supplier 015,Mexico,LATAM,PLT-01,Munich Center,Germany,EMEA,Government,Germany,1,1.0,86,81,5,94.19,0.0,2121.3
2025-12-01,SUP-015,Supplier 015,Mexico,LATAM,PLT-01,Munich Center,Germany,EMEA,Enterprise,Singapore,1,1.0,54,54,0,100.0,100.0,0.0
2025-12-01,SUP-015,Supplier 015,Mexico,LATAM,PLT-06,Sao Paulo Ops,Brazil,LATAM,Government,Singapore,1,1.0,24,24,0,100.0,100.0,0.0
2025-12-01,SUP-016,Supplier 016,Brazil,LATAM,PLT-02,Detroit Works,USA,NA,SMB,Canada,1,1.0,51,44,7,86.27,0.0,3457.02
2025-12-01,SUP-016,Supplier 016,Brazil,LATAM,PLT-01,Munich Center,Germany,EMEA,Enterprise,Germany,1,1.0,79,68,11,86.08,0.0,2006.62
2025-12-01,SUP-016,Supplier 016,Brazil,LATAM,PLT-05,Monterrey Plant,Mexico,LATAM,SMB,Canada,1,1.0,71,71,0,100.0,100.0,0.0
2025-12-01,SUP-016,Supplier 016,Brazil,LATAM,PLT-09,Hanoi Assembly,Vietnam,APAC,Government,UK,1,1.0,53,47,6,88.68,0.0,1020.3
2025-12-01,SUP-017,Supplier 017,South Korea,APAC,PLT-03,Tokyo Precision,Japan,APAC,Government,France,1,1.0,204,204,0,100.0,100.0,0.0
2025-12-01,SUP-017,Supplier 017,South Korea,APAC,PLT-08,Taipei Micro,Taiwan,APAC,SMB,USA,1,1.0,15,15,0,100.0,100.0,0.0
2025-12-01,SUP-017,Supplier 017,South Korea,APAC,PLT-06,Sao Paulo Ops,Brazil,LATAM,Enterprise,Canada,1,1.0,14,14,0,100.0,100.0,0.0
2025-12-01,SUP-017,Supplier 017,South Korea,APAC,PLT-00,Shanghai Hub,China,APAC,SMB,Germany,1,2.0,40,26,14,65.0,0.0,2525.18
2025-12-01,SUP-017,Supplier 017,South Korea,APAC,PLT-04,Chennai Forge,India,APAC,Enterprise,Japan,1,2.0,197,228,0,115.74,100.0,0.0
2025-12-01,SUP-018,Supplier 018,Taiwan,APAC,PLT-06,Sao Paulo Ops,Brazil,LATAM,Enterprise,USA,1,1.0,184,184,0,100.0,100.0,0.0
2025-12-01,SUP-018,Supplier 018,Taiwan,APAC,PLT-00,Shanghai Hub,China,APAC,SMB,Australia,1,1.0,86,86,0,100.0,100.0,0.0
2025-12-01,SUP-018,Supplier 018,Taiwan,APAC,PLT-05,Monterrey Plant,Mexico,LATAM,SMB,Canada,1,1.0,96,94,2,97.92,0.0,264.66
2025-12-01,SUP-018,Supplier 018,Taiwan,APAC,PLT-08,Taipei Micro,Taiwan,APAC,SMB,UK,1,1.0,69,68,1,98.55,0.0,422.87
2025-12-01,SUP-018,Supplier 018,Taiwan,APAC,PLT-05,Monterrey Plant,Mexico,LATAM,SMB,UK,1,1.0,10,10,0,100.0,100.0,0.0
2025-12-01,SUP-018,Supplier 018,Taiwan,APAC,PLT-07,Seoul Tech,South Korea,APAC,Enterprise,Germany,1,1.0,7,7,0,100.0,100.0,0.0
2025-12-01,SUP-018,Supplier 018,Taiwan,APAC,PLT-09,Hanoi Assembly,Vietnam,APAC,Government,Singapore,1,1.0,75,75,0,100.0,100.0,0.0
2025-12-01,SUP-019,Supplier 019,Vietnam,APAC,PLT-09,Hanoi Assembly,Vietnam,APAC,Enterprise,Singapore,1,1.0,15,15,0,100.0,100.0,0.0
2025-12-01,SUP-019,Supplier 019,Vietnam,APAC,PLT-09,Hanoi Assembly,Vietnam,APAC,SMB,Germany,1,1.0,143,87,56,60.84,0.0,1415.12
2025-12-01,SUP-019,Supplier 019,Vietnam,APAC,PLT-03,Tokyo Precision,Japan,APAC,Enterprise,France,1,1.0,66,66,0,100.0,100.0,0.0
2025-12-01,SUP-019,Supplier 019,Vietnam,APAC,PLT-02,Detroit Works,USA,NA,Government,France,1,1.0,59,58,1,98.31,0.0,431.97
2025-12-01,SUP-019,Supplier 019,Vietnam,APAC,PLT-00,Shanghai Hub,China,APAC,SMB,Germany,1,1.0,115,115,0,100.0,100.0,0.0
2025-12-01,SUP-019,Supplier 019,Vietnam,APAC,PLT-08,Taipei Micro,Taiwan,APAC,SMB,Canada,1,1.0,61,47,14,77.05,0.0,1349.6
2025-12-01,SUP-019,Supplier 019,Vietnam,APAC,PLT-01,Munich Center,Germany,EMEA,Enterprise,Canada,1,1.0,86,86,0,100.0,100.0,0.0
2025-12-01,SUP-019,Supplier 019,Vietnam,APAC,PLT-05,Monterrey Plant,Mexico,LATAM,SMB,UK,1,1.0,83,74,9,89.16,0.0,3701.97
2025-12-01,SUP-019,Supplier 019,Vietnam,APAC,PLT-08,Taipei Micro,Taiwan,APAC,Enterprise,Australia,1,1.0,180,131,49,72.78,0.0,19222.21
2025-12-01,SUP-019,Supplier 019,Vietnam,APAC,PLT-05,Monterrey Plant,Mexico,LATAM,SMB,Singapore,1,2.0,129,156,0,120.93,100.0,0.0
2025-12-01,SUP-019,Supplier 019,Vietnam,APAC,PLT-00,Shanghai Hub,China,APAC,SMB,UK,1,1.0,81,81,0,100.0,100.0,0.0
2025-12-01,SUP-020,Supplier 020,China,APAC,PLT-02,Detroit Works,USA,NA,Enterprise,Germany,1,1.0,50,50,0,100.0,100.0,0.0
2025-12-01,SUP-020,Supplier 020,China,APAC,PLT-06,Sao Paulo Ops,Brazil,LATAM,SMB,Singapore,1,1.0,62,62,0,100.0,100.0,0.0
2025-12-01,SUP-020,Supplier 020,China,APAC,PLT-01,Munich Center,Germany,EMEA,SMB,Canada,1,1.0,68,68,0,100.0,100.0,0.0
2025-12-01,SUP-020,Supplier 020,China,APAC,PLT-02,Detroit Works,USA,NA,SMB,Germany,1,1.0,108,108,0,100.0,100.0,0.0
2025-12-01,SUP-020,Supplier 020,China,APAC,PLT-00,Shanghai Hub,China,APAC,SMB,Australia,1,1.0,42,42,0,100.0,100.0,0.0
2025-12-01,SUP-020,Supplier 020,China,APAC,PLT-08,Taipei Micro,Taiwan,APAC,SMB,Germany,1,1.0,109,109,0,100.0,100.0,0.0
2025-12-01,SUP-020,Supplier 020,China,APAC,PLT-05,Monterrey Plant,Mexico,LATAM,SMB,France,1,1.0,17,15,2,88.24,0.0,213.92
2025-12-01,SUP-021,Supplier 021,Germany,EMEA,PLT-02,Detroit Works,USA,NA,SMB,UK,1,1.0,112,112,0,100.0,100.0,0.0
2025-12-01,SUP-021,Supplier 021,Germany,EMEA,PLT-08,Taipei Micro,Taiwan,APAC,SMB,UK,1,1.0,81,79,2,97.53,0.0,632.32
2025-12-01,SUP-021,Supplier 021,Germany,EMEA,PLT-09,Hanoi Assembly,Vietnam,APAC,SMB,Canada,1,1.0,83,83,0,100.0,100.0,0.0
2025-12-01,SUP-021,Supplier 021,Germany,EMEA,PLT-07,Seoul Tech,South Korea,APAC,Enterprise,France,1,1.0,2,2,0,100.0,100.0,0.0
2025-12-01,SUP-021,Supplier 021,Germany,EMEA,PLT-05,Monterrey Plant,Mexico,LATAM,SMB,Australia,1,2.0,174,200,0,114.94,100.0,0.0
2025-12-01,SUP-021,Supplier 021,Germany,EMEA,PLT-02,Detroit Works,USA,NA,SMB,Canada,1,1.0,85,46,39,54.12,0.0,6787.95
2025-12-01,SUP-021,Supplier 021,Germany,EMEA,PLT-07,Seoul Tech,South Korea,APAC,Enterprise,Canada,1,1.0,97,97,0,100.0,100.0,0.0
2025-12-01,SUP-022,Supplier 022,USA,NA,PLT-00,Shanghai Hub,China,APAC,Government,UK,1,1.0,33,32,1,96.97,0.0,491.15
2025-12-01,SUP-022,Supplier 022,USA,NA,PLT-03,Tokyo Precision,Japan,APAC,SMB,Australia,1,1.0,56,56,0,100.0,100.0,0.0
2025-12-01,SUP-023,Supplier 023,Japan,APAC,PLT-02,Detroit Works,USA,NA,Government,Canada,1,2.0,227,283,0,124.67,100.0,0.0
2025-12-01,SUP-023,Supplier 023,Japan,APAC,PLT-09,Hanoi Assembly,Vietnam,APAC,Enterprise,UK,1,1.0,148,148,0,100.0,100.0,0.0
2025-12-01,SUP-023,Supplier 023,Japan,APAC,PLT-07,Seoul Tech,South Korea,APAC,SMB,UK,1,1.0,99,99,0,100.0,100.0,0.0
2025-12-01,SUP-023,Supplier 023,Japan,APAC,PLT-08,Taipei Micro,Taiwan,APAC,SMB,UK,1,1.0,8,5,3,62.5,0.0,459.99
2025-12-01,SUP-023,Supplier 023,Japan,APAC,PLT-06,Sao Paulo Ops,Brazil,LATAM,SMB,Singapore,1,1.0,87,87,0,100.0,100.0,0.0
2025-12-01,SUP-023,Supplier 023,Japan,APAC,PLT-03,Tokyo Precision,Japan,APAC,SMB,Canada,1,1.0,33,33,0,100.0,100.0,0.0
2025-12-01,SUP-023,Supplier 023,Japan,APAC,PLT-01,Munich Center,Germany,EMEA,Enterprise,Singapore,1,1.0,59,58,1,98.31,0.0,96.94
2025-12-01,SUP-023,Supplier 023,Japan,APAC,PLT-00,Shanghai Hub,China,APAC,SMB,France,1,1.0,144,144,0,100.0,100.0,0.0
2025-12-01,SUP-023,Supplier 023,Japan,APAC,PLT-03,Tokyo Precision,Japan,APAC,Government,Singapore,1,1.0,38,37,1,97.37,0.0,246.41
2025-12-01,SUP-023,Supplier 023,Japan,APAC,PLT-09,Hanoi Assembly,Vietnam,APAC,SMB,Australia,1,1.0,180,180,0,100.0,100.0,0.0
2025-12-01,SUP-024,Supplier 024,India,APAC,PLT-02,Detroit Works,USA,NA,SMB,France,1,1.0,51,51,0,100.0,100.0,0.0
2025-12-01,SUP-024,Supplier 024,India,APAC,PLT-06,Sao Paulo Ops,Brazil,LATAM,Enterprise,France,1,1.0,80,80,0,100.0,100.0,0.0
2025-12-01,SUP-024,Supplier 024,India,APAC,PLT-08,Taipei Micro,Taiwan,APAC,SMB,Australia,1,1.0,99,84,15,84.85,0.0,2397.0
2025-12-01,SUP-024,Supplier 024,India,APAC,PLT-04,Chennai Forge,India,APAC,Government,USA,1,1.0,180,180,0,100.0,100.0,0.0
2025-12-01,SUP-024,Supplier 024,India,APAC,PLT-06,Sao Paulo Ops,Brazil,LATAM,Government,Germany,1,1.0,10,10,0,100.0,100.0,0.0
2025-12-01,SUP-024,Supplier 024,India,APAC,PLT-09,Hanoi Assembly,Vietnam,APAC,SMB,UK,1,1.0,30,23,7,76.67,0.0,3407.04
2025-12-01,SUP-024,Supplier 024,India,APAC,PLT-02,Detroit Works,USA,NA,SMB,Australia,1,1.0,179,179,0,100.0,100.0,0.0
2025-12-01,SUP-024,Supplier 024,India,APAC,PLT-00,Shanghai Hub,China,APAC,SMB,UK,1,1.0,3,3,0,100.0,100.0,0.0
2025-12-01,SUP-025,Supplier 025,Mexico,LATAM,PLT-00,Shanghai Hub,China,APAC,SMB,France,1,1.0,80,80,0,100.0,100.0,0.0
2025-12-01,SUP-025,Supplier 025,Mexico,LATAM,PLT-03,Tokyo Precision,Japan,APAC,Government,Singapore,1,1.0,2,2,0,100.0,100.0,0.0
2025-12-01,SUP-025,Supplier 025,Mexico,LATAM,PLT-04,Chennai Forge,India,APAC,SMB,Australia,1,1.0,93,93,0,100.0,100.0,0.0
2025-12-01,SUP-025,Supplier 025,Mexico,LATAM,PLT-05,Monterrey Plant,Mexico,LATAM,SMB,UK,1,1.0,30,30,0,100.0,100.0,0.0
2025-12-01,SUP-025,Supplier 025,Mexico,LATAM,PLT-04,Chennai Forge,India,APAC,Government,Germany,1,1.0,47,26,21,55.32,0.0,8295.21
2025-12-01,SUP-026,Supplier 026,Brazil,LATAM,PLT-09,Hanoi Assembly,Vietnam,APAC,Enterprise,Singapore,2,2.0,67,67,0,100.0,100.0,0.0
2025-12-01,SUP-026,Supplier 026,Brazil,LATAM,PLT-02,Detroit Works,USA,NA,SMB,Japan,1,1.0,99,99,0,100.0,100.0,0.0
2025-12-01,SUP-026,Supplier 026,Brazil,LATAM,PLT-08,Taipei Micro,Taiwan,APAC,SMB,Germany,1,1.0,23,23,0,100.0,100.0,0.0
2025-12-01,SUP-026,Supplier 026,Brazil,LATAM,PLT-04,Chennai Forge,India,APAC,SMB,Canada,1,1.0,5,5,0,100.0,100.0,0.0
2025-12-01,SUP-026,Supplier 026,Brazil,LATAM,PLT-03,Tokyo Precision,Japan,APAC,Enterprise,Germany,1,2.0,82,93,0,113.41,100.0,0.0
2025-12-01,SUP-026,Supplier 026,Brazil,LATAM,PLT-02,Detroit Works,USA,NA,Government,Singapore,1,1.0,169,169,0,100.0,100.0,0.0
2025-12-01,SUP-027,Supplier 027,South Korea,APAC,PLT-01,Munich Center,Germany,EMEA,SMB,France,1,1.0,40,24,16,60.0,0.0,7220.16
2025-12-01,SUP-027,Supplier 027,South Korea,APAC,PLT-03,Tokyo Precision,Japan,APAC,Enterprise,Australia,1,1.0,66,66,0,100.0,100.0,0.0
2025-12-01,SUP-027,Supplier 027,South Korea,APAC,PLT-06,Sao Paulo Ops,Brazil,LATAM,Enterprise,Japan,1,1.0,74,74,0,100.0,100.0,0.0
2025-12-01,SUP-027,Supplier 027,South Korea,APAC,PLT-02,Detroit Works,USA,NA,SMB,Germany,1,1.0,83,83,0,100.0,100.0,0.0
2025-12-01,SUP-027,Supplier 027,South Korea,APAC,PLT-01,Munich Center,Germany,EMEA,Enterprise,Canada,1,1.0,93,93,0,100.0,100.0,0.0
2025-12-01,SUP-027,Supplier 027,South Korea,APAC,PLT-03,Tokyo Precision,Japan,APAC,SMB,Singapore,1,1.0,151,151,0,100.0,100.0,0.0
2025-12-01,SUP-028,Supplier 028,Taiwan,APAC,PLT-03,Tokyo Precision,Japan,APAC,SMB,Germany,1,2.0,213,271,0,127.23,100.0,0.0
2025-12-01,SUP-028,Supplier 028,Taiwan,APAC,PLT-00,Shanghai Hub,China,APAC,Government,Germany,1,1.0,30,30,0,100.0,100.0,0.0
2025-12-01,SUP-028,Supplier 028,Taiwan,APAC,PLT-09,Hanoi Assembly,Vietnam,APAC,SMB,Germany,1,1.0,48,26,22,54.17,0.0,9881.96
2025-12-01,SUP-028,Supplier 028,Taiwan,APAC,PLT-00,Shanghai Hub,China,APAC,Government,USA,1,1.0,98,98,0,100.0,100.0,0.0
2025-12-01,SUP-028,Supplier 028,Taiwan,APAC,PLT-06,Sao Paulo Ops,Brazil,LATAM,SMB,Singapore,1,1.0,30,30,0,100.0,100.0,0.0
2025-12-01,SUP-028,Supplier 028,Taiwan,APAC,PLT-04,Chennai Forge,India,APAC,SMB,UK,1,1.0,127,127,0,100.0,100.0,0.0
2025-12-01,SUP-028,Supplier 028,Taiwan,APAC,PLT-05,Monterrey Plant,Mexico,LATAM,SMB,Singapore,1,1.0,136,136,0,100.0,100.0,0.0
2025-12-01,SUP-028,Supplier 028,Taiwan,APAC,PLT-02,Detroit Works,USA,NA,Enterprise,USA,1,1.0,69,67,2,97.1,0.0,876.82
2025-12-01,SUP-028,Supplier 028,Taiwan,APAC,PLT-02,Detroit Works,USA,NA,Enterprise,UK,1,1.0,40,40,0,100.0,100.0,0.0
2025-12-01,SUP-029,Supplier 029,Vietnam,APAC,PLT-08,Taipei Micro,Taiwan,APAC,SMB,Canada,1,1.0,99,99,0,100.0,100.0,0.0
2025-12-01,SUP-029,Supplier 029,Vietnam,APAC,PLT-04,Chennai Forge,India,APAC,SMB,Canada,1,1.0,52,52,0,100.0,100.0,0.0
2025-12-01,SUP-029,Supplier 029,Vietnam,APAC,PLT-04,Chennai Forge,India,APAC,SMB,Australia,1,1.0,34,34,0,100.0,100.0,0.0
2025-12-01,SUP-029,Supplier 029,Vietnam,APAC,PLT-00,Shanghai Hub,China,APAC,SMB,Singapore,2,2.0,134,134,0,100.0,100.0,0.0
2025-12-01,SUP-029,Supplier 029,Vietnam,APAC,PLT-03,Tokyo Precision,Japan,APAC,SMB,UK,1,1.0,72,72,0,100.0,100.0,0.0
2025-12-01,SUP-029,Supplier 029,Vietnam,APAC,PLT-02,Detroit Works,USA,NA,Government,USA,1,1.0,4,4,0,100.0,100.0,0.0
2025-12-01,SUP-029,Supplier 029,Vietnam,APAC,PLT-07,Seoul Tech,South Korea,APAC,Government,USA,1,2.0,49,57,0,116.33,100.0,0.0
2025-12-01,SUP-029,Supplier 029,Vietnam,APAC,PLT-06,Sao Paulo Ops,Brazil,LATAM,SMB,Canada,1,1.0,20,20,0,100.0,100.0,0.0
2025-12-01,SUP-029,Supplier 029,Vietnam,APAC,PLT-00,Shanghai Hub,China,APAC,SMB,Canada,1,1.0,77,77,0,100.0,100.0,0.0
2025-12-01,SUP-029,Supplier 029,Vietnam,APAC,PLT-06,Sao Paulo Ops,Brazil,LATAM,Enterprise,USA,1,2.0,15,15,0,100.0,100.0,0.0
2025-12-01,SUP-029,Supplier 029,Vietnam,APAC,PLT-04,Chennai Forge,India,APAC,Government,Germany,1,1.0,65,58,7,89.23,0.0,783.93
2025-12-01,SUP-029,Supplier 029,Vietnam,APAC,PLT-05,Monterrey Plant,Mexico,LATAM,Enterprise,Germany,1,1.0,145,145,0,100.0,100.0,0.0
2025-12-01,SUP-030,Supplier 030,China,APAC,PLT-02,Detroit Works,USA,NA,Government,UK,1,1.0,50,34,16,68.0,0.0,7126.56
2025-12-01,SUP-030,Supplier 030,China,APAC,PLT-09,Hanoi Assembly,Vietnam,APAC,Government,Germany,1,1.0,154,154,0,100.0,100.0,0.0
2025-12-01,SUP-030,Supplier 030,China,APAC,PLT-03,Tokyo Precision,Japan,APAC,SMB,Germany,1,1.0,201,184,17,91.54,0.0,5372.68
2025-12-01,SUP-030,Supplier 030,China,APAC,PLT-04,Chennai Forge,India,APAC,SMB,UK,1,1.0,51,51,0,100.0,100.0,0.0
2025-12-01,SUP-030,Supplier 030,China,APAC,PLT-03,Tokyo Precision,Japan,APAC,Government,Germany,1,1.0,79,59,20,74.68,0.0,2942.8
2025-12-01,SUP-030,Supplier 030,China,APAC,PLT-08,Taipei Micro,Taiwan,APAC,Government,Singapore,1,1.0,31,31,0,100.0,100.0,0.0
2025-12-01,SUP-031,Supplier 031,Germany,EMEA,PLT-06,Sao Paulo Ops,Brazil,LATAM,SMB,Singapore,1,1.0,70,70,0,100.0,100.0,0.0
2025-12-01,SUP-031,Supplier 031,Germany,EMEA,PLT-01,Munich Center,Germany,EMEA,SMB,Germany,1,1.0,2,2,0,100.0,100.0,0.0
2025-12-01,SUP-031,Supplier 031,Germany,EMEA,PLT-05,Monterrey Plant,Mexico,LATAM,SMB,UK,1,2.0,101,88,13,87.13,0.0,5102.37
2025-12-01,SUP-031,Supplier 031,Germany,EMEA,PLT-02,Detroit Works,USA,NA,Enterprise,USA,1,2.0,75,88,0,117.33,100.0,0.0
2025-12-01,SUP-032,Supplier 032,USA,NA,PLT-08,Taipei Micro,Taiwan,APAC,SMB,Germany,1,1.0,80,80,0,100.0,100.0,0.0
2025-12-01,SUP-032,Supplier 032,USA,NA,PLT-06,Sao Paulo Ops,Brazil,LATAM,Enterprise,France,1,1.0,118,118,0,100.0,100.0,0.0
2025-12-01,SUP-032,Supplier 032,USA,NA,PLT-08,Taipei Micro,Taiwan,APAC,SMB,Singapore,1,2.0,23,26,0,113.04,100.0,0.0
2025-12-01,SUP-033,Supplier 033,Japan,APAC,PLT-02,Detroit Works,USA,NA,SMB,USA,1,1.0,20,20,0,100.0,100.0,0.0
2025-12-01,SUP-033,Supplier 033,Japan,APAC,PLT-09,Hanoi Assembly,Vietnam,APAC,Government,Germany,1,2.0,14,16,0,114.29,100.0,0.0
2025-12-01,SUP-033,Supplier 033,Japan,APAC,PLT-09,Hanoi Assembly,Vietnam,APAC,Enterprise,France,1,1.0,49,49,0,100.0,100.0,0.0
2025-12-01,SUP-033,Supplier 033,Japan,APAC,PLT-08,Taipei Micro,Taiwan,APAC,Government,Canada,1,1.0,144,144,0,100.0,100.0,0.0
2025-12-01,SUP-033,Supplier 033,Japan,APAC,PLT-06,Sao Paulo Ops,Brazil,LATAM,Enterprise,UK,1,1.0,24,24,0,100.0,100.0,0.0
2025-12-01,SUP-034,Supplier 034,India,APAC,PLT-03,Tokyo Precision,Japan,APAC,Government,USA,1,1.0,73,67,6,91.78,0.0,1999.32
2025-12-01,SUP-034,Supplier 034,India,APAC,PLT-04,Chennai Forge,India,APAC,Enterprise,Japan,1,1.0,98,98,0,100.0,100.0,0.0
2025-12-01,SUP-034,Supplier 034,India,APAC,PLT-04,Chennai Forge,India,APAC,Enterprise,France,1,1.0,143,143,0,100.0,100.0,0.0
2025-12-01,SUP-034,Supplier 034,India,APAC,PLT-01,Munich Center,Germany,EMEA,Enterprise,USA,1,1.0,177,177,0,100.0,100.0,0.0
2025-12-01,SUP-035,Supplier 035,Mexico,LATAM,PLT-09,Hanoi Assembly,Vietnam,APAC,Government,Australia,1,1.0,122,122,0,100.0,100.0,0.0
2025-12-01,SUP-035,Supplier 035,Mexico,LATAM,PLT-02,Detroit Works,USA,NA,Government,USA,1,2.0,7,9,0,128.57,100.0,0.0
2025-12-01,SUP-035,Supplier 035,Mexico,LATAM,PLT-01,Munich Center,Germany,EMEA,SMB,Japan,1,1.0,48,43,5,89.58,0.0,138.4
2025-12-01,SUP-035,Supplier 035,Mexico,LATAM,PLT-03,Tokyo Precision,Japan,APAC,SMB,Australia,1,1.0,43,43,0,100.0,100.0,0.0
2025-12-01,SUP-035,Supplier 035,Mexico,LATAM,PLT-02,Detroit Works,USA,NA,SMB,Canada,1,1.0,263,263,0,100.0,100.0,0.0
2025-12-01,SUP-035,Supplier 035,Mexico,LATAM,PLT-04,Chennai Forge,India,APAC,SMB,Australia,1,1.0,30,30,0,100.0,100.0,0.0
2025-12-01,SUP-036,Supplier 036,Brazil,LATAM,PLT-03,Tokyo Precision,Japan,APAC,Enterprise,USA,1,1.0,12,12,0,100.0,100.0,0.0
2025-12-01,SUP-036,Supplier 036,Brazil,LATAM,PLT-00,Shanghai Hub,China,APAC,SMB,France,2,3.0,146,164,0,112.33,100.0,0.0
2025-12-01,SUP-036,Supplier 036,Brazil,LATAM,PLT-07,Seoul Tech,South Korea,APAC,SMB,Singapore,1,1.0,284,284,0,100.0,100.0,0.0
2025-12-01,SUP-037,Supplier 037,South Korea,APAC,PLT-07,Seoul Tech,South Korea,APAC,Government,USA,1,1.0,99,99,0,100.0,100.0,0.0
2025-12-01,SUP-037,Supplier 037,South Korea,APAC,PLT-02,Detroit Works,USA,NA,SMB,Japan,1,1.0,70,70,0,100.0,100.0,0.0
2025-12-01,SUP-037,Supplier 037,South Korea,APAC,PLT-01,Munich Center,Germany,EMEA,Enterprise,USA,1,1.0,17,12,5,70.59,0.0,1779.45
2025-12-01,SUP-037,Supplier 037,South Korea,APAC,PLT-07,Seoul Tech,South Korea,APAC,Enterprise,Canada,1,1.0,206,134,72,65.05,0.0,29113.2
2025-12-01,SUP-037,Supplier 037,South Korea,APAC,PLT-02,Detroit Works,USA,NA,Enterprise,Japan,1,1.0,14,13,1,92.86,0.0,52.83
2025-12-01,SUP-038,Supplier 038,Taiwan,APAC,PLT-01,Munich Center,Germany,EMEA,SMB,Australia,1,1.0,66,66,0,100.0,100.0,0.0
2025-12-01,SUP-038,Supplier 038,Taiwan,APAC,PLT-03,Tokyo Precision,Japan,APAC,SMB,UK,1,2.0,7,8,0,114.29,100.0,0.0
2025-12-01,SUP-038,Supplier 038,Taiwan,APAC,PLT-00,Shanghai Hub,China,APAC,Government,Canada,1,2.0,40,42,0,105.0,100.0,0.0
2025-12-01,SUP-038,Supplier 038,Taiwan,APAC,PLT-01,Munich Center,Germany,EMEA,Government,France,1,1.0,130,130,0,100.0,100.0,0.0
2025-12-01,SUP-038,Supplier 038,Taiwan,APAC,PLT-05,Monterrey Plant,Mexico,LATAM,SMB,USA,1,1.0,180,180,0,100.0,100.0,0.0
2025-12-01,SUP-038,Supplier 038,Taiwan,APAC,PLT-03,Tokyo Precision,Japan,APAC,SMB,Singapore,1,1.0,54,54,0,100.0,100.0,0.0
2025-12-01,SUP-038,Supplier 038,Taiwan,APAC,PLT-06,Sao Paulo Ops,Brazil,LATAM,SMB,Singapore,1,1.0,77,77,0,100.0,100.0,0.0
2025-12-01,SUP-038,Supplier 038,Taiwan,APAC,PLT-02,Detroit Works,USA,NA,Enterprise,Australia,1,1.0,55,55,0,100.0,100.0,0.0
2025-12-01,SUP-038,Supplier 038,Taiwan,APAC,PLT-07,Seoul Tech,South Korea,APAC,SMB,Germany,1,1.0,75,75,0,100.0,100.0,0.0
2025-12-01,SUP-039,Supplier 039,Vietnam,APAC,PLT-01,Munich Center,Germany,EMEA,SMB,Australia,1,1.0,122,122,0,100.0,100.0,0.0
2025-12-01,SUP-039,Supplier 039,Vietnam,APAC,PLT-06,Sao Paulo Ops,Brazil,LATAM,SMB,Germany,1,1.0,81,81,0,100.0,100.0,0.0
2025-12-01,SUP-039,Supplier 039,Vietnam,APAC,PLT-09,Hanoi Assembly,Vietnam,APAC,Government,Germany,1,1.0,23,21,2,91.3,0.0,507.22
2025-12-01,SUP-039,Supplier 039,Vietnam,APAC,PLT-05,Monterrey Plant,Mexico,LATAM,Government,Singapore,1,1.0,160,160,0,100.0,100.0,0.0
2025-12-01,SUP-039,Supplier 039,Vietnam,APAC,PLT-08,Taipei Micro,Taiwan,APAC,SMB,Japan,1,2.0,36,44,0,122.22,100.0,0.0
2025-12-01,SUP-039,Supplier 039,Vietnam,APAC,PLT-07,Seoul Tech,South Korea,APAC,Government,Japan,1,1.0,2,2,0,100.0,100.0,0.0
2025-12-01,SUP-039,Supplier 039,Vietnam,APAC,PLT-04,Chennai Forge,India,APAC,SMB,USA,1,2.0,60,73,0,121.67,100.0,0.0
2025-12-01,SUP-039,Supplier 039,Vietnam,APAC,PLT-03,Tokyo Precision,Japan,APAC,SMB,UK,1,1.0,26,26,0,100.0,100.0,0.0
2025-12-01,SUP-039,Supplier 039,Vietnam,APAC,PLT-09,Hanoi Assembly,Vietnam,APAC,Government,USA,1,2.0,63,70,0,111.11,100.0,0.0
2025-12-01,SUP-040,Supplier 040,China,APAC,PLT-06,Sao Paulo Ops,Brazil,LATAM,SMB,UK,1,2.0,47,56,0,119.15,100.0,0.0
2025-12-01,SUP-040,Supplier 040,China,APAC,PLT-00,Shanghai Hub,China,APAC,SMB,France,1,1.0,72,68,4,94.44,0.0,870.88
2025-12-01,SUP-040,Supplier 040,China,APAC,PLT-01,Munich Center,Germany,EMEA,Enterprise,Germany,1,1.0,123,123,0,100.0,100.0,0.0
2025-12-01,SUP-040,Supplier 040,China,APAC,PLT-03,Tokyo Precision,Japan,APAC,Government,USA,1,1.0,15,13,2,86.67,0.0,241.28
2025-12-01,SUP-040,Supplier 040,China,APAC,PLT-02,Detroit Works,USA,NA,SMB,UK,1,1.0,118,118,0,100.0,100.0,0.0
2025-12-01,SUP-041,Supplier 041,Germany,EMEA,PLT-01,Munich Center,Germany,EMEA,SMB,Australia,1,2.0,97,108,0,111.34,100.0,0.0
2025-12-01,SUP-041,Supplier 041,Germany,EMEA,PLT-06,Sao Paulo Ops,Brazil,LATAM,Enterprise,France,1,2.0,2,3,0,150.0,100.0,0.0
2025-12-01,SUP-041,Supplier 041,Germany,EMEA,PLT-01,Munich Center,Germany,EMEA,Government,Germany,1,1.0,196,166,30,84.69,0.0,12503.7
2025-12-01,SUP-041,Supplier 041,Germany,EMEA,PLT-05,Monterrey Plant,Mexico,LATAM,Enterprise,Germany,1,1.0,85,85,0,100.0,100.0,0.0
2025-12-01,SUP-041,Supplier 041,Germany,EMEA,PLT-03,Tokyo Precision,Japan,APAC,Government,USA,1,1.0,82,82,0,100.0,100.0,0.0
2025-12-01,SUP-042,Supplier 042,USA,NA,PLT-07,Seoul Tech,South Korea,APAC,SMB,UK,1,1.0,96,96,0,100.0,100.0,0.0
2025-12-01,SUP-042,Supplier 042,USA,NA,PLT-01,Munich Center,Germany,EMEA,Government,Japan,1,1.0,79,41,38,51.9,0.0,9532.68
2025-12-01,SUP-042,Supplier 042,USA,NA,PLT-00,Shanghai Hub,China,APAC,SMB,Canada,1,1.0,26,26,0,100.0,100.0,0.0
2025-12-01,SUP-042,Supplier 042,USA,NA,PLT-00,Shanghai Hub,China,APAC,Enterprise,Singapore,1,2.0,167,194,0,116.17,100.0,0.0
2025-12-01,SUP-042,Supplier 042,USA,NA,PLT-01,Munich Center,Germany,EMEA,SMB,France,1,1.0,134,121,13,90.3,0.0,870.35
2025-12-01,SUP-042,Supplier 042,USA,NA,PLT-08,Taipei Micro,Taiwan,APAC,Government,Australia,1,1.0,34,34,0,100.0,100.0,0.0
2025-12-01,SUP-042,Supplier 042,USA,NA,PLT-09,Hanoi Assembly,Vietnam,APAC,SMB,UK,1,1.0,6,5,1,83.33,0.0,127.05
2025-12-01,SUP-042,Supplier 042,USA,NA,PLT-01,Munich Center,Germany,EMEA,SMB,UK,1,1.0,39,39,0,100.0,100.0,0.0
2025-12-01,SUP-042,Supplier 042,USA,NA,PLT-09,Hanoi Assembly,Vietnam,APAC,Government,Australia,1,1.0,42,42,0,100.0,100.0,0.0
2025-12-01,SUP-043,Supplier 043,Japan,APAC,PLT-05,Monterrey Plant,Mexico,LATAM,Enterprise,USA,1,2.0,162,182,0,112.35,100.0,0.0
2025-12-01,SUP-043,Supplier 043,Japan,APAC,PLT-02,Detroit Works,USA,NA,Government,USA,1,1.0,17,17,0,100.0,100.0,0.0
2025-12-01,SUP-043,Supplier 043,Japan,APAC,PLT-01,Munich Center,Germany,EMEA,Government,Germany,1,1.0,31,31,0,100.0,100.0,0.0
2025-12-01,SUP-043,Supplier 043,Japan,APAC,PLT-06,Sao Paulo Ops,Brazil,LATAM,SMB,France,1,1.0,59,59,0,100.0,100.0,0.0
2025-12-01,SUP-043,Supplier 043,Japan,APAC,PLT-09,Hanoi Assembly,Vietnam,APAC,SMB,Germany,1,1.0,17,17,0,100.0,100.0,0.0
2025-12-01,SUP-043,Supplier 043,Japan,APAC,PLT-06,Sao Paulo Ops,Brazil,LATAM,SMB,USA,1,1.0,55,55,0,100.0,100.0,0.0
2025-12-01,SUP-043,Supplier 043,Japan,APAC,PLT-07,Seoul Tech,South Korea,APAC,Enterprise,Germany,1,2.0,138,108,30,78.26,0.0,6096.6
2025-12-01,SUP-043,Supplier 043,Japan,APAC,PLT-06,Sao Paulo Ops,Brazil,LATAM,SMB,UK,1,1.0,40,28,12,70.0,0.0,984.48
2025-12-01,SUP-043,Supplier 043,Japan,APAC,PLT-05,Monterrey Plant,Mexico,LATAM,SMB,France,1,1.0,73,66,7,90.41,0.0,2649.85
2025-12-01,SUP-043,Supplier 043,Japan,APAC,PLT-07,Seoul Tech,South Korea,APAC,SMB,Canada,1,1.0,121,120,1,99.17,0.0,223.83
2025-12-01,SUP-044,Supplier 044,India,APAC,PLT-05,Monterrey Plant,Mexico,LATAM,SMB,UK,1,1.0,45,24,21,53.33,0.0,4787.16
2025-12-01,SUP-044,Supplier 044,India,APAC,PLT-04,Chennai Forge,India,APAC,SMB,Germany,2,2.0,55,53,2,96.36,50.0,648.02
2025-12-01,SUP-044,Supplier 044,India,APAC,PLT-02,Detroit Works,USA,NA,Enterprise,USA,1,1.0,47,41,6,87.23,0.0,917.76
2025-12-01,SUP-044,Supplier 044,India,APAC,PLT-05,Monterrey Plant,Mexico,LATAM,Government,Canada,1,1.0,138,138,0,100.0,100.0,0.0
2025-12-01,SUP-045,Supplier 045,Mexico,LATAM,PLT-01,Munich Center,Germany,EMEA,SMB,Germany,1,1.0,74,69,5,93.24,0.0,869.35
2025-12-01,SUP-045,Supplier 045,Mexico,LATAM,PLT-08,Taipei Micro,Taiwan,APAC,Enterprise,France,1,1.0,1,1,0,100.0,100.0,0.0
2025-12-01,SUP-045,Supplier 045,Mexico,LATAM,PLT-07,Seoul Tech,South Korea,APAC,SMB,UK,1,1.0,1,1,0,100.0,100.0,0.0
2025-12-01,SUP-045,Supplier 045,Mexico,LATAM,PLT-03,Tokyo Precision,Japan,APAC,Enterprise,USA,1,1.0,69,69,0,100.0,100.0,0.0
2025-12-01,SUP-045,Supplier 045,Mexico,LATAM,PLT-00,Shanghai Hub,China,APAC,Enterprise,USA,1,1.0,19,19,0,100.0,100.0,0.0
2025-12-01,SUP-045,Supplier 045,Mexico,LATAM,PLT-09,Hanoi Assembly,Vietnam,APAC,Enterprise,Singapore,1,2.0,100,113,0,113.0,100.0,0.0
2025-12-01,SUP-046,Supplier 046,Brazil,LATAM,PLT-06,Sao Paulo Ops,Brazil,LATAM,SMB,UK,1,1.0,20,20,0,100.0,100.0,0.0
2025-12-01,SUP-046,Supplier 046,Brazil,LATAM,PLT-09,Hanoi Assembly,Vietnam,APAC,Government,Germany,1,1.0,215,201,14,93.49,0.0,5444.6
2025-12-01,SUP-046,Supplier 046,Brazil,LATAM,PLT-02,Detroit Works,USA,NA,Government,Germany,1,1.0,232,232,0,100.0,100.0,0.0
2025-12-01,SUP-046,Supplier 046,Brazil,LATAM,PLT-09,Hanoi Assembly,Vietnam,APAC,SMB,Australia,1,2.0,119,136,0,114.29,100.0,0.0
2025-12-01,SUP-046,Supplier 046,Brazil,LATAM,PLT-00,Shanghai Hub,China,APAC,Government,Australia,1,1.0,94,94,0,100.0,100.0,0.0
2025-12-01,SUP-047,Supplier 047,South Korea,APAC,PLT-01,Munich Center,Germany,EMEA,Enterprise,Singapore,1,1.0,33,33,0,100.0,100.0,0.0
2025-12-01,SUP-047,Supplier 047,South Korea,APAC,PLT-06,Sao Paulo Ops,Brazil,LATAM,Enterprise,UK,1,1.0,72,72,0,100.0,100.0,0.0
2025-12-01,SUP-047,Supplier 047,South Korea,APAC,PLT-06,Sao Paulo Ops,Brazil,LATAM,Enterprise,Germany,1,1.0,25,25,0,100.0,100.0,0.0
2025-12-01,SUP-047,Supplier 047,South Korea,APAC,PLT-05,Monterrey Plant,Mexico,LATAM,Enterprise,France,1,1.0,1,1,0,100.0,100.0,0.0
2025-12-01,SUP-047,Supplier 047,South Korea,APAC,PLT-07,Seoul Tech,South Korea,APAC,SMB,UK,1,2.0,42,54,0,128.57,100.0,0.0
2025-12-01,SUP-047,Supplier 047,South Korea,APAC,PLT-01,Munich Center,Germany,EMEA,Enterprise,Canada,1,1.0,22,22,0,100.0,100.0,0.0
2025-12-01,SUP-047,Supplier 047,South Korea,APAC,PLT-08,Taipei Micro,Taiwan,APAC,Enterprise,USA,1,1.0,45,37,8,82.22,0.0,89.12
2025-12-01,SUP-047,Supplier 047,South Korea,APAC,PLT-00,Shanghai Hub,China,APAC,Enterprise,UK,1,2.0,136,165,0,121.32,100.0,0.0
2025-12-01,SUP-048,Supplier 048,Taiwan,APAC,PLT-04,Chennai Forge,India,APAC,SMB,Germany,1,1.0,24,24,0,100.0,100.0,0.0
2025-12-01,SUP-048,Supplier 048,Taiwan,APAC,PLT-09,Hanoi Assembly,Vietnam,APAC,Enterprise,Australia,1,1.0,61,49,12,80.33,0.0,2155.92
2025-12-01,SUP-048,Supplier 048,Taiwan,APAC,PLT-07,Seoul Tech,South Korea,APAC,SMB,Australia,1,1.0,141,141,0,100.0,100.0,0.0
2025-12-01,SUP-048,Supplier 048,Taiwan,APAC,PLT-04,Chennai Forge,India,APAC,SMB,Australia,1,2.0,152,120,32,78.95,0.0,8228.48
2025-12-01,SUP-048,Supplier 048,Taiwan,APAC,PLT-09,Hanoi Assembly,Vietnam,APAC,Government,Germany,1,1.0,31,31,0,100.0,100.0,0.0
2025-12-01,SUP-048,Supplier 048,Taiwan,APAC,PLT-02,Detroit Works,USA,NA,SMB,UK,1,1.0,104,104,0,100.0,100.0,0.0
2025-12-01,SUP-049,Supplier 049,Vietnam,APAC,PLT-00,Shanghai Hub,China,APAC,Enterprise,USA,1,2.0,159,192,0,120.75,100.0,0.0
2025-12-01,SUP-049,Supplier 049,Vietnam,APAC,PLT-01,Munich Center,Germany,EMEA,Enterprise,Germany,1,1.0,102,102,0,100.0,100.0,0.0
2025-12-01,SUP-049,Supplier 049,Vietnam,APAC,PLT-03,Tokyo Precision,Japan,APAC,Government,Australia,1,1.0,55,55,0,100.0,100.0,0.0
2025-12-01,SUP-049,Supplier 049,Vietnam,APAC,PLT-04,Chennai Forge,India,APAC,Government,Australia,1,1.0,45,45,0,100.0,100.0,0.0
2025-12-01,SUP-049,Supplier 049,Vietnam,APAC,PLT-04,Chennai Forge,India,APAC,SMB,Canada,1,1.0,161,161,0,100.0,100.0,0.0
2025-12-01,SUP-049,Supplier 049,Vietnam,APAC,PLT-09,Hanoi Assembly,Vietnam,APAC,SMB,Singapore,1,1.0,12,12,0,100.0,100.0,0.0
2025-12-01,SUP-049,Supplier 049,Vietnam,APAC,PLT-02,Detroit Works,USA,NA,SMB,UK,1,1.0,79,68,11,86.08,0.0,3789.39
2025-12-01,SUP-049,Supplier 049,Vietnam,APAC,PLT-04,Chennai Forge,India,APAC,Enterprise,USA,1,1.0,15,15,0,100.0,100.0,0.0
2025-12-01,SUP-049,Supplier 049,Vietnam,APAC,PLT-05,Monterrey Plant,Mexico,LATAM,Government,Australia,1,1.0,19,19,0,100.0,100.0,0.0
2025-12-01,SUP-049,Supplier 049,Vietnam,APAC,PLT-01,Munich Center,Germany,EMEA,Government,USA,1,1.0,204,204,0,100.0,100.0,0.0
2026-01-01,SUP-000,Supplier 000,China,APAC,PLT-03,Tokyo Precision,Japan,APAC,Government,Japan,1,1.0,75,75,0,100.0,100.0,0.0
2026-01-01,SUP-000,Supplier 000,China,APAC,PLT-06,Sao Paulo Ops,Brazil,LATAM,Government,Germany,1,1.0,9,9,0,100.0,100.0,0.0
2026-01-01,SUP-000,Supplier 000,China,APAC,PLT-03,Tokyo Precision,Japan,APAC,SMB,Germany,2,2.0,172,158,14,91.86,50.0,3507.98
2026-01-01,SUP-000,Supplier 000,China,APAC,PLT-00,Shanghai Hub,China,APAC,SMB,Canada,1,1.0,55,55,0,100.0,100.0,0.0
2026-01-01,SUP-000,Supplier 000,China,APAC,PLT-02,Detroit Works,USA,NA,Government,USA,2,2.0,177,177,0,100.0,100.0,0.0
2026-01-01,SUP-000,Supplier 000,China,APAC,PLT-00,Shanghai Hub,China,APAC,Enterprise,Germany,1,1.0,6,6,0,100.0,100.0,0.0
2026-01-01,SUP-000,Supplier 000,China,APAC,PLT-05,Monterrey Plant,Mexico,LATAM,SMB,USA,1,2.0,136,153,0,112.5,100.0,0.0
2026-01-01,SUP-000,Supplier 000,China,APAC,PLT-08,Taipei Micro,Taiwan,APAC,Enterprise,Japan,1,1.0,19,19,0,100.0,100.0,0.0
2026-01-01,SUP-000,Supplier 000,China,APAC,PLT-00,Shanghai Hub,China,APAC,SMB,UK,1,1.0,100,100,0,100.0,100.0,0.0
2026-01-01,SUP-000,Supplier 000,China,APAC,PLT-00,Shanghai Hub,China,APAC,Government,Germany,1,2.0,16,20,0,125.0,100.0,0.0
2026-01-01,SUP-001,Supplier 001,Germany,EMEA,PLT-05,Monterrey Plant,Mexico,LATAM,Enterprise,Japan,1,2.0,20,25,0,125.0,100.0,0.0
2026-01-01,SUP-001,Supplier 001,Germany,EMEA,PLT-01,Munich Center,Germany,EMEA,Government,UK,1,2.0,142,167,0,117.61,100.0,0.0
2026-01-01,SUP-001,Supplier 001,Germany,EMEA,PLT-02,Detroit Works,USA,NA,SMB,Australia,1,2.0,32,36,0,112.5,100.0,0.0
2026-01-01,SUP-001,Supplier 001,Germany,EMEA,PLT-08,Taipei Micro,Taiwan,APAC,SMB,Japan,1,1.0,163,163,0,100.0,100.0,0.0
2026-01-01,SUP-001,Supplier 001,Germany,EMEA,PLT-03,Tokyo Precision,Japan,APAC,SMB,France,1,1.0,3,3,0,100.0,100.0,0.0
2026-01-01,SUP-001,Supplier 001,Germany,EMEA,PLT-02,Detroit Works,USA,NA,SMB,UK,1,1.0,34,34,0,100.0,100.0,0.0
2026-01-01,SUP-002,Supplier 002,USA,NA,PLT-06,Sao Paulo Ops,Brazil,LATAM,Enterprise,France,1,1.0,162,124,38,76.54,0.0,3845.22
2026-01-01,SUP-002,Supplier 002,USA,NA,PLT-07,Seoul Tech,South Korea,APAC,SMB,Japan,1,1.0,37,37,0,100.0,100.0,0.0
2026-01-01,SUP-003,Supplier 003,Japan,APAC,PLT-00,Shanghai Hub,China,APAC,SMB,Singapore,1,1.0,27,27,0,100.0,100.0,0.0
2026-01-01,SUP-003,Supplier 003,Japan,APAC,PLT-02,Detroit Works,USA,NA,Enterprise,Germany,1,1.0,37,32,5,86.49,0.0,2371.35
2026-01-01,SUP-003,Supplier 003,Japan,APAC,PLT-04,Chennai Forge,India,APAC,SMB,Canada,1,2.0,157,193,0,122.93,100.0,0.0
2026-01-01,SUP-003,Supplier 003,Japan,APAC,PLT-00,Shanghai Hub,China,APAC,SMB,UK,1,1.0,4,4,0,100.0,100.0,0.0
2026-01-01,SUP-003,Supplier 003,Japan,APAC,PLT-02,Detroit Works,USA,NA,Government,USA,1,1.0,82,82,0,100.0,100.0,0.0
2026-01-01,SUP-004,Supplier 004,India,APAC,PLT-07,Seoul Tech,South Korea,APAC,Government,UK,1,2.0,169,195,0,115.38,100.0,0.0
2026-01-01,SUP-004,Supplier 004,India,APAC,PLT-04,Chennai Forge,India,APAC,SMB,France,1,1.0,11,7,4,63.64,0.0,511.4
2026-01-01,SUP-004,Supplier 004,India,APAC,PLT-06,Sao Paulo Ops,Brazil,LATAM,Government,Japan,1,2.0,71,86,0,121.13,100.0,0.0
2026-01-01,SUP-005,Supplier 005,Mexico,LATAM,PLT-01,Munich Center,Germany,EMEA,Government,Japan,1,1.0,69,69,0,100.0,100.0,0.0
2026-01-01,SUP-005,Supplier 005,Mexico,LATAM,PLT-06,Sao Paulo Ops,Brazil,LATAM,Enterprise,Australia,1,1.0,251,164,87,65.34,0.0,13605.93
2026-01-01,SUP-005,Supplier 005,Mexico,LATAM,PLT-02,Detroit Works,USA,NA,Enterprise,France,1,1.0,16,15,1,93.75,0.0,302.38
2026-01-01,SUP-005,Supplier 005,Mexico,LATAM,PLT-06,Sao Paulo Ops,Brazil,LATAM,SMB,Japan,2,3.0,30,31,0,103.33,100.0,0.0
2026-01-01,SUP-005,Supplier 005,Mexico,LATAM,PLT-03,Tokyo Precision,Japan,APAC,Government,UK,1,1.0,77,64,13,83.12,0.0,3751.41
2026-01-01,SUP-005,Supplier 005,Mexico,LATAM,PLT-00,Shanghai Hub,China,APAC,Enterprise,Japan,1,1.0,76,76,0,100.0,100.0,0.0
2026-01-01,SUP-005,Supplier 005,Mexico,LATAM,PLT-07,Seoul Tech,South Korea,APAC,SMB,France,1,2.0,55,53,2,96.36,0.0,890.42
2026-01-01,SUP-006,Supplier 006,Brazil,LATAM,PLT-03,Tokyo Precision,Japan,APAC,Government,Singapore,1,1.0,4,4,0,100.0,100.0,0.0
2026-01-01,SUP-006,Supplier 006,Brazil,LATAM,PLT-03,Tokyo Precision,Japan,APAC,SMB,UK,1,1.0,215,215,0,100.0,100.0,0.0
2026-01-01,SUP-006,Supplier 006,Brazil,LATAM,PLT-07,Seoul Tech,South Korea,APAC,Enterprise,Germany,1,1.0,31,31,0,100.0,100.0,0.0
2026-01-01,SUP-006,Supplier 006,Brazil,LATAM,PLT-02,Detroit Works,USA,NA,SMB,Canada,1,1.0,31,31,0,100.0,100.0,0.0
2026-01-01,SUP-006,Supplier 006,Brazil,LATAM,PLT-02,Detroit Works,USA,NA,SMB,Japan,1,1.0,103,53,50,51.46,0.0,19983.0
2026-01-01,SUP-006,Supplier 006,Brazil,LATAM,PLT-04,Chennai Forge,India,APAC,Government,Japan,1,1.0,56,56,0,100.0,100.0,0.0
2026-01-01,SUP-006,Supplier 006,Brazil,LATAM,PLT-04,Chennai Forge,India,APAC,SMB,Germany,1,2.0,57,65,0,114.04,100.0,0.0
2026-01-01,SUP-006,Supplier 006,Brazil,LATAM,PLT-04,Chennai Forge,India,APAC,SMB,Australia,1,1.0,16,16,0,100.0,100.0,0.0
2026-01-01,SUP-007,Supplier 007,South Korea,APAC,PLT-06,Sao Paulo Ops,Brazil,LATAM,Government,USA,1,1.0,56,56,0,100.0,100.0,0.0
2026-01-01,SUP-007,Supplier 007,South Korea,APAC,PLT-02,Detroit Works,USA,NA,Enterprise,USA,1,1.0,123,123,0,100.0,100.0,0.0
2026-01-01,SUP-007,Supplier 007,South Korea,APAC,PLT-07,Seoul Tech,South Korea,APAC,SMB,Japan,1,1.0,90,88,2,97.78,0.0,699.12
2026-01-01,SUP-007,Supplier 007,South Korea,APAC,PLT-08,Taipei Micro,Taiwan,APAC,Enterprise,France,1,1.0,138,138,0,100.0,100.0,0.0
2026-01-01,SUP-007,Supplier 007,South Korea,APAC,PLT-09,Hanoi Assembly,Vietnam,APAC,SMB,Germany,1,1.0,6,6,0,100.0,100.0,0.0
2026-01-01,SUP-008,Supplier 008,Taiwan,APAC,PLT-03,Tokyo Precision,Japan,APAC,SMB,UK,1,1.0,27,22,5,81.48,0.0,1702.85
2026-01-01,SUP-008,Supplier 008,Taiwan,APAC,PLT-08,Taipei Micro,Taiwan,APAC,SMB,Singapore,1,2.0,177,187,0,105.65,100.0,0.0
2026-01-01,SUP-008,Supplier 008,Taiwan,APAC,PLT-05,Monterrey Plant,Mexico,LATAM,Enterprise,Australia,1,2.0,56,69,0,123.21,100.0,0.0
2026-01-01,SUP-008,Supplier 008,Taiwan,APAC,PLT-03,Tokyo Precision,Japan,APAC,SMB,USA,1,1.0,112,112,0,100.0,100.0,0.0
2026-01-01,SUP-009,Supplier 009,Vietnam,APAC,PLT-04,Chennai Forge,India,APAC,SMB,Australia,1,1.0,137,137,0,100.0,100.0,0.0
2026-01-01,SUP-009,Supplier 009,Vietnam,APAC,PLT-09,Hanoi Assembly,Vietnam,APAC,Enterprise,Australia,1,2.0,246,311,0,126.42,100.0,0.0
2026-01-01,SUP-009,Supplier 009,Vietnam,APAC,PLT-04,Chennai Forge,India,APAC,Enterprise,France,1,1.0,14,14,0,100.0,100.0,0.0
2026-01-01,SUP-009,Supplier 009,Vietnam,APAC,PLT-07,Seoul Tech,South Korea,APAC,SMB,UK,1,1.0,8,8,0,100.0,100.0,0.0
2026-01-01,SUP-009,Supplier 009,Vietnam,APAC,PLT-00,Shanghai Hub,China,APAC,SMB,Singapore,1,1.0,86,86,0,100.0,100.0,0.0
2026-01-01,SUP-009,Supplier 009,Vietnam,APAC,PLT-06,Sao Paulo Ops,Brazil,LATAM,SMB,UK,1,1.0,62,35,27,56.45,0.0,12227.49
2026-01-01,SUP-009,Supplier 009,Vietnam,APAC,PLT-01,Munich Center,Germany,EMEA,Government,Australia,1,2.0,26,18,8,69.23,0.0,2296.96
2026-01-01,SUP-010,Supplier 010,China,APAC,PLT-05,Monterrey Plant,Mexico,LATAM,SMB,Japan,1,1.0,115,115,0,100.0,100.0,0.0
2026-01-01,SUP-010,Supplier 010,China,APAC,PLT-08,Taipei Micro,Taiwan,APAC,SMB,Germany,1,1.0,22,22,0,100.0,100.0,0.0
2026-01-01,SUP-010,Supplier 010,China,APAC,PLT-01,Munich Center,Germany,EMEA,Enterprise,Japan,1,2.0,97,121,0,124.74,100.0,0.0
2026-01-01,SUP-010,Supplier 010,China,APAC,PLT-09,Hanoi Assembly,Vietnam,APAC,SMB,USA,1,1.0,13,12,1,92.31,0.0,253.83
2026-01-01,SUP-011,Supplier 011,Germany,EMEA,PLT-04,Chennai Forge,India,APAC,SMB,UK,1,2.0,74,83,0,112.16,100.0,0.0
2026-01-01,SUP-011,Supplier 011,Germany,EMEA,PLT-08,Taipei Micro,Taiwan,APAC,SMB,Singapore,1,2.0,88,110,0,125.0,100.0,0.0
2026-01-01,SUP-011,Supplier 011,Germany,EMEA,PLT-02,Detroit Works,USA,NA,SMB,Singapore,1,2.0,5,6,0,120.0,100.0,0.0
2026-01-01,SUP-011,Supplier 011,Germany,EMEA,PLT-04,Chennai Forge,India,APAC,Government,USA,1,1.0,25,25,0,100.0,100.0,0.0
2026-01-01,SUP-011,Supplier 011,Germany,EMEA,PLT-01,Munich Center,Germany,EMEA,Enterprise,Japan,1,1.0,3,3,0,100.0,100.0,0.0
2026-01-01,SUP-012,Supplier 012,USA,NA,PLT-00,Shanghai Hub,China,APAC,SMB,UK,1,1.0,132,132,0,100.0,100.0,0.0
2026-01-01,SUP-012,Supplier 012,USA,NA,PLT-03,Tokyo Precision,Japan,APAC,Government,Australia,1,1.0,7,7,0,100.0,100.0,0.0
2026-01-01,SUP-012,Supplier 012,USA,NA,PLT-07,Seoul Tech,South Korea,APAC,Enterprise,UK,1,1.0,4,4,0,100.0,100.0,0.0
2026-01-01,SUP-013,Supplier 013,Japan,APAC,PLT-08,Taipei Micro,Taiwan,APAC,Government,Canada,1,1.0,37,37,0,100.0,100.0,0.0
2026-01-01,SUP-013,Supplier 013,Japan,APAC,PLT-01,Munich Center,Germany,EMEA,Government,Japan,1,1.0,20,15,5,75.0,0.0,345.0
2026-01-01,SUP-013,Supplier 013,Japan,APAC,PLT-07,Seoul Tech,South Korea,APAC,SMB,France,1,1.0,36,36,0,100.0,100.0,0.0
2026-01-01,SUP-013,Supplier 013,Japan,APAC,PLT-07,Seoul Tech,South Korea,APAC,SMB,UK,2,2.0,93,93,0,100.0,100.0,0.0
2026-01-01,SUP-013,Supplier 013,Japan,APAC,PLT-01,Munich Center,Germany,EMEA,SMB,Singapore,1,1.0,122,95,27,77.87,0.0,5200.74
2026-01-01,SUP-013,Supplier 013,Japan,APAC,PLT-09,Hanoi Assembly,Vietnam,APAC,SMB,Canada,1,1.0,77,77,0,100.0,100.0,0.0
2026-01-01,SUP-014,Supplier 014,India,APAC,PLT-08,Taipei Micro,Taiwan,APAC,SMB,Australia,1,1.0,24,24,0,100.0,100.0,0.0
2026-01-01,SUP-014,Supplier 014,India,APAC,PLT-03,Tokyo Precision,Japan,APAC,SMB,UK,1,2.0,169,206,0,121.89,100.0,0.0
2026-01-01,SUP-014,Supplier 014,India,APAC,PLT-02,Detroit Works,USA,NA,SMB,Canada,1,1.0,326,310,16,95.09,0.0,560.48
2026-01-01,SUP-014,Supplier 014,India,APAC,PLT-02,Detroit Works,USA,NA,SMB,Singapore,1,1.0,116,106,10,91.38,0.0,4748.9
2026-01-01,SUP-014,Supplier 014,India,APAC,PLT-08,Taipei Micro,Taiwan,APAC,Enterprise,Germany,1,1.0,38,38,0,100.0,100.0,0.0
2026-01-01,SUP-014,Supplier 014,India,APAC,PLT-00,Shanghai Hub,China,APAC,SMB,Singapore,1,1.0,69,58,11,84.06,0.0,1207.8
2026-01-01,SUP-014,Supplier 014,India,APAC,PLT-08,Taipei Micro,Taiwan,APAC,SMB,France,1,1.0,123,123,0,100.0,100.0,0.0
2026-01-01,SUP-014,Supplier 014,India,APAC,PLT-09,Hanoi Assembly,Vietnam,APAC,Government,Singapore,1,1.0,147,147,0,100.0,100.0,0.0
2026-01-01,SUP-014,Supplier 014,India,APAC,PLT-09,Hanoi Assembly,Vietnam,APAC,SMB,USA,1,1.0,30,30,0,100.0,100.0,0.0
2026-01-01,SUP-015,Supplier 015,Mexico,LATAM,PLT-01,Munich Center,Germany,EMEA,Government,Japan,1,1.0,51,31,20,60.78,0.0,9958.8
2026-01-01,SUP-015,Supplier 015,Mexico,LATAM,PLT-07,Seoul Tech,South Korea,APAC,SMB,France,1,1.0,103,98,5,95.15,0.0,632.2
2026-01-01,SUP-015,Supplier 015,Mexico,LATAM,PLT-00,Shanghai Hub,China,APAC,SMB,Canada,1,1.0,58,58,0,100.0,100.0,0.0
2026-01-01,SUP-015,Supplier 015,Mexico,LATAM,PLT-09,Hanoi Assembly,Vietnam,APAC,Enterprise,USA,1,1.0,159,159,0,100.0,100.0,0.0
2026-01-01,SUP-016,Supplier 016,Brazil,LATAM,PLT-05,Monterrey Plant,Mexico,LATAM,SMB,Germany,1,1.0,104,104,0,100.0,100.0,0.0
2026-01-01,SUP-016,Supplier 016,Brazil,LATAM,PLT-03,Tokyo Precision,Japan,APAC,SMB,France,1,1.0,31,31,0,100.0,100.0,0.0
2026-01-01,SUP-016,Supplier 016,Brazil,LATAM,PLT-02,Detroit Works,USA,NA,Government,USA,1,1.0,291,291,0,100.0,100.0,0.0
2026-01-01,SUP-016,Supplier 016,Brazil,LATAM,PLT-02,Detroit Works,USA,NA,SMB,USA,1,1.0,59,59,0,100.0,100.0,0.0
2026-01-01,SUP-016,Supplier 016,Brazil,LATAM,PLT-04,Chennai Forge,India,APAC,SMB,France,1,1.0,96,87,9,90.63,0.0,898.74
2026-01-01,SUP-017,Supplier 017,South Korea,APAC,PLT-06,Sao Paulo Ops,Brazil,LATAM,SMB,Germany,1,1.0,16,13,3,81.25,0.0,767.49
2026-01-01,SUP-017,Supplier 017,South Korea,APAC,PLT-09,Hanoi Assembly,Vietnam,APAC,Enterprise,Germany,1,1.0,16,16,0,100.0,100.0,0.0
2026-01-01,SUP-017,Supplier 017,South Korea,APAC,PLT-08,Taipei Micro,Taiwan,APAC,Enterprise,USA,1,1.0,29,29,0,100.0,100.0,0.0
2026-01-01,SUP-017,Supplier 017,South Korea,APAC,PLT-07,Seoul Tech,South Korea,APAC,SMB,Australia,1,1.0,45,45,0,100.0,100.0,0.0
2026-01-01,SUP-017,Supplier 017,South Korea,APAC,PLT-01,Munich Center,Germany,EMEA,SMB,Australia,1,1.0,84,84,0,100.0,100.0,0.0
2026-01-01,SUP-017,Supplier 017,South Korea,APAC,PLT-07,Seoul Tech,South Korea,APAC,Enterprise,Japan,1,1.0,97,97,0,100.0,100.0,0.0
2026-01-01,SUP-017,Supplier 017,South Korea,APAC,PLT-04,Chennai Forge,India,APAC,SMB,Singapore,1,1.0,14,14,0,100.0,100.0,0.0
2026-01-01,SUP-017,Supplier 017,South Korea,APAC,PLT-07,Seoul Tech,South Korea,APAC,SMB,Canada,1,1.0,81,65,16,80.25,0.0,4640.64
2026-01-01,SUP-017,Supplier 017,South Korea,APAC,PLT-01,Munich Center,Germany,EMEA,SMB,UK,1,1.0,47,47,0,100.0,100.0,0.0
2026-01-01,SUP-017,Supplier 017,South Korea,APAC,PLT-09,Hanoi Assembly,Vietnam,APAC,SMB,Germany,1,2.0,83,92,0,110.84,100.0,0.0
2026-01-01,SUP-018,Supplier 018,Taiwan,APAC,PLT-04,Chennai Forge,India,APAC,SMB,USA,1,1.0,1,1,0,100.0,100.0,0.0
2026-01-01,SUP-018,Supplier 018,Taiwan,APAC,PLT-05,Monterrey Plant,Mexico,LATAM,Enterprise,Germany,1,1.0,12,12,0,100.0,100.0,0.0
2026-01-01,SUP-018,Supplier 018,Taiwan,APAC,PLT-08,Taipei Micro,Taiwan,APAC,Government,USA,1,1.0,33,33,0,100.0,100.0,0.0
2026-01-01,SUP-018,Supplier 018,Taiwan,APAC,PLT-01,Munich Center,Germany,EMEA,SMB,Singapore,1,1.0,13,13,0,100.0,100.0,0.0
2026-01-01,SUP-019,Supplier 019,Vietnam,APAC,PLT-03,Tokyo Precision,Japan,APAC,Enterprise,Germany,1,1.0,49,49,0,100.0,100.0,0.0
2026-01-01,SUP-019,Supplier 019,Vietnam,APAC,PLT-01,Munich Center,Germany,EMEA,Government,Singapore,1,1.0,137,137,0,100.0,100.0,0.0
2026-01-01,SUP-019,Supplier 019,Vietnam,APAC,PLT-03,Tokyo Precision,Japan,APAC,SMB,Japan,1,1.0,92,75,17,81.52,0.0,4044.3
2026-01-01,SUP-019,Supplier 019,Vietnam,APAC,PLT-07,Seoul Tech,South Korea,APAC,SMB,USA,1,1.0,247,247,0,100.0,100.0,0.0
2026-01-01,SUP-019,Supplier 019,Vietnam,APAC,PLT-04,Chennai Forge,India,APAC,SMB,UK,1,2.0,61,60,1,98.36,0.0,380.69
2026-01-01,SUP-019,Supplier 019,Vietnam,APAC,PLT-04,Chennai Forge,India,APAC,Enterprise,Japan,1,1.0,182,182,0,100.0,100.0,0.0
2026-01-01,SUP-019,Supplier 019,Vietnam,APAC,PLT-04,Chennai Forge,India,APAC,SMB,France,1,1.0,140,140,0,100.0,100.0,0.0
2026-01-01,SUP-019,Supplier 019,Vietnam,APAC,PLT-00,Shanghai Hub,China,APAC,SMB,USA,1,1.0,50,45,5,90.0,0.0,404.85
2026-01-01,SUP-019,Supplier 019,Vietnam,APAC,PLT-09,Hanoi Assembly,Vietnam,APAC,SMB,UK,1,1.0,14,14,0,100.0,100.0,0.0
2026-01-01,SUP-019,Supplier 019,Vietnam,APAC,PLT-06,Sao Paulo Ops,Brazil,LATAM,SMB,Australia,1,1.0,140,138,2,98.57,0.0,683.9
2026-01-01,SUP-019,Supplier 019,Vietnam,APAC,PLT-02,Detroit Works,USA,NA,Government,Australia,1,1.0,4,4,0,100.0,100.0,0.0
2026-01-01,SUP-020,Supplier 020,China,APAC,PLT-01,Munich Center,Germany,EMEA,SMB,Canada,1,1.0,16,16,0,100.0,100.0,0.0
2026-01-01,SUP-020,Supplier 020,China,APAC,PLT-03,Tokyo Precision,Japan,APAC,SMB,UK,1,2.0,190,238,0,125.26,100.0,0.0
2026-01-01,SUP-020,Supplier 020,China,APAC,PLT-06,Sao Paulo Ops,Brazil,LATAM,SMB,Germany,1,1.0,41,41,0,100.0,100.0,0.0
2026-01-01,SUP-020,Supplier 020,China,APAC,PLT-05,Monterrey Plant,Mexico,LATAM,SMB,UK,1,2.0,25,32,0,128.0,100.0,0.0
2026-01-01,SUP-020,Supplier 020,China,APAC,PLT-06,Sao Paulo Ops,Brazil,LATAM,SMB,France,1,1.0,155,155,0,100.0,100.0,0.0
2026-01-01,SUP-020,Supplier 020,China,APAC,PLT-01,Munich Center,Germany,EMEA,SMB,Australia,1,1.0,114,112,2,98.25,0.0,291.18
2026-01-01,SUP-020,Supplier 020,China,APAC,PLT-01,Munich Center,Germany,EMEA,Government,Singapore,1,1.0,52,52,0,100.0,100.0,0.0
2026-01-01,SUP-021,Supplier 021,Germany,EMEA,PLT-06,Sao Paulo Ops,Brazil,LATAM,Government,France,1,1.0,42,42,0,100.0,100.0,0.0
2026-01-01,SUP-021,Supplier 021,Germany,EMEA,PLT-07,Seoul Tech,South Korea,APAC,Enterprise,France,1,1.0,25,23,2,92.0,0.0,83.38
2026-01-01,SUP-021,Supplier 021,Germany,EMEA,PLT-04,Chennai Forge,India,APAC,SMB,Canada,1,1.0,96,96,0,100.0,100.0,0.0
2026-01-01,SUP-021,Supplier 021,Germany,EMEA,PLT-03,Tokyo Precision,Japan,APAC,Enterprise,Germany,1,1.0,29,29,0,100.0,100.0,0.0
2026-01-01,SUP-021,Supplier 021,Germany,EMEA,PLT-00,Shanghai Hub,China,APAC,Enterprise,France,1,1.0,36,32,4,88.89,0.0,1587.36
2026-01-01,SUP-021,Supplier 021,Germany,EMEA,PLT-05,Monterrey Plant,Mexico,LATAM,SMB,France,1,1.0,32,32,0,100.0,100.0,0.0
2026-01-01,SUP-022,Supplier 022,USA,NA,PLT-00,Shanghai Hub,China,APAC,Enterprise,Australia,1,1.0,38,38,0,100.0,100.0,0.0
2026-01-01,SUP-022,Supplier 022,USA,NA,PLT-05,Monterrey Plant,Mexico,LATAM,SMB,Singapore,1,1.0,15,15,0,100.0,100.0,0.0
2026-01-01,SUP-022,Supplier 022,USA,NA,PLT-01,Munich Center,Germany,EMEA,Enterprise,USA,1,2.0,102,131,0,128.43,100.0,0.0
2026-01-01,SUP-022,Supplier 022,USA,NA,PLT-01,Munich Center,Germany,EMEA,Enterprise,Japan,1,1.0,21,21,0,100.0,100.0,0.0
2026-01-01,SUP-022,Supplier 022,USA,NA,PLT-03,Tokyo Precision,Japan,APAC,SMB,Japan,1,1.0,38,38,0,100.0,100.0,0.0
2026-01-01,SUP-022,Supplier 022,USA,NA,PLT-06,Sao Paulo Ops,Brazil,LATAM,SMB,USA,1,1.0,23,23,0,100.0,100.0,0.0
2026-01-01,SUP-023,Supplier 023,Japan,APAC,PLT-03,Tokyo Precision,Japan,APAC,SMB,Canada,1,1.0,23,20,3,86.96,0.0,240.57
2026-01-01,SUP-023,Supplier 023,Japan,APAC,PLT-05,Monterrey Plant,Mexico,LATAM,Enterprise,Australia,1,1.0,61,61,0,100.0,100.0,0.0
2026-01-01,SUP-023,Supplier 023,Japan,APAC,PLT-05,Monterrey Plant,Mexico,LATAM,Enterprise,Japan,1,2.0,53,63,0,118.87,100.0,0.0
2026-01-01,SUP-023,Supplier 023,Japan,APAC,PLT-04,Chennai Forge,India,APAC,SMB,UK,1,1.0,149,123,26,82.55,0.0,1742.78
2026-01-01,SUP-023,Supplier 023,Japan,APAC,PLT-01,Munich Center,Germany,EMEA,SMB,Australia,1,2.0,77,79,0,102.6,100.0,0.0
2026-01-01,SUP-023,Supplier 023,Japan,APAC,PLT-07,Seoul Tech,South Korea,APAC,SMB,France,1,1.0,109,109,0,100.0,100.0,0.0
2026-01-01,SUP-023,Supplier 023,Japan,APAC,PLT-05,Monterrey Plant,Mexico,LATAM,SMB,UK,1,1.0,94,74,20,78.72,0.0,4720.4
2026-01-01,SUP-023,Supplier 023,Japan,APAC,PLT-01,Munich Center,Germany,EMEA,Government,Germany,1,2.0,46,59,0,128.26,100.0,0.0
2026-01-01,SUP-023,Supplier 023,Japan,APAC,PLT-04,Chennai Forge,India,APAC,Government,Canada,1,1.0,2,2,0,100.0,100.0,0.0
2026-01-01,SUP-024,Supplier 024,India,APAC,PLT-05,Monterrey Plant,Mexico,LATAM,SMB,Germany,1,1.0,32,27,5,84.38,0.0,178.4
2026-01-01,SUP-024,Supplier 024,India,APAC,PLT-03,Tokyo Precision,Japan,APAC,SMB,USA,1,1.0,153,153,0,100.0,100.0,0.0
2026-01-01,SUP-024,Supplier 024,India,APAC,PLT-08,Taipei Micro,Taiwan,APAC,SMB,France,1,1.0,170,159,11,93.53,0.0,953.04
2026-01-01,SUP-024,Supplier 024,India,APAC,PLT-00,Shanghai Hub,China,APAC,SMB,Japan,1,1.0,15,15,0,100.0,100.0,0.0
2026-01-01,SUP-024,Supplier 024,India,APAC,PLT-06,Sao Paulo Ops,Brazil,LATAM,SMB,Singapore,1,1.0,102,59,43,57.84,0.0,10280.87
2026-01-01,SUP-025,Supplier 025,Mexico,LATAM,PLT-02,Detroit Works,USA,NA,Enterprise,UK,1,2.0,90,81,9,90.0,0.0,2141.82
2026-01-01,SUP-025,Supplier 025,Mexico,LATAM,PLT-08,Taipei Micro,Taiwan,APAC,Enterprise,USA,1,1.0,55,54,1,98.18,0.0,419.67
2026-01-01,SUP-025,Supplier 025,Mexico,LATAM,PLT-01,Munich Center,Germany,EMEA,Enterprise,France,1,1.0,27,27,0,100.0,100.0,0.0
2026-01-01,SUP-025,Supplier 025,Mexico,LATAM,PLT-05,Monterrey Plant,Mexico,LATAM,Government,Singapore,1,1.0,110,110,0,100.0,100.0,0.0
2026-01-01,SUP-025,Supplier 025,Mexico,LATAM,PLT-00,Shanghai Hub,China,APAC,SMB,Japan,1,1.0,142,119,23,83.8,0.0,7813.79
2026-01-01,SUP-025,Supplier 025,Mexico,LATAM,PLT-05,Monterrey Plant,Mexico,LATAM,Enterprise,Germany,1,1.0,71,71,0,100.0,100.0,0.0
2026-01-01,SUP-025,Supplier 025,Mexico,LATAM,PLT-01,Munich Center,Germany,EMEA,Enterprise,Japan,1,1.0,56,56,0,100.0,100.0,0.0
2026-01-01,SUP-025,Supplier 025,Mexico,LATAM,PLT-05,Monterrey Plant,Mexico,LATAM,SMB,Singapore,1,1.0,70,68,2,97.14,0.0,117.08
2026-01-01,SUP-025,Supplier 025,Mexico,LATAM,PLT-02,Detroit Works,USA,NA,SMB,USA,1,1.0,179,179,0,100.0,100.0,0.0
2026-01-01,SUP-026,Supplier 026,Brazil,LATAM,PLT-00,Shanghai Hub,China,APAC,Government,Australia,1,2.0,24,28,0,116.67,100.0,0.0
2026-01-01,SUP-026,Supplier 026,Brazil,LATAM,PLT-09,Hanoi Assembly,Vietnam,APAC,SMB,Australia,1,1.0,23,23,0,100.0,100.0,0.0
2026-01-01,SUP-026,Supplier 026,Brazil,LATAM,PLT-02,Detroit Works,USA,NA,Enterprise,France,1,2.0,32,31,1,96.88,0.0,382.1
2026-01-01,SUP-026,Supplier 026,Brazil,LATAM,PLT-08,Taipei Micro,Taiwan,APAC,Enterprise,Japan,1,1.0,142,142,0,100.0,100.0,0.0
2026-01-01,SUP-026,Supplier 026,Brazil,LATAM,PLT-09,Hanoi Assembly,Vietnam,APAC,Enterprise,Australia,1,1.0,185,185,0,100.0,100.0,0.0
2026-01-01,SUP-026,Supplier 026,Brazil,LATAM,PLT-03,Tokyo Precision,Japan,APAC,SMB,Singapore,1,1.0,109,109,0,100.0,100.0,0.0
2026-01-01,SUP-026,Supplier 026,Brazil,LATAM,PLT-06,Sao Paulo Ops,Brazil,LATAM,Enterprise,USA,1,1.0,44,44,0,100.0,100.0,0.0
2026-01-01,SUP-026,Supplier 026,Brazil,LATAM,PLT-01,Munich Center,Germany,EMEA,SMB,UK,1,1.0,51,42,9,82.35,0.0,1766.34
2026-01-01,SUP-027,Supplier 027,South Korea,APAC,PLT-03,Tokyo Precision,Japan,APAC,SMB,Australia,1,2.0,73,58,15,79.45,0.0,802.2
2026-01-01,SUP-027,Supplier 027,South Korea,APAC,PLT-02,Detroit Works,USA,NA,Enterprise,France,1,2.0,27,32,0,118.52,100.0,0.0
2026-01-01,SUP-027,Supplier 027,South Korea,APAC,PLT-07,Seoul Tech,South Korea,APAC,SMB,Australia,1,2.0,171,214,0,125.15,100.0,0.0
2026-01-01,SUP-027,Supplier 027,South Korea,APAC,PLT-02,Detroit Works,USA,NA,SMB,France,1,1.0,31,31,0,100.0,100.0,0.0
2026-01-01,SUP-027,Supplier 027,South Korea,APAC,PLT-09,Hanoi Assembly,Vietnam,APAC,SMB,USA,1,1.0,6,6,0,100.0,100.0,0.0
2026-01-01,SUP-027,Supplier 027,South Korea,APAC,PLT-06,Sao Paulo Ops,Brazil,LATAM,SMB,Canada,1,2.0,9,11,0,122.22,100.0,0.0
2026-01-01,SUP-027,Supplier 027,South Korea,APAC,PLT-09,Hanoi Assembly,Vietnam,APAC,Government,Germany,1,1.0,7,7,0,100.0,100.0,0.0
2026-01-01,SUP-027,Supplier 027,South Korea,APAC,PLT-01,Munich Center,Germany,EMEA,SMB,Singapore,2,2.0,154,153,1,99.35,50.0,114.89
2026-01-01,SUP-027,Supplier 027,South Korea,APAC,PLT-06,Sao Paulo Ops,Brazil,LATAM,Government,France,1,1.0,86,46,40,53.49,0.0,14136.0
2026-01-01,SUP-028,Supplier 028,Taiwan,APAC,PLT-08,Taipei Micro,Taiwan,APAC,Government,USA,1,1.0,30,29,1,96.67,0.0,277.07
2026-01-01,SUP-028,Supplier 028,Taiwan,APAC,PLT-06,Sao Paulo Ops,Brazil,LATAM,Enterprise,Canada,1,1.0,125,125,0,100.0,100.0,0.0
2026-01-01,SUP-028,Supplier 028,Taiwan,APAC,PLT-06,Sao Paulo Ops,Brazil,LATAM,SMB,USA,1,1.0,96,96,0,100.0,100.0,0.0
2026-01-01,SUP-028,Supplier 028,Taiwan,APAC,PLT-01,Munich Center,Germany,EMEA,Enterprise,Japan,1,1.0,75,68,7,90.67,0.0,2073.12
2026-01-01,SUP-028,Supplier 028,Taiwan,APAC,PLT-06,Sao Paulo Ops,Brazil,LATAM,Enterprise,USA,1,1.0,161,150,11,93.17,0.0,456.39
2026-01-01,SUP-028,Supplier 028,Taiwan,APAC,PLT-08,Taipei Micro,Taiwan,APAC,Enterprise,USA,1,2.0,35,33,2,94.29,0.0,50.34
2026-01-01,SUP-028,Supplier 028,Taiwan,APAC,PLT-08,Taipei Micro,Taiwan,APAC,Enterprise,Japan,1,1.0,17,17,0,100.0,100.0,0.0
2026-01-01,SUP-028,Supplier 028,Taiwan,APAC,PLT-02,Detroit Works,USA,NA,SMB,USA,1,1.0,171,157,14,91.81,0.0,3249.82
2026-01-01,SUP-028,Supplier 028,Taiwan,APAC,PLT-02,Detroit Works,USA,NA,SMB,Singapore,1,1.0,53,53,0,100.0,100.0,0.0
2026-01-01,SUP-029,Supplier 029,Vietnam,APAC,PLT-05,Monterrey Plant,Mexico,LATAM,Enterprise,USA,1,1.0,23,18,5,78.26,0.0,356.9
2026-01-01,SUP-029,Supplier 029,Vietnam,APAC,PLT-08,Taipei Micro,Taiwan,APAC,Enterprise,France,1,2.0,15,19,0,126.67,100.0,0.0
2026-01-01,SUP-029,Supplier 029,Vietnam,APAC,PLT-00,Shanghai Hub,China,APAC,SMB,Germany,1,1.0,118,118,0,100.0,100.0,0.0
2026-01-01,SUP-030,Supplier 030,China,APAC,PLT-02,Detroit Works,USA,NA,Government,USA,1,1.0,28,28,0,100.0,100.0,0.0
2026-01-01,SUP-030,Supplier 030,China,APAC,PLT-05,Monterrey Plant,Mexico,LATAM,Government,USA,1,1.0,28,28,0,100.0,100.0,0.0
2026-01-01,SUP-030,Supplier 030,China,APAC,PLT-02,Detroit Works,USA,NA,SMB,France,1,1.0,92,58,34,63.04,0.0,1440.58
2026-01-01,SUP-030,Supplier 030,China,APAC,PLT-01,Munich Center,Germany,EMEA,Enterprise,Singapore,1,1.0,82,82,0,100.0,100.0,0.0
2026-01-01,SUP-030,Supplier 030,China,APAC,PLT-09,Hanoi Assembly,Vietnam,APAC,Enterprise,Japan,1,1.0,50,45,5,90.0,0.0,1595.9
2026-01-01,SUP-030,Supplier 030,China,APAC,PLT-07,Seoul Tech,South Korea,APAC,Enterprise,France,1,1.0,252,252,0,100.0,100.0,0.0
2026-01-01,SUP-030,Supplier 030,China,APAC,PLT-08,Taipei Micro,Taiwan,APAC,SMB,Australia,1,1.0,8,8,0,100.0,100.0,0.0
2026-01-01,SUP-030,Supplier 030,China,APAC,PLT-01,Munich Center,Germany,EMEA,SMB,Australia,1,1.0,80,73,7,91.25,0.0,3378.13
2026-01-01,SUP-030,Supplier 030,China,APAC,PLT-08,Taipei Micro,Taiwan,APAC,Enterprise,USA,1,2.0,31,36,0,116.13,100.0,0.0
2026-01-01,SUP-031,Supplier 031,Germany,EMEA,PLT-09,Hanoi Assembly,Vietnam,APAC,Enterprise,Singapore,1,1.0,124,112,12,90.32,0.0,4536.6
2026-01-01,SUP-031,Supplier 031,Germany,EMEA,PLT-00,Shanghai Hub,China,APAC,Enterprise,UK,1,1.0,104,73,31,70.19,0.0,13047.59
2026-01-01,SUP-031,Supplier 031,Germany,EMEA,PLT-05,Monterrey Plant,Mexico,LATAM,Enterprise,Canada,1,1.0,24,24,0,100.0,100.0,0.0
2026-01-01,SUP-031,Supplier 031,Germany,EMEA,PLT-06,Sao Paulo Ops,Brazil,LATAM,SMB,France,1,2.0,51,47,4,92.16,0.0,386.08
2026-01-01,SUP-031,Supplier 031,Germany,EMEA,PLT-08,Taipei Micro,Taiwan,APAC,Government,Singapore,1,2.0,66,76,0,115.15,100.0,0.0
2026-01-01,SUP-031,Supplier 031,Germany,EMEA,PLT-00,Shanghai Hub,China,APAC,Enterprise,Germany,1,1.0,12,12,0,100.0,100.0,0.0
2026-01-01,SUP-032,Supplier 032,USA,NA,PLT-06,Sao Paulo Ops,Brazil,LATAM,Enterprise,Germany,1,1.0,14,14,0,100.0,100.0,0.0
2026-01-01,SUP-032,Supplier 032,USA,NA,PLT-02,Detroit Works,USA,NA,SMB,UK,1,1.0,44,43,1,97.73,0.0,194.97
2026-01-01,SUP-032,Supplier 032,USA,NA,PLT-06,Sao Paulo Ops,Brazil,LATAM,Enterprise,France,1,1.0,14,14,0,100.0,100.0,0.0
2026-01-01,SUP-032,Supplier 032,USA,NA,PLT-08,Taipei Micro,Taiwan,APAC,Enterprise,France,1,1.0,43,42,1,97.67,0.0,264.63
2026-01-01,SUP-032,Supplier 032,USA,NA,PLT-09,Hanoi Assembly,Vietnam,APAC,Enterprise,Japan,1,1.0,13,13,0,100.0,100.0,0.0
2026-01-01,SUP-032,Supplier 032,USA,NA,PLT-04,Chennai Forge,India,APAC,SMB,France,1,1.0,50,39,11,78.0,0.0,4622.64
2026-01-01,SUP-032,Supplier 032,USA,NA,PLT-03,Tokyo Precision,Japan,APAC,Enterprise,Singapore,1,1.0,160,160,0,100.0,100.0,0.0
2026-01-01,SUP-033,Supplier 033,Japan,APAC,PLT-01,Munich Center,Germany,EMEA,Government,Australia,1,1.0,210,172,38,81.9,0.0,7587.84
2026-01-01,SUP-033,Supplier 033,Japan,APAC,PLT-01,Munich Center,Germany,EMEA,Enterprise,Japan,1,1.0,99,99,0,100.0,100.0,0.0
2026-01-01,SUP-033,Supplier 033,Japan,APAC,PLT-05,Monterrey Plant,Mexico,LATAM,SMB,Japan,1,2.0,24,26,0,108.33,100.0,0.0
2026-01-01,SUP-033,Supplier 033,Japan,APAC,PLT-01,Munich Center,Germany,EMEA,Government,Japan,1,1.0,97,97,0,100.0,100.0,0.0
2026-01-01,SUP-033,Supplier 033,Japan,APAC,PLT-03,Tokyo Precision,Japan,APAC,SMB,Germany,1,1.0,61,61,0,100.0,100.0,0.0
2026-01-01,SUP-033,Supplier 033,Japan,APAC,PLT-02,Detroit Works,USA,NA,Government,Australia,1,1.0,12,10,2,83.33,0.0,119.06
2026-01-01,SUP-033,Supplier 033,Japan,APAC,PLT-02,Detroit Works,USA,NA,Enterprise,USA,1,1.0,26,26,0,100.0,100.0,0.0
2026-01-01,SUP-033,Supplier 033,Japan,APAC,PLT-00,Shanghai Hub,China,APAC,Enterprise,USA,1,1.0,11,11,0,100.0,100.0,0.0
2026-01-01,SUP-033,Supplier 033,Japan,APAC,PLT-05,Monterrey Plant,Mexico,LATAM,SMB,Australia,1,1.0,11,11,0,100.0,100.0,0.0
2026-01-01,SUP-034,Supplier 034,India,APAC,PLT-02,Detroit Works,USA,NA,Enterprise,France,1,1.0,73,73,0,100.0,100.0,0.0
2026-01-01,SUP-034,Supplier 034,India,APAC,PLT-03,Tokyo Precision,Japan,APAC,Government,Germany,1,1.0,47,47,0,100.0,100.0,0.0
2026-01-01,SUP-034,Supplier 034,India,APAC,PLT-06,Sao Paulo Ops,Brazil,LATAM,SMB,Singapore,1,1.0,74,40,34,54.05,0.0,8651.98
2026-01-01,SUP-034,Supplier 034,India,APAC,PLT-00,Shanghai Hub,China,APAC,Enterprise,USA,1,1.0,94,48,46,51.06,0.0,20435.04
2026-01-01,SUP-034,Supplier 034,India,APAC,PLT-02,Detroit Works,USA,NA,Government,Germany,1,2.0,106,131,0,123.58,100.0,0.0
2026-01-01,SUP-034,Supplier 034,India,APAC,PLT-05,Monterrey Plant,Mexico,LATAM,SMB,Canada,1,1.0,20,20,0,100.0,100.0,0.0
2026-01-01,SUP-034,Supplier 034,India,APAC,PLT-02,Detroit Works,USA,NA,SMB,Germany,1,1.0,140,140,0,100.0,100.0,0.0
2026-01-01,SUP-035,Supplier 035,Mexico,LATAM,PLT-08,Taipei Micro,Taiwan,APAC,Government,USA,1,1.0,62,62,0,100.0,100.0,0.0
2026-01-01,SUP-035,Supplier 035,Mexico,LATAM,PLT-04,Chennai Forge,India,APAC,Enterprise,Canada,1,1.0,101,101,0,100.0,100.0,0.0
2026-01-01,SUP-035,Supplier 035,Mexico,LATAM,PLT-07,Seoul Tech,South Korea,APAC,SMB,Australia,1,1.0,43,36,7,83.72,0.0,1628.62
2026-01-01,SUP-035,Supplier 035,Mexico,LATAM,PLT-02,Detroit Works,USA,NA,Enterprise,Japan,1,1.0,42,42,0,100.0,100.0,0.0
2026-01-01,SUP-036,Supplier 036,Brazil,LATAM,PLT-06,Sao Paulo Ops,Brazil,LATAM,SMB,Canada,1,1.0,90,90,0,100.0,100.0,0.0
2026-01-01,SUP-037,Supplier 037,South Korea,APAC,PLT-00,Shanghai Hub,China,APAC,SMB,UK,1,1.0,129,129,0,100.0,100.0,0.0
2026-01-01,SUP-037,Supplier 037,South Korea,APAC,PLT-01,Munich Center,Germany,EMEA,Government,USA,1,1.0,152,152,0,100.0,100.0,0.0
2026-01-01,SUP-037,Supplier 037,South Korea,APAC,PLT-06,Sao Paulo Ops,Brazil,LATAM,SMB,Singapore,1,1.0,23,18,5,78.26,0.0,2138.65
2026-01-01,SUP-037,Supplier 037,South Korea,APAC,PLT-04,Chennai Forge,India,APAC,Enterprise,Germany,1,1.0,14,14,0,100.0,100.0,0.0
2026-01-01,SUP-037,Supplier 037,South Korea,APAC,PLT-01,Munich Center,Germany,EMEA,SMB,Australia,1,1.0,74,74,0,100.0,100.0,0.0
2026-01-01,SUP-037,Supplier 037,South Korea,APAC,PLT-04,Chennai Forge,India,APAC,SMB,Japan,1,1.0,49,37,12,75.51,0.0,765.36
2026-01-01,SUP-037,Supplier 037,South Korea,APAC,PLT-07,Seoul Tech,South Korea,APAC,Government,Germany,1,1.0,3,3,0,100.0,100.0,0.0
2026-01-01,SUP-037,Supplier 037,South Korea,APAC,PLT-00,Shanghai Hub,China,APAC,SMB,France,1,1.0,70,68,2,97.14,0.0,631.54
2026-01-01,SUP-038,Supplier 038,Taiwan,APAC,PLT-01,Munich Center,Germany,EMEA,Enterprise,France,1,1.0,80,80,0,100.0,100.0,0.0
2026-01-01,SUP-038,Supplier 038,Taiwan,APAC,PLT-09,Hanoi Assembly,Vietnam,APAC,SMB,France,1,1.0,36,31,5,86.11,0.0,112.4
2026-01-01,SUP-038,Supplier 038,Taiwan,APAC,PLT-03,Tokyo Precision,Japan,APAC,Enterprise,Singapore,1,1.0,217,217,0,100.0,100.0,0.0
2026-01-01,SUP-038,Supplier 038,Taiwan,APAC,PLT-00,Shanghai Hub,China,APAC,Enterprise,Australia,1,1.0,114,114,0,100.0,100.0,0.0
2026-01-01,SUP-038,Supplier 038,Taiwan,APAC,PLT-01,Munich Center,Germany,EMEA,Enterprise,Canada,1,2.0,46,43,3,93.48,0.0,1400.01
2026-01-01,SUP-038,Supplier 038,Taiwan,APAC,PLT-01,Munich Center,Germany,EMEA,SMB,Australia,1,1.0,8,8,0,100.0,100.0,0.0
2026-01-01,SUP-038,Supplier 038,Taiwan,APAC,PLT-09,Hanoi Assembly,Vietnam,APAC,SMB,Australia,1,2.0,110,126,0,114.55,100.0,0.0
2026-01-01,SUP-038,Supplier 038,Taiwan,APAC,PLT-04,Chennai Forge,India,APAC,SMB,Japan,1,1.0,61,61,0,100.0,100.0,0.0
2026-01-01,SUP-039,Supplier 039,Vietnam,APAC,PLT-07,Seoul Tech,South Korea,APAC,SMB,Australia,1,1.0,54,54,0,100.0,100.0,0.0
2026-01-01,SUP-039,Supplier 039,Vietnam,APAC,PLT-05,Monterrey Plant,Mexico,LATAM,Enterprise,Australia,1,1.0,57,57,0,100.0,100.0,0.0
2026-01-01,SUP-039,Supplier 039,Vietnam,APAC,PLT-04,Chennai Forge,India,APAC,Enterprise,UK,1,1.0,130,130,0,100.0,100.0,0.0
2026-01-01,SUP-039,Supplier 039,Vietnam,APAC,PLT-00,Shanghai Hub,China,APAC,SMB,France,1,1.0,40,40,0,100.0,100.0,0.0
2026-01-01,SUP-039,Supplier 039,Vietnam,APAC,PLT-04,Chennai Forge,India,APAC,SMB,France,1,2.0,61,70,0,114.75,100.0,0.0
2026-01-01,SUP-039,Supplier 039,Vietnam,APAC,PLT-02,Detroit Works,USA,NA,SMB,Singapore,1,1.0,28,28,0,100.0,100.0,0.0
2026-01-01,SUP-039,Supplier 039,Vietnam,APAC,PLT-06,Sao Paulo Ops,Brazil,LATAM,Government,Australia,1,1.0,49,49,0,100.0,100.0,0.0
2026-01-01,SUP-040,Supplier 040,China,APAC,PLT-02,Detroit Works,USA,NA,SMB,France,1,1.0,126,126,0,100.0,100.0,0.0
2026-01-01,SUP-040,Supplier 040,China,APAC,PLT-04,Chennai Forge,India,APAC,Government,France,1,1.0,304,267,37,87.83,0.0,10682.64
2026-01-01,SUP-040,Supplier 040,China,APAC,PLT-07,Seoul Tech,South Korea,APAC,Government,Germany,1,1.0,75,75,0,100.0,100.0,0.0
2026-01-01,SUP-040,Supplier 040,China,APAC,PLT-06,Sao Paulo Ops,Brazil,LATAM,SMB,Singapore,1,1.0,35,35,0,100.0,100.0,0.0
2026-01-01,SUP-040,Supplier 040,China,APAC,PLT-03,Tokyo Precision,Japan,APAC,Government,UK,1,2.0,82,99,0,120.73,100.0,0.0
2026-01-01,SUP-040,Supplier 040,China,APAC,PLT-00,Shanghai Hub,China,APAC,Enterprise,Japan,1,1.0,23,23,0,100.0,100.0,0.0
2026-01-01,SUP-041,Supplier 041,Germany,EMEA,PLT-08,Taipei Micro,Taiwan,APAC,SMB,UK,1,1.0,17,11,6,64.71,0.0,2713.02
2026-01-01,SUP-041,Supplier 041,Germany,EMEA,PLT-00,Shanghai Hub,China,APAC,SMB,France,1,2.0,43,51,0,118.6,100.0,0.0
2026-01-01,SUP-041,Supplier 041,Germany,EMEA,PLT-07,Seoul Tech,South Korea,APAC,SMB,UK,1,1.0,10,10,0,100.0,100.0,0.0
2026-01-01,SUP-041,Supplier 041,Germany,EMEA,PLT-05,Monterrey Plant,Mexico,LATAM,SMB,Canada,1,1.0,80,80,0,100.0,100.0,0.0
2026-01-01,SUP-042,Supplier 042,USA,NA,PLT-09,Hanoi Assembly,Vietnam,APAC,Enterprise,Australia,1,1.0,17,17,0,100.0,100.0,0.0
2026-01-01,SUP-042,Supplier 042,USA,NA,PLT-01,Munich Center,Germany,EMEA,SMB,Australia,1,1.0,107,107,0,100.0,100.0,0.0
2026-01-01,SUP-042,Supplier 042,USA,NA,PLT-06,Sao Paulo Ops,Brazil,LATAM,Enterprise,France,1,1.0,97,91,6,93.81,0.0,2882.82
2026-01-01,SUP-042,Supplier 042,USA,NA,PLT-05,Monterrey Plant,Mexico,LATAM,Enterprise,Canada,1,1.0,117,117,0,100.0,100.0,0.0
2026-01-01,SUP-042,Supplier 042,USA,NA,PLT-06,Sao Paulo Ops,Brazil,LATAM,SMB,Canada,1,1.0,37,37,0,100.0,100.0,0.0
2026-01-01,SUP-043,Supplier 043,Japan,APAC,PLT-04,Chennai Forge,India,APAC,SMB,Germany,1,1.0,17,15,2,88.24,0.0,209.56
2026-01-01,SUP-043,Supplier 043,Japan,APAC,PLT-01,Munich Center,Germany,EMEA,Government,Australia,1,1.0,59,38,21,64.41,0.0,5765.13
2026-01-01,SUP-043,Supplier 043,Japan,APAC,PLT-08,Taipei Micro,Taiwan,APAC,Government,USA,1,1.0,138,116,22,84.06,0.0,6317.96
2026-01-01,SUP-043,Supplier 043,Japan,APAC,PLT-07,Seoul Tech,South Korea,APAC,SMB,Australia,1,1.0,28,28,0,100.0,100.0,0.0
2026-01-01,SUP-043,Supplier 043,Japan,APAC,PLT-07,Seoul Tech,South Korea,APAC,Enterprise,Canada,1,2.0,111,134,0,120.72,100.0,0.0
2026-01-01,SUP-043,Supplier 043,Japan,APAC,PLT-09,Hanoi Assembly,Vietnam,APAC,Enterprise,Canada,1,1.0,33,33,0,100.0,100.0,0.0
2026-01-01,SUP-043,Supplier 043,Japan,APAC,PLT-03,Tokyo Precision,Japan,APAC,SMB,Singapore,1,1.0,60,60,0,100.0,100.0,0.0
2026-01-01,SUP-044,Supplier 044,India,APAC,PLT-05,Monterrey Plant,Mexico,LATAM,SMB,UK,1,2.0,65,83,0,127.69,100.0,0.0
2026-01-01,SUP-044,Supplier 044,India,APAC,PLT-06,Sao Paulo Ops,Brazil,LATAM,Enterprise,Canada,1,1.0,50,50,0,100.0,100.0,0.0
2026-01-01,SUP-044,Supplier 044,India,APAC,PLT-04,Chennai Forge,India,APAC,SMB,Germany,1,1.0,20,18,2,90.0,0.0,212.88
2026-01-01,SUP-044,Supplier 044,India,APAC,PLT-08,Taipei Micro,Taiwan,APAC,Enterprise,Japan,1,1.0,131,131,0,100.0,100.0,0.0
2026-01-01,SUP-044,Supplier 044,India,APAC,PLT-01,Munich Center,Germany,EMEA,Government,Australia,1,1.0,120,120,0,100.0,100.0,0.0
2026-01-01,SUP-044,Supplier 044,India,APAC,PLT-06,Sao Paulo Ops,Brazil,LATAM,SMB,Japan,1,1.0,186,186,0,100.0,100.0,0.0
2026-01-01,SUP-044,Supplier 044,India,APAC,PLT-04,Chennai Forge,India,APAC,SMB,USA,1,1.0,61,44,17,72.13,0.0,1257.66
2026-01-01,SUP-044,Supplier 044,India,APAC,PLT-01,Munich Center,Germany,EMEA,Enterprise,Australia,1,1.0,39,39,0,100.0,100.0,0.0
2026-01-01,SUP-044,Supplier 044,India,APAC,PLT-05,Monterrey Plant,Mexico,LATAM,SMB,Canada,1,1.0,46,39,7,84.78,0.0,1102.01
2026-01-01,SUP-045,Supplier 045,Mexico,LATAM,PLT-08,Taipei Micro,Taiwan,APAC,SMB,Australia,1,1.0,85,81,4,95.29,0.0,1659.32
2026-01-01,SUP-045,Supplier 045,Mexico,LATAM,PLT-08,Taipei Micro,Taiwan,APAC,Government,UK,1,1.0,75,75,0,100.0,100.0,0.0
2026-01-01,SUP-045,Supplier 045,Mexico,LATAM,PLT-07,Seoul Tech,South Korea,APAC,SMB,Singapore,1,1.0,45,45,0,100.0,100.0,0.0
2026-01-01,SUP-045,Supplier 045,Mexico,LATAM,PLT-07,Seoul Tech,South Korea,APAC,SMB,UK,1,1.0,6,6,0,100.0,100.0,0.0
2026-01-01,SUP-045,Supplier 045,Mexico,LATAM,PLT-00,Shanghai Hub,China,APAC,SMB,Singapore,1,1.0,24,24,0,100.0,100.0,0.0
2026-01-01,SUP-045,Supplier 045,Mexico,LATAM,PLT-03,Tokyo Precision,Japan,APAC,Enterprise,UK,1,1.0,145,145,0,100.0,100.0,0.0
2026-01-01,SUP-045,Supplier 045,Mexico,LATAM,PLT-01,Munich Center,Germany,EMEA,SMB,France,1,1.0,9,9,0,100.0,100.0,0.0
2026-01-01,SUP-045,Supplier 045,Mexico,LATAM,PLT-07,Seoul Tech,South Korea,APAC,SMB,Australia,1,1.0,124,124,0,100.0,100.0,0.0
2026-01-01,SUP-045,Supplier 045,Mexico,LATAM,PLT-01,Munich Center,Germany,EMEA,Enterprise,Japan,1,1.0,70,70,0,100.0,100.0,0.0
2026-01-01,SUP-046,Supplier 046,Brazil,LATAM,PLT-05,Monterrey Plant,Mexico,LATAM,Government,Australia,1,1.0,63,63,0,100.0,100.0,0.0
2026-01-01,SUP-046,Supplier 046,Brazil,LATAM,PLT-07,Seoul Tech,South Korea,APAC,Enterprise,USA,1,2.0,29,33,0,113.79,100.0,0.0
2026-01-01,SUP-046,Supplier 046,Brazil,LATAM,PLT-01,Munich Center,Germany,EMEA,SMB,Singapore,1,1.0,169,169,0,100.0,100.0,0.0
2026-01-01,SUP-046,Supplier 046,Brazil,LATAM,PLT-03,Tokyo Precision,Japan,APAC,SMB,France,1,1.0,216,216,0,100.0,100.0,0.0
2026-01-01,SUP-046,Supplier 046,Brazil,LATAM,PLT-05,Monterrey Plant,Mexico,LATAM,SMB,Singapore,1,1.0,76,76,0,100.0,100.0,0.0
2026-01-01,SUP-046,Supplier 046,Brazil,LATAM,PLT-03,Tokyo Precision,Japan,APAC,Government,Germany,1,1.0,12,12,0,100.0,100.0,0.0
2026-01-01,SUP-046,Supplier 046,Brazil,LATAM,PLT-02,Detroit Works,USA,NA,SMB,Australia,1,1.0,48,48,0,100.0,100.0,0.0
2026-01-01,SUP-046,Supplier 046,Brazil,LATAM,PLT-04,Chennai Forge,India,APAC,Enterprise,Singapore,1,1.0,171,150,21,87.72,0.0,8936.97
2026-01-01,SUP-046,Supplier 046,Brazil,LATAM,PLT-07,Seoul Tech,South Korea,APAC,SMB,UK,1,1.0,75,75,0,100.0,100.0,0.0
2026-01-01,SUP-046,Supplier 046,Brazil,LATAM,PLT-04,Chennai Forge,India,APAC,SMB,Australia,1,2.0,25,31,0,124.0,100.0,0.0
2026-01-01,SUP-047,Supplier 047,South Korea,APAC,PLT-03,Tokyo Precision,Japan,APAC,Government,Australia,1,2.0,67,80,0,119.4,100.0,0.0
2026-01-01,SUP-047,Supplier 047,South Korea,APAC,PLT-04,Chennai Forge,India,APAC,SMB,USA,1,1.0,54,54,0,100.0,100.0,0.0
2026-01-01,SUP-047,Supplier 047,South Korea,APAC,PLT-08,Taipei Micro,Taiwan,APAC,Government,Germany,1,1.0,25,17,8,68.0,0.0,839.28
2026-01-01,SUP-047,Supplier 047,South Korea,APAC,PLT-04,Chennai Forge,India,APAC,Government,Singapore,1,2.0,95,110,0,115.79,100.0,0.0
2026-01-01,SUP-047,Supplier 047,South Korea,APAC,PLT-03,Tokyo Precision,Japan,APAC,Government,France,1,2.0,27,31,0,114.81,100.0,0.0
2026-01-01,SUP-047,Supplier 047,South Korea,APAC,PLT-06,Sao Paulo Ops,Brazil,LATAM,Government,Australia,1,1.0,108,108,0,100.0,100.0,0.0
2026-01-01,SUP-047,Supplier 047,South Korea,APAC,PLT-04,Chennai Forge,India,APAC,SMB,UK,1,1.0,111,111,0,100.0,100.0,0.0
2026-01-01,SUP-047,Supplier 047,South Korea,APAC,PLT-03,Tokyo Precision,Japan,APAC,SMB,Germany,1,1.0,80,80,0,100.0,100.0,0.0
2026-01-01,SUP-048,Supplier 048,Taiwan,APAC,PLT-04,Chennai Forge,India,APAC,SMB,Singapore,1,1.0,105,105,0,100.0,100.0,0.0
2026-01-01,SUP-048,Supplier 048,Taiwan,APAC,PLT-02,Detroit Works,USA,NA,Government,Germany,1,1.0,96,68,28,70.83,0.0,9743.16
2026-01-01,SUP-048,Supplier 048,Taiwan,APAC,PLT-07,Seoul Tech,South Korea,APAC,SMB,Canada,1,1.0,5,3,2,60.0,0.0,584.16
2026-01-01,SUP-048,Supplier 048,Taiwan,APAC,PLT-01,Munich Center,Germany,EMEA,SMB,Japan,1,1.0,85,85,0,100.0,100.0,0.0
2026-01-01,SUP-049,Supplier 049,Vietnam,APAC,PLT-01,Munich Center,Germany,EMEA,Enterprise,USA,1,2.0,47,41,6,87.23,0.0,2503.08
2026-01-01,SUP-049,Supplier 049,Vietnam,APAC,PLT-05,Monterrey Plant,Mexico,LATAM,Government,Canada,1,1.0,31,31,0,100.0,100.0,0.0
2026-01-01,SUP-049,Supplier 049,Vietnam,APAC,PLT-00,Shanghai Hub,China,APAC,SMB,Singapore,1,1.0,129,129,0,100.0,100.0,0.0
2026-01-01,SUP-049,Supplier 049,Vietnam,APAC,PLT-03,Tokyo Precision,Japan,APAC,Enterprise,Japan,1,2.0,142,167,0,117.61,100.0,0.0
2026-01-01,SUP-049,Supplier 049,Vietnam,APAC,PLT-06,Sao Paulo Ops,Brazil,LATAM,Enterprise,Canada,1,1.0,59,55,4,93.22,0.0,997.68
2026-01-01,SUP-049,Supplier 049,Vietnam,APAC,PLT-09,Hanoi Assembly,Vietnam,APAC,SMB,Germany,1,1.0,45,24,21,53.33,0.0,2831.43
2026-01-01,SUP-049,Supplier 049,Vietnam,APAC,PLT-00,Shanghai Hub,China,APAC,Enterprise,USA,1,2.0,17,19,0,111.76,100.0,0.0
2026-01-01,SUP-049,Supplier 049,Vietnam,APAC,PLT-08,Taipei Micro,Taiwan,APAC,SMB,USA,1,2.0,16,20,0,125.0,100.0,0.0
2026-02-01,SUP-000,Supplier 000,China,APAC,PLT-09,Hanoi Assembly,Vietnam,APAC,SMB,Singapore,1,1.0,28,28,0,100.0,100.0,0.0
2026-02-01,SUP-000,Supplier 000,China,APAC,PLT-06,Sao Paulo Ops,Brazil,LATAM,Government,France,1,1.0,125,125,0,100.0,100.0,0.0
2026-02-01,SUP-000,Supplier 000,China,APAC,PLT-06,Sao Paulo Ops,Brazil,LATAM,SMB,Singapore,1,1.0,86,86,0,100.0,100.0,0.0
2026-02-01,SUP-000,Supplier 000,China,APAC,PLT-04,Chennai Forge,India,APAC,Enterprise,Canada,1,1.0,35,34,1,97.14,0.0,214.67
2026-02-01,SUP-000,Supplier 000,China,APAC,PLT-04,Chennai Forge,India,APAC,Enterprise,USA,1,1.0,101,101,0,100.0,100.0,0.0
2026-02-01,SUP-000,Supplier 000,China,APAC,PLT-06,Sao Paulo Ops,Brazil,LATAM,Enterprise,France,1,1.0,92,92,0,100.0,100.0,0.0
2026-02-01,SUP-000,Supplier 000,China,APAC,PLT-09,Hanoi Assembly,Vietnam,APAC,Government,Germany,1,1.0,154,135,19,87.66,0.0,1965.55
2026-02-01,SUP-000,Supplier 000,China,APAC,PLT-08,Taipei Micro,Taiwan,APAC,Government,Germany,1,1.0,101,58,43,57.43,0.0,8752.22
2026-02-01,SUP-000,Supplier 000,China,APAC,PLT-01,Munich Center,Germany,EMEA,Government,Canada,1,1.0,51,36,15,70.59,0.0,4892.4
2026-02-01,SUP-000,Supplier 000,China,APAC,PLT-07,Seoul Tech,South Korea,APAC,SMB,USA,1,1.0,3,3,0,100.0,100.0,0.0
2026-02-01,SUP-000,Supplier 000,China,APAC,PLT-05,Monterrey Plant,Mexico,LATAM,SMB,UK,1,1.0,65,65,0,100.0,100.0,0.0
2026-02-01,SUP-000,Supplier 000,China,APAC,PLT-03,Tokyo Precision,Japan,APAC,Government,USA,1,1.0,34,34,0,100.0,100.0,0.0
2026-02-01,SUP-001,Supplier 001,Germany,EMEA,PLT-08,Taipei Micro,Taiwan,APAC,SMB,Australia,1,1.0,53,53,0,100.0,100.0,0.0
2026-02-01,SUP-001,Supplier 001,Germany,EMEA,PLT-02,Detroit Works,USA,NA,Government,Germany,1,1.0,28,28,0,100.0,100.0,0.0
2026-02-01,SUP-001,Supplier 001,Germany,EMEA,PLT-03,Tokyo Precision,Japan,APAC,Enterprise,Germany,1,1.0,25,23,2,92.0,0.0,392.56
2026-02-01,SUP-001,Supplier 001,Germany,EMEA,PLT-07,Seoul Tech,South Korea,APAC,Government,USA,1,1.0,99,99,0,100.0,100.0,0.0
2026-02-01,SUP-001,Supplier 001,Germany,EMEA,PLT-05,Monterrey Plant,Mexico,LATAM,Enterprise,Japan,1,1.0,26,23,3,88.46,0.0,1057.8
2026-02-01,SUP-001,Supplier 001,Germany,EMEA,PLT-04,Chennai Forge,India,APAC,SMB,Singapore,1,1.0,152,152,0,100.0,100.0,0.0
2026-02-01,SUP-001,Supplier 001,Germany,EMEA,PLT-02,Detroit Works,USA,NA,Enterprise,Canada,1,1.0,106,106,0,100.0,100.0,0.0
2026-02-01,SUP-002,Supplier 002,USA,NA,PLT-07,Seoul Tech,South Korea,APAC,Enterprise,France,1,2.0,28,34,0,121.43,100.0,0.0
2026-02-01,SUP-002,Supplier 002,USA,NA,PLT-09,Hanoi Assembly,Vietnam,APAC,SMB,USA,1,1.0,22,20,2,90.91,0.0,385.58
2026-02-01,SUP-002,Supplier 002,USA,NA,PLT-07,Seoul Tech,South Korea,APAC,SMB,Germany,1,1.0,3,3,0,100.0,100.0,0.0
2026-02-01,SUP-002,Supplier 002,USA,NA,PLT-06,Sao Paulo Ops,Brazil,LATAM,Government,USA,1,1.0,29,29,0,100.0,100.0,0.0
2026-02-01,SUP-002,Supplier 002,USA,NA,PLT-07,Seoul Tech,South Korea,APAC,Enterprise,Singapore,1,1.0,56,46,10,82.14,0.0,833.5
2026-02-01,SUP-002,Supplier 002,USA,NA,PLT-03,Tokyo Precision,Japan,APAC,SMB,Japan,1,1.0,146,83,63,56.85,0.0,2620.8
2026-02-01,SUP-003,Supplier 003,Japan,APAC,PLT-04,Chennai Forge,India,APAC,Enterprise,UK,1,1.0,78,73,5,93.59,0.0,1045.9
2026-02-01,SUP-003,Supplier 003,Japan,APAC,PLT-02,Detroit Works,USA,NA,Enterprise,Australia,1,1.0,104,104,0,100.0,100.0,0.0
2026-02-01,SUP-003,Supplier 003,Japan,APAC,PLT-05,Monterrey Plant,Mexico,LATAM,Government,UK,1,1.0,37,37,0,100.0,100.0,0.0
2026-02-01,SUP-003,Supplier 003,Japan,APAC,PLT-07,Seoul Tech,South Korea,APAC,Enterprise,Japan,1,2.0,56,53,3,94.64,0.0,898.89
2026-02-01,SUP-004,Supplier 004,India,APAC,PLT-03,Tokyo Precision,Japan,APAC,Enterprise,Australia,1,1.0,62,48,14,77.42,0.0,6688.36
2026-02-01,SUP-004,Supplier 004,India,APAC,PLT-07,Seoul Tech,South Korea,APAC,SMB,UK,1,1.0,1,1,0,100.0,100.0,0.0
2026-02-01,SUP-004,Supplier 004,India,APAC,PLT-02,Detroit Works,USA,NA,Enterprise,USA,1,1.0,100,86,14,86.0,0.0,4593.68
2026-02-01,SUP-004,Supplier 004,India,APAC,PLT-09,Hanoi Assembly,Vietnam,APAC,Enterprise,Japan,1,1.0,157,157,0,100.0,100.0,0.0
2026-02-01,SUP-004,Supplier 004,India,APAC,PLT-09,Hanoi Assembly,Vietnam,APAC,SMB,Canada,1,1.0,111,111,0,100.0,100.0,0.0
2026-02-01,SUP-004,Supplier 004,India,APAC,PLT-00,Shanghai Hub,China,APAC,Government,Germany,1,2.0,10,12,0,120.0,100.0,0.0
2026-02-01,SUP-004,Supplier 004,India,APAC,PLT-03,Tokyo Precision,Japan,APAC,Enterprise,Germany,1,1.0,60,60,0,100.0,100.0,0.0
2026-02-01,SUP-004,Supplier 004,India,APAC,PLT-02,Detroit Works,USA,NA,Government,USA,1,1.0,222,222,0,100.0,100.0,0.0
2026-02-01,SUP-004,Supplier 004,India,APAC,PLT-07,Seoul Tech,South Korea,APAC,SMB,Germany,1,1.0,113,113,0,100.0,100.0,0.0
2026-02-01,SUP-004,Supplier 004,India,APAC,PLT-08,Taipei Micro,Taiwan,APAC,Enterprise,Australia,1,1.0,85,85,0,100.0,100.0,0.0
2026-02-01,SUP-004,Supplier 004,India,APAC,PLT-08,Taipei Micro,Taiwan,APAC,SMB,France,1,2.0,78,94,0,120.51,100.0,0.0
2026-02-01,SUP-004,Supplier 004,India,APAC,PLT-01,Munich Center,Germany,EMEA,Enterprise,Australia,1,1.0,259,180,79,69.5,0.0,33800.15
2026-02-01,SUP-005,Supplier 005,Mexico,LATAM,PLT-03,Tokyo Precision,Japan,APAC,SMB,Singapore,1,1.0,37,37,0,100.0,100.0,0.0
2026-02-01,SUP-005,Supplier 005,Mexico,LATAM,PLT-08,Taipei Micro,Taiwan,APAC,Enterprise,Canada,1,2.0,53,50,3,94.34,0.0,1480.89
2026-02-01,SUP-005,Supplier 005,Mexico,LATAM,PLT-02,Detroit Works,USA,NA,SMB,Germany,1,1.0,65,65,0,100.0,100.0,0.0
2026-02-01,SUP-005,Supplier 005,Mexico,LATAM,PLT-04,Chennai Forge,India,APAC,Enterprise,France,1,1.0,60,60,0,100.0,100.0,0.0
2026-02-01,SUP-005,Supplier 005,Mexico,LATAM,PLT-08,Taipei Micro,Taiwan,APAC,SMB,USA,1,1.0,24,24,0,100.0,100.0,0.0
2026-02-01,SUP-005,Supplier 005,Mexico,LATAM,PLT-08,Taipei Micro,Taiwan,APAC,SMB,UK,1,1.0,95,95,0,100.0,100.0,0.0
2026-02-01,SUP-005,Supplier 005,Mexico,LATAM,PLT-01,Munich Center,Germany,EMEA,SMB,USA,1,2.0,26,31,0,119.23,100.0,0.0
2026-02-01,SUP-005,Supplier 005,Mexico,LATAM,PLT-06,Sao Paulo Ops,Brazil,LATAM,SMB,Canada,1,1.0,117,117,0,100.0,100.0,0.0
2026-02-01,SUP-005,Supplier 005,Mexico,LATAM,PLT-01,Munich Center,Germany,EMEA,Enterprise,Germany,1,1.0,35,35,0,100.0,100.0,0.0
2026-02-01,SUP-005,Supplier 005,Mexico,LATAM,PLT-06,Sao Paulo Ops,Brazil,LATAM,SMB,Singapore,1,1.0,164,164,0,100.0,100.0,0.0
2026-02-01,SUP-005,Supplier 005,Mexico,LATAM,PLT-00,Shanghai Hub,China,APAC,Government,USA,1,1.0,49,49,0,100.0,100.0,0.0
2026-02-01,SUP-006,Supplier 006,Brazil,LATAM,PLT-08,Taipei Micro,Taiwan,APAC,Government,Germany,1,1.0,98,98,0,100.0,100.0,0.0
2026-02-01,SUP-006,Supplier 006,Brazil,LATAM,PLT-02,Detroit Works,USA,NA,Enterprise,France,1,1.0,133,133,0,100.0,100.0,0.0
2026-02-01,SUP-006,Supplier 006,Brazil,LATAM,PLT-05,Monterrey Plant,Mexico,LATAM,Government,Australia,1,2.0,72,86,0,119.44,100.0,0.0
2026-02-01,SUP-006,Supplier 006,Brazil,LATAM,PLT-04,Chennai Forge,India,APAC,SMB,France,1,1.0,61,61,0,100.0,100.0,0.0
2026-02-01,SUP-006,Supplier 006,Brazil,LATAM,PLT-05,Monterrey Plant,Mexico,LATAM,Enterprise,Canada,1,1.0,94,83,11,88.3,0.0,463.76
2026-02-01,SUP-006,Supplier 006,Brazil,LATAM,PLT-07,Seoul Tech,South Korea,APAC,Government,Canada,1,1.0,9,9,0,100.0,100.0,0.0
2026-02-01,SUP-007,Supplier 007,South Korea,APAC,PLT-01,Munich Center,Germany,EMEA,Enterprise,Germany,1,1.0,48,48,0,100.0,100.0,0.0
2026-02-01,SUP-007,Supplier 007,South Korea,APAC,PLT-01,Munich Center,Germany,EMEA,Enterprise,Singapore,1,1.0,91,91,0,100.0,100.0,0.0
2026-02-01,SUP-007,Supplier 007,South Korea,APAC,PLT-08,Taipei Micro,Taiwan,APAC,SMB,USA,1,1.0,43,43,0,100.0,100.0,0.0
2026-02-01,SUP-007,Supplier 007,South Korea,APAC,PLT-00,Shanghai Hub,China,APAC,SMB,UK,1,1.0,7,7,0,100.0,100.0,0.0
2026-02-01,SUP-007,Supplier 007,South Korea,APAC,PLT-08,Taipei Micro,Taiwan,APAC,Enterprise,USA,1,1.0,67,67,0,100.0,100.0,0.0
2026-02-01,SUP-007,Supplier 007,South Korea,APAC,PLT-08,Taipei Micro,Taiwan,APAC,SMB,Singapore,1,1.0,67,67,0,100.0,100.0,0.0
2026-02-01,SUP-007,Supplier 007,South Korea,APAC,PLT-06,Sao Paulo Ops,Brazil,LATAM,Enterprise,Canada,1,1.0,292,292,0,100.0,100.0,0.0
2026-02-01,SUP-007,Supplier 007,South Korea,APAC,PLT-07,Seoul Tech,South Korea,APAC,SMB,Australia,1,1.0,14,14,0,100.0,100.0,0.0
2026-02-01,SUP-008,Supplier 008,Taiwan,APAC,PLT-01,Munich Center,Germany,EMEA,Enterprise,USA,1,2.0,182,228,0,125.27,100.0,0.0
2026-02-01,SUP-008,Supplier 008,Taiwan,APAC,PLT-09,Hanoi Assembly,Vietnam,APAC,Government,USA,1,2.0,73,82,0,112.33,100.0,0.0
2026-02-01,SUP-008,Supplier 008,Taiwan,APAC,PLT-00,Shanghai Hub,China,APAC,Enterprise,France,1,1.0,82,82,0,100.0,100.0,0.0
2026-02-01,SUP-008,Supplier 008,Taiwan,APAC,PLT-01,Munich Center,Germany,EMEA,SMB,Japan,1,1.0,50,50,0,100.0,100.0,0.0
2026-02-01,SUP-008,Supplier 008,Taiwan,APAC,PLT-08,Taipei Micro,Taiwan,APAC,SMB,Australia,1,1.0,46,46,0,100.0,100.0,0.0
2026-02-01,SUP-008,Supplier 008,Taiwan,APAC,PLT-04,Chennai Forge,India,APAC,SMB,USA,1,1.0,58,58,0,100.0,100.0,0.0
2026-02-01,SUP-008,Supplier 008,Taiwan,APAC,PLT-03,Tokyo Precision,Japan,APAC,SMB,Singapore,1,2.0,63,78,0,123.81,100.0,0.0
2026-02-01,SUP-008,Supplier 008,Taiwan,APAC,PLT-03,Tokyo Precision,Japan,APAC,Government,UK,1,1.0,19,19,0,100.0,100.0,0.0
2026-02-01,SUP-008,Supplier 008,Taiwan,APAC,PLT-07,Seoul Tech,South Korea,APAC,SMB,France,1,2.0,167,176,0,105.39,100.0,0.0
2026-02-01,SUP-008,Supplier 008,Taiwan,APAC,PLT-02,Detroit Works,USA,NA,SMB,Australia,1,1.0,164,164,0,100.0,100.0,0.0
2026-02-01,SUP-008,Supplier 008,Taiwan,APAC,PLT-03,Tokyo Precision,Japan,APAC,Enterprise,USA,1,1.0,134,123,11,91.79,0.0,1232.55
2026-02-01,SUP-009,Supplier 009,Vietnam,APAC,PLT-03,Tokyo Precision,Japan,APAC,Government,UK,1,1.0,19,17,2,89.47,0.0,21.76
2026-02-01,SUP-009,Supplier 009,Vietnam,APAC,PLT-07,Seoul Tech,South Korea,APAC,SMB,Japan,1,1.0,237,237,0,100.0,100.0,0.0
2026-02-01,SUP-009,Supplier 009,Vietnam,APAC,PLT-00,Shanghai Hub,China,APAC,SMB,France,1,1.0,112,112,0,100.0,100.0,0.0
2026-02-01,SUP-010,Supplier 010,China,APAC,PLT-06,Sao Paulo Ops,Brazil,LATAM,Government,USA,1,1.0,33,22,11,66.67,0.0,4875.64
2026-02-01,SUP-010,Supplier 010,China,APAC,PLT-01,Munich Center,Germany,EMEA,SMB,Germany,1,1.0,32,32,0,100.0,100.0,0.0
2026-02-01,SUP-010,Supplier 010,China,APAC,PLT-07,Seoul Tech,South Korea,APAC,Enterprise,Germany,1,1.0,50,50,0,100.0,100.0,0.0
2026-02-01,SUP-011,Supplier 011,Germany,EMEA,PLT-09,Hanoi Assembly,Vietnam,APAC,SMB,Australia,1,1.0,125,125,0,100.0,100.0,0.0
2026-02-01,SUP-011,Supplier 011,Germany,EMEA,PLT-09,Hanoi Assembly,Vietnam,APAC,SMB,Canada,1,1.0,54,54,0,100.0,100.0,0.0
2026-02-01,SUP-011,Supplier 011,Germany,EMEA,PLT-04,Chennai Forge,India,APAC,SMB,Germany,1,1.0,114,114,0,100.0,100.0,0.0
2026-02-01,SUP-011,Supplier 011,Germany,EMEA,PLT-01,Munich Center,Germany,EMEA,Enterprise,USA,1,2.0,42,52,0,123.81,100.0,0.0
2026-02-01,SUP-011,Supplier 011,Germany,EMEA,PLT-09,Hanoi Assembly,Vietnam,APAC,Enterprise,Australia,1,1.0,98,98,0,100.0,100.0,0.0
2026-02-01,SUP-011,Supplier 011,Germany,EMEA,PLT-04,Chennai Forge,India,APAC,Enterprise,Japan,1,2.0,41,51,0,124.39,100.0,0.0
2026-02-01,SUP-011,Supplier 011,Germany,EMEA,PLT-02,Detroit Works,USA,NA,SMB,UK,1,1.0,130,130,0,100.0,100.0,0.0
2026-02-01,SUP-011,Supplier 011,Germany,EMEA,PLT-04,Chennai Forge,India,APAC,SMB,UK,1,1.0,8,8,0,100.0,100.0,0.0
2026-02-01,SUP-012,Supplier 012,USA,NA,PLT-04,Chennai Forge,India,APAC,Government,Germany,1,1.0,132,132,0,100.0,100.0,0.0
2026-02-01,SUP-012,Supplier 012,USA,NA,PLT-06,Sao Paulo Ops,Brazil,LATAM,Enterprise,USA,1,1.0,205,172,33,83.9,0.0,16315.86
2026-02-01,SUP-012,Supplier 012,USA,NA,PLT-05,Monterrey Plant,Mexico,LATAM,SMB,Singapore,1,1.0,25,25,0,100.0,100.0,0.0
2026-02-01,SUP-012,Supplier 012,USA,NA,PLT-07,Seoul Tech,South Korea,APAC,SMB,Singapore,1,2.0,146,150,0,102.74,100.0,0.0
2026-02-01,SUP-012,Supplier 012,USA,NA,PLT-09,Hanoi Assembly,Vietnam,APAC,Enterprise,France,1,1.0,58,36,22,62.07,0.0,10026.5
2026-02-01,SUP-012,Supplier 012,USA,NA,PLT-01,Munich Center,Germany,EMEA,SMB,Singapore,1,1.0,1,1,0,100.0,100.0,0.0
2026-02-01,SUP-012,Supplier 012,USA,NA,PLT-06,Sao Paulo Ops,Brazil,LATAM,Enterprise,Canada,1,1.0,88,88,0,100.0,100.0,0.0
2026-02-01,SUP-013,Supplier 013,Japan,APAC,PLT-01,Munich Center,Germany,EMEA,SMB,UK,1,2.0,103,118,0,114.56,100.0,0.0
2026-02-01,SUP-013,Supplier 013,Japan,APAC,PLT-04,Chennai Forge,India,APAC,SMB,France,1,1.0,198,198,0,100.0,100.0,0.0
2026-02-01,SUP-013,Supplier 013,Japan,APAC,PLT-03,Tokyo Precision,Japan,APAC,SMB,France,1,2.0,5,6,0,120.0,100.0,0.0
2026-02-01,SUP-013,Supplier 013,Japan,APAC,PLT-03,Tokyo Precision,Japan,APAC,Enterprise,Canada,1,1.0,6,6,0,100.0,100.0,0.0
2026-02-01,SUP-013,Supplier 013,Japan,APAC,PLT-08,Taipei Micro,Taiwan,APAC,SMB,Singapore,2,2.0,194,187,7,96.39,50.0,2249.17
2026-02-01,SUP-013,Supplier 013,Japan,APAC,PLT-05,Monterrey Plant,Mexico,LATAM,SMB,UK,1,1.0,45,45,0,100.0,100.0,0.0
2026-02-01,SUP-013,Supplier 013,Japan,APAC,PLT-05,Monterrey Plant,Mexico,LATAM,Enterprise,UK,1,1.0,61,61,0,100.0,100.0,0.0
2026-02-01,SUP-013,Supplier 013,Japan,APAC,PLT-04,Chennai Forge,India,APAC,SMB,Canada,1,1.0,37,33,4,89.19,0.0,1630.28
2026-02-01,SUP-013,Supplier 013,Japan,APAC,PLT-09,Hanoi Assembly,Vietnam,APAC,SMB,UK,1,2.0,21,25,0,119.05,100.0,0.0
2026-02-01,SUP-014,Supplier 014,India,APAC,PLT-00,Shanghai Hub,China,APAC,SMB,France,1,2.0,38,46,0,121.05,100.0,0.0
2026-02-01,SUP-014,Supplier 014,India,APAC,PLT-06,Sao Paulo Ops,Brazil,LATAM,Enterprise,Germany,1,1.0,4,4,0,100.0,100.0,0.0
2026-02-01,SUP-014,Supplier 014,India,APAC,PLT-00,Shanghai Hub,China,APAC,SMB,Singapore,1,1.0,1,1,0,100.0,100.0,0.0
2026-02-01,SUP-014,Supplier 014,India,APAC,PLT-03,Tokyo Precision,Japan,APAC,Enterprise,Australia,1,2.0,156,154,2,98.72,0.0,517.0
2026-02-01,SUP-014,Supplier 014,India,APAC,PLT-02,Detroit Works,USA,NA,Government,Germany,1,2.0,53,63,0,118.87,100.0,0.0
2026-02-01,SUP-014,Supplier 014,India,APAC,PLT-01,Munich Center,Germany,EMEA,SMB,Canada,1,1.0,66,66,0,100.0,100.0,0.0
2026-02-01,SUP-014,Supplier 014,India,APAC,PLT-09,Hanoi Assembly,Vietnam,APAC,Enterprise,Germany,1,1.0,30,30,0,100.0,100.0,0.0
2026-02-01,SUP-014,Supplier 014,India,APAC,PLT-02,Detroit Works,USA,NA,SMB,Japan,1,1.0,129,129,0,100.0,100.0,0.0
2026-02-01,SUP-014,Supplier 014,India,APAC,PLT-09,Hanoi Assembly,Vietnam,APAC,Government,Singapore,1,1.0,111,111,0,100.0,100.0,0.0
2026-02-01,SUP-015,Supplier 015,Mexico,LATAM,PLT-08,Taipei Micro,Taiwan,APAC,Enterprise,Germany,1,1.0,98,98,0,100.0,100.0,0.0
2026-02-01,SUP-015,Supplier 015,Mexico,LATAM,PLT-09,Hanoi Assembly,Vietnam,APAC,Enterprise,Australia,1,1.0,123,71,52,57.72,0.0,1407.12
2026-02-01,SUP-015,Supplier 015,Mexico,LATAM,PLT-05,Monterrey Plant,Mexico,LATAM,SMB,USA,1,2.0,121,144,0,119.01,100.0,0.0
2026-02-01,SUP-015,Supplier 015,Mexico,LATAM,PLT-09,Hanoi Assembly,Vietnam,APAC,Enterprise,Japan,1,1.0,134,128,6,95.52,0.0,831.66
2026-02-01,SUP-016,Supplier 016,Brazil,LATAM,PLT-06,Sao Paulo Ops,Brazil,LATAM,Enterprise,Japan,1,1.0,102,102,0,100.0,100.0,0.0
2026-02-01,SUP-016,Supplier 016,Brazil,LATAM,PLT-00,Shanghai Hub,China,APAC,Government,Canada,1,1.0,257,257,0,100.0,100.0,0.0
2026-02-01,SUP-016,Supplier 016,Brazil,LATAM,PLT-04,Chennai Forge,India,APAC,Government,Canada,1,1.0,95,84,11,88.42,0.0,4082.98
2026-02-01,SUP-016,Supplier 016,Brazil,LATAM,PLT-02,Detroit Works,USA,NA,Enterprise,Germany,1,1.0,23,23,0,100.0,100.0,0.0
2026-02-01,SUP-016,Supplier 016,Brazil,LATAM,PLT-03,Tokyo Precision,Japan,APAC,SMB,Germany,1,1.0,30,24,6,80.0,0.0,2845.56
2026-02-01,SUP-016,Supplier 016,Brazil,LATAM,PLT-05,Monterrey Plant,Mexico,LATAM,Enterprise,Canada,1,1.0,60,60,0,100.0,100.0,0.0
2026-02-01,SUP-016,Supplier 016,Brazil,LATAM,PLT-05,Monterrey Plant,Mexico,LATAM,Enterprise,Japan,2,2.0,294,294,0,100.0,100.0,0.0
2026-02-01,SUP-016,Supplier 016,Brazil,LATAM,PLT-03,Tokyo Precision,Japan,APAC,SMB,Canada,1,1.0,13,13,0,100.0,100.0,0.0
2026-02-01,SUP-017,Supplier 017,South Korea,APAC,PLT-04,Chennai Forge,India,APAC,SMB,Canada,1,1.0,101,101,0,100.0,100.0,0.0
2026-02-01,SUP-017,Supplier 017,South Korea,APAC,PLT-05,Monterrey Plant,Mexico,LATAM,SMB,Japan,1,1.0,86,86,0,100.0,100.0,0.0
2026-02-01,SUP-017,Supplier 017,South Korea,APAC,PLT-06,Sao Paulo Ops,Brazil,LATAM,SMB,Australia,1,1.0,80,80,0,100.0,100.0,0.0
2026-02-01,SUP-017,Supplier 017,South Korea,APAC,PLT-09,Hanoi Assembly,Vietnam,APAC,Government,USA,1,1.0,36,36,0,100.0,100.0,0.0
2026-02-01,SUP-017,Supplier 017,South Korea,APAC,PLT-07,Seoul Tech,South Korea,APAC,SMB,Germany,1,2.0,67,82,0,122.39,100.0,0.0
2026-02-01,SUP-017,Supplier 017,South Korea,APAC,PLT-03,Tokyo Precision,Japan,APAC,SMB,Germany,1,1.0,41,22,19,53.66,0.0,4456.64
2026-02-01,SUP-018,Supplier 018,Taiwan,APAC,PLT-06,Sao Paulo Ops,Brazil,LATAM,SMB,UK,1,2.0,14,18,0,128.57,100.0,0.0
2026-02-01,SUP-018,Supplier 018,Taiwan,APAC,PLT-00,Shanghai Hub,China,APAC,SMB,Canada,1,2.0,269,315,0,117.1,100.0,0.0
2026-02-01,SUP-018,Supplier 018,Taiwan,APAC,PLT-05,Monterrey Plant,Mexico,LATAM,Government,Canada,1,1.0,116,116,0,100.0,100.0,0.0
2026-02-01,SUP-018,Supplier 018,Taiwan,APAC,PLT-09,Hanoi Assembly,Vietnam,APAC,SMB,Japan,1,1.0,134,134,0,100.0,100.0,0.0
2026-02-01,SUP-018,Supplier 018,Taiwan,APAC,PLT-06,Sao Paulo Ops,Brazil,LATAM,Enterprise,Canada,1,1.0,55,55,0,100.0,100.0,0.0
2026-02-01,SUP-018,Supplier 018,Taiwan,APAC,PLT-08,Taipei Micro,Taiwan,APAC,Enterprise,UK,1,2.0,101,94,7,93.07,0.0,105.35
2026-02-01,SUP-018,Supplier 018,Taiwan,APAC,PLT-08,Taipei Micro,Taiwan,APAC,SMB,Australia,1,2.0,61,69,0,113.11,100.0,0.0
2026-02-01,SUP-018,Supplier 018,Taiwan,APAC,PLT-09,Hanoi Assembly,Vietnam,APAC,Government,USA,1,1.0,20,20,0,100.0,100.0,0.0
2026-02-01,SUP-019,Supplier 019,Vietnam,APAC,PLT-07,Seoul Tech,South Korea,APAC,SMB,Canada,1,1.0,55,55,0,100.0,100.0,0.0
2026-02-01,SUP-019,Supplier 019,Vietnam,APAC,PLT-07,Seoul Tech,South Korea,APAC,Enterprise,Germany,1,1.0,24,24,0,100.0,100.0,0.0
2026-02-01,SUP-019,Supplier 019,Vietnam,APAC,PLT-07,Seoul Tech,South Korea,APAC,Government,USA,1,1.0,250,250,0,100.0,100.0,0.0
2026-02-01,SUP-019,Supplier 019,Vietnam,APAC,PLT-00,Shanghai Hub,China,APAC,Enterprise,Germany,1,1.0,46,46,0,100.0,100.0,0.0
2026-02-01,SUP-019,Supplier 019,Vietnam,APAC,PLT-02,Detroit Works,USA,NA,SMB,Japan,1,1.0,215,215,0,100.0,100.0,0.0
2026-02-01,SUP-019,Supplier 019,Vietnam,APAC,PLT-06,Sao Paulo Ops,Brazil,LATAM,Enterprise,Australia,1,1.0,221,221,0,100.0,100.0,0.0
2026-02-01,SUP-019,Supplier 019,Vietnam,APAC,PLT-02,Detroit Works,USA,NA,Enterprise,France,1,1.0,164,164,0,100.0,100.0,0.0
2026-02-01,SUP-020,Supplier 020,China,APAC,PLT-08,Taipei Micro,Taiwan,APAC,Government,Singapore,1,1.0,90,90,0,100.0,100.0,0.0
2026-02-01,SUP-020,Supplier 020,China,APAC,PLT-09,Hanoi Assembly,Vietnam,APAC,Government,Australia,2,2.0,167,167,0,100.0,100.0,0.0
2026-02-01,SUP-020,Supplier 020,China,APAC,PLT-03,Tokyo Precision,Japan,APAC,Enterprise,USA,1,1.0,32,32,0,100.0,100.0,0.0
2026-02-01,SUP-020,Supplier 020,China,APAC,PLT-00,Shanghai Hub,China,APAC,SMB,France,1,1.0,14,14,0,100.0,100.0,0.0
2026-02-01,SUP-021,Supplier 021,Germany,EMEA,PLT-01,Munich Center,Germany,EMEA,SMB,Singapore,1,1.0,122,122,0,100.0,100.0,0.0
2026-02-01,SUP-021,Supplier 021,Germany,EMEA,PLT-05,Monterrey Plant,Mexico,LATAM,Government,USA,1,1.0,37,37,0,100.0,100.0,0.0
2026-02-01,SUP-021,Supplier 021,Germany,EMEA,PLT-03,Tokyo Precision,Japan,APAC,SMB,USA,1,1.0,78,78,0,100.0,100.0,0.0
2026-02-01,SUP-021,Supplier 021,Germany,EMEA,PLT-00,Shanghai Hub,China,APAC,SMB,Canada,1,1.0,9,9,0,100.0,100.0,0.0
2026-02-01,SUP-021,Supplier 021,Germany,EMEA,PLT-00,Shanghai Hub,China,APAC,SMB,Singapore,1,1.0,2,2,0,100.0,100.0,0.0
2026-02-01,SUP-021,Supplier 021,Germany,EMEA,PLT-02,Detroit Works,USA,NA,Enterprise,Singapore,1,1.0,109,101,8,92.66,0.0,1502.56
2026-02-01,SUP-021,Supplier 021,Germany,EMEA,PLT-00,Shanghai Hub,China,APAC,SMB,France,2,2.0,159,159,0,100.0,100.0,0.0
2026-02-01,SUP-022,Supplier 022,USA,NA,PLT-07,Seoul Tech,South Korea,APAC,Government,Canada,1,2.0,1,2,0,200.0,100.0,0.0
2026-02-01,SUP-022,Supplier 022,USA,NA,PLT-02,Detroit Works,USA,NA,SMB,Australia,1,1.0,27,16,11,59.26,0.0,1526.58
2026-02-01,SUP-022,Supplier 022,USA,NA,PLT-09,Hanoi Assembly,Vietnam,APAC,SMB,Singapore,1,1.0,56,56,0,100.0,100.0,0.0
2026-02-01,SUP-022,Supplier 022,USA,NA,PLT-00,Shanghai Hub,China,APAC,Enterprise,Canada,1,1.0,90,90,0,100.0,100.0,0.0
2026-02-01,SUP-022,Supplier 022,USA,NA,PLT-01,Munich Center,Germany,EMEA,Enterprise,Canada,1,2.0,67,83,0,123.88,100.0,0.0
2026-02-01,SUP-022,Supplier 022,USA,NA,PLT-07,Seoul Tech,South Korea,APAC,Government,France,1,1.0,41,36,5,87.8,0.0,2437.35
2026-02-01,SUP-022,Supplier 022,USA,NA,PLT-06,Sao Paulo Ops,Brazil,LATAM,Government,Canada,1,1.0,54,44,10,81.48,0.0,4416.8
2026-02-01,SUP-022,Supplier 022,USA,NA,PLT-08,Taipei Micro,Taiwan,APAC,Enterprise,Canada,1,2.0,109,130,0,119.27,100.0,0.0
2026-02-01,SUP-022,Supplier 022,USA,NA,PLT-08,Taipei Micro,Taiwan,APAC,SMB,Australia,1,1.0,236,236,0,100.0,100.0,0.0
2026-02-01,SUP-022,Supplier 022,USA,NA,PLT-07,Seoul Tech,South Korea,APAC,Enterprise,Japan,1,1.0,60,60,0,100.0,100.0,0.0
2026-02-01,SUP-023,Supplier 023,Japan,APAC,PLT-05,Monterrey Plant,Mexico,LATAM,SMB,Canada,1,1.0,115,61,54,53.04,0.0,23988.96
2026-02-01,SUP-023,Supplier 023,Japan,APAC,PLT-02,Detroit Works,USA,NA,Enterprise,France,1,1.0,94,86,8,91.49,0.0,3325.04
2026-02-01,SUP-024,Supplier 024,India,APAC,PLT-08,Taipei Micro,Taiwan,APAC,SMB,Singapore,1,2.0,9,11,0,122.22,100.0,0.0
2026-02-01,SUP-024,Supplier 024,India,APAC,PLT-00,Shanghai Hub,China,APAC,Enterprise,Japan,1,1.0,79,79,0,100.0,100.0,0.0
2026-02-01,SUP-024,Supplier 024,India,APAC,PLT-02,Detroit Works,USA,NA,SMB,UK,1,1.0,109,109,0,100.0,100.0,0.0
2026-02-01,SUP-024,Supplier 024,India,APAC,PLT-04,Chennai Forge,India,APAC,Enterprise,Germany,1,1.0,142,142,0,100.0,100.0,0.0
2026-02-01,SUP-024,Supplier 024,India,APAC,PLT-00,Shanghai Hub,China,APAC,SMB,Japan,1,1.0,122,122,0,100.0,100.0,0.0
2026-02-01,SUP-024,Supplier 024,India,APAC,PLT-06,Sao Paulo Ops,Brazil,LATAM,Enterprise,Germany,1,1.0,65,65,0,100.0,100.0,0.0
2026-02-01,SUP-024,Supplier 024,India,APAC,PLT-00,Shanghai Hub,China,APAC,Enterprise,UK,1,1.0,61,61,0,100.0,100.0,0.0
2026-02-01,SUP-025,Supplier 025,Mexico,LATAM,PLT-04,Chennai Forge,India,APAC,SMB,UK,1,1.0,121,107,14,88.43,0.0,2219.84
2026-02-01,SUP-025,Supplier 025,Mexico,LATAM,PLT-07,Seoul Tech,South Korea,APAC,Enterprise,Germany,1,1.0,73,67,6,91.78,0.0,1825.2
2026-02-01,SUP-025,Supplier 025,Mexico,LATAM,PLT-01,Munich Center,Germany,EMEA,Enterprise,USA,1,1.0,115,115,0,100.0,100.0,0.0
2026-02-01,SUP-025,Supplier 025,Mexico,LATAM,PLT-03,Tokyo Precision,Japan,APAC,Enterprise,France,1,2.0,16,18,0,112.5,100.0,0.0
2026-02-01,SUP-025,Supplier 025,Mexico,LATAM,PLT-07,Seoul Tech,South Korea,APAC,SMB,UK,1,1.0,58,58,0,100.0,100.0,0.0
2026-02-01,SUP-025,Supplier 025,Mexico,LATAM,PLT-02,Detroit Works,USA,NA,Enterprise,Canada,1,2.0,23,29,0,126.09,100.0,0.0
2026-02-01,SUP-025,Supplier 025,Mexico,LATAM,PLT-09,Hanoi Assembly,Vietnam,APAC,Enterprise,Canada,1,1.0,25,21,4,84.0,0.0,942.08
2026-02-01,SUP-026,Supplier 026,Brazil,LATAM,PLT-03,Tokyo Precision,Japan,APAC,Enterprise,Japan,1,2.0,96,107,0,111.46,100.0,0.0
2026-02-01,SUP-026,Supplier 026,Brazil,LATAM,PLT-06,Sao Paulo Ops,Brazil,LATAM,SMB,Germany,1,1.0,11,10,1,90.91,0.0,153.53
2026-02-01,SUP-026,Supplier 026,Brazil,LATAM,PLT-06,Sao Paulo Ops,Brazil,LATAM,SMB,UK,1,1.0,15,15,0,100.0,100.0,0.0
2026-02-01,SUP-026,Supplier 026,Brazil,LATAM,PLT-04,Chennai Forge,India,APAC,SMB,Germany,1,1.0,146,146,0,100.0,100.0,0.0
2026-02-01,SUP-026,Supplier 026,Brazil,LATAM,PLT-06,Sao Paulo Ops,Brazil,LATAM,Government,Canada,1,1.0,92,83,9,90.22,0.0,2156.49
2026-02-01,SUP-027,Supplier 027,South Korea,APAC,PLT-05,Monterrey Plant,Mexico,LATAM,SMB,Germany,1,1.0,181,174,7,96.13,0.0,159.95
2026-02-01,SUP-027,Supplier 027,South Korea,APAC,PLT-02,Detroit Works,USA,NA,Government,Australia,1,1.0,28,28,0,100.0,100.0,0.0
2026-02-01,SUP-027,Supplier 027,South Korea,APAC,PLT-06,Sao Paulo Ops,Brazil,LATAM,Government,Germany,1,1.0,99,99,0,100.0,100.0,0.0
2026-02-01,SUP-027,Supplier 027,South Korea,APAC,PLT-04,Chennai Forge,India,APAC,SMB,UK,1,1.0,64,64,0,100.0,100.0,0.0
2026-02-01,SUP-027,Supplier 027,South Korea,APAC,PLT-05,Monterrey Plant,Mexico,LATAM,Enterprise,Japan,2,2.0,102,90,12,88.24,50.0,2255.88
2026-02-01,SUP-028,Supplier 028,Taiwan,APAC,PLT-09,Hanoi Assembly,Vietnam,APAC,SMB,Australia,1,1.0,91,51,40,56.04,0.0,2273.2
2026-02-01,SUP-028,Supplier 028,Taiwan,APAC,PLT-05,Monterrey Plant,Mexico,LATAM,Enterprise,Germany,1,1.0,147,147,0,100.0,100.0,0.0
2026-02-01,SUP-028,Supplier 028,Taiwan,APAC,PLT-00,Shanghai Hub,China,APAC,Enterprise,France,1,1.0,12,12,0,100.0,100.0,0.0
2026-02-01,SUP-028,Supplier 028,Taiwan,APAC,PLT-05,Monterrey Plant,Mexico,LATAM,SMB,USA,1,1.0,114,114,0,100.0,100.0,0.0
2026-02-01,SUP-028,Supplier 028,Taiwan,APAC,PLT-07,Seoul Tech,South Korea,APAC,SMB,Australia,1,1.0,177,177,0,100.0,100.0,0.0
2026-02-01,SUP-028,Supplier 028,Taiwan,APAC,PLT-05,Monterrey Plant,Mexico,LATAM,Enterprise,France,1,1.0,52,52,0,100.0,100.0,0.0
2026-02-01,SUP-028,Supplier 028,Taiwan,APAC,PLT-01,Munich Center,Germany,EMEA,Enterprise,Germany,1,1.0,92,92,0,100.0,100.0,0.0
2026-02-01,SUP-028,Supplier 028,Taiwan,APAC,PLT-06,Sao Paulo Ops,Brazil,LATAM,Enterprise,USA,1,1.0,12,12,0,100.0,100.0,0.0
2026-02-01,SUP-029,Supplier 029,Vietnam,APAC,PLT-09,Hanoi Assembly,Vietnam,APAC,SMB,UK,1,1.0,57,29,28,50.88,0.0,855.4
2026-02-01,SUP-029,Supplier 029,Vietnam,APAC,PLT-02,Detroit Works,USA,NA,SMB,Singapore,1,1.0,39,39,0,100.0,100.0,0.0
2026-02-01,SUP-029,Supplier 029,Vietnam,APAC,PLT-07,Seoul Tech,South Korea,APAC,SMB,Germany,1,1.0,148,82,66,55.41,0.0,32891.1
2026-02-01,SUP-029,Supplier 029,Vietnam,APAC,PLT-04,Chennai Forge,India,APAC,SMB,Australia,2,2.0,177,148,29,83.62,0.0,9820.4
2026-02-01,SUP-029,Supplier 029,Vietnam,APAC,PLT-05,Monterrey Plant,Mexico,LATAM,Enterprise,Germany,1,1.0,90,90,0,100.0,100.0,0.0
2026-02-01,SUP-029,Supplier 029,Vietnam,APAC,PLT-09,Hanoi Assembly,Vietnam,APAC,Government,Germany,1,1.0,113,100,13,88.5,0.0,2091.44
2026-02-01,SUP-029,Supplier 029,Vietnam,APAC,PLT-08,Taipei Micro,Taiwan,APAC,SMB,Germany,1,1.0,67,67,0,100.0,100.0,0.0
2026-02-01,SUP-029,Supplier 029,Vietnam,APAC,PLT-02,Detroit Works,USA,NA,SMB,Australia,1,1.0,22,22,0,100.0,100.0,0.0
2026-02-01,SUP-030,Supplier 030,China,APAC,PLT-03,Tokyo Precision,Japan,APAC,SMB,Singapore,1,2.0,19,22,0,115.79,100.0,0.0
2026-02-01,SUP-030,Supplier 030,China,APAC,PLT-05,Monterrey Plant,Mexico,LATAM,Government,France,1,1.0,52,28,24,53.85,0.0,634.08
2026-02-01,SUP-030,Supplier 030,China,APAC,PLT-04,Chennai Forge,India,APAC,SMB,Japan,1,1.0,21,21,0,100.0,100.0,0.0
2026-02-01,SUP-030,Supplier 030,China,APAC,PLT-04,Chennai Forge,India,APAC,Enterprise,Japan,1,1.0,4,4,0,100.0,100.0,0.0
2026-02-01,SUP-030,Supplier 030,China,APAC,PLT-01,Munich Center,Germany,EMEA,Government,Japan,1,1.0,12,12,0,100.0,100.0,0.0
2026-02-01,SUP-030,Supplier 030,China,APAC,PLT-07,Seoul Tech,South Korea,APAC,Enterprise,France,1,1.0,71,56,15,78.87,0.0,7279.5
2026-02-01,SUP-030,Supplier 030,China,APAC,PLT-08,Taipei Micro,Taiwan,APAC,Government,Germany,1,1.0,113,113,0,100.0,100.0,0.0
2026-02-01,SUP-031,Supplier 031,Germany,EMEA,PLT-08,Taipei Micro,Taiwan,APAC,Enterprise,USA,1,1.0,25,25,0,100.0,100.0,0.0
2026-02-01,SUP-031,Supplier 031,Germany,EMEA,PLT-02,Detroit Works,USA,NA,Enterprise,Japan,1,1.0,143,91,52,63.64,0.0,7781.8
2026-02-01,SUP-031,Supplier 031,Germany,EMEA,PLT-03,Tokyo Precision,Japan,APAC,SMB,Canada,1,1.0,112,112,0,100.0,100.0,0.0
2026-02-01,SUP-031,Supplier 031,Germany,EMEA,PLT-00,Shanghai Hub,China,APAC,Enterprise,France,1,1.0,95,77,18,81.05,0.0,8634.42
2026-02-01,SUP-031,Supplier 031,Germany,EMEA,PLT-04,Chennai Forge,India,APAC,Government,Germany,1,1.0,94,94,0,100.0,100.0,0.0
2026-02-01,SUP-031,Supplier 031,Germany,EMEA,PLT-06,Sao Paulo Ops,Brazil,LATAM,Government,Germany,1,2.0,41,49,0,119.51,100.0,0.0
2026-02-01,SUP-031,Supplier 031,Germany,EMEA,PLT-01,Munich Center,Germany,EMEA,SMB,Singapore,1,2.0,108,126,0,116.67,100.0,0.0
2026-02-01,SUP-031,Supplier 031,Germany,EMEA,PLT-07,Seoul Tech,South Korea,APAC,Enterprise,Japan,1,2.0,168,216,0,128.57,100.0,0.0
2026-02-01,SUP-031,Supplier 031,Germany,EMEA,PLT-03,Tokyo Precision,Japan,APAC,Government,Japan,1,1.0,34,31,3,91.18,0.0,1020.69
2026-02-01,SUP-032,Supplier 032,USA,NA,PLT-08,Taipei Micro,Taiwan,APAC,Government,Germany,1,1.0,84,84,0,100.0,100.0,0.0
2026-02-01,SUP-032,Supplier 032,USA,NA,PLT-04,Chennai Forge,India,APAC,Government,UK,1,1.0,151,151,0,100.0,100.0,0.0
2026-02-01,SUP-032,Supplier 032,USA,NA,PLT-02,Detroit Works,USA,NA,Enterprise,USA,1,1.0,111,111,0,100.0,100.0,0.0
2026-02-01,SUP-032,Supplier 032,USA,NA,PLT-05,Monterrey Plant,Mexico,LATAM,SMB,Germany,1,1.0,122,122,0,100.0,100.0,0.0
2026-02-01,SUP-032,Supplier 032,USA,NA,PLT-02,Detroit Works,USA,NA,Enterprise,Japan,1,1.0,2,2,0,100.0,100.0,0.0
2026-02-01,SUP-032,Supplier 032,USA,NA,PLT-07,Seoul Tech,South Korea,APAC,Enterprise,UK,1,1.0,135,135,0,100.0,100.0,0.0
2026-02-01,SUP-032,Supplier 032,USA,NA,PLT-06,Sao Paulo Ops,Brazil,LATAM,SMB,Japan,1,1.0,65,65,0,100.0,100.0,0.0
2026-02-01,SUP-033,Supplier 033,Japan,APAC,PLT-06,Sao Paulo Ops,Brazil,LATAM,SMB,Australia,1,1.0,140,130,10,92.86,0.0,3056.8
2026-02-01,SUP-033,Supplier 033,Japan,APAC,PLT-07,Seoul Tech,South Korea,APAC,SMB,Canada,1,1.0,76,76,0,100.0,100.0,0.0
2026-02-01,SUP-033,Supplier 033,Japan,APAC,PLT-05,Monterrey Plant,Mexico,LATAM,SMB,Canada,1,1.0,54,54,0,100.0,100.0,0.0
2026-02-01,SUP-033,Supplier 033,Japan,APAC,PLT-09,Hanoi Assembly,Vietnam,APAC,Enterprise,Germany,1,1.0,182,182,0,100.0,100.0,0.0
2026-02-01,SUP-033,Supplier 033,Japan,APAC,PLT-04,Chennai Forge,India,APAC,Enterprise,Japan,1,1.0,64,64,0,100.0,100.0,0.0
2026-02-01,SUP-033,Supplier 033,Japan,APAC,PLT-07,Seoul Tech,South Korea,APAC,Enterprise,France,1,1.0,4,3,1,75.0,0.0,167.69
2026-02-01,SUP-033,Supplier 033,Japan,APAC,PLT-08,Taipei Micro,Taiwan,APAC,SMB,Germany,1,1.0,49,49,0,100.0,100.0,0.0
2026-02-01,SUP-033,Supplier 033,Japan,APAC,PLT-05,Monterrey Plant,Mexico,LATAM,SMB,Germany,1,1.0,80,80,0,100.0,100.0,0.0
2026-02-01,SUP-033,Supplier 033,Japan,APAC,PLT-06,Sao Paulo Ops,Brazil,LATAM,SMB,Singapore,1,1.0,14,14,0,100.0,100.0,0.0
2026-02-01,SUP-034,Supplier 034,India,APAC,PLT-03,Tokyo Precision,Japan,APAC,SMB,France,1,1.0,68,68,0,100.0,100.0,0.0
2026-02-01,SUP-034,Supplier 034,India,APAC,PLT-09,Hanoi Assembly,Vietnam,APAC,Government,France,1,1.0,15,15,0,100.0,100.0,0.0
2026-02-01,SUP-034,Supplier 034,India,APAC,PLT-08,Taipei Micro,Taiwan,APAC,SMB,Singapore,1,1.0,55,55,0,100.0,100.0,0.0
2026-02-01,SUP-034,Supplier 034,India,APAC,PLT-09,Hanoi Assembly,Vietnam,APAC,SMB,Japan,1,2.0,8,9,0,112.5,100.0,0.0
2026-02-01,SUP-034,Supplier 034,India,APAC,PLT-01,Munich Center,Germany,EMEA,SMB,Singapore,1,1.0,99,99,0,100.0,100.0,0.0
2026-02-01,SUP-035,Supplier 035,Mexico,LATAM,PLT-05,Monterrey Plant,Mexico,LATAM,SMB,USA,1,1.0,96,96,0,100.0,100.0,0.0
2026-02-01,SUP-035,Supplier 035,Mexico,LATAM,PLT-04,Chennai Forge,India,APAC,Enterprise,Canada,1,1.0,58,49,9,84.48,0.0,1312.29
2026-02-01,SUP-035,Supplier 035,Mexico,LATAM,PLT-01,Munich Center,Germany,EMEA,SMB,Australia,1,2.0,92,118,0,128.26,100.0,0.0
2026-02-01,SUP-035,Supplier 035,Mexico,LATAM,PLT-03,Tokyo Precision,Japan,APAC,Government,Germany,1,1.0,60,60,0,100.0,100.0,0.0
2026-02-01,SUP-035,Supplier 035,Mexico,LATAM,PLT-00,Shanghai Hub,China,APAC,Government,Germany,2,2.0,217,217,0,100.0,100.0,0.0
2026-02-01,SUP-035,Supplier 035,Mexico,LATAM,PLT-03,Tokyo Precision,Japan,APAC,SMB,Singapore,1,1.0,5,5,0,100.0,100.0,0.0
2026-02-01,SUP-035,Supplier 035,Mexico,LATAM,PLT-07,Seoul Tech,South Korea,APAC,Government,USA,1,1.0,62,47,15,75.81,0.0,4716.6
2026-02-01,SUP-035,Supplier 035,Mexico,LATAM,PLT-03,Tokyo Precision,Japan,APAC,Government,Singapore,1,1.0,191,191,0,100.0,100.0,0.0
2026-02-01,SUP-035,Supplier 035,Mexico,LATAM,PLT-01,Munich Center,Germany,EMEA,SMB,Japan,1,1.0,80,80,0,100.0,100.0,0.0
2026-02-01,SUP-035,Supplier 035,Mexico,LATAM,PLT-05,Monterrey Plant,Mexico,LATAM,Government,Germany,1,2.0,108,84,24,77.78,0.0,790.56
2026-02-01,SUP-036,Supplier 036,Brazil,LATAM,PLT-03,Tokyo Precision,Japan,APAC,Enterprise,Canada,1,1.0,12,12,0,100.0,100.0,0.0
2026-02-01,SUP-036,Supplier 036,Brazil,LATAM,PLT-05,Monterrey Plant,Mexico,LATAM,SMB,Germany,1,2.0,19,21,0,110.53,100.0,0.0
2026-02-01,SUP-036,Supplier 036,Brazil,LATAM,PLT-03,Tokyo Precision,Japan,APAC,Government,USA,1,1.0,19,18,1,94.74,0.0,430.92
2026-02-01,SUP-036,Supplier 036,Brazil,LATAM,PLT-06,Sao Paulo Ops,Brazil,LATAM,SMB,France,1,1.0,102,102,0,100.0,100.0,0.0
2026-02-01,SUP-036,Supplier 036,Brazil,LATAM,PLT-05,Monterrey Plant,Mexico,LATAM,Enterprise,Japan,1,1.0,36,30,6,83.33,0.0,2342.7
2026-02-01,SUP-037,Supplier 037,South Korea,APAC,PLT-02,Detroit Works,USA,NA,SMB,Australia,1,1.0,106,106,0,100.0,100.0,0.0
2026-02-01,SUP-037,Supplier 037,South Korea,APAC,PLT-04,Chennai Forge,India,APAC,Government,Singapore,1,1.0,67,67,0,100.0,100.0,0.0
2026-02-01,SUP-037,Supplier 037,South Korea,APAC,PLT-07,Seoul Tech,South Korea,APAC,SMB,Japan,1,1.0,194,194,0,100.0,100.0,0.0
2026-02-01,SUP-037,Supplier 037,South Korea,APAC,PLT-04,Chennai Forge,India,APAC,SMB,France,1,1.0,105,105,0,100.0,100.0,0.0
2026-02-01,SUP-038,Supplier 038,Taiwan,APAC,PLT-03,Tokyo Precision,Japan,APAC,SMB,Singapore,1,1.0,16,16,0,100.0,100.0,0.0
2026-02-01,SUP-038,Supplier 038,Taiwan,APAC,PLT-05,Monterrey Plant,Mexico,LATAM,Enterprise,Japan,1,1.0,55,55,0,100.0,100.0,0.0
2026-02-01,SUP-038,Supplier 038,Taiwan,APAC,PLT-02,Detroit Works,USA,NA,Enterprise,Canada,1,2.0,13,15,0,115.38,100.0,0.0
2026-02-01,SUP-038,Supplier 038,Taiwan,APAC,PLT-07,Seoul Tech,South Korea,APAC,Enterprise,Japan,1,1.0,145,145,0,100.0,100.0,0.0
2026-02-01,SUP-038,Supplier 038,Taiwan,APAC,PLT-00,Shanghai Hub,China,APAC,Enterprise,Germany,1,1.0,9,9,0,100.0,100.0,0.0
2026-02-01,SUP-038,Supplier 038,Taiwan,APAC,PLT-04,Chennai Forge,India,APAC,SMB,USA,1,1.0,120,103,17,85.83,0.0,3784.37
2026-02-01,SUP-038,Supplier 038,Taiwan,APAC,PLT-02,Detroit Works,USA,NA,Government,Germany,1,2.0,115,148,0,128.7,100.0,0.0
2026-02-01,SUP-039,Supplier 039,Vietnam,APAC,PLT-06,Sao Paulo Ops,Brazil,LATAM,SMB,Singapore,1,2.0,109,140,0,128.44,100.0,0.0
2026-02-01,SUP-039,Supplier 039,Vietnam,APAC,PLT-09,Hanoi Assembly,Vietnam,APAC,SMB,Australia,1,1.0,172,151,21,87.79,0.0,6213.9
2026-02-01,SUP-039,Supplier 039,Vietnam,APAC,PLT-09,Hanoi Assembly,Vietnam,APAC,SMB,USA,1,1.0,90,90,0,100.0,100.0,0.0
2026-02-01,SUP-039,Supplier 039,Vietnam,APAC,PLT-00,Shanghai Hub,China,APAC,SMB,France,1,2.0,73,81,0,110.96,100.0,0.0
2026-02-01,SUP-039,Supplier 039,Vietnam,APAC,PLT-05,Monterrey Plant,Mexico,LATAM,SMB,Canada,1,2.0,96,108,0,112.5,100.0,0.0
2026-02-01,SUP-039,Supplier 039,Vietnam,APAC,PLT-03,Tokyo Precision,Japan,APAC,Enterprise,Australia,1,2.0,82,103,0,125.61,100.0,0.0
2026-02-01,SUP-039,Supplier 039,Vietnam,APAC,PLT-04,Chennai Forge,India,APAC,Enterprise,France,1,1.0,30,30,0,100.0,100.0,0.0
2026-02-01,SUP-039,Supplier 039,Vietnam,APAC,PLT-07,Seoul Tech,South Korea,APAC,Enterprise,Canada,1,1.0,91,91,0,100.0,100.0,0.0
2026-02-01,SUP-039,Supplier 039,Vietnam,APAC,PLT-08,Taipei Micro,Taiwan,APAC,SMB,Germany,1,1.0,120,120,0,100.0,100.0,0.0
2026-02-01,SUP-040,Supplier 040,China,APAC,PLT-03,Tokyo Precision,Japan,APAC,Enterprise,Japan,1,1.0,62,62,0,100.0,100.0,0.0
2026-02-01,SUP-040,Supplier 040,China,APAC,PLT-07,Seoul Tech,South Korea,APAC,SMB,Japan,1,2.0,97,97,0,100.0,100.0,0.0
2026-02-01,SUP-040,Supplier 040,China,APAC,PLT-06,Sao Paulo Ops,Brazil,LATAM,SMB,Canada,1,1.0,208,173,35,83.17,0.0,4706.1
2026-02-01,SUP-040,Supplier 040,China,APAC,PLT-00,Shanghai Hub,China,APAC,Enterprise,USA,1,1.0,9,9,0,100.0,100.0,0.0
2026-02-01,SUP-040,Supplier 040,China,APAC,PLT-05,Monterrey Plant,Mexico,LATAM,Government,Japan,1,1.0,43,43,0,100.0,100.0,0.0
2026-02-01,SUP-040,Supplier 040,China,APAC,PLT-07,Seoul Tech,South Korea,APAC,SMB,UK,2,2.0,150,146,4,97.33,50.0,1866.64
2026-02-01,SUP-041,Supplier 041,Germany,EMEA,PLT-03,Tokyo Precision,Japan,APAC,SMB,UK,1,1.0,45,45,0,100.0,100.0,0.0
2026-02-01,SUP-041,Supplier 041,Germany,EMEA,PLT-09,Hanoi Assembly,Vietnam,APAC,Enterprise,USA,1,1.0,158,158,0,100.0,100.0,0.0
2026-02-01,SUP-041,Supplier 041,Germany,EMEA,PLT-09,Hanoi Assembly,Vietnam,APAC,Enterprise,France,1,1.0,60,49,11,81.67,0.0,484.66
2026-02-01,SUP-041,Supplier 041,Germany,EMEA,PLT-07,Seoul Tech,South Korea,APAC,Government,Canada,1,1.0,76,46,30,60.53,0.0,8328.3
2026-02-01,SUP-041,Supplier 041,Germany,EMEA,PLT-07,Seoul Tech,South Korea,APAC,Government,Germany,1,2.0,32,41,0,128.13,100.0,0.0
2026-02-01,SUP-041,Supplier 041,Germany,EMEA,PLT-07,Seoul Tech,South Korea,APAC,Government,UK,1,1.0,25,25,0,100.0,100.0,0.0
2026-02-01,SUP-042,Supplier 042,USA,NA,PLT-07,Seoul Tech,South Korea,APAC,SMB,Singapore,2,2.0,107,107,0,100.0,100.0,0.0
2026-02-01,SUP-042,Supplier 042,USA,NA,PLT-05,Monterrey Plant,Mexico,LATAM,Enterprise,France,1,1.0,259,259,0,100.0,100.0,0.0
2026-02-01,SUP-042,Supplier 042,USA,NA,PLT-09,Hanoi Assembly,Vietnam,APAC,Government,Canada,1,1.0,19,19,0,100.0,100.0,0.0
2026-02-01,SUP-042,Supplier 042,USA,NA,PLT-02,Detroit Works,USA,NA,SMB,UK,2,2.0,180,166,14,92.22,50.0,4595.36
2026-02-01,SUP-042,Supplier 042,USA,NA,PLT-05,Monterrey Plant,Mexico,LATAM,SMB,UK,1,1.0,172,159,13,92.44,0.0,4149.73
2026-02-01,SUP-042,Supplier 042,USA,NA,PLT-03,Tokyo Precision,Japan,APAC,Government,Canada,1,1.0,59,59,0,100.0,100.0,0.0
2026-02-01,SUP-042,Supplier 042,USA,NA,PLT-01,Munich Center,Germany,EMEA,Enterprise,Japan,1,2.0,72,82,0,113.89,100.0,0.0
2026-02-01,SUP-043,Supplier 043,Japan,APAC,PLT-04,Chennai Forge,India,APAC,SMB,UK,1,1.0,142,142,0,100.0,100.0,0.0
2026-02-01,SUP-043,Supplier 043,Japan,APAC,PLT-04,Chennai Forge,India,APAC,Enterprise,USA,1,1.0,27,14,13,51.85,0.0,740.48
2026-02-01,SUP-043,Supplier 043,Japan,APAC,PLT-08,Taipei Micro,Taiwan,APAC,SMB,Australia,1,2.0,98,123,0,125.51,100.0,0.0
2026-02-01,SUP-043,Supplier 043,Japan,APAC,PLT-08,Taipei Micro,Taiwan,APAC,SMB,UK,1,1.0,23,12,11,52.17,0.0,130.68
2026-02-01,SUP-043,Supplier 043,Japan,APAC,PLT-06,Sao Paulo Ops,Brazil,LATAM,Enterprise,Singapore,1,1.0,310,310,0,100.0,100.0,0.0
2026-02-01,SUP-043,Supplier 043,Japan,APAC,PLT-01,Munich Center,Germany,EMEA,SMB,Australia,1,2.0,18,20,0,111.11,100.0,0.0
2026-02-01,SUP-043,Supplier 043,Japan,APAC,PLT-06,Sao Paulo Ops,Brazil,LATAM,SMB,France,1,1.0,10,10,0,100.0,100.0,0.0
2026-02-01,SUP-043,Supplier 043,Japan,APAC,PLT-06,Sao Paulo Ops,Brazil,LATAM,Enterprise,Germany,1,1.0,29,29,0,100.0,100.0,0.0
2026-02-01,SUP-044,Supplier 044,India,APAC,PLT-07,Seoul Tech,South Korea,APAC,Enterprise,Singapore,1,1.0,135,135,0,100.0,100.0,0.0
2026-02-01,SUP-044,Supplier 044,India,APAC,PLT-08,Taipei Micro,Taiwan,APAC,SMB,Germany,1,2.0,29,32,0,110.34,100.0,0.0
2026-02-01,SUP-044,Supplier 044,India,APAC,PLT-01,Munich Center,Germany,EMEA,SMB,Germany,1,1.0,159,159,0,100.0,100.0,0.0
2026-02-01,SUP-044,Supplier 044,India,APAC,PLT-03,Tokyo Precision,Japan,APAC,Government,Australia,1,1.0,15,15,0,100.0,100.0,0.0
2026-02-01,SUP-045,Supplier 045,Mexico,LATAM,PLT-00,Shanghai Hub,China,APAC,SMB,Germany,1,1.0,28,18,10,64.29,0.0,933.2
2026-02-01,SUP-045,Supplier 045,Mexico,LATAM,PLT-03,Tokyo Precision,Japan,APAC,SMB,Singapore,1,1.0,150,110,40,73.33,0.0,4143.6
2026-02-01,SUP-045,Supplier 045,Mexico,LATAM,PLT-01,Munich Center,Germany,EMEA,SMB,Australia,1,1.0,54,51,3,94.44,0.0,322.38
2026-02-01,SUP-045,Supplier 045,Mexico,LATAM,PLT-02,Detroit Works,USA,NA,SMB,Singapore,1,1.0,1,1,0,100.0,100.0,0.0
2026-02-01,SUP-045,Supplier 045,Mexico,LATAM,PLT-09,Hanoi Assembly,Vietnam,APAC,Enterprise,France,1,1.0,10,9,1,90.0,0.0,246.52
2026-02-01,SUP-045,Supplier 045,Mexico,LATAM,PLT-04,Chennai Forge,India,APAC,SMB,France,1,1.0,29,29,0,100.0,100.0,0.0
2026-02-01,SUP-045,Supplier 045,Mexico,LATAM,PLT-09,Hanoi Assembly,Vietnam,APAC,SMB,Japan,1,1.0,44,36,8,81.82,0.0,1574.88
2026-02-01,SUP-045,Supplier 045,Mexico,LATAM,PLT-00,Shanghai Hub,China,APAC,SMB,Singapore,1,1.0,79,79,0,100.0,100.0,0.0
2026-02-01,SUP-045,Supplier 045,Mexico,LATAM,PLT-02,Detroit Works,USA,NA,SMB,Germany,1,2.0,211,243,0,115.17,100.0,0.0
2026-02-01,SUP-046,Supplier 046,Brazil,LATAM,PLT-00,Shanghai Hub,China,APAC,Enterprise,France,1,1.0,19,19,0,100.0,100.0,0.0
2026-02-01,SUP-046,Supplier 046,Brazil,LATAM,PLT-02,Detroit Works,USA,NA,Government,France,1,1.0,116,116,0,100.0,100.0,0.0
2026-02-01,SUP-046,Supplier 046,Brazil,LATAM,PLT-03,Tokyo Precision,Japan,APAC,Enterprise,Australia,1,1.0,52,52,0,100.0,100.0,0.0
2026-02-01,SUP-046,Supplier 046,Brazil,LATAM,PLT-08,Taipei Micro,Taiwan,APAC,SMB,USA,1,2.0,74,84,0,113.51,100.0,0.0
2026-02-01,SUP-046,Supplier 046,Brazil,LATAM,PLT-08,Taipei Micro,Taiwan,APAC,SMB,France,1,1.0,14,14,0,100.0,100.0,0.0
2026-02-01,SUP-046,Supplier 046,Brazil,LATAM,PLT-07,Seoul Tech,South Korea,APAC,Government,Canada,1,1.0,152,152,0,100.0,100.0,0.0
2026-02-01,SUP-046,Supplier 046,Brazil,LATAM,PLT-06,Sao Paulo Ops,Brazil,LATAM,SMB,Singapore,1,1.0,32,24,8,75.0,0.0,227.76
2026-02-01,SUP-046,Supplier 046,Brazil,LATAM,PLT-07,Seoul Tech,South Korea,APAC,Government,Japan,1,1.0,148,148,0,100.0,100.0,0.0
2026-02-01,SUP-047,Supplier 047,South Korea,APAC,PLT-06,Sao Paulo Ops,Brazil,LATAM,SMB,Australia,1,1.0,176,176,0,100.0,100.0,0.0
2026-02-01,SUP-047,Supplier 047,South Korea,APAC,PLT-02,Detroit Works,USA,NA,SMB,UK,1,1.0,86,74,12,86.05,0.0,1521.36
2026-02-01,SUP-047,Supplier 047,South Korea,APAC,PLT-09,Hanoi Assembly,Vietnam,APAC,Enterprise,USA,1,1.0,166,166,0,100.0,100.0,0.0
2026-02-01,SUP-047,Supplier 047,South Korea,APAC,PLT-09,Hanoi Assembly,Vietnam,APAC,SMB,UK,1,1.0,74,74,0,100.0,100.0,0.0
2026-02-01,SUP-047,Supplier 047,South Korea,APAC,PLT-07,Seoul Tech,South Korea,APAC,SMB,Japan,1,1.0,68,43,25,63.24,0.0,8823.0
2026-02-01,SUP-048,Supplier 048,Taiwan,APAC,PLT-03,Tokyo Precision,Japan,APAC,Enterprise,Japan,1,1.0,46,46,0,100.0,100.0,0.0
2026-02-01,SUP-048,Supplier 048,Taiwan,APAC,PLT-03,Tokyo Precision,Japan,APAC,SMB,Australia,1,1.0,36,31,5,86.11,0.0,1678.65
2026-02-01,SUP-048,Supplier 048,Taiwan,APAC,PLT-07,Seoul Tech,South Korea,APAC,Government,France,1,1.0,9,6,3,66.67,0.0,920.61
2026-02-01,SUP-048,Supplier 048,Taiwan,APAC,PLT-02,Detroit Works,USA,NA,Government,Germany,1,1.0,4,4,0,100.0,100.0,0.0
2026-02-01,SUP-048,Supplier 048,Taiwan,APAC,PLT-03,Tokyo Precision,Japan,APAC,Enterprise,USA,1,1.0,57,36,21,63.16,0.0,5491.92
2026-02-01,SUP-048,Supplier 048,Taiwan,APAC,PLT-09,Hanoi Assembly,Vietnam,APAC,Government,USA,2,2.0,103,99,4,96.12,50.0,1549.96
2026-02-01,SUP-048,Supplier 048,Taiwan,APAC,PLT-08,Taipei Micro,Taiwan,APAC,Government,Singapore,1,1.0,54,44,10,81.48,0.0,669.3
2026-02-01,SUP-049,Supplier 049,Vietnam,APAC,PLT-00,Shanghai Hub,China,APAC,Government,Germany,1,1.0,111,111,0,100.0,100.0,0.0
2026-02-01,SUP-049,Supplier 049,Vietnam,APAC,PLT-06,Sao Paulo Ops,Brazil,LATAM,SMB,Singapore,1,1.0,128,66,62,51.56,0.0,16986.76
2026-02-01,SUP-049,Supplier 049,Vietnam,APAC,PLT-09,Hanoi Assembly,Vietnam,APAC,SMB,UK,1,1.0,5,4,1,80.0,0.0,464.15
2026-02-01,SUP-049,Supplier 049,Vietnam,APAC,PLT-08,Taipei Micro,Taiwan,APAC,SMB,UK,1,1.0,56,56,0,100.0,100.0,0.0
2026-02-01,SUP-049,Supplier 049,Vietnam,APAC,PLT-06,Sao Paulo Ops,Brazil,LATAM,SMB,Japan,1,1.0,40,40,0,100.0,100.0,0.0
2026-03-01,SUP-000,Supplier 000,China,APAC,PLT-04,Chennai Forge,India,APAC,SMB,France,1,1.0,93,86,7,92.47,0.0,2517.27
2026-03-01,SUP-000,Supplier 000,China,APAC,PLT-02,Detroit Works,USA,NA,SMB,Australia,1,2.0,30,25,5,83.33,0.0,1675.85
2026-03-01,SUP-000,Supplier 000,China,APAC,PLT-02,Detroit Works,USA,NA,SMB,UK,1,2.0,3,4,0,133.33,100.0,0.0
2026-03-01,SUP-000,Supplier 000,China,APAC,PLT-03,Tokyo Precision,Japan,APAC,SMB,UK,1,1.0,107,107,0,100.0,100.0,0.0
2026-03-01,SUP-000,Supplier 000,China,APAC,PLT-09,Hanoi Assembly,Vietnam,APAC,Enterprise,Japan,1,2.0,124,143,0,115.32,100.0,0.0
2026-03-01,SUP-000,Supplier 000,China,APAC,PLT-05,Monterrey Plant,Mexico,LATAM,Enterprise,USA,1,1.0,87,65,22,74.71,0.0,609.4
2026-03-01,SUP-001,Supplier 001,Germany,EMEA,PLT-01,Munich Center,Germany,EMEA,Government,Germany,1,2.0,25,26,0,104.0,100.0,0.0
2026-03-01,SUP-001,Supplier 001,Germany,EMEA,PLT-03,Tokyo Precision,Japan,APAC,Enterprise,France,1,2.0,126,150,0,119.05,100.0,0.0
2026-03-01,SUP-001,Supplier 001,Germany,EMEA,PLT-01,Munich Center,Germany,EMEA,Enterprise,Canada,1,1.0,100,100,0,100.0,100.0,0.0
2026-03-01,SUP-001,Supplier 001,Germany,EMEA,PLT-07,Seoul Tech,South Korea,APAC,Government,UK,1,1.0,22,20,2,90.91,0.0,438.0
2026-03-01,SUP-001,Supplier 001,Germany,EMEA,PLT-03,Tokyo Precision,Japan,APAC,Government,Germany,1,1.0,44,42,2,95.45,0.0,490.1
2026-03-01,SUP-002,Supplier 002,USA,NA,PLT-06,Sao Paulo Ops,Brazil,LATAM,Enterprise,Singapore,1,1.0,78,65,13,83.33,0.0,1170.91
2026-03-01,SUP-002,Supplier 002,USA,NA,PLT-09,Hanoi Assembly,Vietnam,APAC,Government,Singapore,1,1.0,185,185,0,100.0,100.0,0.0
2026-03-01,SUP-002,Supplier 002,USA,NA,PLT-05,Monterrey Plant,Mexico,LATAM,Enterprise,Singapore,1,1.0,2,1,1,50.0,0.0,18.19
2026-03-01,SUP-002,Supplier 002,USA,NA,PLT-00,Shanghai Hub,China,APAC,Enterprise,USA,1,1.0,54,54,0,100.0,100.0,0.0
2026-03-01,SUP-003,Supplier 003,Japan,APAC,PLT-05,Monterrey Plant,Mexico,LATAM,SMB,Germany,1,1.0,62,62,0,100.0,100.0,0.0
2026-03-01,SUP-003,Supplier 003,Japan,APAC,PLT-08,Taipei Micro,Taiwan,APAC,SMB,UK,1,1.0,39,39,0,100.0,100.0,0.0
2026-03-01,SUP-003,Supplier 003,Japan,APAC,PLT-01,Munich Center,Germany,EMEA,SMB,Singapore,1,2.0,15,18,0,120.0,100.0,0.0
2026-03-01,SUP-003,Supplier 003,Japan,APAC,PLT-08,Taipei Micro,Taiwan,APAC,SMB,Australia,1,1.0,28,23,5,82.14,0.0,2037.15
2026-03-01,SUP-003,Supplier 003,Japan,APAC,PLT-09,Hanoi Assembly,Vietnam,APAC,Enterprise,Singapore,1,1.0,27,20,7,74.07,0.0,313.46
2026-03-01,SUP-003,Supplier 003,Japan,APAC,PLT-07,Seoul Tech,South Korea,APAC,Enterprise,Japan,1,1.0,47,39,8,82.98,0.0,2485.28
2026-03-01,SUP-004,Supplier 004,India,APAC,PLT-04,Chennai Forge,India,APAC,SMB,Germany,1,1.0,121,87,34,71.9,0.0,12249.86
2026-03-01,SUP-004,Supplier 004,India,APAC,PLT-02,Detroit Works,USA,NA,SMB,Singapore,1,1.0,90,76,14,84.44,0.0,2161.74
2026-03-01,SUP-004,Supplier 004,India,APAC,PLT-07,Seoul Tech,South Korea,APAC,Government,USA,1,1.0,84,84,0,100.0,100.0,0.0
2026-03-01,SUP-004,Supplier 004,India,APAC,PLT-03,Tokyo Precision,Japan,APAC,SMB,Canada,1,1.0,101,84,17,83.17,0.0,366.35
2026-03-01,SUP-004,Supplier 004,India,APAC,PLT-03,Tokyo Precision,Japan,APAC,SMB,USA,1,1.0,108,108,0,100.0,100.0,0.0
2026-03-01,SUP-004,Supplier 004,India,APAC,PLT-09,Hanoi Assembly,Vietnam,APAC,SMB,Germany,1,1.0,117,117,0,100.0,100.0,0.0
2026-03-01,SUP-004,Supplier 004,India,APAC,PLT-09,Hanoi Assembly,Vietnam,APAC,SMB,Australia,1,1.0,122,122,0,100.0,100.0,0.0
2026-03-01,SUP-004,Supplier 004,India,APAC,PLT-06,Sao Paulo Ops,Brazil,LATAM,Government,Singapore,1,1.0,30,30,0,100.0,100.0,0.0
2026-03-01,SUP-004,Supplier 004,India,APAC,PLT-05,Monterrey Plant,Mexico,LATAM,Government,Canada,1,1.0,125,125,0,100.0,100.0,0.0
2026-03-01,SUP-005,Supplier 005,Mexico,LATAM,PLT-04,Chennai Forge,India,APAC,Enterprise,Canada,1,1.0,160,160,0,100.0,100.0,0.0
2026-03-01,SUP-005,Supplier 005,Mexico,LATAM,PLT-09,Hanoi Assembly,Vietnam,APAC,SMB,Germany,1,1.0,14,14,0,100.0,100.0,0.0
2026-03-01,SUP-005,Supplier 005,Mexico,LATAM,PLT-06,Sao Paulo Ops,Brazil,LATAM,SMB,UK,1,1.0,9,9,0,100.0,100.0,0.0
2026-03-01,SUP-005,Supplier 005,Mexico,LATAM,PLT-03,Tokyo Precision,Japan,APAC,Enterprise,Canada,1,1.0,121,121,0,100.0,100.0,0.0
2026-03-01,SUP-006,Supplier 006,Brazil,LATAM,PLT-05,Monterrey Plant,Mexico,LATAM,Enterprise,Japan,1,1.0,27,21,6,77.78,0.0,1464.66
2026-03-01,SUP-006,Supplier 006,Brazil,LATAM,PLT-01,Munich Center,Germany,EMEA,Government,France,1,1.0,131,131,0,100.0,100.0,0.0
2026-03-01,SUP-006,Supplier 006,Brazil,LATAM,PLT-01,Munich Center,Germany,EMEA,SMB,USA,1,1.0,60,60,0,100.0,100.0,0.0
2026-03-01,SUP-006,Supplier 006,Brazil,LATAM,PLT-08,Taipei Micro,Taiwan,APAC,Enterprise,USA,1,1.0,109,109,0,100.0,100.0,0.0
2026-03-01,SUP-006,Supplier 006,Brazil,LATAM,PLT-03,Tokyo Precision,Japan,APAC,SMB,Australia,1,1.0,27,23,4,85.19,0.0,580.0
2026-03-01,SUP-006,Supplier 006,Brazil,LATAM,PLT-08,Taipei Micro,Taiwan,APAC,Enterprise,Japan,1,1.0,106,106,0,100.0,100.0,0.0
2026-03-01,SUP-006,Supplier 006,Brazil,LATAM,PLT-00,Shanghai Hub,China,APAC,Government,Australia,1,1.0,50,50,0,100.0,100.0,0.0
2026-03-01,SUP-006,Supplier 006,Brazil,LATAM,PLT-00,Shanghai Hub,China,APAC,Government,UK,1,1.0,93,93,0,100.0,100.0,0.0
2026-03-01,SUP-006,Supplier 006,Brazil,LATAM,PLT-05,Monterrey Plant,Mexico,LATAM,Government,France,1,1.0,23,23,0,100.0,100.0,0.0
2026-03-01,SUP-007,Supplier 007,South Korea,APAC,PLT-04,Chennai Forge,India,APAC,SMB,Singapore,1,1.0,85,46,39,54.12,0.0,2880.15
2026-03-01,SUP-007,Supplier 007,South Korea,APAC,PLT-05,Monterrey Plant,Mexico,LATAM,SMB,France,1,1.0,31,31,0,100.0,100.0,0.0
2026-03-01,SUP-007,Supplier 007,South Korea,APAC,PLT-08,Taipei Micro,Taiwan,APAC,SMB,Germany,1,2.0,123,151,0,122.76,100.0,0.0
2026-03-01,SUP-008,Supplier 008,Taiwan,APAC,PLT-08,Taipei Micro,Taiwan,APAC,SMB,Australia,1,1.0,31,27,4,87.1,0.0,816.6
2026-03-01,SUP-008,Supplier 008,Taiwan,APAC,PLT-09,Hanoi Assembly,Vietnam,APAC,SMB,UK,1,1.0,87,44,43,50.57,0.0,18913.55
2026-03-01,SUP-008,Supplier 008,Taiwan,APAC,PLT-06,Sao Paulo Ops,Brazil,LATAM,SMB,UK,1,1.0,30,27,3,90.0,0.0,892.56
2026-03-01,SUP-008,Supplier 008,Taiwan,APAC,PLT-01,Munich Center,Germany,EMEA,Enterprise,Japan,1,1.0,115,115,0,100.0,100.0,0.0
2026-03-01,SUP-008,Supplier 008,Taiwan,APAC,PLT-09,Hanoi Assembly,Vietnam,APAC,SMB,Canada,1,1.0,3,3,0,100.0,100.0,0.0
2026-03-01,SUP-008,Supplier 008,Taiwan,APAC,PLT-01,Munich Center,Germany,EMEA,SMB,France,1,1.0,166,166,0,100.0,100.0,0.0
2026-03-01,SUP-008,Supplier 008,Taiwan,APAC,PLT-03,Tokyo Precision,Japan,APAC,SMB,Singapore,1,1.0,38,38,0,100.0,100.0,0.0
2026-03-01,SUP-009,Supplier 009,Vietnam,APAC,PLT-04,Chennai Forge,India,APAC,Enterprise,France,1,1.0,67,62,5,92.54,0.0,1211.6
2026-03-01,SUP-009,Supplier 009,Vietnam,APAC,PLT-03,Tokyo Precision,Japan,APAC,SMB,Japan,1,1.0,105,105,0,100.0,100.0,0.0
2026-03-01,SUP-009,Supplier 009,Vietnam,APAC,PLT-01,Munich Center,Germany,EMEA,Enterprise,Singapore,1,2.0,68,78,0,114.71,100.0,0.0
2026-03-01,SUP-009,Supplier 009,Vietnam,APAC,PLT-01,Munich Center,Germany,EMEA,SMB,Australia,1,1.0,69,61,8,88.41,0.0,3810.0
2026-03-01,SUP-009,Supplier 009,Vietnam,APAC,PLT-07,Seoul Tech,South Korea,APAC,SMB,UK,1,1.0,39,39,0,100.0,100.0,0.0
2026-03-01,SUP-009,Supplier 009,Vietnam,APAC,PLT-00,Shanghai Hub,China,APAC,SMB,France,1,1.0,40,40,0,100.0,100.0,0.0
2026-03-01,SUP-009,Supplier 009,Vietnam,APAC,PLT-06,Sao Paulo Ops,Brazil,LATAM,Enterprise,USA,1,1.0,16,15,1,93.75,0.0,363.44
2026-03-01,SUP-009,Supplier 009,Vietnam,APAC,PLT-08,Taipei Micro,Taiwan,APAC,Government,Japan,1,1.0,23,23,0,100.0,100.0,0.0
2026-03-01,SUP-009,Supplier 009,Vietnam,APAC,PLT-01,Munich Center,Germany,EMEA,Enterprise,Japan,1,1.0,32,32,0,100.0,100.0,0.0
2026-03-01,SUP-009,Supplier 009,Vietnam,APAC,PLT-08,Taipei Micro,Taiwan,APAC,Enterprise,USA,2,3.0,125,127,0,101.6,100.0,0.0
2026-03-01,SUP-009,Supplier 009,Vietnam,APAC,PLT-09,Hanoi Assembly,Vietnam,APAC,Government,UK,1,1.0,71,63,8,88.73,0.0,1306.88
2026-03-01,SUP-010,Supplier 010,China,APAC,PLT-07,Seoul Tech,South Korea,APAC,SMB,USA,1,2.0,74,91,0,122.97,100.0,0.0
2026-03-01,SUP-010,Supplier 010,China,APAC,PLT-01,Munich Center,Germany,EMEA,Government,Germany,1,2.0,28,32,0,114.29,100.0,0.0
2026-03-01,SUP-010,Supplier 010,China,APAC,PLT-00,Shanghai Hub,China,APAC,SMB,Australia,1,1.0,21,21,0,100.0,100.0,0.0
2026-03-01,SUP-010,Supplier 010,China,APAC,PLT-02,Detroit Works,USA,NA,Government,France,1,2.0,12,15,0,125.0,100.0,0.0
2026-03-01,SUP-010,Supplier 010,China,APAC,PLT-09,Hanoi Assembly,Vietnam,APAC,Enterprise,Japan,1,1.0,4,4,0,100.0,100.0,0.0
2026-03-01,SUP-010,Supplier 010,China,APAC,PLT-02,Detroit Works,USA,NA,SMB,UK,1,1.0,27,27,0,100.0,100.0,0.0
2026-03-01,SUP-010,Supplier 010,China,APAC,PLT-08,Taipei Micro,Taiwan,APAC,Government,Germany,1,1.0,49,49,0,100.0,100.0,0.0
2026-03-01,SUP-010,Supplier 010,China,APAC,PLT-08,Taipei Micro,Taiwan,APAC,SMB,Australia,1,2.0,87,105,0,120.69,100.0,0.0
2026-03-01,SUP-011,Supplier 011,Germany,EMEA,PLT-06,Sao Paulo Ops,Brazil,LATAM,Government,Germany,1,2.0,80,91,0,113.75,100.0,0.0
2026-03-01,SUP-011,Supplier 011,Germany,EMEA,PLT-07,Seoul Tech,South Korea,APAC,SMB,Australia,1,1.0,159,159,0,100.0,100.0,0.0
2026-03-01,SUP-011,Supplier 011,Germany,EMEA,PLT-07,Seoul Tech,South Korea,APAC,Enterprise,Japan,1,1.0,112,112,0,100.0,100.0,0.0
2026-03-01,SUP-011,Supplier 011,Germany,EMEA,PLT-05,Monterrey Plant,Mexico,LATAM,Enterprise,Japan,1,1.0,78,78,0,100.0,100.0,0.0
2026-03-01,SUP-011,Supplier 011,Germany,EMEA,PLT-09,Hanoi Assembly,Vietnam,APAC,SMB,France,1,1.0,18,18,0,100.0,100.0,0.0
2026-03-01,SUP-011,Supplier 011,Germany,EMEA,PLT-00,Shanghai Hub,China,APAC,SMB,Australia,1,1.0,99,96,3,96.97,0.0,904.98
2026-03-01,SUP-011,Supplier 011,Germany,EMEA,PLT-09,Hanoi Assembly,Vietnam,APAC,SMB,USA,1,2.0,54,61,0,112.96,100.0,0.0
2026-03-01,SUP-012,Supplier 012,USA,NA,PLT-09,Hanoi Assembly,Vietnam,APAC,Enterprise,France,1,2.0,113,111,2,98.23,0.0,290.5
2026-03-01,SUP-012,Supplier 012,USA,NA,PLT-06,Sao Paulo Ops,Brazil,LATAM,SMB,Japan,1,1.0,9,9,0,100.0,100.0,0.0
2026-03-01,SUP-012,Supplier 012,USA,NA,PLT-02,Detroit Works,USA,NA,SMB,France,1,1.0,44,44,0,100.0,100.0,0.0
2026-03-01,SUP-012,Supplier 012,USA,NA,PLT-07,Seoul Tech,South Korea,APAC,Enterprise,Australia,1,2.0,82,79,3,96.34,0.0,443.04
2026-03-01,SUP-012,Supplier 012,USA,NA,PLT-06,Sao Paulo Ops,Brazil,LATAM,Enterprise,Germany,1,1.0,107,107,0,100.0,100.0,0.0
2026-03-01,SUP-012,Supplier 012,USA,NA,PLT-07,Seoul Tech,South Korea,APAC,Government,Germany,1,2.0,80,98,0,122.5,100.0,0.0
2026-03-01,SUP-012,Supplier 012,USA,NA,PLT-02,Detroit Works,USA,NA,Enterprise,Germany,1,2.0,117,144,0,123.08,100.0,0.0
2026-03-01,SUP-012,Supplier 012,USA,NA,PLT-01,Munich Center,Germany,EMEA,Government,USA,1,1.0,24,24,0,100.0,100.0,0.0
2026-03-01,SUP-012,Supplier 012,USA,NA,PLT-02,Detroit Works,USA,NA,Enterprise,Japan,1,1.0,88,88,0,100.0,100.0,0.0
2026-03-01,SUP-012,Supplier 012,USA,NA,PLT-01,Munich Center,Germany,EMEA,Enterprise,Germany,1,2.0,76,68,8,89.47,0.0,3950.8
2026-03-01,SUP-013,Supplier 013,Japan,APAC,PLT-07,Seoul Tech,South Korea,APAC,SMB,Singapore,1,1.0,55,45,10,81.82,0.0,2572.3
2026-03-01,SUP-013,Supplier 013,Japan,APAC,PLT-02,Detroit Works,USA,NA,Government,France,1,2.0,15,18,0,120.0,100.0,0.0
2026-03-01,SUP-013,Supplier 013,Japan,APAC,PLT-02,Detroit Works,USA,NA,SMB,UK,1,1.0,48,48,0,100.0,100.0,0.0
2026-03-01,SUP-013,Supplier 013,Japan,APAC,PLT-00,Shanghai Hub,China,APAC,Enterprise,Japan,1,1.0,13,10,3,76.92,0.0,567.24
2026-03-01,SUP-013,Supplier 013,Japan,APAC,PLT-00,Shanghai Hub,China,APAC,SMB,Australia,1,1.0,68,36,32,52.94,0.0,7026.56
2026-03-01,SUP-013,Supplier 013,Japan,APAC,PLT-08,Taipei Micro,Taiwan,APAC,Enterprise,USA,1,1.0,48,30,18,62.5,0.0,5847.12
2026-03-01,SUP-013,Supplier 013,Japan,APAC,PLT-07,Seoul Tech,South Korea,APAC,SMB,Australia,1,1.0,23,23,0,100.0,100.0,0.0
2026-03-01,SUP-013,Supplier 013,Japan,APAC,PLT-06,Sao Paulo Ops,Brazil,LATAM,SMB,France,1,1.0,196,196,0,100.0,100.0,0.0
2026-03-01,SUP-013,Supplier 013,Japan,APAC,PLT-01,Munich Center,Germany,EMEA,SMB,USA,1,1.0,33,33,0,100.0,100.0,0.0
2026-03-01,SUP-013,Supplier 013,Japan,APAC,PLT-09,Hanoi Assembly,Vietnam,APAC,SMB,Canada,1,1.0,281,281,0,100.0,100.0,0.0
2026-03-01,SUP-014,Supplier 014,India,APAC,PLT-03,Tokyo Precision,Japan,APAC,SMB,UK,1,1.0,16,16,0,100.0,100.0,0.0
2026-03-01,SUP-014,Supplier 014,India,APAC,PLT-05,Monterrey Plant,Mexico,LATAM,SMB,Germany,1,1.0,15,15,0,100.0,100.0,0.0
2026-03-01,SUP-014,Supplier 014,India,APAC,PLT-02,Detroit Works,USA,NA,Enterprise,Australia,1,2.0,81,95,0,117.28,100.0,0.0
2026-03-01,SUP-014,Supplier 014,India,APAC,PLT-01,Munich Center,Germany,EMEA,Government,Australia,1,1.0,44,44,0,100.0,100.0,0.0
2026-03-01,SUP-014,Supplier 014,India,APAC,PLT-07,Seoul Tech,South Korea,APAC,Government,Australia,1,1.0,57,33,24,57.89,0.0,4538.88
2026-03-01,SUP-014,Supplier 014,India,APAC,PLT-04,Chennai Forge,India,APAC,Enterprise,Canada,1,1.0,107,98,9,91.59,0.0,4001.13
2026-03-01,SUP-015,Supplier 015,Mexico,LATAM,PLT-08,Taipei Micro,Taiwan,APAC,SMB,Japan,1,2.0,159,191,0,120.13,100.0,0.0
2026-03-01,SUP-015,Supplier 015,Mexico,LATAM,PLT-01,Munich Center,Germany,EMEA,Enterprise,USA,1,1.0,42,35,7,83.33,0.0,2317.84
2026-03-01,SUP-015,Supplier 015,Mexico,LATAM,PLT-00,Shanghai Hub,China,APAC,SMB,France,1,1.0,227,227,0,100.0,100.0,0.0
2026-03-01,SUP-015,Supplier 015,Mexico,LATAM,PLT-08,Taipei Micro,Taiwan,APAC,SMB,USA,1,1.0,16,16,0,100.0,100.0,0.0
2026-03-01,SUP-015,Supplier 015,Mexico,LATAM,PLT-02,Detroit Works,USA,NA,SMB,Canada,1,1.0,32,32,0,100.0,100.0,0.0
2026-03-01,SUP-015,Supplier 015,Mexico,LATAM,PLT-09,Hanoi Assembly,Vietnam,APAC,SMB,UK,1,1.0,32,26,6,81.25,0.0,2075.58
2026-03-01,SUP-015,Supplier 015,Mexico,LATAM,PLT-08,Taipei Micro,Taiwan,APAC,Government,USA,1,1.0,97,97,0,100.0,100.0,0.0
2026-03-01,SUP-015,Supplier 015,Mexico,LATAM,PLT-02,Detroit Works,USA,NA,Enterprise,Canada,1,1.0,52,52,0,100.0,100.0,0.0
2026-03-01,SUP-016,Supplier 016,Brazil,LATAM,PLT-09,Hanoi Assembly,Vietnam,APAC,Enterprise,France,2,3.0,39,43,0,110.26,100.0,0.0
2026-03-01,SUP-016,Supplier 016,Brazil,LATAM,PLT-01,Munich Center,Germany,EMEA,Enterprise,France,1,1.0,8,8,0,100.0,100.0,0.0
2026-03-01,SUP-016,Supplier 016,Brazil,LATAM,PLT-06,Sao Paulo Ops,Brazil,LATAM,Government,Germany,1,1.0,57,47,10,82.46,0.0,1847.2
2026-03-01,SUP-016,Supplier 016,Brazil,LATAM,PLT-05,Monterrey Plant,Mexico,LATAM,SMB,Singapore,1,1.0,41,41,0,100.0,100.0,0.0
2026-03-01,SUP-016,Supplier 016,Brazil,LATAM,PLT-03,Tokyo Precision,Japan,APAC,Government,Australia,1,2.0,144,109,35,75.69,0.0,14339.5
2026-03-01,SUP-016,Supplier 016,Brazil,LATAM,PLT-04,Chennai Forge,India,APAC,SMB,Germany,1,1.0,75,75,0,100.0,100.0,0.0
2026-03-01,SUP-017,Supplier 017,South Korea,APAC,PLT-02,Detroit Works,USA,NA,SMB,Singapore,1,1.0,23,16,7,69.57,0.0,1365.28
2026-03-01,SUP-017,Supplier 017,South Korea,APAC,PLT-04,Chennai Forge,India,APAC,Enterprise,USA,1,1.0,19,19,0,100.0,100.0,0.0
2026-03-01,SUP-017,Supplier 017,South Korea,APAC,PLT-03,Tokyo Precision,Japan,APAC,SMB,Canada,1,1.0,152,131,21,86.18,0.0,6707.61
2026-03-01,SUP-017,Supplier 017,South Korea,APAC,PLT-04,Chennai Forge,India,APAC,SMB,Australia,1,1.0,9,9,0,100.0,100.0,0.0
2026-03-01,SUP-017,Supplier 017,South Korea,APAC,PLT-06,Sao Paulo Ops,Brazil,LATAM,Government,Singapore,1,1.0,52,44,8,84.62,0.0,117.28
2026-03-01,SUP-017,Supplier 017,South Korea,APAC,PLT-01,Munich Center,Germany,EMEA,SMB,Japan,1,2.0,90,100,0,111.11,100.0,0.0
2026-03-01,SUP-018,Supplier 018,Taiwan,APAC,PLT-04,Chennai Forge,India,APAC,SMB,France,1,1.0,210,181,29,86.19,0.0,12558.74
2026-03-01,SUP-018,Supplier 018,Taiwan,APAC,PLT-00,Shanghai Hub,China,APAC,SMB,Australia,1,1.0,117,117,0,100.0,100.0,0.0
2026-03-01,SUP-018,Supplier 018,Taiwan,APAC,PLT-06,Sao Paulo Ops,Brazil,LATAM,Enterprise,Germany,1,1.0,181,181,0,100.0,100.0,0.0
2026-03-01,SUP-018,Supplier 018,Taiwan,APAC,PLT-08,Taipei Micro,Taiwan,APAC,SMB,Australia,1,1.0,58,54,4,93.1,0.0,853.0
2026-03-01,SUP-018,Supplier 018,Taiwan,APAC,PLT-03,Tokyo Precision,Japan,APAC,SMB,Germany,1,1.0,102,102,0,100.0,100.0,0.0
2026-03-01,SUP-018,Supplier 018,Taiwan,APAC,PLT-08,Taipei Micro,Taiwan,APAC,Enterprise,France,1,1.0,135,128,7,94.81,0.0,868.63
2026-03-01,SUP-018,Supplier 018,Taiwan,APAC,PLT-02,Detroit Works,USA,NA,Enterprise,USA,1,1.0,73,63,10,86.3,0.0,3540.8
2026-03-01,SUP-018,Supplier 018,Taiwan,APAC,PLT-03,Tokyo Precision,Japan,APAC,SMB,France,1,1.0,25,22,3,88.0,0.0,147.54
2026-03-01,SUP-019,Supplier 019,Vietnam,APAC,PLT-05,Monterrey Plant,Mexico,LATAM,Enterprise,Germany,1,1.0,217,153,64,70.51,0.0,16301.44
2026-03-01,SUP-019,Supplier 019,Vietnam,APAC,PLT-00,Shanghai Hub,China,APAC,Government,France,1,1.0,88,86,2,97.73,0.0,596.42
2026-03-01,SUP-019,Supplier 019,Vietnam,APAC,PLT-09,Hanoi Assembly,Vietnam,APAC,Government,USA,1,1.0,25,25,0,100.0,100.0,0.0
2026-03-01,SUP-019,Supplier 019,Vietnam,APAC,PLT-00,Shanghai Hub,China,APAC,SMB,Germany,1,1.0,7,7,0,100.0,100.0,0.0
2026-03-01,SUP-019,Supplier 019,Vietnam,APAC,PLT-07,Seoul Tech,South Korea,APAC,Enterprise,UK,1,1.0,13,13,0,100.0,100.0,0.0
2026-03-01,SUP-019,Supplier 019,Vietnam,APAC,PLT-03,Tokyo Precision,Japan,APAC,Government,Germany,1,1.0,8,8,0,100.0,100.0,0.0
2026-03-01,SUP-020,Supplier 020,China,APAC,PLT-08,Taipei Micro,Taiwan,APAC,SMB,USA,1,1.0,46,46,0,100.0,100.0,0.0
2026-03-01,SUP-020,Supplier 020,China,APAC,PLT-03,Tokyo Precision,Japan,APAC,Enterprise,USA,1,1.0,87,87,0,100.0,100.0,0.0
2026-03-01,SUP-020,Supplier 020,China,APAC,PLT-06,Sao Paulo Ops,Brazil,LATAM,SMB,UK,1,2.0,22,27,0,122.73,100.0,0.0
2026-03-01,SUP-020,Supplier 020,China,APAC,PLT-09,Hanoi Assembly,Vietnam,APAC,SMB,Japan,1,1.0,54,49,5,90.74,0.0,1542.3
2026-03-01,SUP-020,Supplier 020,China,APAC,PLT-06,Sao Paulo Ops,Brazil,LATAM,Enterprise,Canada,1,1.0,18,11,7,61.11,0.0,1143.45
2026-03-01,SUP-020,Supplier 020,China,APAC,PLT-04,Chennai Forge,India,APAC,SMB,France,1,1.0,76,76,0,100.0,100.0,0.0
2026-03-01,SUP-020,Supplier 020,China,APAC,PLT-04,Chennai Forge,India,APAC,Government,Canada,1,1.0,110,110,0,100.0,100.0,0.0
2026-03-01,SUP-020,Supplier 020,China,APAC,PLT-01,Munich Center,Germany,EMEA,Enterprise,USA,1,1.0,26,26,0,100.0,100.0,0.0
2026-03-01,SUP-021,Supplier 021,Germany,EMEA,PLT-01,Munich Center,Germany,EMEA,Enterprise,Canada,1,1.0,56,56,0,100.0,100.0,0.0
2026-03-01,SUP-021,Supplier 021,Germany,EMEA,PLT-09,Hanoi Assembly,Vietnam,APAC,Enterprise,Canada,1,1.0,204,204,0,100.0,100.0,0.0
2026-03-01,SUP-021,Supplier 021,Germany,EMEA,PLT-02,Detroit Works,USA,NA,Government,Germany,1,1.0,18,18,0,100.0,100.0,0.0
2026-03-01,SUP-021,Supplier 021,Germany,EMEA,PLT-00,Shanghai Hub,China,APAC,Government,USA,1,1.0,37,37,0,100.0,100.0,0.0
2026-03-01,SUP-021,Supplier 021,Germany,EMEA,PLT-04,Chennai Forge,India,APAC,Government,USA,1,1.0,4,4,0,100.0,100.0,0.0
2026-03-01,SUP-021,Supplier 021,Germany,EMEA,PLT-05,Monterrey Plant,Mexico,LATAM,SMB,UK,1,1.0,6,6,0,100.0,100.0,0.0
2026-03-01,SUP-022,Supplier 022,USA,NA,PLT-07,Seoul Tech,South Korea,APAC,SMB,France,1,1.0,148,84,64,56.76,0.0,2699.52
2026-03-01,SUP-022,Supplier 022,USA,NA,PLT-07,Seoul Tech,South Korea,APAC,Enterprise,Germany,1,1.0,47,47,0,100.0,100.0,0.0
2026-03-01,SUP-022,Supplier 022,USA,NA,PLT-04,Chennai Forge,India,APAC,Enterprise,UK,1,1.0,133,133,0,100.0,100.0,0.0
2026-03-01,SUP-022,Supplier 022,USA,NA,PLT-01,Munich Center,Germany,EMEA,SMB,Singapore,1,2.0,110,97,13,88.18,0.0,2563.86
2026-03-01,SUP-022,Supplier 022,USA,NA,PLT-06,Sao Paulo Ops,Brazil,LATAM,SMB,Australia,1,1.0,78,78,0,100.0,100.0,0.0
2026-03-01,SUP-022,Supplier 022,USA,NA,PLT-08,Taipei Micro,Taiwan,APAC,SMB,Australia,1,1.0,72,61,11,84.72,0.0,1602.15
2026-03-01,SUP-022,Supplier 022,USA,NA,PLT-08,Taipei Micro,Taiwan,APAC,Enterprise,UK,1,2.0,86,106,0,123.26,100.0,0.0
2026-03-01,SUP-022,Supplier 022,USA,NA,PLT-03,Tokyo Precision,Japan,APAC,Government,Japan,1,1.0,109,88,21,80.73,0.0,8529.99
2026-03-01,SUP-022,Supplier 022,USA,NA,PLT-02,Detroit Works,USA,NA,SMB,USA,1,1.0,20,20,0,100.0,100.0,0.0
2026-03-01,SUP-022,Supplier 022,USA,NA,PLT-01,Munich Center,Germany,EMEA,Enterprise,Japan,1,1.0,144,144,0,100.0,100.0,0.0
2026-03-01,SUP-022,Supplier 022,USA,NA,PLT-04,Chennai Forge,India,APAC,SMB,Australia,1,1.0,162,162,0,100.0,100.0,0.0
2026-03-01,SUP-022,Supplier 022,USA,NA,PLT-08,Taipei Micro,Taiwan,APAC,SMB,USA,1,1.0,199,199,0,100.0,100.0,0.0
2026-03-01,SUP-023,Supplier 023,Japan,APAC,PLT-08,Taipei Micro,Taiwan,APAC,Enterprise,Germany,1,2.0,15,19,0,126.67,100.0,0.0
2026-03-01,SUP-023,Supplier 023,Japan,APAC,PLT-01,Munich Center,Germany,EMEA,SMB,Australia,1,1.0,56,56,0,100.0,100.0,0.0
2026-03-01,SUP-024,Supplier 024,India,APAC,PLT-03,Tokyo Precision,Japan,APAC,SMB,Singapore,1,1.0,101,101,0,100.0,100.0,0.0
2026-03-01,SUP-024,Supplier 024,India,APAC,PLT-02,Detroit Works,USA,NA,Enterprise,Japan,1,1.0,111,111,0,100.0,100.0,0.0
2026-03-01,SUP-024,Supplier 024,India,APAC,PLT-07,Seoul Tech,South Korea,APAC,SMB,USA,1,2.0,194,248,0,127.84,100.0,0.0
2026-03-01,SUP-024,Supplier 024,India,APAC,PLT-06,Sao Paulo Ops,Brazil,LATAM,SMB,Australia,1,1.0,67,64,3,95.52,0.0,1316.52
2026-03-01,SUP-024,Supplier 024,India,APAC,PLT-04,Chennai Forge,India,APAC,SMB,France,1,1.0,101,87,14,86.14,0.0,5493.32
2026-03-01,SUP-024,Supplier 024,India,APAC,PLT-08,Taipei Micro,Taiwan,APAC,Enterprise,France,1,1.0,71,71,0,100.0,100.0,0.0
2026-03-01,SUP-025,Supplier 025,Mexico,LATAM,PLT-07,Seoul Tech,South Korea,APAC,SMB,Australia,1,1.0,40,40,0,100.0,100.0,0.0
2026-03-01,SUP-025,Supplier 025,Mexico,LATAM,PLT-00,Shanghai Hub,China,APAC,Enterprise,Japan,1,1.0,67,67,0,100.0,100.0,0.0
2026-03-01,SUP-025,Supplier 025,Mexico,LATAM,PLT-03,Tokyo Precision,Japan,APAC,SMB,Australia,1,2.0,113,118,0,104.42,100.0,0.0
2026-03-01,SUP-025,Supplier 025,Mexico,LATAM,PLT-03,Tokyo Precision,Japan,APAC,SMB,Canada,1,2.0,52,61,0,117.31,100.0,0.0
2026-03-01,SUP-025,Supplier 025,Mexico,LATAM,PLT-08,Taipei Micro,Taiwan,APAC,Government,Singapore,1,1.0,23,23,0,100.0,100.0,0.0
2026-03-01,SUP-025,Supplier 025,Mexico,LATAM,PLT-03,Tokyo Precision,Japan,APAC,Enterprise,France,1,2.0,130,145,0,111.54,100.0,0.0
2026-03-01,SUP-025,Supplier 025,Mexico,LATAM,PLT-05,Monterrey Plant,Mexico,LATAM,Enterprise,Singapore,1,1.0,4,4,0,100.0,100.0,0.0
2026-03-01,SUP-025,Supplier 025,Mexico,LATAM,PLT-04,Chennai Forge,India,APAC,Government,USA,1,1.0,52,52,0,100.0,100.0,0.0
2026-03-01,SUP-026,Supplier 026,Brazil,LATAM,PLT-00,Shanghai Hub,China,APAC,Government,USA,1,1.0,50,42,8,84.0,0.0,3574.72
2026-03-01,SUP-026,Supplier 026,Brazil,LATAM,PLT-04,Chennai Forge,India,APAC,SMB,UK,1,2.0,132,129,3,97.73,0.0,711.66
2026-03-01,SUP-026,Supplier 026,Brazil,LATAM,PLT-08,Taipei Micro,Taiwan,APAC,SMB,France,1,1.0,52,45,7,86.54,0.0,738.99
2026-03-01,SUP-026,Supplier 026,Brazil,LATAM,PLT-00,Shanghai Hub,China,APAC,Enterprise,UK,1,2.0,17,22,0,129.41,100.0,0.0
2026-03-01,SUP-026,Supplier 026,Brazil,LATAM,PLT-02,Detroit Works,USA,NA,SMB,Japan,1,1.0,143,99,44,69.23,0.0,13496.56
2026-03-01,SUP-027,Supplier 027,South Korea,APAC,PLT-04,Chennai Forge,India,APAC,SMB,Japan,1,1.0,66,42,24,63.64,0.0,11701.68
2026-03-01,SUP-027,Supplier 027,South Korea,APAC,PLT-08,Taipei Micro,Taiwan,APAC,SMB,Germany,1,1.0,144,144,0,100.0,100.0,0.0
2026-03-01,SUP-027,Supplier 027,South Korea,APAC,PLT-05,Monterrey Plant,Mexico,LATAM,SMB,UK,1,1.0,94,94,0,100.0,100.0,0.0
2026-03-01,SUP-027,Supplier 027,South Korea,APAC,PLT-09,Hanoi Assembly,Vietnam,APAC,Government,Singapore,1,1.0,83,83,0,100.0,100.0,0.0
2026-03-01,SUP-027,Supplier 027,South Korea,APAC,PLT-09,Hanoi Assembly,Vietnam,APAC,Enterprise,USA,1,1.0,40,40,0,100.0,100.0,0.0
2026-03-01,SUP-027,Supplier 027,South Korea,APAC,PLT-05,Monterrey Plant,Mexico,LATAM,SMB,USA,1,1.0,48,48,0,100.0,100.0,0.0
2026-03-01,SUP-027,Supplier 027,South Korea,APAC,PLT-08,Taipei Micro,Taiwan,APAC,Government,Germany,1,2.0,211,204,7,96.68,0.0,2106.16
2026-03-01,SUP-027,Supplier 027,South Korea,APAC,PLT-00,Shanghai Hub,China,APAC,Enterprise,Canada,1,1.0,11,11,0,100.0,100.0,0.0
2026-03-01,SUP-028,Supplier 028,Taiwan,APAC,PLT-09,Hanoi Assembly,Vietnam,APAC,Government,USA,1,1.0,17,14,3,82.35,0.0,68.46
2026-03-01,SUP-028,Supplier 028,Taiwan,APAC,PLT-06,Sao Paulo Ops,Brazil,LATAM,Enterprise,UK,1,2.0,39,41,0,105.13,100.0,0.0
2026-03-01,SUP-028,Supplier 028,Taiwan,APAC,PLT-06,Sao Paulo Ops,Brazil,LATAM,SMB,France,1,1.0,27,27,0,100.0,100.0,0.0
2026-03-01,SUP-028,Supplier 028,Taiwan,APAC,PLT-05,Monterrey Plant,Mexico,LATAM,Enterprise,Australia,1,1.0,74,60,14,81.08,0.0,2526.3
2026-03-01,SUP-028,Supplier 028,Taiwan,APAC,PLT-01,Munich Center,Germany,EMEA,SMB,UK,1,1.0,164,164,0,100.0,100.0,0.0
2026-03-01,SUP-028,Supplier 028,Taiwan,APAC,PLT-06,Sao Paulo Ops,Brazil,LATAM,SMB,Canada,1,1.0,117,117,0,100.0,100.0,0.0
2026-03-01,SUP-029,Supplier 029,Vietnam,APAC,PLT-06,Sao Paulo Ops,Brazil,LATAM,Government,Singapore,1,1.0,88,88,0,100.0,100.0,0.0
2026-03-01,SUP-029,Supplier 029,Vietnam,APAC,PLT-04,Chennai Forge,India,APAC,Enterprise,Germany,1,1.0,118,114,4,96.61,0.0,1549.04
2026-03-01,SUP-029,Supplier 029,Vietnam,APAC,PLT-07,Seoul Tech,South Korea,APAC,Enterprise,Canada,1,1.0,3,3,0,100.0,100.0,0.0
2026-03-01,SUP-029,Supplier 029,Vietnam,APAC,PLT-03,Tokyo Precision,Japan,APAC,SMB,Japan,1,2.0,10,12,0,120.0,100.0,0.0
2026-03-01,SUP-029,Supplier 029,Vietnam,APAC,PLT-07,Seoul Tech,South Korea,APAC,SMB,France,1,1.0,149,149,0,100.0,100.0,0.0
2026-03-01,SUP-029,Supplier 029,Vietnam,APAC,PLT-02,Detroit Works,USA,NA,SMB,Germany,1,2.0,68,85,0,125.0,100.0,0.0
2026-03-01,SUP-029,Supplier 029,Vietnam,APAC,PLT-03,Tokyo Precision,Japan,APAC,SMB,Australia,1,1.0,153,153,0,100.0,100.0,0.0
2026-03-01,SUP-030,Supplier 030,China,APAC,PLT-00,Shanghai Hub,China,APAC,SMB,Australia,1,1.0,111,70,41,63.06,0.0,13532.46
2026-03-01,SUP-030,Supplier 030,China,APAC,PLT-09,Hanoi Assembly,Vietnam,APAC,SMB,Singapore,1,1.0,21,21,0,100.0,100.0,0.0
2026-03-01,SUP-030,Supplier 030,China,APAC,PLT-07,Seoul Tech,South Korea,APAC,Enterprise,France,1,1.0,65,65,0,100.0,100.0,0.0
2026-03-01,SUP-030,Supplier 030,China,APAC,PLT-07,Seoul Tech,South Korea,APAC,Enterprise,Germany,1,2.0,58,66,0,113.79,100.0,0.0
2026-03-01,SUP-030,Supplier 030,China,APAC,PLT-07,Seoul Tech,South Korea,APAC,SMB,France,1,1.0,274,274,0,100.0,100.0,0.0
2026-03-01,SUP-030,Supplier 030,China,APAC,PLT-04,Chennai Forge,India,APAC,Government,France,1,1.0,138,138,0,100.0,100.0,0.0
2026-03-01,SUP-031,Supplier 031,Germany,EMEA,PLT-00,Shanghai Hub,China,APAC,Enterprise,USA,1,1.0,88,72,16,81.82,0.0,6001.44
2026-03-01,SUP-031,Supplier 031,Germany,EMEA,PLT-02,Detroit Works,USA,NA,Enterprise,Canada,1,1.0,21,21,0,100.0,100.0,0.0
2026-03-01,SUP-031,Supplier 031,Germany,EMEA,PLT-01,Munich Center,Germany,EMEA,Enterprise,UK,1,1.0,24,22,2,91.67,0.0,36.54
2026-03-01,SUP-031,Supplier 031,Germany,EMEA,PLT-08,Taipei Micro,Taiwan,APAC,SMB,Australia,1,1.0,148,125,23,84.46,0.0,8407.88
2026-03-01,SUP-031,Supplier 031,Germany,EMEA,PLT-04,Chennai Forge,India,APAC,SMB,Germany,1,1.0,7,6,1,85.71,0.0,302.24
2026-03-01,SUP-031,Supplier 031,Germany,EMEA,PLT-08,Taipei Micro,Taiwan,APAC,SMB,Germany,1,1.0,131,131,0,100.0,100.0,0.0
2026-03-01,SUP-031,Supplier 031,Germany,EMEA,PLT-08,Taipei Micro,Taiwan,APAC,SMB,UK,1,1.0,81,79,2,97.53,0.0,580.5
2026-03-01,SUP-031,Supplier 031,Germany,EMEA,PLT-06,Sao Paulo Ops,Brazil,LATAM,Enterprise,Germany,1,1.0,30,30,0,100.0,100.0,0.0
2026-03-01,SUP-031,Supplier 031,Germany,EMEA,PLT-05,Monterrey Plant,Mexico,LATAM,SMB,Japan,1,1.0,42,42,0,100.0,100.0,0.0
2026-03-01,SUP-032,Supplier 032,USA,NA,PLT-05,Monterrey Plant,Mexico,LATAM,Enterprise,Japan,1,1.0,98,98,0,100.0,100.0,0.0
2026-03-01,SUP-032,Supplier 032,USA,NA,PLT-04,Chennai Forge,India,APAC,Enterprise,Japan,1,1.0,108,108,0,100.0,100.0,0.0
2026-03-01,SUP-032,Supplier 032,USA,NA,PLT-06,Sao Paulo Ops,Brazil,LATAM,Enterprise,Japan,1,1.0,51,49,2,96.08,0.0,507.0
2026-03-01,SUP-032,Supplier 032,USA,NA,PLT-07,Seoul Tech,South Korea,APAC,Government,Canada,1,2.0,148,191,0,129.05,100.0,0.0
2026-03-01,SUP-032,Supplier 032,USA,NA,PLT-06,Sao Paulo Ops,Brazil,LATAM,Enterprise,Canada,1,1.0,26,26,0,100.0,100.0,0.0
2026-03-01,SUP-032,Supplier 032,USA,NA,PLT-01,Munich Center,Germany,EMEA,SMB,USA,1,2.0,2,3,0,150.0,100.0,0.0
2026-03-01,SUP-032,Supplier 032,USA,NA,PLT-04,Chennai Forge,India,APAC,Enterprise,France,1,2.0,46,55,0,119.57,100.0,0.0
2026-03-01,SUP-033,Supplier 033,Japan,APAC,PLT-01,Munich Center,Germany,EMEA,Government,France,1,1.0,29,29,0,100.0,100.0,0.0
2026-03-01,SUP-033,Supplier 033,Japan,APAC,PLT-04,Chennai Forge,India,APAC,SMB,Germany,1,1.0,42,42,0,100.0,100.0,0.0
2026-03-01,SUP-033,Supplier 033,Japan,APAC,PLT-01,Munich Center,Germany,EMEA,Enterprise,Japan,1,1.0,94,94,0,100.0,100.0,0.0
2026-03-01,SUP-033,Supplier 033,Japan,APAC,PLT-08,Taipei Micro,Taiwan,APAC,SMB,Germany,1,1.0,89,86,3,96.63,0.0,44.28
2026-03-01,SUP-033,Supplier 033,Japan,APAC,PLT-05,Monterrey Plant,Mexico,LATAM,Enterprise,Canada,2,2.0,207,207,0,100.0,100.0,0.0
2026-03-01,SUP-033,Supplier 033,Japan,APAC,PLT-03,Tokyo Precision,Japan,APAC,Enterprise,Australia,1,1.0,75,75,0,100.0,100.0,0.0
2026-03-01,SUP-033,Supplier 033,Japan,APAC,PLT-03,Tokyo Precision,Japan,APAC,Enterprise,Canada,1,2.0,88,99,0,112.5,100.0,0.0
2026-03-01,SUP-033,Supplier 033,Japan,APAC,PLT-06,Sao Paulo Ops,Brazil,LATAM,SMB,France,1,1.0,101,66,35,65.35,0.0,4943.75
2026-03-01,SUP-033,Supplier 033,Japan,APAC,PLT-04,Chennai Forge,India,APAC,SMB,UK,1,1.0,231,231,0,100.0,100.0,0.0
2026-03-01,SUP-033,Supplier 033,Japan,APAC,PLT-05,Monterrey Plant,Mexico,LATAM,Government,Germany,1,1.0,155,155,0,100.0,100.0,0.0
2026-03-01,SUP-034,Supplier 034,India,APAC,PLT-05,Monterrey Plant,Mexico,LATAM,SMB,Australia,1,1.0,124,75,49,60.48,0.0,8458.87
2026-03-01,SUP-034,Supplier 034,India,APAC,PLT-04,Chennai Forge,India,APAC,SMB,Japan,1,1.0,81,81,0,100.0,100.0,0.0
2026-03-01,SUP-034,Supplier 034,India,APAC,PLT-00,Shanghai Hub,China,APAC,Government,UK,1,1.0,34,34,0,100.0,100.0,0.0
2026-03-01,SUP-034,Supplier 034,India,APAC,PLT-02,Detroit Works,USA,NA,Enterprise,USA,1,2.0,118,153,0,129.66,100.0,0.0
2026-03-01,SUP-034,Supplier 034,India,APAC,PLT-06,Sao Paulo Ops,Brazil,LATAM,SMB,Canada,1,1.0,4,4,0,100.0,100.0,0.0
2026-03-01,SUP-034,Supplier 034,India,APAC,PLT-08,Taipei Micro,Taiwan,APAC,SMB,Canada,1,2.0,24,27,0,112.5,100.0,0.0
2026-03-01,SUP-034,Supplier 034,India,APAC,PLT-00,Shanghai Hub,China,APAC,SMB,Japan,1,2.0,69,89,0,128.99,100.0,0.0
2026-03-01,SUP-035,Supplier 035,Mexico,LATAM,PLT-01,Munich Center,Germany,EMEA,Government,USA,1,1.0,137,80,57,58.39,0.0,27748.17
2026-03-01,SUP-035,Supplier 035,Mexico,LATAM,PLT-06,Sao Paulo Ops,Brazil,LATAM,SMB,Singapore,1,1.0,96,96,0,100.0,100.0,0.0
2026-03-01,SUP-035,Supplier 035,Mexico,LATAM,PLT-05,Monterrey Plant,Mexico,LATAM,SMB,Australia,1,1.0,18,18,0,100.0,100.0,0.0
2026-03-01,SUP-035,Supplier 035,Mexico,LATAM,PLT-08,Taipei Micro,Taiwan,APAC,SMB,Canada,2,3.0,34,37,0,108.82,100.0,0.0
2026-03-01,SUP-035,Supplier 035,Mexico,LATAM,PLT-03,Tokyo Precision,Japan,APAC,Government,USA,1,2.0,68,83,0,122.06,100.0,0.0
2026-03-01,SUP-035,Supplier 035,Mexico,LATAM,PLT-00,Shanghai Hub,China,APAC,SMB,Singapore,1,2.0,51,66,0,129.41,100.0,0.0
2026-03-01,SUP-035,Supplier 035,Mexico,LATAM,PLT-06,Sao Paulo Ops,Brazil,LATAM,SMB,Japan,1,1.0,87,87,0,100.0,100.0,0.0
2026-03-01,SUP-035,Supplier 035,Mexico,LATAM,PLT-00,Shanghai Hub,China,APAC,SMB,Japan,1,1.0,56,56,0,100.0,100.0,0.0
2026-03-01,SUP-035,Supplier 035,Mexico,LATAM,PLT-01,Munich Center,Germany,EMEA,SMB,UK,1,1.0,39,39,0,100.0,100.0,0.0
2026-03-01,SUP-035,Supplier 035,Mexico,LATAM,PLT-07,Seoul Tech,South Korea,APAC,SMB,Singapore,1,2.0,57,63,0,110.53,100.0,0.0
2026-03-01,SUP-036,Supplier 036,Brazil,LATAM,PLT-04,Chennai Forge,India,APAC,Government,Germany,1,2.0,8,10,0,125.0,100.0,0.0
2026-03-01,SUP-036,Supplier 036,Brazil,LATAM,PLT-02,Detroit Works,USA,NA,SMB,UK,1,2.0,123,148,0,120.33,100.0,0.0
2026-03-01,SUP-036,Supplier 036,Brazil,LATAM,PLT-03,Tokyo Precision,Japan,APAC,SMB,Singapore,1,1.0,36,22,14,61.11,0.0,2470.86
2026-03-01,SUP-036,Supplier 036,Brazil,LATAM,PLT-02,Detroit Works,USA,NA,Government,Germany,1,1.0,11,11,0,100.0,100.0,0.0
2026-03-01,SUP-036,Supplier 036,Brazil,LATAM,PLT-00,Shanghai Hub,China,APAC,Enterprise,USA,2,2.0,223,223,0,100.0,100.0,0.0
2026-03-01,SUP-036,Supplier 036,Brazil,LATAM,PLT-08,Taipei Micro,Taiwan,APAC,Government,Singapore,1,1.0,49,43,6,87.76,0.0,715.62
2026-03-01,SUP-036,Supplier 036,Brazil,LATAM,PLT-02,Detroit Works,USA,NA,Enterprise,Germany,1,2.0,40,51,0,127.5,100.0,0.0
2026-03-01,SUP-036,Supplier 036,Brazil,LATAM,PLT-07,Seoul Tech,South Korea,APAC,SMB,Singapore,1,1.0,37,33,4,89.19,0.0,1238.96
2026-03-01,SUP-037,Supplier 037,South Korea,APAC,PLT-04,Chennai Forge,India,APAC,Government,USA,1,1.0,174,169,5,97.13,0.0,489.15
2026-03-01,SUP-037,Supplier 037,South Korea,APAC,PLT-00,Shanghai Hub,China,APAC,SMB,Australia,1,1.0,136,106,30,77.94,0.0,8170.8
2026-03-01,SUP-037,Supplier 037,South Korea,APAC,PLT-04,Chennai Forge,India,APAC,Government,Singapore,1,1.0,109,109,0,100.0,100.0,0.0
2026-03-01,SUP-037,Supplier 037,South Korea,APAC,PLT-01,Munich Center,Germany,EMEA,SMB,Canada,1,2.0,149,183,0,122.82,100.0,0.0
2026-03-01,SUP-038,Supplier 038,Taiwan,APAC,PLT-02,Detroit Works,USA,NA,SMB,Canada,1,1.0,51,49,2,96.08,0.0,121.94
2026-03-01,SUP-038,Supplier 038,Taiwan,APAC,PLT-09,Hanoi Assembly,Vietnam,APAC,SMB,UK,1,1.0,117,62,55,52.99,0.0,7125.25
2026-03-01,SUP-038,Supplier 038,Taiwan,APAC,PLT-08,Taipei Micro,Taiwan,APAC,SMB,Singapore,1,2.0,157,179,0,114.01,100.0,0.0
2026-03-01,SUP-038,Supplier 038,Taiwan,APAC,PLT-09,Hanoi Assembly,Vietnam,APAC,SMB,Singapore,1,2.0,41,52,0,126.83,100.0,0.0
2026-03-01,SUP-038,Supplier 038,Taiwan,APAC,PLT-02,Detroit Works,USA,NA,SMB,Germany,1,1.0,153,124,29,81.05,0.0,13915.94
2026-03-01,SUP-038,Supplier 038,Taiwan,APAC,PLT-02,Detroit Works,USA,NA,SMB,France,1,1.0,120,120,0,100.0,100.0,0.0
2026-03-01,SUP-038,Supplier 038,Taiwan,APAC,PLT-06,Sao Paulo Ops,Brazil,LATAM,SMB,Australia,1,1.0,179,179,0,100.0,100.0,0.0
2026-03-01,SUP-038,Supplier 038,Taiwan,APAC,PLT-07,Seoul Tech,South Korea,APAC,SMB,Australia,1,1.0,39,39,0,100.0,100.0,0.0
2026-03-01,SUP-039,Supplier 039,Vietnam,APAC,PLT-06,Sao Paulo Ops,Brazil,LATAM,SMB,Japan,1,1.0,8,8,0,100.0,100.0,0.0
2026-03-01,SUP-039,Supplier 039,Vietnam,APAC,PLT-09,Hanoi Assembly,Vietnam,APAC,SMB,France,1,1.0,30,30,0,100.0,100.0,0.0
2026-03-01,SUP-039,Supplier 039,Vietnam,APAC,PLT-06,Sao Paulo Ops,Brazil,LATAM,SMB,France,1,1.0,19,15,4,78.95,0.0,215.68
2026-03-01,SUP-039,Supplier 039,Vietnam,APAC,PLT-01,Munich Center,Germany,EMEA,Enterprise,Canada,1,1.0,100,81,19,81.0,0.0,7725.4
2026-03-01,SUP-040,Supplier 040,China,APAC,PLT-04,Chennai Forge,India,APAC,SMB,Australia,1,1.0,45,45,0,100.0,100.0,0.0
2026-03-01,SUP-040,Supplier 040,China,APAC,PLT-03,Tokyo Precision,Japan,APAC,Government,Australia,1,1.0,19,19,0,100.0,100.0,0.0
2026-03-01,SUP-040,Supplier 040,China,APAC,PLT-00,Shanghai Hub,China,APAC,SMB,Japan,1,2.0,5,6,0,120.0,100.0,0.0
2026-03-01,SUP-041,Supplier 041,Germany,EMEA,PLT-02,Detroit Works,USA,NA,SMB,Singapore,1,1.0,52,46,6,88.46,0.0,1027.74
2026-03-01,SUP-041,Supplier 041,Germany,EMEA,PLT-05,Monterrey Plant,Mexico,LATAM,Government,USA,1,1.0,48,48,0,100.0,100.0,0.0
2026-03-01,SUP-041,Supplier 041,Germany,EMEA,PLT-02,Detroit Works,USA,NA,SMB,Australia,1,1.0,28,28,0,100.0,100.0,0.0
2026-03-01,SUP-041,Supplier 041,Germany,EMEA,PLT-00,Shanghai Hub,China,APAC,Government,Japan,1,1.0,6,5,1,83.33,0.0,65.57
2026-03-01,SUP-041,Supplier 041,Germany,EMEA,PLT-00,Shanghai Hub,China,APAC,SMB,France,1,1.0,89,89,0,100.0,100.0,0.0
2026-03-01,SUP-041,Supplier 041,Germany,EMEA,PLT-00,Shanghai Hub,China,APAC,SMB,Australia,1,1.0,2,2,0,100.0,100.0,0.0
2026-03-01,SUP-041,Supplier 041,Germany,EMEA,PLT-09,Hanoi Assembly,Vietnam,APAC,Enterprise,USA,1,1.0,3,3,0,100.0,100.0,0.0
2026-03-01,SUP-042,Supplier 042,USA,NA,PLT-05,Monterrey Plant,Mexico,LATAM,SMB,USA,1,1.0,161,144,17,89.44,0.0,5695.68
2026-03-01,SUP-042,Supplier 042,USA,NA,PLT-04,Chennai Forge,India,APAC,SMB,Australia,1,1.0,112,112,0,100.0,100.0,0.0
2026-03-01,SUP-042,Supplier 042,USA,NA,PLT-04,Chennai Forge,India,APAC,Government,Germany,1,1.0,79,75,4,94.94,0.0,1496.32
2026-03-01,SUP-042,Supplier 042,USA,NA,PLT-06,Sao Paulo Ops,Brazil,LATAM,SMB,Canada,1,1.0,21,21,0,100.0,100.0,0.0
2026-03-01,SUP-042,Supplier 042,USA,NA,PLT-02,Detroit Works,USA,NA,Enterprise,Canada,1,1.0,21,21,0,100.0,100.0,0.0
2026-03-01,SUP-042,Supplier 042,USA,NA,PLT-05,Monterrey Plant,Mexico,LATAM,Enterprise,UK,1,1.0,105,105,0,100.0,100.0,0.0
2026-03-01,SUP-043,Supplier 043,Japan,APAC,PLT-06,Sao Paulo Ops,Brazil,LATAM,Government,USA,1,1.0,99,99,0,100.0,100.0,0.0
2026-03-01,SUP-043,Supplier 043,Japan,APAC,PLT-00,Shanghai Hub,China,APAC,SMB,Canada,1,1.0,144,144,0,100.0,100.0,0.0
2026-03-01,SUP-043,Supplier 043,Japan,APAC,PLT-00,Shanghai Hub,China,APAC,SMB,Australia,1,1.0,28,28,0,100.0,100.0,0.0
2026-03-01,SUP-043,Supplier 043,Japan,APAC,PLT-03,Tokyo Precision,Japan,APAC,Government,Australia,1,1.0,27,22,5,81.48,0.0,1639.05
2026-03-01,SUP-043,Supplier 043,Japan,APAC,PLT-08,Taipei Micro,Taiwan,APAC,Government,Germany,1,2.0,48,44,4,91.67,0.0,1348.52
2026-03-01,SUP-043,Supplier 043,Japan,APAC,PLT-03,Tokyo Precision,Japan,APAC,SMB,Japan,1,1.0,3,3,0,100.0,100.0,0.0
2026-03-01,SUP-043,Supplier 043,Japan,APAC,PLT-01,Munich Center,Germany,EMEA,Enterprise,Canada,1,2.0,141,170,0,120.57,100.0,0.0
2026-03-01,SUP-043,Supplier 043,Japan,APAC,PLT-06,Sao Paulo Ops,Brazil,LATAM,Enterprise,France,1,1.0,139,90,49,64.75,0.0,20113.03
2026-03-01,SUP-043,Supplier 043,Japan,APAC,PLT-04,Chennai Forge,India,APAC,Government,Australia,1,1.0,136,136,0,100.0,100.0,0.0
2026-03-01,SUP-043,Supplier 043,Japan,APAC,PLT-03,Tokyo Precision,Japan,APAC,Enterprise,Canada,1,1.0,5,5,0,100.0,100.0,0.0
2026-03-01,SUP-043,Supplier 043,Japan,APAC,PLT-02,Detroit Works,USA,NA,Enterprise,USA,1,1.0,73,73,0,100.0,100.0,0.0
2026-03-01,SUP-043,Supplier 043,Japan,APAC,PLT-07,Seoul Tech,South Korea,APAC,Government,Canada,1,1.0,8,8,0,100.0,100.0,0.0
2026-03-01,SUP-044,Supplier 044,India,APAC,PLT-03,Tokyo Precision,Japan,APAC,Government,France,1,1.0,81,81,0,100.0,100.0,0.0
2026-03-01,SUP-044,Supplier 044,India,APAC,PLT-09,Hanoi Assembly,Vietnam,APAC,Enterprise,Germany,1,1.0,41,41,0,100.0,100.0,0.0
2026-03-01,SUP-044,Supplier 044,India,APAC,PLT-02,Detroit Works,USA,NA,SMB,Japan,1,1.0,65,65,0,100.0,100.0,0.0
2026-03-01,SUP-044,Supplier 044,India,APAC,PLT-02,Detroit Works,USA,NA,SMB,Singapore,1,1.0,98,98,0,100.0,100.0,0.0
2026-03-01,SUP-044,Supplier 044,India,APAC,PLT-06,Sao Paulo Ops,Brazil,LATAM,SMB,Singapore,1,2.0,45,51,0,113.33,100.0,0.0
2026-03-01,SUP-045,Supplier 045,Mexico,LATAM,PLT-08,Taipei Micro,Taiwan,APAC,SMB,France,1,2.0,142,159,0,111.97,100.0,0.0
2026-03-01,SUP-045,Supplier 045,Mexico,LATAM,PLT-01,Munich Center,Germany,EMEA,Enterprise,Canada,1,1.0,133,133,0,100.0,100.0,0.0
2026-03-01,SUP-045,Supplier 045,Mexico,LATAM,PLT-04,Chennai Forge,India,APAC,SMB,Germany,1,1.0,51,51,0,100.0,100.0,0.0
2026-03-01,SUP-045,Supplier 045,Mexico,LATAM,PLT-03,Tokyo Precision,Japan,APAC,SMB,France,1,2.0,8,9,0,112.5,100.0,0.0
2026-03-01,SUP-045,Supplier 045,Mexico,LATAM,PLT-02,Detroit Works,USA,NA,Government,Canada,1,1.0,105,105,0,100.0,100.0,0.0
2026-03-01,SUP-045,Supplier 045,Mexico,LATAM,PLT-02,Detroit Works,USA,NA,SMB,UK,1,1.0,54,33,21,61.11,0.0,3292.8
2026-03-01,SUP-045,Supplier 045,Mexico,LATAM,PLT-07,Seoul Tech,South Korea,APAC,Government,France,1,1.0,3,3,0,100.0,100.0,0.0
2026-03-01,SUP-045,Supplier 045,Mexico,LATAM,PLT-00,Shanghai Hub,China,APAC,Government,France,1,1.0,4,4,0,100.0,100.0,0.0
2026-03-01,SUP-045,Supplier 045,Mexico,LATAM,PLT-08,Taipei Micro,Taiwan,APAC,SMB,Canada,1,1.0,141,141,0,100.0,100.0,0.0
2026-03-01,SUP-045,Supplier 045,Mexico,LATAM,PLT-04,Chennai Forge,India,APAC,SMB,UK,1,1.0,65,65,0,100.0,100.0,0.0
2026-03-01,SUP-045,Supplier 045,Mexico,LATAM,PLT-00,Shanghai Hub,China,APAC,Government,Germany,1,2.0,6,7,0,116.67,100.0,0.0
2026-03-01,SUP-046,Supplier 046,Brazil,LATAM,PLT-07,Seoul Tech,South Korea,APAC,Government,Japan,1,1.0,299,299,0,100.0,100.0,0.0
2026-03-01,SUP-046,Supplier 046,Brazil,LATAM,PLT-05,Monterrey Plant,Mexico,LATAM,Enterprise,Japan,1,2.0,65,79,0,121.54,100.0,0.0
2026-03-01,SUP-046,Supplier 046,Brazil,LATAM,PLT-04,Chennai Forge,India,APAC,Enterprise,Canada,1,2.0,10,12,0,120.0,100.0,0.0
2026-03-01,SUP-046,Supplier 046,Brazil,LATAM,PLT-00,Shanghai Hub,China,APAC,Enterprise,Canada,1,1.0,57,46,11,80.7,0.0,3877.28
2026-03-01,SUP-046,Supplier 046,Brazil,LATAM,PLT-01,Munich Center,Germany,EMEA,SMB,Japan,1,1.0,49,49,0,100.0,100.0,0.0
2026-03-01,SUP-046,Supplier 046,Brazil,LATAM,PLT-05,Monterrey Plant,Mexico,LATAM,Government,Japan,1,2.0,11,13,0,118.18,100.0,0.0
2026-03-01,SUP-046,Supplier 046,Brazil,LATAM,PLT-04,Chennai Forge,India,APAC,SMB,Singapore,1,1.0,55,55,0,100.0,100.0,0.0
2026-03-01,SUP-046,Supplier 046,Brazil,LATAM,PLT-06,Sao Paulo Ops,Brazil,LATAM,Government,Japan,1,2.0,12,13,0,108.33,100.0,0.0
2026-03-01,SUP-046,Supplier 046,Brazil,LATAM,PLT-01,Munich Center,Germany,EMEA,SMB,Canada,1,2.0,111,143,0,128.83,100.0,0.0
2026-03-01,SUP-047,Supplier 047,South Korea,APAC,PLT-03,Tokyo Precision,Japan,APAC,SMB,Germany,1,1.0,156,156,0,100.0,100.0,0.0
2026-03-01,SUP-047,Supplier 047,South Korea,APAC,PLT-03,Tokyo Precision,Japan,APAC,SMB,France,1,1.0,96,94,2,97.92,0.0,801.28
2026-03-01,SUP-047,Supplier 047,South Korea,APAC,PLT-02,Detroit Works,USA,NA,SMB,Australia,1,1.0,95,95,0,100.0,100.0,0.0
2026-03-01,SUP-047,Supplier 047,South Korea,APAC,PLT-06,Sao Paulo Ops,Brazil,LATAM,SMB,USA,1,1.0,40,40,0,100.0,100.0,0.0
2026-03-01,SUP-047,Supplier 047,South Korea,APAC,PLT-05,Monterrey Plant,Mexico,LATAM,Government,UK,1,1.0,5,5,0,100.0,100.0,0.0
2026-03-01,SUP-047,Supplier 047,South Korea,APAC,PLT-03,Tokyo Precision,Japan,APAC,SMB,Australia,1,2.0,4,5,0,125.0,100.0,0.0
2026-03-01,SUP-047,Supplier 047,South Korea,APAC,PLT-09,Hanoi Assembly,Vietnam,APAC,Government,USA,2,3.0,322,355,0,110.25,100.0,0.0
2026-03-01,SUP-048,Supplier 048,Taiwan,APAC,PLT-06,Sao Paulo Ops,Brazil,LATAM,Enterprise,Japan,1,1.0,20,20,0,100.0,100.0,0.0
2026-03-01,SUP-048,Supplier 048,Taiwan,APAC,PLT-03,Tokyo Precision,Japan,APAC,Government,France,1,1.0,38,38,0,100.0,100.0,0.0
2026-03-01,SUP-048,Supplier 048,Taiwan,APAC,PLT-02,Detroit Works,USA,NA,SMB,USA,1,2.0,69,84,0,121.74,100.0,0.0
2026-03-01,SUP-048,Supplier 048,Taiwan,APAC,PLT-09,Hanoi Assembly,Vietnam,APAC,SMB,USA,1,1.0,101,101,0,100.0,100.0,0.0
2026-03-01,SUP-048,Supplier 048,Taiwan,APAC,PLT-06,Sao Paulo Ops,Brazil,LATAM,Enterprise,Canada,1,1.0,90,90,0,100.0,100.0,0.0
2026-03-01,SUP-048,Supplier 048,Taiwan,APAC,PLT-03,Tokyo Precision,Japan,APAC,SMB,Singapore,1,1.0,162,146,16,90.12,0.0,3043.04
2026-03-01,SUP-048,Supplier 048,Taiwan,APAC,PLT-08,Taipei Micro,Taiwan,APAC,Government,USA,1,1.0,15,15,0,100.0,100.0,0.0
2026-03-01,SUP-048,Supplier 048,Taiwan,APAC,PLT-05,Monterrey Plant,Mexico,LATAM,Enterprise,France,1,1.0,145,145,0,100.0,100.0,0.0
2026-03-01,SUP-048,Supplier 048,Taiwan,APAC,PLT-00,Shanghai Hub,China,APAC,Enterprise,Japan,1,1.0,150,150,0,100.0,100.0,0.0
2026-03-01,SUP-049,Supplier 049,Vietnam,APAC,PLT-08,Taipei Micro,Taiwan,APAC,SMB,UK,1,1.0,81,81,0,100.0,100.0,0.0
2026-03-01,SUP-049,Supplier 049,Vietnam,APAC,PLT-02,Detroit Works,USA,NA,SMB,Canada,1,1.0,70,70,0,100.0,100.0,0.0
2026-03-01,SUP-049,Supplier 049,Vietnam,APAC,PLT-01,Munich Center,Germany,EMEA,SMB,Canada,1,1.0,65,65,0,100.0,100.0,0.0
2026-03-01,SUP-049,Supplier 049,Vietnam,APAC,PLT-06,Sao Paulo Ops,Brazil,LATAM,SMB,UK,1,1.0,71,59,12,83.1,0.0,5092.92
2026-03-01,SUP-049,Supplier 049,Vietnam,APAC,PLT-07,Seoul Tech,South Korea,APAC,SMB,USA,1,1.0,126,126,0,100.0,100.0,0.0
2026-03-01,SUP-049,Supplier 049,Vietnam,APAC,PLT-09,Hanoi Assembly,Vietnam,APAC,SMB,USA,1,2.0,103,121,0,117.48,100.0,0.0
2026-03-01,SUP-049,Supplier 049,Vietnam,APAC,PLT-06,Sao Paulo Ops,Brazil,LATAM,Government,USA,1,1.0,31,31,0,100.0,100.0,0.0
2026-03-01,SUP-049,Supplier 049,Vietnam,APAC,PLT-02,Detroit Works,USA,NA,Government,UK,1,1.0,55,55,0,100.0,100.0,0.0
2026-03-01,SUP-049,Supplier 049,Vietnam,APAC,PLT-08,Taipei Micro,Taiwan,APAC,Enterprise,Japan,1,1.0,165,165,0,100.0,100.0,0.0
2026-03-01,SUP-049,Supplier 049,Vietnam,APAC,PLT-02,Detroit Works,USA,NA,SMB,Japan,1,1.0,85,85,0,100.0,100.0,0.0
2026-04-01,SUP-000,Supplier 000,China,APAC,PLT-00,Shanghai Hub,China,APAC,Enterprise,Australia,1,2.0,60,73,0,121.67,100.0,0.0
2026-04-01,SUP-000,Supplier 000,China,APAC,PLT-04,Chennai Forge,India,APAC,SMB,Germany,1,1.0,14,13,1,92.86,0.0,399.33
2026-04-01,SUP-000,Supplier 000,China,APAC,PLT-05,Monterrey Plant,Mexico,LATAM,Enterprise,Germany,1,2.0,195,215,0,110.26,100.0,0.0
2026-04-01,SUP-000,Supplier 000,China,APAC,PLT-05,Monterrey Plant,Mexico,LATAM,Enterprise,Australia,1,1.0,145,140,5,96.55,0.0,498.85
2026-04-01,SUP-000,Supplier 000,China,APAC,PLT-05,Monterrey Plant,Mexico,LATAM,SMB,Singapore,1,2.0,16,19,0,118.75,100.0,0.0
2026-04-01,SUP-000,Supplier 000,China,APAC,PLT-09,Hanoi Assembly,Vietnam,APAC,Enterprise,USA,1,1.0,31,31,0,100.0,100.0,0.0
2026-04-01,SUP-000,Supplier 000,China,APAC,PLT-04,Chennai Forge,India,APAC,SMB,Singapore,1,1.0,176,176,0,100.0,100.0,0.0
2026-04-01,SUP-000,Supplier 000,China,APAC,PLT-04,Chennai Forge,India,APAC,SMB,Japan,1,1.0,55,55,0,100.0,100.0,0.0
2026-04-01,SUP-000,Supplier 000,China,APAC,PLT-05,Monterrey Plant,Mexico,LATAM,Enterprise,USA,1,1.0,99,99,0,100.0,100.0,0.0
2026-04-01,SUP-001,Supplier 001,Germany,EMEA,PLT-00,Shanghai Hub,China,APAC,Enterprise,USA,1,2.0,160,206,0,128.75,100.0,0.0
2026-04-01,SUP-001,Supplier 001,Germany,EMEA,PLT-01,Munich Center,Germany,EMEA,SMB,UK,1,1.0,2,2,0,100.0,100.0,0.0
2026-04-01,SUP-001,Supplier 001,Germany,EMEA,PLT-06,Sao Paulo Ops,Brazil,LATAM,Enterprise,Japan,1,1.0,29,29,0,100.0,100.0,0.0
2026-04-01,SUP-001,Supplier 001,Germany,EMEA,PLT-08,Taipei Micro,Taiwan,APAC,Government,Australia,1,1.0,144,144,0,100.0,100.0,0.0
2026-04-01,SUP-001,Supplier 001,Germany,EMEA,PLT-08,Taipei Micro,Taiwan,APAC,SMB,Australia,1,1.0,52,49,3,94.23,0.0,114.75
2026-04-01,SUP-001,Supplier 001,Germany,EMEA,PLT-04,Chennai Forge,India,APAC,Enterprise,Singapore,1,1.0,61,61,0,100.0,100.0,0.0
2026-04-01,SUP-001,Supplier 001,Germany,EMEA,PLT-07,Seoul Tech,South Korea,APAC,Government,Singapore,1,1.0,141,141,0,100.0,100.0,0.0
2026-04-01,SUP-002,Supplier 002,USA,NA,PLT-05,Monterrey Plant,Mexico,LATAM,SMB,UK,1,1.0,60,60,0,100.0,100.0,0.0
2026-04-01,SUP-002,Supplier 002,USA,NA,PLT-07,Seoul Tech,South Korea,APAC,Enterprise,Germany,1,1.0,125,125,0,100.0,100.0,0.0
2026-04-01,SUP-002,Supplier 002,USA,NA,PLT-02,Detroit Works,USA,NA,Enterprise,USA,1,2.0,78,96,0,123.08,100.0,0.0
2026-04-01,SUP-002,Supplier 002,USA,NA,PLT-07,Seoul Tech,South Korea,APAC,Enterprise,UK,1,1.0,61,49,12,80.33,0.0,1114.2
2026-04-01,SUP-002,Supplier 002,USA,NA,PLT-05,Monterrey Plant,Mexico,LATAM,Enterprise,Australia,1,2.0,91,118,0,129.67,100.0,0.0
2026-04-01,SUP-003,Supplier 003,Japan,APAC,PLT-03,Tokyo Precision,Japan,APAC,SMB,France,1,2.0,66,82,0,124.24,100.0,0.0
2026-04-01,SUP-003,Supplier 003,Japan,APAC,PLT-08,Taipei Micro,Taiwan,APAC,SMB,UK,1,1.0,29,29,0,100.0,100.0,0.0
2026-04-01,SUP-003,Supplier 003,Japan,APAC,PLT-05,Monterrey Plant,Mexico,LATAM,SMB,Japan,1,1.0,78,51,27,65.38,0.0,12322.8
2026-04-01,SUP-003,Supplier 003,Japan,APAC,PLT-05,Monterrey Plant,Mexico,LATAM,Enterprise,Canada,1,1.0,73,73,0,100.0,100.0,0.0
2026-04-01,SUP-003,Supplier 003,Japan,APAC,PLT-07,Seoul Tech,South Korea,APAC,SMB,Singapore,1,1.0,35,35,0,100.0,100.0,0.0
2026-04-01,SUP-003,Supplier 003,Japan,APAC,PLT-07,Seoul Tech,South Korea,APAC,SMB,Australia,1,1.0,122,122,0,100.0,100.0,0.0
2026-04-01,SUP-003,Supplier 003,Japan,APAC,PLT-07,Seoul Tech,South Korea,APAC,Enterprise,Singapore,1,1.0,15,15,0,100.0,100.0,0.0
2026-04-01,SUP-003,Supplier 003,Japan,APAC,PLT-04,Chennai Forge,India,APAC,SMB,Japan,1,1.0,109,109,0,100.0,100.0,0.0
2026-04-01,SUP-003,Supplier 003,Japan,APAC,PLT-06,Sao Paulo Ops,Brazil,LATAM,Enterprise,USA,1,1.0,27,27,0,100.0,100.0,0.0
2026-04-01,SUP-003,Supplier 003,Japan,APAC,PLT-02,Detroit Works,USA,NA,Government,Germany,1,1.0,106,106,0,100.0,100.0,0.0
2026-04-01,SUP-004,Supplier 004,India,APAC,PLT-05,Monterrey Plant,Mexico,LATAM,SMB,Canada,1,1.0,83,67,16,80.72,0.0,3160.8
2026-04-01,SUP-004,Supplier 004,India,APAC,PLT-07,Seoul Tech,South Korea,APAC,Enterprise,France,1,1.0,66,43,23,65.15,0.0,8246.19
2026-04-01,SUP-004,Supplier 004,India,APAC,PLT-09,Hanoi Assembly,Vietnam,APAC,SMB,Australia,1,1.0,6,6,0,100.0,100.0,0.0
2026-04-01,SUP-004,Supplier 004,India,APAC,PLT-06,Sao Paulo Ops,Brazil,LATAM,Enterprise,Japan,1,1.0,85,85,0,100.0,100.0,0.0
2026-04-01,SUP-004,Supplier 004,India,APAC,PLT-02,Detroit Works,USA,NA,Government,Germany,1,1.0,70,70,0,100.0,100.0,0.0
2026-04-01,SUP-005,Supplier 005,Mexico,LATAM,PLT-05,Monterrey Plant,Mexico,LATAM,SMB,France,1,1.0,205,182,23,88.78,0.0,1149.54
2026-04-01,SUP-005,Supplier 005,Mexico,LATAM,PLT-09,Hanoi Assembly,Vietnam,APAC,SMB,USA,1,1.0,66,66,0,100.0,100.0,0.0
2026-04-01,SUP-005,Supplier 005,Mexico,LATAM,PLT-09,Hanoi Assembly,Vietnam,APAC,Enterprise,Japan,1,2.0,71,86,0,121.13,100.0,0.0
2026-04-01,SUP-005,Supplier 005,Mexico,LATAM,PLT-03,Tokyo Precision,Japan,APAC,SMB,Canada,1,1.0,44,44,0,100.0,100.0,0.0
2026-04-01,SUP-005,Supplier 005,Mexico,LATAM,PLT-05,Monterrey Plant,Mexico,LATAM,Enterprise,Japan,1,1.0,144,144,0,100.0,100.0,0.0
2026-04-01,SUP-005,Supplier 005,Mexico,LATAM,PLT-04,Chennai Forge,India,APAC,Enterprise,France,1,1.0,8,8,0,100.0,100.0,0.0
2026-04-01,SUP-005,Supplier 005,Mexico,LATAM,PLT-07,Seoul Tech,South Korea,APAC,Enterprise,Canada,1,2.0,29,32,0,110.34,100.0,0.0
2026-04-01,SUP-005,Supplier 005,Mexico,LATAM,PLT-09,Hanoi Assembly,Vietnam,APAC,Government,Germany,1,1.0,178,178,0,100.0,100.0,0.0
2026-04-01,SUP-006,Supplier 006,Brazil,LATAM,PLT-07,Seoul Tech,South Korea,APAC,Enterprise,UK,1,1.0,24,14,10,58.33,0.0,3379.5
2026-04-01,SUP-006,Supplier 006,Brazil,LATAM,PLT-08,Taipei Micro,Taiwan,APAC,Enterprise,Singapore,1,2.0,31,34,0,109.68,100.0,0.0
2026-04-01,SUP-006,Supplier 006,Brazil,LATAM,PLT-04,Chennai Forge,India,APAC,Government,Australia,1,2.0,2,3,0,150.0,100.0,0.0
2026-04-01,SUP-006,Supplier 006,Brazil,LATAM,PLT-06,Sao Paulo Ops,Brazil,LATAM,Government,Germany,1,1.0,36,32,4,88.89,0.0,169.32
2026-04-01,SUP-006,Supplier 006,Brazil,LATAM,PLT-05,Monterrey Plant,Mexico,LATAM,SMB,UK,1,1.0,51,51,0,100.0,100.0,0.0
2026-04-01,SUP-007,Supplier 007,South Korea,APAC,PLT-01,Munich Center,Germany,EMEA,SMB,Canada,1,1.0,9,9,0,100.0,100.0,0.0
2026-04-01,SUP-007,Supplier 007,South Korea,APAC,PLT-04,Chennai Forge,India,APAC,Government,UK,1,1.0,27,27,0,100.0,100.0,0.0
2026-04-01,SUP-007,Supplier 007,South Korea,APAC,PLT-05,Monterrey Plant,Mexico,LATAM,Enterprise,Canada,1,1.0,14,13,1,92.86,0.0,226.82
2026-04-01,SUP-007,Supplier 007,South Korea,APAC,PLT-07,Seoul Tech,South Korea,APAC,SMB,Germany,1,1.0,40,40,0,100.0,100.0,0.0
2026-04-01,SUP-007,Supplier 007,South Korea,APAC,PLT-03,Tokyo Precision,Japan,APAC,SMB,Australia,1,1.0,3,3,0,100.0,100.0,0.0
2026-04-01,SUP-007,Supplier 007,South Korea,APAC,PLT-09,Hanoi Assembly,Vietnam,APAC,SMB,UK,1,1.0,100,100,0,100.0,100.0,0.0
2026-04-01,SUP-007,Supplier 007,South Korea,APAC,PLT-04,Chennai Forge,India,APAC,SMB,Australia,1,1.0,112,112,0,100.0,100.0,0.0
2026-04-01,SUP-007,Supplier 007,South Korea,APAC,PLT-09,Hanoi Assembly,Vietnam,APAC,Enterprise,USA,1,1.0,93,93,0,100.0,100.0,0.0
2026-04-01,SUP-007,Supplier 007,South Korea,APAC,PLT-01,Munich Center,Germany,EMEA,Enterprise,Canada,1,2.0,35,41,0,117.14,100.0,0.0
2026-04-01,SUP-007,Supplier 007,South Korea,APAC,PLT-04,Chennai Forge,India,APAC,SMB,Canada,1,1.0,179,179,0,100.0,100.0,0.0
2026-04-01,SUP-008,Supplier 008,Taiwan,APAC,PLT-05,Monterrey Plant,Mexico,LATAM,SMB,USA,1,1.0,176,176,0,100.0,100.0,0.0
2026-04-01,SUP-008,Supplier 008,Taiwan,APAC,PLT-00,Shanghai Hub,China,APAC,Enterprise,Japan,1,1.0,24,24,0,100.0,100.0,0.0
2026-04-01,SUP-008,Supplier 008,Taiwan,APAC,PLT-02,Detroit Works,USA,NA,SMB,Canada,1,1.0,116,116,0,100.0,100.0,0.0
2026-04-01,SUP-008,Supplier 008,Taiwan,APAC,PLT-02,Detroit Works,USA,NA,SMB,Australia,1,1.0,95,86,9,90.53,0.0,1958.49
2026-04-01,SUP-008,Supplier 008,Taiwan,APAC,PLT-08,Taipei Micro,Taiwan,APAC,Enterprise,USA,1,2.0,54,67,0,124.07,100.0,0.0
2026-04-01,SUP-009,Supplier 009,Vietnam,APAC,PLT-00,Shanghai Hub,China,APAC,SMB,Japan,2,3.0,99,100,0,101.01,100.0,0.0
2026-04-01,SUP-009,Supplier 009,Vietnam,APAC,PLT-03,Tokyo Precision,Japan,APAC,SMB,Canada,1,1.0,42,30,12,71.43,0.0,507.84
2026-04-01,SUP-009,Supplier 009,Vietnam,APAC,PLT-05,Monterrey Plant,Mexico,LATAM,SMB,UK,1,1.0,37,37,0,100.0,100.0,0.0
2026-04-01,SUP-009,Supplier 009,Vietnam,APAC,PLT-09,Hanoi Assembly,Vietnam,APAC,Enterprise,Canada,1,1.0,29,29,0,100.0,100.0,0.0
2026-04-01,SUP-009,Supplier 009,Vietnam,APAC,PLT-09,Hanoi Assembly,Vietnam,APAC,SMB,Australia,1,1.0,43,35,8,81.4,0.0,3564.4
2026-04-01,SUP-009,Supplier 009,Vietnam,APAC,PLT-02,Detroit Works,USA,NA,SMB,USA,1,1.0,44,43,1,97.73,0.0,84.6
2026-04-01,SUP-009,Supplier 009,Vietnam,APAC,PLT-09,Hanoi Assembly,Vietnam,APAC,SMB,UK,1,1.0,27,27,0,100.0,100.0,0.0
2026-04-01,SUP-009,Supplier 009,Vietnam,APAC,PLT-06,Sao Paulo Ops,Brazil,LATAM,SMB,Australia,1,1.0,101,101,0,100.0,100.0,0.0
2026-04-01,SUP-010,Supplier 010,China,APAC,PLT-04,Chennai Forge,India,APAC,SMB,Canada,1,1.0,119,119,0,100.0,100.0,0.0
2026-04-01,SUP-010,Supplier 010,China,APAC,PLT-02,Detroit Works,USA,NA,Enterprise,Germany,1,1.0,58,58,0,100.0,100.0,0.0
2026-04-01,SUP-010,Supplier 010,China,APAC,PLT-05,Monterrey Plant,Mexico,LATAM,Enterprise,Germany,1,1.0,30,25,5,83.33,0.0,1819.95
2026-04-01,SUP-010,Supplier 010,China,APAC,PLT-03,Tokyo Precision,Japan,APAC,Enterprise,Japan,1,1.0,31,31,0,100.0,100.0,0.0
2026-04-01,SUP-010,Supplier 010,China,APAC,PLT-05,Monterrey Plant,Mexico,LATAM,SMB,UK,1,2.0,90,115,0,127.78,100.0,0.0
2026-04-01,SUP-010,Supplier 010,China,APAC,PLT-03,Tokyo Precision,Japan,APAC,SMB,Canada,1,1.0,77,77,0,100.0,100.0,0.0
2026-04-01,SUP-010,Supplier 010,China,APAC,PLT-04,Chennai Forge,India,APAC,Enterprise,Germany,1,1.0,98,82,16,83.67,0.0,5090.4
2026-04-01,SUP-010,Supplier 010,China,APAC,PLT-02,Detroit Works,USA,NA,SMB,France,1,2.0,23,24,0,104.35,100.0,0.0
2026-04-01,SUP-010,Supplier 010,China,APAC,PLT-08,Taipei Micro,Taiwan,APAC,Enterprise,USA,1,1.0,58,58,0,100.0,100.0,0.0
2026-04-01,SUP-010,Supplier 010,China,APAC,PLT-09,Hanoi Assembly,Vietnam,APAC,SMB,USA,1,1.0,27,15,12,55.56,0.0,340.68
2026-04-01,SUP-011,Supplier 011,Germany,EMEA,PLT-08,Taipei Micro,Taiwan,APAC,SMB,UK,1,2.0,55,63,0,114.55,100.0,0.0
2026-04-01,SUP-011,Supplier 011,Germany,EMEA,PLT-00,Shanghai Hub,China,APAC,SMB,Canada,1,1.0,64,57,7,89.06,0.0,811.3
2026-04-01,SUP-011,Supplier 011,Germany,EMEA,PLT-05,Monterrey Plant,Mexico,LATAM,SMB,UK,1,1.0,3,3,0,100.0,100.0,0.0
2026-04-01,SUP-011,Supplier 011,Germany,EMEA,PLT-08,Taipei Micro,Taiwan,APAC,Government,Canada,1,1.0,56,56,0,100.0,100.0,0.0
2026-04-01,SUP-011,Supplier 011,Germany,EMEA,PLT-07,Seoul Tech,South Korea,APAC,SMB,Germany,1,1.0,75,75,0,100.0,100.0,0.0
2026-04-01,SUP-011,Supplier 011,Germany,EMEA,PLT-08,Taipei Micro,Taiwan,APAC,Enterprise,Germany,1,2.0,95,106,0,111.58,100.0,0.0
2026-04-01,SUP-011,Supplier 011,Germany,EMEA,PLT-04,Chennai Forge,India,APAC,Enterprise,Germany,1,1.0,119,119,0,100.0,100.0,0.0
2026-04-01,SUP-011,Supplier 011,Germany,EMEA,PLT-05,Monterrey Plant,Mexico,LATAM,Government,Singapore,1,1.0,20,20,0,100.0,100.0,0.0
2026-04-01,SUP-011,Supplier 011,Germany,EMEA,PLT-00,Shanghai Hub,China,APAC,Enterprise,USA,1,2.0,130,166,0,127.69,100.0,0.0
2026-04-01,SUP-011,Supplier 011,Germany,EMEA,PLT-01,Munich Center,Germany,EMEA,SMB,Canada,1,1.0,27,27,0,100.0,100.0,0.0
2026-04-01,SUP-012,Supplier 012,USA,NA,PLT-04,Chennai Forge,India,APAC,SMB,Canada,1,1.0,89,89,0,100.0,100.0,0.0
2026-04-01,SUP-012,Supplier 012,USA,NA,PLT-03,Tokyo Precision,Japan,APAC,SMB,USA,1,1.0,63,63,0,100.0,100.0,0.0
2026-04-01,SUP-012,Supplier 012,USA,NA,PLT-00,Shanghai Hub,China,APAC,SMB,Germany,1,2.0,114,127,0,111.4,100.0,0.0
2026-04-01,SUP-012,Supplier 012,USA,NA,PLT-09,Hanoi Assembly,Vietnam,APAC,Government,UK,1,1.0,94,94,0,100.0,100.0,0.0
2026-04-01,SUP-012,Supplier 012,USA,NA,PLT-06,Sao Paulo Ops,Brazil,LATAM,SMB,USA,1,1.0,23,23,0,100.0,100.0,0.0
2026-04-01,SUP-012,Supplier 012,USA,NA,PLT-00,Shanghai Hub,China,APAC,Enterprise,UK,1,1.0,2,2,0,100.0,100.0,0.0
2026-04-01,SUP-012,Supplier 012,USA,NA,PLT-07,Seoul Tech,South Korea,APAC,SMB,UK,1,1.0,145,140,5,96.55,0.0,1623.2
2026-04-01,SUP-012,Supplier 012,USA,NA,PLT-09,Hanoi Assembly,Vietnam,APAC,Enterprise,UK,1,1.0,31,25,6,80.65,0.0,826.56
2026-04-01,SUP-012,Supplier 012,USA,NA,PLT-08,Taipei Micro,Taiwan,APAC,SMB,UK,1,2.0,35,44,0,125.71,100.0,0.0
2026-04-01,SUP-012,Supplier 012,USA,NA,PLT-00,Shanghai Hub,China,APAC,Government,USA,1,1.0,47,47,0,100.0,100.0,0.0
2026-04-01,SUP-012,Supplier 012,USA,NA,PLT-07,Seoul Tech,South Korea,APAC,SMB,USA,1,1.0,33,33,0,100.0,100.0,0.0
2026-04-01,SUP-013,Supplier 013,Japan,APAC,PLT-09,Hanoi Assembly,Vietnam,APAC,Government,USA,1,2.0,172,215,0,125.0,100.0,0.0
2026-04-01,SUP-013,Supplier 013,Japan,APAC,PLT-06,Sao Paulo Ops,Brazil,LATAM,Enterprise,France,1,1.0,49,38,11,77.55,0.0,1866.92
2026-04-01,SUP-013,Supplier 013,Japan,APAC,PLT-02,Detroit Works,USA,NA,SMB,UK,1,1.0,85,85,0,100.0,100.0,0.0
2026-04-01,SUP-013,Supplier 013,Japan,APAC,PLT-04,Chennai Forge,India,APAC,Enterprise,Australia,1,1.0,24,24,0,100.0,100.0,0.0
2026-04-01,SUP-014,Supplier 014,India,APAC,PLT-06,Sao Paulo Ops,Brazil,LATAM,SMB,Japan,1,1.0,107,107,0,100.0,100.0,0.0
2026-04-01,SUP-014,Supplier 014,India,APAC,PLT-02,Detroit Works,USA,NA,SMB,Australia,2,2.0,219,219,0,100.0,100.0,0.0
2026-04-01,SUP-014,Supplier 014,India,APAC,PLT-00,Shanghai Hub,China,APAC,SMB,Germany,1,1.0,75,75,0,100.0,100.0,0.0
2026-04-01,SUP-014,Supplier 014,India,APAC,PLT-07,Seoul Tech,South Korea,APAC,Government,USA,1,1.0,63,63,0,100.0,100.0,0.0
2026-04-01,SUP-014,Supplier 014,India,APAC,PLT-04,Chennai Forge,India,APAC,SMB,Australia,1,1.0,129,129,0,100.0,100.0,0.0
2026-04-01,SUP-014,Supplier 014,India,APAC,PLT-02,Detroit Works,USA,NA,Government,Japan,1,1.0,46,46,0,100.0,100.0,0.0
2026-04-01,SUP-014,Supplier 014,India,APAC,PLT-06,Sao Paulo Ops,Brazil,LATAM,SMB,Germany,1,1.0,18,18,0,100.0,100.0,0.0
2026-04-01,SUP-014,Supplier 014,India,APAC,PLT-01,Munich Center,Germany,EMEA,Enterprise,Australia,1,2.0,21,25,0,119.05,100.0,0.0
2026-04-01,SUP-014,Supplier 014,India,APAC,PLT-00,Shanghai Hub,China,APAC,SMB,Canada,1,1.0,181,114,67,62.98,0.0,11513.28
2026-04-01,SUP-015,Supplier 015,Mexico,LATAM,PLT-09,Hanoi Assembly,Vietnam,APAC,Enterprise,USA,1,1.0,77,71,6,92.21,0.0,2705.28
2026-04-01,SUP-015,Supplier 015,Mexico,LATAM,PLT-02,Detroit Works,USA,NA,SMB,UK,2,3.0,264,316,0,119.7,100.0,0.0
2026-04-01,SUP-015,Supplier 015,Mexico,LATAM,PLT-02,Detroit Works,USA,NA,SMB,USA,1,1.0,12,12,0,100.0,100.0,0.0
2026-04-01,SUP-015,Supplier 015,Mexico,LATAM,PLT-02,Detroit Works,USA,NA,SMB,Japan,1,1.0,203,203,0,100.0,100.0,0.0
2026-04-01,SUP-015,Supplier 015,Mexico,LATAM,PLT-09,Hanoi Assembly,Vietnam,APAC,Enterprise,Australia,1,1.0,120,120,0,100.0,100.0,0.0
2026-04-01,SUP-015,Supplier 015,Mexico,LATAM,PLT-09,Hanoi Assembly,Vietnam,APAC,SMB,UK,1,1.0,89,89,0,100.0,100.0,0.0
2026-04-01,SUP-015,Supplier 015,Mexico,LATAM,PLT-01,Munich Center,Germany,EMEA,SMB,France,1,1.0,151,151,0,100.0,100.0,0.0
2026-04-01,SUP-015,Supplier 015,Mexico,LATAM,PLT-04,Chennai Forge,India,APAC,SMB,USA,1,2.0,109,138,0,126.61,100.0,0.0
2026-04-01,SUP-016,Supplier 016,Brazil,LATAM,PLT-03,Tokyo Precision,Japan,APAC,SMB,Canada,1,1.0,22,22,0,100.0,100.0,0.0
2026-04-01,SUP-016,Supplier 016,Brazil,LATAM,PLT-04,Chennai Forge,India,APAC,Government,Germany,1,2.0,57,66,0,115.79,100.0,0.0
2026-04-01,SUP-016,Supplier 016,Brazil,LATAM,PLT-05,Monterrey Plant,Mexico,LATAM,SMB,Australia,1,2.0,46,59,0,128.26,100.0,0.0
2026-04-01,SUP-016,Supplier 016,Brazil,LATAM,PLT-02,Detroit Works,USA,NA,SMB,USA,1,1.0,98,98,0,100.0,100.0,0.0
2026-04-01,SUP-016,Supplier 016,Brazil,LATAM,PLT-03,Tokyo Precision,Japan,APAC,SMB,UK,1,1.0,73,73,0,100.0,100.0,0.0
2026-04-01,SUP-016,Supplier 016,Brazil,LATAM,PLT-05,Monterrey Plant,Mexico,LATAM,Enterprise,Japan,1,1.0,111,111,0,100.0,100.0,0.0
2026-04-01,SUP-016,Supplier 016,Brazil,LATAM,PLT-05,Monterrey Plant,Mexico,LATAM,Government,France,1,1.0,15,15,0,100.0,100.0,0.0
2026-04-01,SUP-017,Supplier 017,South Korea,APAC,PLT-01,Munich Center,Germany,EMEA,SMB,UK,1,2.0,27,33,0,122.22,100.0,0.0
2026-04-01,SUP-017,Supplier 017,South Korea,APAC,PLT-01,Munich Center,Germany,EMEA,SMB,Singapore,1,1.0,82,54,28,65.85,0.0,7574.28
2026-04-01,SUP-017,Supplier 017,South Korea,APAC,PLT-04,Chennai Forge,India,APAC,Enterprise,Japan,1,1.0,252,252,0,100.0,100.0,0.0
2026-04-01,SUP-017,Supplier 017,South Korea,APAC,PLT-06,Sao Paulo Ops,Brazil,LATAM,Government,USA,1,1.0,116,116,0,100.0,100.0,0.0
2026-04-01,SUP-017,Supplier 017,South Korea,APAC,PLT-08,Taipei Micro,Taiwan,APAC,SMB,Singapore,1,1.0,168,168,0,100.0,100.0,0.0
2026-04-01,SUP-017,Supplier 017,South Korea,APAC,PLT-02,Detroit Works,USA,NA,Government,Germany,1,1.0,119,70,49,58.82,0.0,15444.31
2026-04-01,SUP-017,Supplier 017,South Korea,APAC,PLT-01,Munich Center,Germany,EMEA,Government,France,1,1.0,49,49,0,100.0,100.0,0.0
2026-04-01,SUP-017,Supplier 017,South Korea,APAC,PLT-07,Seoul Tech,South Korea,APAC,SMB,Japan,1,1.0,86,86,0,100.0,100.0,0.0
2026-04-01,SUP-017,Supplier 017,South Korea,APAC,PLT-02,Detroit Works,USA,NA,SMB,UK,1,2.0,214,266,0,124.3,100.0,0.0
2026-04-01,SUP-018,Supplier 018,Taiwan,APAC,PLT-06,Sao Paulo Ops,Brazil,LATAM,SMB,Australia,1,1.0,46,46,0,100.0,100.0,0.0
2026-04-01,SUP-018,Supplier 018,Taiwan,APAC,PLT-02,Detroit Works,USA,NA,Government,USA,1,1.0,6,6,0,100.0,100.0,0.0
2026-04-01,SUP-018,Supplier 018,Taiwan,APAC,PLT-07,Seoul Tech,South Korea,APAC,Enterprise,USA,1,1.0,14,14,0,100.0,100.0,0.0
2026-04-01,SUP-018,Supplier 018,Taiwan,APAC,PLT-07,Seoul Tech,South Korea,APAC,SMB,Japan,1,1.0,32,30,2,93.75,0.0,552.54
2026-04-01,SUP-018,Supplier 018,Taiwan,APAC,PLT-00,Shanghai Hub,China,APAC,SMB,Germany,1,1.0,109,109,0,100.0,100.0,0.0
2026-04-01,SUP-018,Supplier 018,Taiwan,APAC,PLT-09,Hanoi Assembly,Vietnam,APAC,Enterprise,France,1,1.0,53,53,0,100.0,100.0,0.0
2026-04-01,SUP-018,Supplier 018,Taiwan,APAC,PLT-09,Hanoi Assembly,Vietnam,APAC,Enterprise,Singapore,1,1.0,112,57,55,50.89,0.0,9527.65
2026-04-01,SUP-018,Supplier 018,Taiwan,APAC,PLT-00,Shanghai Hub,China,APAC,SMB,Singapore,1,1.0,101,82,19,81.19,0.0,4721.5
2026-04-01,SUP-018,Supplier 018,Taiwan,APAC,PLT-06,Sao Paulo Ops,Brazil,LATAM,SMB,France,1,1.0,43,43,0,100.0,100.0,0.0
2026-04-01,SUP-019,Supplier 019,Vietnam,APAC,PLT-01,Munich Center,Germany,EMEA,Enterprise,Canada,1,1.0,106,60,46,56.6,0.0,5433.98
2026-04-01,SUP-019,Supplier 019,Vietnam,APAC,PLT-03,Tokyo Precision,Japan,APAC,Government,UK,1,1.0,7,7,0,100.0,100.0,0.0
2026-04-01,SUP-019,Supplier 019,Vietnam,APAC,PLT-08,Taipei Micro,Taiwan,APAC,Enterprise,Japan,1,1.0,62,33,29,53.23,0.0,2245.18
2026-04-01,SUP-019,Supplier 019,Vietnam,APAC,PLT-01,Munich Center,Germany,EMEA,Enterprise,Singapore,1,1.0,65,65,0,100.0,100.0,0.0
2026-04-01,SUP-019,Supplier 019,Vietnam,APAC,PLT-02,Detroit Works,USA,NA,Government,Japan,1,2.0,199,217,0,109.05,100.0,0.0
2026-04-01,SUP-019,Supplier 019,Vietnam,APAC,PLT-05,Monterrey Plant,Mexico,LATAM,SMB,UK,1,2.0,44,45,0,102.27,100.0,0.0
2026-04-01,SUP-020,Supplier 020,China,APAC,PLT-09,Hanoi Assembly,Vietnam,APAC,SMB,Japan,1,1.0,105,105,0,100.0,100.0,0.0
2026-04-01,SUP-020,Supplier 020,China,APAC,PLT-07,Seoul Tech,South Korea,APAC,SMB,USA,1,2.0,78,97,0,124.36,100.0,0.0
2026-04-01,SUP-020,Supplier 020,China,APAC,PLT-08,Taipei Micro,Taiwan,APAC,Government,Australia,1,1.0,1,1,0,100.0,100.0,0.0
2026-04-01,SUP-021,Supplier 021,Germany,EMEA,PLT-08,Taipei Micro,Taiwan,APAC,SMB,UK,1,1.0,173,173,0,100.0,100.0,0.0
2026-04-01,SUP-021,Supplier 021,Germany,EMEA,PLT-06,Sao Paulo Ops,Brazil,LATAM,SMB,UK,1,1.0,163,163,0,100.0,100.0,0.0
2026-04-01,SUP-021,Supplier 021,Germany,EMEA,PLT-07,Seoul Tech,South Korea,APAC,Government,Canada,1,2.0,209,266,0,127.27,100.0,0.0
2026-04-01,SUP-021,Supplier 021,Germany,EMEA,PLT-03,Tokyo Precision,Japan,APAC,SMB,Germany,1,1.0,263,263,0,100.0,100.0,0.0
2026-04-01,SUP-022,Supplier 022,USA,NA,PLT-02,Detroit Works,USA,NA,SMB,USA,1,1.0,31,31,0,100.0,100.0,0.0
2026-04-01,SUP-022,Supplier 022,USA,NA,PLT-04,Chennai Forge,India,APAC,Enterprise,UK,1,1.0,23,23,0,100.0,100.0,0.0
2026-04-01,SUP-022,Supplier 022,USA,NA,PLT-07,Seoul Tech,South Korea,APAC,SMB,UK,1,1.0,88,88,0,100.0,100.0,0.0
2026-04-01,SUP-022,Supplier 022,USA,NA,PLT-03,Tokyo Precision,Japan,APAC,SMB,Singapore,1,1.0,24,24,0,100.0,100.0,0.0
2026-04-01,SUP-022,Supplier 022,USA,NA,PLT-03,Tokyo Precision,Japan,APAC,SMB,Australia,1,1.0,133,133,0,100.0,100.0,0.0
2026-04-01,SUP-022,Supplier 022,USA,NA,PLT-06,Sao Paulo Ops,Brazil,LATAM,Government,Germany,1,1.0,130,130,0,100.0,100.0,0.0
2026-04-01,SUP-022,Supplier 022,USA,NA,PLT-00,Shanghai Hub,China,APAC,SMB,UK,1,2.0,58,73,0,125.86,100.0,0.0
2026-04-01,SUP-023,Supplier 023,Japan,APAC,PLT-07,Seoul Tech,South Korea,APAC,Enterprise,USA,1,1.0,51,51,0,100.0,100.0,0.0
2026-04-01,SUP-023,Supplier 023,Japan,APAC,PLT-07,Seoul Tech,South Korea,APAC,SMB,Germany,1,2.0,105,120,0,114.29,100.0,0.0
2026-04-01,SUP-023,Supplier 023,Japan,APAC,PLT-05,Monterrey Plant,Mexico,LATAM,SMB,Singapore,1,1.0,57,57,0,100.0,100.0,0.0
2026-04-01,SUP-023,Supplier 023,Japan,APAC,PLT-04,Chennai Forge,India,APAC,SMB,Canada,1,1.0,50,50,0,100.0,100.0,0.0
2026-04-01,SUP-023,Supplier 023,Japan,APAC,PLT-06,Sao Paulo Ops,Brazil,LATAM,Enterprise,Canada,1,1.0,25,25,0,100.0,100.0,0.0
2026-04-01,SUP-024,Supplier 024,India,APAC,PLT-01,Munich Center,Germany,EMEA,SMB,UK,1,1.0,99,99,0,100.0,100.0,0.0
2026-04-01,SUP-024,Supplier 024,India,APAC,PLT-09,Hanoi Assembly,Vietnam,APAC,SMB,Singapore,1,1.0,86,64,22,74.42,0.0,2460.7
2026-04-01,SUP-024,Supplier 024,India,APAC,PLT-03,Tokyo Precision,Japan,APAC,Enterprise,Germany,1,1.0,7,7,0,100.0,100.0,0.0
2026-04-01,SUP-024,Supplier 024,India,APAC,PLT-08,Taipei Micro,Taiwan,APAC,SMB,Australia,1,2.0,30,34,0,113.33,100.0,0.0
2026-04-01,SUP-024,Supplier 024,India,APAC,PLT-00,Shanghai Hub,China,APAC,SMB,Australia,1,1.0,27,23,4,85.19,0.0,958.36
2026-04-01,SUP-024,Supplier 024,India,APAC,PLT-02,Detroit Works,USA,NA,SMB,Japan,1,1.0,157,157,0,100.0,100.0,0.0
2026-04-01,SUP-024,Supplier 024,India,APAC,PLT-02,Detroit Works,USA,NA,Enterprise,France,1,2.0,207,137,70,66.18,0.0,17171.0
2026-04-01,SUP-024,Supplier 024,India,APAC,PLT-02,Detroit Works,USA,NA,Government,UK,1,1.0,82,82,0,100.0,100.0,0.0
2026-04-01,SUP-024,Supplier 024,India,APAC,PLT-07,Seoul Tech,South Korea,APAC,SMB,Australia,1,1.0,57,57,0,100.0,100.0,0.0
2026-04-01,SUP-025,Supplier 025,Mexico,LATAM,PLT-09,Hanoi Assembly,Vietnam,APAC,SMB,Singapore,1,1.0,58,58,0,100.0,100.0,0.0
2026-04-01,SUP-025,Supplier 025,Mexico,LATAM,PLT-00,Shanghai Hub,China,APAC,Government,Germany,1,2.0,177,218,0,123.16,100.0,0.0
2026-04-01,SUP-025,Supplier 025,Mexico,LATAM,PLT-02,Detroit Works,USA,NA,Government,Germany,1,1.0,42,42,0,100.0,100.0,0.0
2026-04-01,SUP-025,Supplier 025,Mexico,LATAM,PLT-04,Chennai Forge,India,APAC,SMB,UK,1,2.0,19,22,0,115.79,100.0,0.0
2026-04-01,SUP-025,Supplier 025,Mexico,LATAM,PLT-00,Shanghai Hub,China,APAC,Enterprise,Japan,1,1.0,228,228,0,100.0,100.0,0.0
2026-04-01,SUP-025,Supplier 025,Mexico,LATAM,PLT-01,Munich Center,Germany,EMEA,Government,USA,1,1.0,134,117,17,87.31,0.0,6609.6
2026-04-01,SUP-025,Supplier 025,Mexico,LATAM,PLT-01,Munich Center,Germany,EMEA,Government,Canada,1,1.0,134,134,0,100.0,100.0,0.0
2026-04-01,SUP-025,Supplier 025,Mexico,LATAM,PLT-05,Monterrey Plant,Mexico,LATAM,Enterprise,USA,1,1.0,4,4,0,100.0,100.0,0.0
2026-04-01,SUP-026,Supplier 026,Brazil,LATAM,PLT-02,Detroit Works,USA,NA,Enterprise,Japan,1,1.0,103,103,0,100.0,100.0,0.0
2026-04-01,SUP-026,Supplier 026,Brazil,LATAM,PLT-07,Seoul Tech,South Korea,APAC,SMB,UK,1,1.0,162,155,7,95.68,0.0,1188.6
2026-04-01,SUP-026,Supplier 026,Brazil,LATAM,PLT-04,Chennai Forge,India,APAC,Enterprise,France,1,1.0,39,39,0,100.0,100.0,0.0
2026-04-01,SUP-026,Supplier 026,Brazil,LATAM,PLT-00,Shanghai Hub,China,APAC,Enterprise,Germany,2,3.0,82,77,10,93.9,50.0,4153.7
2026-04-01,SUP-026,Supplier 026,Brazil,LATAM,PLT-01,Munich Center,Germany,EMEA,Enterprise,Japan,1,1.0,22,22,0,100.0,100.0,0.0
2026-04-01,SUP-026,Supplier 026,Brazil,LATAM,PLT-09,Hanoi Assembly,Vietnam,APAC,SMB,France,1,1.0,3,3,0,100.0,100.0,0.0
2026-04-01,SUP-026,Supplier 026,Brazil,LATAM,PLT-00,Shanghai Hub,China,APAC,Enterprise,Canada,1,1.0,111,111,0,100.0,100.0,0.0
2026-04-01,SUP-026,Supplier 026,Brazil,LATAM,PLT-00,Shanghai Hub,China,APAC,Enterprise,Japan,1,1.0,52,52,0,100.0,100.0,0.0
2026-04-01,SUP-027,Supplier 027,South Korea,APAC,PLT-03,Tokyo Precision,Japan,APAC,SMB,UK,1,1.0,35,35,0,100.0,100.0,0.0
2026-04-01,SUP-027,Supplier 027,South Korea,APAC,PLT-00,Shanghai Hub,China,APAC,SMB,UK,1,1.0,91,91,0,100.0,100.0,0.0
2026-04-01,SUP-027,Supplier 027,South Korea,APAC,PLT-06,Sao Paulo Ops,Brazil,LATAM,SMB,Canada,1,2.0,30,39,0,130.0,100.0,0.0
2026-04-01,SUP-027,Supplier 027,South Korea,APAC,PLT-07,Seoul Tech,South Korea,APAC,SMB,France,1,1.0,64,59,5,92.19,0.0,841.6
2026-04-01,SUP-027,Supplier 027,South Korea,APAC,PLT-03,Tokyo Precision,Japan,APAC,SMB,Germany,1,1.0,81,81,0,100.0,100.0,0.0
2026-04-01,SUP-027,Supplier 027,South Korea,APAC,PLT-01,Munich Center,Germany,EMEA,Government,France,1,1.0,42,42,0,100.0,100.0,0.0
2026-04-01,SUP-027,Supplier 027,South Korea,APAC,PLT-07,Seoul Tech,South Korea,APAC,SMB,Singapore,1,1.0,21,11,10,52.38,0.0,2451.3
2026-04-01,SUP-027,Supplier 027,South Korea,APAC,PLT-05,Monterrey Plant,Mexico,LATAM,SMB,UK,1,1.0,112,112,0,100.0,100.0,0.0
2026-04-01,SUP-027,Supplier 027,South Korea,APAC,PLT-08,Taipei Micro,Taiwan,APAC,Government,Australia,1,1.0,69,62,7,89.86,0.0,2949.38
2026-04-01,SUP-027,Supplier 027,South Korea,APAC,PLT-02,Detroit Works,USA,NA,SMB,Japan,1,1.0,37,22,15,59.46,0.0,2842.65
2026-04-01,SUP-027,Supplier 027,South Korea,APAC,PLT-06,Sao Paulo Ops,Brazil,LATAM,SMB,UK,1,1.0,120,120,0,100.0,100.0,0.0
2026-04-01,SUP-027,Supplier 027,South Korea,APAC,PLT-01,Munich Center,Germany,EMEA,Enterprise,UK,1,1.0,155,80,75,51.61,0.0,8694.0
2026-04-01,SUP-028,Supplier 028,Taiwan,APAC,PLT-07,Seoul Tech,South Korea,APAC,Enterprise,UK,1,1.0,12,7,5,58.33,0.0,1093.85
2026-04-01,SUP-028,Supplier 028,Taiwan,APAC,PLT-00,Shanghai Hub,China,APAC,SMB,Singapore,1,2.0,88,108,0,122.73,100.0,0.0
2026-04-01,SUP-028,Supplier 028,Taiwan,APAC,PLT-06,Sao Paulo Ops,Brazil,LATAM,SMB,Japan,1,1.0,99,99,0,100.0,100.0,0.0
2026-04-01,SUP-028,Supplier 028,Taiwan,APAC,PLT-08,Taipei Micro,Taiwan,APAC,SMB,France,1,1.0,17,14,3,82.35,0.0,33.57
2026-04-01,SUP-029,Supplier 029,Vietnam,APAC,PLT-03,Tokyo Precision,Japan,APAC,SMB,Singapore,1,1.0,139,139,0,100.0,100.0,0.0
2026-04-01,SUP-029,Supplier 029,Vietnam,APAC,PLT-08,Taipei Micro,Taiwan,APAC,SMB,USA,1,1.0,30,30,0,100.0,100.0,0.0
2026-04-01,SUP-029,Supplier 029,Vietnam,APAC,PLT-05,Monterrey Plant,Mexico,LATAM,Government,Australia,1,1.0,18,18,0,100.0,100.0,0.0
2026-04-01,SUP-029,Supplier 029,Vietnam,APAC,PLT-04,Chennai Forge,India,APAC,SMB,Canada,1,1.0,66,46,20,69.7,0.0,5661.0
2026-04-01,SUP-029,Supplier 029,Vietnam,APAC,PLT-09,Hanoi Assembly,Vietnam,APAC,SMB,UK,1,1.0,160,160,0,100.0,100.0,0.0
2026-04-01,SUP-029,Supplier 029,Vietnam,APAC,PLT-02,Detroit Works,USA,NA,SMB,France,1,1.0,90,77,13,85.56,0.0,4493.32
2026-04-01,SUP-029,Supplier 029,Vietnam,APAC,PLT-04,Chennai Forge,India,APAC,SMB,France,1,1.0,143,143,0,100.0,100.0,0.0
2026-04-01,SUP-030,Supplier 030,China,APAC,PLT-01,Munich Center,Germany,EMEA,Enterprise,Japan,2,3.0,192,177,26,92.19,50.0,4045.08
2026-04-01,SUP-030,Supplier 030,China,APAC,PLT-09,Hanoi Assembly,Vietnam,APAC,SMB,Japan,1,1.0,79,74,5,93.67,0.0,192.05
2026-04-01,SUP-030,Supplier 030,China,APAC,PLT-07,Seoul Tech,South Korea,APAC,SMB,Germany,1,2.0,71,76,0,107.04,100.0,0.0
2026-04-01,SUP-030,Supplier 030,China,APAC,PLT-07,Seoul Tech,South Korea,APAC,Government,France,1,1.0,58,58,0,100.0,100.0,0.0
2026-04-01,SUP-030,Supplier 030,China,APAC,PLT-05,Monterrey Plant,Mexico,LATAM,Enterprise,Germany,1,1.0,16,16,0,100.0,100.0,0.0
2026-04-01,SUP-030,Supplier 030,China,APAC,PLT-09,Hanoi Assembly,Vietnam,APAC,Enterprise,Japan,1,1.0,23,23,0,100.0,100.0,0.0
2026-04-01,SUP-030,Supplier 030,China,APAC,PLT-01,Munich Center,Germany,EMEA,Enterprise,USA,1,1.0,94,94,0,100.0,100.0,0.0
2026-04-01,SUP-030,Supplier 030,China,APAC,PLT-06,Sao Paulo Ops,Brazil,LATAM,Enterprise,France,1,2.0,54,70,0,129.63,100.0,0.0
2026-04-01,SUP-030,Supplier 030,China,APAC,PLT-01,Munich Center,Germany,EMEA,Enterprise,France,1,2.0,2,3,0,150.0,100.0,0.0
2026-04-01,SUP-031,Supplier 031,Germany,EMEA,PLT-03,Tokyo Precision,Japan,APAC,SMB,Japan,1,1.0,66,57,9,86.36,0.0,3904.83
2026-04-01,SUP-031,Supplier 031,Germany,EMEA,PLT-00,Shanghai Hub,China,APAC,SMB,USA,1,1.0,73,73,0,100.0,100.0,0.0
2026-04-01,SUP-031,Supplier 031,Germany,EMEA,PLT-07,Seoul Tech,South Korea,APAC,Enterprise,Japan,1,1.0,59,42,17,71.19,0.0,1081.2
2026-04-01,SUP-031,Supplier 031,Germany,EMEA,PLT-03,Tokyo Precision,Japan,APAC,SMB,France,1,1.0,3,3,0,100.0,100.0,0.0
2026-04-01,SUP-031,Supplier 031,Germany,EMEA,PLT-09,Hanoi Assembly,Vietnam,APAC,Government,Australia,1,1.0,84,84,0,100.0,100.0,0.0
2026-04-01,SUP-031,Supplier 031,Germany,EMEA,PLT-02,Detroit Works,USA,NA,Enterprise,Germany,1,1.0,176,116,60,65.91,0.0,15351.6
2026-04-01,SUP-031,Supplier 031,Germany,EMEA,PLT-02,Detroit Works,USA,NA,SMB,Canada,2,2.0,189,189,0,100.0,100.0,0.0
2026-04-01,SUP-031,Supplier 031,Germany,EMEA,PLT-04,Chennai Forge,India,APAC,Enterprise,Singapore,1,1.0,60,60,0,100.0,100.0,0.0
2026-04-01,SUP-031,Supplier 031,Germany,EMEA,PLT-07,Seoul Tech,South Korea,APAC,Enterprise,Canada,1,1.0,14,8,6,57.14,0.0,926.76
2026-04-01,SUP-032,Supplier 032,USA,NA,PLT-08,Taipei Micro,Taiwan,APAC,Government,France,1,1.0,26,26,0,100.0,100.0,0.0
2026-04-01,SUP-032,Supplier 032,USA,NA,PLT-02,Detroit Works,USA,NA,Enterprise,France,1,1.0,109,109,0,100.0,100.0,0.0
2026-04-01,SUP-032,Supplier 032,USA,NA,PLT-00,Shanghai Hub,China,APAC,Government,Australia,1,2.0,133,146,0,109.77,100.0,0.0
2026-04-01,SUP-032,Supplier 032,USA,NA,PLT-04,Chennai Forge,India,APAC,Enterprise,Singapore,1,1.0,34,34,0,100.0,100.0,0.0
2026-04-01,SUP-032,Supplier 032,USA,NA,PLT-03,Tokyo Precision,Japan,APAC,SMB,Singapore,1,1.0,4,4,0,100.0,100.0,0.0
2026-04-01,SUP-032,Supplier 032,USA,NA,PLT-03,Tokyo Precision,Japan,APAC,Enterprise,France,1,1.0,77,77,0,100.0,100.0,0.0
2026-04-01,SUP-032,Supplier 032,USA,NA,PLT-02,Detroit Works,USA,NA,SMB,France,1,1.0,27,22,5,81.48,0.0,73.8
2026-04-01,SUP-033,Supplier 033,Japan,APAC,PLT-02,Detroit Works,USA,NA,SMB,USA,1,1.0,40,40,0,100.0,100.0,0.0
2026-04-01,SUP-033,Supplier 033,Japan,APAC,PLT-03,Tokyo Precision,Japan,APAC,Enterprise,Japan,1,1.0,5,5,0,100.0,100.0,0.0
2026-04-01,SUP-034,Supplier 034,India,APAC,PLT-07,Seoul Tech,South Korea,APAC,SMB,Germany,1,1.0,38,38,0,100.0,100.0,0.0
2026-04-01,SUP-034,Supplier 034,India,APAC,PLT-05,Monterrey Plant,Mexico,LATAM,SMB,Australia,1,1.0,136,114,22,83.82,0.0,9175.54
2026-04-01,SUP-034,Supplier 034,India,APAC,PLT-06,Sao Paulo Ops,Brazil,LATAM,SMB,France,1,1.0,126,94,32,74.6,0.0,9260.8
2026-04-01,SUP-034,Supplier 034,India,APAC,PLT-07,Seoul Tech,South Korea,APAC,Enterprise,USA,1,1.0,87,87,0,100.0,100.0,0.0
2026-04-01,SUP-034,Supplier 034,India,APAC,PLT-01,Munich Center,Germany,EMEA,Enterprise,France,1,1.0,171,171,0,100.0,100.0,0.0
2026-04-01,SUP-035,Supplier 035,Mexico,LATAM,PLT-09,Hanoi Assembly,Vietnam,APAC,SMB,France,2,2.0,191,144,47,75.39,50.0,8150.27
2026-04-01,SUP-035,Supplier 035,Mexico,LATAM,PLT-06,Sao Paulo Ops,Brazil,LATAM,Government,UK,1,1.0,95,95,0,100.0,100.0,0.0
2026-04-01,SUP-035,Supplier 035,Mexico,LATAM,PLT-09,Hanoi Assembly,Vietnam,APAC,SMB,Canada,1,1.0,114,110,4,96.49,0.0,66.88
2026-04-01,SUP-035,Supplier 035,Mexico,LATAM,PLT-07,Seoul Tech,South Korea,APAC,SMB,Germany,1,1.0,135,125,10,92.59,0.0,3828.3
2026-04-01,SUP-035,Supplier 035,Mexico,LATAM,PLT-07,Seoul Tech,South Korea,APAC,Government,Japan,1,1.0,86,86,0,100.0,100.0,0.0
2026-04-01,SUP-035,Supplier 035,Mexico,LATAM,PLT-05,Monterrey Plant,Mexico,LATAM,SMB,France,1,1.0,18,18,0,100.0,100.0,0.0
2026-04-01,SUP-035,Supplier 035,Mexico,LATAM,PLT-05,Monterrey Plant,Mexico,LATAM,SMB,Australia,1,1.0,69,64,5,92.75,0.0,1051.55
2026-04-01,SUP-035,Supplier 035,Mexico,LATAM,PLT-05,Monterrey Plant,Mexico,LATAM,SMB,UK,1,1.0,22,22,0,100.0,100.0,0.0
2026-04-01,SUP-035,Supplier 035,Mexico,LATAM,PLT-07,Seoul Tech,South Korea,APAC,Enterprise,UK,1,1.0,59,59,0,100.0,100.0,0.0
2026-04-01,SUP-036,Supplier 036,Brazil,LATAM,PLT-00,Shanghai Hub,China,APAC,SMB,USA,1,1.0,55,55,0,100.0,100.0,0.0
2026-04-01,SUP-036,Supplier 036,Brazil,LATAM,PLT-06,Sao Paulo Ops,Brazil,LATAM,SMB,Australia,1,1.0,6,4,2,66.67,0.0,976.62
2026-04-01,SUP-036,Supplier 036,Brazil,LATAM,PLT-09,Hanoi Assembly,Vietnam,APAC,Enterprise,Japan,1,1.0,92,92,0,100.0,100.0,0.0
2026-04-01,SUP-036,Supplier 036,Brazil,LATAM,PLT-00,Shanghai Hub,China,APAC,SMB,Japan,1,1.0,196,185,11,94.39,0.0,3931.95
2026-04-01,SUP-036,Supplier 036,Brazil,LATAM,PLT-05,Monterrey Plant,Mexico,LATAM,Enterprise,Singapore,1,1.0,106,106,0,100.0,100.0,0.0
2026-04-01,SUP-036,Supplier 036,Brazil,LATAM,PLT-06,Sao Paulo Ops,Brazil,LATAM,SMB,Japan,1,1.0,121,121,0,100.0,100.0,0.0
2026-04-01,SUP-037,Supplier 037,South Korea,APAC,PLT-04,Chennai Forge,India,APAC,Government,Germany,1,1.0,32,32,0,100.0,100.0,0.0
2026-04-01,SUP-037,Supplier 037,South Korea,APAC,PLT-09,Hanoi Assembly,Vietnam,APAC,SMB,USA,1,1.0,89,89,0,100.0,100.0,0.0
2026-04-01,SUP-037,Supplier 037,South Korea,APAC,PLT-03,Tokyo Precision,Japan,APAC,Government,Germany,1,1.0,2,2,0,100.0,100.0,0.0
2026-04-01,SUP-037,Supplier 037,South Korea,APAC,PLT-07,Seoul Tech,South Korea,APAC,SMB,USA,1,1.0,71,66,5,92.96,0.0,960.95
2026-04-01,SUP-037,Supplier 037,South Korea,APAC,PLT-06,Sao Paulo Ops,Brazil,LATAM,Enterprise,Canada,1,1.0,51,48,3,94.12,0.0,746.28
2026-04-01,SUP-037,Supplier 037,South Korea,APAC,PLT-08,Taipei Micro,Taiwan,APAC,SMB,Singapore,1,1.0,29,29,0,100.0,100.0,0.0
2026-04-01,SUP-037,Supplier 037,South Korea,APAC,PLT-03,Tokyo Precision,Japan,APAC,Enterprise,USA,1,1.0,154,130,24,84.42,0.0,7871.76
2026-04-01,SUP-037,Supplier 037,South Korea,APAC,PLT-01,Munich Center,Germany,EMEA,SMB,USA,1,1.0,60,30,30,50.0,0.0,4249.8
2026-04-01,SUP-037,Supplier 037,South Korea,APAC,PLT-09,Hanoi Assembly,Vietnam,APAC,SMB,France,1,2.0,18,22,0,122.22,100.0,0.0
2026-04-01,SUP-038,Supplier 038,Taiwan,APAC,PLT-03,Tokyo Precision,Japan,APAC,SMB,Canada,1,1.0,53,37,16,69.81,0.0,5294.24
2026-04-01,SUP-038,Supplier 038,Taiwan,APAC,PLT-07,Seoul Tech,South Korea,APAC,SMB,Australia,1,1.0,33,33,0,100.0,100.0,0.0
2026-04-01,SUP-038,Supplier 038,Taiwan,APAC,PLT-06,Sao Paulo Ops,Brazil,LATAM,SMB,Canada,1,1.0,21,21,0,100.0,100.0,0.0
2026-04-01,SUP-038,Supplier 038,Taiwan,APAC,PLT-05,Monterrey Plant,Mexico,LATAM,SMB,Singapore,1,1.0,123,109,14,88.62,0.0,2592.8
2026-04-01,SUP-038,Supplier 038,Taiwan,APAC,PLT-00,Shanghai Hub,China,APAC,SMB,Australia,1,1.0,188,150,38,79.79,0.0,12082.86
2026-04-01,SUP-038,Supplier 038,Taiwan,APAC,PLT-09,Hanoi Assembly,Vietnam,APAC,SMB,Canada,1,1.0,316,283,33,89.56,0.0,435.6
2026-04-01,SUP-038,Supplier 038,Taiwan,APAC,PLT-09,Hanoi Assembly,Vietnam,APAC,Government,Germany,1,2.0,23,27,0,117.39,100.0,0.0
2026-04-01,SUP-039,Supplier 039,Vietnam,APAC,PLT-05,Monterrey Plant,Mexico,LATAM,SMB,USA,1,1.0,104,104,0,100.0,100.0,0.0
2026-04-01,SUP-039,Supplier 039,Vietnam,APAC,PLT-07,Seoul Tech,South Korea,APAC,Government,Singapore,1,1.0,117,117,0,100.0,100.0,0.0
2026-04-01,SUP-039,Supplier 039,Vietnam,APAC,PLT-01,Munich Center,Germany,EMEA,SMB,UK,1,1.0,55,55,0,100.0,100.0,0.0
2026-04-01,SUP-039,Supplier 039,Vietnam,APAC,PLT-09,Hanoi Assembly,Vietnam,APAC,Government,Germany,1,2.0,97,125,0,128.87,100.0,0.0
2026-04-01,SUP-040,Supplier 040,China,APAC,PLT-07,Seoul Tech,South Korea,APAC,SMB,Australia,1,1.0,67,67,0,100.0,100.0,0.0
2026-04-01,SUP-040,Supplier 040,China,APAC,PLT-07,Seoul Tech,South Korea,APAC,Enterprise,Germany,1,1.0,37,37,0,100.0,100.0,0.0
2026-04-01,SUP-040,Supplier 040,China,APAC,PLT-06,Sao Paulo Ops,Brazil,LATAM,Enterprise,Canada,1,1.0,41,41,0,100.0,100.0,0.0
2026-04-01,SUP-040,Supplier 040,China,APAC,PLT-02,Detroit Works,USA,NA,Government,Singapore,1,2.0,121,152,0,125.62,100.0,0.0
2026-04-01,SUP-040,Supplier 040,China,APAC,PLT-07,Seoul Tech,South Korea,APAC,Enterprise,France,1,1.0,65,65,0,100.0,100.0,0.0
2026-04-01,SUP-040,Supplier 040,China,APAC,PLT-05,Monterrey Plant,Mexico,LATAM,Enterprise,Japan,1,1.0,33,23,10,69.7,0.0,4413.2
2026-04-01,SUP-040,Supplier 040,China,APAC,PLT-07,Seoul Tech,South Korea,APAC,SMB,Japan,1,1.0,65,65,0,100.0,100.0,0.0
2026-04-01,SUP-041,Supplier 041,Germany,EMEA,PLT-06,Sao Paulo Ops,Brazil,LATAM,Enterprise,USA,1,1.0,71,53,18,74.65,0.0,6314.76
2026-04-01,SUP-041,Supplier 041,Germany,EMEA,PLT-06,Sao Paulo Ops,Brazil,LATAM,SMB,Singapore,1,1.0,48,29,19,60.42,0.0,3904.88
2026-04-01,SUP-041,Supplier 041,Germany,EMEA,PLT-07,Seoul Tech,South Korea,APAC,SMB,Singapore,1,2.0,122,136,0,111.48,100.0,0.0
2026-04-01,SUP-041,Supplier 041,Germany,EMEA,PLT-05,Monterrey Plant,Mexico,LATAM,SMB,Germany,1,1.0,98,98,0,100.0,100.0,0.0
2026-04-01,SUP-042,Supplier 042,USA,NA,PLT-04,Chennai Forge,India,APAC,Enterprise,Germany,1,1.0,44,44,0,100.0,100.0,0.0
2026-04-01,SUP-042,Supplier 042,USA,NA,PLT-08,Taipei Micro,Taiwan,APAC,Enterprise,Canada,1,2.0,91,111,0,121.98,100.0,0.0
2026-04-01,SUP-042,Supplier 042,USA,NA,PLT-06,Sao Paulo Ops,Brazil,LATAM,SMB,Canada,1,1.0,123,123,0,100.0,100.0,0.0
2026-04-01,SUP-042,Supplier 042,USA,NA,PLT-03,Tokyo Precision,Japan,APAC,SMB,Singapore,1,1.0,120,120,0,100.0,100.0,0.0
2026-04-01,SUP-042,Supplier 042,USA,NA,PLT-00,Shanghai Hub,China,APAC,Government,USA,1,1.0,80,80,0,100.0,100.0,0.0
2026-04-01,SUP-043,Supplier 043,Japan,APAC,PLT-02,Detroit Works,USA,NA,Enterprise,France,1,1.0,57,57,0,100.0,100.0,0.0
2026-04-01,SUP-043,Supplier 043,Japan,APAC,PLT-09,Hanoi Assembly,Vietnam,APAC,Government,Singapore,1,1.0,35,28,7,80.0,0.0,117.81
2026-04-01,SUP-043,Supplier 043,Japan,APAC,PLT-00,Shanghai Hub,China,APAC,Government,Singapore,1,1.0,226,183,43,80.97,0.0,14075.62
2026-04-01,SUP-043,Supplier 043,Japan,APAC,PLT-03,Tokyo Precision,Japan,APAC,Government,USA,1,2.0,22,25,0,113.64,100.0,0.0
2026-04-01,SUP-043,Supplier 043,Japan,APAC,PLT-05,Monterrey Plant,Mexico,LATAM,SMB,France,1,2.0,164,195,0,118.9,100.0,0.0
2026-04-01,SUP-043,Supplier 043,Japan,APAC,PLT-03,Tokyo Precision,Japan,APAC,Government,Singapore,1,2.0,96,106,0,110.42,100.0,0.0
2026-04-01,SUP-044,Supplier 044,India,APAC,PLT-00,Shanghai Hub,China,APAC,SMB,UK,1,1.0,67,52,15,77.61,0.0,498.15
2026-04-01,SUP-044,Supplier 044,India,APAC,PLT-09,Hanoi Assembly,Vietnam,APAC,SMB,USA,2,2.0,110,110,0,100.0,100.0,0.0
2026-04-01,SUP-044,Supplier 044,India,APAC,PLT-04,Chennai Forge,India,APAC,Enterprise,Canada,1,1.0,34,34,0,100.0,100.0,0.0
2026-04-01,SUP-044,Supplier 044,India,APAC,PLT-06,Sao Paulo Ops,Brazil,LATAM,Enterprise,USA,1,1.0,33,33,0,100.0,100.0,0.0
2026-04-01,SUP-044,Supplier 044,India,APAC,PLT-03,Tokyo Precision,Japan,APAC,SMB,Singapore,1,1.0,1,1,0,100.0,100.0,0.0
2026-04-01,SUP-044,Supplier 044,India,APAC,PLT-00,Shanghai Hub,China,APAC,SMB,Canada,1,1.0,24,24,0,100.0,100.0,0.0
2026-04-01,SUP-045,Supplier 045,Mexico,LATAM,PLT-04,Chennai Forge,India,APAC,SMB,UK,1,1.0,77,77,0,100.0,100.0,0.0
2026-04-01,SUP-045,Supplier 045,Mexico,LATAM,PLT-01,Munich Center,Germany,EMEA,SMB,France,1,1.0,30,30,0,100.0,100.0,0.0
2026-04-01,SUP-045,Supplier 045,Mexico,LATAM,PLT-01,Munich Center,Germany,EMEA,Enterprise,Germany,1,1.0,171,171,0,100.0,100.0,0.0
2026-04-01,SUP-045,Supplier 045,Mexico,LATAM,PLT-01,Munich Center,Germany,EMEA,Enterprise,Japan,1,1.0,164,164,0,100.0,100.0,0.0
2026-04-01,SUP-045,Supplier 045,Mexico,LATAM,PLT-07,Seoul Tech,South Korea,APAC,Government,Singapore,1,1.0,55,55,0,100.0,100.0,0.0
2026-04-01,SUP-046,Supplier 046,Brazil,LATAM,PLT-01,Munich Center,Germany,EMEA,Enterprise,USA,1,1.0,80,68,12,85.0,0.0,2631.36
2026-04-01,SUP-046,Supplier 046,Brazil,LATAM,PLT-08,Taipei Micro,Taiwan,APAC,Government,Canada,1,1.0,188,188,0,100.0,100.0,0.0
2026-04-01,SUP-046,Supplier 046,Brazil,LATAM,PLT-03,Tokyo Precision,Japan,APAC,SMB,Singapore,1,2.0,63,62,1,98.41,0.0,211.58
2026-04-01,SUP-046,Supplier 046,Brazil,LATAM,PLT-03,Tokyo Precision,Japan,APAC,Enterprise,USA,1,1.0,172,154,18,89.53,0.0,2334.06
2026-04-01,SUP-046,Supplier 046,Brazil,LATAM,PLT-08,Taipei Micro,Taiwan,APAC,Enterprise,USA,1,1.0,153,101,52,66.01,0.0,23978.76
2026-04-01,SUP-046,Supplier 046,Brazil,LATAM,PLT-04,Chennai Forge,India,APAC,SMB,Canada,1,2.0,76,90,0,118.42,100.0,0.0
2026-04-01,SUP-046,Supplier 046,Brazil,LATAM,PLT-01,Munich Center,Germany,EMEA,SMB,UK,1,1.0,120,96,24,80.0,0.0,3050.4
2026-04-01,SUP-047,Supplier 047,South Korea,APAC,PLT-05,Monterrey Plant,Mexico,LATAM,SMB,Australia,1,1.0,39,39,0,100.0,100.0,0.0
2026-04-01,SUP-047,Supplier 047,South Korea,APAC,PLT-07,Seoul Tech,South Korea,APAC,SMB,Japan,1,2.0,101,120,0,118.81,100.0,0.0
2026-04-01,SUP-047,Supplier 047,South Korea,APAC,PLT-08,Taipei Micro,Taiwan,APAC,Enterprise,USA,1,1.0,51,51,0,100.0,100.0,0.0
2026-04-01,SUP-047,Supplier 047,South Korea,APAC,PLT-01,Munich Center,Germany,EMEA,SMB,UK,1,1.0,34,34,0,100.0,100.0,0.0
2026-04-01,SUP-047,Supplier 047,South Korea,APAC,PLT-07,Seoul Tech,South Korea,APAC,SMB,UK,1,1.0,190,190,0,100.0,100.0,0.0
2026-04-01,SUP-047,Supplier 047,South Korea,APAC,PLT-07,Seoul Tech,South Korea,APAC,Government,Japan,1,1.0,128,124,4,96.88,0.0,1355.04
2026-04-01,SUP-048,Supplier 048,Taiwan,APAC,PLT-04,Chennai Forge,India,APAC,Enterprise,Japan,1,1.0,16,16,0,100.0,100.0,0.0
2026-04-01,SUP-048,Supplier 048,Taiwan,APAC,PLT-00,Shanghai Hub,China,APAC,SMB,Germany,1,1.0,1,1,0,100.0,100.0,0.0
2026-04-01,SUP-048,Supplier 048,Taiwan,APAC,PLT-07,Seoul Tech,South Korea,APAC,SMB,Germany,1,1.0,15,15,0,100.0,100.0,0.0
2026-04-01,SUP-048,Supplier 048,Taiwan,APAC,PLT-05,Monterrey Plant,Mexico,LATAM,SMB,Germany,1,1.0,65,65,0,100.0,100.0,0.0
2026-04-01,SUP-048,Supplier 048,Taiwan,APAC,PLT-03,Tokyo Precision,Japan,APAC,SMB,France,1,1.0,87,87,0,100.0,100.0,0.0
2026-04-01,SUP-048,Supplier 048,Taiwan,APAC,PLT-02,Detroit Works,USA,NA,SMB,UK,1,1.0,38,38,0,100.0,100.0,0.0
2026-04-01,SUP-048,Supplier 048,Taiwan,APAC,PLT-05,Monterrey Plant,Mexico,LATAM,SMB,Australia,1,1.0,84,84,0,100.0,100.0,0.0
2026-04-01,SUP-048,Supplier 048,Taiwan,APAC,PLT-03,Tokyo Precision,Japan,APAC,SMB,Canada,1,2.0,47,56,0,119.15,100.0,0.0
2026-04-01,SUP-049,Supplier 049,Vietnam,APAC,PLT-03,Tokyo Precision,Japan,APAC,Government,Canada,1,1.0,21,18,3,85.71,0.0,532.5
2026-04-01,SUP-049,Supplier 049,Vietnam,APAC,PLT-01,Munich Center,Germany,EMEA,SMB,USA,1,1.0,35,35,0,100.0,100.0,0.0
2026-04-01,SUP-049,Supplier 049,Vietnam,APAC,PLT-04,Chennai Forge,India,APAC,SMB,UK,1,1.0,42,42,0,100.0,100.0,0.0
2026-04-01,SUP-049,Supplier 049,Vietnam,APAC,PLT-03,Tokyo Precision,Japan,APAC,Enterprise,USA,1,1.0,108,108,0,100.0,100.0,0.0
2026-05-01,SUP-000,Supplier 000,China,APAC,PLT-05,Monterrey Plant,Mexico,LATAM,SMB,Canada,1,1.0,123,123,0,100.0,100.0,0.0
2026-05-01,SUP-000,Supplier 000,China,APAC,PLT-04,Chennai Forge,India,APAC,SMB,Singapore,1,2.0,66,74,0,112.12,100.0,0.0
2026-05-01,SUP-000,Supplier 000,China,APAC,PLT-00,Shanghai Hub,China,APAC,SMB,Australia,1,1.0,68,59,9,86.76,0.0,1978.38
2026-05-01,SUP-000,Supplier 000,China,APAC,PLT-07,Seoul Tech,South Korea,APAC,Government,Australia,1,1.0,32,19,13,59.38,0.0,686.79
2026-05-01,SUP-000,Supplier 000,China,APAC,PLT-09,Hanoi Assembly,Vietnam,APAC,Government,Germany,1,1.0,19,19,0,100.0,100.0,0.0
2026-05-01,SUP-001,Supplier 001,Germany,EMEA,PLT-00,Shanghai Hub,China,APAC,SMB,Australia,1,1.0,214,214,0,100.0,100.0,0.0
2026-05-01,SUP-001,Supplier 001,Germany,EMEA,PLT-07,Seoul Tech,South Korea,APAC,Government,USA,1,1.0,164,164,0,100.0,100.0,0.0
2026-05-01,SUP-001,Supplier 001,Germany,EMEA,PLT-07,Seoul Tech,South Korea,APAC,Government,Germany,1,1.0,139,139,0,100.0,100.0,0.0
2026-05-01,SUP-001,Supplier 001,Germany,EMEA,PLT-02,Detroit Works,USA,NA,Government,USA,1,1.0,74,74,0,100.0,100.0,0.0
2026-05-01,SUP-001,Supplier 001,Germany,EMEA,PLT-08,Taipei Micro,Taiwan,APAC,SMB,Australia,1,1.0,2,2,0,100.0,100.0,0.0
2026-05-01,SUP-001,Supplier 001,Germany,EMEA,PLT-05,Monterrey Plant,Mexico,LATAM,Enterprise,Germany,1,1.0,127,111,16,87.4,0.0,2930.24
2026-05-01,SUP-002,Supplier 002,USA,NA,PLT-07,Seoul Tech,South Korea,APAC,SMB,Germany,1,2.0,157,154,3,98.09,0.0,829.14
2026-05-01,SUP-002,Supplier 002,USA,NA,PLT-04,Chennai Forge,India,APAC,Government,Singapore,1,1.0,15,8,7,53.33,0.0,1785.07
2026-05-01,SUP-002,Supplier 002,USA,NA,PLT-02,Detroit Works,USA,NA,Government,USA,1,1.0,9,9,0,100.0,100.0,0.0
2026-05-01,SUP-002,Supplier 002,USA,NA,PLT-05,Monterrey Plant,Mexico,LATAM,SMB,Germany,1,1.0,132,74,58,56.06,0.0,2835.62
2026-05-01,SUP-002,Supplier 002,USA,NA,PLT-02,Detroit Works,USA,NA,SMB,UK,1,1.0,16,16,0,100.0,100.0,0.0
2026-05-01,SUP-002,Supplier 002,USA,NA,PLT-02,Detroit Works,USA,NA,SMB,Australia,1,1.0,32,24,8,75.0,0.0,864.48
2026-05-01,SUP-002,Supplier 002,USA,NA,PLT-09,Hanoi Assembly,Vietnam,APAC,Government,Japan,1,1.0,157,157,0,100.0,100.0,0.0
2026-05-01,SUP-002,Supplier 002,USA,NA,PLT-09,Hanoi Assembly,Vietnam,APAC,Enterprise,Singapore,1,2.0,112,141,0,125.89,100.0,0.0
2026-05-01,SUP-002,Supplier 002,USA,NA,PLT-06,Sao Paulo Ops,Brazil,LATAM,SMB,UK,1,1.0,33,33,0,100.0,100.0,0.0
2026-05-01,SUP-002,Supplier 002,USA,NA,PLT-09,Hanoi Assembly,Vietnam,APAC,Government,Singapore,1,1.0,202,168,34,83.17,0.0,16550.52
2026-05-01,SUP-003,Supplier 003,Japan,APAC,PLT-02,Detroit Works,USA,NA,Enterprise,France,1,1.0,59,51,8,86.44,0.0,1515.76
2026-05-01,SUP-003,Supplier 003,Japan,APAC,PLT-09,Hanoi Assembly,Vietnam,APAC,SMB,Singapore,1,2.0,95,113,0,118.95,100.0,0.0
2026-05-01,SUP-003,Supplier 003,Japan,APAC,PLT-04,Chennai Forge,India,APAC,SMB,Canada,1,1.0,145,145,0,100.0,100.0,0.0
2026-05-01,SUP-003,Supplier 003,Japan,APAC,PLT-02,Detroit Works,USA,NA,Enterprise,Germany,1,1.0,16,16,0,100.0,100.0,0.0
2026-05-01,SUP-003,Supplier 003,Japan,APAC,PLT-06,Sao Paulo Ops,Brazil,LATAM,Government,Germany,1,1.0,27,23,4,85.19,0.0,315.72
2026-05-01,SUP-003,Supplier 003,Japan,APAC,PLT-08,Taipei Micro,Taiwan,APAC,Government,Australia,1,1.0,99,99,0,100.0,100.0,0.0
2026-05-01,SUP-003,Supplier 003,Japan,APAC,PLT-05,Monterrey Plant,Mexico,LATAM,SMB,Germany,1,2.0,14,17,0,121.43,100.0,0.0
2026-05-01,SUP-003,Supplier 003,Japan,APAC,PLT-01,Munich Center,Germany,EMEA,Enterprise,Japan,1,1.0,46,46,0,100.0,100.0,0.0
2026-05-01,SUP-003,Supplier 003,Japan,APAC,PLT-08,Taipei Micro,Taiwan,APAC,SMB,Australia,1,1.0,40,27,13,67.5,0.0,1883.05
2026-05-01,SUP-003,Supplier 003,Japan,APAC,PLT-04,Chennai Forge,India,APAC,Enterprise,France,1,2.0,33,28,5,84.85,0.0,701.2
2026-05-01,SUP-003,Supplier 003,Japan,APAC,PLT-08,Taipei Micro,Taiwan,APAC,SMB,UK,1,1.0,65,65,0,100.0,100.0,0.0
2026-05-01,SUP-004,Supplier 004,India,APAC,PLT-08,Taipei Micro,Taiwan,APAC,Government,Australia,1,2.0,1,2,0,200.0,100.0,0.0
2026-05-01,SUP-004,Supplier 004,India,APAC,PLT-02,Detroit Works,USA,NA,Government,Germany,1,2.0,81,94,0,116.05,100.0,0.0
2026-05-01,SUP-004,Supplier 004,India,APAC,PLT-03,Tokyo Precision,Japan,APAC,Government,France,1,1.0,219,219,0,100.0,100.0,0.0
2026-05-01,SUP-004,Supplier 004,India,APAC,PLT-04,Chennai Forge,India,APAC,SMB,France,1,1.0,28,19,9,67.86,0.0,1111.41
2026-05-01,SUP-004,Supplier 004,India,APAC,PLT-03,Tokyo Precision,Japan,APAC,SMB,Australia,1,1.0,101,71,30,70.3,0.0,548.7
2026-05-01,SUP-005,Supplier 005,Mexico,LATAM,PLT-06,Sao Paulo Ops,Brazil,LATAM,Government,Germany,1,1.0,117,117,0,100.0,100.0,0.0
2026-05-01,SUP-005,Supplier 005,Mexico,LATAM,PLT-01,Munich Center,Germany,EMEA,Government,Germany,1,1.0,84,82,2,97.62,0.0,760.64
2026-05-01,SUP-005,Supplier 005,Mexico,LATAM,PLT-01,Munich Center,Germany,EMEA,Government,Australia,1,1.0,72,72,0,100.0,100.0,0.0
2026-05-01,SUP-005,Supplier 005,Mexico,LATAM,PLT-01,Munich Center,Germany,EMEA,Enterprise,Germany,1,1.0,12,12,0,100.0,100.0,0.0
2026-05-01,SUP-005,Supplier 005,Mexico,LATAM,PLT-02,Detroit Works,USA,NA,SMB,Germany,1,2.0,120,89,31,74.17,0.0,4767.18
2026-05-01,SUP-005,Supplier 005,Mexico,LATAM,PLT-04,Chennai Forge,India,APAC,SMB,France,1,1.0,127,94,33,74.02,0.0,3913.14
2026-05-01,SUP-006,Supplier 006,Brazil,LATAM,PLT-02,Detroit Works,USA,NA,SMB,USA,1,2.0,154,197,0,127.92,100.0,0.0
2026-05-01,SUP-006,Supplier 006,Brazil,LATAM,PLT-01,Munich Center,Germany,EMEA,SMB,Singapore,1,2.0,64,73,0,114.06,100.0,0.0
2026-05-01,SUP-006,Supplier 006,Brazil,LATAM,PLT-08,Taipei Micro,Taiwan,APAC,Enterprise,USA,1,1.0,23,23,0,100.0,100.0,0.0
2026-05-01,SUP-006,Supplier 006,Brazil,LATAM,PLT-08,Taipei Micro,Taiwan,APAC,Government,Germany,1,1.0,225,186,39,82.67,0.0,578.76
2026-05-01,SUP-006,Supplier 006,Brazil,LATAM,PLT-04,Chennai Forge,India,APAC,Government,Germany,1,1.0,19,17,2,89.47,0.0,561.1
2026-05-01,SUP-006,Supplier 006,Brazil,LATAM,PLT-09,Hanoi Assembly,Vietnam,APAC,Enterprise,USA,1,1.0,60,45,15,75.0,0.0,4079.4
2026-05-01,SUP-006,Supplier 006,Brazil,LATAM,PLT-00,Shanghai Hub,China,APAC,Enterprise,USA,1,1.0,197,197,0,100.0,100.0,0.0
2026-05-01,SUP-007,Supplier 007,South Korea,APAC,PLT-09,Hanoi Assembly,Vietnam,APAC,Enterprise,Japan,1,1.0,52,52,0,100.0,100.0,0.0
2026-05-01,SUP-007,Supplier 007,South Korea,APAC,PLT-04,Chennai Forge,India,APAC,Enterprise,Germany,1,2.0,154,183,0,118.83,100.0,0.0
2026-05-01,SUP-007,Supplier 007,South Korea,APAC,PLT-00,Shanghai Hub,China,APAC,Enterprise,Japan,1,2.0,115,138,0,120.0,100.0,0.0
2026-05-01,SUP-007,Supplier 007,South Korea,APAC,PLT-05,Monterrey Plant,Mexico,LATAM,SMB,Japan,1,2.0,41,49,0,119.51,100.0,0.0
2026-05-01,SUP-007,Supplier 007,South Korea,APAC,PLT-04,Chennai Forge,India,APAC,SMB,Singapore,1,1.0,187,187,0,100.0,100.0,0.0
2026-05-01,SUP-007,Supplier 007,South Korea,APAC,PLT-00,Shanghai Hub,China,APAC,SMB,Australia,1,1.0,89,89,0,100.0,100.0,0.0
2026-05-01,SUP-007,Supplier 007,South Korea,APAC,PLT-01,Munich Center,Germany,EMEA,Enterprise,USA,1,1.0,100,100,0,100.0,100.0,0.0
2026-05-01,SUP-007,Supplier 007,South Korea,APAC,PLT-05,Monterrey Plant,Mexico,LATAM,SMB,Singapore,1,1.0,132,132,0,100.0,100.0,0.0
2026-05-01,SUP-008,Supplier 008,Taiwan,APAC,PLT-06,Sao Paulo Ops,Brazil,LATAM,Enterprise,Japan,1,1.0,81,57,24,70.37,0.0,1997.52
2026-05-01,SUP-008,Supplier 008,Taiwan,APAC,PLT-04,Chennai Forge,India,APAC,SMB,France,1,1.0,99,99,0,100.0,100.0,0.0
2026-05-01,SUP-008,Supplier 008,Taiwan,APAC,PLT-00,Shanghai Hub,China,APAC,SMB,Australia,1,2.0,92,111,0,120.65,100.0,0.0
2026-05-01,SUP-008,Supplier 008,Taiwan,APAC,PLT-08,Taipei Micro,Taiwan,APAC,SMB,Singapore,1,1.0,88,88,0,100.0,100.0,0.0
2026-05-01,SUP-008,Supplier 008,Taiwan,APAC,PLT-05,Monterrey Plant,Mexico,LATAM,SMB,UK,1,1.0,54,54,0,100.0,100.0,0.0
2026-05-01,SUP-008,Supplier 008,Taiwan,APAC,PLT-01,Munich Center,Germany,EMEA,SMB,Singapore,1,2.0,145,183,0,126.21,100.0,0.0
2026-05-01,SUP-009,Supplier 009,Vietnam,APAC,PLT-05,Monterrey Plant,Mexico,LATAM,SMB,UK,1,2.0,95,121,0,127.37,100.0,0.0
2026-05-01,SUP-009,Supplier 009,Vietnam,APAC,PLT-09,Hanoi Assembly,Vietnam,APAC,Enterprise,Japan,1,1.0,73,73,0,100.0,100.0,0.0
2026-05-01,SUP-009,Supplier 009,Vietnam,APAC,PLT-05,Monterrey Plant,Mexico,LATAM,SMB,France,1,1.0,73,73,0,100.0,100.0,0.0
2026-05-01,SUP-009,Supplier 009,Vietnam,APAC,PLT-05,Monterrey Plant,Mexico,LATAM,SMB,Japan,1,1.0,43,43,0,100.0,100.0,0.0
2026-05-01,SUP-009,Supplier 009,Vietnam,APAC,PLT-04,Chennai Forge,India,APAC,SMB,France,1,1.0,100,100,0,100.0,100.0,0.0
2026-05-01,SUP-009,Supplier 009,Vietnam,APAC,PLT-01,Munich Center,Germany,EMEA,SMB,Australia,1,1.0,59,50,9,84.75,0.0,3974.49
2026-05-01,SUP-009,Supplier 009,Vietnam,APAC,PLT-01,Munich Center,Germany,EMEA,Enterprise,USA,1,1.0,24,24,0,100.0,100.0,0.0
2026-05-01,SUP-009,Supplier 009,Vietnam,APAC,PLT-01,Munich Center,Germany,EMEA,Enterprise,Canada,1,1.0,27,17,10,62.96,0.0,3327.7
2026-05-01,SUP-009,Supplier 009,Vietnam,APAC,PLT-08,Taipei Micro,Taiwan,APAC,SMB,Japan,1,2.0,55,58,0,105.45,100.0,0.0
2026-05-01,SUP-009,Supplier 009,Vietnam,APAC,PLT-06,Sao Paulo Ops,Brazil,LATAM,SMB,UK,1,1.0,22,22,0,100.0,100.0,0.0
2026-05-01,SUP-010,Supplier 010,China,APAC,PLT-00,Shanghai Hub,China,APAC,Government,Australia,1,1.0,73,73,0,100.0,100.0,0.0
2026-05-01,SUP-010,Supplier 010,China,APAC,PLT-06,Sao Paulo Ops,Brazil,LATAM,Enterprise,France,2,2.0,136,136,0,100.0,100.0,0.0
2026-05-01,SUP-010,Supplier 010,China,APAC,PLT-03,Tokyo Precision,Japan,APAC,Government,USA,1,1.0,21,21,0,100.0,100.0,0.0
2026-05-01,SUP-010,Supplier 010,China,APAC,PLT-03,Tokyo Precision,Japan,APAC,Enterprise,Australia,1,1.0,107,107,0,100.0,100.0,0.0
2026-05-01,SUP-010,Supplier 010,China,APAC,PLT-09,Hanoi Assembly,Vietnam,APAC,SMB,UK,1,1.0,140,121,19,86.43,0.0,8567.29
2026-05-01,SUP-010,Supplier 010,China,APAC,PLT-04,Chennai Forge,India,APAC,Enterprise,Germany,1,1.0,8,8,0,100.0,100.0,0.0
2026-05-01,SUP-010,Supplier 010,China,APAC,PLT-00,Shanghai Hub,China,APAC,SMB,Germany,1,1.0,56,45,11,80.36,0.0,2143.9
2026-05-01,SUP-010,Supplier 010,China,APAC,PLT-04,Chennai Forge,India,APAC,SMB,Singapore,1,1.0,59,59,0,100.0,100.0,0.0
2026-05-01,SUP-011,Supplier 011,Germany,EMEA,PLT-05,Monterrey Plant,Mexico,LATAM,Enterprise,France,1,1.0,152,128,24,84.21,0.0,8009.04
2026-05-01,SUP-011,Supplier 011,Germany,EMEA,PLT-07,Seoul Tech,South Korea,APAC,SMB,USA,1,1.0,124,124,0,100.0,100.0,0.0
2026-05-01,SUP-011,Supplier 011,Germany,EMEA,PLT-07,Seoul Tech,South Korea,APAC,SMB,Australia,1,1.0,161,161,0,100.0,100.0,0.0
2026-05-01,SUP-011,Supplier 011,Germany,EMEA,PLT-03,Tokyo Precision,Japan,APAC,SMB,USA,1,1.0,109,105,4,96.33,0.0,1337.88
2026-05-01,SUP-011,Supplier 011,Germany,EMEA,PLT-00,Shanghai Hub,China,APAC,Government,USA,1,2.0,120,152,0,126.67,100.0,0.0
2026-05-01,SUP-011,Supplier 011,Germany,EMEA,PLT-05,Monterrey Plant,Mexico,LATAM,SMB,Germany,1,1.0,165,93,72,56.36,0.0,27427.68
2026-05-01,SUP-011,Supplier 011,Germany,EMEA,PLT-03,Tokyo Precision,Japan,APAC,SMB,France,2,2.0,28,28,0,100.0,100.0,0.0
2026-05-01,SUP-012,Supplier 012,USA,NA,PLT-09,Hanoi Assembly,Vietnam,APAC,SMB,Canada,1,1.0,117,117,0,100.0,100.0,0.0
2026-05-01,SUP-012,Supplier 012,USA,NA,PLT-02,Detroit Works,USA,NA,Enterprise,Japan,1,1.0,166,166,0,100.0,100.0,0.0
2026-05-01,SUP-012,Supplier 012,USA,NA,PLT-08,Taipei Micro,Taiwan,APAC,SMB,Japan,1,1.0,79,79,0,100.0,100.0,0.0
2026-05-01,SUP-012,Supplier 012,USA,NA,PLT-02,Detroit Works,USA,NA,Government,Singapore,1,1.0,43,32,11,74.42,0.0,5457.54
2026-05-01,SUP-012,Supplier 012,USA,NA,PLT-03,Tokyo Precision,Japan,APAC,Enterprise,Canada,1,1.0,24,24,0,100.0,100.0,0.0
2026-05-01,SUP-012,Supplier 012,USA,NA,PLT-06,Sao Paulo Ops,Brazil,LATAM,SMB,Canada,1,1.0,110,110,0,100.0,100.0,0.0
2026-05-01,SUP-012,Supplier 012,USA,NA,PLT-09,Hanoi Assembly,Vietnam,APAC,SMB,UK,1,1.0,29,24,5,82.76,0.0,306.65
2026-05-01,SUP-012,Supplier 012,USA,NA,PLT-08,Taipei Micro,Taiwan,APAC,SMB,Germany,1,1.0,140,140,0,100.0,100.0,0.0
2026-05-01,SUP-013,Supplier 013,Japan,APAC,PLT-01,Munich Center,Germany,EMEA,Enterprise,Canada,1,1.0,77,65,12,84.42,0.0,4514.16
2026-05-01,SUP-013,Supplier 013,Japan,APAC,PLT-03,Tokyo Precision,Japan,APAC,Government,Singapore,1,1.0,143,131,12,91.61,0.0,1757.88
2026-05-01,SUP-013,Supplier 013,Japan,APAC,PLT-05,Monterrey Plant,Mexico,LATAM,SMB,Singapore,1,2.0,52,60,0,115.38,100.0,0.0
2026-05-01,SUP-013,Supplier 013,Japan,APAC,PLT-06,Sao Paulo Ops,Brazil,LATAM,Enterprise,USA,1,1.0,98,76,22,77.55,0.0,1863.84
2026-05-01,SUP-013,Supplier 013,Japan,APAC,PLT-06,Sao Paulo Ops,Brazil,LATAM,SMB,Germany,1,1.0,68,35,33,51.47,0.0,9022.2
2026-05-01,SUP-013,Supplier 013,Japan,APAC,PLT-03,Tokyo Precision,Japan,APAC,SMB,UK,1,1.0,91,91,0,100.0,100.0,0.0
2026-05-01,SUP-013,Supplier 013,Japan,APAC,PLT-00,Shanghai Hub,China,APAC,Enterprise,France,1,1.0,60,60,0,100.0,100.0,0.0
2026-05-01,SUP-013,Supplier 013,Japan,APAC,PLT-08,Taipei Micro,Taiwan,APAC,Government,France,1,1.0,14,13,1,92.86,0.0,320.02
2026-05-01,SUP-014,Supplier 014,India,APAC,PLT-03,Tokyo Precision,Japan,APAC,Enterprise,France,1,1.0,67,54,13,80.6,0.0,1013.35
2026-05-01,SUP-014,Supplier 014,India,APAC,PLT-02,Detroit Works,USA,NA,Government,USA,1,1.0,1,1,0,100.0,100.0,0.0
2026-05-01,SUP-014,Supplier 014,India,APAC,PLT-06,Sao Paulo Ops,Brazil,LATAM,SMB,Singapore,1,1.0,80,80,0,100.0,100.0,0.0
2026-05-01,SUP-014,Supplier 014,India,APAC,PLT-03,Tokyo Precision,Japan,APAC,Enterprise,Canada,1,1.0,13,12,1,92.31,0.0,40.44
2026-05-01,SUP-014,Supplier 014,India,APAC,PLT-05,Monterrey Plant,Mexico,LATAM,SMB,France,1,2.0,24,23,1,95.83,0.0,34.45
2026-05-01,SUP-015,Supplier 015,Mexico,LATAM,PLT-06,Sao Paulo Ops,Brazil,LATAM,Enterprise,Australia,1,1.0,154,154,0,100.0,100.0,0.0
2026-05-01,SUP-016,Supplier 016,Brazil,LATAM,PLT-08,Taipei Micro,Taiwan,APAC,Enterprise,UK,1,1.0,210,210,0,100.0,100.0,0.0
2026-05-01,SUP-016,Supplier 016,Brazil,LATAM,PLT-00,Shanghai Hub,China,APAC,SMB,Canada,1,1.0,34,20,14,58.82,0.0,3758.3
2026-05-01,SUP-016,Supplier 016,Brazil,LATAM,PLT-00,Shanghai Hub,China,APAC,Enterprise,France,1,1.0,19,19,0,100.0,100.0,0.0
2026-05-01,SUP-016,Supplier 016,Brazil,LATAM,PLT-02,Detroit Works,USA,NA,Government,UK,1,1.0,163,160,3,98.16,0.0,142.02
2026-05-01,SUP-016,Supplier 016,Brazil,LATAM,PLT-09,Hanoi Assembly,Vietnam,APAC,Government,Japan,1,1.0,25,13,12,52.0,0.0,1914.12
2026-05-01,SUP-016,Supplier 016,Brazil,LATAM,PLT-05,Monterrey Plant,Mexico,LATAM,SMB,Germany,2,2.0,184,184,0,100.0,100.0,0.0
2026-05-01,SUP-016,Supplier 016,Brazil,LATAM,PLT-06,Sao Paulo Ops,Brazil,LATAM,SMB,Australia,1,1.0,64,64,0,100.0,100.0,0.0
2026-05-01,SUP-016,Supplier 016,Brazil,LATAM,PLT-07,Seoul Tech,South Korea,APAC,SMB,UK,1,1.0,37,37,0,100.0,100.0,0.0
2026-05-01,SUP-017,Supplier 017,South Korea,APAC,PLT-01,Munich Center,Germany,EMEA,SMB,Singapore,1,1.0,74,74,0,100.0,100.0,0.0
2026-05-01,SUP-017,Supplier 017,South Korea,APAC,PLT-06,Sao Paulo Ops,Brazil,LATAM,SMB,Singapore,1,1.0,53,53,0,100.0,100.0,0.0
2026-05-01,SUP-017,Supplier 017,South Korea,APAC,PLT-00,Shanghai Hub,China,APAC,SMB,Germany,1,1.0,102,102,0,100.0,100.0,0.0
2026-05-01,SUP-017,Supplier 017,South Korea,APAC,PLT-05,Monterrey Plant,Mexico,LATAM,SMB,Canada,1,1.0,108,108,0,100.0,100.0,0.0
2026-05-01,SUP-017,Supplier 017,South Korea,APAC,PLT-05,Monterrey Plant,Mexico,LATAM,SMB,USA,2,2.0,145,144,1,99.31,50.0,236.86
2026-05-01,SUP-018,Supplier 018,Taiwan,APAC,PLT-08,Taipei Micro,Taiwan,APAC,Government,USA,1,1.0,68,68,0,100.0,100.0,0.0
2026-05-01,SUP-018,Supplier 018,Taiwan,APAC,PLT-08,Taipei Micro,Taiwan,APAC,Enterprise,Canada,1,1.0,80,80,0,100.0,100.0,0.0
2026-05-01,SUP-018,Supplier 018,Taiwan,APAC,PLT-00,Shanghai Hub,China,APAC,Government,Germany,1,1.0,54,50,4,92.59,0.0,1049.4
2026-05-01,SUP-018,Supplier 018,Taiwan,APAC,PLT-01,Munich Center,Germany,EMEA,SMB,Singapore,1,1.0,54,54,0,100.0,100.0,0.0
2026-05-01,SUP-018,Supplier 018,Taiwan,APAC,PLT-07,Seoul Tech,South Korea,APAC,Enterprise,Germany,1,1.0,7,7,0,100.0,100.0,0.0
2026-05-01,SUP-018,Supplier 018,Taiwan,APAC,PLT-00,Shanghai Hub,China,APAC,Enterprise,France,1,1.0,11,11,0,100.0,100.0,0.0
2026-05-01,SUP-018,Supplier 018,Taiwan,APAC,PLT-05,Monterrey Plant,Mexico,LATAM,SMB,France,1,1.0,24,23,1,95.83,0.0,348.56
2026-05-01,SUP-018,Supplier 018,Taiwan,APAC,PLT-07,Seoul Tech,South Korea,APAC,Government,Germany,1,2.0,88,100,0,113.64,100.0,0.0
2026-05-01,SUP-018,Supplier 018,Taiwan,APAC,PLT-04,Chennai Forge,India,APAC,Enterprise,USA,1,1.0,22,20,2,90.91,0.0,55.8
2026-05-01,SUP-019,Supplier 019,Vietnam,APAC,PLT-02,Detroit Works,USA,NA,SMB,USA,1,2.0,144,177,0,122.92,100.0,0.0
2026-05-01,SUP-019,Supplier 019,Vietnam,APAC,PLT-04,Chennai Forge,India,APAC,SMB,Australia,1,1.0,43,43,0,100.0,100.0,0.0
2026-05-01,SUP-020,Supplier 020,China,APAC,PLT-09,Hanoi Assembly,Vietnam,APAC,Government,Germany,1,1.0,119,85,34,71.43,0.0,16277.5
2026-05-01,SUP-020,Supplier 020,China,APAC,PLT-08,Taipei Micro,Taiwan,APAC,SMB,France,1,1.0,16,16,0,100.0,100.0,0.0
2026-05-01,SUP-020,Supplier 020,China,APAC,PLT-09,Hanoi Assembly,Vietnam,APAC,SMB,Australia,2,4.0,257,289,0,112.45,100.0,0.0
2026-05-01,SUP-020,Supplier 020,China,APAC,PLT-01,Munich Center,Germany,EMEA,SMB,Australia,1,1.0,52,52,0,100.0,100.0,0.0
2026-05-01,SUP-020,Supplier 020,China,APAC,PLT-03,Tokyo Precision,Japan,APAC,SMB,Germany,1,1.0,159,147,12,92.45,0.0,1866.72
2026-05-01,SUP-020,Supplier 020,China,APAC,PLT-09,Hanoi Assembly,Vietnam,APAC,Government,Singapore,1,1.0,31,26,5,83.87,0.0,1608.85
2026-05-01,SUP-020,Supplier 020,China,APAC,PLT-09,Hanoi Assembly,Vietnam,APAC,Enterprise,Canada,1,1.0,6,6,0,100.0,100.0,0.0
2026-05-01,SUP-020,Supplier 020,China,APAC,PLT-03,Tokyo Precision,Japan,APAC,Government,Canada,1,1.0,9,9,0,100.0,100.0,0.0
2026-05-01,SUP-021,Supplier 021,Germany,EMEA,PLT-04,Chennai Forge,India,APAC,Enterprise,Japan,1,1.0,135,135,0,100.0,100.0,0.0
2026-05-01,SUP-021,Supplier 021,Germany,EMEA,PLT-09,Hanoi Assembly,Vietnam,APAC,Government,Canada,1,1.0,92,92,0,100.0,100.0,0.0
2026-05-01,SUP-021,Supplier 021,Germany,EMEA,PLT-00,Shanghai Hub,China,APAC,SMB,Germany,1,1.0,142,142,0,100.0,100.0,0.0
2026-05-01,SUP-021,Supplier 021,Germany,EMEA,PLT-02,Detroit Works,USA,NA,SMB,UK,1,1.0,74,74,0,100.0,100.0,0.0
2026-05-01,SUP-021,Supplier 021,Germany,EMEA,PLT-01,Munich Center,Germany,EMEA,Enterprise,USA,1,1.0,70,70,0,100.0,100.0,0.0
2026-05-01,SUP-022,Supplier 022,USA,NA,PLT-07,Seoul Tech,South Korea,APAC,SMB,Singapore,1,2.0,52,65,0,125.0,100.0,0.0
2026-05-01,SUP-022,Supplier 022,USA,NA,PLT-00,Shanghai Hub,China,APAC,SMB,Singapore,1,1.0,60,53,7,88.33,0.0,2793.21
2026-05-01,SUP-022,Supplier 022,USA,NA,PLT-05,Monterrey Plant,Mexico,LATAM,Government,Australia,1,2.0,121,148,0,122.31,100.0,0.0
2026-05-01,SUP-022,Supplier 022,USA,NA,PLT-03,Tokyo Precision,Japan,APAC,Government,Germany,1,1.0,14,14,0,100.0,100.0,0.0
2026-05-01,SUP-022,Supplier 022,USA,NA,PLT-00,Shanghai Hub,China,APAC,Enterprise,USA,2,2.0,215,215,0,100.0,100.0,0.0
2026-05-01,SUP-024,Supplier 024,India,APAC,PLT-06,Sao Paulo Ops,Brazil,LATAM,Enterprise,Germany,1,2.0,112,129,0,115.18,100.0,0.0
2026-05-01,SUP-024,Supplier 024,India,APAC,PLT-03,Tokyo Precision,Japan,APAC,Government,UK,1,1.0,150,150,0,100.0,100.0,0.0
2026-05-01,SUP-024,Supplier 024,India,APAC,PLT-05,Monterrey Plant,Mexico,LATAM,Enterprise,USA,1,1.0,38,38,0,100.0,100.0,0.0
2026-05-01,SUP-024,Supplier 024,India,APAC,PLT-08,Taipei Micro,Taiwan,APAC,SMB,USA,1,2.0,41,51,0,124.39,100.0,0.0
2026-05-01,SUP-024,Supplier 024,India,APAC,PLT-02,Detroit Works,USA,NA,Enterprise,UK,1,1.0,28,28,0,100.0,100.0,0.0
2026-05-01,SUP-024,Supplier 024,India,APAC,PLT-03,Tokyo Precision,Japan,APAC,SMB,Australia,1,1.0,124,124,0,100.0,100.0,0.0
2026-05-01,SUP-024,Supplier 024,India,APAC,PLT-00,Shanghai Hub,China,APAC,Government,USA,1,1.0,29,21,8,72.41,0.0,3049.92
2026-05-01,SUP-024,Supplier 024,India,APAC,PLT-06,Sao Paulo Ops,Brazil,LATAM,Government,Germany,1,1.0,57,40,17,70.18,0.0,6595.15
2026-05-01,SUP-025,Supplier 025,Mexico,LATAM,PLT-03,Tokyo Precision,Japan,APAC,Enterprise,UK,1,1.0,3,3,0,100.0,100.0,0.0
2026-05-01,SUP-025,Supplier 025,Mexico,LATAM,PLT-08,Taipei Micro,Taiwan,APAC,Enterprise,Japan,1,1.0,1,1,0,100.0,100.0,0.0
2026-05-01,SUP-025,Supplier 025,Mexico,LATAM,PLT-02,Detroit Works,USA,NA,Government,Germany,1,1.0,25,25,0,100.0,100.0,0.0
2026-05-01,SUP-025,Supplier 025,Mexico,LATAM,PLT-01,Munich Center,Germany,EMEA,Enterprise,USA,1,2.0,95,117,0,123.16,100.0,0.0
2026-05-01,SUP-025,Supplier 025,Mexico,LATAM,PLT-08,Taipei Micro,Taiwan,APAC,SMB,Japan,1,2.0,267,251,16,94.01,0.0,4866.88
2026-05-01,SUP-025,Supplier 025,Mexico,LATAM,PLT-04,Chennai Forge,India,APAC,Government,Germany,1,1.0,8,8,0,100.0,100.0,0.0
2026-05-01,SUP-025,Supplier 025,Mexico,LATAM,PLT-01,Munich Center,Germany,EMEA,SMB,Singapore,1,1.0,170,170,0,100.0,100.0,0.0
2026-05-01,SUP-025,Supplier 025,Mexico,LATAM,PLT-08,Taipei Micro,Taiwan,APAC,Government,Singapore,1,2.0,56,62,0,110.71,100.0,0.0
2026-05-01,SUP-025,Supplier 025,Mexico,LATAM,PLT-08,Taipei Micro,Taiwan,APAC,Government,USA,1,1.0,4,3,1,75.0,0.0,27.35
2026-05-01,SUP-025,Supplier 025,Mexico,LATAM,PLT-07,Seoul Tech,South Korea,APAC,SMB,USA,1,1.0,43,43,0,100.0,100.0,0.0
2026-05-01,SUP-025,Supplier 025,Mexico,LATAM,PLT-07,Seoul Tech,South Korea,APAC,SMB,Australia,1,2.0,35,44,0,125.71,100.0,0.0
2026-05-01,SUP-026,Supplier 026,Brazil,LATAM,PLT-04,Chennai Forge,India,APAC,Enterprise,USA,1,1.0,21,21,0,100.0,100.0,0.0
2026-05-01,SUP-026,Supplier 026,Brazil,LATAM,PLT-08,Taipei Micro,Taiwan,APAC,SMB,Australia,1,1.0,21,13,8,61.9,0.0,278.64
2026-05-01,SUP-026,Supplier 026,Brazil,LATAM,PLT-09,Hanoi Assembly,Vietnam,APAC,SMB,Canada,1,1.0,111,111,0,100.0,100.0,0.0
2026-05-01,SUP-026,Supplier 026,Brazil,LATAM,PLT-01,Munich Center,Germany,EMEA,Enterprise,Germany,1,1.0,29,29,0,100.0,100.0,0.0
2026-05-01,SUP-026,Supplier 026,Brazil,LATAM,PLT-05,Monterrey Plant,Mexico,LATAM,Enterprise,France,1,2.0,75,89,0,118.67,100.0,0.0
2026-05-01,SUP-026,Supplier 026,Brazil,LATAM,PLT-06,Sao Paulo Ops,Brazil,LATAM,Government,Germany,1,1.0,49,49,0,100.0,100.0,0.0
2026-05-01,SUP-026,Supplier 026,Brazil,LATAM,PLT-09,Hanoi Assembly,Vietnam,APAC,Enterprise,USA,1,2.0,57,71,0,124.56,100.0,0.0
2026-05-01,SUP-026,Supplier 026,Brazil,LATAM,PLT-08,Taipei Micro,Taiwan,APAC,SMB,UK,1,1.0,39,39,0,100.0,100.0,0.0
2026-05-01,SUP-027,Supplier 027,South Korea,APAC,PLT-02,Detroit Works,USA,NA,Enterprise,Canada,1,1.0,64,64,0,100.0,100.0,0.0
2026-05-01,SUP-027,Supplier 027,South Korea,APAC,PLT-07,Seoul Tech,South Korea,APAC,Government,Germany,1,2.0,188,236,0,125.53,100.0,0.0
2026-05-01,SUP-028,Supplier 028,Taiwan,APAC,PLT-02,Detroit Works,USA,NA,Enterprise,USA,1,1.0,53,53,0,100.0,100.0,0.0
2026-05-01,SUP-028,Supplier 028,Taiwan,APAC,PLT-06,Sao Paulo Ops,Brazil,LATAM,Enterprise,USA,1,1.0,165,142,23,86.06,0.0,5644.66
2026-05-01,SUP-028,Supplier 028,Taiwan,APAC,PLT-06,Sao Paulo Ops,Brazil,LATAM,SMB,Australia,1,1.0,25,21,4,84.0,0.0,1905.52
2026-05-01,SUP-028,Supplier 028,Taiwan,APAC,PLT-00,Shanghai Hub,China,APAC,SMB,UK,1,2.0,148,173,0,116.89,100.0,0.0
2026-05-01,SUP-029,Supplier 029,Vietnam,APAC,PLT-02,Detroit Works,USA,NA,SMB,UK,1,1.0,46,45,1,97.83,0.0,256.29
2026-05-01,SUP-029,Supplier 029,Vietnam,APAC,PLT-02,Detroit Works,USA,NA,Enterprise,Germany,1,1.0,48,47,1,97.92,0.0,488.78
2026-05-01,SUP-029,Supplier 029,Vietnam,APAC,PLT-03,Tokyo Precision,Japan,APAC,SMB,Germany,1,1.0,261,261,0,100.0,100.0,0.0
2026-05-01,SUP-030,Supplier 030,China,APAC,PLT-08,Taipei Micro,Taiwan,APAC,Enterprise,France,1,1.0,109,109,0,100.0,100.0,0.0
2026-05-01,SUP-030,Supplier 030,China,APAC,PLT-03,Tokyo Precision,Japan,APAC,SMB,France,1,1.0,34,34,0,100.0,100.0,0.0
2026-05-01,SUP-030,Supplier 030,China,APAC,PLT-01,Munich Center,Germany,EMEA,Enterprise,Australia,1,1.0,88,88,0,100.0,100.0,0.0
2026-05-01,SUP-030,Supplier 030,China,APAC,PLT-03,Tokyo Precision,Japan,APAC,SMB,Singapore,1,1.0,89,89,0,100.0,100.0,0.0
2026-05-01,SUP-030,Supplier 030,China,APAC,PLT-08,Taipei Micro,Taiwan,APAC,Enterprise,Japan,1,1.0,21,21,0,100.0,100.0,0.0
2026-05-01,SUP-030,Supplier 030,China,APAC,PLT-09,Hanoi Assembly,Vietnam,APAC,Enterprise,Germany,1,1.0,45,45,0,100.0,100.0,0.0
2026-05-01,SUP-030,Supplier 030,China,APAC,PLT-09,Hanoi Assembly,Vietnam,APAC,Government,Canada,1,1.0,117,117,0,100.0,100.0,0.0
2026-05-01,SUP-030,Supplier 030,China,APAC,PLT-03,Tokyo Precision,Japan,APAC,Enterprise,Singapore,1,1.0,68,68,0,100.0,100.0,0.0
2026-05-01,SUP-030,Supplier 030,China,APAC,PLT-08,Taipei Micro,Taiwan,APAC,SMB,Singapore,1,1.0,32,32,0,100.0,100.0,0.0
2026-05-01,SUP-030,Supplier 030,China,APAC,PLT-01,Munich Center,Germany,EMEA,Enterprise,USA,1,1.0,170,170,0,100.0,100.0,0.0
2026-05-01,SUP-030,Supplier 030,China,APAC,PLT-05,Monterrey Plant,Mexico,LATAM,Enterprise,Germany,1,1.0,73,73,0,100.0,100.0,0.0
2026-05-01,SUP-030,Supplier 030,China,APAC,PLT-06,Sao Paulo Ops,Brazil,LATAM,SMB,Singapore,1,1.0,103,103,0,100.0,100.0,0.0
2026-05-01,SUP-030,Supplier 030,China,APAC,PLT-00,Shanghai Hub,China,APAC,Enterprise,USA,1,1.0,103,79,24,76.7,0.0,9619.2
2026-05-01,SUP-030,Supplier 030,China,APAC,PLT-02,Detroit Works,USA,NA,SMB,Singapore,1,1.0,185,185,0,100.0,100.0,0.0
2026-05-01,SUP-030,Supplier 030,China,APAC,PLT-03,Tokyo Precision,Japan,APAC,Enterprise,UK,1,1.0,30,28,2,93.33,0.0,724.24
2026-05-01,SUP-031,Supplier 031,Germany,EMEA,PLT-01,Munich Center,Germany,EMEA,SMB,Australia,1,1.0,27,27,0,100.0,100.0,0.0
2026-05-01,SUP-031,Supplier 031,Germany,EMEA,PLT-04,Chennai Forge,India,APAC,Enterprise,Germany,1,1.0,214,214,0,100.0,100.0,0.0
2026-05-01,SUP-031,Supplier 031,Germany,EMEA,PLT-04,Chennai Forge,India,APAC,SMB,Canada,1,1.0,67,52,15,77.61,0.0,3313.35
2026-05-01,SUP-031,Supplier 031,Germany,EMEA,PLT-04,Chennai Forge,India,APAC,SMB,Australia,1,1.0,61,57,4,93.44,0.0,851.88
2026-05-01,SUP-031,Supplier 031,Germany,EMEA,PLT-04,Chennai Forge,India,APAC,Government,Japan,1,2.0,32,41,0,128.13,100.0,0.0
2026-05-01,SUP-031,Supplier 031,Germany,EMEA,PLT-02,Detroit Works,USA,NA,Enterprise,UK,1,1.0,34,34,0,100.0,100.0,0.0
2026-05-01,SUP-031,Supplier 031,Germany,EMEA,PLT-06,Sao Paulo Ops,Brazil,LATAM,SMB,Germany,1,2.0,169,176,0,104.14,100.0,0.0
2026-05-01,SUP-031,Supplier 031,Germany,EMEA,PLT-01,Munich Center,Germany,EMEA,Enterprise,USA,1,1.0,141,141,0,100.0,100.0,0.0
2026-05-01,SUP-032,Supplier 032,USA,NA,PLT-04,Chennai Forge,India,APAC,Government,France,1,1.0,11,11,0,100.0,100.0,0.0
2026-05-01,SUP-032,Supplier 032,USA,NA,PLT-00,Shanghai Hub,China,APAC,SMB,Germany,1,1.0,87,87,0,100.0,100.0,0.0
2026-05-01,SUP-032,Supplier 032,USA,NA,PLT-01,Munich Center,Germany,EMEA,Enterprise,Australia,1,1.0,105,105,0,100.0,100.0,0.0
2026-05-01,SUP-032,Supplier 032,USA,NA,PLT-07,Seoul Tech,South Korea,APAC,Government,Japan,2,2.0,134,126,8,94.03,50.0,3110.56
2026-05-01,SUP-033,Supplier 033,Japan,APAC,PLT-09,Hanoi Assembly,Vietnam,APAC,Government,UK,1,1.0,23,13,10,56.52,0.0,3353.0
2026-05-01,SUP-033,Supplier 033,Japan,APAC,PLT-01,Munich Center,Germany,EMEA,SMB,Canada,1,1.0,99,61,38,61.62,0.0,10250.88
2026-05-01,SUP-033,Supplier 033,Japan,APAC,PLT-09,Hanoi Assembly,Vietnam,APAC,Enterprise,USA,1,1.0,24,24,0,100.0,100.0,0.0
2026-05-01,SUP-033,Supplier 033,Japan,APAC,PLT-01,Munich Center,Germany,EMEA,Government,France,1,1.0,134,108,26,80.6,0.0,11021.14
2026-05-01,SUP-033,Supplier 033,Japan,APAC,PLT-02,Detroit Works,USA,NA,Enterprise,France,1,1.0,15,15,0,100.0,100.0,0.0
2026-05-01,SUP-034,Supplier 034,India,APAC,PLT-03,Tokyo Precision,Japan,APAC,Government,USA,1,1.0,14,14,0,100.0,100.0,0.0
2026-05-01,SUP-034,Supplier 034,India,APAC,PLT-02,Detroit Works,USA,NA,SMB,UK,1,2.0,128,151,0,117.97,100.0,0.0
2026-05-01,SUP-034,Supplier 034,India,APAC,PLT-07,Seoul Tech,South Korea,APAC,SMB,Germany,1,1.0,26,25,1,96.15,0.0,169.77
2026-05-01,SUP-034,Supplier 034,India,APAC,PLT-02,Detroit Works,USA,NA,SMB,Australia,1,1.0,68,68,0,100.0,100.0,0.0
2026-05-01,SUP-034,Supplier 034,India,APAC,PLT-08,Taipei Micro,Taiwan,APAC,SMB,Australia,1,1.0,25,25,0,100.0,100.0,0.0
2026-05-01,SUP-035,Supplier 035,Mexico,LATAM,PLT-06,Sao Paulo Ops,Brazil,LATAM,Enterprise,Canada,1,1.0,62,62,0,100.0,100.0,0.0
2026-05-01,SUP-035,Supplier 035,Mexico,LATAM,PLT-04,Chennai Forge,India,APAC,SMB,Canada,1,1.0,119,119,0,100.0,100.0,0.0
2026-05-01,SUP-035,Supplier 035,Mexico,LATAM,PLT-02,Detroit Works,USA,NA,SMB,Germany,1,1.0,162,142,20,87.65,0.0,3715.4
2026-05-01,SUP-035,Supplier 035,Mexico,LATAM,PLT-03,Tokyo Precision,Japan,APAC,Enterprise,USA,1,1.0,60,60,0,100.0,100.0,0.0
2026-05-01,SUP-035,Supplier 035,Mexico,LATAM,PLT-02,Detroit Works,USA,NA,Government,Australia,1,1.0,21,21,0,100.0,100.0,0.0
2026-05-01,SUP-035,Supplier 035,Mexico,LATAM,PLT-03,Tokyo Precision,Japan,APAC,SMB,Germany,1,1.0,79,79,0,100.0,100.0,0.0
2026-05-01,SUP-035,Supplier 035,Mexico,LATAM,PLT-09,Hanoi Assembly,Vietnam,APAC,Government,Germany,1,1.0,68,68,0,100.0,100.0,0.0
2026-05-01,SUP-035,Supplier 035,Mexico,LATAM,PLT-08,Taipei Micro,Taiwan,APAC,Enterprise,Canada,1,1.0,156,156,0,100.0,100.0,0.0
2026-05-01,SUP-035,Supplier 035,Mexico,LATAM,PLT-03,Tokyo Precision,Japan,APAC,SMB,Singapore,1,1.0,47,32,15,68.09,0.0,5024.4
2026-05-01,SUP-035,Supplier 035,Mexico,LATAM,PLT-00,Shanghai Hub,China,APAC,Government,Canada,1,1.0,7,7,0,100.0,100.0,0.0
2026-05-01,SUP-035,Supplier 035,Mexico,LATAM,PLT-01,Munich Center,Germany,EMEA,SMB,France,1,1.0,119,119,0,100.0,100.0,0.0
2026-05-01,SUP-036,Supplier 036,Brazil,LATAM,PLT-04,Chennai Forge,India,APAC,Government,Japan,1,1.0,5,5,0,100.0,100.0,0.0
2026-05-01,SUP-036,Supplier 036,Brazil,LATAM,PLT-00,Shanghai Hub,China,APAC,Enterprise,Canada,1,1.0,67,58,9,86.57,0.0,2032.29
2026-05-01,SUP-036,Supplier 036,Brazil,LATAM,PLT-08,Taipei Micro,Taiwan,APAC,SMB,UK,1,1.0,120,120,0,100.0,100.0,0.0
2026-05-01,SUP-036,Supplier 036,Brazil,LATAM,PLT-07,Seoul Tech,South Korea,APAC,Enterprise,Australia,1,1.0,35,35,0,100.0,100.0,0.0
2026-05-01,SUP-036,Supplier 036,Brazil,LATAM,PLT-03,Tokyo Precision,Japan,APAC,Government,Germany,1,1.0,182,182,0,100.0,100.0,0.0
2026-05-01,SUP-036,Supplier 036,Brazil,LATAM,PLT-08,Taipei Micro,Taiwan,APAC,SMB,Canada,1,1.0,17,17,0,100.0,100.0,0.0
2026-05-01,SUP-036,Supplier 036,Brazil,LATAM,PLT-03,Tokyo Precision,Japan,APAC,SMB,France,1,1.0,26,26,0,100.0,100.0,0.0
2026-05-01,SUP-036,Supplier 036,Brazil,LATAM,PLT-05,Monterrey Plant,Mexico,LATAM,Enterprise,USA,1,1.0,107,107,0,100.0,100.0,0.0
2026-05-01,SUP-037,Supplier 037,South Korea,APAC,PLT-01,Munich Center,Germany,EMEA,SMB,Australia,1,2.0,35,34,1,97.14,0.0,214.49
2026-05-01,SUP-037,Supplier 037,South Korea,APAC,PLT-03,Tokyo Precision,Japan,APAC,Government,Australia,1,2.0,10,12,0,120.0,100.0,0.0
2026-05-01,SUP-037,Supplier 037,South Korea,APAC,PLT-09,Hanoi Assembly,Vietnam,APAC,Government,Canada,1,1.0,87,87,0,100.0,100.0,0.0
2026-05-01,SUP-037,Supplier 037,South Korea,APAC,PLT-00,Shanghai Hub,China,APAC,Government,France,1,1.0,59,42,17,71.19,0.0,4636.92
2026-05-01,SUP-037,Supplier 037,South Korea,APAC,PLT-01,Munich Center,Germany,EMEA,SMB,France,1,1.0,102,102,0,100.0,100.0,0.0
2026-05-01,SUP-037,Supplier 037,South Korea,APAC,PLT-08,Taipei Micro,Taiwan,APAC,Enterprise,Japan,1,1.0,8,8,0,100.0,100.0,0.0
2026-05-01,SUP-037,Supplier 037,South Korea,APAC,PLT-03,Tokyo Precision,Japan,APAC,SMB,UK,1,1.0,61,49,12,80.33,0.0,3087.24
2026-05-01,SUP-037,Supplier 037,South Korea,APAC,PLT-04,Chennai Forge,India,APAC,SMB,Australia,1,1.0,30,30,0,100.0,100.0,0.0
2026-05-01,SUP-037,Supplier 037,South Korea,APAC,PLT-00,Shanghai Hub,China,APAC,SMB,Singapore,1,2.0,50,61,0,122.0,100.0,0.0
2026-05-01,SUP-037,Supplier 037,South Korea,APAC,PLT-04,Chennai Forge,India,APAC,SMB,UK,1,1.0,76,48,28,63.16,0.0,594.44
2026-05-01,SUP-037,Supplier 037,South Korea,APAC,PLT-08,Taipei Micro,Taiwan,APAC,Government,Germany,1,1.0,135,135,0,100.0,100.0,0.0
2026-05-01,SUP-037,Supplier 037,South Korea,APAC,PLT-00,Shanghai Hub,China,APAC,SMB,Japan,1,2.0,53,59,0,111.32,100.0,0.0
2026-05-01,SUP-038,Supplier 038,Taiwan,APAC,PLT-05,Monterrey Plant,Mexico,LATAM,SMB,UK,1,1.0,10,10,0,100.0,100.0,0.0
2026-05-01,SUP-038,Supplier 038,Taiwan,APAC,PLT-06,Sao Paulo Ops,Brazil,LATAM,Enterprise,Canada,1,1.0,40,40,0,100.0,100.0,0.0
2026-05-01,SUP-038,Supplier 038,Taiwan,APAC,PLT-02,Detroit Works,USA,NA,SMB,Australia,1,1.0,49,49,0,100.0,100.0,0.0
2026-05-01,SUP-038,Supplier 038,Taiwan,APAC,PLT-09,Hanoi Assembly,Vietnam,APAC,Enterprise,Australia,1,1.0,114,79,35,69.3,0.0,15171.45
2026-05-01,SUP-038,Supplier 038,Taiwan,APAC,PLT-06,Sao Paulo Ops,Brazil,LATAM,SMB,France,1,1.0,21,21,0,100.0,100.0,0.0
2026-05-01,SUP-039,Supplier 039,Vietnam,APAC,PLT-07,Seoul Tech,South Korea,APAC,SMB,Canada,1,1.0,142,142,0,100.0,100.0,0.0
2026-05-01,SUP-039,Supplier 039,Vietnam,APAC,PLT-08,Taipei Micro,Taiwan,APAC,SMB,Germany,1,1.0,104,104,0,100.0,100.0,0.0
2026-05-01,SUP-039,Supplier 039,Vietnam,APAC,PLT-01,Munich Center,Germany,EMEA,SMB,Australia,1,1.0,96,96,0,100.0,100.0,0.0
2026-05-01,SUP-039,Supplier 039,Vietnam,APAC,PLT-03,Tokyo Precision,Japan,APAC,SMB,France,1,1.0,36,33,3,91.67,0.0,119.55
2026-05-01,SUP-039,Supplier 039,Vietnam,APAC,PLT-00,Shanghai Hub,China,APAC,SMB,Germany,1,2.0,193,226,0,117.1,100.0,0.0
2026-05-01,SUP-039,Supplier 039,Vietnam,APAC,PLT-08,Taipei Micro,Taiwan,APAC,SMB,Singapore,1,1.0,148,136,12,91.89,0.0,2176.68
2026-05-01,SUP-039,Supplier 039,Vietnam,APAC,PLT-03,Tokyo Precision,Japan,APAC,SMB,Germany,1,1.0,47,47,0,100.0,100.0,0.0
2026-05-01,SUP-040,Supplier 040,China,APAC,PLT-02,Detroit Works,USA,NA,SMB,Singapore,1,1.0,50,50,0,100.0,100.0,0.0
2026-05-01,SUP-040,Supplier 040,China,APAC,PLT-09,Hanoi Assembly,Vietnam,APAC,SMB,UK,1,1.0,3,3,0,100.0,100.0,0.0
2026-05-01,SUP-040,Supplier 040,China,APAC,PLT-04,Chennai Forge,India,APAC,SMB,Australia,1,1.0,78,78,0,100.0,100.0,0.0
2026-05-01,SUP-040,Supplier 040,China,APAC,PLT-09,Hanoi Assembly,Vietnam,APAC,Enterprise,Canada,1,2.0,8,10,0,125.0,100.0,0.0
2026-05-01,SUP-040,Supplier 040,China,APAC,PLT-02,Detroit Works,USA,NA,Enterprise,Japan,1,1.0,156,156,0,100.0,100.0,0.0
2026-05-01,SUP-041,Supplier 041,Germany,EMEA,PLT-00,Shanghai Hub,China,APAC,SMB,UK,2,2.0,173,173,0,100.0,100.0,0.0
2026-05-01,SUP-041,Supplier 041,Germany,EMEA,PLT-01,Munich Center,Germany,EMEA,SMB,Canada,1,1.0,85,85,0,100.0,100.0,0.0
2026-05-01,SUP-041,Supplier 041,Germany,EMEA,PLT-05,Monterrey Plant,Mexico,LATAM,SMB,UK,1,1.0,1,1,0,100.0,100.0,0.0
2026-05-01,SUP-041,Supplier 041,Germany,EMEA,PLT-07,Seoul Tech,South Korea,APAC,SMB,Singapore,1,1.0,134,134,0,100.0,100.0,0.0
2026-05-01,SUP-041,Supplier 041,Germany,EMEA,PLT-00,Shanghai Hub,China,APAC,SMB,Germany,1,1.0,106,106,0,100.0,100.0,0.0
2026-05-01,SUP-041,Supplier 041,Germany,EMEA,PLT-00,Shanghai Hub,China,APAC,Enterprise,France,1,1.0,181,181,0,100.0,100.0,0.0
2026-05-01,SUP-041,Supplier 041,Germany,EMEA,PLT-05,Monterrey Plant,Mexico,LATAM,Government,Canada,1,1.0,92,86,6,93.48,0.0,1184.76
2026-05-01,SUP-041,Supplier 041,Germany,EMEA,PLT-09,Hanoi Assembly,Vietnam,APAC,SMB,Canada,1,1.0,69,69,0,100.0,100.0,0.0
2026-05-01,SUP-041,Supplier 041,Germany,EMEA,PLT-01,Munich Center,Germany,EMEA,Government,Germany,1,1.0,6,6,0,100.0,100.0,0.0
2026-05-01,SUP-042,Supplier 042,USA,NA,PLT-01,Munich Center,Germany,EMEA,Enterprise,Japan,1,1.0,20,20,0,100.0,100.0,0.0
2026-05-01,SUP-042,Supplier 042,USA,NA,PLT-09,Hanoi Assembly,Vietnam,APAC,SMB,Singapore,1,1.0,22,22,0,100.0,100.0,0.0
2026-05-01,SUP-042,Supplier 042,USA,NA,PLT-04,Chennai Forge,India,APAC,Enterprise,USA,1,1.0,3,3,0,100.0,100.0,0.0
2026-05-01,SUP-042,Supplier 042,USA,NA,PLT-01,Munich Center,Germany,EMEA,Government,Japan,1,1.0,42,42,0,100.0,100.0,0.0
2026-05-01,SUP-042,Supplier 042,USA,NA,PLT-00,Shanghai Hub,China,APAC,Government,UK,1,1.0,140,140,0,100.0,100.0,0.0
2026-05-01,SUP-042,Supplier 042,USA,NA,PLT-02,Detroit Works,USA,NA,Government,USA,1,1.0,136,126,10,92.65,0.0,2392.7
2026-05-01,SUP-042,Supplier 042,USA,NA,PLT-05,Monterrey Plant,Mexico,LATAM,SMB,USA,1,2.0,67,77,0,114.93,100.0,0.0
2026-05-01,SUP-042,Supplier 042,USA,NA,PLT-05,Monterrey Plant,Mexico,LATAM,SMB,UK,1,1.0,78,78,0,100.0,100.0,0.0
2026-05-01,SUP-042,Supplier 042,USA,NA,PLT-08,Taipei Micro,Taiwan,APAC,SMB,Singapore,2,2.0,153,138,15,90.2,50.0,6336.6
2026-05-01,SUP-042,Supplier 042,USA,NA,PLT-00,Shanghai Hub,China,APAC,Enterprise,Canada,1,2.0,84,89,0,105.95,100.0,0.0
2026-05-01,SUP-043,Supplier 043,Japan,APAC,PLT-07,Seoul Tech,South Korea,APAC,Enterprise,Canada,1,1.0,48,48,0,100.0,100.0,0.0
2026-05-01,SUP-043,Supplier 043,Japan,APAC,PLT-02,Detroit Works,USA,NA,SMB,Australia,1,1.0,195,132,63,67.69,0.0,16633.89
2026-05-01,SUP-043,Supplier 043,Japan,APAC,PLT-06,Sao Paulo Ops,Brazil,LATAM,SMB,Singapore,1,1.0,176,176,0,100.0,100.0,0.0
2026-05-01,SUP-043,Supplier 043,Japan,APAC,PLT-07,Seoul Tech,South Korea,APAC,SMB,Singapore,1,1.0,45,37,8,82.22,0.0,3257.92
2026-05-01,SUP-043,Supplier 043,Japan,APAC,PLT-03,Tokyo Precision,Japan,APAC,Enterprise,France,1,1.0,30,25,5,83.33,0.0,691.35
2026-05-01,SUP-043,Supplier 043,Japan,APAC,PLT-03,Tokyo Precision,Japan,APAC,Enterprise,Germany,1,1.0,63,42,21,66.67,0.0,3761.52
2026-05-01,SUP-043,Supplier 043,Japan,APAC,PLT-06,Sao Paulo Ops,Brazil,LATAM,Enterprise,Japan,1,1.0,21,21,0,100.0,100.0,0.0
2026-05-01,SUP-044,Supplier 044,India,APAC,PLT-05,Monterrey Plant,Mexico,LATAM,SMB,USA,1,1.0,81,81,0,100.0,100.0,0.0
2026-05-01,SUP-044,Supplier 044,India,APAC,PLT-02,Detroit Works,USA,NA,SMB,UK,1,1.0,33,33,0,100.0,100.0,0.0
2026-05-01,SUP-044,Supplier 044,India,APAC,PLT-03,Tokyo Precision,Japan,APAC,Government,Australia,1,1.0,81,81,0,100.0,100.0,0.0
2026-05-01,SUP-044,Supplier 044,India,APAC,PLT-07,Seoul Tech,South Korea,APAC,SMB,Australia,1,2.0,136,172,0,126.47,100.0,0.0
2026-05-01,SUP-044,Supplier 044,India,APAC,PLT-00,Shanghai Hub,China,APAC,Enterprise,Singapore,1,1.0,19,19,0,100.0,100.0,0.0
2026-05-01,SUP-044,Supplier 044,India,APAC,PLT-05,Monterrey Plant,Mexico,LATAM,Government,Japan,1,1.0,33,33,0,100.0,100.0,0.0
2026-05-01,SUP-044,Supplier 044,India,APAC,PLT-09,Hanoi Assembly,Vietnam,APAC,Enterprise,USA,1,2.0,108,111,0,102.78,100.0,0.0
2026-05-01,SUP-044,Supplier 044,India,APAC,PLT-06,Sao Paulo Ops,Brazil,LATAM,SMB,Canada,1,1.0,25,25,0,100.0,100.0,0.0
2026-05-01,SUP-044,Supplier 044,India,APAC,PLT-00,Shanghai Hub,China,APAC,SMB,Canada,1,2.0,71,89,0,125.35,100.0,0.0
2026-05-01,SUP-044,Supplier 044,India,APAC,PLT-07,Seoul Tech,South Korea,APAC,Enterprise,Canada,1,2.0,110,139,0,126.36,100.0,0.0
2026-05-01,SUP-045,Supplier 045,Mexico,LATAM,PLT-07,Seoul Tech,South Korea,APAC,Government,Germany,1,1.0,50,50,0,100.0,100.0,0.0
2026-05-01,SUP-045,Supplier 045,Mexico,LATAM,PLT-09,Hanoi Assembly,Vietnam,APAC,Enterprise,USA,1,1.0,41,41,0,100.0,100.0,0.0
2026-05-01,SUP-045,Supplier 045,Mexico,LATAM,PLT-01,Munich Center,Germany,EMEA,Enterprise,Germany,1,1.0,76,76,0,100.0,100.0,0.0
2026-05-01,SUP-046,Supplier 046,Brazil,LATAM,PLT-06,Sao Paulo Ops,Brazil,LATAM,SMB,Canada,1,1.0,40,34,6,85.0,0.0,916.56
2026-05-01,SUP-046,Supplier 046,Brazil,LATAM,PLT-06,Sao Paulo Ops,Brazil,LATAM,SMB,UK,1,1.0,42,42,0,100.0,100.0,0.0
2026-05-01,SUP-046,Supplier 046,Brazil,LATAM,PLT-04,Chennai Forge,India,APAC,SMB,Singapore,1,2.0,121,123,0,101.65,100.0,0.0
2026-05-01,SUP-046,Supplier 046,Brazil,LATAM,PLT-02,Detroit Works,USA,NA,SMB,Australia,1,1.0,92,92,0,100.0,100.0,0.0
2026-05-01,SUP-046,Supplier 046,Brazil,LATAM,PLT-08,Taipei Micro,Taiwan,APAC,Enterprise,France,1,1.0,93,93,0,100.0,100.0,0.0
2026-05-01,SUP-046,Supplier 046,Brazil,LATAM,PLT-05,Monterrey Plant,Mexico,LATAM,SMB,Australia,1,1.0,61,61,0,100.0,100.0,0.0
2026-05-01,SUP-046,Supplier 046,Brazil,LATAM,PLT-04,Chennai Forge,India,APAC,SMB,France,1,2.0,136,162,0,119.12,100.0,0.0
2026-05-01,SUP-047,Supplier 047,South Korea,APAC,PLT-00,Shanghai Hub,China,APAC,Government,Australia,1,1.0,112,112,0,100.0,100.0,0.0
2026-05-01,SUP-047,Supplier 047,South Korea,APAC,PLT-02,Detroit Works,USA,NA,Government,USA,1,1.0,129,129,0,100.0,100.0,0.0
2026-05-01,SUP-047,Supplier 047,South Korea,APAC,PLT-08,Taipei Micro,Taiwan,APAC,SMB,Australia,1,1.0,25,25,0,100.0,100.0,0.0
2026-05-01,SUP-047,Supplier 047,South Korea,APAC,PLT-05,Monterrey Plant,Mexico,LATAM,SMB,Singapore,1,2.0,70,85,0,121.43,100.0,0.0
2026-05-01,SUP-047,Supplier 047,South Korea,APAC,PLT-00,Shanghai Hub,China,APAC,Government,Japan,1,1.0,96,96,0,100.0,100.0,0.0
2026-05-01,SUP-047,Supplier 047,South Korea,APAC,PLT-06,Sao Paulo Ops,Brazil,LATAM,Enterprise,Australia,1,2.0,29,20,9,68.97,0.0,1207.98
2026-05-01,SUP-048,Supplier 048,Taiwan,APAC,PLT-02,Detroit Works,USA,NA,Government,Australia,1,1.0,83,83,0,100.0,100.0,0.0
2026-05-01,SUP-048,Supplier 048,Taiwan,APAC,PLT-03,Tokyo Precision,Japan,APAC,SMB,Singapore,1,1.0,92,92,0,100.0,100.0,0.0
2026-05-01,SUP-048,Supplier 048,Taiwan,APAC,PLT-00,Shanghai Hub,China,APAC,Government,Australia,1,1.0,179,179,0,100.0,100.0,0.0
2026-05-01,SUP-048,Supplier 048,Taiwan,APAC,PLT-07,Seoul Tech,South Korea,APAC,Government,USA,1,2.0,22,21,1,95.45,0.0,205.58
2026-05-01,SUP-049,Supplier 049,Vietnam,APAC,PLT-04,Chennai Forge,India,APAC,SMB,Japan,1,1.0,38,38,0,100.0,100.0,0.0
2026-05-01,SUP-049,Supplier 049,Vietnam,APAC,PLT-09,Hanoi Assembly,Vietnam,APAC,SMB,Singapore,1,1.0,129,129,0,100.0,100.0,0.0
2026-05-01,SUP-049,Supplier 049,Vietnam,APAC,PLT-05,Monterrey Plant,Mexico,LATAM,SMB,USA,1,2.0,143,164,0,114.69,100.0,0.0
2026-05-01,SUP-049,Supplier 049,Vietnam,APAC,PLT-06,Sao Paulo Ops,Brazil,LATAM,Enterprise,USA,1,1.0,145,145,0,100.0,100.0,0.0
2026-05-01,SUP-049,Supplier 049,Vietnam,APAC,PLT-08,Taipei Micro,Taiwan,APAC,Government,USA,1,1.0,50,50,0,100.0,100.0,0.0
2026-05-01,SUP-049,Supplier 049,Vietnam,APAC,PLT-06,Sao Paulo Ops,Brazil,LATAM,Government,UK,1,1.0,12,12,0,100.0,100.0,0.0
2026-06-01,SUP-000,Supplier 000,China,APAC,PLT-02,Detroit Works,USA,NA,SMB,Japan,1,1.0,71,65,6,91.55,0.0,280.68
2026-06-01,SUP-000,Supplier 000,China,APAC,PLT-05,Monterrey Plant,Mexico,LATAM,Enterprise,Japan,1,1.0,115,115,0,100.0,100.0,0.0
2026-06-01,SUP-000,Supplier 000,China,APAC,PLT-06,Sao Paulo Ops,Brazil,LATAM,Enterprise,Canada,1,1.0,1,1,0,100.0,100.0,0.0
2026-06-01,SUP-000,Supplier 000,China,APAC,PLT-01,Munich Center,Germany,EMEA,SMB,Canada,1,1.0,56,56,0,100.0,100.0,0.0
2026-06-01,SUP-000,Supplier 000,China,APAC,PLT-00,Shanghai Hub,China,APAC,SMB,UK,1,1.0,36,35,1,97.22,0.0,56.48
2026-06-01,SUP-000,Supplier 000,China,APAC,PLT-08,Taipei Micro,Taiwan,APAC,SMB,France,1,1.0,45,45,0,100.0,100.0,0.0
2026-06-01,SUP-001,Supplier 001,Germany,EMEA,PLT-03,Tokyo Precision,Japan,APAC,SMB,Japan,1,1.0,5,5,0,100.0,100.0,0.0
2026-06-01,SUP-001,Supplier 001,Germany,EMEA,PLT-02,Detroit Works,USA,NA,Government,Singapore,1,1.0,54,54,0,100.0,100.0,0.0
2026-06-01,SUP-001,Supplier 001,Germany,EMEA,PLT-06,Sao Paulo Ops,Brazil,LATAM,Enterprise,USA,1,1.0,175,175,0,100.0,100.0,0.0
2026-06-01,SUP-001,Supplier 001,Germany,EMEA,PLT-00,Shanghai Hub,China,APAC,SMB,Australia,1,2.0,73,68,5,93.15,0.0,2494.7
2026-06-01,SUP-001,Supplier 001,Germany,EMEA,PLT-04,Chennai Forge,India,APAC,Enterprise,Germany,1,1.0,149,126,23,84.56,0.0,858.82
2026-06-01,SUP-001,Supplier 001,Germany,EMEA,PLT-00,Shanghai Hub,China,APAC,SMB,Germany,1,1.0,240,240,0,100.0,100.0,0.0
2026-06-01,SUP-001,Supplier 001,Germany,EMEA,PLT-04,Chennai Forge,India,APAC,Enterprise,Canada,1,2.0,82,61,21,74.39,0.0,2597.28
2026-06-01,SUP-001,Supplier 001,Germany,EMEA,PLT-09,Hanoi Assembly,Vietnam,APAC,Government,Germany,1,2.0,31,38,0,122.58,100.0,0.0
2026-06-01,SUP-001,Supplier 001,Germany,EMEA,PLT-07,Seoul Tech,South Korea,APAC,Enterprise,France,1,2.0,131,156,0,119.08,100.0,0.0
2026-06-01,SUP-002,Supplier 002,USA,NA,PLT-09,Hanoi Assembly,Vietnam,APAC,SMB,Canada,1,1.0,74,74,0,100.0,100.0,0.0
2026-06-01,SUP-002,Supplier 002,USA,NA,PLT-03,Tokyo Precision,Japan,APAC,Enterprise,Germany,1,2.0,228,261,0,114.47,100.0,0.0
2026-06-01,SUP-002,Supplier 002,USA,NA,PLT-04,Chennai Forge,India,APAC,SMB,Germany,1,1.0,178,178,0,100.0,100.0,0.0
2026-06-01,SUP-002,Supplier 002,USA,NA,PLT-09,Hanoi Assembly,Vietnam,APAC,Government,USA,1,1.0,111,111,0,100.0,100.0,0.0
2026-06-01,SUP-002,Supplier 002,USA,NA,PLT-02,Detroit Works,USA,NA,Enterprise,Singapore,1,1.0,116,103,13,88.79,0.0,3478.8
2026-06-01,SUP-002,Supplier 002,USA,NA,PLT-02,Detroit Works,USA,NA,SMB,Germany,1,2.0,20,23,0,115.0,100.0,0.0
2026-06-01,SUP-002,Supplier 002,USA,NA,PLT-02,Detroit Works,USA,NA,SMB,Singapore,1,2.0,80,77,3,96.25,0.0,1273.38
2026-06-01,SUP-003,Supplier 003,Japan,APAC,PLT-08,Taipei Micro,Taiwan,APAC,Enterprise,UK,1,1.0,58,58,0,100.0,100.0,0.0
2026-06-01,SUP-003,Supplier 003,Japan,APAC,PLT-06,Sao Paulo Ops,Brazil,LATAM,Enterprise,Singapore,1,1.0,112,112,0,100.0,100.0,0.0
2026-06-01,SUP-003,Supplier 003,Japan,APAC,PLT-00,Shanghai Hub,China,APAC,SMB,Singapore,1,1.0,64,64,0,100.0,100.0,0.0
2026-06-01,SUP-003,Supplier 003,Japan,APAC,PLT-08,Taipei Micro,Taiwan,APAC,Government,USA,1,1.0,28,28,0,100.0,100.0,0.0
2026-06-01,SUP-003,Supplier 003,Japan,APAC,PLT-00,Shanghai Hub,China,APAC,Enterprise,USA,1,2.0,83,104,0,125.3,100.0,0.0
2026-06-01,SUP-003,Supplier 003,Japan,APAC,PLT-06,Sao Paulo Ops,Brazil,LATAM,SMB,Australia,1,1.0,6,6,0,100.0,100.0,0.0
2026-06-01,SUP-003,Supplier 003,Japan,APAC,PLT-08,Taipei Micro,Taiwan,APAC,Enterprise,USA,1,1.0,105,105,0,100.0,100.0,0.0
2026-06-01,SUP-004,Supplier 004,India,APAC,PLT-05,Monterrey Plant,Mexico,LATAM,Enterprise,Japan,1,1.0,28,28,0,100.0,100.0,0.0
2026-06-01,SUP-004,Supplier 004,India,APAC,PLT-09,Hanoi Assembly,Vietnam,APAC,Government,USA,1,1.0,13,13,0,100.0,100.0,0.0
2026-06-01,SUP-004,Supplier 004,India,APAC,PLT-06,Sao Paulo Ops,Brazil,LATAM,Government,France,1,2.0,127,148,0,116.54,100.0,0.0
2026-06-01,SUP-004,Supplier 004,India,APAC,PLT-09,Hanoi Assembly,Vietnam,APAC,SMB,UK,1,1.0,94,94,0,100.0,100.0,0.0
2026-06-01,SUP-004,Supplier 004,India,APAC,PLT-07,Seoul Tech,South Korea,APAC,Enterprise,France,1,2.0,24,30,0,125.0,100.0,0.0
2026-06-01,SUP-004,Supplier 004,India,APAC,PLT-05,Monterrey Plant,Mexico,LATAM,SMB,Canada,1,1.0,139,137,2,98.56,0.0,56.4
2026-06-01,SUP-004,Supplier 004,India,APAC,PLT-00,Shanghai Hub,China,APAC,Enterprise,Canada,1,1.0,88,73,15,82.95,0.0,6085.8
2026-06-01,SUP-005,Supplier 005,Mexico,LATAM,PLT-02,Detroit Works,USA,NA,SMB,France,1,1.0,131,131,0,100.0,100.0,0.0
2026-06-01,SUP-005,Supplier 005,Mexico,LATAM,PLT-07,Seoul Tech,South Korea,APAC,SMB,Australia,1,1.0,184,184,0,100.0,100.0,0.0
2026-06-01,SUP-005,Supplier 005,Mexico,LATAM,PLT-05,Monterrey Plant,Mexico,LATAM,Enterprise,UK,1,1.0,101,71,30,70.3,0.0,12832.8
2026-06-01,SUP-005,Supplier 005,Mexico,LATAM,PLT-06,Sao Paulo Ops,Brazil,LATAM,SMB,France,1,1.0,80,80,0,100.0,100.0,0.0
2026-06-01,SUP-006,Supplier 006,Brazil,LATAM,PLT-01,Munich Center,Germany,EMEA,Enterprise,Australia,1,1.0,17,15,2,88.24,0.0,261.74
2026-06-01,SUP-006,Supplier 006,Brazil,LATAM,PLT-03,Tokyo Precision,Japan,APAC,SMB,Germany,1,1.0,26,26,0,100.0,100.0,0.0
2026-06-01,SUP-006,Supplier 006,Brazil,LATAM,PLT-04,Chennai Forge,India,APAC,Enterprise,France,1,1.0,5,5,0,100.0,100.0,0.0
2026-06-01,SUP-006,Supplier 006,Brazil,LATAM,PLT-08,Taipei Micro,Taiwan,APAC,SMB,Japan,1,1.0,30,30,0,100.0,100.0,0.0
2026-06-01,SUP-006,Supplier 006,Brazil,LATAM,PLT-02,Detroit Works,USA,NA,Enterprise,USA,1,1.0,90,90,0,100.0,100.0,0.0
2026-06-01,SUP-006,Supplier 006,Brazil,LATAM,PLT-04,Chennai Forge,India,APAC,Enterprise,Germany,1,1.0,75,75,0,100.0,100.0,0.0
2026-06-01,SUP-006,Supplier 006,Brazil,LATAM,PLT-05,Monterrey Plant,Mexico,LATAM,Enterprise,Japan,1,1.0,7,7,0,100.0,100.0,0.0
2026-06-01,SUP-006,Supplier 006,Brazil,LATAM,PLT-01,Munich Center,Germany,EMEA,SMB,UK,1,1.0,58,58,0,100.0,100.0,0.0
2026-06-01,SUP-006,Supplier 006,Brazil,LATAM,PLT-02,Detroit Works,USA,NA,Government,France,1,1.0,75,72,3,96.0,0.0,70.41
2026-06-01,SUP-006,Supplier 006,Brazil,LATAM,PLT-05,Monterrey Plant,Mexico,LATAM,Enterprise,USA,1,1.0,211,211,0,100.0,100.0,0.0
2026-06-01,SUP-006,Supplier 006,Brazil,LATAM,PLT-07,Seoul Tech,South Korea,APAC,Enterprise,UK,1,1.0,22,22,0,100.0,100.0,0.0
2026-06-01,SUP-007,Supplier 007,South Korea,APAC,PLT-07,Seoul Tech,South Korea,APAC,SMB,Canada,1,1.0,11,11,0,100.0,100.0,0.0
2026-06-01,SUP-007,Supplier 007,South Korea,APAC,PLT-04,Chennai Forge,India,APAC,Enterprise,Australia,1,1.0,24,21,3,87.5,0.0,266.13
2026-06-01,SUP-007,Supplier 007,South Korea,APAC,PLT-06,Sao Paulo Ops,Brazil,LATAM,SMB,France,1,1.0,25,25,0,100.0,100.0,0.0
2026-06-01,SUP-007,Supplier 007,South Korea,APAC,PLT-03,Tokyo Precision,Japan,APAC,SMB,Japan,1,1.0,34,34,0,100.0,100.0,0.0
2026-06-01,SUP-007,Supplier 007,South Korea,APAC,PLT-03,Tokyo Precision,Japan,APAC,SMB,UK,1,1.0,137,123,14,89.78,0.0,6593.58
2026-06-01,SUP-007,Supplier 007,South Korea,APAC,PLT-02,Detroit Works,USA,NA,SMB,Canada,1,1.0,94,94,0,100.0,100.0,0.0
2026-06-01,SUP-007,Supplier 007,South Korea,APAC,PLT-01,Munich Center,Germany,EMEA,SMB,UK,1,1.0,5,5,0,100.0,100.0,0.0
2026-06-01,SUP-007,Supplier 007,South Korea,APAC,PLT-05,Monterrey Plant,Mexico,LATAM,SMB,Singapore,1,1.0,94,94,0,100.0,100.0,0.0
2026-06-01,SUP-007,Supplier 007,South Korea,APAC,PLT-06,Sao Paulo Ops,Brazil,LATAM,Enterprise,Canada,1,1.0,53,53,0,100.0,100.0,0.0
2026-06-01,SUP-008,Supplier 008,Taiwan,APAC,PLT-03,Tokyo Precision,Japan,APAC,SMB,USA,1,1.0,37,37,0,100.0,100.0,0.0
2026-06-01,SUP-008,Supplier 008,Taiwan,APAC,PLT-05,Monterrey Plant,Mexico,LATAM,SMB,France,1,1.0,50,50,0,100.0,100.0,0.0
2026-06-01,SUP-008,Supplier 008,Taiwan,APAC,PLT-06,Sao Paulo Ops,Brazil,LATAM,SMB,Singapore,1,1.0,44,44,0,100.0,100.0,0.0
2026-06-01,SUP-008,Supplier 008,Taiwan,APAC,PLT-01,Munich Center,Germany,EMEA,SMB,Germany,1,1.0,122,122,0,100.0,100.0,0.0
2026-06-01,SUP-009,Supplier 009,Vietnam,APAC,PLT-02,Detroit Works,USA,NA,SMB,UK,1,2.0,61,69,0,113.11,100.0,0.0
2026-06-01,SUP-009,Supplier 009,Vietnam,APAC,PLT-07,Seoul Tech,South Korea,APAC,Enterprise,Japan,1,1.0,128,128,0,100.0,100.0,0.0
2026-06-01,SUP-009,Supplier 009,Vietnam,APAC,PLT-02,Detroit Works,USA,NA,SMB,Canada,1,1.0,88,88,0,100.0,100.0,0.0
2026-06-01,SUP-009,Supplier 009,Vietnam,APAC,PLT-00,Shanghai Hub,China,APAC,SMB,Australia,1,1.0,120,105,15,87.5,0.0,1868.4
2026-06-01,SUP-009,Supplier 009,Vietnam,APAC,PLT-05,Monterrey Plant,Mexico,LATAM,Enterprise,France,1,1.0,70,70,0,100.0,100.0,0.0
2026-06-01,SUP-009,Supplier 009,Vietnam,APAC,PLT-09,Hanoi Assembly,Vietnam,APAC,Government,USA,1,1.0,69,69,0,100.0,100.0,0.0
2026-06-01,SUP-009,Supplier 009,Vietnam,APAC,PLT-05,Monterrey Plant,Mexico,LATAM,Enterprise,Singapore,1,1.0,113,70,43,61.95,0.0,6898.06
2026-06-01,SUP-009,Supplier 009,Vietnam,APAC,PLT-04,Chennai Forge,India,APAC,SMB,Japan,1,2.0,50,46,4,92.0,0.0,1663.32
2026-06-01,SUP-009,Supplier 009,Vietnam,APAC,PLT-03,Tokyo Precision,Japan,APAC,SMB,UK,1,1.0,53,53,0,100.0,100.0,0.0
2026-06-01,SUP-010,Supplier 010,China,APAC,PLT-01,Munich Center,Germany,EMEA,Enterprise,UK,1,1.0,64,64,0,100.0,100.0,0.0
2026-06-01,SUP-010,Supplier 010,China,APAC,PLT-05,Monterrey Plant,Mexico,LATAM,Enterprise,Germany,1,1.0,4,4,0,100.0,100.0,0.0
2026-06-01,SUP-011,Supplier 011,Germany,EMEA,PLT-01,Munich Center,Germany,EMEA,Enterprise,France,2,3.0,119,124,0,104.2,100.0,0.0
2026-06-01,SUP-011,Supplier 011,Germany,EMEA,PLT-07,Seoul Tech,South Korea,APAC,Enterprise,Japan,1,1.0,10,10,0,100.0,100.0,0.0
2026-06-01,SUP-011,Supplier 011,Germany,EMEA,PLT-03,Tokyo Precision,Japan,APAC,SMB,Germany,1,2.0,38,42,0,110.53,100.0,0.0
2026-06-01,SUP-011,Supplier 011,Germany,EMEA,PLT-01,Munich Center,Germany,EMEA,SMB,USA,1,1.0,136,136,0,100.0,100.0,0.0
2026-06-01,SUP-011,Supplier 011,Germany,EMEA,PLT-08,Taipei Micro,Taiwan,APAC,Government,Germany,1,1.0,27,27,0,100.0,100.0,0.0
2026-06-01,SUP-011,Supplier 011,Germany,EMEA,PLT-05,Monterrey Plant,Mexico,LATAM,SMB,Singapore,1,1.0,29,29,0,100.0,100.0,0.0
2026-06-01,SUP-012,Supplier 012,USA,NA,PLT-00,Shanghai Hub,China,APAC,Enterprise,Singapore,1,2.0,130,164,0,126.15,100.0,0.0
2026-06-01,SUP-012,Supplier 012,USA,NA,PLT-07,Seoul Tech,South Korea,APAC,SMB,Canada,1,1.0,130,130,0,100.0,100.0,0.0
2026-06-01,SUP-012,Supplier 012,USA,NA,PLT-01,Munich Center,Germany,EMEA,SMB,Canada,1,1.0,138,138,0,100.0,100.0,0.0
2026-06-01,SUP-012,Supplier 012,USA,NA,PLT-03,Tokyo Precision,Japan,APAC,SMB,Canada,1,2.0,61,50,11,81.97,0.0,5196.95
2026-06-01,SUP-012,Supplier 012,USA,NA,PLT-04,Chennai Forge,India,APAC,SMB,Australia,1,2.0,185,225,0,121.62,100.0,0.0
2026-06-01,SUP-012,Supplier 012,USA,NA,PLT-02,Detroit Works,USA,NA,Enterprise,France,1,1.0,267,185,82,69.29,0.0,35441.22
2026-06-01,SUP-012,Supplier 012,USA,NA,PLT-07,Seoul Tech,South Korea,APAC,SMB,Germany,1,2.0,88,113,0,128.41,100.0,0.0
2026-06-01,SUP-013,Supplier 013,Japan,APAC,PLT-02,Detroit Works,USA,NA,Enterprise,France,1,1.0,69,69,0,100.0,100.0,0.0
2026-06-01,SUP-013,Supplier 013,Japan,APAC,PLT-04,Chennai Forge,India,APAC,Government,UK,1,2.0,11,13,0,118.18,100.0,0.0
2026-06-01,SUP-013,Supplier 013,Japan,APAC,PLT-01,Munich Center,Germany,EMEA,Government,UK,1,1.0,57,48,9,84.21,0.0,1213.29
2026-06-01,SUP-013,Supplier 013,Japan,APAC,PLT-08,Taipei Micro,Taiwan,APAC,Enterprise,Germany,1,1.0,98,98,0,100.0,100.0,0.0
2026-06-01,SUP-013,Supplier 013,Japan,APAC,PLT-04,Chennai Forge,India,APAC,SMB,Australia,1,1.0,78,78,0,100.0,100.0,0.0
2026-06-01,SUP-013,Supplier 013,Japan,APAC,PLT-05,Monterrey Plant,Mexico,LATAM,SMB,France,1,1.0,16,16,0,100.0,100.0,0.0
2026-06-01,SUP-013,Supplier 013,Japan,APAC,PLT-06,Sao Paulo Ops,Brazil,LATAM,Government,Australia,1,1.0,87,70,17,80.46,0.0,4237.59
2026-06-01,SUP-014,Supplier 014,India,APAC,PLT-01,Munich Center,Germany,EMEA,Enterprise,France,1,2.0,73,84,0,115.07,100.0,0.0
2026-06-01,SUP-014,Supplier 014,India,APAC,PLT-05,Monterrey Plant,Mexico,LATAM,SMB,Canada,1,1.0,78,78,0,100.0,100.0,0.0
2026-06-01,SUP-014,Supplier 014,India,APAC,PLT-09,Hanoi Assembly,Vietnam,APAC,SMB,France,1,1.0,105,105,0,100.0,100.0,0.0
2026-06-01,SUP-014,Supplier 014,India,APAC,PLT-04,Chennai Forge,India,APAC,Government,Singapore,1,1.0,139,139,0,100.0,100.0,0.0
2026-06-01,SUP-014,Supplier 014,India,APAC,PLT-08,Taipei Micro,Taiwan,APAC,Enterprise,Japan,1,1.0,13,13,0,100.0,100.0,0.0
2026-06-01,SUP-014,Supplier 014,India,APAC,PLT-00,Shanghai Hub,China,APAC,SMB,UK,1,1.0,8,8,0,100.0,100.0,0.0
2026-06-01,SUP-015,Supplier 015,Mexico,LATAM,PLT-08,Taipei Micro,Taiwan,APAC,SMB,Germany,1,1.0,10,10,0,100.0,100.0,0.0
2026-06-01,SUP-015,Supplier 015,Mexico,LATAM,PLT-02,Detroit Works,USA,NA,Enterprise,USA,1,1.0,33,30,3,90.91,0.0,409.44
2026-06-01,SUP-015,Supplier 015,Mexico,LATAM,PLT-02,Detroit Works,USA,NA,SMB,UK,1,1.0,66,63,3,95.45,0.0,722.58
2026-06-01,SUP-015,Supplier 015,Mexico,LATAM,PLT-09,Hanoi Assembly,Vietnam,APAC,SMB,Canada,1,2.0,184,189,0,102.72,100.0,0.0
2026-06-01,SUP-015,Supplier 015,Mexico,LATAM,PLT-06,Sao Paulo Ops,Brazil,LATAM,Government,Germany,1,1.0,85,85,0,100.0,100.0,0.0
2026-06-01,SUP-015,Supplier 015,Mexico,LATAM,PLT-00,Shanghai Hub,China,APAC,Enterprise,Germany,1,1.0,91,82,9,90.11,0.0,3118.77
2026-06-01,SUP-015,Supplier 015,Mexico,LATAM,PLT-02,Detroit Works,USA,NA,Enterprise,France,1,1.0,228,228,0,100.0,100.0,0.0
2026-06-01,SUP-016,Supplier 016,Brazil,LATAM,PLT-06,Sao Paulo Ops,Brazil,LATAM,Government,Germany,1,1.0,84,84,0,100.0,100.0,0.0
2026-06-01,SUP-016,Supplier 016,Brazil,LATAM,PLT-03,Tokyo Precision,Japan,APAC,Enterprise,Germany,1,1.0,2,2,0,100.0,100.0,0.0
2026-06-01,SUP-016,Supplier 016,Brazil,LATAM,PLT-04,Chennai Forge,India,APAC,Enterprise,USA,1,1.0,73,73,0,100.0,100.0,0.0
2026-06-01,SUP-016,Supplier 016,Brazil,LATAM,PLT-00,Shanghai Hub,China,APAC,SMB,Canada,1,1.0,100,81,19,81.0,0.0,9096.82
2026-06-01,SUP-017,Supplier 017,South Korea,APAC,PLT-03,Tokyo Precision,Japan,APAC,SMB,Germany,1,2.0,211,237,0,112.32,100.0,0.0
2026-06-01,SUP-017,Supplier 017,South Korea,APAC,PLT-03,Tokyo Precision,Japan,APAC,Enterprise,Australia,1,1.0,165,165,0,100.0,100.0,0.0
2026-06-01,SUP-017,Supplier 017,South Korea,APAC,PLT-04,Chennai Forge,India,APAC,SMB,UK,1,1.0,66,66,0,100.0,100.0,0.0
2026-06-01,SUP-017,Supplier 017,South Korea,APAC,PLT-08,Taipei Micro,Taiwan,APAC,SMB,Canada,1,1.0,102,89,13,87.25,0.0,5550.61
2026-06-01,SUP-017,Supplier 017,South Korea,APAC,PLT-05,Monterrey Plant,Mexico,LATAM,Enterprise,Germany,1,1.0,32,20,12,62.5,0.0,3785.04
2026-06-01,SUP-017,Supplier 017,South Korea,APAC,PLT-03,Tokyo Precision,Japan,APAC,Government,Germany,1,1.0,72,72,0,100.0,100.0,0.0
2026-06-01,SUP-017,Supplier 017,South Korea,APAC,PLT-03,Tokyo Precision,Japan,APAC,Enterprise,France,1,1.0,18,18,0,100.0,100.0,0.0
2026-06-01,SUP-017,Supplier 017,South Korea,APAC,PLT-05,Monterrey Plant,Mexico,LATAM,Enterprise,Australia,1,1.0,34,34,0,100.0,100.0,0.0
2026-06-01,SUP-018,Supplier 018,Taiwan,APAC,PLT-06,Sao Paulo Ops,Brazil,LATAM,SMB,Australia,1,1.0,87,87,0,100.0,100.0,0.0
2026-06-01,SUP-018,Supplier 018,Taiwan,APAC,PLT-03,Tokyo Precision,Japan,APAC,SMB,Australia,1,1.0,143,143,0,100.0,100.0,0.0
2026-06-01,SUP-018,Supplier 018,Taiwan,APAC,PLT-00,Shanghai Hub,China,APAC,Enterprise,Japan,1,2.0,112,124,0,110.71,100.0,0.0
2026-06-01,SUP-018,Supplier 018,Taiwan,APAC,PLT-04,Chennai Forge,India,APAC,SMB,Canada,1,1.0,27,27,0,100.0,100.0,0.0
2026-06-01,SUP-018,Supplier 018,Taiwan,APAC,PLT-07,Seoul Tech,South Korea,APAC,Government,UK,1,1.0,25,25,0,100.0,100.0,0.0
2026-06-01,SUP-018,Supplier 018,Taiwan,APAC,PLT-06,Sao Paulo Ops,Brazil,LATAM,SMB,UK,1,1.0,45,38,7,84.44,0.0,173.81
2026-06-01,SUP-018,Supplier 018,Taiwan,APAC,PLT-01,Munich Center,Germany,EMEA,SMB,Japan,1,2.0,38,46,0,121.05,100.0,0.0
2026-06-01,SUP-018,Supplier 018,Taiwan,APAC,PLT-03,Tokyo Precision,Japan,APAC,Enterprise,Singapore,1,2.0,19,23,0,121.05,100.0,0.0
2026-06-01,SUP-018,Supplier 018,Taiwan,APAC,PLT-00,Shanghai Hub,China,APAC,Government,France,1,2.0,83,99,0,119.28,100.0,0.0
2026-06-01,SUP-019,Supplier 019,Vietnam,APAC,PLT-05,Monterrey Plant,Mexico,LATAM,SMB,Germany,1,1.0,97,97,0,100.0,100.0,0.0
2026-06-01,SUP-019,Supplier 019,Vietnam,APAC,PLT-03,Tokyo Precision,Japan,APAC,Enterprise,USA,1,2.0,1,2,0,200.0,100.0,0.0
2026-06-01,SUP-019,Supplier 019,Vietnam,APAC,PLT-01,Munich Center,Germany,EMEA,SMB,USA,1,1.0,69,69,0,100.0,100.0,0.0
2026-06-01,SUP-019,Supplier 019,Vietnam,APAC,PLT-00,Shanghai Hub,China,APAC,SMB,Germany,1,1.0,43,43,0,100.0,100.0,0.0
2026-06-01,SUP-020,Supplier 020,China,APAC,PLT-06,Sao Paulo Ops,Brazil,LATAM,SMB,UK,1,1.0,55,55,0,100.0,100.0,0.0
2026-06-01,SUP-020,Supplier 020,China,APAC,PLT-09,Hanoi Assembly,Vietnam,APAC,Enterprise,Germany,1,1.0,118,118,0,100.0,100.0,0.0
2026-06-01,SUP-021,Supplier 021,Germany,EMEA,PLT-04,Chennai Forge,India,APAC,SMB,France,1,1.0,4,3,1,75.0,0.0,114.52
2026-06-01,SUP-021,Supplier 021,Germany,EMEA,PLT-08,Taipei Micro,Taiwan,APAC,SMB,Singapore,1,1.0,30,30,0,100.0,100.0,0.0
2026-06-01,SUP-021,Supplier 021,Germany,EMEA,PLT-00,Shanghai Hub,China,APAC,Enterprise,USA,1,1.0,22,21,1,95.45,0.0,195.13
2026-06-01,SUP-021,Supplier 021,Germany,EMEA,PLT-09,Hanoi Assembly,Vietnam,APAC,Enterprise,Canada,1,1.0,60,60,0,100.0,100.0,0.0
2026-06-01,SUP-021,Supplier 021,Germany,EMEA,PLT-06,Sao Paulo Ops,Brazil,LATAM,SMB,Germany,1,1.0,57,57,0,100.0,100.0,0.0
2026-06-01,SUP-021,Supplier 021,Germany,EMEA,PLT-01,Munich Center,Germany,EMEA,Enterprise,Japan,1,1.0,26,26,0,100.0,100.0,0.0
2026-06-01,SUP-022,Supplier 022,USA,NA,PLT-04,Chennai Forge,India,APAC,SMB,Singapore,1,2.0,24,23,1,95.83,0.0,364.9
2026-06-01,SUP-022,Supplier 022,USA,NA,PLT-01,Munich Center,Germany,EMEA,SMB,Australia,1,2.0,65,80,0,123.08,100.0,0.0
2026-06-01,SUP-022,Supplier 022,USA,NA,PLT-00,Shanghai Hub,China,APAC,SMB,France,1,1.0,56,56,0,100.0,100.0,0.0
2026-06-01,SUP-022,Supplier 022,USA,NA,PLT-04,Chennai Forge,India,APAC,Enterprise,USA,1,1.0,10,10,0,100.0,100.0,0.0
2026-06-01,SUP-022,Supplier 022,USA,NA,PLT-08,Taipei Micro,Taiwan,APAC,Enterprise,Japan,1,1.0,183,183,0,100.0,100.0,0.0
2026-06-01,SUP-022,Supplier 022,USA,NA,PLT-02,Detroit Works,USA,NA,SMB,France,1,1.0,102,91,11,89.22,0.0,498.74
2026-06-01,SUP-022,Supplier 022,USA,NA,PLT-06,Sao Paulo Ops,Brazil,LATAM,Government,USA,1,1.0,161,121,40,75.16,0.0,12734.4
2026-06-01,SUP-023,Supplier 023,Japan,APAC,PLT-06,Sao Paulo Ops,Brazil,LATAM,SMB,Singapore,1,1.0,144,121,23,84.03,0.0,4541.12
2026-06-01,SUP-023,Supplier 023,Japan,APAC,PLT-02,Detroit Works,USA,NA,SMB,Singapore,1,1.0,28,26,2,92.86,0.0,302.36
2026-06-01,SUP-023,Supplier 023,Japan,APAC,PLT-04,Chennai Forge,India,APAC,Enterprise,USA,1,1.0,4,4,0,100.0,100.0,0.0
2026-06-01,SUP-023,Supplier 023,Japan,APAC,PLT-00,Shanghai Hub,China,APAC,SMB,UK,1,1.0,66,44,22,66.67,0.0,1254.0
2026-06-01,SUP-023,Supplier 023,Japan,APAC,PLT-06,Sao Paulo Ops,Brazil,LATAM,Enterprise,Japan,1,2.0,55,61,0,110.91,100.0,0.0
2026-06-01,SUP-024,Supplier 024,India,APAC,PLT-06,Sao Paulo Ops,Brazil,LATAM,SMB,France,1,1.0,37,37,0,100.0,100.0,0.0
2026-06-01,SUP-024,Supplier 024,India,APAC,PLT-09,Hanoi Assembly,Vietnam,APAC,Government,Singapore,1,1.0,40,28,12,70.0,0.0,5602.2
2026-06-01,SUP-025,Supplier 025,Mexico,LATAM,PLT-08,Taipei Micro,Taiwan,APAC,SMB,Singapore,1,1.0,22,22,0,100.0,100.0,0.0
2026-06-01,SUP-025,Supplier 025,Mexico,LATAM,PLT-02,Detroit Works,USA,NA,Enterprise,USA,1,1.0,31,31,0,100.0,100.0,0.0
2026-06-01,SUP-025,Supplier 025,Mexico,LATAM,PLT-07,Seoul Tech,South Korea,APAC,SMB,Canada,1,1.0,78,78,0,100.0,100.0,0.0
2026-06-01,SUP-025,Supplier 025,Mexico,LATAM,PLT-04,Chennai Forge,India,APAC,SMB,France,1,1.0,34,30,4,88.24,0.0,1242.48
2026-06-01,SUP-025,Supplier 025,Mexico,LATAM,PLT-08,Taipei Micro,Taiwan,APAC,Government,Germany,1,1.0,84,84,0,100.0,100.0,0.0
2026-06-01,SUP-025,Supplier 025,Mexico,LATAM,PLT-01,Munich Center,Germany,EMEA,SMB,UK,1,1.0,74,41,33,55.41,0.0,3005.97
2026-06-01,SUP-025,Supplier 025,Mexico,LATAM,PLT-04,Chennai Forge,India,APAC,SMB,Australia,1,1.0,159,159,0,100.0,100.0,0.0
2026-06-01,SUP-025,Supplier 025,Mexico,LATAM,PLT-00,Shanghai Hub,China,APAC,Government,France,1,1.0,70,70,0,100.0,100.0,0.0
2026-06-01,SUP-025,Supplier 025,Mexico,LATAM,PLT-01,Munich Center,Germany,EMEA,Enterprise,Canada,1,1.0,101,62,39,61.39,0.0,14414.01
2026-06-01,SUP-026,Supplier 026,Brazil,LATAM,PLT-00,Shanghai Hub,China,APAC,Enterprise,USA,1,1.0,83,83,0,100.0,100.0,0.0
2026-06-01,SUP-026,Supplier 026,Brazil,LATAM,PLT-06,Sao Paulo Ops,Brazil,LATAM,SMB,Germany,1,1.0,49,49,0,100.0,100.0,0.0
2026-06-01,SUP-026,Supplier 026,Brazil,LATAM,PLT-06,Sao Paulo Ops,Brazil,LATAM,Government,Canada,1,1.0,52,42,10,80.77,0.0,4148.8
2026-06-01,SUP-026,Supplier 026,Brazil,LATAM,PLT-09,Hanoi Assembly,Vietnam,APAC,SMB,Singapore,1,1.0,88,88,0,100.0,100.0,0.0
2026-06-01,SUP-026,Supplier 026,Brazil,LATAM,PLT-09,Hanoi Assembly,Vietnam,APAC,SMB,France,1,1.0,162,162,0,100.0,100.0,0.0
2026-06-01,SUP-026,Supplier 026,Brazil,LATAM,PLT-05,Monterrey Plant,Mexico,LATAM,Enterprise,Germany,1,1.0,57,57,0,100.0,100.0,0.0
2026-06-01,SUP-026,Supplier 026,Brazil,LATAM,PLT-06,Sao Paulo Ops,Brazil,LATAM,SMB,France,1,2.0,279,242,37,86.74,0.0,16494.97
2026-06-01,SUP-026,Supplier 026,Brazil,LATAM,PLT-09,Hanoi Assembly,Vietnam,APAC,SMB,Canada,1,1.0,58,58,0,100.0,100.0,0.0
2026-06-01,SUP-026,Supplier 026,Brazil,LATAM,PLT-02,Detroit Works,USA,NA,Government,Germany,1,1.0,12,12,0,100.0,100.0,0.0
2026-06-01,SUP-026,Supplier 026,Brazil,LATAM,PLT-08,Taipei Micro,Taiwan,APAC,SMB,France,1,1.0,64,64,0,100.0,100.0,0.0
2026-06-01,SUP-026,Supplier 026,Brazil,LATAM,PLT-05,Monterrey Plant,Mexico,LATAM,SMB,Canada,1,1.0,22,22,0,100.0,100.0,0.0
2026-06-01,SUP-027,Supplier 027,South Korea,APAC,PLT-05,Monterrey Plant,Mexico,LATAM,SMB,Canada,1,1.0,48,48,0,100.0,100.0,0.0
2026-06-01,SUP-027,Supplier 027,South Korea,APAC,PLT-04,Chennai Forge,India,APAC,Government,Japan,1,1.0,6,6,0,100.0,100.0,0.0
2026-06-01,SUP-027,Supplier 027,South Korea,APAC,PLT-00,Shanghai Hub,China,APAC,Enterprise,Japan,1,1.0,183,183,0,100.0,100.0,0.0
2026-06-01,SUP-027,Supplier 027,South Korea,APAC,PLT-09,Hanoi Assembly,Vietnam,APAC,Enterprise,Canada,1,1.0,114,114,0,100.0,100.0,0.0
2026-06-01,SUP-027,Supplier 027,South Korea,APAC,PLT-09,Hanoi Assembly,Vietnam,APAC,Enterprise,Singapore,1,1.0,30,30,0,100.0,100.0,0.0
2026-06-01,SUP-027,Supplier 027,South Korea,APAC,PLT-02,Detroit Works,USA,NA,Government,Germany,1,1.0,159,159,0,100.0,100.0,0.0
2026-06-01,SUP-027,Supplier 027,South Korea,APAC,PLT-05,Monterrey Plant,Mexico,LATAM,SMB,Singapore,1,2.0,1,2,0,200.0,100.0,0.0
2026-06-01,SUP-028,Supplier 028,Taiwan,APAC,PLT-04,Chennai Forge,India,APAC,Enterprise,USA,1,1.0,98,98,0,100.0,100.0,0.0
2026-06-01,SUP-028,Supplier 028,Taiwan,APAC,PLT-06,Sao Paulo Ops,Brazil,LATAM,SMB,Australia,1,1.0,39,39,0,100.0,100.0,0.0
2026-06-01,SUP-028,Supplier 028,Taiwan,APAC,PLT-01,Munich Center,Germany,EMEA,SMB,Australia,1,2.0,7,9,0,128.57,100.0,0.0
2026-06-01,SUP-028,Supplier 028,Taiwan,APAC,PLT-08,Taipei Micro,Taiwan,APAC,Government,France,1,1.0,137,132,5,96.35,0.0,1869.2
2026-06-01,SUP-028,Supplier 028,Taiwan,APAC,PLT-05,Monterrey Plant,Mexico,LATAM,SMB,Canada,1,1.0,88,88,0,100.0,100.0,0.0
2026-06-01,SUP-028,Supplier 028,Taiwan,APAC,PLT-05,Monterrey Plant,Mexico,LATAM,SMB,Germany,1,2.0,148,146,2,98.65,0.0,281.52
2026-06-01,SUP-028,Supplier 028,Taiwan,APAC,PLT-08,Taipei Micro,Taiwan,APAC,Enterprise,Germany,1,1.0,159,159,0,100.0,100.0,0.0
2026-06-01,SUP-028,Supplier 028,Taiwan,APAC,PLT-07,Seoul Tech,South Korea,APAC,SMB,Canada,1,1.0,117,117,0,100.0,100.0,0.0
2026-06-01,SUP-029,Supplier 029,Vietnam,APAC,PLT-01,Munich Center,Germany,EMEA,Enterprise,Japan,1,1.0,115,62,53,53.91,0.0,1477.64
2026-06-01,SUP-029,Supplier 029,Vietnam,APAC,PLT-02,Detroit Works,USA,NA,SMB,USA,1,1.0,166,166,0,100.0,100.0,0.0
2026-06-01,SUP-029,Supplier 029,Vietnam,APAC,PLT-05,Monterrey Plant,Mexico,LATAM,Government,Germany,1,1.0,84,84,0,100.0,100.0,0.0
2026-06-01,SUP-029,Supplier 029,Vietnam,APAC,PLT-03,Tokyo Precision,Japan,APAC,SMB,UK,1,1.0,109,109,0,100.0,100.0,0.0
2026-06-01,SUP-029,Supplier 029,Vietnam,APAC,PLT-05,Monterrey Plant,Mexico,LATAM,Enterprise,Germany,1,1.0,88,88,0,100.0,100.0,0.0
2026-06-01,SUP-029,Supplier 029,Vietnam,APAC,PLT-06,Sao Paulo Ops,Brazil,LATAM,SMB,Canada,1,1.0,75,75,0,100.0,100.0,0.0
2026-06-01,SUP-029,Supplier 029,Vietnam,APAC,PLT-06,Sao Paulo Ops,Brazil,LATAM,SMB,Australia,1,1.0,31,31,0,100.0,100.0,0.0
2026-06-01,SUP-029,Supplier 029,Vietnam,APAC,PLT-01,Munich Center,Germany,EMEA,SMB,Singapore,1,1.0,21,21,0,100.0,100.0,0.0
2026-06-01,SUP-029,Supplier 029,Vietnam,APAC,PLT-09,Hanoi Assembly,Vietnam,APAC,Government,USA,1,1.0,15,15,0,100.0,100.0,0.0
2026-06-01,SUP-030,Supplier 030,China,APAC,PLT-07,Seoul Tech,South Korea,APAC,Government,USA,1,1.0,27,26,1,96.3,0.0,474.92
2026-06-01,SUP-030,Supplier 030,China,APAC,PLT-09,Hanoi Assembly,Vietnam,APAC,Government,USA,1,1.0,126,126,0,100.0,100.0,0.0
2026-06-01,SUP-030,Supplier 030,China,APAC,PLT-08,Taipei Micro,Taiwan,APAC,Enterprise,France,1,2.0,18,21,0,116.67,100.0,0.0
2026-06-01,SUP-030,Supplier 030,China,APAC,PLT-05,Monterrey Plant,Mexico,LATAM,Enterprise,Germany,1,1.0,39,39,0,100.0,100.0,0.0
2026-06-01,SUP-030,Supplier 030,China,APAC,PLT-03,Tokyo Precision,Japan,APAC,SMB,Germany,1,1.0,26,26,0,100.0,100.0,0.0
2026-06-01,SUP-030,Supplier 030,China,APAC,PLT-00,Shanghai Hub,China,APAC,Enterprise,Singapore,1,2.0,52,58,0,111.54,100.0,0.0
2026-06-01,SUP-030,Supplier 030,China,APAC,PLT-05,Monterrey Plant,Mexico,LATAM,SMB,UK,1,1.0,49,49,0,100.0,100.0,0.0
2026-06-01,SUP-031,Supplier 031,Germany,EMEA,PLT-03,Tokyo Precision,Japan,APAC,SMB,Canada,1,1.0,81,81,0,100.0,100.0,0.0
2026-06-01,SUP-031,Supplier 031,Germany,EMEA,PLT-09,Hanoi Assembly,Vietnam,APAC,SMB,USA,1,1.0,214,120,94,56.07,0.0,41904.26
2026-06-01,SUP-031,Supplier 031,Germany,EMEA,PLT-03,Tokyo Precision,Japan,APAC,SMB,USA,1,1.0,7,7,0,100.0,100.0,0.0
2026-06-01,SUP-031,Supplier 031,Germany,EMEA,PLT-00,Shanghai Hub,China,APAC,SMB,UK,1,1.0,32,32,0,100.0,100.0,0.0
2026-06-01,SUP-031,Supplier 031,Germany,EMEA,PLT-06,Sao Paulo Ops,Brazil,LATAM,SMB,Germany,1,2.0,12,13,0,108.33,100.0,0.0
2026-06-01,SUP-031,Supplier 031,Germany,EMEA,PLT-05,Monterrey Plant,Mexico,LATAM,Government,Japan,1,2.0,30,39,0,130.0,100.0,0.0
2026-06-01,SUP-032,Supplier 032,USA,NA,PLT-07,Seoul Tech,South Korea,APAC,SMB,UK,1,1.0,2,1,1,50.0,0.0,445.71
2026-06-01,SUP-032,Supplier 032,USA,NA,PLT-02,Detroit Works,USA,NA,Enterprise,UK,1,1.0,110,110,0,100.0,100.0,0.0
2026-06-01,SUP-032,Supplier 032,USA,NA,PLT-09,Hanoi Assembly,Vietnam,APAC,Enterprise,Australia,1,1.0,76,63,13,82.89,0.0,2225.73
2026-06-01,SUP-032,Supplier 032,USA,NA,PLT-05,Monterrey Plant,Mexico,LATAM,Enterprise,France,1,2.0,9,10,0,111.11,100.0,0.0
2026-06-01,SUP-032,Supplier 032,USA,NA,PLT-04,Chennai Forge,India,APAC,SMB,Germany,1,1.0,51,51,0,100.0,100.0,0.0
2026-06-01,SUP-032,Supplier 032,USA,NA,PLT-05,Monterrey Plant,Mexico,LATAM,Government,France,1,1.0,45,45,0,100.0,100.0,0.0
2026-06-01,SUP-032,Supplier 032,USA,NA,PLT-07,Seoul Tech,South Korea,APAC,Enterprise,France,1,1.0,190,190,0,100.0,100.0,0.0
2026-06-01,SUP-033,Supplier 033,Japan,APAC,PLT-04,Chennai Forge,India,APAC,SMB,UK,1,2.0,82,92,0,112.2,100.0,0.0
2026-06-01,SUP-033,Supplier 033,Japan,APAC,PLT-07,Seoul Tech,South Korea,APAC,SMB,Canada,1,1.0,43,37,6,86.05,0.0,611.22
2026-06-01,SUP-033,Supplier 033,Japan,APAC,PLT-05,Monterrey Plant,Mexico,LATAM,SMB,France,1,1.0,9,8,1,88.89,0.0,69.18
2026-06-01,SUP-034,Supplier 034,India,APAC,PLT-09,Hanoi Assembly,Vietnam,APAC,SMB,Canada,1,1.0,116,116,0,100.0,100.0,0.0
2026-06-01,SUP-034,Supplier 034,India,APAC,PLT-00,Shanghai Hub,China,APAC,Enterprise,Singapore,1,2.0,33,34,0,103.03,100.0,0.0
2026-06-01,SUP-034,Supplier 034,India,APAC,PLT-04,Chennai Forge,India,APAC,Enterprise,USA,1,1.0,109,102,7,93.58,0.0,395.5
2026-06-01,SUP-034,Supplier 034,India,APAC,PLT-00,Shanghai Hub,China,APAC,SMB,USA,1,1.0,107,95,12,88.79,0.0,5440.92
2026-06-01,SUP-034,Supplier 034,India,APAC,PLT-01,Munich Center,Germany,EMEA,Enterprise,Australia,1,1.0,30,30,0,100.0,100.0,0.0
2026-06-01,SUP-034,Supplier 034,India,APAC,PLT-00,Shanghai Hub,China,APAC,Government,USA,1,1.0,65,65,0,100.0,100.0,0.0
2026-06-01,SUP-035,Supplier 035,Mexico,LATAM,PLT-01,Munich Center,Germany,EMEA,SMB,Australia,1,2.0,43,43,0,100.0,100.0,0.0
2026-06-01,SUP-035,Supplier 035,Mexico,LATAM,PLT-06,Sao Paulo Ops,Brazil,LATAM,SMB,Australia,1,1.0,96,96,0,100.0,100.0,0.0
2026-06-01,SUP-035,Supplier 035,Mexico,LATAM,PLT-06,Sao Paulo Ops,Brazil,LATAM,Enterprise,France,1,2.0,256,321,0,125.39,100.0,0.0
2026-06-01,SUP-035,Supplier 035,Mexico,LATAM,PLT-04,Chennai Forge,India,APAC,Government,Singapore,1,1.0,2,2,0,100.0,100.0,0.0
2026-06-01,SUP-035,Supplier 035,Mexico,LATAM,PLT-00,Shanghai Hub,China,APAC,Enterprise,Canada,1,1.0,98,98,0,100.0,100.0,0.0
2026-06-01,SUP-035,Supplier 035,Mexico,LATAM,PLT-06,Sao Paulo Ops,Brazil,LATAM,Government,UK,1,1.0,1,1,0,100.0,100.0,0.0
2026-06-01,SUP-035,Supplier 035,Mexico,LATAM,PLT-01,Munich Center,Germany,EMEA,Enterprise,Canada,1,1.0,209,209,0,100.0,100.0,0.0
2026-06-01,SUP-035,Supplier 035,Mexico,LATAM,PLT-07,Seoul Tech,South Korea,APAC,Government,Germany,1,1.0,203,203,0,100.0,100.0,0.0
2026-06-01,SUP-035,Supplier 035,Mexico,LATAM,PLT-06,Sao Paulo Ops,Brazil,LATAM,Government,France,1,2.0,102,131,0,128.43,100.0,0.0
2026-06-01,SUP-036,Supplier 036,Brazil,LATAM,PLT-09,Hanoi Assembly,Vietnam,APAC,Enterprise,Australia,1,1.0,36,36,0,100.0,100.0,0.0
2026-06-01,SUP-036,Supplier 036,Brazil,LATAM,PLT-04,Chennai Forge,India,APAC,Enterprise,USA,1,1.0,8,8,0,100.0,100.0,0.0
2026-06-01,SUP-036,Supplier 036,Brazil,LATAM,PLT-02,Detroit Works,USA,NA,Government,France,1,1.0,52,52,0,100.0,100.0,0.0
2026-06-01,SUP-036,Supplier 036,Brazil,LATAM,PLT-01,Munich Center,Germany,EMEA,SMB,France,1,1.0,176,159,17,90.34,0.0,7813.2
2026-06-01,SUP-036,Supplier 036,Brazil,LATAM,PLT-04,Chennai Forge,India,APAC,SMB,Australia,1,2.0,40,48,0,120.0,100.0,0.0
2026-06-01,SUP-036,Supplier 036,Brazil,LATAM,PLT-01,Munich Center,Germany,EMEA,SMB,USA,1,1.0,66,66,0,100.0,100.0,0.0
2026-06-01,SUP-036,Supplier 036,Brazil,LATAM,PLT-05,Monterrey Plant,Mexico,LATAM,SMB,Japan,1,1.0,74,74,0,100.0,100.0,0.0
2026-06-01,SUP-036,Supplier 036,Brazil,LATAM,PLT-02,Detroit Works,USA,NA,SMB,France,1,1.0,186,186,0,100.0,100.0,0.0
2026-06-01,SUP-036,Supplier 036,Brazil,LATAM,PLT-04,Chennai Forge,India,APAC,SMB,Singapore,1,1.0,202,202,0,100.0,100.0,0.0
2026-06-01,SUP-036,Supplier 036,Brazil,LATAM,PLT-00,Shanghai Hub,China,APAC,Government,USA,1,2.0,10,13,0,130.0,100.0,0.0
2026-06-01,SUP-036,Supplier 036,Brazil,LATAM,PLT-00,Shanghai Hub,China,APAC,Enterprise,USA,1,1.0,67,67,0,100.0,100.0,0.0
2026-06-01,SUP-036,Supplier 036,Brazil,LATAM,PLT-07,Seoul Tech,South Korea,APAC,Enterprise,USA,1,1.0,55,51,4,92.73,0.0,70.88
2026-06-01,SUP-036,Supplier 036,Brazil,LATAM,PLT-01,Munich Center,Germany,EMEA,Government,USA,1,1.0,64,64,0,100.0,100.0,0.0
2026-06-01,SUP-037,Supplier 037,South Korea,APAC,PLT-00,Shanghai Hub,China,APAC,Government,USA,1,1.0,252,252,0,100.0,100.0,0.0
2026-06-01,SUP-037,Supplier 037,South Korea,APAC,PLT-06,Sao Paulo Ops,Brazil,LATAM,SMB,Australia,1,1.0,196,196,0,100.0,100.0,0.0
2026-06-01,SUP-037,Supplier 037,South Korea,APAC,PLT-03,Tokyo Precision,Japan,APAC,SMB,France,1,1.0,58,58,0,100.0,100.0,0.0
2026-06-01,SUP-037,Supplier 037,South Korea,APAC,PLT-01,Munich Center,Germany,EMEA,SMB,France,1,1.0,69,69,0,100.0,100.0,0.0
2026-06-01,SUP-037,Supplier 037,South Korea,APAC,PLT-04,Chennai Forge,India,APAC,SMB,Australia,1,1.0,46,46,0,100.0,100.0,0.0
2026-06-01,SUP-037,Supplier 037,South Korea,APAC,PLT-09,Hanoi Assembly,Vietnam,APAC,SMB,UK,1,1.0,119,119,0,100.0,100.0,0.0
2026-06-01,SUP-037,Supplier 037,South Korea,APAC,PLT-08,Taipei Micro,Taiwan,APAC,SMB,Singapore,1,1.0,37,34,3,91.89,0.0,1084.98
2026-06-01,SUP-037,Supplier 037,South Korea,APAC,PLT-02,Detroit Works,USA,NA,SMB,UK,1,2.0,110,122,0,110.91,100.0,0.0
2026-06-01,SUP-037,Supplier 037,South Korea,APAC,PLT-04,Chennai Forge,India,APAC,SMB,Canada,1,1.0,27,27,0,100.0,100.0,0.0
2026-06-01,SUP-038,Supplier 038,Taiwan,APAC,PLT-06,Sao Paulo Ops,Brazil,LATAM,SMB,Canada,1,1.0,90,90,0,100.0,100.0,0.0
2026-06-01,SUP-038,Supplier 038,Taiwan,APAC,PLT-06,Sao Paulo Ops,Brazil,LATAM,Enterprise,USA,1,1.0,65,65,0,100.0,100.0,0.0
2026-06-01,SUP-038,Supplier 038,Taiwan,APAC,PLT-02,Detroit Works,USA,NA,Government,Australia,1,1.0,46,45,1,97.83,0.0,309.95
2026-06-01,SUP-038,Supplier 038,Taiwan,APAC,PLT-05,Monterrey Plant,Mexico,LATAM,SMB,Singapore,1,1.0,77,77,0,100.0,100.0,0.0
2026-06-01,SUP-039,Supplier 039,Vietnam,APAC,PLT-01,Munich Center,Germany,EMEA,SMB,UK,1,1.0,126,95,31,75.4,0.0,7108.3
2026-06-01,SUP-039,Supplier 039,Vietnam,APAC,PLT-06,Sao Paulo Ops,Brazil,LATAM,SMB,Singapore,1,1.0,120,120,0,100.0,100.0,0.0
2026-06-01,SUP-039,Supplier 039,Vietnam,APAC,PLT-02,Detroit Works,USA,NA,Enterprise,Australia,1,1.0,88,88,0,100.0,100.0,0.0
2026-06-01,SUP-039,Supplier 039,Vietnam,APAC,PLT-01,Munich Center,Germany,EMEA,Enterprise,Japan,1,1.0,97,97,0,100.0,100.0,0.0
2026-06-01,SUP-039,Supplier 039,Vietnam,APAC,PLT-08,Taipei Micro,Taiwan,APAC,SMB,Germany,1,1.0,21,21,0,100.0,100.0,0.0
2026-06-01,SUP-039,Supplier 039,Vietnam,APAC,PLT-02,Detroit Works,USA,NA,SMB,France,1,2.0,70,78,0,111.43,100.0,0.0
2026-06-01,SUP-039,Supplier 039,Vietnam,APAC,PLT-09,Hanoi Assembly,Vietnam,APAC,Enterprise,Japan,1,2.0,27,35,0,129.63,100.0,0.0
2026-06-01,SUP-039,Supplier 039,Vietnam,APAC,PLT-08,Taipei Micro,Taiwan,APAC,Government,Singapore,1,2.0,148,123,25,83.11,0.0,5933.75
2026-06-01,SUP-039,Supplier 039,Vietnam,APAC,PLT-06,Sao Paulo Ops,Brazil,LATAM,SMB,Australia,1,1.0,31,31,0,100.0,100.0,0.0
2026-06-01,SUP-039,Supplier 039,Vietnam,APAC,PLT-05,Monterrey Plant,Mexico,LATAM,Government,Germany,1,1.0,168,168,0,100.0,100.0,0.0
2026-06-01,SUP-039,Supplier 039,Vietnam,APAC,PLT-04,Chennai Forge,India,APAC,Enterprise,Canada,1,1.0,4,4,0,100.0,100.0,0.0
2026-06-01,SUP-040,Supplier 040,China,APAC,PLT-02,Detroit Works,USA,NA,Enterprise,France,1,1.0,8,8,0,100.0,100.0,0.0
2026-06-01,SUP-040,Supplier 040,China,APAC,PLT-04,Chennai Forge,India,APAC,SMB,Australia,1,1.0,140,140,0,100.0,100.0,0.0
2026-06-01,SUP-040,Supplier 040,China,APAC,PLT-04,Chennai Forge,India,APAC,SMB,Germany,1,1.0,68,46,22,67.65,0.0,8431.06
2026-06-01,SUP-040,Supplier 040,China,APAC,PLT-08,Taipei Micro,Taiwan,APAC,SMB,UK,1,1.0,2,1,1,50.0,0.0,108.56
2026-06-01,SUP-040,Supplier 040,China,APAC,PLT-06,Sao Paulo Ops,Brazil,LATAM,Government,Singapore,1,1.0,107,107,0,100.0,100.0,0.0
2026-06-01,SUP-040,Supplier 040,China,APAC,PLT-02,Detroit Works,USA,NA,Enterprise,Germany,2,2.0,165,118,47,71.52,50.0,21377.01
2026-06-01,SUP-040,Supplier 040,China,APAC,PLT-08,Taipei Micro,Taiwan,APAC,SMB,Australia,1,2.0,122,155,0,127.05,100.0,0.0
2026-06-01,SUP-040,Supplier 040,China,APAC,PLT-03,Tokyo Precision,Japan,APAC,SMB,Singapore,1,1.0,78,76,2,97.44,0.0,634.18
2026-06-01,SUP-040,Supplier 040,China,APAC,PLT-02,Detroit Works,USA,NA,SMB,USA,1,1.0,18,18,0,100.0,100.0,0.0
2026-06-01,SUP-041,Supplier 041,Germany,EMEA,PLT-09,Hanoi Assembly,Vietnam,APAC,SMB,UK,1,1.0,7,7,0,100.0,100.0,0.0
2026-06-01,SUP-041,Supplier 041,Germany,EMEA,PLT-09,Hanoi Assembly,Vietnam,APAC,SMB,Australia,1,1.0,89,89,0,100.0,100.0,0.0
2026-06-01,SUP-041,Supplier 041,Germany,EMEA,PLT-01,Munich Center,Germany,EMEA,Enterprise,Singapore,1,1.0,59,56,3,94.92,0.0,305.88
2026-06-01,SUP-041,Supplier 041,Germany,EMEA,PLT-03,Tokyo Precision,Japan,APAC,Government,Germany,1,1.0,132,132,0,100.0,100.0,0.0
2026-06-01,SUP-041,Supplier 041,Germany,EMEA,PLT-03,Tokyo Precision,Japan,APAC,Enterprise,Japan,1,1.0,127,104,23,81.89,0.0,5041.14
2026-06-01,SUP-041,Supplier 041,Germany,EMEA,PLT-01,Munich Center,Germany,EMEA,SMB,Germany,1,1.0,11,11,0,100.0,100.0,0.0
2026-06-01,SUP-041,Supplier 041,Germany,EMEA,PLT-02,Detroit Works,USA,NA,SMB,Japan,1,1.0,14,14,0,100.0,100.0,0.0
2026-06-01,SUP-041,Supplier 041,Germany,EMEA,PLT-05,Monterrey Plant,Mexico,LATAM,SMB,Canada,1,1.0,8,8,0,100.0,100.0,0.0
2026-06-01,SUP-041,Supplier 041,Germany,EMEA,PLT-02,Detroit Works,USA,NA,SMB,Germany,1,1.0,82,82,0,100.0,100.0,0.0
2026-06-01,SUP-042,Supplier 042,USA,NA,PLT-09,Hanoi Assembly,Vietnam,APAC,Government,Canada,1,1.0,69,61,8,88.41,0.0,2530.64
2026-06-01,SUP-042,Supplier 042,USA,NA,PLT-08,Taipei Micro,Taiwan,APAC,SMB,USA,1,1.0,27,27,0,100.0,100.0,0.0
2026-06-01,SUP-042,Supplier 042,USA,NA,PLT-02,Detroit Works,USA,NA,Enterprise,Germany,1,1.0,108,108,0,100.0,100.0,0.0
2026-06-01,SUP-042,Supplier 042,USA,NA,PLT-09,Hanoi Assembly,Vietnam,APAC,Government,Singapore,1,1.0,109,109,0,100.0,100.0,0.0
2026-06-01,SUP-042,Supplier 042,USA,NA,PLT-05,Monterrey Plant,Mexico,LATAM,SMB,Germany,1,1.0,87,87,0,100.0,100.0,0.0
2026-06-01,SUP-042,Supplier 042,USA,NA,PLT-00,Shanghai Hub,China,APAC,Enterprise,Germany,1,1.0,90,90,0,100.0,100.0,0.0
2026-06-01,SUP-042,Supplier 042,USA,NA,PLT-01,Munich Center,Germany,EMEA,Government,France,1,1.0,85,85,0,100.0,100.0,0.0
2026-06-01,SUP-042,Supplier 042,USA,NA,PLT-09,Hanoi Assembly,Vietnam,APAC,SMB,France,1,1.0,6,5,1,83.33,0.0,123.31
2026-06-01,SUP-042,Supplier 042,USA,NA,PLT-00,Shanghai Hub,China,APAC,SMB,UK,1,1.0,83,83,0,100.0,100.0,0.0
2026-06-01,SUP-043,Supplier 043,Japan,APAC,PLT-07,Seoul Tech,South Korea,APAC,Government,Japan,1,1.0,15,13,2,86.67,0.0,252.82
2026-06-01,SUP-043,Supplier 043,Japan,APAC,PLT-00,Shanghai Hub,China,APAC,Enterprise,USA,1,1.0,3,2,1,66.67,0.0,311.63
2026-06-01,SUP-043,Supplier 043,Japan,APAC,PLT-08,Taipei Micro,Taiwan,APAC,SMB,Canada,1,1.0,95,95,0,100.0,100.0,0.0
2026-06-01,SUP-043,Supplier 043,Japan,APAC,PLT-03,Tokyo Precision,Japan,APAC,SMB,Singapore,1,2.0,103,132,0,128.16,100.0,0.0
2026-06-01,SUP-043,Supplier 043,Japan,APAC,PLT-09,Hanoi Assembly,Vietnam,APAC,Enterprise,USA,1,1.0,120,120,0,100.0,100.0,0.0
2026-06-01,SUP-043,Supplier 043,Japan,APAC,PLT-05,Monterrey Plant,Mexico,LATAM,Enterprise,USA,1,1.0,27,23,4,85.19,0.0,437.8
2026-06-01,SUP-043,Supplier 043,Japan,APAC,PLT-06,Sao Paulo Ops,Brazil,LATAM,SMB,USA,1,1.0,168,168,0,100.0,100.0,0.0
2026-06-01,SUP-043,Supplier 043,Japan,APAC,PLT-04,Chennai Forge,India,APAC,Government,Canada,1,1.0,177,177,0,100.0,100.0,0.0
2026-06-01,SUP-043,Supplier 043,Japan,APAC,PLT-00,Shanghai Hub,China,APAC,SMB,Australia,1,2.0,12,13,0,108.33,100.0,0.0
2026-06-01,SUP-044,Supplier 044,India,APAC,PLT-08,Taipei Micro,Taiwan,APAC,Enterprise,Canada,1,1.0,40,40,0,100.0,100.0,0.0
2026-06-01,SUP-044,Supplier 044,India,APAC,PLT-09,Hanoi Assembly,Vietnam,APAC,SMB,Singapore,1,1.0,54,54,0,100.0,100.0,0.0
2026-06-01,SUP-044,Supplier 044,India,APAC,PLT-09,Hanoi Assembly,Vietnam,APAC,Government,Japan,1,1.0,118,113,5,95.76,0.0,1728.9
2026-06-01,SUP-044,Supplier 044,India,APAC,PLT-01,Munich Center,Germany,EMEA,Government,Germany,1,1.0,52,52,0,100.0,100.0,0.0
2026-06-01,SUP-045,Supplier 045,Mexico,LATAM,PLT-08,Taipei Micro,Taiwan,APAC,Government,Canada,1,1.0,61,61,0,100.0,100.0,0.0
2026-06-01,SUP-045,Supplier 045,Mexico,LATAM,PLT-00,Shanghai Hub,China,APAC,SMB,France,2,2.0,207,207,0,100.0,100.0,0.0
2026-06-01,SUP-045,Supplier 045,Mexico,LATAM,PLT-02,Detroit Works,USA,NA,Enterprise,Japan,1,1.0,25,25,0,100.0,100.0,0.0
2026-06-01,SUP-045,Supplier 045,Mexico,LATAM,PLT-02,Detroit Works,USA,NA,SMB,Japan,1,2.0,8,10,0,125.0,100.0,0.0
2026-06-01,SUP-045,Supplier 045,Mexico,LATAM,PLT-09,Hanoi Assembly,Vietnam,APAC,SMB,Germany,1,1.0,71,71,0,100.0,100.0,0.0
2026-06-01,SUP-045,Supplier 045,Mexico,LATAM,PLT-03,Tokyo Precision,Japan,APAC,Government,Japan,1,1.0,278,278,0,100.0,100.0,0.0
2026-06-01,SUP-045,Supplier 045,Mexico,LATAM,PLT-04,Chennai Forge,India,APAC,SMB,Singapore,1,1.0,50,45,5,90.0,0.0,1771.4
2026-06-01,SUP-045,Supplier 045,Mexico,LATAM,PLT-08,Taipei Micro,Taiwan,APAC,Government,France,1,1.0,14,14,0,100.0,100.0,0.0
2026-06-01,SUP-045,Supplier 045,Mexico,LATAM,PLT-06,Sao Paulo Ops,Brazil,LATAM,Enterprise,UK,1,1.0,129,129,0,100.0,100.0,0.0
2026-06-01,SUP-045,Supplier 045,Mexico,LATAM,PLT-07,Seoul Tech,South Korea,APAC,SMB,Japan,1,1.0,185,185,0,100.0,100.0,0.0
2026-06-01,SUP-045,Supplier 045,Mexico,LATAM,PLT-00,Shanghai Hub,China,APAC,SMB,Germany,1,1.0,58,58,0,100.0,100.0,0.0
2026-06-01,SUP-046,Supplier 046,Brazil,LATAM,PLT-02,Detroit Works,USA,NA,SMB,Japan,1,1.0,46,25,21,54.35,0.0,9028.95
2026-06-01,SUP-046,Supplier 046,Brazil,LATAM,PLT-02,Detroit Works,USA,NA,Enterprise,Germany,1,2.0,10,9,1,90.0,0.0,112.61
2026-06-01,SUP-046,Supplier 046,Brazil,LATAM,PLT-02,Detroit Works,USA,NA,Enterprise,USA,1,1.0,104,104,0,100.0,100.0,0.0
2026-06-01,SUP-046,Supplier 046,Brazil,LATAM,PLT-05,Monterrey Plant,Mexico,LATAM,SMB,Germany,1,1.0,27,24,3,88.89,0.0,145.74
2026-06-01,SUP-046,Supplier 046,Brazil,LATAM,PLT-00,Shanghai Hub,China,APAC,Enterprise,France,1,2.0,16,20,0,125.0,100.0,0.0
2026-06-01,SUP-046,Supplier 046,Brazil,LATAM,PLT-00,Shanghai Hub,China,APAC,SMB,Singapore,1,2.0,154,196,0,127.27,100.0,0.0
2026-06-01,SUP-046,Supplier 046,Brazil,LATAM,PLT-01,Munich Center,Germany,EMEA,SMB,Japan,1,1.0,47,46,1,97.87,0.0,428.82
2026-06-01,SUP-047,Supplier 047,South Korea,APAC,PLT-07,Seoul Tech,South Korea,APAC,Government,France,1,1.0,47,47,0,100.0,100.0,0.0
2026-06-01,SUP-047,Supplier 047,South Korea,APAC,PLT-06,Sao Paulo Ops,Brazil,LATAM,SMB,USA,1,1.0,86,84,2,97.67,0.0,313.54
2026-06-01,SUP-047,Supplier 047,South Korea,APAC,PLT-06,Sao Paulo Ops,Brazil,LATAM,Enterprise,Canada,1,1.0,56,56,0,100.0,100.0,0.0
2026-06-01,SUP-048,Supplier 048,Taiwan,APAC,PLT-06,Sao Paulo Ops,Brazil,LATAM,Enterprise,USA,1,1.0,151,143,8,94.7,0.0,2754.56
2026-06-01,SUP-048,Supplier 048,Taiwan,APAC,PLT-06,Sao Paulo Ops,Brazil,LATAM,Government,Singapore,1,1.0,21,21,0,100.0,100.0,0.0
2026-06-01,SUP-048,Supplier 048,Taiwan,APAC,PLT-01,Munich Center,Germany,EMEA,SMB,Singapore,1,1.0,66,66,0,100.0,100.0,0.0
2026-06-01,SUP-048,Supplier 048,Taiwan,APAC,PLT-00,Shanghai Hub,China,APAC,Government,USA,1,1.0,102,92,10,90.2,0.0,3559.1
2026-06-01,SUP-048,Supplier 048,Taiwan,APAC,PLT-05,Monterrey Plant,Mexico,LATAM,SMB,France,1,1.0,91,91,0,100.0,100.0,0.0
2026-06-01,SUP-048,Supplier 048,Taiwan,APAC,PLT-01,Munich Center,Germany,EMEA,Enterprise,Canada,1,1.0,34,34,0,100.0,100.0,0.0
2026-06-01,SUP-049,Supplier 049,Vietnam,APAC,PLT-03,Tokyo Precision,Japan,APAC,SMB,France,1,2.0,46,50,0,108.7,100.0,0.0
2026-06-01,SUP-049,Supplier 049,Vietnam,APAC,PLT-06,Sao Paulo Ops,Brazil,LATAM,SMB,Germany,1,2.0,40,49,0,122.5,100.0,0.0
2026-06-01,SUP-049,Supplier 049,Vietnam,APAC,PLT-08,Taipei Micro,Taiwan,APAC,SMB,Germany,1,1.0,38,38,0,100.0,100.0,0.0
2026-07-01,SUP-000,Supplier 000,China,APAC,PLT-02,Detroit Works,USA,NA,SMB,France,1,1.0,68,68,0,100.0,100.0,0.0
2026-07-01,SUP-000,Supplier 000,China,APAC,PLT-09,Hanoi Assembly,Vietnam,APAC,SMB,UK,2,2.0,196,196,0,100.0,100.0,0.0
2026-07-01,SUP-000,Supplier 000,China,APAC,PLT-02,Detroit Works,USA,NA,Government,Japan,1,1.0,65,65,0,100.0,100.0,0.0
2026-07-01,SUP-000,Supplier 000,China,APAC,PLT-04,Chennai Forge,India,APAC,SMB,Australia,1,1.0,77,77,0,100.0,100.0,0.0
2026-07-01,SUP-000,Supplier 000,China,APAC,PLT-04,Chennai Forge,India,APAC,Government,USA,1,1.0,36,36,0,100.0,100.0,0.0
2026-07-01,SUP-000,Supplier 000,China,APAC,PLT-06,Sao Paulo Ops,Brazil,LATAM,SMB,Canada,1,1.0,106,106,0,100.0,100.0,0.0
2026-07-01,SUP-000,Supplier 000,China,APAC,PLT-00,Shanghai Hub,China,APAC,SMB,Germany,1,1.0,86,86,0,100.0,100.0,0.0
2026-07-01,SUP-000,Supplier 000,China,APAC,PLT-05,Monterrey Plant,Mexico,LATAM,Government,Germany,1,1.0,3,3,0,100.0,100.0,0.0
2026-07-01,SUP-000,Supplier 000,China,APAC,PLT-05,Monterrey Plant,Mexico,LATAM,SMB,Singapore,1,1.0,8,6,2,75.0,0.0,521.16
2026-07-01,SUP-000,Supplier 000,China,APAC,PLT-09,Hanoi Assembly,Vietnam,APAC,Government,Singapore,1,2.0,127,127,0,100.0,100.0,0.0
2026-07-01,SUP-000,Supplier 000,China,APAC,PLT-06,Sao Paulo Ops,Brazil,LATAM,Enterprise,Japan,1,1.0,52,48,4,92.31,0.0,1883.36
2026-07-01,SUP-000,Supplier 000,China,APAC,PLT-09,Hanoi Assembly,Vietnam,APAC,SMB,Australia,1,2.0,18,23,0,127.78,100.0,0.0
2026-07-01,SUP-000,Supplier 000,China,APAC,PLT-01,Munich Center,Germany,EMEA,Government,Germany,1,2.0,24,27,0,112.5,100.0,0.0
2026-07-01,SUP-001,Supplier 001,Germany,EMEA,PLT-02,Detroit Works,USA,NA,SMB,Germany,1,1.0,91,91,0,100.0,100.0,0.0
2026-07-01,SUP-001,Supplier 001,Germany,EMEA,PLT-03,Tokyo Precision,Japan,APAC,Government,France,1,2.0,42,48,0,114.29,100.0,0.0
2026-07-01,SUP-001,Supplier 001,Germany,EMEA,PLT-05,Monterrey Plant,Mexico,LATAM,SMB,Singapore,1,1.0,128,128,0,100.0,100.0,0.0
2026-07-01,SUP-001,Supplier 001,Germany,EMEA,PLT-03,Tokyo Precision,Japan,APAC,SMB,France,1,2.0,4,5,0,125.0,100.0,0.0
2026-07-01,SUP-001,Supplier 001,Germany,EMEA,PLT-09,Hanoi Assembly,Vietnam,APAC,SMB,Australia,1,1.0,17,17,0,100.0,100.0,0.0
2026-07-01,SUP-001,Supplier 001,Germany,EMEA,PLT-04,Chennai Forge,India,APAC,Government,Canada,1,1.0,53,42,11,79.25,0.0,1789.37
2026-07-01,SUP-001,Supplier 001,Germany,EMEA,PLT-01,Munich Center,Germany,EMEA,Government,UK,1,1.0,63,63,0,100.0,100.0,0.0
2026-07-01,SUP-001,Supplier 001,Germany,EMEA,PLT-00,Shanghai Hub,China,APAC,Government,USA,1,2.0,71,80,0,112.68,100.0,0.0
2026-07-01,SUP-002,Supplier 002,USA,NA,PLT-05,Monterrey Plant,Mexico,LATAM,Government,France,1,1.0,112,112,0,100.0,100.0,0.0
2026-07-01,SUP-002,Supplier 002,USA,NA,PLT-04,Chennai Forge,India,APAC,Enterprise,Japan,1,2.0,73,74,0,101.37,100.0,0.0
2026-07-01,SUP-002,Supplier 002,USA,NA,PLT-04,Chennai Forge,India,APAC,SMB,Australia,1,1.0,36,36,0,100.0,100.0,0.0
2026-07-01,SUP-002,Supplier 002,USA,NA,PLT-03,Tokyo Precision,Japan,APAC,SMB,Germany,1,2.0,50,51,0,102.0,100.0,0.0
2026-07-01,SUP-002,Supplier 002,USA,NA,PLT-09,Hanoi Assembly,Vietnam,APAC,SMB,Australia,1,1.0,52,52,0,100.0,100.0,0.0
2026-07-01,SUP-002,Supplier 002,USA,NA,PLT-06,Sao Paulo Ops,Brazil,LATAM,Enterprise,USA,1,1.0,95,95,0,100.0,100.0,0.0
2026-07-01,SUP-002,Supplier 002,USA,NA,PLT-00,Shanghai Hub,China,APAC,Government,Germany,1,1.0,16,16,0,100.0,100.0,0.0
2026-07-01,SUP-002,Supplier 002,USA,NA,PLT-05,Monterrey Plant,Mexico,LATAM,SMB,France,1,1.0,7,7,0,100.0,100.0,0.0
2026-07-01,SUP-002,Supplier 002,USA,NA,PLT-08,Taipei Micro,Taiwan,APAC,Enterprise,Japan,1,2.0,15,19,0,126.67,100.0,0.0
2026-07-01,SUP-003,Supplier 003,Japan,APAC,PLT-07,Seoul Tech,South Korea,APAC,Enterprise,Australia,1,1.0,160,130,30,81.25,0.0,5369.1
2026-07-01,SUP-003,Supplier 003,Japan,APAC,PLT-09,Hanoi Assembly,Vietnam,APAC,Enterprise,Singapore,1,1.0,121,121,0,100.0,100.0,0.0
2026-07-01,SUP-003,Supplier 003,Japan,APAC,PLT-00,Shanghai Hub,China,APAC,Enterprise,USA,1,1.0,88,88,0,100.0,100.0,0.0
2026-07-01,SUP-003,Supplier 003,Japan,APAC,PLT-07,Seoul Tech,South Korea,APAC,SMB,Japan,1,1.0,31,22,9,70.97,0.0,2448.81
2026-07-01,SUP-003,Supplier 003,Japan,APAC,PLT-06,Sao Paulo Ops,Brazil,LATAM,SMB,Singapore,1,2.0,112,127,0,113.39,100.0,0.0
2026-07-01,SUP-003,Supplier 003,Japan,APAC,PLT-07,Seoul Tech,South Korea,APAC,SMB,Australia,1,1.0,44,44,0,100.0,100.0,0.0
2026-07-01,SUP-003,Supplier 003,Japan,APAC,PLT-06,Sao Paulo Ops,Brazil,LATAM,SMB,France,1,2.0,87,100,0,114.94,100.0,0.0
2026-07-01,SUP-003,Supplier 003,Japan,APAC,PLT-03,Tokyo Precision,Japan,APAC,SMB,Japan,1,2.0,164,211,0,128.66,100.0,0.0
2026-07-01,SUP-003,Supplier 003,Japan,APAC,PLT-07,Seoul Tech,South Korea,APAC,SMB,Germany,1,1.0,189,189,0,100.0,100.0,0.0
2026-07-01,SUP-004,Supplier 004,India,APAC,PLT-05,Monterrey Plant,Mexico,LATAM,Government,Germany,1,1.0,25,14,11,56.0,0.0,1603.8
2026-07-01,SUP-004,Supplier 004,India,APAC,PLT-09,Hanoi Assembly,Vietnam,APAC,Enterprise,France,1,1.0,121,121,0,100.0,100.0,0.0
2026-07-01,SUP-004,Supplier 004,India,APAC,PLT-08,Taipei Micro,Taiwan,APAC,Enterprise,Australia,1,2.0,29,37,0,127.59,100.0,0.0
2026-07-01,SUP-004,Supplier 004,India,APAC,PLT-08,Taipei Micro,Taiwan,APAC,Enterprise,UK,1,1.0,45,45,0,100.0,100.0,0.0
2026-07-01,SUP-004,Supplier 004,India,APAC,PLT-07,Seoul Tech,South Korea,APAC,SMB,France,1,1.0,4,4,0,100.0,100.0,0.0
2026-07-01,SUP-004,Supplier 004,India,APAC,PLT-05,Monterrey Plant,Mexico,LATAM,SMB,Australia,1,1.0,200,176,24,88.0,0.0,10957.92
2026-07-01,SUP-004,Supplier 004,India,APAC,PLT-05,Monterrey Plant,Mexico,LATAM,Enterprise,Germany,1,2.0,171,198,0,115.79,100.0,0.0
2026-07-01,SUP-004,Supplier 004,India,APAC,PLT-01,Munich Center,Germany,EMEA,Enterprise,UK,1,1.0,71,71,0,100.0,100.0,0.0
2026-07-01,SUP-005,Supplier 005,Mexico,LATAM,PLT-04,Chennai Forge,India,APAC,SMB,UK,1,1.0,39,39,0,100.0,100.0,0.0
2026-07-01,SUP-005,Supplier 005,Mexico,LATAM,PLT-07,Seoul Tech,South Korea,APAC,Enterprise,Japan,1,1.0,55,55,0,100.0,100.0,0.0
2026-07-01,SUP-005,Supplier 005,Mexico,LATAM,PLT-05,Monterrey Plant,Mexico,LATAM,SMB,Germany,1,1.0,21,15,6,71.43,0.0,637.14
2026-07-01,SUP-005,Supplier 005,Mexico,LATAM,PLT-08,Taipei Micro,Taiwan,APAC,Government,Singapore,1,1.0,57,34,23,59.65,0.0,5540.01
2026-07-01,SUP-005,Supplier 005,Mexico,LATAM,PLT-05,Monterrey Plant,Mexico,LATAM,Enterprise,USA,1,1.0,127,67,60,52.76,0.0,12790.2
2026-07-01,SUP-005,Supplier 005,Mexico,LATAM,PLT-06,Sao Paulo Ops,Brazil,LATAM,SMB,France,1,2.0,15,19,0,126.67,100.0,0.0
2026-07-01,SUP-005,Supplier 005,Mexico,LATAM,PLT-03,Tokyo Precision,Japan,APAC,SMB,Australia,1,1.0,21,21,0,100.0,100.0,0.0
2026-07-01,SUP-005,Supplier 005,Mexico,LATAM,PLT-05,Monterrey Plant,Mexico,LATAM,Enterprise,Germany,1,2.0,97,122,0,125.77,100.0,0.0
2026-07-01,SUP-005,Supplier 005,Mexico,LATAM,PLT-01,Munich Center,Germany,EMEA,SMB,Singapore,1,1.0,10,9,1,90.0,0.0,471.42
2026-07-01,SUP-006,Supplier 006,Brazil,LATAM,PLT-02,Detroit Works,USA,NA,SMB,Singapore,1,1.0,46,46,0,100.0,100.0,0.0
2026-07-01,SUP-006,Supplier 006,Brazil,LATAM,PLT-01,Munich Center,Germany,EMEA,SMB,Australia,1,1.0,37,37,0,100.0,100.0,0.0
2026-07-01,SUP-006,Supplier 006,Brazil,LATAM,PLT-07,Seoul Tech,South Korea,APAC,Government,Japan,1,1.0,26,26,0,100.0,100.0,0.0
2026-07-01,SUP-006,Supplier 006,Brazil,LATAM,PLT-08,Taipei Micro,Taiwan,APAC,Government,Germany,1,2.0,12,15,0,125.0,100.0,0.0
2026-07-01,SUP-006,Supplier 006,Brazil,LATAM,PLT-00,Shanghai Hub,China,APAC,Enterprise,Japan,1,2.0,116,130,0,112.07,100.0,0.0
2026-07-01,SUP-006,Supplier 006,Brazil,LATAM,PLT-08,Taipei Micro,Taiwan,APAC,Enterprise,Germany,1,2.0,60,45,15,75.0,0.0,3685.65
2026-07-01,SUP-006,Supplier 006,Brazil,LATAM,PLT-00,Shanghai Hub,China,APAC,SMB,France,1,1.0,145,118,27,81.38,0.0,3391.2
2026-07-01,SUP-007,Supplier 007,South Korea,APAC,PLT-05,Monterrey Plant,Mexico,LATAM,SMB,Japan,1,1.0,149,149,0,100.0,100.0,0.0
2026-07-01,SUP-007,Supplier 007,South Korea,APAC,PLT-09,Hanoi Assembly,Vietnam,APAC,Government,USA,1,1.0,22,20,2,90.91,0.0,778.96
2026-07-01,SUP-007,Supplier 007,South Korea,APAC,PLT-05,Monterrey Plant,Mexico,LATAM,Government,USA,1,2.0,19,21,0,110.53,100.0,0.0
2026-07-01,SUP-007,Supplier 007,South Korea,APAC,PLT-09,Hanoi Assembly,Vietnam,APAC,Enterprise,Canada,1,1.0,132,132,0,100.0,100.0,0.0
2026-07-01,SUP-007,Supplier 007,South Korea,APAC,PLT-05,Monterrey Plant,Mexico,LATAM,Government,Germany,1,1.0,74,74,0,100.0,100.0,0.0
2026-07-01,SUP-007,Supplier 007,South Korea,APAC,PLT-03,Tokyo Precision,Japan,APAC,SMB,Australia,1,1.0,2,2,0,100.0,100.0,0.0
2026-07-01,SUP-007,Supplier 007,South Korea,APAC,PLT-04,Chennai Forge,India,APAC,SMB,Germany,1,1.0,159,159,0,100.0,100.0,0.0
2026-07-01,SUP-007,Supplier 007,South Korea,APAC,PLT-04,Chennai Forge,India,APAC,Enterprise,Singapore,1,2.0,184,117,67,63.59,0.0,6396.49
2026-07-01,SUP-007,Supplier 007,South Korea,APAC,PLT-06,Sao Paulo Ops,Brazil,LATAM,Enterprise,UK,1,1.0,84,80,4,95.24,0.0,1567.16
2026-07-01,SUP-007,Supplier 007,South Korea,APAC,PLT-07,Seoul Tech,South Korea,APAC,Enterprise,Canada,1,1.0,3,2,1,66.67,0.0,406.32
2026-07-01,SUP-008,Supplier 008,Taiwan,APAC,PLT-08,Taipei Micro,Taiwan,APAC,Enterprise,France,1,1.0,156,156,0,100.0,100.0,0.0
2026-07-01,SUP-008,Supplier 008,Taiwan,APAC,PLT-07,Seoul Tech,South Korea,APAC,SMB,UK,1,1.0,98,98,0,100.0,100.0,0.0
2026-07-01,SUP-008,Supplier 008,Taiwan,APAC,PLT-08,Taipei Micro,Taiwan,APAC,Government,Australia,1,1.0,14,14,0,100.0,100.0,0.0
2026-07-01,SUP-008,Supplier 008,Taiwan,APAC,PLT-05,Monterrey Plant,Mexico,LATAM,Enterprise,Canada,1,1.0,13,13,0,100.0,100.0,0.0
2026-07-01,SUP-008,Supplier 008,Taiwan,APAC,PLT-02,Detroit Works,USA,NA,Enterprise,France,1,2.0,45,47,0,104.44,100.0,0.0
2026-07-01,SUP-008,Supplier 008,Taiwan,APAC,PLT-09,Hanoi Assembly,Vietnam,APAC,SMB,Canada,1,1.0,84,84,0,100.0,100.0,0.0
2026-07-01,SUP-008,Supplier 008,Taiwan,APAC,PLT-05,Monterrey Plant,Mexico,LATAM,Enterprise,UK,1,1.0,177,177,0,100.0,100.0,0.0
2026-07-01,SUP-009,Supplier 009,Vietnam,APAC,PLT-04,Chennai Forge,India,APAC,SMB,Australia,1,2.0,24,16,8,66.67,0.0,3937.04
2026-07-01,SUP-009,Supplier 009,Vietnam,APAC,PLT-07,Seoul Tech,South Korea,APAC,Enterprise,Canada,1,1.0,13,13,0,100.0,100.0,0.0
2026-07-01,SUP-009,Supplier 009,Vietnam,APAC,PLT-00,Shanghai Hub,China,APAC,Enterprise,Germany,1,1.0,157,157,0,100.0,100.0,0.0
2026-07-01,SUP-009,Supplier 009,Vietnam,APAC,PLT-00,Shanghai Hub,China,APAC,SMB,Singapore,1,2.0,14,18,0,128.57,100.0,0.0
2026-07-01,SUP-009,Supplier 009,Vietnam,APAC,PLT-09,Hanoi Assembly,Vietnam,APAC,SMB,France,1,2.0,70,89,0,127.14,100.0,0.0
2026-07-01,SUP-009,Supplier 009,Vietnam,APAC,PLT-09,Hanoi Assembly,Vietnam,APAC,Enterprise,UK,1,2.0,136,171,0,125.74,100.0,0.0
2026-07-01,SUP-009,Supplier 009,Vietnam,APAC,PLT-04,Chennai Forge,India,APAC,SMB,UK,1,1.0,114,114,0,100.0,100.0,0.0
2026-07-01,SUP-009,Supplier 009,Vietnam,APAC,PLT-06,Sao Paulo Ops,Brazil,LATAM,Enterprise,France,1,2.0,35,40,0,114.29,100.0,0.0
2026-07-01,SUP-009,Supplier 009,Vietnam,APAC,PLT-06,Sao Paulo Ops,Brazil,LATAM,SMB,Germany,1,1.0,106,83,23,78.3,0.0,4926.14
2026-07-01,SUP-010,Supplier 010,China,APAC,PLT-04,Chennai Forge,India,APAC,Enterprise,Australia,1,2.0,46,50,0,108.7,100.0,0.0
2026-07-01,SUP-010,Supplier 010,China,APAC,PLT-04,Chennai Forge,India,APAC,SMB,France,1,2.0,84,102,0,121.43,100.0,0.0
2026-07-01,SUP-010,Supplier 010,China,APAC,PLT-07,Seoul Tech,South Korea,APAC,Enterprise,USA,1,1.0,22,22,0,100.0,100.0,0.0
2026-07-01,SUP-010,Supplier 010,China,APAC,PLT-01,Munich Center,Germany,EMEA,Enterprise,Japan,1,1.0,35,35,0,100.0,100.0,0.0
2026-07-01,SUP-010,Supplier 010,China,APAC,PLT-02,Detroit Works,USA,NA,SMB,France,1,1.0,185,185,0,100.0,100.0,0.0
2026-07-01,SUP-010,Supplier 010,China,APAC,PLT-06,Sao Paulo Ops,Brazil,LATAM,Enterprise,Canada,1,1.0,30,25,5,83.33,0.0,598.55
2026-07-01,SUP-010,Supplier 010,China,APAC,PLT-07,Seoul Tech,South Korea,APAC,SMB,USA,1,1.0,107,107,0,100.0,100.0,0.0
2026-07-01,SUP-010,Supplier 010,China,APAC,PLT-08,Taipei Micro,Taiwan,APAC,SMB,France,1,2.0,50,60,0,120.0,100.0,0.0
2026-07-01,SUP-010,Supplier 010,China,APAC,PLT-06,Sao Paulo Ops,Brazil,LATAM,Government,Australia,1,1.0,66,66,0,100.0,100.0,0.0
2026-07-01,SUP-011,Supplier 011,Germany,EMEA,PLT-03,Tokyo Precision,Japan,APAC,SMB,USA,1,1.0,68,68,0,100.0,100.0,0.0
2026-07-01,SUP-011,Supplier 011,Germany,EMEA,PLT-03,Tokyo Precision,Japan,APAC,SMB,UK,1,1.0,84,84,0,100.0,100.0,0.0
2026-07-01,SUP-011,Supplier 011,Germany,EMEA,PLT-01,Munich Center,Germany,EMEA,Enterprise,USA,1,1.0,56,56,0,100.0,100.0,0.0
2026-07-01,SUP-011,Supplier 011,Germany,EMEA,PLT-05,Monterrey Plant,Mexico,LATAM,Enterprise,USA,1,1.0,29,24,5,82.76,0.0,395.3
2026-07-01,SUP-011,Supplier 011,Germany,EMEA,PLT-01,Munich Center,Germany,EMEA,Government,Canada,1,1.0,97,97,0,100.0,100.0,0.0
2026-07-01,SUP-011,Supplier 011,Germany,EMEA,PLT-09,Hanoi Assembly,Vietnam,APAC,SMB,Singapore,1,1.0,27,27,0,100.0,100.0,0.0
2026-07-01,SUP-011,Supplier 011,Germany,EMEA,PLT-03,Tokyo Precision,Japan,APAC,SMB,Japan,1,1.0,128,70,58,54.69,0.0,4767.6
2026-07-01,SUP-011,Supplier 011,Germany,EMEA,PLT-00,Shanghai Hub,China,APAC,SMB,Japan,2,2.0,136,136,0,100.0,100.0,0.0
2026-07-01,SUP-012,Supplier 012,USA,NA,PLT-03,Tokyo Precision,Japan,APAC,SMB,France,1,1.0,3,3,0,100.0,100.0,0.0
2026-07-01,SUP-012,Supplier 012,USA,NA,PLT-05,Monterrey Plant,Mexico,LATAM,Enterprise,Australia,1,2.0,95,111,0,116.84,100.0,0.0
2026-07-01,SUP-012,Supplier 012,USA,NA,PLT-00,Shanghai Hub,China,APAC,Enterprise,Japan,1,1.0,225,225,0,100.0,100.0,0.0
2026-07-01,SUP-012,Supplier 012,USA,NA,PLT-07,Seoul Tech,South Korea,APAC,Government,Australia,1,1.0,3,3,0,100.0,100.0,0.0
2026-07-01,SUP-012,Supplier 012,USA,NA,PLT-00,Shanghai Hub,China,APAC,SMB,France,2,3.0,188,197,20,104.79,50.0,9874.8
2026-07-01,SUP-012,Supplier 012,USA,NA,PLT-04,Chennai Forge,India,APAC,SMB,UK,1,1.0,107,104,3,97.2,0.0,366.84
2026-07-01,SUP-013,Supplier 013,Japan,APAC,PLT-08,Taipei Micro,Taiwan,APAC,Enterprise,USA,1,1.0,22,22,0,100.0,100.0,0.0
2026-07-01,SUP-013,Supplier 013,Japan,APAC,PLT-03,Tokyo Precision,Japan,APAC,SMB,Singapore,1,1.0,49,49,0,100.0,100.0,0.0
2026-07-01,SUP-013,Supplier 013,Japan,APAC,PLT-02,Detroit Works,USA,NA,Enterprise,France,1,1.0,166,166,0,100.0,100.0,0.0
2026-07-01,SUP-013,Supplier 013,Japan,APAC,PLT-09,Hanoi Assembly,Vietnam,APAC,Government,USA,1,2.0,10,12,0,120.0,100.0,0.0
2026-07-01,SUP-013,Supplier 013,Japan,APAC,PLT-06,Sao Paulo Ops,Brazil,LATAM,Enterprise,Japan,1,1.0,8,6,2,75.0,0.0,600.56
2026-07-01,SUP-013,Supplier 013,Japan,APAC,PLT-03,Tokyo Precision,Japan,APAC,Government,Singapore,1,2.0,126,154,0,122.22,100.0,0.0
2026-07-01,SUP-013,Supplier 013,Japan,APAC,PLT-03,Tokyo Precision,Japan,APAC,Government,USA,1,1.0,104,104,0,100.0,100.0,0.0
2026-07-01,SUP-013,Supplier 013,Japan,APAC,PLT-06,Sao Paulo Ops,Brazil,LATAM,SMB,Australia,1,2.0,35,40,0,114.29,100.0,0.0
2026-07-01,SUP-014,Supplier 014,India,APAC,PLT-09,Hanoi Assembly,Vietnam,APAC,SMB,Singapore,1,1.0,13,11,2,84.62,0.0,137.78
2026-07-01,SUP-014,Supplier 014,India,APAC,PLT-07,Seoul Tech,South Korea,APAC,Enterprise,Japan,1,1.0,90,90,0,100.0,100.0,0.0
2026-07-01,SUP-014,Supplier 014,India,APAC,PLT-08,Taipei Micro,Taiwan,APAC,SMB,Australia,1,2.0,17,21,0,123.53,100.0,0.0
2026-07-01,SUP-014,Supplier 014,India,APAC,PLT-03,Tokyo Precision,Japan,APAC,Government,Canada,1,1.0,203,203,0,100.0,100.0,0.0
2026-07-01,SUP-015,Supplier 015,Mexico,LATAM,PLT-03,Tokyo Precision,Japan,APAC,Government,USA,1,1.0,23,23,0,100.0,100.0,0.0
2026-07-01,SUP-015,Supplier 015,Mexico,LATAM,PLT-05,Monterrey Plant,Mexico,LATAM,Government,Germany,1,1.0,48,48,0,100.0,100.0,0.0
2026-07-01,SUP-015,Supplier 015,Mexico,LATAM,PLT-08,Taipei Micro,Taiwan,APAC,Government,USA,1,1.0,47,47,0,100.0,100.0,0.0
2026-07-01,SUP-015,Supplier 015,Mexico,LATAM,PLT-00,Shanghai Hub,China,APAC,Enterprise,Japan,1,1.0,44,44,0,100.0,100.0,0.0
2026-07-01,SUP-015,Supplier 015,Mexico,LATAM,PLT-09,Hanoi Assembly,Vietnam,APAC,Enterprise,Japan,1,1.0,106,106,0,100.0,100.0,0.0
2026-07-01,SUP-015,Supplier 015,Mexico,LATAM,PLT-07,Seoul Tech,South Korea,APAC,Enterprise,France,1,1.0,130,130,0,100.0,100.0,0.0
2026-07-01,SUP-015,Supplier 015,Mexico,LATAM,PLT-00,Shanghai Hub,China,APAC,SMB,Singapore,1,1.0,151,98,53,64.9,0.0,22479.95
2026-07-01,SUP-016,Supplier 016,Brazil,LATAM,PLT-07,Seoul Tech,South Korea,APAC,SMB,Singapore,1,2.0,90,90,0,100.0,100.0,0.0
2026-07-01,SUP-017,Supplier 017,South Korea,APAC,PLT-05,Monterrey Plant,Mexico,LATAM,Government,Australia,1,1.0,220,220,0,100.0,100.0,0.0
2026-07-01,SUP-017,Supplier 017,South Korea,APAC,PLT-00,Shanghai Hub,China,APAC,Enterprise,France,1,2.0,57,71,0,124.56,100.0,0.0
2026-07-01,SUP-017,Supplier 017,South Korea,APAC,PLT-08,Taipei Micro,Taiwan,APAC,SMB,UK,1,2.0,14,16,0,114.29,100.0,0.0
2026-07-01,SUP-017,Supplier 017,South Korea,APAC,PLT-05,Monterrey Plant,Mexico,LATAM,Government,France,1,1.0,14,12,2,85.71,0.0,174.88
2026-07-01,SUP-017,Supplier 017,South Korea,APAC,PLT-05,Monterrey Plant,Mexico,LATAM,Enterprise,Germany,1,1.0,106,106,0,100.0,100.0,0.0
2026-07-01,SUP-017,Supplier 017,South Korea,APAC,PLT-09,Hanoi Assembly,Vietnam,APAC,Enterprise,Canada,1,1.0,189,189,0,100.0,100.0,0.0
2026-07-01,SUP-017,Supplier 017,South Korea,APAC,PLT-07,Seoul Tech,South Korea,APAC,SMB,Singapore,1,2.0,152,111,41,73.03,0.0,7495.21
2026-07-01,SUP-017,Supplier 017,South Korea,APAC,PLT-07,Seoul Tech,South Korea,APAC,SMB,France,1,1.0,38,38,0,100.0,100.0,0.0
2026-07-01,SUP-018,Supplier 018,Taiwan,APAC,PLT-06,Sao Paulo Ops,Brazil,LATAM,SMB,Singapore,1,1.0,104,104,0,100.0,100.0,0.0
2026-07-01,SUP-018,Supplier 018,Taiwan,APAC,PLT-06,Sao Paulo Ops,Brazil,LATAM,SMB,Germany,1,2.0,132,156,0,118.18,100.0,0.0
2026-07-01,SUP-018,Supplier 018,Taiwan,APAC,PLT-09,Hanoi Assembly,Vietnam,APAC,Enterprise,Japan,1,2.0,18,21,0,116.67,100.0,0.0
2026-07-01,SUP-019,Supplier 019,Vietnam,APAC,PLT-06,Sao Paulo Ops,Brazil,LATAM,SMB,Canada,2,2.0,237,237,0,100.0,100.0,0.0
2026-07-01,SUP-019,Supplier 019,Vietnam,APAC,PLT-07,Seoul Tech,South Korea,APAC,Enterprise,USA,1,2.0,22,18,4,81.82,0.0,396.8
2026-07-01,SUP-019,Supplier 019,Vietnam,APAC,PLT-02,Detroit Works,USA,NA,Government,Australia,1,1.0,41,41,0,100.0,100.0,0.0
2026-07-01,SUP-019,Supplier 019,Vietnam,APAC,PLT-03,Tokyo Precision,Japan,APAC,SMB,Germany,1,1.0,60,60,0,100.0,100.0,0.0
2026-07-01,SUP-019,Supplier 019,Vietnam,APAC,PLT-03,Tokyo Precision,Japan,APAC,Government,USA,1,1.0,110,110,0,100.0,100.0,0.0
2026-07-01,SUP-019,Supplier 019,Vietnam,APAC,PLT-00,Shanghai Hub,China,APAC,Government,UK,1,1.0,172,172,0,100.0,100.0,0.0
2026-07-01,SUP-019,Supplier 019,Vietnam,APAC,PLT-00,Shanghai Hub,China,APAC,SMB,UK,1,2.0,12,12,0,100.0,100.0,0.0
2026-07-01,SUP-020,Supplier 020,China,APAC,PLT-08,Taipei Micro,Taiwan,APAC,SMB,Australia,1,1.0,26,26,0,100.0,100.0,0.0
2026-07-01,SUP-020,Supplier 020,China,APAC,PLT-00,Shanghai Hub,China,APAC,Government,Canada,1,2.0,41,51,0,124.39,100.0,0.0
2026-07-01,SUP-020,Supplier 020,China,APAC,PLT-01,Munich Center,Germany,EMEA,Government,USA,1,2.0,24,27,0,112.5,100.0,0.0
2026-07-01,SUP-020,Supplier 020,China,APAC,PLT-09,Hanoi Assembly,Vietnam,APAC,SMB,UK,1,1.0,248,248,0,100.0,100.0,0.0
2026-07-01,SUP-021,Supplier 021,Germany,EMEA,PLT-06,Sao Paulo Ops,Brazil,LATAM,Enterprise,USA,1,1.0,9,9,0,100.0,100.0,0.0
2026-07-01,SUP-021,Supplier 021,Germany,EMEA,PLT-04,Chennai Forge,India,APAC,SMB,Singapore,1,1.0,95,95,0,100.0,100.0,0.0
2026-07-01,SUP-021,Supplier 021,Germany,EMEA,PLT-07,Seoul Tech,South Korea,APAC,SMB,Singapore,1,1.0,43,40,3,93.02,0.0,1352.07
2026-07-01,SUP-022,Supplier 022,USA,NA,PLT-00,Shanghai Hub,China,APAC,SMB,Australia,1,1.0,23,23,0,100.0,100.0,0.0
2026-07-01,SUP-022,Supplier 022,USA,NA,PLT-01,Munich Center,Germany,EMEA,Government,Germany,2,3.0,218,210,8,96.33,50.0,2573.28
2026-07-01,SUP-022,Supplier 022,USA,NA,PLT-04,Chennai Forge,India,APAC,Government,Singapore,1,1.0,150,150,0,100.0,100.0,0.0
2026-07-01,SUP-022,Supplier 022,USA,NA,PLT-00,Shanghai Hub,China,APAC,Enterprise,Canada,1,1.0,139,136,3,97.84,0.0,408.84
2026-07-01,SUP-022,Supplier 022,USA,NA,PLT-07,Seoul Tech,South Korea,APAC,Government,France,1,1.0,63,33,30,52.38,0.0,11415.6
2026-07-01,SUP-022,Supplier 022,USA,NA,PLT-08,Taipei Micro,Taiwan,APAC,Enterprise,Germany,1,2.0,157,175,0,111.46,100.0,0.0
2026-07-01,SUP-023,Supplier 023,Japan,APAC,PLT-00,Shanghai Hub,China,APAC,SMB,UK,1,1.0,45,45,0,100.0,100.0,0.0
2026-07-01,SUP-023,Supplier 023,Japan,APAC,PLT-00,Shanghai Hub,China,APAC,Enterprise,Germany,1,2.0,5,6,0,120.0,100.0,0.0
2026-07-01,SUP-023,Supplier 023,Japan,APAC,PLT-05,Monterrey Plant,Mexico,LATAM,Government,USA,1,1.0,79,79,0,100.0,100.0,0.0
2026-07-01,SUP-023,Supplier 023,Japan,APAC,PLT-00,Shanghai Hub,China,APAC,SMB,Singapore,1,1.0,116,116,0,100.0,100.0,0.0
2026-07-01,SUP-023,Supplier 023,Japan,APAC,PLT-03,Tokyo Precision,Japan,APAC,Enterprise,UK,1,1.0,30,30,0,100.0,100.0,0.0
2026-07-01,SUP-023,Supplier 023,Japan,APAC,PLT-09,Hanoi Assembly,Vietnam,APAC,Government,Australia,1,1.0,43,37,6,86.05,0.0,2773.56
2026-07-01,SUP-024,Supplier 024,India,APAC,PLT-05,Monterrey Plant,Mexico,LATAM,SMB,Canada,1,1.0,152,152,0,100.0,100.0,0.0
2026-07-01,SUP-024,Supplier 024,India,APAC,PLT-07,Seoul Tech,South Korea,APAC,Enterprise,Canada,1,1.0,14,14,0,100.0,100.0,0.0
2026-07-01,SUP-024,Supplier 024,India,APAC,PLT-05,Monterrey Plant,Mexico,LATAM,SMB,Japan,1,1.0,77,77,0,100.0,100.0,0.0
2026-07-01,SUP-024,Supplier 024,India,APAC,PLT-09,Hanoi Assembly,Vietnam,APAC,SMB,Australia,1,2.0,149,192,0,128.86,100.0,0.0
2026-07-01,SUP-024,Supplier 024,India,APAC,PLT-08,Taipei Micro,Taiwan,APAC,Government,Japan,1,1.0,16,15,1,93.75,0.0,69.87
2026-07-01,SUP-024,Supplier 024,India,APAC,PLT-00,Shanghai Hub,China,APAC,Government,USA,1,1.0,109,109,0,100.0,100.0,0.0
2026-07-01,SUP-024,Supplier 024,India,APAC,PLT-06,Sao Paulo Ops,Brazil,LATAM,Government,Singapore,1,1.0,109,109,0,100.0,100.0,0.0
2026-07-01,SUP-024,Supplier 024,India,APAC,PLT-03,Tokyo Precision,Japan,APAC,Government,France,1,2.0,24,28,0,116.67,100.0,0.0
2026-07-01,SUP-025,Supplier 025,Mexico,LATAM,PLT-05,Monterrey Plant,Mexico,LATAM,SMB,UK,1,2.0,149,191,0,128.19,100.0,0.0
2026-07-01,SUP-025,Supplier 025,Mexico,LATAM,PLT-05,Monterrey Plant,Mexico,LATAM,Enterprise,Germany,1,1.0,40,40,0,100.0,100.0,0.0
2026-07-01,SUP-025,Supplier 025,Mexico,LATAM,PLT-04,Chennai Forge,India,APAC,Government,Germany,1,1.0,71,71,0,100.0,100.0,0.0
2026-07-01,SUP-025,Supplier 025,Mexico,LATAM,PLT-03,Tokyo Precision,Japan,APAC,Government,Japan,1,1.0,47,29,18,61.7,0.0,7193.16
2026-07-01,SUP-026,Supplier 026,Brazil,LATAM,PLT-02,Detroit Works,USA,NA,SMB,France,1,2.0,22,27,0,122.73,100.0,0.0
2026-07-01,SUP-026,Supplier 026,Brazil,LATAM,PLT-01,Munich Center,Germany,EMEA,SMB,France,1,1.0,52,52,0,100.0,100.0,0.0
2026-07-01,SUP-026,Supplier 026,Brazil,LATAM,PLT-00,Shanghai Hub,China,APAC,SMB,Germany,1,1.0,76,61,15,80.26,0.0,6717.3
2026-07-01,SUP-026,Supplier 026,Brazil,LATAM,PLT-06,Sao Paulo Ops,Brazil,LATAM,SMB,Australia,1,1.0,39,39,0,100.0,100.0,0.0
2026-07-01,SUP-026,Supplier 026,Brazil,LATAM,PLT-09,Hanoi Assembly,Vietnam,APAC,SMB,UK,1,1.0,5,5,0,100.0,100.0,0.0
2026-07-01,SUP-026,Supplier 026,Brazil,LATAM,PLT-08,Taipei Micro,Taiwan,APAC,Enterprise,USA,1,1.0,164,164,0,100.0,100.0,0.0
2026-07-01,SUP-026,Supplier 026,Brazil,LATAM,PLT-02,Detroit Works,USA,NA,SMB,UK,1,2.0,97,117,0,120.62,100.0,0.0
2026-07-01,SUP-026,Supplier 026,Brazil,LATAM,PLT-05,Monterrey Plant,Mexico,LATAM,SMB,Australia,1,1.0,70,62,8,88.57,0.0,1672.16
2026-07-01,SUP-027,Supplier 027,South Korea,APAC,PLT-09,Hanoi Assembly,Vietnam,APAC,Enterprise,France,1,1.0,42,39,3,92.86,0.0,1383.15
2026-07-01,SUP-027,Supplier 027,South Korea,APAC,PLT-07,Seoul Tech,South Korea,APAC,Enterprise,USA,1,1.0,110,99,11,90.0,0.0,2079.0
2026-07-01,SUP-027,Supplier 027,South Korea,APAC,PLT-03,Tokyo Precision,Japan,APAC,Government,Germany,1,2.0,62,73,0,117.74,100.0,0.0
2026-07-01,SUP-027,Supplier 027,South Korea,APAC,PLT-08,Taipei Micro,Taiwan,APAC,Enterprise,Germany,1,1.0,54,54,0,100.0,100.0,0.0
2026-07-01,SUP-027,Supplier 027,South Korea,APAC,PLT-00,Shanghai Hub,China,APAC,Government,UK,1,1.0,17,17,0,100.0,100.0,0.0
2026-07-01,SUP-027,Supplier 027,South Korea,APAC,PLT-05,Monterrey Plant,Mexico,LATAM,Government,Singapore,1,1.0,76,49,27,64.47,0.0,930.42
2026-07-01,SUP-027,Supplier 027,South Korea,APAC,PLT-00,Shanghai Hub,China,APAC,Enterprise,Singapore,1,1.0,39,39,0,100.0,100.0,0.0
2026-07-01,SUP-028,Supplier 028,Taiwan,APAC,PLT-00,Shanghai Hub,China,APAC,SMB,Singapore,1,1.0,25,25,0,100.0,100.0,0.0
2026-07-01,SUP-028,Supplier 028,Taiwan,APAC,PLT-02,Detroit Works,USA,NA,SMB,Singapore,1,1.0,44,44,0,100.0,100.0,0.0
2026-07-01,SUP-028,Supplier 028,Taiwan,APAC,PLT-07,Seoul Tech,South Korea,APAC,Enterprise,Japan,1,1.0,77,77,0,100.0,100.0,0.0
2026-07-01,SUP-028,Supplier 028,Taiwan,APAC,PLT-00,Shanghai Hub,China,APAC,SMB,UK,1,1.0,111,111,0,100.0,100.0,0.0
2026-07-01,SUP-028,Supplier 028,Taiwan,APAC,PLT-05,Monterrey Plant,Mexico,LATAM,Enterprise,Japan,1,2.0,149,151,0,101.34,100.0,0.0
2026-07-01,SUP-028,Supplier 028,Taiwan,APAC,PLT-00,Shanghai Hub,China,APAC,Government,Japan,1,1.0,71,37,34,52.11,0.0,11434.88
2026-07-01,SUP-028,Supplier 028,Taiwan,APAC,PLT-07,Seoul Tech,South Korea,APAC,Government,Japan,1,1.0,123,123,0,100.0,100.0,0.0
2026-07-01,SUP-029,Supplier 029,Vietnam,APAC,PLT-08,Taipei Micro,Taiwan,APAC,Enterprise,Canada,1,1.0,138,138,0,100.0,100.0,0.0
2026-07-01,SUP-029,Supplier 029,Vietnam,APAC,PLT-00,Shanghai Hub,China,APAC,Government,France,1,1.0,96,96,0,100.0,100.0,0.0
2026-07-01,SUP-029,Supplier 029,Vietnam,APAC,PLT-08,Taipei Micro,Taiwan,APAC,Enterprise,USA,1,1.0,80,69,11,86.25,0.0,3743.3
2026-07-01,SUP-029,Supplier 029,Vietnam,APAC,PLT-00,Shanghai Hub,China,APAC,Enterprise,USA,1,1.0,25,25,0,100.0,100.0,0.0
2026-07-01,SUP-029,Supplier 029,Vietnam,APAC,PLT-02,Detroit Works,USA,NA,SMB,Germany,1,1.0,82,74,8,90.24,0.0,2033.92
2026-07-01,SUP-029,Supplier 029,Vietnam,APAC,PLT-05,Monterrey Plant,Mexico,LATAM,SMB,Singapore,1,1.0,34,33,1,97.06,0.0,171.08
2026-07-01,SUP-030,Supplier 030,China,APAC,PLT-05,Monterrey Plant,Mexico,LATAM,SMB,UK,1,1.0,16,15,1,93.75,0.0,472.43
2026-07-01,SUP-030,Supplier 030,China,APAC,PLT-06,Sao Paulo Ops,Brazil,LATAM,SMB,Singapore,1,1.0,81,81,0,100.0,100.0,0.0
2026-07-01,SUP-030,Supplier 030,China,APAC,PLT-02,Detroit Works,USA,NA,SMB,France,1,2.0,133,158,0,118.8,100.0,0.0
2026-07-01,SUP-030,Supplier 030,China,APAC,PLT-09,Hanoi Assembly,Vietnam,APAC,Enterprise,Australia,1,2.0,69,85,0,123.19,100.0,0.0
2026-07-01,SUP-030,Supplier 030,China,APAC,PLT-03,Tokyo Precision,Japan,APAC,SMB,Canada,1,2.0,169,188,0,111.24,100.0,0.0
2026-07-01,SUP-030,Supplier 030,China,APAC,PLT-07,Seoul Tech,South Korea,APAC,Government,Germany,1,1.0,100,99,1,99.0,0.0,425.77
2026-07-01,SUP-030,Supplier 030,China,APAC,PLT-05,Monterrey Plant,Mexico,LATAM,Enterprise,USA,1,2.0,17,20,0,117.65,100.0,0.0
2026-07-01,SUP-031,Supplier 031,Germany,EMEA,PLT-02,Detroit Works,USA,NA,Government,Germany,1,1.0,70,70,0,100.0,100.0,0.0
2026-07-01,SUP-031,Supplier 031,Germany,EMEA,PLT-08,Taipei Micro,Taiwan,APAC,SMB,France,1,1.0,65,65,0,100.0,100.0,0.0
2026-07-01,SUP-031,Supplier 031,Germany,EMEA,PLT-08,Taipei Micro,Taiwan,APAC,SMB,Singapore,1,1.0,93,73,20,78.49,0.0,8572.8
2026-07-01,SUP-031,Supplier 031,Germany,EMEA,PLT-09,Hanoi Assembly,Vietnam,APAC,SMB,Australia,1,1.0,104,104,0,100.0,100.0,0.0
2026-07-01,SUP-031,Supplier 031,Germany,EMEA,PLT-08,Taipei Micro,Taiwan,APAC,Government,Singapore,1,1.0,17,15,2,88.24,0.0,934.4
2026-07-01,SUP-031,Supplier 031,Germany,EMEA,PLT-01,Munich Center,Germany,EMEA,Enterprise,UK,1,2.0,58,72,0,124.14,100.0,0.0
2026-07-01,SUP-031,Supplier 031,Germany,EMEA,PLT-02,Detroit Works,USA,NA,SMB,Canada,1,2.0,96,107,0,111.46,100.0,0.0
2026-07-01,SUP-032,Supplier 032,USA,NA,PLT-00,Shanghai Hub,China,APAC,Enterprise,Japan,1,1.0,117,84,33,71.79,0.0,14080.44
2026-07-01,SUP-032,Supplier 032,USA,NA,PLT-07,Seoul Tech,South Korea,APAC,Government,Canada,1,1.0,86,86,0,100.0,100.0,0.0
2026-07-01,SUP-032,Supplier 032,USA,NA,PLT-08,Taipei Micro,Taiwan,APAC,Enterprise,Japan,1,2.0,69,89,0,128.99,100.0,0.0
2026-07-01,SUP-032,Supplier 032,USA,NA,PLT-02,Detroit Works,USA,NA,SMB,Singapore,1,1.0,27,27,0,100.0,100.0,0.0
2026-07-01,SUP-032,Supplier 032,USA,NA,PLT-08,Taipei Micro,Taiwan,APAC,Enterprise,Australia,1,1.0,64,64,0,100.0,100.0,0.0
2026-07-01,SUP-032,Supplier 032,USA,NA,PLT-01,Munich Center,Germany,EMEA,SMB,USA,1,2.0,71,76,0,107.04,100.0,0.0
2026-07-01,SUP-032,Supplier 032,USA,NA,PLT-09,Hanoi Assembly,Vietnam,APAC,Enterprise,France,1,1.0,29,29,0,100.0,100.0,0.0
2026-07-01,SUP-032,Supplier 032,USA,NA,PLT-02,Detroit Works,USA,NA,SMB,France,1,1.0,55,55,0,100.0,100.0,0.0
2026-07-01,SUP-032,Supplier 032,USA,NA,PLT-07,Seoul Tech,South Korea,APAC,Enterprise,Australia,1,1.0,44,44,0,100.0,100.0,0.0
2026-07-01,SUP-033,Supplier 033,Japan,APAC,PLT-03,Tokyo Precision,Japan,APAC,SMB,USA,1,1.0,46,46,0,100.0,100.0,0.0
2026-07-01,SUP-033,Supplier 033,Japan,APAC,PLT-03,Tokyo Precision,Japan,APAC,Government,USA,1,1.0,179,146,33,81.56,0.0,4298.58
2026-07-01,SUP-033,Supplier 033,Japan,APAC,PLT-00,Shanghai Hub,China,APAC,SMB,Singapore,1,1.0,22,22,0,100.0,100.0,0.0
2026-07-01,SUP-033,Supplier 033,Japan,APAC,PLT-01,Munich Center,Germany,EMEA,SMB,Germany,1,1.0,56,56,0,100.0,100.0,0.0
2026-07-01,SUP-033,Supplier 033,Japan,APAC,PLT-09,Hanoi Assembly,Vietnam,APAC,SMB,UK,1,2.0,241,286,0,118.67,100.0,0.0
2026-07-01,SUP-033,Supplier 033,Japan,APAC,PLT-06,Sao Paulo Ops,Brazil,LATAM,Government,Germany,1,2.0,6,7,0,116.67,100.0,0.0
2026-07-01,SUP-034,Supplier 034,India,APAC,PLT-06,Sao Paulo Ops,Brazil,LATAM,Government,Germany,1,1.0,49,49,0,100.0,100.0,0.0
2026-07-01,SUP-034,Supplier 034,India,APAC,PLT-07,Seoul Tech,South Korea,APAC,Government,Germany,1,2.0,77,83,0,107.79,100.0,0.0
2026-07-01,SUP-034,Supplier 034,India,APAC,PLT-02,Detroit Works,USA,NA,SMB,Australia,1,1.0,44,39,5,88.64,0.0,795.7
2026-07-01,SUP-034,Supplier 034,India,APAC,PLT-00,Shanghai Hub,China,APAC,Enterprise,Singapore,1,1.0,58,58,0,100.0,100.0,0.0
2026-07-01,SUP-034,Supplier 034,India,APAC,PLT-09,Hanoi Assembly,Vietnam,APAC,SMB,UK,1,1.0,252,155,97,61.51,0.0,22275.08
2026-07-01,SUP-035,Supplier 035,Mexico,LATAM,PLT-03,Tokyo Precision,Japan,APAC,SMB,Canada,1,1.0,90,59,31,65.56,0.0,14575.89
2026-07-01,SUP-035,Supplier 035,Mexico,LATAM,PLT-06,Sao Paulo Ops,Brazil,LATAM,Enterprise,USA,1,1.0,61,61,0,100.0,100.0,0.0
2026-07-01,SUP-035,Supplier 035,Mexico,LATAM,PLT-04,Chennai Forge,India,APAC,SMB,Canada,1,1.0,134,134,0,100.0,100.0,0.0
2026-07-01,SUP-035,Supplier 035,Mexico,LATAM,PLT-05,Monterrey Plant,Mexico,LATAM,SMB,Singapore,1,1.0,66,60,6,90.91,0.0,2693.4
2026-07-01,SUP-035,Supplier 035,Mexico,LATAM,PLT-01,Munich Center,Germany,EMEA,Government,Singapore,1,1.0,14,10,4,71.43,0.0,1107.4
2026-07-01,SUP-035,Supplier 035,Mexico,LATAM,PLT-01,Munich Center,Germany,EMEA,Enterprise,France,1,1.0,67,62,5,92.54,0.0,1030.6
2026-07-01,SUP-035,Supplier 035,Mexico,LATAM,PLT-01,Munich Center,Germany,EMEA,SMB,Singapore,1,1.0,5,5,0,100.0,100.0,0.0
2026-07-01,SUP-035,Supplier 035,Mexico,LATAM,PLT-09,Hanoi Assembly,Vietnam,APAC,Government,Japan,1,1.0,16,16,0,100.0,100.0,0.0
2026-07-01,SUP-035,Supplier 035,Mexico,LATAM,PLT-08,Taipei Micro,Taiwan,APAC,Enterprise,USA,1,1.0,80,80,0,100.0,100.0,0.0
2026-07-01,SUP-036,Supplier 036,Brazil,LATAM,PLT-08,Taipei Micro,Taiwan,APAC,SMB,Australia,1,1.0,1,1,0,100.0,100.0,0.0
2026-07-01,SUP-036,Supplier 036,Brazil,LATAM,PLT-07,Seoul Tech,South Korea,APAC,SMB,France,1,1.0,29,29,0,100.0,100.0,0.0
2026-07-01,SUP-036,Supplier 036,Brazil,LATAM,PLT-03,Tokyo Precision,Japan,APAC,SMB,Singapore,1,1.0,127,127,0,100.0,100.0,0.0
2026-07-01,SUP-036,Supplier 036,Brazil,LATAM,PLT-09,Hanoi Assembly,Vietnam,APAC,SMB,Singapore,1,1.0,13,11,2,84.62,0.0,538.28
2026-07-01,SUP-036,Supplier 036,Brazil,LATAM,PLT-09,Hanoi Assembly,Vietnam,APAC,Government,Germany,1,1.0,20,20,0,100.0,100.0,0.0
2026-07-01,SUP-036,Supplier 036,Brazil,LATAM,PLT-08,Taipei Micro,Taiwan,APAC,Government,Singapore,1,2.0,188,232,0,123.4,100.0,0.0
2026-07-01,SUP-036,Supplier 036,Brazil,LATAM,PLT-05,Monterrey Plant,Mexico,LATAM,SMB,Australia,1,1.0,328,328,0,100.0,100.0,0.0
2026-07-01,SUP-036,Supplier 036,Brazil,LATAM,PLT-07,Seoul Tech,South Korea,APAC,Government,France,1,2.0,18,12,6,66.67,0.0,2108.04
2026-07-01,SUP-037,Supplier 037,South Korea,APAC,PLT-04,Chennai Forge,India,APAC,SMB,France,1,1.0,52,49,3,94.23,0.0,1031.34
2026-07-01,SUP-037,Supplier 037,South Korea,APAC,PLT-05,Monterrey Plant,Mexico,LATAM,SMB,USA,1,1.0,12,12,0,100.0,100.0,0.0
2026-07-01,SUP-037,Supplier 037,South Korea,APAC,PLT-02,Detroit Works,USA,NA,SMB,Singapore,1,1.0,26,26,0,100.0,100.0,0.0
2026-07-01,SUP-037,Supplier 037,South Korea,APAC,PLT-04,Chennai Forge,India,APAC,Enterprise,Germany,1,1.0,66,53,13,80.3,0.0,1236.69
2026-07-01,SUP-037,Supplier 037,South Korea,APAC,PLT-07,Seoul Tech,South Korea,APAC,SMB,Canada,1,1.0,44,29,15,65.91,0.0,3274.5
2026-07-01,SUP-037,Supplier 037,South Korea,APAC,PLT-09,Hanoi Assembly,Vietnam,APAC,Enterprise,Australia,1,1.0,13,13,0,100.0,100.0,0.0
2026-07-01,SUP-037,Supplier 037,South Korea,APAC,PLT-04,Chennai Forge,India,APAC,SMB,Germany,1,1.0,95,95,0,100.0,100.0,0.0
2026-07-01,SUP-037,Supplier 037,South Korea,APAC,PLT-08,Taipei Micro,Taiwan,APAC,SMB,UK,1,1.0,67,37,30,55.22,0.0,10603.5
2026-07-01,SUP-038,Supplier 038,Taiwan,APAC,PLT-00,Shanghai Hub,China,APAC,Government,Germany,1,1.0,62,62,0,100.0,100.0,0.0
2026-07-01,SUP-038,Supplier 038,Taiwan,APAC,PLT-04,Chennai Forge,India,APAC,SMB,Singapore,1,1.0,29,29,0,100.0,100.0,0.0
2026-07-01,SUP-038,Supplier 038,Taiwan,APAC,PLT-02,Detroit Works,USA,NA,SMB,Singapore,1,1.0,10,10,0,100.0,100.0,0.0
2026-07-01,SUP-038,Supplier 038,Taiwan,APAC,PLT-00,Shanghai Hub,China,APAC,Enterprise,Japan,1,1.0,140,132,8,94.29,0.0,3715.84
2026-07-01,SUP-038,Supplier 038,Taiwan,APAC,PLT-07,Seoul Tech,South Korea,APAC,Government,France,1,1.0,70,59,11,84.29,0.0,855.8
2026-07-01,SUP-038,Supplier 038,Taiwan,APAC,PLT-01,Munich Center,Germany,EMEA,Enterprise,Singapore,1,1.0,16,16,0,100.0,100.0,0.0
2026-07-01,SUP-038,Supplier 038,Taiwan,APAC,PLT-06,Sao Paulo Ops,Brazil,LATAM,Enterprise,Australia,1,1.0,102,102,0,100.0,100.0,0.0
2026-07-01,SUP-038,Supplier 038,Taiwan,APAC,PLT-07,Seoul Tech,South Korea,APAC,Enterprise,Canada,1,2.0,150,176,0,117.33,100.0,0.0
2026-07-01,SUP-038,Supplier 038,Taiwan,APAC,PLT-06,Sao Paulo Ops,Brazil,LATAM,Government,Singapore,1,1.0,33,17,16,51.52,0.0,7868.0
2026-07-01,SUP-038,Supplier 038,Taiwan,APAC,PLT-09,Hanoi Assembly,Vietnam,APAC,SMB,Australia,1,1.0,192,192,0,100.0,100.0,0.0
2026-07-01,SUP-038,Supplier 038,Taiwan,APAC,PLT-00,Shanghai Hub,China,APAC,Government,USA,1,1.0,117,117,0,100.0,100.0,0.0
2026-07-01,SUP-039,Supplier 039,Vietnam,APAC,PLT-02,Detroit Works,USA,NA,SMB,Australia,1,1.0,72,72,0,100.0,100.0,0.0
2026-07-01,SUP-039,Supplier 039,Vietnam,APAC,PLT-00,Shanghai Hub,China,APAC,Government,Japan,1,1.0,1,1,0,100.0,100.0,0.0
2026-07-01,SUP-040,Supplier 040,China,APAC,PLT-00,Shanghai Hub,China,APAC,SMB,UK,1,1.0,110,110,0,100.0,100.0,0.0
2026-07-01,SUP-040,Supplier 040,China,APAC,PLT-02,Detroit Works,USA,NA,SMB,Germany,1,1.0,99,90,9,90.91,0.0,4091.58
2026-07-01,SUP-040,Supplier 040,China,APAC,PLT-06,Sao Paulo Ops,Brazil,LATAM,SMB,Australia,1,1.0,31,31,0,100.0,100.0,0.0
2026-07-01,SUP-040,Supplier 040,China,APAC,PLT-07,Seoul Tech,South Korea,APAC,SMB,France,1,1.0,113,91,22,80.53,0.0,5281.76
2026-07-01,SUP-040,Supplier 040,China,APAC,PLT-01,Munich Center,Germany,EMEA,SMB,Germany,1,1.0,55,55,0,100.0,100.0,0.0
2026-07-01,SUP-040,Supplier 040,China,APAC,PLT-08,Taipei Micro,Taiwan,APAC,SMB,UK,1,1.0,40,40,0,100.0,100.0,0.0
2026-07-01,SUP-040,Supplier 040,China,APAC,PLT-03,Tokyo Precision,Japan,APAC,SMB,Canada,1,2.0,177,222,0,125.42,100.0,0.0
2026-07-01,SUP-041,Supplier 041,Germany,EMEA,PLT-09,Hanoi Assembly,Vietnam,APAC,Government,Japan,1,2.0,143,167,0,116.78,100.0,0.0
2026-07-01,SUP-041,Supplier 041,Germany,EMEA,PLT-06,Sao Paulo Ops,Brazil,LATAM,Enterprise,Canada,1,1.0,26,26,0,100.0,100.0,0.0
2026-07-01,SUP-041,Supplier 041,Germany,EMEA,PLT-03,Tokyo Precision,Japan,APAC,SMB,Singapore,1,2.0,23,30,0,130.43,100.0,0.0
2026-07-01,SUP-041,Supplier 041,Germany,EMEA,PLT-04,Chennai Forge,India,APAC,SMB,Singapore,1,1.0,51,51,0,100.0,100.0,0.0
2026-07-01,SUP-041,Supplier 041,Germany,EMEA,PLT-04,Chennai Forge,India,APAC,SMB,Germany,1,1.0,17,17,0,100.0,100.0,0.0
2026-07-01,SUP-041,Supplier 041,Germany,EMEA,PLT-01,Munich Center,Germany,EMEA,SMB,UK,1,1.0,112,106,6,94.64,0.0,1296.72
2026-07-01,SUP-041,Supplier 041,Germany,EMEA,PLT-00,Shanghai Hub,China,APAC,SMB,USA,1,2.0,155,199,0,128.39,100.0,0.0
2026-07-01,SUP-041,Supplier 041,Germany,EMEA,PLT-01,Munich Center,Germany,EMEA,SMB,Canada,1,1.0,30,30,0,100.0,100.0,0.0
2026-07-01,SUP-041,Supplier 041,Germany,EMEA,PLT-01,Munich Center,Germany,EMEA,Government,UK,1,1.0,158,158,0,100.0,100.0,0.0
2026-07-01,SUP-041,Supplier 041,Germany,EMEA,PLT-00,Shanghai Hub,China,APAC,Enterprise,Canada,1,1.0,120,120,0,100.0,100.0,0.0
2026-07-01,SUP-041,Supplier 041,Germany,EMEA,PLT-02,Detroit Works,USA,NA,Enterprise,Canada,1,1.0,14,12,2,85.71,0.0,200.64
2026-07-01,SUP-042,Supplier 042,USA,NA,PLT-09,Hanoi Assembly,Vietnam,APAC,SMB,Canada,1,2.0,101,117,0,115.84,100.0,0.0
2026-07-01,SUP-042,Supplier 042,USA,NA,PLT-09,Hanoi Assembly,Vietnam,APAC,SMB,Singapore,1,1.0,68,62,6,91.18,0.0,363.54
2026-07-01,SUP-042,Supplier 042,USA,NA,PLT-06,Sao Paulo Ops,Brazil,LATAM,Enterprise,Australia,1,1.0,31,31,0,100.0,100.0,0.0
2026-07-01,SUP-042,Supplier 042,USA,NA,PLT-08,Taipei Micro,Taiwan,APAC,SMB,Australia,1,1.0,119,119,0,100.0,100.0,0.0
2026-07-01,SUP-042,Supplier 042,USA,NA,PLT-07,Seoul Tech,South Korea,APAC,SMB,Australia,1,1.0,118,118,0,100.0,100.0,0.0
2026-07-01,SUP-042,Supplier 042,USA,NA,PLT-05,Monterrey Plant,Mexico,LATAM,SMB,Australia,1,1.0,46,44,2,95.65,0.0,594.7
2026-07-01,SUP-043,Supplier 043,Japan,APAC,PLT-04,Chennai Forge,India,APAC,SMB,Singapore,1,1.0,126,126,0,100.0,100.0,0.0
2026-07-01,SUP-043,Supplier 043,Japan,APAC,PLT-06,Sao Paulo Ops,Brazil,LATAM,Government,Germany,1,2.0,229,288,0,125.76,100.0,0.0
2026-07-01,SUP-043,Supplier 043,Japan,APAC,PLT-00,Shanghai Hub,China,APAC,Government,Singapore,1,1.0,1,1,0,100.0,100.0,0.0
2026-07-01,SUP-043,Supplier 043,Japan,APAC,PLT-01,Munich Center,Germany,EMEA,Enterprise,USA,1,1.0,72,72,0,100.0,100.0,0.0
2026-07-01,SUP-044,Supplier 044,India,APAC,PLT-03,Tokyo Precision,Japan,APAC,SMB,Germany,1,1.0,39,39,0,100.0,100.0,0.0
2026-07-01,SUP-044,Supplier 044,India,APAC,PLT-02,Detroit Works,USA,NA,SMB,Australia,1,1.0,7,5,2,71.43,0.0,413.16
2026-07-01,SUP-044,Supplier 044,India,APAC,PLT-06,Sao Paulo Ops,Brazil,LATAM,Government,Canada,1,1.0,193,193,0,100.0,100.0,0.0
2026-07-01,SUP-044,Supplier 044,India,APAC,PLT-07,Seoul Tech,South Korea,APAC,Government,Germany,1,1.0,127,68,59,53.54,0.0,27146.49
2026-07-01,SUP-044,Supplier 044,India,APAC,PLT-07,Seoul Tech,South Korea,APAC,Enterprise,UK,1,1.0,1,1,0,100.0,100.0,0.0
2026-07-01,SUP-044,Supplier 044,India,APAC,PLT-01,Munich Center,Germany,EMEA,Government,France,1,1.0,104,104,0,100.0,100.0,0.0
2026-07-01,SUP-044,Supplier 044,India,APAC,PLT-05,Monterrey Plant,Mexico,LATAM,SMB,Australia,1,1.0,34,34,0,100.0,100.0,0.0
2026-07-01,SUP-044,Supplier 044,India,APAC,PLT-00,Shanghai Hub,China,APAC,Enterprise,Australia,1,1.0,101,96,5,95.05,0.0,1689.35
2026-07-01,SUP-044,Supplier 044,India,APAC,PLT-07,Seoul Tech,South Korea,APAC,SMB,Canada,1,2.0,23,23,0,100.0,100.0,0.0
2026-07-01,SUP-044,Supplier 044,India,APAC,PLT-06,Sao Paulo Ops,Brazil,LATAM,Enterprise,USA,1,1.0,39,33,6,84.62,0.0,805.38
2026-07-01,SUP-044,Supplier 044,India,APAC,PLT-00,Shanghai Hub,China,APAC,SMB,Singapore,1,1.0,71,71,0,100.0,100.0,0.0
2026-07-01,SUP-044,Supplier 044,India,APAC,PLT-05,Monterrey Plant,Mexico,LATAM,SMB,Germany,1,1.0,62,58,4,93.55,0.0,1264.68
2026-07-01,SUP-044,Supplier 044,India,APAC,PLT-01,Munich Center,Germany,EMEA,SMB,UK,1,2.0,95,101,0,106.32,100.0,0.0
2026-07-01,SUP-044,Supplier 044,India,APAC,PLT-08,Taipei Micro,Taiwan,APAC,Government,Australia,1,1.0,75,75,0,100.0,100.0,0.0
2026-07-01,SUP-044,Supplier 044,India,APAC,PLT-06,Sao Paulo Ops,Brazil,LATAM,SMB,UK,1,2.0,108,132,0,122.22,100.0,0.0
2026-07-01,SUP-044,Supplier 044,India,APAC,PLT-03,Tokyo Precision,Japan,APAC,Enterprise,Canada,1,1.0,27,27,0,100.0,100.0,0.0
2026-07-01,SUP-045,Supplier 045,Mexico,LATAM,PLT-02,Detroit Works,USA,NA,Enterprise,Australia,1,1.0,131,115,16,87.79,0.0,7670.4
2026-07-01,SUP-045,Supplier 045,Mexico,LATAM,PLT-00,Shanghai Hub,China,APAC,SMB,Germany,1,1.0,35,31,4,88.57,0.0,546.08
2026-07-01,SUP-045,Supplier 045,Mexico,LATAM,PLT-08,Taipei Micro,Taiwan,APAC,SMB,Singapore,1,1.0,46,46,0,100.0,100.0,0.0
2026-07-01,SUP-045,Supplier 045,Mexico,LATAM,PLT-02,Detroit Works,USA,NA,SMB,USA,1,1.0,97,97,0,100.0,100.0,0.0
2026-07-01,SUP-045,Supplier 045,Mexico,LATAM,PLT-07,Seoul Tech,South Korea,APAC,SMB,France,1,1.0,57,57,0,100.0,100.0,0.0
2026-07-01,SUP-045,Supplier 045,Mexico,LATAM,PLT-01,Munich Center,Germany,EMEA,Enterprise,UK,1,1.0,49,49,0,100.0,100.0,0.0
2026-07-01,SUP-046,Supplier 046,Brazil,LATAM,PLT-01,Munich Center,Germany,EMEA,Enterprise,Japan,1,1.0,140,88,52,62.86,0.0,15858.44
2026-07-01,SUP-046,Supplier 046,Brazil,LATAM,PLT-09,Hanoi Assembly,Vietnam,APAC,SMB,Australia,1,1.0,69,69,0,100.0,100.0,0.0
2026-07-01,SUP-046,Supplier 046,Brazil,LATAM,PLT-05,Monterrey Plant,Mexico,LATAM,Government,Canada,1,2.0,38,47,0,123.68,100.0,0.0
2026-07-01,SUP-046,Supplier 046,Brazil,LATAM,PLT-05,Monterrey Plant,Mexico,LATAM,Enterprise,USA,1,1.0,134,134,0,100.0,100.0,0.0
2026-07-01,SUP-046,Supplier 046,Brazil,LATAM,PLT-03,Tokyo Precision,Japan,APAC,Enterprise,Japan,1,1.0,40,33,7,82.5,0.0,3179.68
2026-07-01,SUP-046,Supplier 046,Brazil,LATAM,PLT-08,Taipei Micro,Taiwan,APAC,Enterprise,USA,1,1.0,61,61,0,100.0,100.0,0.0
2026-07-01,SUP-046,Supplier 046,Brazil,LATAM,PLT-06,Sao Paulo Ops,Brazil,LATAM,Enterprise,USA,1,2.0,61,74,0,121.31,100.0,0.0
2026-07-01,SUP-046,Supplier 046,Brazil,LATAM,PLT-06,Sao Paulo Ops,Brazil,LATAM,Enterprise,Germany,1,1.0,55,45,10,81.82,0.0,1611.9
2026-07-01,SUP-046,Supplier 046,Brazil,LATAM,PLT-04,Chennai Forge,India,APAC,SMB,Japan,1,1.0,38,35,3,92.11,0.0,155.01
2026-07-01,SUP-046,Supplier 046,Brazil,LATAM,PLT-03,Tokyo Precision,Japan,APAC,Enterprise,UK,1,1.0,77,77,0,100.0,100.0,0.0
2026-07-01,SUP-047,Supplier 047,South Korea,APAC,PLT-07,Seoul Tech,South Korea,APAC,Government,USA,1,1.0,50,50,0,100.0,100.0,0.0
2026-07-01,SUP-047,Supplier 047,South Korea,APAC,PLT-05,Monterrey Plant,Mexico,LATAM,Government,USA,1,1.0,153,153,0,100.0,100.0,0.0
2026-07-01,SUP-047,Supplier 047,South Korea,APAC,PLT-00,Shanghai Hub,China,APAC,SMB,Japan,1,1.0,153,153,0,100.0,100.0,0.0
2026-07-01,SUP-047,Supplier 047,South Korea,APAC,PLT-08,Taipei Micro,Taiwan,APAC,Government,Singapore,1,1.0,90,90,0,100.0,100.0,0.0
2026-07-01,SUP-047,Supplier 047,South Korea,APAC,PLT-01,Munich Center,Germany,EMEA,Enterprise,Germany,1,1.0,68,55,13,80.88,0.0,1240.46
2026-07-01,SUP-047,Supplier 047,South Korea,APAC,PLT-02,Detroit Works,USA,NA,Enterprise,Canada,1,2.0,4,5,0,125.0,100.0,0.0
2026-07-01,SUP-047,Supplier 047,South Korea,APAC,PLT-05,Monterrey Plant,Mexico,LATAM,Government,Canada,1,1.0,174,174,0,100.0,100.0,0.0
2026-07-01,SUP-047,Supplier 047,South Korea,APAC,PLT-09,Hanoi Assembly,Vietnam,APAC,SMB,Australia,1,1.0,123,123,0,100.0,100.0,0.0
2026-07-01,SUP-048,Supplier 048,Taiwan,APAC,PLT-07,Seoul Tech,South Korea,APAC,SMB,Australia,1,1.0,1,1,0,100.0,100.0,0.0
2026-07-01,SUP-048,Supplier 048,Taiwan,APAC,PLT-09,Hanoi Assembly,Vietnam,APAC,Government,Singapore,1,1.0,93,93,0,100.0,100.0,0.0
2026-07-01,SUP-048,Supplier 048,Taiwan,APAC,PLT-03,Tokyo Precision,Japan,APAC,Government,Germany,1,1.0,22,22,0,100.0,100.0,0.0
2026-07-01,SUP-048,Supplier 048,Taiwan,APAC,PLT-07,Seoul Tech,South Korea,APAC,Enterprise,Japan,1,1.0,89,74,15,83.15,0.0,2259.45
2026-07-01,SUP-048,Supplier 048,Taiwan,APAC,PLT-02,Detroit Works,USA,NA,Enterprise,Australia,1,1.0,65,65,0,100.0,100.0,0.0
2026-07-01,SUP-049,Supplier 049,Vietnam,APAC,PLT-09,Hanoi Assembly,Vietnam,APAC,SMB,Canada,1,1.0,62,54,8,87.1,0.0,3898.24
2026-07-01,SUP-049,Supplier 049,Vietnam,APAC,PLT-04,Chennai Forge,India,APAC,SMB,Japan,2,2.0,66,47,19,71.21,50.0,9314.18
2026-07-01,SUP-049,Supplier 049,Vietnam,APAC,PLT-09,Hanoi Assembly,Vietnam,APAC,Enterprise,UK,1,1.0,184,166,18,90.22,0.0,4248.54
2026-07-01,SUP-049,Supplier 049,Vietnam,APAC,PLT-08,Taipei Micro,Taiwan,APAC,Enterprise,Germany,1,2.0,30,38,0,126.67,100.0,0.0
2026-07-01,SUP-049,Supplier 049,Vietnam,APAC,PLT-04,Chennai Forge,India,APAC,SMB,Germany,1,1.0,2,2,0,100.0,100.0,0.0
2026-07-01,SUP-049,Supplier 049,Vietnam,APAC,PLT-05,Monterrey Plant,Mexico,LATAM,Government,Germany,1,2.0,101,95,6,94.06,0.0,2718.3
2026-08-01,SUP-000,Supplier 000,China,APAC,PLT-02,Detroit Works,USA,NA,SMB,Canada,1,1.0,43,43,0,100.0,100.0,0.0
2026-08-01,SUP-000,Supplier 000,China,APAC,PLT-00,Shanghai Hub,China,APAC,Enterprise,France,1,1.0,38,38,0,100.0,100.0,0.0
2026-08-01,SUP-000,Supplier 000,China,APAC,PLT-09,Hanoi Assembly,Vietnam,APAC,SMB,Australia,1,2.0,214,272,0,127.1,100.0,0.0
2026-08-01,SUP-000,Supplier 000,China,APAC,PLT-06,Sao Paulo Ops,Brazil,LATAM,SMB,France,1,1.0,29,29,0,100.0,100.0,0.0
2026-08-01,SUP-000,Supplier 000,China,APAC,PLT-05,Monterrey Plant,Mexico,LATAM,Government,Germany,1,2.0,70,83,0,118.57,100.0,0.0
2026-08-01,SUP-000,Supplier 000,China,APAC,PLT-07,Seoul Tech,South Korea,APAC,Enterprise,Germany,1,1.0,11,11,0,100.0,100.0,0.0
2026-08-01,SUP-001,Supplier 001,Germany,EMEA,PLT-04,Chennai Forge,India,APAC,SMB,Singapore,1,1.0,148,148,0,100.0,100.0,0.0
2026-08-01,SUP-001,Supplier 001,Germany,EMEA,PLT-04,Chennai Forge,India,APAC,SMB,Canada,1,1.0,89,81,8,91.01,0.0,400.48
2026-08-01,SUP-001,Supplier 001,Germany,EMEA,PLT-08,Taipei Micro,Taiwan,APAC,SMB,USA,1,1.0,16,16,0,100.0,100.0,0.0
2026-08-01,SUP-001,Supplier 001,Germany,EMEA,PLT-09,Hanoi Assembly,Vietnam,APAC,SMB,Australia,1,1.0,196,196,0,100.0,100.0,0.0
2026-08-01,SUP-001,Supplier 001,Germany,EMEA,PLT-04,Chennai Forge,India,APAC,SMB,Australia,1,1.0,90,90,0,100.0,100.0,0.0
2026-08-01,SUP-001,Supplier 001,Germany,EMEA,PLT-02,Detroit Works,USA,NA,SMB,France,1,1.0,71,71,0,100.0,100.0,0.0
2026-08-01,SUP-001,Supplier 001,Germany,EMEA,PLT-01,Munich Center,Germany,EMEA,SMB,Australia,1,2.0,59,64,0,108.47,100.0,0.0
2026-08-01,SUP-001,Supplier 001,Germany,EMEA,PLT-00,Shanghai Hub,China,APAC,Enterprise,Germany,1,1.0,78,78,0,100.0,100.0,0.0
2026-08-01,SUP-001,Supplier 001,Germany,EMEA,PLT-05,Monterrey Plant,Mexico,LATAM,SMB,Australia,1,2.0,105,132,0,125.71,100.0,0.0
2026-08-01,SUP-001,Supplier 001,Germany,EMEA,PLT-00,Shanghai Hub,China,APAC,Government,USA,1,1.0,115,96,19,83.48,0.0,581.21
2026-08-01,SUP-001,Supplier 001,Germany,EMEA,PLT-07,Seoul Tech,South Korea,APAC,Government,Canada,1,1.0,46,46,0,100.0,100.0,0.0
2026-08-01,SUP-001,Supplier 001,Germany,EMEA,PLT-01,Munich Center,Germany,EMEA,SMB,Singapore,1,1.0,29,29,0,100.0,100.0,0.0
2026-08-01,SUP-001,Supplier 001,Germany,EMEA,PLT-01,Munich Center,Germany,EMEA,Enterprise,USA,1,1.0,98,98,0,100.0,100.0,0.0
2026-08-01,SUP-002,Supplier 002,USA,NA,PLT-03,Tokyo Precision,Japan,APAC,Enterprise,Singapore,1,2.0,71,79,0,111.27,100.0,0.0
2026-08-01,SUP-002,Supplier 002,USA,NA,PLT-08,Taipei Micro,Taiwan,APAC,SMB,USA,1,1.0,130,115,15,88.46,0.0,3643.35
2026-08-01,SUP-002,Supplier 002,USA,NA,PLT-09,Hanoi Assembly,Vietnam,APAC,SMB,Australia,1,2.0,206,216,0,104.85,100.0,0.0
2026-08-01,SUP-002,Supplier 002,USA,NA,PLT-05,Monterrey Plant,Mexico,LATAM,SMB,Australia,1,1.0,17,14,3,82.35,0.0,201.9
2026-08-01,SUP-002,Supplier 002,USA,NA,PLT-04,Chennai Forge,India,APAC,Government,Germany,1,1.0,66,66,0,100.0,100.0,0.0
2026-08-01,SUP-002,Supplier 002,USA,NA,PLT-01,Munich Center,Germany,EMEA,SMB,UK,1,1.0,109,109,0,100.0,100.0,0.0
2026-08-01,SUP-002,Supplier 002,USA,NA,PLT-09,Hanoi Assembly,Vietnam,APAC,Enterprise,USA,1,1.0,66,57,9,86.36,0.0,2067.66
2026-08-01,SUP-003,Supplier 003,Japan,APAC,PLT-05,Monterrey Plant,Mexico,LATAM,SMB,UK,1,1.0,122,117,5,95.9,0.0,1384.55
2026-08-01,SUP-003,Supplier 003,Japan,APAC,PLT-05,Monterrey Plant,Mexico,LATAM,Government,Germany,1,2.0,66,85,0,128.79,100.0,0.0
2026-08-01,SUP-003,Supplier 003,Japan,APAC,PLT-07,Seoul Tech,South Korea,APAC,SMB,Canada,1,1.0,18,15,3,83.33,0.0,364.65
2026-08-01,SUP-003,Supplier 003,Japan,APAC,PLT-08,Taipei Micro,Taiwan,APAC,SMB,Germany,1,1.0,1,1,0,100.0,100.0,0.0
2026-08-01,SUP-003,Supplier 003,Japan,APAC,PLT-08,Taipei Micro,Taiwan,APAC,SMB,UK,1,1.0,92,90,2,97.83,0.0,190.54
2026-08-01,SUP-003,Supplier 003,Japan,APAC,PLT-06,Sao Paulo Ops,Brazil,LATAM,SMB,France,1,1.0,67,67,0,100.0,100.0,0.0
2026-08-01,SUP-003,Supplier 003,Japan,APAC,PLT-08,Taipei Micro,Taiwan,APAC,Government,Germany,1,1.0,145,145,0,100.0,100.0,0.0
2026-08-01,SUP-004,Supplier 004,India,APAC,PLT-08,Taipei Micro,Taiwan,APAC,SMB,Singapore,1,1.0,121,121,0,100.0,100.0,0.0
2026-08-01,SUP-004,Supplier 004,India,APAC,PLT-03,Tokyo Precision,Japan,APAC,Government,USA,1,1.0,24,24,0,100.0,100.0,0.0
2026-08-01,SUP-004,Supplier 004,India,APAC,PLT-08,Taipei Micro,Taiwan,APAC,SMB,France,1,2.0,70,78,0,111.43,100.0,0.0
2026-08-01,SUP-004,Supplier 004,India,APAC,PLT-07,Seoul Tech,South Korea,APAC,Enterprise,France,1,1.0,41,41,0,100.0,100.0,0.0
2026-08-01,SUP-004,Supplier 004,India,APAC,PLT-04,Chennai Forge,India,APAC,Enterprise,Australia,1,1.0,179,179,0,100.0,100.0,0.0
2026-08-01,SUP-004,Supplier 004,India,APAC,PLT-09,Hanoi Assembly,Vietnam,APAC,SMB,Singapore,1,1.0,3,2,1,66.67,0.0,359.81
2026-08-01,SUP-004,Supplier 004,India,APAC,PLT-04,Chennai Forge,India,APAC,Enterprise,Canada,1,1.0,17,13,4,76.47,0.0,1003.32
2026-08-01,SUP-004,Supplier 004,India,APAC,PLT-06,Sao Paulo Ops,Brazil,LATAM,SMB,Germany,1,2.0,39,46,0,117.95,100.0,0.0
2026-08-01,SUP-004,Supplier 004,India,APAC,PLT-04,Chennai Forge,India,APAC,Government,Japan,1,1.0,178,125,53,70.22,0.0,7698.25
2026-08-01,SUP-005,Supplier 005,Mexico,LATAM,PLT-08,Taipei Micro,Taiwan,APAC,Enterprise,USA,1,2.0,146,170,0,116.44,100.0,0.0
2026-08-01,SUP-005,Supplier 005,Mexico,LATAM,PLT-01,Munich Center,Germany,EMEA,SMB,Japan,1,1.0,81,65,16,80.25,0.0,7488.0
2026-08-01,SUP-005,Supplier 005,Mexico,LATAM,PLT-06,Sao Paulo Ops,Brazil,LATAM,SMB,Singapore,1,2.0,171,201,0,117.54,100.0,0.0
2026-08-01,SUP-005,Supplier 005,Mexico,LATAM,PLT-09,Hanoi Assembly,Vietnam,APAC,Enterprise,UK,1,1.0,33,33,0,100.0,100.0,0.0
2026-08-01,SUP-005,Supplier 005,Mexico,LATAM,PLT-08,Taipei Micro,Taiwan,APAC,SMB,Singapore,1,1.0,99,99,0,100.0,100.0,0.0
2026-08-01,SUP-005,Supplier 005,Mexico,LATAM,PLT-00,Shanghai Hub,China,APAC,Enterprise,USA,1,1.0,89,89,0,100.0,100.0,0.0
2026-08-01,SUP-005,Supplier 005,Mexico,LATAM,PLT-07,Seoul Tech,South Korea,APAC,Enterprise,France,1,1.0,178,178,0,100.0,100.0,0.0
2026-08-01,SUP-005,Supplier 005,Mexico,LATAM,PLT-02,Detroit Works,USA,NA,SMB,Australia,1,1.0,69,63,6,91.3,0.0,2602.02
2026-08-01,SUP-005,Supplier 005,Mexico,LATAM,PLT-03,Tokyo Precision,Japan,APAC,SMB,USA,1,1.0,128,128,0,100.0,100.0,0.0
2026-08-01,SUP-006,Supplier 006,Brazil,LATAM,PLT-04,Chennai Forge,India,APAC,Enterprise,Japan,1,1.0,38,38,0,100.0,100.0,0.0
2026-08-01,SUP-006,Supplier 006,Brazil,LATAM,PLT-04,Chennai Forge,India,APAC,Enterprise,Canada,1,1.0,99,99,0,100.0,100.0,0.0
2026-08-01,SUP-006,Supplier 006,Brazil,LATAM,PLT-01,Munich Center,Germany,EMEA,SMB,UK,1,1.0,176,161,15,91.48,0.0,879.15
2026-08-01,SUP-007,Supplier 007,South Korea,APAC,PLT-01,Munich Center,Germany,EMEA,SMB,Australia,1,1.0,27,27,0,100.0,100.0,0.0
2026-08-01,SUP-007,Supplier 007,South Korea,APAC,PLT-01,Munich Center,Germany,EMEA,SMB,UK,1,1.0,26,26,0,100.0,100.0,0.0
2026-08-01,SUP-007,Supplier 007,South Korea,APAC,PLT-09,Hanoi Assembly,Vietnam,APAC,SMB,Canada,1,1.0,161,161,0,100.0,100.0,0.0
2026-08-01,SUP-007,Supplier 007,South Korea,APAC,PLT-09,Hanoi Assembly,Vietnam,APAC,Government,Canada,1,1.0,90,90,0,100.0,100.0,0.0
2026-08-01,SUP-007,Supplier 007,South Korea,APAC,PLT-01,Munich Center,Germany,EMEA,Enterprise,Germany,1,1.0,139,134,5,96.4,0.0,200.25
2026-08-01,SUP-007,Supplier 007,South Korea,APAC,PLT-00,Shanghai Hub,China,APAC,Enterprise,Germany,1,1.0,69,56,13,81.16,0.0,5002.92
2026-08-01,SUP-008,Supplier 008,Taiwan,APAC,PLT-03,Tokyo Precision,Japan,APAC,SMB,Canada,1,1.0,142,142,0,100.0,100.0,0.0
2026-08-01,SUP-008,Supplier 008,Taiwan,APAC,PLT-05,Monterrey Plant,Mexico,LATAM,SMB,Canada,1,1.0,39,39,0,100.0,100.0,0.0
2026-08-01,SUP-008,Supplier 008,Taiwan,APAC,PLT-04,Chennai Forge,India,APAC,Government,Canada,1,1.0,78,78,0,100.0,100.0,0.0
2026-08-01,SUP-008,Supplier 008,Taiwan,APAC,PLT-09,Hanoi Assembly,Vietnam,APAC,Government,Singapore,1,1.0,78,78,0,100.0,100.0,0.0
2026-08-01,SUP-009,Supplier 009,Vietnam,APAC,PLT-08,Taipei Micro,Taiwan,APAC,SMB,France,1,1.0,19,19,0,100.0,100.0,0.0
2026-08-01,SUP-009,Supplier 009,Vietnam,APAC,PLT-05,Monterrey Plant,Mexico,LATAM,Enterprise,Germany,1,1.0,58,58,0,100.0,100.0,0.0
2026-08-01,SUP-009,Supplier 009,Vietnam,APAC,PLT-05,Monterrey Plant,Mexico,LATAM,SMB,UK,1,2.0,64,73,0,114.06,100.0,0.0
2026-08-01,SUP-009,Supplier 009,Vietnam,APAC,PLT-08,Taipei Micro,Taiwan,APAC,SMB,UK,1,1.0,93,90,3,96.77,0.0,536.01
2026-08-01,SUP-010,Supplier 010,China,APAC,PLT-09,Hanoi Assembly,Vietnam,APAC,SMB,Singapore,1,2.0,131,90,41,68.7,0.0,12592.74
2026-08-01,SUP-010,Supplier 010,China,APAC,PLT-02,Detroit Works,USA,NA,SMB,France,1,1.0,48,48,0,100.0,100.0,0.0
2026-08-01,SUP-010,Supplier 010,China,APAC,PLT-09,Hanoi Assembly,Vietnam,APAC,Enterprise,Japan,1,1.0,152,152,0,100.0,100.0,0.0
2026-08-01,SUP-010,Supplier 010,China,APAC,PLT-01,Munich Center,Germany,EMEA,Enterprise,Australia,1,1.0,159,159,0,100.0,100.0,0.0
2026-08-01,SUP-010,Supplier 010,China,APAC,PLT-07,Seoul Tech,South Korea,APAC,Enterprise,Canada,1,1.0,151,151,0,100.0,100.0,0.0
2026-08-01,SUP-010,Supplier 010,China,APAC,PLT-00,Shanghai Hub,China,APAC,SMB,Japan,1,1.0,24,24,0,100.0,100.0,0.0
2026-08-01,SUP-010,Supplier 010,China,APAC,PLT-09,Hanoi Assembly,Vietnam,APAC,SMB,Japan,1,2.0,47,61,0,129.79,100.0,0.0
2026-08-01,SUP-010,Supplier 010,China,APAC,PLT-02,Detroit Works,USA,NA,Enterprise,France,1,1.0,134,82,52,61.19,0.0,20333.04
2026-08-01,SUP-010,Supplier 010,China,APAC,PLT-06,Sao Paulo Ops,Brazil,LATAM,Enterprise,Germany,1,1.0,36,22,14,61.11,0.0,2039.66
2026-08-01,SUP-010,Supplier 010,China,APAC,PLT-08,Taipei Micro,Taiwan,APAC,SMB,UK,1,2.0,69,80,0,115.94,100.0,0.0
2026-08-01,SUP-010,Supplier 010,China,APAC,PLT-07,Seoul Tech,South Korea,APAC,Enterprise,Germany,1,1.0,76,76,0,100.0,100.0,0.0
2026-08-01,SUP-011,Supplier 011,Germany,EMEA,PLT-02,Detroit Works,USA,NA,Enterprise,Germany,1,1.0,36,36,0,100.0,100.0,0.0
2026-08-01,SUP-011,Supplier 011,Germany,EMEA,PLT-00,Shanghai Hub,China,APAC,SMB,Singapore,1,1.0,51,44,7,86.27,0.0,3103.17
2026-08-01,SUP-011,Supplier 011,Germany,EMEA,PLT-06,Sao Paulo Ops,Brazil,LATAM,Enterprise,USA,1,1.0,38,38,0,100.0,100.0,0.0
2026-08-01,SUP-011,Supplier 011,Germany,EMEA,PLT-09,Hanoi Assembly,Vietnam,APAC,Government,UK,1,1.0,82,79,3,96.34,0.0,31.89
2026-08-01,SUP-011,Supplier 011,Germany,EMEA,PLT-01,Munich Center,Germany,EMEA,Government,Japan,1,1.0,34,34,0,100.0,100.0,0.0
2026-08-01,SUP-012,Supplier 012,USA,NA,PLT-09,Hanoi Assembly,Vietnam,APAC,SMB,Singapore,1,2.0,106,104,2,98.11,0.0,660.02
2026-08-01,SUP-012,Supplier 012,USA,NA,PLT-08,Taipei Micro,Taiwan,APAC,SMB,Australia,1,1.0,22,22,0,100.0,100.0,0.0
2026-08-01,SUP-012,Supplier 012,USA,NA,PLT-01,Munich Center,Germany,EMEA,SMB,Japan,1,1.0,51,51,0,100.0,100.0,0.0
2026-08-01,SUP-012,Supplier 012,USA,NA,PLT-05,Monterrey Plant,Mexico,LATAM,Enterprise,Japan,1,1.0,1,1,0,100.0,100.0,0.0
2026-08-01,SUP-012,Supplier 012,USA,NA,PLT-06,Sao Paulo Ops,Brazil,LATAM,Enterprise,Singapore,1,1.0,5,5,0,100.0,100.0,0.0
2026-08-01,SUP-012,Supplier 012,USA,NA,PLT-02,Detroit Works,USA,NA,Government,Australia,1,2.0,129,146,0,113.18,100.0,0.0
2026-08-01,SUP-013,Supplier 013,Japan,APAC,PLT-01,Munich Center,Germany,EMEA,Enterprise,France,1,1.0,142,138,4,97.18,0.0,1352.16
2026-08-01,SUP-013,Supplier 013,Japan,APAC,PLT-09,Hanoi Assembly,Vietnam,APAC,Government,USA,1,1.0,76,76,0,100.0,100.0,0.0
2026-08-01,SUP-013,Supplier 013,Japan,APAC,PLT-07,Seoul Tech,South Korea,APAC,SMB,USA,1,1.0,104,104,0,100.0,100.0,0.0
2026-08-01,SUP-013,Supplier 013,Japan,APAC,PLT-02,Detroit Works,USA,NA,Government,Germany,1,1.0,23,19,4,82.61,0.0,909.8
2026-08-01,SUP-013,Supplier 013,Japan,APAC,PLT-09,Hanoi Assembly,Vietnam,APAC,SMB,UK,1,1.0,33,33,0,100.0,100.0,0.0
2026-08-01,SUP-013,Supplier 013,Japan,APAC,PLT-09,Hanoi Assembly,Vietnam,APAC,Enterprise,Japan,1,1.0,99,99,0,100.0,100.0,0.0
2026-08-01,SUP-013,Supplier 013,Japan,APAC,PLT-00,Shanghai Hub,China,APAC,Government,Germany,1,1.0,28,28,0,100.0,100.0,0.0
2026-08-01,SUP-014,Supplier 014,India,APAC,PLT-00,Shanghai Hub,China,APAC,Enterprise,USA,1,2.0,127,153,0,120.47,100.0,0.0
2026-08-01,SUP-014,Supplier 014,India,APAC,PLT-04,Chennai Forge,India,APAC,Enterprise,Japan,2,2.0,262,262,0,100.0,100.0,0.0
2026-08-01,SUP-014,Supplier 014,India,APAC,PLT-08,Taipei Micro,Taiwan,APAC,SMB,Japan,1,2.0,135,166,0,122.96,100.0,0.0
2026-08-01,SUP-014,Supplier 014,India,APAC,PLT-02,Detroit Works,USA,NA,SMB,Singapore,1,1.0,113,103,10,91.15,0.0,2801.7
2026-08-01,SUP-014,Supplier 014,India,APAC,PLT-08,Taipei Micro,Taiwan,APAC,SMB,UK,1,2.0,140,173,0,123.57,100.0,0.0
2026-08-01,SUP-014,Supplier 014,India,APAC,PLT-05,Monterrey Plant,Mexico,LATAM,SMB,USA,1,1.0,152,152,0,100.0,100.0,0.0
2026-08-01,SUP-015,Supplier 015,Mexico,LATAM,PLT-00,Shanghai Hub,China,APAC,Enterprise,UK,1,1.0,92,92,0,100.0,100.0,0.0
2026-08-01,SUP-015,Supplier 015,Mexico,LATAM,PLT-01,Munich Center,Germany,EMEA,Enterprise,Singapore,1,1.0,79,79,0,100.0,100.0,0.0
2026-08-01,SUP-015,Supplier 015,Mexico,LATAM,PLT-00,Shanghai Hub,China,APAC,Enterprise,Japan,1,2.0,90,107,0,118.89,100.0,0.0
2026-08-01,SUP-015,Supplier 015,Mexico,LATAM,PLT-00,Shanghai Hub,China,APAC,Enterprise,Germany,1,1.0,120,120,0,100.0,100.0,0.0
2026-08-01,SUP-015,Supplier 015,Mexico,LATAM,PLT-01,Munich Center,Germany,EMEA,Enterprise,Australia,1,1.0,61,61,0,100.0,100.0,0.0
2026-08-01,SUP-015,Supplier 015,Mexico,LATAM,PLT-02,Detroit Works,USA,NA,SMB,Singapore,1,1.0,69,41,28,59.42,0.0,9846.76
2026-08-01,SUP-015,Supplier 015,Mexico,LATAM,PLT-02,Detroit Works,USA,NA,Enterprise,Japan,1,1.0,102,102,0,100.0,100.0,0.0
2026-08-01,SUP-015,Supplier 015,Mexico,LATAM,PLT-03,Tokyo Precision,Japan,APAC,Government,Japan,1,1.0,103,103,0,100.0,100.0,0.0
2026-08-01,SUP-015,Supplier 015,Mexico,LATAM,PLT-03,Tokyo Precision,Japan,APAC,SMB,UK,1,1.0,100,87,13,87.0,0.0,3219.06
2026-08-01,SUP-015,Supplier 015,Mexico,LATAM,PLT-07,Seoul Tech,South Korea,APAC,Enterprise,UK,1,1.0,99,65,34,65.66,0.0,14789.32
2026-08-01,SUP-015,Supplier 015,Mexico,LATAM,PLT-02,Detroit Works,USA,NA,SMB,Canada,1,1.0,144,144,0,100.0,100.0,0.0
2026-08-01,SUP-015,Supplier 015,Mexico,LATAM,PLT-06,Sao Paulo Ops,Brazil,LATAM,Enterprise,UK,1,2.0,56,71,0,126.79,100.0,0.0
2026-08-01,SUP-016,Supplier 016,Brazil,LATAM,PLT-05,Monterrey Plant,Mexico,LATAM,SMB,UK,1,1.0,87,87,0,100.0,100.0,0.0
2026-08-01,SUP-016,Supplier 016,Brazil,LATAM,PLT-02,Detroit Works,USA,NA,Enterprise,Japan,1,1.0,228,198,30,86.84,0.0,2112.3
2026-08-01,SUP-016,Supplier 016,Brazil,LATAM,PLT-06,Sao Paulo Ops,Brazil,LATAM,SMB,Germany,1,2.0,82,105,0,128.05,100.0,0.0
2026-08-01,SUP-016,Supplier 016,Brazil,LATAM,PLT-06,Sao Paulo Ops,Brazil,LATAM,SMB,Australia,1,2.0,30,30,0,100.0,100.0,0.0
2026-08-01,SUP-016,Supplier 016,Brazil,LATAM,PLT-09,Hanoi Assembly,Vietnam,APAC,Government,USA,1,1.0,178,178,0,100.0,100.0,0.0
2026-08-01,SUP-016,Supplier 016,Brazil,LATAM,PLT-07,Seoul Tech,South Korea,APAC,Government,Singapore,1,1.0,26,19,7,73.08,0.0,101.92
2026-08-01,SUP-016,Supplier 016,Brazil,LATAM,PLT-08,Taipei Micro,Taiwan,APAC,SMB,Australia,1,1.0,10,10,0,100.0,100.0,0.0
2026-08-01,SUP-016,Supplier 016,Brazil,LATAM,PLT-04,Chennai Forge,India,APAC,SMB,Singapore,1,1.0,31,31,0,100.0,100.0,0.0
2026-08-01,SUP-016,Supplier 016,Brazil,LATAM,PLT-04,Chennai Forge,India,APAC,Enterprise,USA,1,1.0,106,106,0,100.0,100.0,0.0
2026-08-01,SUP-016,Supplier 016,Brazil,LATAM,PLT-02,Detroit Works,USA,NA,Government,Germany,1,1.0,113,113,0,100.0,100.0,0.0
2026-08-01,SUP-016,Supplier 016,Brazil,LATAM,PLT-02,Detroit Works,USA,NA,SMB,Japan,1,1.0,25,25,0,100.0,100.0,0.0
2026-08-01,SUP-017,Supplier 017,South Korea,APAC,PLT-01,Munich Center,Germany,EMEA,SMB,Canada,1,1.0,38,38,0,100.0,100.0,0.0
2026-08-01,SUP-017,Supplier 017,South Korea,APAC,PLT-08,Taipei Micro,Taiwan,APAC,Government,France,1,2.0,49,54,0,110.2,100.0,0.0
2026-08-01,SUP-017,Supplier 017,South Korea,APAC,PLT-09,Hanoi Assembly,Vietnam,APAC,Government,Australia,1,1.0,40,40,0,100.0,100.0,0.0
2026-08-01,SUP-017,Supplier 017,South Korea,APAC,PLT-07,Seoul Tech,South Korea,APAC,Enterprise,USA,1,1.0,114,114,0,100.0,100.0,0.0
2026-08-01,SUP-017,Supplier 017,South Korea,APAC,PLT-08,Taipei Micro,Taiwan,APAC,SMB,Singapore,1,1.0,15,11,4,73.33,0.0,373.0
2026-08-01,SUP-017,Supplier 017,South Korea,APAC,PLT-06,Sao Paulo Ops,Brazil,LATAM,SMB,Germany,1,1.0,11,10,1,90.91,0.0,12.63
2026-08-01,SUP-017,Supplier 017,South Korea,APAC,PLT-02,Detroit Works,USA,NA,Government,Australia,1,1.0,190,190,0,100.0,100.0,0.0
2026-08-01,SUP-018,Supplier 018,Taiwan,APAC,PLT-02,Detroit Works,USA,NA,SMB,UK,1,1.0,54,44,10,81.48,0.0,3730.9
2026-08-01,SUP-018,Supplier 018,Taiwan,APAC,PLT-01,Munich Center,Germany,EMEA,SMB,Australia,1,1.0,14,14,0,100.0,100.0,0.0
2026-08-01,SUP-018,Supplier 018,Taiwan,APAC,PLT-03,Tokyo Precision,Japan,APAC,Government,USA,1,1.0,6,5,1,83.33,0.0,335.86
2026-08-01,SUP-018,Supplier 018,Taiwan,APAC,PLT-08,Taipei Micro,Taiwan,APAC,SMB,Canada,1,1.0,57,57,0,100.0,100.0,0.0
2026-08-01,SUP-018,Supplier 018,Taiwan,APAC,PLT-02,Detroit Works,USA,NA,Government,USA,1,1.0,59,59,0,100.0,100.0,0.0
2026-08-01,SUP-019,Supplier 019,Vietnam,APAC,PLT-01,Munich Center,Germany,EMEA,Enterprise,France,1,1.0,89,89,0,100.0,100.0,0.0
2026-08-01,SUP-019,Supplier 019,Vietnam,APAC,PLT-08,Taipei Micro,Taiwan,APAC,Enterprise,France,1,1.0,111,111,0,100.0,100.0,0.0
2026-08-01,SUP-019,Supplier 019,Vietnam,APAC,PLT-05,Monterrey Plant,Mexico,LATAM,Enterprise,Germany,1,2.0,6,7,0,116.67,100.0,0.0
2026-08-01,SUP-019,Supplier 019,Vietnam,APAC,PLT-01,Munich Center,Germany,EMEA,Enterprise,Germany,1,1.0,49,42,7,85.71,0.0,2852.85
2026-08-01,SUP-019,Supplier 019,Vietnam,APAC,PLT-08,Taipei Micro,Taiwan,APAC,SMB,Canada,1,1.0,113,113,0,100.0,100.0,0.0
2026-08-01,SUP-019,Supplier 019,Vietnam,APAC,PLT-02,Detroit Works,USA,NA,SMB,Singapore,1,1.0,109,109,0,100.0,100.0,0.0
2026-08-01,SUP-019,Supplier 019,Vietnam,APAC,PLT-03,Tokyo Precision,Japan,APAC,SMB,Germany,1,1.0,68,68,0,100.0,100.0,0.0
2026-08-01,SUP-019,Supplier 019,Vietnam,APAC,PLT-01,Munich Center,Germany,EMEA,SMB,UK,1,1.0,53,53,0,100.0,100.0,0.0
2026-08-01,SUP-019,Supplier 019,Vietnam,APAC,PLT-07,Seoul Tech,South Korea,APAC,SMB,Canada,1,1.0,2,2,0,100.0,100.0,0.0
2026-08-01,SUP-019,Supplier 019,Vietnam,APAC,PLT-08,Taipei Micro,Taiwan,APAC,Enterprise,USA,1,2.0,77,90,0,116.88,100.0,0.0
2026-08-01,SUP-019,Supplier 019,Vietnam,APAC,PLT-05,Monterrey Plant,Mexico,LATAM,SMB,UK,1,1.0,163,163,0,100.0,100.0,0.0
2026-08-01,SUP-020,Supplier 020,China,APAC,PLT-00,Shanghai Hub,China,APAC,Government,Germany,1,1.0,79,64,15,81.01,0.0,3214.05
2026-08-01,SUP-020,Supplier 020,China,APAC,PLT-07,Seoul Tech,South Korea,APAC,SMB,Australia,1,1.0,102,102,0,100.0,100.0,0.0
2026-08-01,SUP-020,Supplier 020,China,APAC,PLT-08,Taipei Micro,Taiwan,APAC,Enterprise,Germany,1,1.0,99,99,0,100.0,100.0,0.0
2026-08-01,SUP-020,Supplier 020,China,APAC,PLT-08,Taipei Micro,Taiwan,APAC,SMB,Japan,1,2.0,227,292,0,128.63,100.0,0.0
2026-08-01,SUP-020,Supplier 020,China,APAC,PLT-05,Monterrey Plant,Mexico,LATAM,SMB,France,1,1.0,152,152,0,100.0,100.0,0.0
2026-08-01,SUP-020,Supplier 020,China,APAC,PLT-07,Seoul Tech,South Korea,APAC,SMB,UK,1,1.0,162,162,0,100.0,100.0,0.0
2026-08-01,SUP-020,Supplier 020,China,APAC,PLT-01,Munich Center,Germany,EMEA,SMB,France,1,2.0,11,13,0,118.18,100.0,0.0
2026-08-01,SUP-020,Supplier 020,China,APAC,PLT-01,Munich Center,Germany,EMEA,SMB,Japan,1,1.0,15,15,0,100.0,100.0,0.0
2026-08-01,SUP-020,Supplier 020,China,APAC,PLT-04,Chennai Forge,India,APAC,Government,USA,1,1.0,29,25,4,86.21,0.0,1090.44
2026-08-01,SUP-021,Supplier 021,Germany,EMEA,PLT-04,Chennai Forge,India,APAC,Enterprise,Canada,1,1.0,8,7,1,87.5,0.0,177.2
2026-08-01,SUP-021,Supplier 021,Germany,EMEA,PLT-06,Sao Paulo Ops,Brazil,LATAM,SMB,Australia,1,1.0,32,32,0,100.0,100.0,0.0
2026-08-01,SUP-021,Supplier 021,Germany,EMEA,PLT-08,Taipei Micro,Taiwan,APAC,Government,Australia,1,1.0,138,138,0,100.0,100.0,0.0
2026-08-01,SUP-021,Supplier 021,Germany,EMEA,PLT-06,Sao Paulo Ops,Brazil,LATAM,Enterprise,USA,1,2.0,47,55,0,117.02,100.0,0.0
2026-08-01,SUP-022,Supplier 022,USA,NA,PLT-05,Monterrey Plant,Mexico,LATAM,Government,Singapore,1,2.0,28,31,0,110.71,100.0,0.0
2026-08-01,SUP-022,Supplier 022,USA,NA,PLT-05,Monterrey Plant,Mexico,LATAM,SMB,Singapore,1,1.0,46,43,3,93.48,0.0,1291.41
2026-08-01,SUP-022,Supplier 022,USA,NA,PLT-01,Munich Center,Germany,EMEA,SMB,Germany,1,1.0,43,43,0,100.0,100.0,0.0
2026-08-01,SUP-022,Supplier 022,USA,NA,PLT-09,Hanoi Assembly,Vietnam,APAC,SMB,USA,1,1.0,10,10,0,100.0,100.0,0.0
2026-08-01,SUP-022,Supplier 022,USA,NA,PLT-07,Seoul Tech,South Korea,APAC,Enterprise,USA,1,1.0,139,139,0,100.0,100.0,0.0
2026-08-01,SUP-022,Supplier 022,USA,NA,PLT-02,Detroit Works,USA,NA,Enterprise,USA,1,2.0,44,41,3,93.18,0.0,1176.24
2026-08-01,SUP-022,Supplier 022,USA,NA,PLT-03,Tokyo Precision,Japan,APAC,SMB,UK,1,1.0,96,95,1,98.96,0.0,411.0
2026-08-01,SUP-022,Supplier 022,USA,NA,PLT-00,Shanghai Hub,China,APAC,SMB,Germany,1,1.0,44,32,12,72.73,0.0,4723.2
2026-08-01,SUP-022,Supplier 022,USA,NA,PLT-09,Hanoi Assembly,Vietnam,APAC,Enterprise,Japan,1,1.0,113,113,0,100.0,100.0,0.0
2026-08-01,SUP-022,Supplier 022,USA,NA,PLT-09,Hanoi Assembly,Vietnam,APAC,SMB,Japan,1,1.0,118,103,15,87.29,0.0,3679.2
2026-08-01,SUP-022,Supplier 022,USA,NA,PLT-01,Munich Center,Germany,EMEA,Enterprise,Germany,1,1.0,79,76,3,96.2,0.0,1341.06
2026-08-01,SUP-023,Supplier 023,Japan,APAC,PLT-02,Detroit Works,USA,NA,Government,Germany,1,1.0,55,55,0,100.0,100.0,0.0
2026-08-01,SUP-023,Supplier 023,Japan,APAC,PLT-04,Chennai Forge,India,APAC,SMB,Germany,1,1.0,37,37,0,100.0,100.0,0.0
2026-08-01,SUP-023,Supplier 023,Japan,APAC,PLT-02,Detroit Works,USA,NA,SMB,France,1,1.0,32,28,4,87.5,0.0,550.8
2026-08-01,SUP-023,Supplier 023,Japan,APAC,PLT-08,Taipei Micro,Taiwan,APAC,SMB,France,1,1.0,9,9,0,100.0,100.0,0.0
2026-08-01,SUP-023,Supplier 023,Japan,APAC,PLT-02,Detroit Works,USA,NA,Government,France,1,2.0,45,49,0,108.89,100.0,0.0
2026-08-01,SUP-023,Supplier 023,Japan,APAC,PLT-08,Taipei Micro,Taiwan,APAC,SMB,Japan,1,1.0,58,48,10,82.76,0.0,2085.8
2026-08-01,SUP-023,Supplier 023,Japan,APAC,PLT-02,Detroit Works,USA,NA,Enterprise,USA,1,1.0,177,177,0,100.0,100.0,0.0
2026-08-01,SUP-023,Supplier 023,Japan,APAC,PLT-05,Monterrey Plant,Mexico,LATAM,Enterprise,Singapore,1,1.0,119,119,0,100.0,100.0,0.0
2026-08-01,SUP-023,Supplier 023,Japan,APAC,PLT-03,Tokyo Precision,Japan,APAC,SMB,USA,1,1.0,28,28,0,100.0,100.0,0.0
2026-08-01,SUP-024,Supplier 024,India,APAC,PLT-09,Hanoi Assembly,Vietnam,APAC,SMB,Germany,1,1.0,53,53,0,100.0,100.0,0.0
2026-08-01,SUP-024,Supplier 024,India,APAC,PLT-07,Seoul Tech,South Korea,APAC,Government,UK,1,1.0,235,235,0,100.0,100.0,0.0
2026-08-01,SUP-024,Supplier 024,India,APAC,PLT-02,Detroit Works,USA,NA,SMB,Germany,1,1.0,36,36,0,100.0,100.0,0.0
2026-08-01,SUP-024,Supplier 024,India,APAC,PLT-08,Taipei Micro,Taiwan,APAC,Enterprise,Canada,1,1.0,37,36,1,97.3,0.0,156.13
2026-08-01,SUP-024,Supplier 024,India,APAC,PLT-08,Taipei Micro,Taiwan,APAC,SMB,Germany,1,1.0,13,13,0,100.0,100.0,0.0
2026-08-01,SUP-024,Supplier 024,India,APAC,PLT-04,Chennai Forge,India,APAC,Government,France,1,1.0,59,59,0,100.0,100.0,0.0
2026-08-01,SUP-024,Supplier 024,India,APAC,PLT-08,Taipei Micro,Taiwan,APAC,SMB,Australia,1,1.0,35,35,0,100.0,100.0,0.0
2026-08-01,SUP-024,Supplier 024,India,APAC,PLT-00,Shanghai Hub,China,APAC,Enterprise,USA,1,1.0,50,50,0,100.0,100.0,0.0
2026-08-01,SUP-024,Supplier 024,India,APAC,PLT-01,Munich Center,Germany,EMEA,SMB,Canada,1,2.0,101,122,0,120.79,100.0,0.0
2026-08-01,SUP-024,Supplier 024,India,APAC,PLT-07,Seoul Tech,South Korea,APAC,SMB,Germany,1,1.0,134,131,3,97.76,0.0,333.72
2026-08-01,SUP-025,Supplier 025,Mexico,LATAM,PLT-06,Sao Paulo Ops,Brazil,LATAM,Enterprise,Japan,1,1.0,174,174,0,100.0,100.0,0.0
2026-08-01,SUP-025,Supplier 025,Mexico,LATAM,PLT-00,Shanghai Hub,China,APAC,Government,Germany,1,1.0,106,106,0,100.0,100.0,0.0
2026-08-01,SUP-025,Supplier 025,Mexico,LATAM,PLT-06,Sao Paulo Ops,Brazil,LATAM,SMB,Singapore,1,1.0,56,56,0,100.0,100.0,0.0
2026-08-01,SUP-025,Supplier 025,Mexico,LATAM,PLT-02,Detroit Works,USA,NA,Government,Germany,1,1.0,23,23,0,100.0,100.0,0.0
2026-08-01,SUP-025,Supplier 025,Mexico,LATAM,PLT-02,Detroit Works,USA,NA,Government,Australia,1,1.0,113,113,0,100.0,100.0,0.0
2026-08-01,SUP-025,Supplier 025,Mexico,LATAM,PLT-07,Seoul Tech,South Korea,APAC,SMB,Singapore,1,1.0,44,43,1,97.73,0.0,486.77
2026-08-01,SUP-025,Supplier 025,Mexico,LATAM,PLT-00,Shanghai Hub,China,APAC,Enterprise,Canada,1,1.0,47,43,4,91.49,0.0,137.36
2026-08-01,SUP-025,Supplier 025,Mexico,LATAM,PLT-01,Munich Center,Germany,EMEA,Government,Japan,1,2.0,248,296,0,119.35,100.0,0.0
2026-08-01,SUP-025,Supplier 025,Mexico,LATAM,PLT-06,Sao Paulo Ops,Brazil,LATAM,Government,USA,1,1.0,64,64,0,100.0,100.0,0.0
2026-08-01,SUP-025,Supplier 025,Mexico,LATAM,PLT-03,Tokyo Precision,Japan,APAC,Enterprise,USA,1,1.0,41,41,0,100.0,100.0,0.0
2026-08-01,SUP-025,Supplier 025,Mexico,LATAM,PLT-05,Monterrey Plant,Mexico,LATAM,SMB,Australia,1,1.0,14,14,0,100.0,100.0,0.0
2026-08-01,SUP-026,Supplier 026,Brazil,LATAM,PLT-07,Seoul Tech,South Korea,APAC,SMB,France,1,1.0,108,108,0,100.0,100.0,0.0
2026-08-01,SUP-026,Supplier 026,Brazil,LATAM,PLT-06,Sao Paulo Ops,Brazil,LATAM,Enterprise,Japan,1,2.0,68,79,0,116.18,100.0,0.0
2026-08-01,SUP-026,Supplier 026,Brazil,LATAM,PLT-01,Munich Center,Germany,EMEA,Government,Canada,1,1.0,38,38,0,100.0,100.0,0.0
2026-08-01,SUP-026,Supplier 026,Brazil,LATAM,PLT-05,Monterrey Plant,Mexico,LATAM,Enterprise,Australia,1,1.0,126,126,0,100.0,100.0,0.0
2026-08-01,SUP-026,Supplier 026,Brazil,LATAM,PLT-05,Monterrey Plant,Mexico,LATAM,SMB,UK,1,2.0,139,161,0,115.83,100.0,0.0
2026-08-01,SUP-026,Supplier 026,Brazil,LATAM,PLT-04,Chennai Forge,India,APAC,SMB,USA,1,1.0,201,201,0,100.0,100.0,0.0
2026-08-01,SUP-026,Supplier 026,Brazil,LATAM,PLT-01,Munich Center,Germany,EMEA,Government,Germany,1,2.0,140,171,0,122.14,100.0,0.0
2026-08-01,SUP-026,Supplier 026,Brazil,LATAM,PLT-09,Hanoi Assembly,Vietnam,APAC,Enterprise,Japan,1,1.0,134,134,0,100.0,100.0,0.0
2026-08-01,SUP-027,Supplier 027,South Korea,APAC,PLT-08,Taipei Micro,Taiwan,APAC,SMB,Australia,1,1.0,144,144,0,100.0,100.0,0.0
2026-08-01,SUP-027,Supplier 027,South Korea,APAC,PLT-00,Shanghai Hub,China,APAC,SMB,UK,1,1.0,92,92,0,100.0,100.0,0.0
2026-08-01,SUP-027,Supplier 027,South Korea,APAC,PLT-08,Taipei Micro,Taiwan,APAC,SMB,Singapore,1,1.0,107,107,0,100.0,100.0,0.0
2026-08-01,SUP-027,Supplier 027,South Korea,APAC,PLT-03,Tokyo Precision,Japan,APAC,Enterprise,Japan,1,1.0,124,124,0,100.0,100.0,0.0
2026-08-01,SUP-027,Supplier 027,South Korea,APAC,PLT-06,Sao Paulo Ops,Brazil,LATAM,Enterprise,France,1,1.0,14,13,1,92.86,0.0,470.03
2026-08-01,SUP-027,Supplier 027,South Korea,APAC,PLT-01,Munich Center,Germany,EMEA,SMB,Canada,1,1.0,158,158,0,100.0,100.0,0.0
2026-08-01,SUP-027,Supplier 027,South Korea,APAC,PLT-07,Seoul Tech,South Korea,APAC,Enterprise,Australia,1,2.0,91,108,0,118.68,100.0,0.0
2026-08-01,SUP-028,Supplier 028,Taiwan,APAC,PLT-04,Chennai Forge,India,APAC,SMB,France,1,1.0,222,123,99,55.41,0.0,15994.44
2026-08-01,SUP-028,Supplier 028,Taiwan,APAC,PLT-00,Shanghai Hub,China,APAC,SMB,Japan,1,1.0,32,23,9,71.88,0.0,4057.65
2026-08-01,SUP-028,Supplier 028,Taiwan,APAC,PLT-04,Chennai Forge,India,APAC,Enterprise,Germany,1,2.0,79,85,0,107.59,100.0,0.0
2026-08-01,SUP-028,Supplier 028,Taiwan,APAC,PLT-06,Sao Paulo Ops,Brazil,LATAM,Government,Canada,1,1.0,61,60,1,98.36,0.0,41.47
2026-08-01,SUP-028,Supplier 028,Taiwan,APAC,PLT-07,Seoul Tech,South Korea,APAC,Enterprise,Japan,1,1.0,67,47,20,70.15,0.0,6299.2
2026-08-01,SUP-028,Supplier 028,Taiwan,APAC,PLT-04,Chennai Forge,India,APAC,Government,Canada,1,1.0,90,90,0,100.0,100.0,0.0
2026-08-01,SUP-028,Supplier 028,Taiwan,APAC,PLT-09,Hanoi Assembly,Vietnam,APAC,SMB,Australia,1,1.0,4,4,0,100.0,100.0,0.0
2026-08-01,SUP-029,Supplier 029,Vietnam,APAC,PLT-03,Tokyo Precision,Japan,APAC,SMB,Australia,1,1.0,85,85,0,100.0,100.0,0.0
2026-08-01,SUP-029,Supplier 029,Vietnam,APAC,PLT-00,Shanghai Hub,China,APAC,Enterprise,Canada,1,1.0,15,15,0,100.0,100.0,0.0
2026-08-01,SUP-029,Supplier 029,Vietnam,APAC,PLT-07,Seoul Tech,South Korea,APAC,SMB,UK,1,1.0,61,61,0,100.0,100.0,0.0
2026-08-01,SUP-029,Supplier 029,Vietnam,APAC,PLT-09,Hanoi Assembly,Vietnam,APAC,Government,Japan,1,1.0,136,136,0,100.0,100.0,0.0
2026-08-01,SUP-029,Supplier 029,Vietnam,APAC,PLT-08,Taipei Micro,Taiwan,APAC,Enterprise,Australia,1,1.0,15,15,0,100.0,100.0,0.0
2026-08-01,SUP-029,Supplier 029,Vietnam,APAC,PLT-03,Tokyo Precision,Japan,APAC,SMB,UK,1,1.0,27,27,0,100.0,100.0,0.0
2026-08-01,SUP-029,Supplier 029,Vietnam,APAC,PLT-05,Monterrey Plant,Mexico,LATAM,SMB,Canada,1,1.0,107,107,0,100.0,100.0,0.0
2026-08-01,SUP-029,Supplier 029,Vietnam,APAC,PLT-05,Monterrey Plant,Mexico,LATAM,SMB,UK,1,2.0,80,89,0,111.25,100.0,0.0
2026-08-01,SUP-029,Supplier 029,Vietnam,APAC,PLT-00,Shanghai Hub,China,APAC,SMB,Canada,1,1.0,32,32,0,100.0,100.0,0.0
2026-08-01,SUP-030,Supplier 030,China,APAC,PLT-05,Monterrey Plant,Mexico,LATAM,SMB,USA,1,1.0,49,49,0,100.0,100.0,0.0
2026-08-01,SUP-030,Supplier 030,China,APAC,PLT-08,Taipei Micro,Taiwan,APAC,Enterprise,Japan,1,2.0,53,63,0,118.87,100.0,0.0
2026-08-01,SUP-030,Supplier 030,China,APAC,PLT-06,Sao Paulo Ops,Brazil,LATAM,Enterprise,Canada,1,1.0,74,55,19,74.32,0.0,846.45
2026-08-01,SUP-030,Supplier 030,China,APAC,PLT-05,Monterrey Plant,Mexico,LATAM,Enterprise,France,1,1.0,34,34,0,100.0,100.0,0.0
2026-08-01,SUP-030,Supplier 030,China,APAC,PLT-02,Detroit Works,USA,NA,Government,Australia,1,1.0,9,9,0,100.0,100.0,0.0
2026-08-01,SUP-031,Supplier 031,Germany,EMEA,PLT-07,Seoul Tech,South Korea,APAC,Enterprise,Germany,1,1.0,12,12,0,100.0,100.0,0.0
2026-08-01,SUP-031,Supplier 031,Germany,EMEA,PLT-02,Detroit Works,USA,NA,Enterprise,Germany,1,1.0,9,9,0,100.0,100.0,0.0
2026-08-01,SUP-031,Supplier 031,Germany,EMEA,PLT-00,Shanghai Hub,China,APAC,Government,USA,1,1.0,27,27,0,100.0,100.0,0.0
2026-08-01,SUP-031,Supplier 031,Germany,EMEA,PLT-08,Taipei Micro,Taiwan,APAC,Government,Japan,1,1.0,79,79,0,100.0,100.0,0.0
2026-08-01,SUP-032,Supplier 032,USA,NA,PLT-05,Monterrey Plant,Mexico,LATAM,Enterprise,Germany,1,1.0,14,14,0,100.0,100.0,0.0
2026-08-01,SUP-032,Supplier 032,USA,NA,PLT-05,Monterrey Plant,Mexico,LATAM,Enterprise,USA,1,1.0,31,31,0,100.0,100.0,0.0
2026-08-01,SUP-032,Supplier 032,USA,NA,PLT-04,Chennai Forge,India,APAC,SMB,UK,1,1.0,34,34,0,100.0,100.0,0.0
2026-08-01,SUP-032,Supplier 032,USA,NA,PLT-01,Munich Center,Germany,EMEA,Enterprise,Germany,1,1.0,120,114,6,95.0,0.0,1522.74
2026-08-01,SUP-032,Supplier 032,USA,NA,PLT-07,Seoul Tech,South Korea,APAC,Enterprise,Canada,1,1.0,51,51,0,100.0,100.0,0.0
2026-08-01,SUP-032,Supplier 032,USA,NA,PLT-09,Hanoi Assembly,Vietnam,APAC,Enterprise,Japan,1,1.0,22,22,0,100.0,100.0,0.0
2026-08-01,SUP-032,Supplier 032,USA,NA,PLT-08,Taipei Micro,Taiwan,APAC,SMB,Germany,1,1.0,103,98,5,95.15,0.0,2149.6
2026-08-01,SUP-033,Supplier 033,Japan,APAC,PLT-03,Tokyo Precision,Japan,APAC,SMB,Singapore,1,1.0,176,176,0,100.0,100.0,0.0
2026-08-01,SUP-033,Supplier 033,Japan,APAC,PLT-04,Chennai Forge,India,APAC,SMB,Japan,1,1.0,83,83,0,100.0,100.0,0.0
2026-08-01,SUP-033,Supplier 033,Japan,APAC,PLT-01,Munich Center,Germany,EMEA,SMB,Australia,1,1.0,40,40,0,100.0,100.0,0.0
2026-08-01,SUP-033,Supplier 033,Japan,APAC,PLT-02,Detroit Works,USA,NA,Government,Germany,1,1.0,55,46,9,83.64,0.0,328.95
2026-08-01,SUP-033,Supplier 033,Japan,APAC,PLT-09,Hanoi Assembly,Vietnam,APAC,SMB,Singapore,1,1.0,176,129,47,73.3,0.0,13058.95
2026-08-01,SUP-033,Supplier 033,Japan,APAC,PLT-08,Taipei Micro,Taiwan,APAC,Government,Singapore,1,1.0,16,16,0,100.0,100.0,0.0
2026-08-01,SUP-034,Supplier 034,India,APAC,PLT-07,Seoul Tech,South Korea,APAC,Government,France,1,1.0,76,76,0,100.0,100.0,0.0
2026-08-01,SUP-034,Supplier 034,India,APAC,PLT-07,Seoul Tech,South Korea,APAC,SMB,Singapore,1,1.0,43,43,0,100.0,100.0,0.0
2026-08-01,SUP-034,Supplier 034,India,APAC,PLT-01,Munich Center,Germany,EMEA,Enterprise,France,1,1.0,51,50,1,98.04,0.0,205.54
2026-08-01,SUP-034,Supplier 034,India,APAC,PLT-07,Seoul Tech,South Korea,APAC,Enterprise,Japan,1,1.0,116,109,7,93.97,0.0,944.16
2026-08-01,SUP-034,Supplier 034,India,APAC,PLT-00,Shanghai Hub,China,APAC,Government,Germany,1,1.0,41,41,0,100.0,100.0,0.0
2026-08-01,SUP-034,Supplier 034,India,APAC,PLT-06,Sao Paulo Ops,Brazil,LATAM,SMB,UK,1,1.0,109,93,16,85.32,0.0,6549.6
2026-08-01,SUP-034,Supplier 034,India,APAC,PLT-00,Shanghai Hub,China,APAC,SMB,UK,1,1.0,82,74,8,90.24,0.0,1020.56
2026-08-01,SUP-034,Supplier 034,India,APAC,PLT-03,Tokyo Precision,Japan,APAC,SMB,USA,1,2.0,63,78,0,123.81,100.0,0.0
2026-08-01,SUP-034,Supplier 034,India,APAC,PLT-01,Munich Center,Germany,EMEA,Enterprise,Canada,1,1.0,77,77,0,100.0,100.0,0.0
2026-08-01,SUP-034,Supplier 034,India,APAC,PLT-06,Sao Paulo Ops,Brazil,LATAM,Enterprise,USA,1,1.0,165,165,0,100.0,100.0,0.0
2026-08-01,SUP-034,Supplier 034,India,APAC,PLT-02,Detroit Works,USA,NA,SMB,Singapore,1,1.0,22,22,0,100.0,100.0,0.0
2026-08-01,SUP-035,Supplier 035,Mexico,LATAM,PLT-00,Shanghai Hub,China,APAC,SMB,Australia,1,1.0,137,137,0,100.0,100.0,0.0
2026-08-01,SUP-035,Supplier 035,Mexico,LATAM,PLT-03,Tokyo Precision,Japan,APAC,SMB,Singapore,1,1.0,110,110,0,100.0,100.0,0.0
2026-08-01,SUP-035,Supplier 035,Mexico,LATAM,PLT-03,Tokyo Precision,Japan,APAC,Enterprise,Canada,1,2.0,82,101,0,123.17,100.0,0.0
2026-08-01,SUP-035,Supplier 035,Mexico,LATAM,PLT-03,Tokyo Precision,Japan,APAC,SMB,Germany,1,1.0,175,175,0,100.0,100.0,0.0
2026-08-01,SUP-035,Supplier 035,Mexico,LATAM,PLT-04,Chennai Forge,India,APAC,Enterprise,USA,1,1.0,143,127,16,88.81,0.0,1551.68
2026-08-01,SUP-035,Supplier 035,Mexico,LATAM,PLT-07,Seoul Tech,South Korea,APAC,SMB,Canada,1,1.0,17,17,0,100.0,100.0,0.0
2026-08-01,SUP-036,Supplier 036,Brazil,LATAM,PLT-03,Tokyo Precision,Japan,APAC,SMB,France,1,1.0,130,130,0,100.0,100.0,0.0
2026-08-01,SUP-036,Supplier 036,Brazil,LATAM,PLT-06,Sao Paulo Ops,Brazil,LATAM,SMB,Singapore,1,1.0,71,62,9,87.32,0.0,1183.14
2026-08-01,SUP-036,Supplier 036,Brazil,LATAM,PLT-03,Tokyo Precision,Japan,APAC,SMB,Germany,1,1.0,1,1,0,100.0,100.0,0.0
2026-08-01,SUP-036,Supplier 036,Brazil,LATAM,PLT-05,Monterrey Plant,Mexico,LATAM,SMB,Germany,1,2.0,75,86,0,114.67,100.0,0.0
2026-08-01,SUP-036,Supplier 036,Brazil,LATAM,PLT-03,Tokyo Precision,Japan,APAC,Enterprise,USA,1,2.0,85,98,0,115.29,100.0,0.0
2026-08-01,SUP-036,Supplier 036,Brazil,LATAM,PLT-00,Shanghai Hub,China,APAC,Enterprise,Japan,1,1.0,71,71,0,100.0,100.0,0.0
2026-08-01,SUP-037,Supplier 037,South Korea,APAC,PLT-03,Tokyo Precision,Japan,APAC,SMB,Singapore,1,1.0,37,23,14,62.16,0.0,763.42
2026-08-01,SUP-037,Supplier 037,South Korea,APAC,PLT-04,Chennai Forge,India,APAC,Enterprise,Australia,1,1.0,25,25,0,100.0,100.0,0.0
2026-08-01,SUP-037,Supplier 037,South Korea,APAC,PLT-02,Detroit Works,USA,NA,SMB,Germany,1,1.0,150,150,0,100.0,100.0,0.0
2026-08-01,SUP-037,Supplier 037,South Korea,APAC,PLT-00,Shanghai Hub,China,APAC,SMB,Australia,1,2.0,226,259,0,114.6,100.0,0.0
2026-08-01,SUP-037,Supplier 037,South Korea,APAC,PLT-02,Detroit Works,USA,NA,Enterprise,Japan,1,1.0,17,17,0,100.0,100.0,0.0
2026-08-01,SUP-037,Supplier 037,South Korea,APAC,PLT-03,Tokyo Precision,Japan,APAC,SMB,UK,1,1.0,167,167,0,100.0,100.0,0.0
2026-08-01,SUP-037,Supplier 037,South Korea,APAC,PLT-02,Detroit Works,USA,NA,SMB,UK,1,1.0,57,57,0,100.0,100.0,0.0
2026-08-01,SUP-037,Supplier 037,South Korea,APAC,PLT-03,Tokyo Precision,Japan,APAC,SMB,Germany,1,1.0,141,141,0,100.0,100.0,0.0
2026-08-01,SUP-038,Supplier 038,Taiwan,APAC,PLT-08,Taipei Micro,Taiwan,APAC,SMB,Germany,1,1.0,50,25,25,50.0,0.0,1499.5
2026-08-01,SUP-038,Supplier 038,Taiwan,APAC,PLT-08,Taipei Micro,Taiwan,APAC,SMB,UK,1,1.0,249,238,11,95.58,0.0,4158.22
2026-08-01,SUP-038,Supplier 038,Taiwan,APAC,PLT-04,Chennai Forge,India,APAC,Enterprise,Germany,1,1.0,102,102,0,100.0,100.0,0.0
2026-08-01,SUP-038,Supplier 038,Taiwan,APAC,PLT-09,Hanoi Assembly,Vietnam,APAC,SMB,Australia,1,1.0,128,128,0,100.0,100.0,0.0
2026-08-01,SUP-039,Supplier 039,Vietnam,APAC,PLT-02,Detroit Works,USA,NA,SMB,Australia,1,1.0,33,33,0,100.0,100.0,0.0
2026-08-01,SUP-039,Supplier 039,Vietnam,APAC,PLT-04,Chennai Forge,India,APAC,SMB,Japan,1,1.0,3,3,0,100.0,100.0,0.0
2026-08-01,SUP-039,Supplier 039,Vietnam,APAC,PLT-03,Tokyo Precision,Japan,APAC,Enterprise,Japan,1,1.0,49,49,0,100.0,100.0,0.0
2026-08-01,SUP-039,Supplier 039,Vietnam,APAC,PLT-00,Shanghai Hub,China,APAC,SMB,Australia,1,1.0,131,115,16,87.79,0.0,4456.96
2026-08-01,SUP-040,Supplier 040,China,APAC,PLT-05,Monterrey Plant,Mexico,LATAM,Enterprise,USA,1,1.0,110,110,0,100.0,100.0,0.0
2026-08-01,SUP-040,Supplier 040,China,APAC,PLT-05,Monterrey Plant,Mexico,LATAM,Government,USA,1,1.0,21,20,1,95.24,0.0,472.11
2026-08-01,SUP-040,Supplier 040,China,APAC,PLT-04,Chennai Forge,India,APAC,Government,Japan,1,1.0,101,101,0,100.0,100.0,0.0
2026-08-01,SUP-040,Supplier 040,China,APAC,PLT-01,Munich Center,Germany,EMEA,SMB,Japan,1,1.0,40,24,16,60.0,0.0,3228.64
2026-08-01,SUP-040,Supplier 040,China,APAC,PLT-04,Chennai Forge,India,APAC,Government,Germany,1,1.0,175,145,30,82.86,0.0,14844.9
2026-08-01,SUP-040,Supplier 040,China,APAC,PLT-09,Hanoi Assembly,Vietnam,APAC,SMB,France,1,1.0,107,105,2,98.13,0.0,665.68
2026-08-01,SUP-041,Supplier 041,Germany,EMEA,PLT-03,Tokyo Precision,Japan,APAC,Government,UK,1,1.0,89,89,0,100.0,100.0,0.0
2026-08-01,SUP-041,Supplier 041,Germany,EMEA,PLT-05,Monterrey Plant,Mexico,LATAM,SMB,Australia,1,1.0,37,37,0,100.0,100.0,0.0
2026-08-01,SUP-041,Supplier 041,Germany,EMEA,PLT-00,Shanghai Hub,China,APAC,Enterprise,Canada,1,1.0,23,20,3,86.96,0.0,1258.29
2026-08-01,SUP-041,Supplier 041,Germany,EMEA,PLT-00,Shanghai Hub,China,APAC,SMB,USA,1,1.0,77,77,0,100.0,100.0,0.0
2026-08-01,SUP-041,Supplier 041,Germany,EMEA,PLT-06,Sao Paulo Ops,Brazil,LATAM,Enterprise,Canada,1,1.0,37,37,0,100.0,100.0,0.0
2026-08-01,SUP-041,Supplier 041,Germany,EMEA,PLT-04,Chennai Forge,India,APAC,SMB,Germany,1,1.0,55,55,0,100.0,100.0,0.0
2026-08-01,SUP-042,Supplier 042,USA,NA,PLT-00,Shanghai Hub,China,APAC,SMB,France,1,1.0,78,39,39,50.0,0.0,9259.77
2026-08-01,SUP-042,Supplier 042,USA,NA,PLT-02,Detroit Works,USA,NA,Government,Australia,1,1.0,100,100,0,100.0,100.0,0.0
2026-08-01,SUP-042,Supplier 042,USA,NA,PLT-04,Chennai Forge,India,APAC,Government,France,1,1.0,101,92,9,91.09,0.0,1627.47
2026-08-01,SUP-042,Supplier 042,USA,NA,PLT-04,Chennai Forge,India,APAC,Enterprise,France,1,1.0,68,68,0,100.0,100.0,0.0
2026-08-01,SUP-042,Supplier 042,USA,NA,PLT-03,Tokyo Precision,Japan,APAC,SMB,Australia,1,2.0,116,141,0,121.55,100.0,0.0
2026-08-01,SUP-042,Supplier 042,USA,NA,PLT-04,Chennai Forge,India,APAC,SMB,Japan,1,1.0,38,38,0,100.0,100.0,0.0
2026-08-01,SUP-042,Supplier 042,USA,NA,PLT-07,Seoul Tech,South Korea,APAC,SMB,USA,1,1.0,46,46,0,100.0,100.0,0.0
2026-08-01,SUP-042,Supplier 042,USA,NA,PLT-09,Hanoi Assembly,Vietnam,APAC,Government,France,1,1.0,59,59,0,100.0,100.0,0.0
2026-08-01,SUP-042,Supplier 042,USA,NA,PLT-01,Munich Center,Germany,EMEA,Enterprise,USA,1,1.0,106,106,0,100.0,100.0,0.0
2026-08-01,SUP-042,Supplier 042,USA,NA,PLT-05,Monterrey Plant,Mexico,LATAM,Enterprise,France,1,1.0,29,29,0,100.0,100.0,0.0
2026-08-01,SUP-042,Supplier 042,USA,NA,PLT-01,Munich Center,Germany,EMEA,SMB,France,1,2.0,39,40,0,102.56,100.0,0.0
2026-08-01,SUP-043,Supplier 043,Japan,APAC,PLT-01,Munich Center,Germany,EMEA,SMB,Singapore,1,2.0,26,29,0,111.54,100.0,0.0
2026-08-01,SUP-043,Supplier 043,Japan,APAC,PLT-05,Monterrey Plant,Mexico,LATAM,SMB,France,1,1.0,85,70,15,82.35,0.0,6466.95
2026-08-01,SUP-043,Supplier 043,Japan,APAC,PLT-01,Munich Center,Germany,EMEA,Enterprise,France,1,1.0,121,121,0,100.0,100.0,0.0
2026-08-01,SUP-043,Supplier 043,Japan,APAC,PLT-02,Detroit Works,USA,NA,Government,Singapore,1,1.0,10,9,1,90.0,0.0,248.78
2026-08-01,SUP-043,Supplier 043,Japan,APAC,PLT-08,Taipei Micro,Taiwan,APAC,SMB,Australia,1,1.0,35,35,0,100.0,100.0,0.0
2026-08-01,SUP-043,Supplier 043,Japan,APAC,PLT-00,Shanghai Hub,China,APAC,SMB,UK,1,1.0,27,24,3,88.89,0.0,31.2
2026-08-01,SUP-043,Supplier 043,Japan,APAC,PLT-03,Tokyo Precision,Japan,APAC,Enterprise,Japan,1,2.0,24,31,0,129.17,100.0,0.0
2026-08-01,SUP-043,Supplier 043,Japan,APAC,PLT-03,Tokyo Precision,Japan,APAC,SMB,UK,1,1.0,109,109,0,100.0,100.0,0.0
2026-08-01,SUP-043,Supplier 043,Japan,APAC,PLT-09,Hanoi Assembly,Vietnam,APAC,SMB,France,1,1.0,78,78,0,100.0,100.0,0.0
2026-08-01,SUP-044,Supplier 044,India,APAC,PLT-04,Chennai Forge,India,APAC,Enterprise,France,1,1.0,110,104,6,94.55,0.0,2294.16
2026-08-01,SUP-044,Supplier 044,India,APAC,PLT-04,Chennai Forge,India,APAC,SMB,Canada,1,1.0,107,107,0,100.0,100.0,0.0
2026-08-01,SUP-044,Supplier 044,India,APAC,PLT-03,Tokyo Precision,Japan,APAC,Enterprise,Canada,1,1.0,33,33,0,100.0,100.0,0.0
2026-08-01,SUP-044,Supplier 044,India,APAC,PLT-02,Detroit Works,USA,NA,SMB,Canada,1,1.0,24,24,0,100.0,100.0,0.0
2026-08-01,SUP-044,Supplier 044,India,APAC,PLT-07,Seoul Tech,South Korea,APAC,Government,USA,1,1.0,133,133,0,100.0,100.0,0.0
2026-08-01,SUP-044,Supplier 044,India,APAC,PLT-03,Tokyo Precision,Japan,APAC,Government,Germany,1,1.0,41,36,5,87.8,0.0,2344.65
2026-08-01,SUP-044,Supplier 044,India,APAC,PLT-02,Detroit Works,USA,NA,Enterprise,Canada,1,1.0,5,5,0,100.0,100.0,0.0
2026-08-01,SUP-044,Supplier 044,India,APAC,PLT-03,Tokyo Precision,Japan,APAC,SMB,Singapore,1,1.0,80,80,0,100.0,100.0,0.0
2026-08-01,SUP-044,Supplier 044,India,APAC,PLT-05,Monterrey Plant,Mexico,LATAM,SMB,France,1,1.0,147,147,0,100.0,100.0,0.0
2026-08-01,SUP-044,Supplier 044,India,APAC,PLT-09,Hanoi Assembly,Vietnam,APAC,Government,Germany,1,1.0,8,8,0,100.0,100.0,0.0
2026-08-01,SUP-044,Supplier 044,India,APAC,PLT-03,Tokyo Precision,Japan,APAC,SMB,Japan,1,1.0,90,90,0,100.0,100.0,0.0
2026-08-01,SUP-044,Supplier 044,India,APAC,PLT-00,Shanghai Hub,China,APAC,Government,Germany,1,1.0,19,19,0,100.0,100.0,0.0
2026-08-01,SUP-045,Supplier 045,Mexico,LATAM,PLT-07,Seoul Tech,South Korea,APAC,Enterprise,Canada,1,1.0,31,31,0,100.0,100.0,0.0
2026-08-01,SUP-045,Supplier 045,Mexico,LATAM,PLT-08,Taipei Micro,Taiwan,APAC,SMB,Australia,1,1.0,165,165,0,100.0,100.0,0.0
2026-08-01,SUP-045,Supplier 045,Mexico,LATAM,PLT-03,Tokyo Precision,Japan,APAC,Government,Canada,1,1.0,19,17,2,89.47,0.0,662.26
2026-08-01,SUP-045,Supplier 045,Mexico,LATAM,PLT-08,Taipei Micro,Taiwan,APAC,SMB,UK,1,1.0,168,168,0,100.0,100.0,0.0
2026-08-01,SUP-045,Supplier 045,Mexico,LATAM,PLT-03,Tokyo Precision,Japan,APAC,Government,USA,1,1.0,151,151,0,100.0,100.0,0.0
2026-08-01,SUP-045,Supplier 045,Mexico,LATAM,PLT-01,Munich Center,Germany,EMEA,Enterprise,Canada,1,1.0,220,208,12,94.55,0.0,5285.4
2026-08-01,SUP-045,Supplier 045,Mexico,LATAM,PLT-07,Seoul Tech,South Korea,APAC,Enterprise,Japan,1,1.0,39,31,8,79.49,0.0,3698.08
2026-08-01,SUP-045,Supplier 045,Mexico,LATAM,PLT-06,Sao Paulo Ops,Brazil,LATAM,SMB,France,1,1.0,30,30,0,100.0,100.0,0.0
2026-08-01,SUP-045,Supplier 045,Mexico,LATAM,PLT-05,Monterrey Plant,Mexico,LATAM,SMB,USA,1,1.0,9,9,0,100.0,100.0,0.0
2026-08-01,SUP-046,Supplier 046,Brazil,LATAM,PLT-09,Hanoi Assembly,Vietnam,APAC,Enterprise,Japan,1,1.0,84,84,0,100.0,100.0,0.0
2026-08-01,SUP-046,Supplier 046,Brazil,LATAM,PLT-09,Hanoi Assembly,Vietnam,APAC,SMB,Singapore,1,1.0,191,191,0,100.0,100.0,0.0
2026-08-01,SUP-046,Supplier 046,Brazil,LATAM,PLT-04,Chennai Forge,India,APAC,SMB,Singapore,1,2.0,7,5,2,71.43,0.0,181.52
2026-08-01,SUP-046,Supplier 046,Brazil,LATAM,PLT-08,Taipei Micro,Taiwan,APAC,Government,USA,1,1.0,31,29,2,93.55,0.0,206.36
2026-08-01,SUP-047,Supplier 047,South Korea,APAC,PLT-02,Detroit Works,USA,NA,Enterprise,Australia,1,1.0,4,4,0,100.0,100.0,0.0
2026-08-01,SUP-047,Supplier 047,South Korea,APAC,PLT-06,Sao Paulo Ops,Brazil,LATAM,Enterprise,UK,1,1.0,65,54,11,83.08,0.0,4026.66
2026-08-01,SUP-047,Supplier 047,South Korea,APAC,PLT-01,Munich Center,Germany,EMEA,Government,Singapore,1,1.0,171,171,0,100.0,100.0,0.0
2026-08-01,SUP-047,Supplier 047,South Korea,APAC,PLT-09,Hanoi Assembly,Vietnam,APAC,Enterprise,Canada,1,1.0,55,55,0,100.0,100.0,0.0
2026-08-01,SUP-048,Supplier 048,Taiwan,APAC,PLT-08,Taipei Micro,Taiwan,APAC,SMB,Germany,1,1.0,50,50,0,100.0,100.0,0.0
2026-08-01,SUP-048,Supplier 048,Taiwan,APAC,PLT-04,Chennai Forge,India,APAC,Enterprise,France,1,2.0,51,57,0,111.76,100.0,0.0
2026-08-01,SUP-048,Supplier 048,Taiwan,APAC,PLT-08,Taipei Micro,Taiwan,APAC,Government,France,1,1.0,115,68,47,59.13,0.0,2871.23
2026-08-01,SUP-048,Supplier 048,Taiwan,APAC,PLT-08,Taipei Micro,Taiwan,APAC,SMB,USA,1,2.0,244,308,0,126.23,100.0,0.0
2026-08-01,SUP-048,Supplier 048,Taiwan,APAC,PLT-02,Detroit Works,USA,NA,SMB,Australia,1,1.0,94,94,0,100.0,100.0,0.0
2026-08-01,SUP-048,Supplier 048,Taiwan,APAC,PLT-06,Sao Paulo Ops,Brazil,LATAM,Enterprise,UK,1,1.0,80,80,0,100.0,100.0,0.0
2026-08-01,SUP-048,Supplier 048,Taiwan,APAC,PLT-03,Tokyo Precision,Japan,APAC,SMB,Australia,1,1.0,249,249,0,100.0,100.0,0.0
2026-08-01,SUP-049,Supplier 049,Vietnam,APAC,PLT-04,Chennai Forge,India,APAC,SMB,Canada,1,1.0,189,175,14,92.59,0.0,6237.0
2026-08-01,SUP-049,Supplier 049,Vietnam,APAC,PLT-02,Detroit Works,USA,NA,SMB,USA,1,1.0,111,109,2,98.2,0.0,158.44
2026-08-01,SUP-049,Supplier 049,Vietnam,APAC,PLT-06,Sao Paulo Ops,Brazil,LATAM,Enterprise,Germany,1,1.0,251,175,76,69.72,0.0,16604.48
2026-08-01,SUP-049,Supplier 049,Vietnam,APAC,PLT-02,Detroit Works,USA,NA,SMB,Australia,1,2.0,49,56,0,114.29,100.0,0.0
2026-08-01,SUP-049,Supplier 049,Vietnam,APAC,PLT-00,Shanghai Hub,China,APAC,SMB,Germany,1,1.0,34,34,0,100.0,100.0,0.0
2026-09-01,SUP-000,Supplier 000,China,APAC,PLT-06,Sao Paulo Ops,Brazil,LATAM,SMB,UK,1,1.0,68,68,0,100.0,100.0,0.0
2026-09-01,SUP-000,Supplier 000,China,APAC,PLT-00,Shanghai Hub,China,APAC,Enterprise,Japan,1,1.0,29,29,0,100.0,100.0,0.0
2026-09-01,SUP-000,Supplier 000,China,APAC,PLT-03,Tokyo Precision,Japan,APAC,SMB,Singapore,1,1.0,32,32,0,100.0,100.0,0.0
2026-09-01,SUP-001,Supplier 001,Germany,EMEA,PLT-00,Shanghai Hub,China,APAC,SMB,Canada,1,1.0,127,127,0,100.0,100.0,0.0
2026-09-01,SUP-001,Supplier 001,Germany,EMEA,PLT-00,Shanghai Hub,China,APAC,Government,Canada,1,1.0,17,9,8,52.94,0.0,3519.36
2026-09-01,SUP-001,Supplier 001,Germany,EMEA,PLT-07,Seoul Tech,South Korea,APAC,SMB,UK,1,1.0,215,215,0,100.0,100.0,0.0
2026-09-01,SUP-001,Supplier 001,Germany,EMEA,PLT-06,Sao Paulo Ops,Brazil,LATAM,SMB,Canada,1,2.0,44,49,0,111.36,100.0,0.0
2026-09-01,SUP-001,Supplier 001,Germany,EMEA,PLT-02,Detroit Works,USA,NA,SMB,UK,1,1.0,53,53,0,100.0,100.0,0.0
2026-09-01,SUP-001,Supplier 001,Germany,EMEA,PLT-04,Chennai Forge,India,APAC,Enterprise,Singapore,1,1.0,5,5,0,100.0,100.0,0.0
2026-09-01,SUP-001,Supplier 001,Germany,EMEA,PLT-03,Tokyo Precision,Japan,APAC,Enterprise,France,1,1.0,25,25,0,100.0,100.0,0.0
2026-09-01,SUP-001,Supplier 001,Germany,EMEA,PLT-04,Chennai Forge,India,APAC,SMB,Germany,1,1.0,39,39,0,100.0,100.0,0.0
2026-09-01,SUP-002,Supplier 002,USA,NA,PLT-05,Monterrey Plant,Mexico,LATAM,SMB,Singapore,1,1.0,43,43,0,100.0,100.0,0.0
2026-09-01,SUP-002,Supplier 002,USA,NA,PLT-08,Taipei Micro,Taiwan,APAC,Government,Singapore,1,2.0,151,184,0,121.85,100.0,0.0
2026-09-01,SUP-002,Supplier 002,USA,NA,PLT-08,Taipei Micro,Taiwan,APAC,Enterprise,France,1,1.0,261,261,0,100.0,100.0,0.0
2026-09-01,SUP-002,Supplier 002,USA,NA,PLT-00,Shanghai Hub,China,APAC,SMB,Germany,1,2.0,61,62,0,101.64,100.0,0.0
2026-09-01,SUP-002,Supplier 002,USA,NA,PLT-02,Detroit Works,USA,NA,Enterprise,USA,1,1.0,18,18,0,100.0,100.0,0.0
2026-09-01,SUP-002,Supplier 002,USA,NA,PLT-08,Taipei Micro,Taiwan,APAC,SMB,Germany,1,2.0,2,3,0,150.0,100.0,0.0
2026-09-01,SUP-002,Supplier 002,USA,NA,PLT-06,Sao Paulo Ops,Brazil,LATAM,SMB,Germany,1,1.0,17,17,0,100.0,100.0,0.0
2026-09-01,SUP-002,Supplier 002,USA,NA,PLT-08,Taipei Micro,Taiwan,APAC,Enterprise,Japan,1,1.0,24,23,1,95.83,0.0,65.77
2026-09-01,SUP-002,Supplier 002,USA,NA,PLT-09,Hanoi Assembly,Vietnam,APAC,Enterprise,USA,1,1.0,45,31,14,68.89,0.0,3200.82
2026-09-01,SUP-003,Supplier 003,Japan,APAC,PLT-03,Tokyo Precision,Japan,APAC,SMB,Canada,1,1.0,52,39,13,75.0,0.0,6330.09
2026-09-01,SUP-003,Supplier 003,Japan,APAC,PLT-06,Sao Paulo Ops,Brazil,LATAM,SMB,Singapore,1,2.0,97,112,0,115.46,100.0,0.0
2026-09-01,SUP-003,Supplier 003,Japan,APAC,PLT-05,Monterrey Plant,Mexico,LATAM,Enterprise,Canada,1,1.0,71,67,4,94.37,0.0,1548.32
2026-09-01,SUP-003,Supplier 003,Japan,APAC,PLT-07,Seoul Tech,South Korea,APAC,SMB,Singapore,1,1.0,52,52,0,100.0,100.0,0.0
2026-09-01,SUP-004,Supplier 004,India,APAC,PLT-03,Tokyo Precision,Japan,APAC,Government,France,1,1.0,71,71,0,100.0,100.0,0.0
2026-09-01,SUP-004,Supplier 004,India,APAC,PLT-00,Shanghai Hub,China,APAC,SMB,Australia,1,1.0,70,70,0,100.0,100.0,0.0
2026-09-01,SUP-004,Supplier 004,India,APAC,PLT-05,Monterrey Plant,Mexico,LATAM,SMB,Germany,1,1.0,49,49,0,100.0,100.0,0.0
2026-09-01,SUP-004,Supplier 004,India,APAC,PLT-07,Seoul Tech,South Korea,APAC,SMB,France,1,1.0,104,104,0,100.0,100.0,0.0
2026-09-01,SUP-004,Supplier 004,India,APAC,PLT-08,Taipei Micro,Taiwan,APAC,SMB,USA,1,1.0,96,96,0,100.0,100.0,0.0
2026-09-01,SUP-004,Supplier 004,India,APAC,PLT-08,Taipei Micro,Taiwan,APAC,SMB,France,1,2.0,14,18,0,128.57,100.0,0.0
2026-09-01,SUP-004,Supplier 004,India,APAC,PLT-07,Seoul Tech,South Korea,APAC,Enterprise,USA,1,1.0,24,20,4,83.33,0.0,1858.04
2026-09-01,SUP-004,Supplier 004,India,APAC,PLT-01,Munich Center,Germany,EMEA,SMB,Australia,1,1.0,133,133,0,100.0,100.0,0.0
2026-09-01,SUP-004,Supplier 004,India,APAC,PLT-00,Shanghai Hub,China,APAC,Government,USA,1,1.0,50,50,0,100.0,100.0,0.0
2026-09-01,SUP-004,Supplier 004,India,APAC,PLT-09,Hanoi Assembly,Vietnam,APAC,Enterprise,UK,1,1.0,49,37,12,75.51,0.0,5037.48
2026-09-01,SUP-005,Supplier 005,Mexico,LATAM,PLT-06,Sao Paulo Ops,Brazil,LATAM,SMB,USA,1,1.0,204,178,26,87.25,0.0,8872.24
2026-09-01,SUP-005,Supplier 005,Mexico,LATAM,PLT-04,Chennai Forge,India,APAC,Enterprise,Australia,1,2.0,94,104,0,110.64,100.0,0.0
2026-09-01,SUP-005,Supplier 005,Mexico,LATAM,PLT-09,Hanoi Assembly,Vietnam,APAC,Government,Australia,1,1.0,19,19,0,100.0,100.0,0.0
2026-09-01,SUP-005,Supplier 005,Mexico,LATAM,PLT-06,Sao Paulo Ops,Brazil,LATAM,SMB,France,1,1.0,73,73,0,100.0,100.0,0.0
2026-09-01,SUP-005,Supplier 005,Mexico,LATAM,PLT-02,Detroit Works,USA,NA,SMB,Germany,1,1.0,99,83,16,83.84,0.0,5807.04
2026-09-01,SUP-005,Supplier 005,Mexico,LATAM,PLT-00,Shanghai Hub,China,APAC,SMB,Singapore,1,1.0,158,142,16,89.87,0.0,5146.88
2026-09-01,SUP-005,Supplier 005,Mexico,LATAM,PLT-02,Detroit Works,USA,NA,SMB,Australia,1,1.0,23,23,0,100.0,100.0,0.0
2026-09-01,SUP-005,Supplier 005,Mexico,LATAM,PLT-04,Chennai Forge,India,APAC,SMB,Germany,1,1.0,106,66,40,62.26,0.0,14288.0
2026-09-01,SUP-005,Supplier 005,Mexico,LATAM,PLT-05,Monterrey Plant,Mexico,LATAM,SMB,USA,1,1.0,21,21,0,100.0,100.0,0.0
2026-09-01,SUP-006,Supplier 006,Brazil,LATAM,PLT-00,Shanghai Hub,China,APAC,Government,USA,1,1.0,210,210,0,100.0,100.0,0.0
2026-09-01,SUP-006,Supplier 006,Brazil,LATAM,PLT-08,Taipei Micro,Taiwan,APAC,SMB,Germany,1,2.0,32,37,0,115.63,100.0,0.0
2026-09-01,SUP-006,Supplier 006,Brazil,LATAM,PLT-07,Seoul Tech,South Korea,APAC,SMB,USA,1,1.0,43,31,12,72.09,0.0,4880.76
2026-09-01,SUP-006,Supplier 006,Brazil,LATAM,PLT-09,Hanoi Assembly,Vietnam,APAC,Enterprise,Germany,1,1.0,134,73,61,54.48,0.0,8874.28
2026-09-01,SUP-006,Supplier 006,Brazil,LATAM,PLT-06,Sao Paulo Ops,Brazil,LATAM,SMB,UK,1,1.0,127,127,0,100.0,100.0,0.0
2026-09-01,SUP-006,Supplier 006,Brazil,LATAM,PLT-07,Seoul Tech,South Korea,APAC,Government,Germany,1,1.0,149,149,0,100.0,100.0,0.0
2026-09-01,SUP-007,Supplier 007,South Korea,APAC,PLT-00,Shanghai Hub,China,APAC,Government,Canada,1,1.0,61,61,0,100.0,100.0,0.0
2026-09-01,SUP-007,Supplier 007,South Korea,APAC,PLT-07,Seoul Tech,South Korea,APAC,SMB,Singapore,1,2.0,15,13,2,86.67,0.0,527.26
2026-09-01,SUP-007,Supplier 007,South Korea,APAC,PLT-05,Monterrey Plant,Mexico,LATAM,SMB,UK,1,1.0,99,99,0,100.0,100.0,0.0
2026-09-01,SUP-007,Supplier 007,South Korea,APAC,PLT-05,Monterrey Plant,Mexico,LATAM,SMB,USA,1,1.0,27,27,0,100.0,100.0,0.0
2026-09-01,SUP-007,Supplier 007,South Korea,APAC,PLT-03,Tokyo Precision,Japan,APAC,Enterprise,UK,1,1.0,56,56,0,100.0,100.0,0.0
2026-09-01,SUP-007,Supplier 007,South Korea,APAC,PLT-06,Sao Paulo Ops,Brazil,LATAM,SMB,USA,1,1.0,25,25,0,100.0,100.0,0.0
2026-09-01,SUP-008,Supplier 008,Taiwan,APAC,PLT-03,Tokyo Precision,Japan,APAC,SMB,Singapore,1,1.0,129,92,37,71.32,0.0,10883.92
2026-09-01,SUP-008,Supplier 008,Taiwan,APAC,PLT-00,Shanghai Hub,China,APAC,Enterprise,Singapore,1,1.0,35,35,0,100.0,100.0,0.0
2026-09-01,SUP-008,Supplier 008,Taiwan,APAC,PLT-00,Shanghai Hub,China,APAC,Government,USA,1,1.0,120,120,0,100.0,100.0,0.0
2026-09-01,SUP-008,Supplier 008,Taiwan,APAC,PLT-09,Hanoi Assembly,Vietnam,APAC,Enterprise,Canada,2,3.0,76,76,0,100.0,100.0,0.0
2026-09-01,SUP-008,Supplier 008,Taiwan,APAC,PLT-07,Seoul Tech,South Korea,APAC,SMB,USA,1,2.0,135,107,28,79.26,0.0,9678.48
2026-09-01,SUP-008,Supplier 008,Taiwan,APAC,PLT-05,Monterrey Plant,Mexico,LATAM,Enterprise,UK,1,2.0,31,38,0,122.58,100.0,0.0
2026-09-01,SUP-008,Supplier 008,Taiwan,APAC,PLT-08,Taipei Micro,Taiwan,APAC,SMB,USA,1,1.0,57,35,22,61.4,0.0,7786.24
2026-09-01,SUP-008,Supplier 008,Taiwan,APAC,PLT-00,Shanghai Hub,China,APAC,Government,Germany,1,1.0,102,102,0,100.0,100.0,0.0
2026-09-01,SUP-008,Supplier 008,Taiwan,APAC,PLT-07,Seoul Tech,South Korea,APAC,Government,Canada,1,1.0,71,71,0,100.0,100.0,0.0
2026-09-01,SUP-008,Supplier 008,Taiwan,APAC,PLT-07,Seoul Tech,South Korea,APAC,SMB,Australia,1,1.0,104,96,8,92.31,0.0,3036.16
2026-09-01,SUP-009,Supplier 009,Vietnam,APAC,PLT-04,Chennai Forge,India,APAC,Government,UK,1,1.0,74,74,0,100.0,100.0,0.0
2026-09-01,SUP-009,Supplier 009,Vietnam,APAC,PLT-08,Taipei Micro,Taiwan,APAC,Enterprise,Germany,1,1.0,48,48,0,100.0,100.0,0.0
2026-09-01,SUP-009,Supplier 009,Vietnam,APAC,PLT-02,Detroit Works,USA,NA,Government,France,1,1.0,98,98,0,100.0,100.0,0.0
2026-09-01,SUP-009,Supplier 009,Vietnam,APAC,PLT-09,Hanoi Assembly,Vietnam,APAC,Enterprise,Germany,1,1.0,217,174,43,80.18,0.0,20557.44
2026-09-01,SUP-009,Supplier 009,Vietnam,APAC,PLT-00,Shanghai Hub,China,APAC,Enterprise,USA,2,2.0,190,175,15,92.11,50.0,5832.75
2026-09-01,SUP-010,Supplier 010,China,APAC,PLT-08,Taipei Micro,Taiwan,APAC,SMB,Germany,1,1.0,22,22,0,100.0,100.0,0.0
2026-09-01,SUP-010,Supplier 010,China,APAC,PLT-04,Chennai Forge,India,APAC,Enterprise,USA,1,1.0,16,16,0,100.0,100.0,0.0
2026-09-01,SUP-010,Supplier 010,China,APAC,PLT-06,Sao Paulo Ops,Brazil,LATAM,Government,Australia,1,1.0,80,80,0,100.0,100.0,0.0
2026-09-01,SUP-010,Supplier 010,China,APAC,PLT-07,Seoul Tech,South Korea,APAC,SMB,UK,1,1.0,102,102,0,100.0,100.0,0.0
2026-09-01,SUP-010,Supplier 010,China,APAC,PLT-08,Taipei Micro,Taiwan,APAC,SMB,France,1,1.0,179,179,0,100.0,100.0,0.0
2026-09-01,SUP-010,Supplier 010,China,APAC,PLT-02,Detroit Works,USA,NA,SMB,UK,1,2.0,244,316,0,129.51,100.0,0.0
2026-09-01,SUP-010,Supplier 010,China,APAC,PLT-02,Detroit Works,USA,NA,SMB,France,1,1.0,97,97,0,100.0,100.0,0.0
2026-09-01,SUP-010,Supplier 010,China,APAC,PLT-00,Shanghai Hub,China,APAC,SMB,UK,2,2.0,81,75,6,92.59,0.0,2089.3
2026-09-01,SUP-011,Supplier 011,Germany,EMEA,PLT-08,Taipei Micro,Taiwan,APAC,Enterprise,Canada,1,1.0,168,168,0,100.0,100.0,0.0
2026-09-01,SUP-011,Supplier 011,Germany,EMEA,PLT-08,Taipei Micro,Taiwan,APAC,SMB,Singapore,1,1.0,63,51,12,80.95,0.0,3426.84
2026-09-01,SUP-012,Supplier 012,USA,NA,PLT-08,Taipei Micro,Taiwan,APAC,SMB,Australia,1,1.0,109,58,51,53.21,0.0,8092.68
2026-09-01,SUP-012,Supplier 012,USA,NA,PLT-08,Taipei Micro,Taiwan,APAC,SMB,Singapore,1,1.0,12,12,0,100.0,100.0,0.0
2026-09-01,SUP-012,Supplier 012,USA,NA,PLT-09,Hanoi Assembly,Vietnam,APAC,Government,Japan,1,2.0,26,30,0,115.38,100.0,0.0
2026-09-01,SUP-012,Supplier 012,USA,NA,PLT-02,Detroit Works,USA,NA,SMB,Japan,1,1.0,36,36,0,100.0,100.0,0.0
2026-09-01,SUP-012,Supplier 012,USA,NA,PLT-02,Detroit Works,USA,NA,SMB,UK,1,1.0,5,5,0,100.0,100.0,0.0
2026-09-01,SUP-012,Supplier 012,USA,NA,PLT-00,Shanghai Hub,China,APAC,SMB,Singapore,1,1.0,23,23,0,100.0,100.0,0.0
2026-09-01,SUP-012,Supplier 012,USA,NA,PLT-09,Hanoi Assembly,Vietnam,APAC,Government,Australia,1,1.0,8,6,2,75.0,0.0,683.9
2026-09-01,SUP-012,Supplier 012,USA,NA,PLT-09,Hanoi Assembly,Vietnam,APAC,Enterprise,USA,1,1.0,151,151,0,100.0,100.0,0.0
2026-09-01,SUP-013,Supplier 013,Japan,APAC,PLT-07,Seoul Tech,South Korea,APAC,SMB,Germany,1,1.0,50,50,0,100.0,100.0,0.0
2026-09-01,SUP-013,Supplier 013,Japan,APAC,PLT-03,Tokyo Precision,Japan,APAC,Enterprise,France,1,1.0,187,187,0,100.0,100.0,0.0
2026-09-01,SUP-014,Supplier 014,India,APAC,PLT-01,Munich Center,Germany,EMEA,Government,UK,1,1.0,22,20,2,90.91,0.0,381.54
2026-09-01,SUP-014,Supplier 014,India,APAC,PLT-07,Seoul Tech,South Korea,APAC,Enterprise,Canada,1,1.0,52,52,0,100.0,100.0,0.0
2026-09-01,SUP-014,Supplier 014,India,APAC,PLT-00,Shanghai Hub,China,APAC,SMB,USA,1,2.0,37,46,0,124.32,100.0,0.0
2026-09-01,SUP-014,Supplier 014,India,APAC,PLT-04,Chennai Forge,India,APAC,Government,USA,1,1.0,84,84,0,100.0,100.0,0.0
2026-09-01,SUP-015,Supplier 015,Mexico,LATAM,PLT-03,Tokyo Precision,Japan,APAC,Government,Singapore,1,1.0,15,15,0,100.0,100.0,0.0
2026-09-01,SUP-015,Supplier 015,Mexico,LATAM,PLT-01,Munich Center,Germany,EMEA,SMB,Japan,1,1.0,124,80,44,64.52,0.0,13095.72
2026-09-01,SUP-015,Supplier 015,Mexico,LATAM,PLT-05,Monterrey Plant,Mexico,LATAM,Government,USA,1,2.0,150,170,0,113.33,100.0,0.0
2026-09-01,SUP-015,Supplier 015,Mexico,LATAM,PLT-04,Chennai Forge,India,APAC,Government,Germany,1,2.0,153,191,0,124.84,100.0,0.0
2026-09-01,SUP-015,Supplier 015,Mexico,LATAM,PLT-05,Monterrey Plant,Mexico,LATAM,SMB,Canada,1,1.0,56,56,0,100.0,100.0,0.0
2026-09-01,SUP-015,Supplier 015,Mexico,LATAM,PLT-06,Sao Paulo Ops,Brazil,LATAM,SMB,Canada,1,1.0,47,26,21,55.32,0.0,10354.47
2026-09-01,SUP-015,Supplier 015,Mexico,LATAM,PLT-02,Detroit Works,USA,NA,SMB,Germany,2,2.0,129,129,0,100.0,100.0,0.0
2026-09-01,SUP-015,Supplier 015,Mexico,LATAM,PLT-08,Taipei Micro,Taiwan,APAC,SMB,Singapore,1,1.0,135,135,0,100.0,100.0,0.0
2026-09-01,SUP-015,Supplier 015,Mexico,LATAM,PLT-06,Sao Paulo Ops,Brazil,LATAM,Enterprise,Canada,1,1.0,74,69,5,93.24,0.0,1684.85
2026-09-01,SUP-015,Supplier 015,Mexico,LATAM,PLT-02,Detroit Works,USA,NA,SMB,UK,1,1.0,4,4,0,100.0,100.0,0.0
2026-09-01,SUP-015,Supplier 015,Mexico,LATAM,PLT-08,Taipei Micro,Taiwan,APAC,Enterprise,Canada,1,1.0,121,121,0,100.0,100.0,0.0
2026-09-01,SUP-015,Supplier 015,Mexico,LATAM,PLT-08,Taipei Micro,Taiwan,APAC,SMB,USA,1,1.0,59,59,0,100.0,100.0,0.0
2026-09-01,SUP-016,Supplier 016,Brazil,LATAM,PLT-01,Munich Center,Germany,EMEA,Enterprise,Japan,1,1.0,19,16,3,84.21,0.0,1346.13
2026-09-01,SUP-016,Supplier 016,Brazil,LATAM,PLT-00,Shanghai Hub,China,APAC,Enterprise,Germany,1,1.0,17,17,0,100.0,100.0,0.0
2026-09-01,SUP-016,Supplier 016,Brazil,LATAM,PLT-01,Munich Center,Germany,EMEA,Government,Australia,1,1.0,123,123,0,100.0,100.0,0.0
2026-09-01,SUP-016,Supplier 016,Brazil,LATAM,PLT-00,Shanghai Hub,China,APAC,Government,Singapore,1,1.0,71,71,0,100.0,100.0,0.0
2026-09-01,SUP-016,Supplier 016,Brazil,LATAM,PLT-07,Seoul Tech,South Korea,APAC,Enterprise,France,1,1.0,186,179,7,96.24,0.0,987.49
2026-09-01,SUP-016,Supplier 016,Brazil,LATAM,PLT-03,Tokyo Precision,Japan,APAC,Enterprise,France,1,1.0,126,126,0,100.0,100.0,0.0
2026-09-01,SUP-017,Supplier 017,South Korea,APAC,PLT-03,Tokyo Precision,Japan,APAC,SMB,Germany,1,2.0,45,57,0,126.67,100.0,0.0
2026-09-01,SUP-017,Supplier 017,South Korea,APAC,PLT-00,Shanghai Hub,China,APAC,Government,France,1,1.0,13,13,0,100.0,100.0,0.0
2026-09-01,SUP-017,Supplier 017,South Korea,APAC,PLT-00,Shanghai Hub,China,APAC,Government,Singapore,1,1.0,48,48,0,100.0,100.0,0.0
2026-09-01,SUP-017,Supplier 017,South Korea,APAC,PLT-04,Chennai Forge,India,APAC,Government,USA,1,1.0,223,219,4,98.21,0.0,1001.8
2026-09-01,SUP-017,Supplier 017,South Korea,APAC,PLT-00,Shanghai Hub,China,APAC,SMB,France,1,1.0,10,9,1,90.0,0.0,374.37
2026-09-01,SUP-018,Supplier 018,Taiwan,APAC,PLT-01,Munich Center,Germany,EMEA,Enterprise,USA,1,1.0,53,53,0,100.0,100.0,0.0
2026-09-01,SUP-018,Supplier 018,Taiwan,APAC,PLT-05,Monterrey Plant,Mexico,LATAM,SMB,Australia,1,2.0,37,47,0,127.03,100.0,0.0
2026-09-01,SUP-018,Supplier 018,Taiwan,APAC,PLT-00,Shanghai Hub,China,APAC,Enterprise,France,1,1.0,57,57,0,100.0,100.0,0.0
2026-09-01,SUP-018,Supplier 018,Taiwan,APAC,PLT-03,Tokyo Precision,Japan,APAC,SMB,Australia,1,1.0,63,63,0,100.0,100.0,0.0
2026-09-01,SUP-018,Supplier 018,Taiwan,APAC,PLT-03,Tokyo Precision,Japan,APAC,Enterprise,USA,1,2.0,71,64,7,90.14,0.0,947.45
2026-09-01,SUP-018,Supplier 018,Taiwan,APAC,PLT-07,Seoul Tech,South Korea,APAC,Enterprise,USA,1,1.0,7,6,1,85.71,0.0,218.2
2026-09-01,SUP-018,Supplier 018,Taiwan,APAC,PLT-08,Taipei Micro,Taiwan,APAC,Government,USA,1,1.0,161,161,0,100.0,100.0,0.0
2026-09-01,SUP-019,Supplier 019,Vietnam,APAC,PLT-00,Shanghai Hub,China,APAC,Enterprise,France,1,1.0,32,32,0,100.0,100.0,0.0
2026-09-01,SUP-019,Supplier 019,Vietnam,APAC,PLT-02,Detroit Works,USA,NA,SMB,UK,1,2.0,53,55,0,103.77,100.0,0.0
2026-09-01,SUP-019,Supplier 019,Vietnam,APAC,PLT-06,Sao Paulo Ops,Brazil,LATAM,SMB,UK,1,1.0,25,25,0,100.0,100.0,0.0
2026-09-01,SUP-019,Supplier 019,Vietnam,APAC,PLT-03,Tokyo Precision,Japan,APAC,Enterprise,France,1,2.0,117,137,0,117.09,100.0,0.0
2026-09-01,SUP-019,Supplier 019,Vietnam,APAC,PLT-03,Tokyo Precision,Japan,APAC,SMB,Singapore,1,2.0,94,121,0,128.72,100.0,0.0
2026-09-01,SUP-019,Supplier 019,Vietnam,APAC,PLT-00,Shanghai Hub,China,APAC,SMB,Germany,1,1.0,89,67,22,75.28,0.0,8561.52
2026-09-01,SUP-019,Supplier 019,Vietnam,APAC,PLT-04,Chennai Forge,India,APAC,SMB,Germany,1,1.0,175,175,0,100.0,100.0,0.0
2026-09-01,SUP-019,Supplier 019,Vietnam,APAC,PLT-02,Detroit Works,USA,NA,SMB,Canada,1,1.0,187,187,0,100.0,100.0,0.0
2026-09-01,SUP-019,Supplier 019,Vietnam,APAC,PLT-08,Taipei Micro,Taiwan,APAC,SMB,France,1,1.0,11,11,0,100.0,100.0,0.0
2026-09-01,SUP-020,Supplier 020,China,APAC,PLT-01,Munich Center,Germany,EMEA,SMB,Australia,1,1.0,100,100,0,100.0,100.0,0.0
2026-09-01,SUP-020,Supplier 020,China,APAC,PLT-04,Chennai Forge,India,APAC,SMB,Germany,1,1.0,191,107,84,56.02,0.0,15760.08
2026-09-01,SUP-020,Supplier 020,China,APAC,PLT-04,Chennai Forge,India,APAC,SMB,Singapore,1,1.0,97,56,41,57.73,0.0,4494.83
2026-09-01,SUP-020,Supplier 020,China,APAC,PLT-06,Sao Paulo Ops,Brazil,LATAM,SMB,Canada,1,2.0,201,241,0,119.9,100.0,0.0
2026-09-01,SUP-021,Supplier 021,Germany,EMEA,PLT-03,Tokyo Precision,Japan,APAC,Government,France,1,1.0,41,29,12,70.73,0.0,5937.96
2026-09-01,SUP-021,Supplier 021,Germany,EMEA,PLT-06,Sao Paulo Ops,Brazil,LATAM,Enterprise,Australia,1,2.0,33,42,0,127.27,100.0,0.0
2026-09-01,SUP-021,Supplier 021,Germany,EMEA,PLT-05,Monterrey Plant,Mexico,LATAM,SMB,Canada,1,2.0,12,15,0,125.0,100.0,0.0
2026-09-01,SUP-021,Supplier 021,Germany,EMEA,PLT-02,Detroit Works,USA,NA,SMB,USA,1,2.0,203,248,0,122.17,100.0,0.0
2026-09-01,SUP-021,Supplier 021,Germany,EMEA,PLT-02,Detroit Works,USA,NA,Enterprise,France,1,2.0,109,95,14,87.16,0.0,717.36
2026-09-01,SUP-021,Supplier 021,Germany,EMEA,PLT-09,Hanoi Assembly,Vietnam,APAC,Government,Germany,1,1.0,51,41,10,80.39,0.0,1220.4
2026-09-01,SUP-021,Supplier 021,Germany,EMEA,PLT-05,Monterrey Plant,Mexico,LATAM,SMB,UK,1,1.0,46,46,0,100.0,100.0,0.0
2026-09-01,SUP-021,Supplier 021,Germany,EMEA,PLT-06,Sao Paulo Ops,Brazil,LATAM,SMB,Germany,1,1.0,46,46,0,100.0,100.0,0.0
2026-09-01,SUP-021,Supplier 021,Germany,EMEA,PLT-02,Detroit Works,USA,NA,Government,Germany,1,1.0,3,3,0,100.0,100.0,0.0
2026-09-01,SUP-022,Supplier 022,USA,NA,PLT-00,Shanghai Hub,China,APAC,Government,Singapore,1,1.0,23,23,0,100.0,100.0,0.0
2026-09-01,SUP-022,Supplier 022,USA,NA,PLT-03,Tokyo Precision,Japan,APAC,SMB,France,1,1.0,81,81,0,100.0,100.0,0.0
2026-09-01,SUP-022,Supplier 022,USA,NA,PLT-03,Tokyo Precision,Japan,APAC,Government,Germany,1,2.0,77,98,0,127.27,100.0,0.0
2026-09-01,SUP-022,Supplier 022,USA,NA,PLT-01,Munich Center,Germany,EMEA,Government,Canada,1,1.0,139,124,15,89.21,0.0,6365.85
2026-09-01,SUP-022,Supplier 022,USA,NA,PLT-07,Seoul Tech,South Korea,APAC,Government,Canada,1,1.0,23,23,0,100.0,100.0,0.0
2026-09-01,SUP-022,Supplier 022,USA,NA,PLT-06,Sao Paulo Ops,Brazil,LATAM,SMB,USA,1,1.0,55,46,9,83.64,0.0,1405.8
2026-09-01,SUP-022,Supplier 022,USA,NA,PLT-01,Munich Center,Germany,EMEA,Government,France,1,1.0,123,123,0,100.0,100.0,0.0
2026-09-01,SUP-022,Supplier 022,USA,NA,PLT-08,Taipei Micro,Taiwan,APAC,SMB,Germany,1,1.0,58,46,12,79.31,0.0,1057.8
2026-09-01,SUP-022,Supplier 022,USA,NA,PLT-07,Seoul Tech,South Korea,APAC,SMB,Germany,1,1.0,55,55,0,100.0,100.0,0.0
2026-09-01,SUP-022,Supplier 022,USA,NA,PLT-09,Hanoi Assembly,Vietnam,APAC,SMB,Germany,1,1.0,11,11,0,100.0,100.0,0.0
2026-09-01,SUP-022,Supplier 022,USA,NA,PLT-05,Monterrey Plant,Mexico,LATAM,SMB,Australia,1,1.0,63,63,0,100.0,100.0,0.0
2026-09-01,SUP-022,Supplier 022,USA,NA,PLT-08,Taipei Micro,Taiwan,APAC,SMB,Singapore,1,1.0,17,17,0,100.0,100.0,0.0
2026-09-01,SUP-022,Supplier 022,USA,NA,PLT-02,Detroit Works,USA,NA,Enterprise,UK,1,1.0,269,269,0,100.0,100.0,0.0
2026-09-01,SUP-023,Supplier 023,Japan,APAC,PLT-04,Chennai Forge,India,APAC,SMB,UK,1,1.0,31,31,0,100.0,100.0,0.0
2026-09-01,SUP-023,Supplier 023,Japan,APAC,PLT-09,Hanoi Assembly,Vietnam,APAC,Enterprise,Germany,1,2.0,135,158,0,117.04,100.0,0.0
2026-09-01,SUP-023,Supplier 023,Japan,APAC,PLT-01,Munich Center,Germany,EMEA,Enterprise,USA,1,1.0,144,144,0,100.0,100.0,0.0
2026-09-01,SUP-023,Supplier 023,Japan,APAC,PLT-03,Tokyo Precision,Japan,APAC,SMB,UK,1,1.0,36,34,2,94.44,0.0,604.78
2026-09-01,SUP-024,Supplier 024,India,APAC,PLT-06,Sao Paulo Ops,Brazil,LATAM,Enterprise,France,1,1.0,107,107,0,100.0,100.0,0.0
2026-09-01,SUP-024,Supplier 024,India,APAC,PLT-01,Munich Center,Germany,EMEA,SMB,UK,1,2.0,231,254,0,109.96,100.0,0.0
2026-09-01,SUP-024,Supplier 024,India,APAC,PLT-05,Monterrey Plant,Mexico,LATAM,Enterprise,France,1,1.0,131,115,16,87.79,0.0,6001.44
2026-09-01,SUP-024,Supplier 024,India,APAC,PLT-01,Munich Center,Germany,EMEA,SMB,Singapore,1,2.0,15,13,2,86.67,0.0,983.88
2026-09-01,SUP-024,Supplier 024,India,APAC,PLT-07,Seoul Tech,South Korea,APAC,SMB,Singapore,1,1.0,39,23,16,58.97,0.0,5069.28
2026-09-01,SUP-024,Supplier 024,India,APAC,PLT-06,Sao Paulo Ops,Brazil,LATAM,SMB,Australia,1,2.0,50,64,0,128.0,100.0,0.0
2026-09-01,SUP-025,Supplier 025,Mexico,LATAM,PLT-04,Chennai Forge,India,APAC,SMB,France,1,1.0,51,51,0,100.0,100.0,0.0
2026-09-01,SUP-025,Supplier 025,Mexico,LATAM,PLT-08,Taipei Micro,Taiwan,APAC,SMB,UK,1,1.0,28,28,0,100.0,100.0,0.0
2026-09-01,SUP-025,Supplier 025,Mexico,LATAM,PLT-02,Detroit Works,USA,NA,Enterprise,USA,1,2.0,56,58,0,103.57,100.0,0.0
2026-09-01,SUP-025,Supplier 025,Mexico,LATAM,PLT-02,Detroit Works,USA,NA,Government,USA,1,1.0,32,32,0,100.0,100.0,0.0
2026-09-01,SUP-025,Supplier 025,Mexico,LATAM,PLT-07,Seoul Tech,South Korea,APAC,SMB,France,1,2.0,12,16,0,133.33,100.0,0.0
2026-09-01,SUP-025,Supplier 025,Mexico,LATAM,PLT-04,Chennai Forge,India,APAC,Enterprise,Germany,1,1.0,29,17,12,58.62,0.0,5368.92
2026-09-01,SUP-025,Supplier 025,Mexico,LATAM,PLT-08,Taipei Micro,Taiwan,APAC,Government,France,1,1.0,62,57,5,91.94,0.0,2461.3
2026-09-01,SUP-025,Supplier 025,Mexico,LATAM,PLT-06,Sao Paulo Ops,Brazil,LATAM,SMB,Australia,1,2.0,42,42,0,100.0,100.0,0.0
2026-09-01,SUP-026,Supplier 026,Brazil,LATAM,PLT-04,Chennai Forge,India,APAC,Government,Germany,1,1.0,123,123,0,100.0,100.0,0.0
2026-09-01,SUP-026,Supplier 026,Brazil,LATAM,PLT-06,Sao Paulo Ops,Brazil,LATAM,Government,Singapore,1,2.0,122,137,0,112.3,100.0,0.0
2026-09-01,SUP-026,Supplier 026,Brazil,LATAM,PLT-07,Seoul Tech,South Korea,APAC,Enterprise,USA,1,2.0,28,35,0,125.0,100.0,0.0
2026-09-01,SUP-027,Supplier 027,South Korea,APAC,PLT-00,Shanghai Hub,China,APAC,SMB,UK,1,1.0,36,23,13,63.89,0.0,1273.22
2026-09-01,SUP-027,Supplier 027,South Korea,APAC,PLT-09,Hanoi Assembly,Vietnam,APAC,SMB,Singapore,1,1.0,44,44,0,100.0,100.0,0.0
2026-09-01,SUP-027,Supplier 027,South Korea,APAC,PLT-00,Shanghai Hub,China,APAC,Enterprise,Canada,1,1.0,3,3,0,100.0,100.0,0.0
2026-09-01,SUP-027,Supplier 027,South Korea,APAC,PLT-05,Monterrey Plant,Mexico,LATAM,Enterprise,Canada,1,1.0,145,145,0,100.0,100.0,0.0
2026-09-01,SUP-027,Supplier 027,South Korea,APAC,PLT-02,Detroit Works,USA,NA,SMB,Australia,1,1.0,7,7,0,100.0,100.0,0.0
2026-09-01,SUP-027,Supplier 027,South Korea,APAC,PLT-04,Chennai Forge,India,APAC,Government,USA,1,1.0,117,117,0,100.0,100.0,0.0
2026-09-01,SUP-027,Supplier 027,South Korea,APAC,PLT-08,Taipei Micro,Taiwan,APAC,Enterprise,France,1,1.0,83,83,0,100.0,100.0,0.0
2026-09-01,SUP-027,Supplier 027,South Korea,APAC,PLT-04,Chennai Forge,India,APAC,SMB,Singapore,1,1.0,41,26,15,63.41,0.0,268.35
2026-09-01,SUP-027,Supplier 027,South Korea,APAC,PLT-01,Munich Center,Germany,EMEA,SMB,UK,1,1.0,97,93,4,95.88,0.0,934.16
2026-09-01,SUP-027,Supplier 027,South Korea,APAC,PLT-09,Hanoi Assembly,Vietnam,APAC,SMB,Germany,1,1.0,55,51,4,92.73,0.0,480.48
2026-09-01,SUP-027,Supplier 027,South Korea,APAC,PLT-09,Hanoi Assembly,Vietnam,APAC,SMB,Canada,1,2.0,91,101,0,110.99,100.0,0.0
2026-09-01,SUP-028,Supplier 028,Taiwan,APAC,PLT-09,Hanoi Assembly,Vietnam,APAC,SMB,Canada,1,1.0,101,82,19,81.19,0.0,3683.72
2026-09-01,SUP-028,Supplier 028,Taiwan,APAC,PLT-01,Munich Center,Germany,EMEA,SMB,Canada,1,1.0,122,122,0,100.0,100.0,0.0
2026-09-01,SUP-028,Supplier 028,Taiwan,APAC,PLT-01,Munich Center,Germany,EMEA,SMB,France,1,1.0,4,4,0,100.0,100.0,0.0
2026-09-01,SUP-029,Supplier 029,Vietnam,APAC,PLT-07,Seoul Tech,South Korea,APAC,Enterprise,USA,1,1.0,35,35,0,100.0,100.0,0.0
2026-09-01,SUP-029,Supplier 029,Vietnam,APAC,PLT-07,Seoul Tech,South Korea,APAC,Government,France,1,1.0,6,6,0,100.0,100.0,0.0
2026-09-01,SUP-029,Supplier 029,Vietnam,APAC,PLT-06,Sao Paulo Ops,Brazil,LATAM,Enterprise,France,1,1.0,47,47,0,100.0,100.0,0.0
2026-09-01,SUP-029,Supplier 029,Vietnam,APAC,PLT-04,Chennai Forge,India,APAC,Enterprise,Japan,1,1.0,38,38,0,100.0,100.0,0.0
2026-09-01,SUP-029,Supplier 029,Vietnam,APAC,PLT-09,Hanoi Assembly,Vietnam,APAC,SMB,Australia,1,1.0,14,14,0,100.0,100.0,0.0
2026-09-01,SUP-029,Supplier 029,Vietnam,APAC,PLT-06,Sao Paulo Ops,Brazil,LATAM,Enterprise,Japan,1,1.0,166,142,24,85.54,0.0,3714.48
2026-09-01,SUP-030,Supplier 030,China,APAC,PLT-06,Sao Paulo Ops,Brazil,LATAM,Government,Japan,1,1.0,35,31,4,88.57,0.0,1538.88
2026-09-01,SUP-030,Supplier 030,China,APAC,PLT-07,Seoul Tech,South Korea,APAC,SMB,Australia,1,1.0,134,116,18,86.57,0.0,8066.7
2026-09-01,SUP-030,Supplier 030,China,APAC,PLT-02,Detroit Works,USA,NA,SMB,Australia,1,2.0,17,15,2,88.24,0.0,749.72
2026-09-01,SUP-030,Supplier 030,China,APAC,PLT-05,Monterrey Plant,Mexico,LATAM,Enterprise,Japan,1,1.0,146,146,0,100.0,100.0,0.0
2026-09-01,SUP-030,Supplier 030,China,APAC,PLT-06,Sao Paulo Ops,Brazil,LATAM,SMB,Singapore,1,1.0,16,16,0,100.0,100.0,0.0
2026-09-01,SUP-031,Supplier 031,Germany,EMEA,PLT-05,Monterrey Plant,Mexico,LATAM,SMB,USA,1,1.0,166,149,17,89.76,0.0,1969.96
2026-09-01,SUP-031,Supplier 031,Germany,EMEA,PLT-02,Detroit Works,USA,NA,SMB,Canada,1,1.0,13,13,0,100.0,100.0,0.0
2026-09-01,SUP-031,Supplier 031,Germany,EMEA,PLT-03,Tokyo Precision,Japan,APAC,SMB,UK,1,1.0,42,39,3,92.86,0.0,1219.47
2026-09-01,SUP-031,Supplier 031,Germany,EMEA,PLT-03,Tokyo Precision,Japan,APAC,SMB,France,1,1.0,87,87,0,100.0,100.0,0.0
2026-09-01,SUP-031,Supplier 031,Germany,EMEA,PLT-00,Shanghai Hub,China,APAC,SMB,UK,1,1.0,94,94,0,100.0,100.0,0.0
2026-09-01,SUP-031,Supplier 031,Germany,EMEA,PLT-00,Shanghai Hub,China,APAC,SMB,Singapore,1,1.0,93,93,0,100.0,100.0,0.0
2026-09-01,SUP-031,Supplier 031,Germany,EMEA,PLT-03,Tokyo Precision,Japan,APAC,Government,Australia,1,2.0,6,7,0,116.67,100.0,0.0
2026-09-01,SUP-031,Supplier 031,Germany,EMEA,PLT-09,Hanoi Assembly,Vietnam,APAC,SMB,Canada,1,1.0,68,61,7,89.71,0.0,2529.66
2026-09-01,SUP-032,Supplier 032,USA,NA,PLT-05,Monterrey Plant,Mexico,LATAM,SMB,Singapore,1,1.0,95,95,0,100.0,100.0,0.0
2026-09-01,SUP-032,Supplier 032,USA,NA,PLT-00,Shanghai Hub,China,APAC,Enterprise,Canada,1,2.0,146,190,0,130.14,100.0,0.0
2026-09-01,SUP-032,Supplier 032,USA,NA,PLT-07,Seoul Tech,South Korea,APAC,Government,Germany,1,1.0,51,51,0,100.0,100.0,0.0
2026-09-01,SUP-032,Supplier 032,USA,NA,PLT-06,Sao Paulo Ops,Brazil,LATAM,SMB,Australia,1,1.0,92,92,0,100.0,100.0,0.0
2026-09-01,SUP-033,Supplier 033,Japan,APAC,PLT-05,Monterrey Plant,Mexico,LATAM,SMB,Canada,1,1.0,171,171,0,100.0,100.0,0.0
2026-09-01,SUP-033,Supplier 033,Japan,APAC,PLT-09,Hanoi Assembly,Vietnam,APAC,Enterprise,USA,1,1.0,86,67,19,77.91,0.0,3105.74
2026-09-01,SUP-033,Supplier 033,Japan,APAC,PLT-02,Detroit Works,USA,NA,SMB,UK,1,1.0,94,50,44,53.19,0.0,6379.12
2026-09-01,SUP-033,Supplier 033,Japan,APAC,PLT-08,Taipei Micro,Taiwan,APAC,SMB,Singapore,1,1.0,97,62,35,63.92,0.0,16357.6
2026-09-01,SUP-033,Supplier 033,Japan,APAC,PLT-02,Detroit Works,USA,NA,Government,Canada,1,1.0,53,53,0,100.0,100.0,0.0
2026-09-01,SUP-033,Supplier 033,Japan,APAC,PLT-06,Sao Paulo Ops,Brazil,LATAM,SMB,Germany,1,1.0,96,96,0,100.0,100.0,0.0
2026-09-01,SUP-033,Supplier 033,Japan,APAC,PLT-00,Shanghai Hub,China,APAC,Enterprise,France,1,1.0,45,39,6,86.67,0.0,2757.24
2026-09-01,SUP-033,Supplier 033,Japan,APAC,PLT-07,Seoul Tech,South Korea,APAC,SMB,Singapore,1,1.0,4,4,0,100.0,100.0,0.0
2026-09-01,SUP-034,Supplier 034,India,APAC,PLT-02,Detroit Works,USA,NA,SMB,Canada,1,2.0,65,79,0,121.54,100.0,0.0
2026-09-01,SUP-034,Supplier 034,India,APAC,PLT-02,Detroit Works,USA,NA,Government,USA,1,1.0,197,197,0,100.0,100.0,0.0
2026-09-01,SUP-034,Supplier 034,India,APAC,PLT-03,Tokyo Precision,Japan,APAC,Enterprise,France,1,1.0,38,35,3,92.11,0.0,440.4
2026-09-01,SUP-034,Supplier 034,India,APAC,PLT-02,Detroit Works,USA,NA,SMB,UK,1,1.0,22,22,0,100.0,100.0,0.0
2026-09-01,SUP-034,Supplier 034,India,APAC,PLT-00,Shanghai Hub,China,APAC,SMB,Singapore,1,1.0,111,111,0,100.0,100.0,0.0
2026-09-01,SUP-034,Supplier 034,India,APAC,PLT-08,Taipei Micro,Taiwan,APAC,Government,UK,1,1.0,33,33,0,100.0,100.0,0.0
2026-09-01,SUP-034,Supplier 034,India,APAC,PLT-05,Monterrey Plant,Mexico,LATAM,Enterprise,Canada,1,1.0,3,3,0,100.0,100.0,0.0
2026-09-01,SUP-034,Supplier 034,India,APAC,PLT-09,Hanoi Assembly,Vietnam,APAC,Government,USA,1,1.0,145,145,0,100.0,100.0,0.0
2026-09-01,SUP-035,Supplier 035,Mexico,LATAM,PLT-09,Hanoi Assembly,Vietnam,APAC,SMB,Germany,1,1.0,127,127,0,100.0,100.0,0.0
2026-09-01,SUP-035,Supplier 035,Mexico,LATAM,PLT-08,Taipei Micro,Taiwan,APAC,SMB,Germany,1,1.0,131,131,0,100.0,100.0,0.0
2026-09-01,SUP-035,Supplier 035,Mexico,LATAM,PLT-06,Sao Paulo Ops,Brazil,LATAM,Government,France,1,1.0,63,63,0,100.0,100.0,0.0
2026-09-01,SUP-035,Supplier 035,Mexico,LATAM,PLT-09,Hanoi Assembly,Vietnam,APAC,SMB,UK,1,1.0,121,121,0,100.0,100.0,0.0
2026-09-01,SUP-035,Supplier 035,Mexico,LATAM,PLT-06,Sao Paulo Ops,Brazil,LATAM,SMB,UK,1,2.0,83,107,0,128.92,100.0,0.0
2026-09-01,SUP-035,Supplier 035,Mexico,LATAM,PLT-00,Shanghai Hub,China,APAC,Enterprise,UK,1,1.0,92,92,0,100.0,100.0,0.0
2026-09-01,SUP-035,Supplier 035,Mexico,LATAM,PLT-01,Munich Center,Germany,EMEA,Government,USA,1,1.0,64,64,0,100.0,100.0,0.0
2026-09-01,SUP-035,Supplier 035,Mexico,LATAM,PLT-08,Taipei Micro,Taiwan,APAC,Enterprise,Germany,1,2.0,82,88,0,107.32,100.0,0.0
2026-09-01,SUP-035,Supplier 035,Mexico,LATAM,PLT-09,Hanoi Assembly,Vietnam,APAC,Government,UK,1,2.0,22,23,0,104.55,100.0,0.0
2026-09-01,SUP-035,Supplier 035,Mexico,LATAM,PLT-00,Shanghai Hub,China,APAC,SMB,Australia,1,1.0,55,41,14,74.55,0.0,1112.3
2026-09-01,SUP-036,Supplier 036,Brazil,LATAM,PLT-07,Seoul Tech,South Korea,APAC,SMB,Canada,1,1.0,70,70,0,100.0,100.0,0.0
2026-09-01,SUP-036,Supplier 036,Brazil,LATAM,PLT-04,Chennai Forge,India,APAC,Government,Japan,1,2.0,167,212,0,126.95,100.0,0.0
2026-09-01,SUP-036,Supplier 036,Brazil,LATAM,PLT-08,Taipei Micro,Taiwan,APAC,SMB,Singapore,1,1.0,9,9,0,100.0,100.0,0.0
2026-09-01,SUP-036,Supplier 036,Brazil,LATAM,PLT-04,Chennai Forge,India,APAC,SMB,Australia,1,1.0,40,38,2,95.0,0.0,313.3
2026-09-01,SUP-036,Supplier 036,Brazil,LATAM,PLT-07,Seoul Tech,South Korea,APAC,SMB,Germany,1,1.0,29,29,0,100.0,100.0,0.0
2026-09-01,SUP-036,Supplier 036,Brazil,LATAM,PLT-05,Monterrey Plant,Mexico,LATAM,SMB,Germany,1,1.0,4,3,1,75.0,0.0,27.0
2026-09-01,SUP-037,Supplier 037,South Korea,APAC,PLT-03,Tokyo Precision,Japan,APAC,Enterprise,USA,1,1.0,137,137,0,100.0,100.0,0.0
2026-09-01,SUP-037,Supplier 037,South Korea,APAC,PLT-00,Shanghai Hub,China,APAC,SMB,UK,1,2.0,117,90,27,76.92,0.0,13328.28
2026-09-01,SUP-037,Supplier 037,South Korea,APAC,PLT-04,Chennai Forge,India,APAC,Enterprise,USA,1,1.0,60,39,21,65.0,0.0,2137.38
2026-09-01,SUP-037,Supplier 037,South Korea,APAC,PLT-04,Chennai Forge,India,APAC,SMB,USA,1,1.0,161,161,0,100.0,100.0,0.0
2026-09-01,SUP-037,Supplier 037,South Korea,APAC,PLT-03,Tokyo Precision,Japan,APAC,Enterprise,Japan,1,1.0,73,73,0,100.0,100.0,0.0
2026-09-01,SUP-037,Supplier 037,South Korea,APAC,PLT-05,Monterrey Plant,Mexico,LATAM,Government,Australia,1,1.0,16,14,2,87.5,0.0,805.76
2026-09-01,SUP-037,Supplier 037,South Korea,APAC,PLT-01,Munich Center,Germany,EMEA,SMB,France,1,1.0,137,137,0,100.0,100.0,0.0
2026-09-01,SUP-037,Supplier 037,South Korea,APAC,PLT-01,Munich Center,Germany,EMEA,Enterprise,USA,1,1.0,35,35,0,100.0,100.0,0.0
2026-09-01,SUP-037,Supplier 037,South Korea,APAC,PLT-05,Monterrey Plant,Mexico,LATAM,Enterprise,Canada,1,1.0,113,94,19,83.19,0.0,4158.53
2026-09-01,SUP-037,Supplier 037,South Korea,APAC,PLT-07,Seoul Tech,South Korea,APAC,SMB,Germany,1,1.0,79,79,0,100.0,100.0,0.0
2026-09-01,SUP-037,Supplier 037,South Korea,APAC,PLT-05,Monterrey Plant,Mexico,LATAM,SMB,Singapore,1,1.0,92,92,0,100.0,100.0,0.0
2026-09-01,SUP-037,Supplier 037,South Korea,APAC,PLT-09,Hanoi Assembly,Vietnam,APAC,Enterprise,USA,1,1.0,105,105,0,100.0,100.0,0.0
2026-09-01,SUP-037,Supplier 037,South Korea,APAC,PLT-04,Chennai Forge,India,APAC,SMB,Germany,1,1.0,85,78,7,91.76,0.0,1598.87
2026-09-01,SUP-037,Supplier 037,South Korea,APAC,PLT-00,Shanghai Hub,China,APAC,Enterprise,USA,1,1.0,137,137,0,100.0,100.0,0.0
2026-09-01,SUP-038,Supplier 038,Taiwan,APAC,PLT-03,Tokyo Precision,Japan,APAC,Enterprise,Canada,1,1.0,146,146,0,100.0,100.0,0.0
2026-09-01,SUP-038,Supplier 038,Taiwan,APAC,PLT-04,Chennai Forge,India,APAC,SMB,Singapore,1,1.0,85,85,0,100.0,100.0,0.0
2026-09-01,SUP-038,Supplier 038,Taiwan,APAC,PLT-06,Sao Paulo Ops,Brazil,LATAM,SMB,France,1,1.0,223,223,0,100.0,100.0,0.0
2026-09-01,SUP-038,Supplier 038,Taiwan,APAC,PLT-03,Tokyo Precision,Japan,APAC,Government,Germany,1,1.0,83,83,0,100.0,100.0,0.0
2026-09-01,SUP-038,Supplier 038,Taiwan,APAC,PLT-00,Shanghai Hub,China,APAC,SMB,UK,1,2.0,8,9,0,112.5,100.0,0.0
2026-09-01,SUP-038,Supplier 038,Taiwan,APAC,PLT-07,Seoul Tech,South Korea,APAC,Government,Australia,1,1.0,37,24,13,64.86,0.0,4580.94
2026-09-01,SUP-038,Supplier 038,Taiwan,APAC,PLT-08,Taipei Micro,Taiwan,APAC,Enterprise,Canada,1,1.0,47,47,0,100.0,100.0,0.0
2026-09-01,SUP-038,Supplier 038,Taiwan,APAC,PLT-04,Chennai Forge,India,APAC,Enterprise,Germany,1,2.0,83,96,0,115.66,100.0,0.0
2026-09-01,SUP-039,Supplier 039,Vietnam,APAC,PLT-08,Taipei Micro,Taiwan,APAC,SMB,Singapore,1,1.0,122,122,0,100.0,100.0,0.0
2026-09-01,SUP-039,Supplier 039,Vietnam,APAC,PLT-06,Sao Paulo Ops,Brazil,LATAM,SMB,Singapore,1,1.0,16,16,0,100.0,100.0,0.0
2026-09-01,SUP-039,Supplier 039,Vietnam,APAC,PLT-05,Monterrey Plant,Mexico,LATAM,SMB,Singapore,1,1.0,20,20,0,100.0,100.0,0.0
2026-09-01,SUP-039,Supplier 039,Vietnam,APAC,PLT-05,Monterrey Plant,Mexico,LATAM,Enterprise,Japan,1,1.0,7,5,2,71.43,0.0,383.08
2026-09-01,SUP-039,Supplier 039,Vietnam,APAC,PLT-08,Taipei Micro,Taiwan,APAC,SMB,Canada,1,1.0,15,15,0,100.0,100.0,0.0
2026-09-01,SUP-039,Supplier 039,Vietnam,APAC,PLT-00,Shanghai Hub,China,APAC,SMB,Singapore,1,1.0,106,104,2,98.11,0.0,47.52
2026-09-01,SUP-040,Supplier 040,China,APAC,PLT-03,Tokyo Precision,Japan,APAC,SMB,UK,1,1.0,38,38,0,100.0,100.0,0.0
2026-09-01,SUP-040,Supplier 040,China,APAC,PLT-01,Munich Center,Germany,EMEA,Enterprise,USA,1,1.0,138,138,0,100.0,100.0,0.0
2026-09-01,SUP-040,Supplier 040,China,APAC,PLT-09,Hanoi Assembly,Vietnam,APAC,SMB,Germany,1,1.0,90,90,0,100.0,100.0,0.0
2026-09-01,SUP-041,Supplier 041,Germany,EMEA,PLT-00,Shanghai Hub,China,APAC,SMB,Australia,1,1.0,109,109,0,100.0,100.0,0.0
2026-09-01,SUP-041,Supplier 041,Germany,EMEA,PLT-05,Monterrey Plant,Mexico,LATAM,SMB,Canada,1,2.0,6,8,0,133.33,100.0,0.0
2026-09-01,SUP-041,Supplier 041,Germany,EMEA,PLT-09,Hanoi Assembly,Vietnam,APAC,Enterprise,Germany,1,1.0,216,216,0,100.0,100.0,0.0
2026-09-01,SUP-041,Supplier 041,Germany,EMEA,PLT-00,Shanghai Hub,China,APAC,Enterprise,USA,1,1.0,124,124,0,100.0,100.0,0.0
2026-09-01,SUP-041,Supplier 041,Germany,EMEA,PLT-06,Sao Paulo Ops,Brazil,LATAM,SMB,Australia,1,1.0,204,204,0,100.0,100.0,0.0
2026-09-01,SUP-041,Supplier 041,Germany,EMEA,PLT-05,Monterrey Plant,Mexico,LATAM,SMB,USA,1,1.0,106,106,0,100.0,100.0,0.0
2026-09-01,SUP-041,Supplier 041,Germany,EMEA,PLT-09,Hanoi Assembly,Vietnam,APAC,Enterprise,Canada,1,1.0,130,109,21,83.85,0.0,2976.12
2026-09-01,SUP-041,Supplier 041,Germany,EMEA,PLT-04,Chennai Forge,India,APAC,Government,Canada,1,1.0,46,46,0,100.0,100.0,0.0
2026-09-01,SUP-041,Supplier 041,Germany,EMEA,PLT-03,Tokyo Precision,Japan,APAC,SMB,France,1,1.0,10,10,0,100.0,100.0,0.0
2026-09-01,SUP-041,Supplier 041,Germany,EMEA,PLT-05,Monterrey Plant,Mexico,LATAM,Enterprise,UK,1,2.0,172,171,1,99.42,0.0,343.14
2026-09-01,SUP-041,Supplier 041,Germany,EMEA,PLT-09,Hanoi Assembly,Vietnam,APAC,Government,UK,1,1.0,11,11,0,100.0,100.0,0.0
2026-09-01,SUP-041,Supplier 041,Germany,EMEA,PLT-07,Seoul Tech,South Korea,APAC,SMB,Japan,1,1.0,72,67,5,93.06,0.0,1204.05
2026-09-01,SUP-041,Supplier 041,Germany,EMEA,PLT-05,Monterrey Plant,Mexico,LATAM,SMB,UK,1,2.0,26,33,0,126.92,100.0,0.0
2026-09-01,SUP-041,Supplier 041,Germany,EMEA,PLT-00,Shanghai Hub,China,APAC,Enterprise,Germany,1,2.0,72,81,0,112.5,100.0,0.0
2026-09-01,SUP-042,Supplier 042,USA,NA,PLT-08,Taipei Micro,Taiwan,APAC,SMB,USA,1,1.0,43,43,0,100.0,100.0,0.0
2026-09-01,SUP-042,Supplier 042,USA,NA,PLT-06,Sao Paulo Ops,Brazil,LATAM,Enterprise,Canada,1,2.0,46,52,0,113.04,100.0,0.0
2026-09-01,SUP-042,Supplier 042,USA,NA,PLT-07,Seoul Tech,South Korea,APAC,SMB,Australia,1,1.0,138,138,0,100.0,100.0,0.0
2026-09-01,SUP-042,Supplier 042,USA,NA,PLT-04,Chennai Forge,India,APAC,Enterprise,USA,1,2.0,12,13,0,108.33,100.0,0.0
2026-09-01,SUP-042,Supplier 042,USA,NA,PLT-06,Sao Paulo Ops,Brazil,LATAM,Enterprise,Australia,1,1.0,83,83,0,100.0,100.0,0.0
2026-09-01,SUP-042,Supplier 042,USA,NA,PLT-07,Seoul Tech,South Korea,APAC,Enterprise,UK,1,1.0,89,58,31,65.17,0.0,11580.36
2026-09-01,SUP-042,Supplier 042,USA,NA,PLT-06,Sao Paulo Ops,Brazil,LATAM,SMB,Canada,1,1.0,82,76,6,92.68,0.0,979.74
2026-09-01,SUP-042,Supplier 042,USA,NA,PLT-07,Seoul Tech,South Korea,APAC,SMB,Germany,2,2.0,93,93,0,100.0,100.0,0.0
2026-09-01,SUP-042,Supplier 042,USA,NA,PLT-02,Detroit Works,USA,NA,SMB,Australia,1,1.0,125,125,0,100.0,100.0,0.0
2026-09-01,SUP-042,Supplier 042,USA,NA,PLT-06,Sao Paulo Ops,Brazil,LATAM,Government,Germany,1,1.0,75,75,0,100.0,100.0,0.0
2026-09-01,SUP-042,Supplier 042,USA,NA,PLT-03,Tokyo Precision,Japan,APAC,Enterprise,France,1,1.0,139,139,0,100.0,100.0,0.0
2026-09-01,SUP-042,Supplier 042,USA,NA,PLT-04,Chennai Forge,India,APAC,SMB,Australia,1,2.0,59,68,0,115.25,100.0,0.0
2026-09-01,SUP-042,Supplier 042,USA,NA,PLT-03,Tokyo Precision,Japan,APAC,SMB,France,1,1.0,44,39,5,88.64,0.0,155.15
2026-09-01,SUP-042,Supplier 042,USA,NA,PLT-04,Chennai Forge,India,APAC,SMB,USA,1,1.0,64,64,0,100.0,100.0,0.0
2026-09-01,SUP-042,Supplier 042,USA,NA,PLT-08,Taipei Micro,Taiwan,APAC,SMB,Canada,1,1.0,7,7,0,100.0,100.0,0.0
2026-09-01,SUP-042,Supplier 042,USA,NA,PLT-07,Seoul Tech,South Korea,APAC,Enterprise,Japan,1,1.0,56,47,9,83.93,0.0,3374.19
2026-09-01,SUP-043,Supplier 043,Japan,APAC,PLT-01,Munich Center,Germany,EMEA,SMB,UK,1,1.0,51,51,0,100.0,100.0,0.0
2026-09-01,SUP-043,Supplier 043,Japan,APAC,PLT-04,Chennai Forge,India,APAC,SMB,UK,1,1.0,77,71,6,92.21,0.0,1128.78
2026-09-01,SUP-043,Supplier 043,Japan,APAC,PLT-01,Munich Center,Germany,EMEA,SMB,Australia,1,1.0,118,118,0,100.0,100.0,0.0
2026-09-01,SUP-043,Supplier 043,Japan,APAC,PLT-08,Taipei Micro,Taiwan,APAC,SMB,Singapore,1,1.0,255,212,43,83.14,0.0,5645.47
2026-09-01,SUP-043,Supplier 043,Japan,APAC,PLT-09,Hanoi Assembly,Vietnam,APAC,SMB,France,1,1.0,111,111,0,100.0,100.0,0.0
2026-09-01,SUP-043,Supplier 043,Japan,APAC,PLT-07,Seoul Tech,South Korea,APAC,Enterprise,USA,1,1.0,50,50,0,100.0,100.0,0.0
2026-09-01,SUP-043,Supplier 043,Japan,APAC,PLT-06,Sao Paulo Ops,Brazil,LATAM,Enterprise,Canada,1,1.0,19,19,0,100.0,100.0,0.0
2026-09-01,SUP-043,Supplier 043,Japan,APAC,PLT-02,Detroit Works,USA,NA,Enterprise,USA,1,1.0,11,11,0,100.0,100.0,0.0
2026-09-01,SUP-044,Supplier 044,India,APAC,PLT-04,Chennai Forge,India,APAC,SMB,Singapore,1,1.0,117,105,12,89.74,0.0,2280.48
2026-09-01,SUP-044,Supplier 044,India,APAC,PLT-08,Taipei Micro,Taiwan,APAC,Government,Australia,1,1.0,54,40,14,74.07,0.0,5174.4
2026-09-01,SUP-044,Supplier 044,India,APAC,PLT-06,Sao Paulo Ops,Brazil,LATAM,SMB,USA,1,1.0,27,27,0,100.0,100.0,0.0
2026-09-01,SUP-044,Supplier 044,India,APAC,PLT-08,Taipei Micro,Taiwan,APAC,SMB,Singapore,1,1.0,14,14,0,100.0,100.0,0.0
2026-09-01,SUP-044,Supplier 044,India,APAC,PLT-00,Shanghai Hub,China,APAC,Government,Singapore,1,1.0,71,58,13,81.69,0.0,5127.98
2026-09-01,SUP-044,Supplier 044,India,APAC,PLT-08,Taipei Micro,Taiwan,APAC,Enterprise,Japan,1,1.0,45,40,5,88.89,0.0,1948.35
2026-09-01,SUP-044,Supplier 044,India,APAC,PLT-01,Munich Center,Germany,EMEA,SMB,Canada,1,2.0,112,124,0,110.71,100.0,0.0
2026-09-01,SUP-044,Supplier 044,India,APAC,PLT-06,Sao Paulo Ops,Brazil,LATAM,SMB,Canada,1,1.0,6,6,0,100.0,100.0,0.0
2026-09-01,SUP-044,Supplier 044,India,APAC,PLT-04,Chennai Forge,India,APAC,SMB,Australia,1,1.0,40,23,17,57.5,0.0,6136.83
2026-09-01,SUP-045,Supplier 045,Mexico,LATAM,PLT-07,Seoul Tech,South Korea,APAC,Government,USA,1,1.0,199,199,0,100.0,100.0,0.0
2026-09-01,SUP-045,Supplier 045,Mexico,LATAM,PLT-01,Munich Center,Germany,EMEA,SMB,France,1,1.0,153,153,0,100.0,100.0,0.0
2026-09-01,SUP-045,Supplier 045,Mexico,LATAM,PLT-00,Shanghai Hub,China,APAC,SMB,Singapore,1,1.0,52,52,0,100.0,100.0,0.0
2026-09-01,SUP-045,Supplier 045,Mexico,LATAM,PLT-07,Seoul Tech,South Korea,APAC,SMB,UK,1,1.0,91,91,0,100.0,100.0,0.0
2026-09-01,SUP-045,Supplier 045,Mexico,LATAM,PLT-07,Seoul Tech,South Korea,APAC,SMB,Germany,1,1.0,31,31,0,100.0,100.0,0.0
2026-09-01,SUP-045,Supplier 045,Mexico,LATAM,PLT-04,Chennai Forge,India,APAC,Enterprise,USA,1,1.0,93,56,37,60.22,0.0,8705.36
2026-09-01,SUP-045,Supplier 045,Mexico,LATAM,PLT-02,Detroit Works,USA,NA,SMB,France,1,2.0,160,191,0,119.38,100.0,0.0
2026-09-01,SUP-045,Supplier 045,Mexico,LATAM,PLT-03,Tokyo Precision,Japan,APAC,SMB,Canada,1,1.0,34,34,0,100.0,100.0,0.0
2026-09-01,SUP-045,Supplier 045,Mexico,LATAM,PLT-00,Shanghai Hub,China,APAC,Government,USA,1,1.0,95,95,0,100.0,100.0,0.0
2026-09-01,SUP-045,Supplier 045,Mexico,LATAM,PLT-05,Monterrey Plant,Mexico,LATAM,Enterprise,USA,1,2.0,75,83,0,110.67,100.0,0.0
2026-09-01,SUP-045,Supplier 045,Mexico,LATAM,PLT-08,Taipei Micro,Taiwan,APAC,SMB,Canada,1,1.0,55,55,0,100.0,100.0,0.0
2026-09-01,SUP-045,Supplier 045,Mexico,LATAM,PLT-04,Chennai Forge,India,APAC,SMB,UK,1,1.0,151,132,19,87.42,0.0,2745.88
2026-09-01,SUP-045,Supplier 045,Mexico,LATAM,PLT-02,Detroit Works,USA,NA,Enterprise,Germany,1,1.0,91,91,0,100.0,100.0,0.0
2026-09-01,SUP-046,Supplier 046,Brazil,LATAM,PLT-00,Shanghai Hub,China,APAC,Enterprise,USA,1,1.0,21,20,1,95.24,0.0,48.59
2026-09-01,SUP-046,Supplier 046,Brazil,LATAM,PLT-06,Sao Paulo Ops,Brazil,LATAM,Government,USA,1,1.0,69,37,32,53.62,0.0,2144.0
2026-09-01,SUP-046,Supplier 046,Brazil,LATAM,PLT-07,Seoul Tech,South Korea,APAC,Government,France,1,1.0,191,191,0,100.0,100.0,0.0
2026-09-01,SUP-046,Supplier 046,Brazil,LATAM,PLT-01,Munich Center,Germany,EMEA,Enterprise,France,1,1.0,26,26,0,100.0,100.0,0.0
2026-09-01,SUP-046,Supplier 046,Brazil,LATAM,PLT-01,Munich Center,Germany,EMEA,Enterprise,Singapore,1,1.0,34,34,0,100.0,100.0,0.0
2026-09-01,SUP-046,Supplier 046,Brazil,LATAM,PLT-01,Munich Center,Germany,EMEA,SMB,Australia,1,2.0,96,106,0,110.42,100.0,0.0
2026-09-01,SUP-046,Supplier 046,Brazil,LATAM,PLT-06,Sao Paulo Ops,Brazil,LATAM,SMB,UK,1,1.0,131,131,0,100.0,100.0,0.0
2026-09-01,SUP-046,Supplier 046,Brazil,LATAM,PLT-02,Detroit Works,USA,NA,SMB,UK,1,1.0,108,108,0,100.0,100.0,0.0
2026-09-01,SUP-046,Supplier 046,Brazil,LATAM,PLT-08,Taipei Micro,Taiwan,APAC,SMB,UK,1,1.0,40,40,0,100.0,100.0,0.0
2026-09-01,SUP-046,Supplier 046,Brazil,LATAM,PLT-04,Chennai Forge,India,APAC,SMB,Germany,1,2.0,125,147,0,117.6,100.0,0.0
2026-09-01,SUP-046,Supplier 046,Brazil,LATAM,PLT-00,Shanghai Hub,China,APAC,SMB,France,1,2.0,14,18,0,128.57,100.0,0.0
2026-09-01,SUP-046,Supplier 046,Brazil,LATAM,PLT-00,Shanghai Hub,China,APAC,Enterprise,Japan,1,1.0,15,15,0,100.0,100.0,0.0
2026-09-01,SUP-046,Supplier 046,Brazil,LATAM,PLT-09,Hanoi Assembly,Vietnam,APAC,SMB,France,1,2.0,249,315,0,126.51,100.0,0.0
2026-09-01,SUP-047,Supplier 047,South Korea,APAC,PLT-01,Munich Center,Germany,EMEA,Enterprise,Germany,1,1.0,227,227,0,100.0,100.0,0.0
2026-09-01,SUP-047,Supplier 047,South Korea,APAC,PLT-06,Sao Paulo Ops,Brazil,LATAM,Government,Japan,1,1.0,106,106,0,100.0,100.0,0.0
2026-09-01,SUP-047,Supplier 047,South Korea,APAC,PLT-04,Chennai Forge,India,APAC,SMB,Canada,1,1.0,76,76,0,100.0,100.0,0.0
2026-09-01,SUP-048,Supplier 048,Taiwan,APAC,PLT-03,Tokyo Precision,Japan,APAC,Enterprise,USA,1,1.0,9,8,1,88.89,0.0,424.67
2026-09-01,SUP-048,Supplier 048,Taiwan,APAC,PLT-03,Tokyo Precision,Japan,APAC,Enterprise,Germany,1,1.0,132,132,0,100.0,100.0,0.0
2026-09-01,SUP-048,Supplier 048,Taiwan,APAC,PLT-04,Chennai Forge,India,APAC,Enterprise,Japan,1,1.0,112,112,0,100.0,100.0,0.0
2026-09-01,SUP-048,Supplier 048,Taiwan,APAC,PLT-06,Sao Paulo Ops,Brazil,LATAM,SMB,Japan,1,1.0,88,88,0,100.0,100.0,0.0
2026-09-01,SUP-048,Supplier 048,Taiwan,APAC,PLT-00,Shanghai Hub,China,APAC,SMB,France,1,1.0,125,101,24,80.8,0.0,2318.88
2026-09-01,SUP-049,Supplier 049,Vietnam,APAC,PLT-05,Monterrey Plant,Mexico,LATAM,SMB,Australia,2,4.0,141,145,17,102.84,50.0,891.99
2026-09-01,SUP-049,Supplier 049,Vietnam,APAC,PLT-06,Sao Paulo Ops,Brazil,LATAM,Enterprise,USA,1,1.0,49,49,0,100.0,100.0,0.0
2026-09-01,SUP-049,Supplier 049,Vietnam,APAC,PLT-00,Shanghai Hub,China,APAC,SMB,Germany,1,2.0,45,51,0,113.33,100.0,0.0
2026-09-01,SUP-049,Supplier 049,Vietnam,APAC,PLT-01,Munich Center,Germany,EMEA,SMB,Canada,1,1.0,1,1,0,100.0,100.0,0.0
2026-09-01,SUP-049,Supplier 049,Vietnam,APAC,PLT-00,Shanghai Hub,China,APAC,SMB,UK,1,1.0,136,136,0,100.0,100.0,0.0
2026-10-01,SUP-002,Supplier 002,USA,NA,PLT-03,Tokyo Precision,Japan,APAC,Enterprise,USA,1,1.0,49,49,0,100.0,100.0,0.0
2026-10-01,SUP-009,Supplier 009,Vietnam,APAC,PLT-04,Chennai Forge,India,APAC,Enterprise,Japan,1,1.0,28,28,0,100.0,100.0,0.0
2026-10-01,SUP-010,Supplier 010,China,APAC,PLT-08,Taipei Micro,Taiwan,APAC,Enterprise,Singapore,1,1.0,104,104,0,100.0,100.0,0.0
2026-10-01,SUP-012,Supplier 012,USA,NA,PLT-04,Chennai Forge,India,APAC,Government,Canada,1,2.0,38,45,0,118.42,100.0,0.0
2026-10-01,SUP-024,Supplier 024,India,APAC,PLT-00,Shanghai Hub,China,APAC,SMB,UK,1,1.0,75,75,0,100.0,100.0,0.0
2026-10-01,SUP-025,Supplier 025,Mexico,LATAM,PLT-00,Shanghai Hub,China,APAC,Government,Germany,1,1.0,14,12,2,85.71,0.0,910.58
2026-10-01,SUP-028,Supplier 028,Taiwan,APAC,PLT-08,Taipei Micro,Taiwan,APAC,Enterprise,France,1,1.0,62,62,0,100.0,100.0,0.0
2026-10-01,SUP-031,Supplier 031,Germany,EMEA,PLT-09,Hanoi Assembly,Vietnam,APAC,Government,Australia,1,1.0,5,3,2,60.0,0.0,603.92
