ORDER_MONTH,SUPPLIER_ID,SUPPLIER_NAME,SUPPLIER_COUNTRY,SUPPLIER_REGION,RELIABILITY_SCORE,PLANT_ID,PLANT_NAME,PLANT_COUNTRY,PLANT_REGION,CUSTOMER_SEGMENT,CUSTOMER_COUNTRY,TOTAL_ORDERS,TOTAL_SHIPMENTS,AVG_LEAD_TIME_DAYS,MEDIAN_LEAD_TIME_DAYS,MIN_LEAD_TIME_DAYS,MAX_LEAD_TIME_DAYS,P95_LEAD_TIME_DAYS,STDDEV_LEAD_TIME_DAYS
2025-10-01,SUP-000,Supplier 000,China,APAC,0.85,PLT-03,Tokyo Precision,Japan,APAC,SMB,Singapore,1,2,22.0,22.0,19,25,24.7,4.2
2025-10-01,SUP-000,Supplier 000,China,APAC,0.85,PLT-06,Sao Paulo Ops,Brazil,LATAM,SMB,France,1,1,22.0,22.0,22,22,22.0,
2025-10-01,SUP-000,Supplier 000,China,APAC,0.85,PLT-04,Chennai Forge,India,APAC,Enterprise,Japan,2,3,23.7,21.0,20,30,29.1,5.5
2025-10-01,SUP-000,Supplier 000,China,APAC,0.85,PLT-04,Chennai Forge,India,APAC,Government,USA,1,2,21.0,21.0,20,22,21.9,1.4
2025-10-01,SUP-001,Supplier 001,Germany,EMEA,0.7,PLT-08,Taipei Micro,Taiwan,APAC,SMB,Australia,1,1,14.0,14.0,14,14,14.0,
2025-10-01,SUP-001,Supplier 001,Germany,EMEA,0.7,PLT-09,Hanoi Assembly,Vietnam,APAC,Enterprise,Japan,1,1,19.0,19.0,19,19,19.0,
2025-10-01,SUP-001,Supplier 001,Germany,EMEA,0.7,PLT-01,Munich Center,Germany,EMEA,Enterprise,France,1,1,14.0,14.0,14,14,14.0,
2025-10-01,SUP-001,Supplier 001,Germany,EMEA,0.7,PLT-00,Shanghai Hub,China,APAC,SMB,Japan,1,2,22.0,22.0,16,28,27.4,8.5
2025-10-01,SUP-001,Supplier 001,Germany,EMEA,0.7,PLT-09,Hanoi Assembly,Vietnam,APAC,SMB,Australia,1,2,23.0,23.0,22,24,23.9,1.4
2025-10-01,SUP-002,Supplier 002,USA,NA,0.74,PLT-03,Tokyo Precision,Japan,APAC,SMB,UK,1,2,23.0,23.0,22,24,23.9,1.4
2025-10-01,SUP-002,Supplier 002,USA,NA,0.74,PLT-02,Detroit Works,USA,NA,Enterprise,USA,1,2,21.5,21.5,20,23,22.9,2.1
2025-10-01,SUP-002,Supplier 002,USA,NA,0.74,PLT-07,Seoul Tech,South Korea,APAC,Enterprise,Australia,1,1,17.0,17.0,17,17,17.0,
2025-10-01,SUP-002,Supplier 002,USA,NA,0.74,PLT-03,Tokyo Precision,Japan,APAC,Enterprise,Canada,1,1,23.0,23.0,23,23,23.0,
2025-10-01,SUP-002,Supplier 002,USA,NA,0.74,PLT-08,Taipei Micro,Taiwan,APAC,Government,Germany,1,1,23.0,23.0,23,23,23.0,
2025-10-01,SUP-002,Supplier 002,USA,NA,0.74,PLT-00,Shanghai Hub,China,APAC,SMB,Singapore,1,1,22.0,22.0,22,22,22.0,
2025-10-01,SUP-002,Supplier 002,USA,NA,0.74,PLT-06,Sao Paulo Ops,Brazil,LATAM,SMB,UK,1,1,23.0,23.0,23,23,23.0,
2025-10-01,SUP-002,Supplier 002,USA,NA,0.74,PLT-02,Detroit Works,USA,NA,Government,Germany,1,1,20.0,20.0,20,20,20.0,
2025-10-01,SUP-003,Supplier 003,Japan,APAC,0.64,PLT-04,Chennai Forge,India,APAC,SMB,Singapore,1,1,30.0,30.0,30,30,30.0,
2025-10-01,SUP-003,Supplier 003,Japan,APAC,0.64,PLT-01,Munich Center,Germany,EMEA,Enterprise,Singapore,1,1,28.0,28.0,28,28,28.0,
2025-10-01,SUP-003,Supplier 003,Japan,APAC,0.64,PLT-01,Munich Center,Germany,EMEA,SMB,Canada,1,1,22.0,22.0,22,22,22.0,
2025-10-01,SUP-003,Supplier 003,Japan,APAC,0.64,PLT-00,Shanghai Hub,China,APAC,Enterprise,Japan,1,1,24.0,24.0,24,24,24.0,
2025-10-01,SUP-003,Supplier 003,Japan,APAC,0.64,PLT-05,Monterrey Plant,Mexico,LATAM,Enterprise,USA,1,1,25.0,25.0,25,25,25.0,
2025-10-01,SUP-003,Supplier 003,Japan,APAC,0.64,PLT-05,Monterrey Plant,Mexico,LATAM,SMB,Singapore,1,1,27.0,27.0,27,27,27.0,
2025-10-01,SUP-003,Supplier 003,Japan,APAC,0.64,PLT-09,Hanoi Assembly,Vietnam,APAC,Government,France,1,1,32.0,32.0,32,32,32.0,
2025-10-01,SUP-003,Supplier 003,Japan,APAC,0.64,PLT-04,Chennai Forge,India,APAC,Government,Australia,1,1,31.0,31.0,31,31,31.0,
2025-10-01,SUP-004,Supplier 004,India,APAC,0.69,PLT-03,Tokyo Precision,Japan,APAC,SMB,Singapore,1,1,29.0,29.0,29,29,29.0,
2025-10-01,SUP-004,Supplier 004,India,APAC,0.69,PLT-03,Tokyo Precision,Japan,APAC,SMB,UK,1,2,33.5,33.5,27,40,39.4,9.2
2025-10-01,SUP-005,Supplier 005,Mexico,LATAM,0.77,PLT-02,Detroit Works,USA,NA,SMB,Germany,1,1,16.0,16.0,16,16,16.0,
2025-10-01,SUP-005,Supplier 005,Mexico,LATAM,0.77,PLT-03,Tokyo Precision,Japan,APAC,Government,Japan,1,1,22.0,22.0,22,22,22.0,
2025-10-01,SUP-005,Supplier 005,Mexico,LATAM,0.77,PLT-08,Taipei Micro,Taiwan,APAC,Enterprise,France,1,1,22.0,22.0,22,22,22.0,
2025-10-01,SUP-005,Supplier 005,Mexico,LATAM,0.77,PLT-01,Munich Center,Germany,EMEA,SMB,Germany,1,1,19.0,19.0,19,19,19.0,
2025-10-01,SUP-005,Supplier 005,Mexico,LATAM,0.77,PLT-05,Monterrey Plant,Mexico,LATAM,SMB,Germany,1,1,22.0,22.0,22,22,22.0,
2025-10-01,SUP-005,Supplier 005,Mexico,LATAM,0.77,PLT-05,Monterrey Plant,Mexico,LATAM,SMB,Australia,1,1,20.0,20.0,20,20,20.0,
2025-10-01,SUP-005,Supplier 005,Mexico,LATAM,0.77,PLT-04,Chennai Forge,India,APAC,SMB,Canada,1,1,27.0,27.0,27,27,27.0,
2025-10-01,SUP-005,Supplier 005,Mexico,LATAM,0.77,PLT-01,Munich Center,Germany,EMEA,Government,Australia,1,2,23.5,23.5,23,24,24.0,0.7
2025-10-01,SUP-005,Supplier 005,Mexico,LATAM,0.77,PLT-06,Sao Paulo Ops,Brazil,LATAM,SMB,Singapore,1,1,23.0,23.0,23,23,23.0,
2025-10-01,SUP-006,Supplier 006,Brazil,LATAM,0.61,PLT-05,Monterrey Plant,Mexico,LATAM,SMB,Canada,1,1,24.0,24.0,24,24,24.0,
2025-10-01,SUP-006,Supplier 006,Brazil,LATAM,0.61,PLT-01,Munich Center,Germany,EMEA,SMB,Canada,1,1,23.0,23.0,23,23,23.0,
2025-10-01,SUP-006,Supplier 006,Brazil,LATAM,0.61,PLT-00,Shanghai Hub,China,APAC,SMB,Canada,2,2,27.0,27.0,27,27,27.0,0.0
2025-10-01,SUP-006,Supplier 006,Brazil,LATAM,0.61,PLT-00,Shanghai Hub,China,APAC,Enterprise,Japan,1,1,26.0,26.0,26,26,26.0,
2025-10-01,SUP-007,Supplier 007,South Korea,APAC,0.84,PLT-09,Hanoi Assembly,Vietnam,APAC,Enterprise,Japan,1,1,31.0,31.0,31,31,31.0,
2025-10-01,SUP-007,Supplier 007,South Korea,APAC,0.84,PLT-09,Hanoi Assembly,Vietnam,APAC,SMB,USA,1,1,27.0,27.0,27,27,27.0,
2025-10-01,SUP-007,Supplier 007,South Korea,APAC,0.84,PLT-03,Tokyo Precision,Japan,APAC,Enterprise,USA,1,1,28.0,28.0,28,28,28.0,
2025-10-01,SUP-007,Supplier 007,South Korea,APAC,0.84,PLT-05,Monterrey Plant,Mexico,LATAM,SMB,Germany,1,1,26.0,26.0,26,26,26.0,
2025-10-01,SUP-007,Supplier 007,South Korea,APAC,0.84,PLT-06,Sao Paulo Ops,Brazil,LATAM,Enterprise,USA,1,2,32.5,32.5,30,35,34.8,3.5
2025-10-01,SUP-007,Supplier 007,South Korea,APAC,0.84,PLT-01,Munich Center,Germany,EMEA,Government,Singapore,2,3,28.3,28.0,26,31,30.7,2.5
2025-10-01,SUP-007,Supplier 007,South Korea,APAC,0.84,PLT-08,Taipei Micro,Taiwan,APAC,Government,Australia,1,2,30.0,30.0,25,35,34.5,7.1
2025-10-01,SUP-008,Supplier 008,Taiwan,APAC,0.73,PLT-00,Shanghai Hub,China,APAC,SMB,UK,1,2,29.0,29.0,25,33,32.6,5.7
2025-10-01,SUP-008,Supplier 008,Taiwan,APAC,0.73,PLT-09,Hanoi Assembly,Vietnam,APAC,Government,Japan,1,1,26.0,26.0,26,26,26.0,
2025-10-01,SUP-008,Supplier 008,Taiwan,APAC,0.73,PLT-04,Chennai Forge,India,APAC,SMB,Australia,1,1,31.0,31.0,31,31,31.0,
2025-10-01,SUP-008,Supplier 008,Taiwan,APAC,0.73,PLT-05,Monterrey Plant,Mexico,LATAM,SMB,UK,1,1,29.0,29.0,29,29,29.0,
2025-10-01,SUP-008,Supplier 008,Taiwan,APAC,0.73,PLT-02,Detroit Works,USA,NA,SMB,USA,1,1,27.0,27.0,27,27,27.0,
2025-10-01,SUP-008,Supplier 008,Taiwan,APAC,0.73,PLT-02,Detroit Works,USA,NA,Enterprise,Canada,1,1,22.0,22.0,22,22,22.0,
2025-10-01,SUP-008,Supplier 008,Taiwan,APAC,0.73,PLT-01,Munich Center,Germany,EMEA,SMB,USA,1,1,22.0,22.0,22,22,22.0,
2025-10-01,SUP-009,Supplier 009,Vietnam,APAC,1.0,PLT-00,Shanghai Hub,China,APAC,SMB,Canada,1,1,33.0,33.0,33,33,33.0,
2025-10-01,SUP-009,Supplier 009,Vietnam,APAC,1.0,PLT-09,Hanoi Assembly,Vietnam,APAC,Enterprise,USA,1,1,30.0,30.0,30,30,30.0,
2025-10-01,SUP-009,Supplier 009,Vietnam,APAC,1.0,PLT-09,Hanoi Assembly,Vietnam,APAC,SMB,France,1,1,33.0,33.0,33,33,33.0,
2025-10-01,SUP-009,Supplier 009,Vietnam,APAC,1.0,PLT-05,Monterrey Plant,Mexico,LATAM,SMB,Singapore,1,1,27.0,27.0,27,27,27.0,
2025-10-01,SUP-009,Supplier 009,Vietnam,APAC,1.0,PLT-04,Chennai Forge,India,APAC,Enterprise,USA,1,1,27.0,27.0,27,27,27.0,
2025-10-01,SUP-009,Supplier 009,Vietnam,APAC,1.0,PLT-05,Monterrey Plant,Mexico,LATAM,SMB,Germany,1,1,30.0,30.0,30,30,30.0,
2025-10-01,SUP-009,Supplier 009,Vietnam,APAC,1.0,PLT-02,Detroit Works,USA,NA,Enterprise,Germany,1,1,25.0,25.0,25,25,25.0,
2025-10-01,SUP-009,Supplier 009,Vietnam,APAC,1.0,PLT-04,Chennai Forge,India,APAC,Enterprise,Japan,1,2,34.5,34.5,33,36,35.9,2.1
2025-10-01,SUP-010,Supplier 010,China,APAC,0.76,PLT-04,Chennai Forge,India,APAC,Enterprise,Singapore,1,1,26.0,26.0,26,26,26.0,
2025-10-01,SUP-010,Supplier 010,China,APAC,0.76,PLT-08,Taipei Micro,Taiwan,APAC,SMB,Singapore,1,1,24.0,24.0,24,24,24.0,
2025-10-01,SUP-010,Supplier 010,China,APAC,0.76,PLT-02,Detroit Works,USA,NA,SMB,Singapore,1,2,24.0,24.0,22,26,25.8,2.8
2025-10-01,SUP-010,Supplier 010,China,APAC,0.76,PLT-02,Detroit Works,USA,NA,Government,USA,1,1,18.0,18.0,18,18,18.0,
2025-10-01,SUP-010,Supplier 010,China,APAC,0.76,PLT-03,Tokyo Precision,Japan,APAC,SMB,Australia,1,2,22.5,22.5,20,25,24.8,3.5
2025-10-01,SUP-010,Supplier 010,China,APAC,0.76,PLT-00,Shanghai Hub,China,APAC,Enterprise,USA,1,1,19.0,19.0,19,19,19.0,
2025-10-01,SUP-011,Supplier 011,Germany,EMEA,0.53,PLT-03,Tokyo Precision,Japan,APAC,SMB,Japan,1,1,31.0,31.0,31,31,31.0,
2025-10-01,SUP-011,Supplier 011,Germany,EMEA,0.53,PLT-09,Hanoi Assembly,Vietnam,APAC,Enterprise,France,1,1,28.0,28.0,28,28,28.0,
2025-10-01,SUP-011,Supplier 011,Germany,EMEA,0.53,PLT-05,Monterrey Plant,Mexico,LATAM,SMB,Canada,1,2,31.5,31.5,26,37,36.5,7.8
2025-10-01,SUP-011,Supplier 011,Germany,EMEA,0.53,PLT-01,Munich Center,Germany,EMEA,SMB,USA,1,1,26.0,26.0,26,26,26.0,
2025-10-01,SUP-011,Supplier 011,Germany,EMEA,0.53,PLT-00,Shanghai Hub,China,APAC,Enterprise,USA,1,1,33.0,33.0,33,33,33.0,
2025-10-01,SUP-012,Supplier 012,USA,NA,0.66,PLT-04,Chennai Forge,India,APAC,SMB,Germany,1,1,23.0,23.0,23,23,23.0,
2025-10-01,SUP-012,Supplier 012,USA,NA,0.66,PLT-07,Seoul Tech,South Korea,APAC,SMB,UK,1,1,16.0,16.0,16,16,16.0,
2025-10-01,SUP-012,Supplier 012,USA,NA,0.66,PLT-03,Tokyo Precision,Japan,APAC,Enterprise,Japan,1,2,15.5,15.5,14,17,16.9,2.1
2025-10-01,SUP-012,Supplier 012,USA,NA,0.66,PLT-03,Tokyo Precision,Japan,APAC,SMB,Canada,1,2,21.0,21.0,20,22,21.9,1.4
2025-10-01,SUP-013,Supplier 013,Japan,APAC,0.89,PLT-05,Monterrey Plant,Mexico,LATAM,SMB,Germany,1,1,34.0,34.0,34,34,34.0,
2025-10-01,SUP-013,Supplier 013,Japan,APAC,0.89,PLT-03,Tokyo Precision,Japan,APAC,Government,France,1,2,36.5,36.5,36,37,37.0,0.7
2025-10-01,SUP-013,Supplier 013,Japan,APAC,0.89,PLT-01,Munich Center,Germany,EMEA,SMB,Germany,1,1,29.0,29.0,29,29,29.0,
2025-10-01,SUP-013,Supplier 013,Japan,APAC,0.89,PLT-00,Shanghai Hub,China,APAC,SMB,France,2,2,35.0,35.0,35,35,35.0,0.0
2025-10-01,SUP-013,Supplier 013,Japan,APAC,0.89,PLT-02,Detroit Works,USA,NA,SMB,UK,1,1,31.0,31.0,31,31,31.0,
2025-10-01,SUP-013,Supplier 013,Japan,APAC,0.89,PLT-01,Munich Center,Germany,EMEA,SMB,Australia,1,1,33.0,33.0,33,33,33.0,
2025-10-01,SUP-013,Supplier 013,Japan,APAC,0.89,PLT-05,Monterrey Plant,Mexico,LATAM,SMB,UK,2,2,33.5,33.5,33,34,34.0,0.7
2025-10-01,SUP-013,Supplier 013,Japan,APAC,0.89,PLT-01,Munich Center,Germany,EMEA,Government,Singapore,1,1,33.0,33.0,33,33,33.0,
2025-10-01,SUP-013,Supplier 013,Japan,APAC,0.89,PLT-00,Shanghai Hub,China,APAC,SMB,Singapore,1,1,31.0,31.0,31,31,31.0,
2025-10-01,SUP-014,Supplier 014,India,APAC,0.95,PLT-07,Seoul Tech,South Korea,APAC,Government,Canada,1,1,31.0,31.0,31,31,31.0,
2025-10-01,SUP-014,Supplier 014,India,APAC,0.95,PLT-01,Munich Center,Germany,EMEA,SMB,Singapore,1,1,27.0,27.0,27,27,27.0,
2025-10-01,SUP-014,Supplier 014,India,APAC,0.95,PLT-06,Sao Paulo Ops,Brazil,LATAM,SMB,Germany,1,1,31.0,31.0,31,31,31.0,
2025-10-01,SUP-014,Supplier 014,India,APAC,0.95,PLT-08,Taipei Micro,Taiwan,APAC,Enterprise,Canada,1,1,34.0,34.0,34,34,34.0,
2025-10-01,SUP-014,Supplier 014,India,APAC,0.95,PLT-02,Detroit Works,USA,NA,Enterprise,France,1,1,29.0,29.0,29,29,29.0,
2025-10-01,SUP-015,Supplier 015,Mexico,LATAM,0.75,PLT-02,Detroit Works,USA,NA,Government,USA,1,2,24.0,24.0,21,27,26.7,4.2
2025-10-01,SUP-015,Supplier 015,Mexico,LATAM,0.75,PLT-00,Shanghai Hub,China,APAC,Enterprise,USA,1,1,24.0,24.0,24,24,24.0,
2025-10-01,SUP-015,Supplier 015,Mexico,LATAM,0.75,PLT-03,Tokyo Precision,Japan,APAC,SMB,Germany,1,1,30.0,30.0,30,30,30.0,
2025-10-01,SUP-015,Supplier 015,Mexico,LATAM,0.75,PLT-01,Munich Center,Germany,EMEA,Government,Japan,1,1,25.0,25.0,25,25,25.0,
2025-10-01,SUP-015,Supplier 015,Mexico,LATAM,0.75,PLT-06,Sao Paulo Ops,Brazil,LATAM,Enterprise,USA,1,2,29.5,29.5,27,32,31.8,3.5
2025-10-01,SUP-015,Supplier 015,Mexico,LATAM,0.75,PLT-08,Taipei Micro,Taiwan,APAC,SMB,UK,1,1,24.0,24.0,24,24,24.0,
2025-10-01,SUP-015,Supplier 015,Mexico,LATAM,0.75,PLT-03,Tokyo Precision,Japan,APAC,Government,USA,1,2,34.0,34.0,32,36,35.8,2.8
2025-10-01,SUP-015,Supplier 015,Mexico,LATAM,0.75,PLT-09,Hanoi Assembly,Vietnam,APAC,SMB,France,1,2,34.0,34.0,30,38,37.6,5.7
2025-10-01,SUP-016,Supplier 016,Brazil,LATAM,0.66,PLT-06,Sao Paulo Ops,Brazil,LATAM,SMB,Singapore,1,1,25.0,25.0,25,25,25.0,
2025-10-01,SUP-016,Supplier 016,Brazil,LATAM,0.66,PLT-01,Munich Center,Germany,EMEA,SMB,Germany,2,3,27.3,27.0,23,32,31.5,4.5
2025-10-01,SUP-016,Supplier 016,Brazil,LATAM,0.66,PLT-04,Chennai Forge,India,APAC,SMB,UK,1,1,29.0,29.0,29,29,29.0,
2025-10-01,SUP-016,Supplier 016,Brazil,LATAM,0.66,PLT-00,Shanghai Hub,China,APAC,Government,Germany,1,1,23.0,23.0,23,23,23.0,
2025-10-01,SUP-016,Supplier 016,Brazil,LATAM,0.66,PLT-02,Detroit Works,USA,NA,SMB,UK,1,1,21.0,21.0,21,21,21.0,
2025-10-01,SUP-017,Supplier 017,South Korea,APAC,0.89,PLT-01,Munich Center,Germany,EMEA,Enterprise,Japan,1,1,22.0,22.0,22,22,22.0,
2025-10-01,SUP-017,Supplier 017,South Korea,APAC,0.89,PLT-03,Tokyo Precision,Japan,APAC,Enterprise,France,1,1,27.0,27.0,27,27,27.0,
2025-10-01,SUP-017,Supplier 017,South Korea,APAC,0.89,PLT-02,Detroit Works,USA,NA,Government,Australia,1,1,25.0,25.0,25,25,25.0,
2025-10-01,SUP-017,Supplier 017,South Korea,APAC,0.89,PLT-04,Chennai Forge,India,APAC,Enterprise,Australia,1,1,32.0,32.0,32,32,32.0,
2025-10-01,SUP-018,Supplier 018,Taiwan,APAC,0.75,PLT-07,Seoul Tech,South Korea,APAC,Government,Germany,1,1,37.0,37.0,37,37,37.0,
2025-10-01,SUP-018,Supplier 018,Taiwan,APAC,0.75,PLT-06,Sao Paulo Ops,Brazil,LATAM,Government,Canada,1,1,32.0,32.0,32,32,32.0,
2025-10-01,SUP-018,Supplier 018,Taiwan,APAC,0.75,PLT-04,Chennai Forge,India,APAC,SMB,UK,1,1,38.0,38.0,38,38,38.0,
2025-10-01,SUP-018,Supplier 018,Taiwan,APAC,0.75,PLT-06,Sao Paulo Ops,Brazil,LATAM,SMB,Singapore,1,1,30.0,30.0,30,30,30.0,
2025-10-01,SUP-018,Supplier 018,Taiwan,APAC,0.75,PLT-05,Monterrey Plant,Mexico,LATAM,Enterprise,Germany,2,3,34.0,35.0,30,37,36.8,3.6
2025-10-01,SUP-018,Supplier 018,Taiwan,APAC,0.75,PLT-02,Detroit Works,USA,NA,SMB,Singapore,1,1,31.0,31.0,31,31,31.0,
2025-10-01,SUP-018,Supplier 018,Taiwan,APAC,0.75,PLT-03,Tokyo Precision,Japan,APAC,SMB,France,1,1,36.0,36.0,36,36,36.0,
2025-10-01,SUP-018,Supplier 018,Taiwan,APAC,0.75,PLT-09,Hanoi Assembly,Vietnam,APAC,SMB,USA,1,1,35.0,35.0,35,35,35.0,
2025-10-01,SUP-018,Supplier 018,Taiwan,APAC,0.75,PLT-01,Munich Center,Germany,EMEA,SMB,Australia,1,2,37.5,37.5,35,40,39.8,3.5
2025-10-01,SUP-019,Supplier 019,Vietnam,APAC,0.57,PLT-08,Taipei Micro,Taiwan,APAC,SMB,UK,1,1,32.0,32.0,32,32,32.0,
2025-10-01,SUP-020,Supplier 020,China,APAC,0.6,PLT-03,Tokyo Precision,Japan,APAC,SMB,Japan,2,3,31.7,28.0,28,39,37.9,6.4
2025-10-01,SUP-020,Supplier 020,China,APAC,0.6,PLT-05,Monterrey Plant,Mexico,LATAM,Enterprise,Germany,1,2,31.5,31.5,29,34,33.8,3.5
2025-10-01,SUP-020,Supplier 020,China,APAC,0.6,PLT-03,Tokyo Precision,Japan,APAC,SMB,Singapore,1,1,29.0,29.0,29,29,29.0,
2025-10-01,SUP-020,Supplier 020,China,APAC,0.6,PLT-04,Chennai Forge,India,APAC,SMB,Canada,1,1,33.0,33.0,33,33,33.0,
2025-10-01,SUP-020,Supplier 020,China,APAC,0.6,PLT-09,Hanoi Assembly,Vietnam,APAC,SMB,UK,1,1,25.0,25.0,25,25,25.0,
2025-10-01,SUP-021,Supplier 021,Germany,EMEA,0.75,PLT-01,Munich Center,Germany,EMEA,Government,USA,1,1,21.0,21.0,21,21,21.0,
2025-10-01,SUP-021,Supplier 021,Germany,EMEA,0.75,PLT-01,Munich Center,Germany,EMEA,SMB,Singapore,1,1,19.0,19.0,19,19,19.0,
2025-10-01,SUP-021,Supplier 021,Germany,EMEA,0.75,PLT-00,Shanghai Hub,China,APAC,SMB,Japan,1,1,21.0,21.0,21,21,21.0,
2025-10-01,SUP-021,Supplier 021,Germany,EMEA,0.75,PLT-05,Monterrey Plant,Mexico,LATAM,Enterprise,France,1,1,23.0,23.0,23,23,23.0,
2025-10-01,SUP-021,Supplier 021,Germany,EMEA,0.75,PLT-01,Munich Center,Germany,EMEA,Enterprise,Japan,1,1,19.0,19.0,19,19,19.0,
2025-10-01,SUP-022,Supplier 022,USA,NA,0.8,PLT-03,Tokyo Precision,Japan,APAC,SMB,Germany,1,2,18.0,18.0,16,20,19.8,2.8
2025-10-01,SUP-022,Supplier 022,USA,NA,0.8,PLT-02,Detroit Works,USA,NA,SMB,Australia,1,1,13.0,13.0,13,13,13.0,
2025-10-01,SUP-022,Supplier 022,USA,NA,0.8,PLT-00,Shanghai Hub,China,APAC,SMB,USA,1,1,15.0,15.0,15,15,15.0,
2025-10-01,SUP-022,Supplier 022,USA,NA,0.8,PLT-06,Sao Paulo Ops,Brazil,LATAM,SMB,Singapore,1,2,21.5,21.5,19,24,23.8,3.5
2025-10-01,SUP-022,Supplier 022,USA,NA,0.8,PLT-00,Shanghai Hub,China,APAC,Enterprise,France,1,1,16.0,16.0,16,16,16.0,
2025-10-01,SUP-022,Supplier 022,USA,NA,0.8,PLT-04,Chennai Forge,India,APAC,Government,Canada,1,1,20.0,20.0,20,20,20.0,
2025-10-01,SUP-022,Supplier 022,USA,NA,0.8,PLT-06,Sao Paulo Ops,Brazil,LATAM,SMB,USA,1,2,22.5,22.5,19,26,25.7,4.9
2025-10-01,SUP-023,Supplier 023,Japan,APAC,0.98,PLT-02,Detroit Works,USA,NA,SMB,UK,1,1,30.0,30.0,30,30,30.0,
2025-10-01,SUP-023,Supplier 023,Japan,APAC,0.98,PLT-02,Detroit Works,USA,NA,SMB,Germany,1,1,31.0,31.0,31,31,31.0,
2025-10-01,SUP-023,Supplier 023,Japan,APAC,0.98,PLT-08,Taipei Micro,Taiwan,APAC,Enterprise,France,1,1,32.0,32.0,32,32,32.0,
2025-10-01,SUP-023,Supplier 023,Japan,APAC,0.98,PLT-01,Munich Center,Germany,EMEA,Government,USA,1,2,34.5,34.5,32,37,36.8,3.5
2025-10-01,SUP-023,Supplier 023,Japan,APAC,0.98,PLT-04,Chennai Forge,India,APAC,SMB,France,1,1,30.0,30.0,30,30,30.0,
2025-10-01,SUP-023,Supplier 023,Japan,APAC,0.98,PLT-02,Detroit Works,USA,NA,Government,Singapore,1,1,28.0,28.0,28,28,28.0,
2025-10-01,SUP-023,Supplier 023,Japan,APAC,0.98,PLT-08,Taipei Micro,Taiwan,APAC,Government,Japan,1,1,30.0,30.0,30,30,30.0,
2025-10-01,SUP-023,Supplier 023,Japan,APAC,0.98,PLT-07,Seoul Tech,South Korea,APAC,SMB,Australia,1,1,33.0,33.0,33,33,33.0,
2025-10-01,SUP-024,Supplier 024,India,APAC,0.89,PLT-05,Monterrey Plant,Mexico,LATAM,SMB,Singapore,1,1,31.0,31.0,31,31,31.0,
2025-10-01,SUP-024,Supplier 024,India,APAC,0.89,PLT-08,Taipei Micro,Taiwan,APAC,SMB,UK,1,2,32.0,32.0,28,36,35.6,5.7
2025-10-01,SUP-024,Supplier 024,India,APAC,0.89,PLT-03,Tokyo Precision,Japan,APAC,Government,Singapore,1,1,27.0,27.0,27,27,27.0,
2025-10-01,SUP-024,Supplier 024,India,APAC,0.89,PLT-04,Chennai Forge,India,APAC,SMB,Singapore,1,2,30.0,30.0,29,31,30.9,1.4
2025-10-01,SUP-024,Supplier 024,India,APAC,0.89,PLT-07,Seoul Tech,South Korea,APAC,Government,USA,1,1,26.0,26.0,26,26,26.0,
2025-10-01,SUP-025,Supplier 025,Mexico,LATAM,0.71,PLT-03,Tokyo Precision,Japan,APAC,SMB,France,1,1,31.0,31.0,31,31,31.0,
2025-10-01,SUP-025,Supplier 025,Mexico,LATAM,0.71,PLT-00,Shanghai Hub,China,APAC,SMB,Australia,1,1,23.0,23.0,23,23,23.0,
2025-10-01,SUP-025,Supplier 025,Mexico,LATAM,0.71,PLT-06,Sao Paulo Ops,Brazil,LATAM,SMB,Germany,1,1,25.0,25.0,25,25,25.0,
2025-10-01,SUP-025,Supplier 025,Mexico,LATAM,0.71,PLT-05,Monterrey Plant,Mexico,LATAM,SMB,UK,1,2,28.0,28.0,27,29,28.9,1.4
2025-10-01,SUP-025,Supplier 025,Mexico,LATAM,0.71,PLT-00,Shanghai Hub,China,APAC,SMB,Japan,1,1,28.0,28.0,28,28,28.0,
2025-10-01,SUP-025,Supplier 025,Mexico,LATAM,0.71,PLT-06,Sao Paulo Ops,Brazil,LATAM,Enterprise,USA,1,1,26.0,26.0,26,26,26.0,
2025-10-01,SUP-025,Supplier 025,Mexico,LATAM,0.71,PLT-02,Detroit Works,USA,NA,Government,Germany,1,2,27.5,27.5,22,33,32.5,7.8
2025-10-01,SUP-026,Supplier 026,Brazil,LATAM,0.73,PLT-07,Seoul Tech,South Korea,APAC,Enterprise,Germany,1,1,21.0,21.0,21,21,21.0,
2025-10-01,SUP-026,Supplier 026,Brazil,LATAM,0.73,PLT-09,Hanoi Assembly,Vietnam,APAC,SMB,UK,2,3,29.0,29.0,25,33,32.6,4.0
2025-10-01,SUP-026,Supplier 026,Brazil,LATAM,0.73,PLT-03,Tokyo Precision,Japan,APAC,Enterprise,Germany,1,1,22.0,22.0,22,22,22.0,
2025-10-01,SUP-026,Supplier 026,Brazil,LATAM,0.73,PLT-03,Tokyo Precision,Japan,APAC,Enterprise,Singapore,1,2,27.0,27.0,24,30,29.7,4.2
2025-10-01,SUP-026,Supplier 026,Brazil,LATAM,0.73,PLT-03,Tokyo Precision,Japan,APAC,SMB,France,1,1,28.0,28.0,28,28,28.0,
2025-10-01,SUP-026,Supplier 026,Brazil,LATAM,0.73,PLT-07,Seoul Tech,South Korea,APAC,SMB,Germany,1,1,22.0,22.0,22,22,22.0,
2025-10-01,SUP-027,Supplier 027,South Korea,APAC,0.94,PLT-06,Sao Paulo Ops,Brazil,LATAM,SMB,Germany,1,1,27.0,27.0,27,27,27.0,
2025-10-01,SUP-027,Supplier 027,South Korea,APAC,0.94,PLT-08,Taipei Micro,Taiwan,APAC,Enterprise,USA,1,1,31.0,31.0,31,31,31.0,
2025-10-01,SUP-027,Supplier 027,South Korea,APAC,0.94,PLT-08,Taipei Micro,Taiwan,APAC,Enterprise,France,1,1,33.0,33.0,33,33,33.0,
2025-10-01,SUP-027,Supplier 027,South Korea,APAC,0.94,PLT-09,Hanoi Assembly,Vietnam,APAC,Enterprise,Singapore,1,1,32.0,32.0,32,32,32.0,
2025-10-01,SUP-027,Supplier 027,South Korea,APAC,0.94,PLT-01,Munich Center,Germany,EMEA,SMB,Canada,1,2,29.5,29.5,29,30,30.0,0.7
2025-10-01,SUP-028,Supplier 028,Taiwan,APAC,0.84,PLT-07,Seoul Tech,South Korea,APAC,Government,USA,1,1,36.0,36.0,36,36,36.0,
2025-10-01,SUP-028,Supplier 028,Taiwan,APAC,0.84,PLT-00,Shanghai Hub,China,APAC,Government,France,1,1,32.0,32.0,32,32,32.0,
2025-10-01,SUP-028,Supplier 028,Taiwan,APAC,0.84,PLT-04,Chennai Forge,India,APAC,Government,Australia,1,2,38.0,38.0,36,40,39.8,2.8
2025-10-01,SUP-028,Supplier 028,Taiwan,APAC,0.84,PLT-06,Sao Paulo Ops,Brazil,LATAM,SMB,UK,1,1,29.0,29.0,29,29,29.0,
2025-10-01,SUP-028,Supplier 028,Taiwan,APAC,0.84,PLT-02,Detroit Works,USA,NA,SMB,Japan,1,2,28.5,28.5,27,30,29.9,2.1
2025-10-01,SUP-028,Supplier 028,Taiwan,APAC,0.84,PLT-06,Sao Paulo Ops,Brazil,LATAM,Government,USA,1,1,31.0,31.0,31,31,31.0,
2025-10-01,SUP-028,Supplier 028,Taiwan,APAC,0.84,PLT-04,Chennai Forge,India,APAC,Enterprise,USA,1,1,35.0,35.0,35,35,35.0,
2025-10-01,SUP-028,Supplier 028,Taiwan,APAC,0.84,PLT-07,Seoul Tech,South Korea,APAC,SMB,Singapore,1,1,30.0,30.0,30,30,30.0,
2025-10-01,SUP-028,Supplier 028,Taiwan,APAC,0.84,PLT-03,Tokyo Precision,Japan,APAC,Enterprise,Australia,1,2,35.5,35.5,35,36,36.0,0.7
2025-10-01,SUP-028,Supplier 028,Taiwan,APAC,0.84,PLT-06,Sao Paulo Ops,Brazil,LATAM,Enterprise,USA,1,1,32.0,32.0,32,32,32.0,
2025-10-01,SUP-028,Supplier 028,Taiwan,APAC,0.84,PLT-05,Monterrey Plant,Mexico,LATAM,Enterprise,Germany,1,1,34.0,34.0,34,34,34.0,
2025-10-01,SUP-029,Supplier 029,Vietnam,APAC,0.51,PLT-08,Taipei Micro,Taiwan,APAC,Government,USA,1,1,28.0,28.0,28,28,28.0,
2025-10-01,SUP-029,Supplier 029,Vietnam,APAC,0.51,PLT-09,Hanoi Assembly,Vietnam,APAC,Enterprise,UK,1,1,26.0,26.0,26,26,26.0,
2025-10-01,SUP-030,Supplier 030,China,APAC,0.59,PLT-03,Tokyo Precision,Japan,APAC,Government,Japan,1,1,30.0,30.0,30,30,30.0,
2025-10-01,SUP-030,Supplier 030,China,APAC,0.59,PLT-00,Shanghai Hub,China,APAC,Enterprise,France,1,1,29.0,29.0,29,29,29.0,
2025-10-01,SUP-030,Supplier 030,China,APAC,0.59,PLT-05,Monterrey Plant,Mexico,LATAM,Government,Germany,1,1,29.0,29.0,29,29,29.0,
2025-10-01,SUP-030,Supplier 030,China,APAC,0.59,PLT-07,Seoul Tech,South Korea,APAC,Government,Japan,1,2,32.5,32.5,28,37,36.6,6.4
2025-10-01,SUP-030,Supplier 030,China,APAC,0.59,PLT-05,Monterrey Plant,Mexico,LATAM,Enterprise,Japan,1,1,27.0,27.0,27,27,27.0,
2025-10-01,SUP-030,Supplier 030,China,APAC,0.59,PLT-01,Munich Center,Germany,EMEA,SMB,USA,1,1,26.0,26.0,26,26,26.0,
2025-10-01,SUP-030,Supplier 030,China,APAC,0.59,PLT-02,Detroit Works,USA,NA,SMB,UK,1,1,24.0,24.0,24,24,24.0,
2025-10-01,SUP-030,Supplier 030,China,APAC,0.59,PLT-03,Tokyo Precision,Japan,APAC,Enterprise,USA,1,1,25.0,25.0,25,25,25.0,
2025-10-01,SUP-031,Supplier 031,Germany,EMEA,0.92,PLT-06,Sao Paulo Ops,Brazil,LATAM,Government,Japan,1,1,26.0,26.0,26,26,26.0,
2025-10-01,SUP-031,Supplier 031,Germany,EMEA,0.92,PLT-09,Hanoi Assembly,Vietnam,APAC,SMB,Singapore,1,2,31.0,31.0,28,34,33.7,4.2
2025-10-01,SUP-031,Supplier 031,Germany,EMEA,0.92,PLT-03,Tokyo Precision,Japan,APAC,Government,France,1,1,22.0,22.0,22,22,22.0,
2025-10-01,SUP-031,Supplier 031,Germany,EMEA,0.92,PLT-05,Monterrey Plant,Mexico,LATAM,Enterprise,Singapore,1,2,25.0,25.0,24,26,25.9,1.4
2025-10-01,SUP-031,Supplier 031,Germany,EMEA,0.92,PLT-06,Sao Paulo Ops,Brazil,LATAM,Enterprise,USA,1,1,22.0,22.0,22,22,22.0,
2025-10-01,SUP-031,Supplier 031,Germany,EMEA,0.92,PLT-07,Seoul Tech,South Korea,APAC,Enterprise,UK,1,1,26.0,26.0,26,26,26.0,
2025-10-01,SUP-031,Supplier 031,Germany,EMEA,0.92,PLT-03,Tokyo Precision,Japan,APAC,Enterprise,Canada,1,1,26.0,26.0,26,26,26.0,
2025-10-01,SUP-032,Supplier 032,USA,NA,0.78,PLT-02,Detroit Works,USA,NA,SMB,Canada,1,2,13.5,13.5,13,14,14.0,0.7
2025-10-01,SUP-032,Supplier 032,USA,NA,0.78,PLT-05,Monterrey Plant,Mexico,LATAM,SMB,Canada,1,1,18.0,18.0,18,18,18.0,
2025-10-01,SUP-032,Supplier 032,USA,NA,0.78,PLT-09,Hanoi Assembly,Vietnam,APAC,SMB,France,1,1,21.0,21.0,21,21,21.0,
2025-10-01,SUP-032,Supplier 032,USA,NA,0.78,PLT-05,Monterrey Plant,Mexico,LATAM,SMB,France,1,1,20.0,20.0,20,20,20.0,
2025-10-01,SUP-032,Supplier 032,USA,NA,0.78,PLT-06,Sao Paulo Ops,Brazil,LATAM,SMB,USA,1,1,15.0,15.0,15,15,15.0,
2025-10-01,SUP-032,Supplier 032,USA,NA,0.78,PLT-02,Detroit Works,USA,NA,SMB,UK,1,1,11.0,11.0,11,11,11.0,
2025-10-01,SUP-033,Supplier 033,Japan,APAC,0.5,PLT-01,Munich Center,Germany,EMEA,Enterprise,Canada,1,1,27.0,27.0,27,27,27.0,
2025-10-01,SUP-033,Supplier 033,Japan,APAC,0.5,PLT-09,Hanoi Assembly,Vietnam,APAC,Enterprise,Japan,1,1,18.0,18.0,18,18,18.0,
2025-10-01,SUP-033,Supplier 033,Japan,APAC,0.5,PLT-09,Hanoi Assembly,Vietnam,APAC,SMB,Australia,1,1,25.0,25.0,25,25,25.0,
2025-10-01,SUP-033,Supplier 033,Japan,APAC,0.5,PLT-07,Seoul Tech,South Korea,APAC,SMB,USA,1,2,32.0,32.0,32,32,32.0,0.0
2025-10-01,SUP-033,Supplier 033,Japan,APAC,0.5,PLT-04,Chennai Forge,India,APAC,SMB,Singapore,1,2,31.0,31.0,27,35,34.6,5.7
2025-10-01,SUP-033,Supplier 033,Japan,APAC,0.5,PLT-05,Monterrey Plant,Mexico,LATAM,Government,USA,1,1,23.0,23.0,23,23,23.0,
2025-10-01,SUP-033,Supplier 033,Japan,APAC,0.5,PLT-06,Sao Paulo Ops,Brazil,LATAM,SMB,UK,1,1,18.0,18.0,18,18,18.0,
2025-10-01,SUP-033,Supplier 033,Japan,APAC,0.5,PLT-02,Detroit Works,USA,NA,Government,Germany,1,1,20.0,20.0,20,20,20.0,
2025-10-01,SUP-034,Supplier 034,India,APAC,0.95,PLT-03,Tokyo Precision,Japan,APAC,SMB,France,1,2,24.0,24.0,20,28,27.6,5.7
2025-10-01,SUP-035,Supplier 035,Mexico,LATAM,0.77,PLT-09,Hanoi Assembly,Vietnam,APAC,Government,Japan,1,1,21.0,21.0,21,21,21.0,
2025-10-01,SUP-035,Supplier 035,Mexico,LATAM,0.77,PLT-02,Detroit Works,USA,NA,SMB,USA,1,1,18.0,18.0,18,18,18.0,
2025-10-01,SUP-035,Supplier 035,Mexico,LATAM,0.77,PLT-04,Chennai Forge,India,APAC,SMB,Canada,1,1,19.0,19.0,19,19,19.0,
2025-10-01,SUP-035,Supplier 035,Mexico,LATAM,0.77,PLT-01,Munich Center,Germany,EMEA,SMB,UK,1,1,19.0,19.0,19,19,19.0,
2025-10-01,SUP-035,Supplier 035,Mexico,LATAM,0.77,PLT-07,Seoul Tech,South Korea,APAC,SMB,Australia,1,2,24.5,24.5,23,26,25.9,2.1
2025-10-01,SUP-035,Supplier 035,Mexico,LATAM,0.77,PLT-00,Shanghai Hub,China,APAC,Enterprise,France,1,2,22.5,22.5,21,24,23.9,2.1
2025-10-01,SUP-035,Supplier 035,Mexico,LATAM,0.77,PLT-08,Taipei Micro,Taiwan,APAC,SMB,Canada,1,2,24.5,24.5,19,30,29.5,7.8
2025-10-01,SUP-036,Supplier 036,Brazil,LATAM,0.76,PLT-02,Detroit Works,USA,NA,SMB,USA,1,1,17.0,17.0,17,17,17.0,
2025-10-01,SUP-036,Supplier 036,Brazil,LATAM,0.76,PLT-05,Monterrey Plant,Mexico,LATAM,Government,France,1,2,21.5,21.5,19,24,23.8,3.5
2025-10-01,SUP-036,Supplier 036,Brazil,LATAM,0.76,PLT-06,Sao Paulo Ops,Brazil,LATAM,Government,Germany,1,1,21.0,21.0,21,21,21.0,
2025-10-01,SUP-036,Supplier 036,Brazil,LATAM,0.76,PLT-04,Chennai Forge,India,APAC,SMB,Singapore,1,1,24.0,24.0,24,24,24.0,
2025-10-01,SUP-036,Supplier 036,Brazil,LATAM,0.76,PLT-04,Chennai Forge,India,APAC,Enterprise,Germany,1,1,19.0,19.0,19,19,19.0,
2025-10-01,SUP-036,Supplier 036,Brazil,LATAM,0.76,PLT-09,Hanoi Assembly,Vietnam,APAC,SMB,UK,1,2,22.0,22.0,16,28,27.4,8.5
2025-10-01,SUP-036,Supplier 036,Brazil,LATAM,0.76,PLT-06,Sao Paulo Ops,Brazil,LATAM,SMB,Singapore,1,2,22.0,22.0,20,24,23.8,2.8
2025-10-01,SUP-037,Supplier 037,South Korea,APAC,0.7,PLT-04,Chennai Forge,India,APAC,Enterprise,France,1,1,26.0,26.0,26,26,26.0,
2025-10-01,SUP-037,Supplier 037,South Korea,APAC,0.7,PLT-09,Hanoi Assembly,Vietnam,APAC,Government,Australia,1,1,28.0,28.0,28,28,28.0,
2025-10-01,SUP-037,Supplier 037,South Korea,APAC,0.7,PLT-06,Sao Paulo Ops,Brazil,LATAM,SMB,Japan,1,1,26.0,26.0,26,26,26.0,
2025-10-01,SUP-037,Supplier 037,South Korea,APAC,0.7,PLT-03,Tokyo Precision,Japan,APAC,SMB,Germany,1,1,24.0,24.0,24,24,24.0,
2025-10-01,SUP-038,Supplier 038,Taiwan,APAC,0.95,PLT-08,Taipei Micro,Taiwan,APAC,Enterprise,USA,1,1,30.0,30.0,30,30,30.0,
2025-10-01,SUP-038,Supplier 038,Taiwan,APAC,0.95,PLT-04,Chennai Forge,India,APAC,Enterprise,France,1,1,30.0,30.0,30,30,30.0,
2025-10-01,SUP-038,Supplier 038,Taiwan,APAC,0.95,PLT-01,Munich Center,Germany,EMEA,SMB,Germany,1,2,27.0,27.0,27,27,27.0,0.0
2025-10-01,SUP-038,Supplier 038,Taiwan,APAC,0.95,PLT-03,Tokyo Precision,Japan,APAC,Government,USA,1,1,30.0,30.0,30,30,30.0,
2025-10-01,SUP-038,Supplier 038,Taiwan,APAC,0.95,PLT-06,Sao Paulo Ops,Brazil,LATAM,Government,Germany,1,2,33.5,33.5,31,36,35.8,3.5
2025-10-01,SUP-038,Supplier 038,Taiwan,APAC,0.95,PLT-08,Taipei Micro,Taiwan,APAC,SMB,Germany,1,1,32.0,32.0,32,32,32.0,
2025-10-01,SUP-038,Supplier 038,Taiwan,APAC,0.95,PLT-05,Monterrey Plant,Mexico,LATAM,SMB,Japan,1,1,29.0,29.0,29,29,29.0,
2025-10-01,SUP-038,Supplier 038,Taiwan,APAC,0.95,PLT-07,Seoul Tech,South Korea,APAC,Government,Singapore,1,1,25.0,25.0,25,25,25.0,
2025-10-01,SUP-038,Supplier 038,Taiwan,APAC,0.95,PLT-04,Chennai Forge,India,APAC,SMB,Japan,1,1,25.0,25.0,25,25,25.0,
2025-10-01,SUP-038,Supplier 038,Taiwan,APAC,0.95,PLT-04,Chennai Forge,India,APAC,Enterprise,Singapore,1,1,32.0,32.0,32,32,32.0,
2025-10-01,SUP-038,Supplier 038,Taiwan,APAC,0.95,PLT-03,Tokyo Precision,Japan,APAC,Government,Australia,1,1,27.0,27.0,27,27,27.0,
2025-10-01,SUP-039,Supplier 039,Vietnam,APAC,0.68,PLT-06,Sao Paulo Ops,Brazil,LATAM,Enterprise,France,1,1,25.0,25.0,25,25,25.0,
2025-10-01,SUP-039,Supplier 039,Vietnam,APAC,0.68,PLT-06,Sao Paulo Ops,Brazil,LATAM,SMB,UK,1,2,23.0,23.0,17,29,28.4,8.5
2025-10-01,SUP-039,Supplier 039,Vietnam,APAC,0.68,PLT-05,Monterrey Plant,Mexico,LATAM,SMB,Germany,1,1,19.0,19.0,19,19,19.0,
2025-10-01,SUP-039,Supplier 039,Vietnam,APAC,0.68,PLT-05,Monterrey Plant,Mexico,LATAM,SMB,Australia,1,1,21.0,21.0,21,21,21.0,
2025-10-01,SUP-039,Supplier 039,Vietnam,APAC,0.68,PLT-03,Tokyo Precision,Japan,APAC,SMB,Germany,1,1,27.0,27.0,27,27,27.0,
2025-10-01,SUP-039,Supplier 039,Vietnam,APAC,0.68,PLT-01,Munich Center,Germany,EMEA,SMB,France,1,1,20.0,20.0,20,20,20.0,
2025-10-01,SUP-039,Supplier 039,Vietnam,APAC,0.68,PLT-06,Sao Paulo Ops,Brazil,LATAM,Enterprise,Japan,1,2,20.5,20.5,19,22,21.9,2.1
2025-10-01,SUP-039,Supplier 039,Vietnam,APAC,0.68,PLT-01,Munich Center,Germany,EMEA,SMB,Canada,1,1,19.0,19.0,19,19,19.0,
2025-10-01,SUP-039,Supplier 039,Vietnam,APAC,0.68,PLT-00,Shanghai Hub,China,APAC,Government,Singapore,1,1,26.0,26.0,26,26,26.0,
2025-10-01,SUP-039,Supplier 039,Vietnam,APAC,0.68,PLT-00,Shanghai Hub,China,APAC,Enterprise,Canada,1,1,26.0,26.0,26,26,26.0,
2025-10-01,SUP-039,Supplier 039,Vietnam,APAC,0.68,PLT-03,Tokyo Precision,Japan,APAC,SMB,UK,2,3,23.0,23.0,20,26,25.7,3.0
2025-10-01,SUP-040,Supplier 040,China,APAC,0.96,PLT-06,Sao Paulo Ops,Brazil,LATAM,Enterprise,Canada,1,1,19.0,19.0,19,19,19.0,
2025-10-01,SUP-040,Supplier 040,China,APAC,0.96,PLT-03,Tokyo Precision,Japan,APAC,Enterprise,Japan,1,1,22.0,22.0,22,22,22.0,
2025-10-01,SUP-040,Supplier 040,China,APAC,0.96,PLT-01,Munich Center,Germany,EMEA,SMB,Germany,1,1,17.0,17.0,17,17,17.0,
2025-10-01,SUP-040,Supplier 040,China,APAC,0.96,PLT-00,Shanghai Hub,China,APAC,SMB,Canada,1,1,19.0,19.0,19,19,19.0,
2025-10-01,SUP-040,Supplier 040,China,APAC,0.96,PLT-07,Seoul Tech,South Korea,APAC,SMB,UK,1,1,18.0,18.0,18,18,18.0,
2025-10-01,SUP-040,Supplier 040,China,APAC,0.96,PLT-02,Detroit Works,USA,NA,SMB,France,1,1,16.0,16.0,16,16,16.0,
2025-10-01,SUP-040,Supplier 040,China,APAC,0.96,PLT-07,Seoul Tech,South Korea,APAC,Government,France,1,1,21.0,21.0,21,21,21.0,
2025-10-01,SUP-041,Supplier 041,Germany,EMEA,0.64,PLT-00,Shanghai Hub,China,APAC,Enterprise,USA,1,1,30.0,30.0,30,30,30.0,
2025-10-01,SUP-041,Supplier 041,Germany,EMEA,0.64,PLT-07,Seoul Tech,South Korea,APAC,SMB,Canada,1,2,28.5,28.5,22,35,34.4,9.2
2025-10-01,SUP-041,Supplier 041,Germany,EMEA,0.64,PLT-03,Tokyo Precision,Japan,APAC,Government,UK,1,1,22.0,22.0,22,22,22.0,
2025-10-01,SUP-041,Supplier 041,Germany,EMEA,0.64,PLT-03,Tokyo Precision,Japan,APAC,Government,USA,1,1,28.0,28.0,28,28,28.0,
2025-10-01,SUP-041,Supplier 041,Germany,EMEA,0.64,PLT-04,Chennai Forge,India,APAC,Government,UK,1,1,32.0,32.0,32,32,32.0,
2025-10-01,SUP-041,Supplier 041,Germany,EMEA,0.64,PLT-05,Monterrey Plant,Mexico,LATAM,SMB,Canada,1,1,25.0,25.0,25,25,25.0,
2025-10-01,SUP-042,Supplier 042,USA,NA,0.91,PLT-05,Monterrey Plant,Mexico,LATAM,SMB,Australia,1,1,16.0,16.0,16,16,16.0,
2025-10-01,SUP-043,Supplier 043,Japan,APAC,0.98,PLT-01,Munich Center,Germany,EMEA,SMB,Germany,1,1,24.0,24.0,24,24,24.0,
2025-10-01,SUP-043,Supplier 043,Japan,APAC,0.98,PLT-04,Chennai Forge,India,APAC,SMB,Canada,1,1,25.0,25.0,25,25,25.0,
2025-10-01,SUP-043,Supplier 043,Japan,APAC,0.98,PLT-05,Monterrey Plant,Mexico,LATAM,SMB,Germany,1,2,26.5,26.5,26,27,27.0,0.7
2025-10-01,SUP-043,Supplier 043,Japan,APAC,0.98,PLT-08,Taipei Micro,Taiwan,APAC,Government,France,1,1,24.0,24.0,24,24,24.0,
2025-10-01,SUP-043,Supplier 043,Japan,APAC,0.98,PLT-02,Detroit Works,USA,NA,Government,Germany,1,1,23.0,23.0,23,23,23.0,
2025-10-01,SUP-043,Supplier 043,Japan,APAC,0.98,PLT-05,Monterrey Plant,Mexico,LATAM,Enterprise,Japan,1,1,24.0,24.0,24,24,24.0,
2025-10-01,SUP-043,Supplier 043,Japan,APAC,0.98,PLT-06,Sao Paulo Ops,Brazil,LATAM,SMB,France,1,1,28.0,28.0,28,28,28.0,
2025-10-01,SUP-043,Supplier 043,Japan,APAC,0.98,PLT-08,Taipei Micro,Taiwan,APAC,SMB,UK,1,1,28.0,28.0,28,28,28.0,
2025-10-01,SUP-043,Supplier 043,Japan,APAC,0.98,PLT-00,Shanghai Hub,China,APAC,SMB,Singapore,1,1,29.0,29.0,29,29,29.0,
2025-10-01,SUP-043,Supplier 043,Japan,APAC,0.98,PLT-00,Shanghai Hub,China,APAC,Enterprise,France,1,2,29.5,29.5,28,31,30.9,2.1
2025-10-01,SUP-043,Supplier 043,Japan,APAC,0.98,PLT-03,Tokyo Precision,Japan,APAC,Government,USA,1,1,29.0,29.0,29,29,29.0,
2025-10-01,SUP-043,Supplier 043,Japan,APAC,0.98,PLT-02,Detroit Works,USA,NA,SMB,Australia,1,1,25.0,25.0,25,25,25.0,
2025-10-01,SUP-043,Supplier 043,Japan,APAC,0.98,PLT-06,Sao Paulo Ops,Brazil,LATAM,Enterprise,USA,1,1,29.0,29.0,29,29,29.0,
2025-10-01,SUP-044,Supplier 044,India,APAC,0.55,PLT-09,Hanoi Assembly,Vietnam,APAC,SMB,USA,1,1,26.0,26.0,26,26,26.0,
2025-10-01,SUP-044,Supplier 044,India,APAC,0.55,PLT-06,Sao Paulo Ops,Brazil,LATAM,SMB,Singapore,1,2,30.5,30.5,30,31,31.0,0.7
2025-10-01,SUP-044,Supplier 044,India,APAC,0.55,PLT-02,Detroit Works,USA,NA,SMB,Germany,1,2,26.5,26.5,22,31,30.6,6.4
2025-10-01,SUP-044,Supplier 044,India,APAC,0.55,PLT-06,Sao Paulo Ops,Brazil,LATAM,Enterprise,Japan,1,1,32.0,32.0,32,32,32.0,
2025-10-01,SUP-044,Supplier 044,India,APAC,0.55,PLT-06,Sao Paulo Ops,Brazil,LATAM,SMB,UK,1,1,28.0,28.0,28,28,28.0,
2025-10-01,SUP-044,Supplier 044,India,APAC,0.55,PLT-00,Shanghai Hub,China,APAC,Enterprise,Australia,1,2,32.0,32.0,30,34,33.8,2.8
2025-10-01,SUP-045,Supplier 045,Mexico,LATAM,0.92,PLT-00,Shanghai Hub,China,APAC,Enterprise,Germany,1,1,26.0,26.0,26,26,26.0,
2025-10-01,SUP-045,Supplier 045,Mexico,LATAM,0.92,PLT-03,Tokyo Precision,Japan,APAC,Enterprise,Canada,1,1,26.0,26.0,26,26,26.0,
2025-10-01,SUP-045,Supplier 045,Mexico,LATAM,0.92,PLT-04,Chennai Forge,India,APAC,SMB,Singapore,1,1,23.0,23.0,23,23,23.0,
2025-10-01,SUP-045,Supplier 045,Mexico,LATAM,0.92,PLT-03,Tokyo Precision,Japan,APAC,Enterprise,Germany,1,1,25.0,25.0,25,25,25.0,
2025-10-01,SUP-045,Supplier 045,Mexico,LATAM,0.92,PLT-08,Taipei Micro,Taiwan,APAC,SMB,UK,1,1,21.0,21.0,21,21,21.0,
2025-10-01,SUP-045,Supplier 045,Mexico,LATAM,0.92,PLT-03,Tokyo Precision,Japan,APAC,SMB,Australia,1,1,21.0,21.0,21,21,21.0,
2025-10-01,SUP-045,Supplier 045,Mexico,LATAM,0.92,PLT-05,Monterrey Plant,Mexico,LATAM,Enterprise,France,1,1,22.0,22.0,22,22,22.0,
2025-10-01,SUP-045,Supplier 045,Mexico,LATAM,0.92,PLT-02,Detroit Works,USA,NA,Government,Singapore,1,1,16.0,16.0,16,16,16.0,
2025-10-01,SUP-045,Supplier 045,Mexico,LATAM,0.92,PLT-05,Monterrey Plant,Mexico,LATAM,SMB,UK,2,2,20.0,20.0,18,22,21.8,2.8
2025-10-01,SUP-046,Supplier 046,Brazil,LATAM,0.96,PLT-01,Munich Center,Germany,EMEA,Enterprise,Canada,1,1,23.0,23.0,23,23,23.0,
2025-10-01,SUP-046,Supplier 046,Brazil,LATAM,0.96,PLT-03,Tokyo Precision,Japan,APAC,SMB,Singapore,1,1,24.0,24.0,24,24,24.0,
2025-10-01,SUP-046,Supplier 046,Brazil,LATAM,0.96,PLT-00,Shanghai Hub,China,APAC,SMB,Australia,1,1,28.0,28.0,28,28,28.0,
2025-10-01,SUP-046,Supplier 046,Brazil,LATAM,0.96,PLT-02,Detroit Works,USA,NA,SMB,Singapore,1,2,25.0,25.0,24,26,25.9,1.4
2025-10-01,SUP-046,Supplier 046,Brazil,LATAM,0.96,PLT-08,Taipei Micro,Taiwan,APAC,Enterprise,Japan,1,1,30.0,30.0,30,30,30.0,
2025-10-01,SUP-046,Supplier 046,Brazil,LATAM,0.96,PLT-08,Taipei Micro,Taiwan,APAC,SMB,Germany,1,2,31.0,31.0,29,33,32.8,2.8
2025-10-01,SUP-047,Supplier 047,South Korea,APAC,0.59,PLT-09,Hanoi Assembly,Vietnam,APAC,Government,Singapore,2,2,29.5,29.5,29,30,30.0,0.7
2025-10-01,SUP-047,Supplier 047,South Korea,APAC,0.59,PLT-05,Monterrey Plant,Mexico,LATAM,SMB,Germany,1,1,33.0,33.0,33,33,33.0,
2025-10-01,SUP-047,Supplier 047,South Korea,APAC,0.59,PLT-09,Hanoi Assembly,Vietnam,APAC,SMB,Australia,2,2,30.5,30.5,30,31,31.0,0.7
2025-10-01,SUP-047,Supplier 047,South Korea,APAC,0.59,PLT-08,Taipei Micro,Taiwan,APAC,Government,Singapore,1,1,36.0,36.0,36,36,36.0,
2025-10-01,SUP-047,Supplier 047,South Korea,APAC,0.59,PLT-06,Sao Paulo Ops,Brazil,LATAM,Enterprise,Japan,1,2,34.0,34.0,32,36,35.8,2.8
2025-10-01,SUP-047,Supplier 047,South Korea,APAC,0.59,PLT-07,Seoul Tech,South Korea,APAC,Enterprise,USA,1,2,32.0,32.0,31,33,32.9,1.4
2025-10-01,SUP-048,Supplier 048,Taiwan,APAC,0.54,PLT-06,Sao Paulo Ops,Brazil,LATAM,SMB,Germany,1,2,32.5,32.5,32,33,33.0,0.7
2025-10-01,SUP-048,Supplier 048,Taiwan,APAC,0.54,PLT-01,Munich Center,Germany,EMEA,Enterprise,Germany,1,1,26.0,26.0,26,26,26.0,
2025-10-01,SUP-048,Supplier 048,Taiwan,APAC,0.54,PLT-09,Hanoi Assembly,Vietnam,APAC,Government,Australia,1,1,29.0,29.0,29,29,29.0,
2025-10-01,SUP-048,Supplier 048,Taiwan,APAC,0.54,PLT-07,Seoul Tech,South Korea,APAC,SMB,USA,1,1,34.0,34.0,34,34,34.0,
2025-10-01,SUP-048,Supplier 048,Taiwan,APAC,0.54,PLT-05,Monterrey Plant,Mexico,LATAM,SMB,Australia,1,2,35.0,35.0,34,36,35.9,1.4
2025-10-01,SUP-049,Supplier 049,Vietnam,APAC,0.75,PLT-02,Detroit Works,USA,NA,SMB,France,1,1,29.0,29.0,29,29,29.0,
2025-10-01,SUP-049,Supplier 049,Vietnam,APAC,0.75,PLT-08,Taipei Micro,Taiwan,APAC,Government,France,1,1,39.0,39.0,39,39,39.0,
2025-10-01,SUP-049,Supplier 049,Vietnam,APAC,0.75,PLT-08,Taipei Micro,Taiwan,APAC,SMB,Canada,1,1,36.0,36.0,36,36,36.0,
2025-10-01,SUP-049,Supplier 049,Vietnam,APAC,0.75,PLT-09,Hanoi Assembly,Vietnam,APAC,Enterprise,USA,1,1,38.0,38.0,38,38,38.0,
2025-11-01,SUP-000,Supplier 000,China,APAC,0.85,PLT-05,Monterrey Plant,Mexico,LATAM,SMB,France,1,2,22.0,22.0,18,26,25.6,5.7
2025-11-01,SUP-000,Supplier 000,China,APAC,0.85,PLT-08,Taipei Micro,Taiwan,APAC,SMB,Canada,1,2,23.0,23.0,20,26,25.7,4.2
2025-11-01,SUP-000,Supplier 000,China,APAC,0.85,PLT-01,Munich Center,Germany,EMEA,Government,UK,1,2,23.0,23.0,21,25,24.8,2.8
2025-11-01,SUP-000,Supplier 000,China,APAC,0.85,PLT-04,Chennai Forge,India,APAC,SMB,France,1,1,23.0,23.0,23,23,23.0,
2025-11-01,SUP-000,Supplier 000,China,APAC,0.85,PLT-02,Detroit Works,USA,NA,SMB,Australia,1,1,19.0,19.0,19,19,19.0,
2025-11-01,SUP-000,Supplier 000,China,APAC,0.85,PLT-09,Hanoi Assembly,Vietnam,APAC,SMB,Australia,1,1,26.0,26.0,26,26,26.0,
2025-11-01,SUP-000,Supplier 000,China,APAC,0.85,PLT-08,Taipei Micro,Taiwan,APAC,SMB,Australia,1,1,24.0,24.0,24,24,24.0,
2025-11-01,SUP-000,Supplier 000,China,APAC,0.85,PLT-05,Monterrey Plant,Mexico,LATAM,Enterprise,Japan,1,1,19.0,19.0,19,19,19.0,
2025-11-01,SUP-000,Supplier 000,China,APAC,0.85,PLT-00,Shanghai Hub,China,APAC,SMB,France,1,1,23.0,23.0,23,23,23.0,
2025-11-01,SUP-000,Supplier 000,China,APAC,0.85,PLT-08,Taipei Micro,Taiwan,APAC,SMB,Singapore,1,1,21.0,21.0,21,21,21.0,
2025-11-01,SUP-001,Supplier 001,Germany,EMEA,0.7,PLT-00,Shanghai Hub,China,APAC,Enterprise,Germany,1,1,21.0,21.0,21,21,21.0,
2025-11-01,SUP-001,Supplier 001,Germany,EMEA,0.7,PLT-09,Hanoi Assembly,Vietnam,APAC,SMB,France,1,1,15.0,15.0,15,15,15.0,
2025-11-01,SUP-001,Supplier 001,Germany,EMEA,0.7,PLT-00,Shanghai Hub,China,APAC,Enterprise,Singapore,1,1,22.0,22.0,22,22,22.0,
2025-11-01,SUP-001,Supplier 001,Germany,EMEA,0.7,PLT-07,Seoul Tech,South Korea,APAC,SMB,France,1,1,17.0,17.0,17,17,17.0,
2025-11-01,SUP-001,Supplier 001,Germany,EMEA,0.7,PLT-00,Shanghai Hub,China,APAC,Enterprise,Canada,1,1,21.0,21.0,21,21,21.0,
2025-11-01,SUP-001,Supplier 001,Germany,EMEA,0.7,PLT-03,Tokyo Precision,Japan,APAC,SMB,Germany,1,1,22.0,22.0,22,22,22.0,
2025-11-01,SUP-001,Supplier 001,Germany,EMEA,0.7,PLT-00,Shanghai Hub,China,APAC,SMB,UK,1,1,19.0,19.0,19,19,19.0,
2025-11-01,SUP-002,Supplier 002,USA,NA,0.74,PLT-09,Hanoi Assembly,Vietnam,APAC,SMB,UK,1,1,19.0,19.0,19,19,19.0,
2025-11-01,SUP-002,Supplier 002,USA,NA,0.74,PLT-02,Detroit Works,USA,NA,Government,Japan,1,1,15.0,15.0,15,15,15.0,
2025-11-01,SUP-002,Supplier 002,USA,NA,0.74,PLT-06,Sao Paulo Ops,Brazil,LATAM,Enterprise,USA,1,1,23.0,23.0,23,23,23.0,
2025-11-01,SUP-002,Supplier 002,USA,NA,0.74,PLT-02,Detroit Works,USA,NA,Enterprise,Germany,1,1,16.0,16.0,16,16,16.0,
2025-11-01,SUP-002,Supplier 002,USA,NA,0.74,PLT-06,Sao Paulo Ops,Brazil,LATAM,SMB,Singapore,1,1,17.0,17.0,17,17,17.0,
2025-11-01,SUP-002,Supplier 002,USA,NA,0.74,PLT-09,Hanoi Assembly,Vietnam,APAC,SMB,Canada,1,1,22.0,22.0,22,22,22.0,
2025-11-01,SUP-003,Supplier 003,Japan,APAC,0.64,PLT-02,Detroit Works,USA,NA,Government,Singapore,1,2,28.5,28.5,27,30,29.9,2.1
2025-11-01,SUP-003,Supplier 003,Japan,APAC,0.64,PLT-07,Seoul Tech,South Korea,APAC,Government,Germany,1,1,27.0,27.0,27,27,27.0,
2025-11-01,SUP-003,Supplier 003,Japan,APAC,0.64,PLT-04,Chennai Forge,India,APAC,Enterprise,USA,1,1,21.0,21.0,21,21,21.0,
2025-11-01,SUP-003,Supplier 003,Japan,APAC,0.64,PLT-08,Taipei Micro,Taiwan,APAC,SMB,Singapore,1,1,27.0,27.0,27,27,27.0,
2025-11-01,SUP-003,Supplier 003,Japan,APAC,0.64,PLT-09,Hanoi Assembly,Vietnam,APAC,Enterprise,France,1,1,26.0,26.0,26,26,26.0,
2025-11-01,SUP-004,Supplier 004,India,APAC,0.69,PLT-08,Taipei Micro,Taiwan,APAC,SMB,France,1,1,32.0,32.0,32,32,32.0,
2025-11-01,SUP-004,Supplier 004,India,APAC,0.69,PLT-03,Tokyo Precision,Japan,APAC,Government,Germany,1,1,33.0,33.0,33,33,33.0,
2025-11-01,SUP-004,Supplier 004,India,APAC,0.69,PLT-01,Munich Center,Germany,EMEA,Government,USA,1,2,31.0,31.0,27,35,34.6,5.7
2025-11-01,SUP-004,Supplier 004,India,APAC,0.69,PLT-08,Taipei Micro,Taiwan,APAC,SMB,Germany,1,1,31.0,31.0,31,31,31.0,
2025-11-01,SUP-005,Supplier 005,Mexico,LATAM,0.77,PLT-01,Munich Center,Germany,EMEA,SMB,UK,1,1,19.0,19.0,19,19,19.0,
2025-11-01,SUP-005,Supplier 005,Mexico,LATAM,0.77,PLT-06,Sao Paulo Ops,Brazil,LATAM,Enterprise,Japan,1,1,19.0,19.0,19,19,19.0,
2025-11-01,SUP-005,Supplier 005,Mexico,LATAM,0.77,PLT-04,Chennai Forge,India,APAC,SMB,Singapore,1,1,24.0,24.0,24,24,24.0,
2025-11-01,SUP-005,Supplier 005,Mexico,LATAM,0.77,PLT-03,Tokyo Precision,Japan,APAC,SMB,UK,1,1,24.0,24.0,24,24,24.0,
2025-11-01,SUP-005,Supplier 005,Mexico,LATAM,0.77,PLT-02,Detroit Works,USA,NA,SMB,Australia,1,1,21.0,21.0,21,21,21.0,
2025-11-01,SUP-005,Supplier 005,Mexico,LATAM,0.77,PLT-09,Hanoi Assembly,Vietnam,APAC,SMB,France,1,1,23.0,23.0,23,23,23.0,
2025-11-01,SUP-006,Supplier 006,Brazil,LATAM,0.61,PLT-09,Hanoi Assembly,Vietnam,APAC,SMB,France,1,2,29.5,29.5,25,34,33.6,6.4
2025-11-01,SUP-006,Supplier 006,Brazil,LATAM,0.61,PLT-02,Detroit Works,USA,NA,SMB,Germany,1,1,20.0,20.0,20,20,20.0,
2025-11-01,SUP-006,Supplier 006,Brazil,LATAM,0.61,PLT-07,Seoul Tech,South Korea,APAC,SMB,Singapore,1,1,33.0,33.0,33,33,33.0,
2025-11-01,SUP-007,Supplier 007,South Korea,APAC,0.84,PLT-02,Detroit Works,USA,NA,Enterprise,Australia,1,1,25.0,25.0,25,25,25.0,
2025-11-01,SUP-007,Supplier 007,South Korea,APAC,0.84,PLT-08,Taipei Micro,Taiwan,APAC,SMB,UK,1,1,28.0,28.0,28,28,28.0,
2025-11-01,SUP-007,Supplier 007,South Korea,APAC,0.84,PLT-01,Munich Center,Germany,EMEA,SMB,Australia,1,1,28.0,28.0,28,28,28.0,
2025-11-01,SUP-007,Supplier 007,South Korea,APAC,0.84,PLT-07,Seoul Tech,South Korea,APAC,SMB,UK,1,1,29.0,29.0,29,29,29.0,
2025-11-01,SUP-007,Supplier 007,South Korea,APAC,0.84,PLT-09,Hanoi Assembly,Vietnam,APAC,Government,USA,1,1,29.0,29.0,29,29,29.0,
2025-11-01,SUP-007,Supplier 007,South Korea,APAC,0.84,PLT-08,Taipei Micro,Taiwan,APAC,SMB,Germany,1,1,28.0,28.0,28,28,28.0,
2025-11-01,SUP-008,Supplier 008,Taiwan,APAC,0.73,PLT-07,Seoul Tech,South Korea,APAC,SMB,France,1,1,24.0,24.0,24,24,24.0,
2025-11-01,SUP-008,Supplier 008,Taiwan,APAC,0.73,PLT-07,Seoul Tech,South Korea,APAC,SMB,USA,1,2,31.0,31.0,31,31,31.0,0.0
2025-11-01,SUP-008,Supplier 008,Taiwan,APAC,0.73,PLT-01,Munich Center,Germany,EMEA,Government,Germany,1,1,25.0,25.0,25,25,25.0,
2025-11-01,SUP-009,Supplier 009,Vietnam,APAC,1.0,PLT-05,Monterrey Plant,Mexico,LATAM,SMB,Singapore,1,1,27.0,27.0,27,27,27.0,
2025-11-01,SUP-009,Supplier 009,Vietnam,APAC,1.0,PLT-00,Shanghai Hub,China,APAC,Enterprise,Australia,1,1,26.0,26.0,26,26,26.0,
2025-11-01,SUP-009,Supplier 009,Vietnam,APAC,1.0,PLT-08,Taipei Micro,Taiwan,APAC,SMB,Australia,1,1,33.0,33.0,33,33,33.0,
2025-11-01,SUP-009,Supplier 009,Vietnam,APAC,1.0,PLT-00,Shanghai Hub,China,APAC,Enterprise,Singapore,1,1,27.0,27.0,27,27,27.0,
2025-11-01,SUP-009,Supplier 009,Vietnam,APAC,1.0,PLT-03,Tokyo Precision,Japan,APAC,Enterprise,Japan,1,2,33.0,33.0,30,36,35.7,4.2
2025-11-01,SUP-009,Supplier 009,Vietnam,APAC,1.0,PLT-00,Shanghai Hub,China,APAC,SMB,Singapore,1,1,28.0,28.0,28,28,28.0,
2025-11-01,SUP-010,Supplier 010,China,APAC,0.76,PLT-02,Detroit Works,USA,NA,SMB,Canada,1,1,18.0,18.0,18,18,18.0,
2025-11-01,SUP-010,Supplier 010,China,APAC,0.76,PLT-03,Tokyo Precision,Japan,APAC,SMB,UK,1,1,27.0,27.0,27,27,27.0,
2025-11-01,SUP-010,Supplier 010,China,APAC,0.76,PLT-03,Tokyo Precision,Japan,APAC,Government,Germany,1,2,28.5,28.5,28,29,29.0,0.7
2025-11-01,SUP-010,Supplier 010,China,APAC,0.76,PLT-06,Sao Paulo Ops,Brazil,LATAM,Government,USA,1,2,27.0,27.0,24,30,29.7,4.2
2025-11-01,SUP-011,Supplier 011,Germany,EMEA,0.53,PLT-04,Chennai Forge,India,APAC,SMB,UK,1,1,32.0,32.0,32,32,32.0,
2025-11-01,SUP-011,Supplier 011,Germany,EMEA,0.53,PLT-05,Monterrey Plant,Mexico,LATAM,Enterprise,Singapore,1,1,26.0,26.0,26,26,26.0,
2025-11-01,SUP-011,Supplier 011,Germany,EMEA,0.53,PLT-08,Taipei Micro,Taiwan,APAC,SMB,USA,1,1,29.0,29.0,29,29,29.0,
2025-11-01,SUP-011,Supplier 011,Germany,EMEA,0.53,PLT-06,Sao Paulo Ops,Brazil,LATAM,Government,USA,1,1,32.0,32.0,32,32,32.0,
2025-11-01,SUP-011,Supplier 011,Germany,EMEA,0.53,PLT-00,Shanghai Hub,China,APAC,Enterprise,USA,1,1,30.0,30.0,30,30,30.0,
2025-11-01,SUP-011,Supplier 011,Germany,EMEA,0.53,PLT-02,Detroit Works,USA,NA,SMB,Japan,1,1,24.0,24.0,24,24,24.0,
2025-11-01,SUP-012,Supplier 012,USA,NA,0.66,PLT-09,Hanoi Assembly,Vietnam,APAC,Enterprise,France,1,1,22.0,22.0,22,22,22.0,
2025-11-01,SUP-012,Supplier 012,USA,NA,0.66,PLT-00,Shanghai Hub,China,APAC,SMB,Germany,1,1,21.0,21.0,21,21,21.0,
2025-11-01,SUP-012,Supplier 012,USA,NA,0.66,PLT-02,Detroit Works,USA,NA,Enterprise,Germany,1,2,16.5,16.5,11,22,21.5,7.8
2025-11-01,SUP-012,Supplier 012,USA,NA,0.66,PLT-09,Hanoi Assembly,Vietnam,APAC,SMB,Australia,1,2,23.5,23.5,21,26,25.8,3.5
2025-11-01,SUP-012,Supplier 012,USA,NA,0.66,PLT-05,Monterrey Plant,Mexico,LATAM,SMB,USA,1,1,19.0,19.0,19,19,19.0,
2025-11-01,SUP-013,Supplier 013,Japan,APAC,0.89,PLT-04,Chennai Forge,India,APAC,SMB,UK,1,2,36.5,36.5,30,43,42.4,9.2
2025-11-01,SUP-013,Supplier 013,Japan,APAC,0.89,PLT-00,Shanghai Hub,China,APAC,Government,Singapore,1,2,33.0,33.0,31,35,34.8,2.8
2025-11-01,SUP-013,Supplier 013,Japan,APAC,0.89,PLT-06,Sao Paulo Ops,Brazil,LATAM,Enterprise,Singapore,1,2,35.0,35.0,34,36,35.9,1.4
2025-11-01,SUP-014,Supplier 014,India,APAC,0.95,PLT-00,Shanghai Hub,China,APAC,SMB,Singapore,1,1,35.0,35.0,35,35,35.0,
2025-11-01,SUP-014,Supplier 014,India,APAC,0.95,PLT-05,Monterrey Plant,Mexico,LATAM,Government,UK,1,1,30.0,30.0,30,30,30.0,
2025-11-01,SUP-014,Supplier 014,India,APAC,0.95,PLT-03,Tokyo Precision,Japan,APAC,SMB,UK,1,1,29.0,29.0,29,29,29.0,
2025-11-01,SUP-014,Supplier 014,India,APAC,0.95,PLT-08,Taipei Micro,Taiwan,APAC,Government,UK,1,2,35.5,35.5,35,36,36.0,0.7
2025-11-01,SUP-015,Supplier 015,Mexico,LATAM,0.75,PLT-00,Shanghai Hub,China,APAC,Enterprise,Canada,1,1,23.0,23.0,23,23,23.0,
2025-11-01,SUP-015,Supplier 015,Mexico,LATAM,0.75,PLT-08,Taipei Micro,Taiwan,APAC,SMB,Australia,1,1,24.0,24.0,24,24,24.0,
2025-11-01,SUP-015,Supplier 015,Mexico,LATAM,0.75,PLT-09,Hanoi Assembly,Vietnam,APAC,Enterprise,USA,1,1,28.0,28.0,28,28,28.0,
2025-11-01,SUP-015,Supplier 015,Mexico,LATAM,0.75,PLT-00,Shanghai Hub,China,APAC,Enterprise,Australia,1,1,31.0,31.0,31,31,31.0,
2025-11-01,SUP-015,Supplier 015,Mexico,LATAM,0.75,PLT-08,Taipei Micro,Taiwan,APAC,SMB,USA,1,2,30.0,30.0,27,33,32.7,4.2
2025-11-01,SUP-015,Supplier 015,Mexico,LATAM,0.75,PLT-05,Monterrey Plant,Mexico,LATAM,SMB,UK,1,1,27.0,27.0,27,27,27.0,
2025-11-01,SUP-015,Supplier 015,Mexico,LATAM,0.75,PLT-08,Taipei Micro,Taiwan,APAC,Enterprise,UK,1,1,31.0,31.0,31,31,31.0,
2025-11-01,SUP-015,Supplier 015,Mexico,LATAM,0.75,PLT-05,Monterrey Plant,Mexico,LATAM,SMB,Australia,1,1,28.0,28.0,28,28,28.0,
2025-11-01,SUP-015,Supplier 015,Mexico,LATAM,0.75,PLT-01,Munich Center,Germany,EMEA,Government,Canada,1,1,27.0,27.0,27,27,27.0,
2025-11-01,SUP-015,Supplier 015,Mexico,LATAM,0.75,PLT-09,Hanoi Assembly,Vietnam,APAC,SMB,Canada,1,1,25.0,25.0,25,25,25.0,
2025-11-01,SUP-015,Supplier 015,Mexico,LATAM,0.75,PLT-05,Monterrey Plant,Mexico,LATAM,Enterprise,Germany,1,1,28.0,28.0,28,28,28.0,
2025-11-01,SUP-016,Supplier 016,Brazil,LATAM,0.66,PLT-01,Munich Center,Germany,EMEA,SMB,Singapore,1,1,26.0,26.0,26,26,26.0,
2025-11-01,SUP-016,Supplier 016,Brazil,LATAM,0.66,PLT-05,Monterrey Plant,Mexico,LATAM,Enterprise,Germany,1,2,29.0,29.0,28,30,29.9,1.4
2025-11-01,SUP-016,Supplier 016,Brazil,LATAM,0.66,PLT-07,Seoul Tech,South Korea,APAC,SMB,USA,1,1,31.0,31.0,31,31,31.0,
2025-11-01,SUP-016,Supplier 016,Brazil,LATAM,0.66,PLT-09,Hanoi Assembly,Vietnam,APAC,Government,France,1,1,32.0,32.0,32,32,32.0,
2025-11-01,SUP-016,Supplier 016,Brazil,LATAM,0.66,PLT-07,Seoul Tech,South Korea,APAC,SMB,France,1,1,31.0,31.0,31,31,31.0,
2025-11-01,SUP-016,Supplier 016,Brazil,LATAM,0.66,PLT-02,Detroit Works,USA,NA,Enterprise,Germany,1,1,26.0,26.0,26,26,26.0,
2025-11-01,SUP-016,Supplier 016,Brazil,LATAM,0.66,PLT-03,Tokyo Precision,Japan,APAC,SMB,Germany,1,1,27.0,27.0,27,27,27.0,
2025-11-01,SUP-016,Supplier 016,Brazil,LATAM,0.66,PLT-08,Taipei Micro,Taiwan,APAC,Government,USA,1,1,32.0,32.0,32,32,32.0,
2025-11-01,SUP-017,Supplier 017,South Korea,APAC,0.89,PLT-01,Munich Center,Germany,EMEA,Enterprise,Germany,1,1,24.0,24.0,24,24,24.0,
2025-11-01,SUP-017,Supplier 017,South Korea,APAC,0.89,PLT-08,Taipei Micro,Taiwan,APAC,Enterprise,Singapore,1,1,30.0,30.0,30,30,30.0,
2025-11-01,SUP-017,Supplier 017,South Korea,APAC,0.89,PLT-05,Monterrey Plant,Mexico,LATAM,SMB,Australia,1,1,24.0,24.0,24,24,24.0,
2025-11-01,SUP-017,Supplier 017,South Korea,APAC,0.89,PLT-05,Monterrey Plant,Mexico,LATAM,SMB,Singapore,1,1,27.0,27.0,27,27,27.0,
2025-11-01,SUP-017,Supplier 017,South Korea,APAC,0.89,PLT-09,Hanoi Assembly,Vietnam,APAC,Enterprise,Singapore,1,2,33.5,33.5,32,35,34.9,2.1
2025-11-01,SUP-017,Supplier 017,South Korea,APAC,0.89,PLT-04,Chennai Forge,India,APAC,SMB,Australia,1,2,32.5,32.5,32,33,33.0,0.7
2025-11-01,SUP-018,Supplier 018,Taiwan,APAC,0.75,PLT-09,Hanoi Assembly,Vietnam,APAC,SMB,Singapore,1,1,35.0,35.0,35,35,35.0,
2025-11-01,SUP-018,Supplier 018,Taiwan,APAC,0.75,PLT-00,Shanghai Hub,China,APAC,SMB,Singapore,1,1,37.0,37.0,37,37,37.0,
2025-11-01,SUP-018,Supplier 018,Taiwan,APAC,0.75,PLT-08,Taipei Micro,Taiwan,APAC,Enterprise,Germany,1,1,37.0,37.0,37,37,37.0,
2025-11-01,SUP-018,Supplier 018,Taiwan,APAC,0.75,PLT-04,Chennai Forge,India,APAC,SMB,Canada,1,1,34.0,34.0,34,34,34.0,
2025-11-01,SUP-018,Supplier 018,Taiwan,APAC,0.75,PLT-05,Monterrey Plant,Mexico,LATAM,Government,Canada,1,1,36.0,36.0,36,36,36.0,
2025-11-01,SUP-018,Supplier 018,Taiwan,APAC,0.75,PLT-07,Seoul Tech,South Korea,APAC,Enterprise,Canada,1,2,39.0,39.0,36,42,41.7,4.2
2025-11-01,SUP-019,Supplier 019,Vietnam,APAC,0.57,PLT-03,Tokyo Precision,Japan,APAC,SMB,Singapore,1,1,37.0,37.0,37,37,37.0,
2025-11-01,SUP-019,Supplier 019,Vietnam,APAC,0.57,PLT-02,Detroit Works,USA,NA,SMB,UK,1,2,30.5,30.5,29,32,31.9,2.1
2025-11-01,SUP-019,Supplier 019,Vietnam,APAC,0.57,PLT-06,Sao Paulo Ops,Brazil,LATAM,SMB,Germany,1,1,34.0,34.0,34,34,34.0,
2025-11-01,SUP-019,Supplier 019,Vietnam,APAC,0.57,PLT-00,Shanghai Hub,China,APAC,Enterprise,Germany,1,1,33.0,33.0,33,33,33.0,
2025-11-01,SUP-019,Supplier 019,Vietnam,APAC,0.57,PLT-01,Munich Center,Germany,EMEA,Enterprise,USA,1,1,35.0,35.0,35,35,35.0,
2025-11-01,SUP-020,Supplier 020,China,APAC,0.6,PLT-08,Taipei Micro,Taiwan,APAC,Enterprise,Japan,1,1,27.0,27.0,27,27,27.0,
2025-11-01,SUP-020,Supplier 020,China,APAC,0.6,PLT-03,Tokyo Precision,Japan,APAC,SMB,Singapore,1,1,28.0,28.0,28,28,28.0,
2025-11-01,SUP-020,Supplier 020,China,APAC,0.6,PLT-05,Monterrey Plant,Mexico,LATAM,Government,UK,1,1,21.0,21.0,21,21,21.0,
2025-11-01,SUP-020,Supplier 020,China,APAC,0.6,PLT-03,Tokyo Precision,Japan,APAC,SMB,Canada,1,2,31.0,31.0,28,34,33.7,4.2
2025-11-01,SUP-020,Supplier 020,China,APAC,0.6,PLT-01,Munich Center,Germany,EMEA,SMB,USA,1,1,23.0,23.0,23,23,23.0,
2025-11-01,SUP-020,Supplier 020,China,APAC,0.6,PLT-08,Taipei Micro,Taiwan,APAC,Enterprise,Canada,1,1,26.0,26.0,26,26,26.0,
2025-11-01,SUP-020,Supplier 020,China,APAC,0.6,PLT-09,Hanoi Assembly,Vietnam,APAC,Enterprise,Japan,1,1,26.0,26.0,26,26,26.0,
2025-11-01,SUP-020,Supplier 020,China,APAC,0.6,PLT-06,Sao Paulo Ops,Brazil,LATAM,Government,Canada,1,1,25.0,25.0,25,25,25.0,
2025-11-01,SUP-021,Supplier 021,Germany,EMEA,0.75,PLT-04,Chennai Forge,India,APAC,Government,USA,1,1,24.0,24.0,24,24,24.0,
2025-11-01,SUP-021,Supplier 021,Germany,EMEA,0.75,PLT-07,Seoul Tech,South Korea,APAC,Government,Germany,1,1,23.0,23.0,23,23,23.0,
2025-11-01,SUP-021,Supplier 021,Germany,EMEA,0.75,PLT-01,Munich Center,Germany,EMEA,Enterprise,Australia,1,1,24.0,24.0,24,24,24.0,
2025-11-01,SUP-021,Supplier 021,Germany,EMEA,0.75,PLT-01,Munich Center,Germany,EMEA,SMB,UK,1,1,19.0,19.0,19,19,19.0,
2025-11-01,SUP-021,Supplier 021,Germany,EMEA,0.75,PLT-02,Detroit Works,USA,NA,Enterprise,Japan,1,1,20.0,20.0,20,20,20.0,
2025-11-01,SUP-021,Supplier 021,Germany,EMEA,0.75,PLT-03,Tokyo Precision,Japan,APAC,SMB,Singapore,1,2,26.5,26.5,23,30,29.7,4.9
2025-11-01,SUP-021,Supplier 021,Germany,EMEA,0.75,PLT-07,Seoul Tech,South Korea,APAC,Government,Canada,1,1,23.0,23.0,23,23,23.0,
2025-11-01,SUP-022,Supplier 022,USA,NA,0.8,PLT-08,Taipei Micro,Taiwan,APAC,SMB,Singapore,1,1,18.0,18.0,18,18,18.0,
2025-11-01,SUP-022,Supplier 022,USA,NA,0.8,PLT-04,Chennai Forge,India,APAC,Enterprise,USA,1,2,18.0,18.0,16,20,19.8,2.8
2025-11-01,SUP-022,Supplier 022,USA,NA,0.8,PLT-05,Monterrey Plant,Mexico,LATAM,Government,USA,1,1,15.0,15.0,15,15,15.0,
2025-11-01,SUP-022,Supplier 022,USA,NA,0.8,PLT-07,Seoul Tech,South Korea,APAC,SMB,USA,1,1,16.0,16.0,16,16,16.0,
2025-11-01,SUP-023,Supplier 023,Japan,APAC,0.98,PLT-05,Monterrey Plant,Mexico,LATAM,Government,Singapore,1,1,32.0,32.0,32,32,32.0,
2025-11-01,SUP-023,Supplier 023,Japan,APAC,0.98,PLT-00,Shanghai Hub,China,APAC,SMB,France,1,1,34.0,34.0,34,34,34.0,
2025-11-01,SUP-023,Supplier 023,Japan,APAC,0.98,PLT-08,Taipei Micro,Taiwan,APAC,SMB,Australia,1,1,36.0,36.0,36,36,36.0,
2025-11-01,SUP-023,Supplier 023,Japan,APAC,0.98,PLT-07,Seoul Tech,South Korea,APAC,SMB,Canada,1,2,35.5,35.5,31,40,39.6,6.4
2025-11-01,SUP-023,Supplier 023,Japan,APAC,0.98,PLT-01,Munich Center,Germany,EMEA,Enterprise,Canada,1,1,30.0,30.0,30,30,30.0,
2025-11-01,SUP-024,Supplier 024,India,APAC,0.89,PLT-08,Taipei Micro,Taiwan,APAC,Enterprise,Canada,1,1,28.0,28.0,28,28,28.0,
2025-11-01,SUP-024,Supplier 024,India,APAC,0.89,PLT-06,Sao Paulo Ops,Brazil,LATAM,Government,France,1,1,29.0,29.0,29,29,29.0,
2025-11-01,SUP-024,Supplier 024,India,APAC,0.89,PLT-01,Munich Center,Germany,EMEA,Enterprise,Japan,1,2,33.0,33.0,30,36,35.7,4.2
2025-11-01,SUP-024,Supplier 024,India,APAC,0.89,PLT-08,Taipei Micro,Taiwan,APAC,SMB,France,1,2,35.5,35.5,31,40,39.6,6.4
2025-11-01,SUP-024,Supplier 024,India,APAC,0.89,PLT-02,Detroit Works,USA,NA,SMB,Australia,1,1,26.0,26.0,26,26,26.0,
2025-11-01,SUP-024,Supplier 024,India,APAC,0.89,PLT-07,Seoul Tech,South Korea,APAC,SMB,Singapore,1,1,30.0,30.0,30,30,30.0,
2025-11-01,SUP-024,Supplier 024,India,APAC,0.89,PLT-00,Shanghai Hub,China,APAC,SMB,USA,1,1,31.0,31.0,31,31,31.0,
2025-11-01,SUP-025,Supplier 025,Mexico,LATAM,0.71,PLT-09,Hanoi Assembly,Vietnam,APAC,SMB,USA,1,1,31.0,31.0,31,31,31.0,
2025-11-01,SUP-025,Supplier 025,Mexico,LATAM,0.71,PLT-00,Shanghai Hub,China,APAC,SMB,France,1,2,31.0,31.0,30,32,31.9,1.4
2025-11-01,SUP-025,Supplier 025,Mexico,LATAM,0.71,PLT-06,Sao Paulo Ops,Brazil,LATAM,SMB,Singapore,1,1,26.0,26.0,26,26,26.0,
2025-11-01,SUP-025,Supplier 025,Mexico,LATAM,0.71,PLT-04,Chennai Forge,India,APAC,Government,Canada,1,1,32.0,32.0,32,32,32.0,
2025-11-01,SUP-026,Supplier 026,Brazil,LATAM,0.73,PLT-08,Taipei Micro,Taiwan,APAC,SMB,Singapore,1,1,31.0,31.0,31,31,31.0,
2025-11-01,SUP-026,Supplier 026,Brazil,LATAM,0.73,PLT-07,Seoul Tech,South Korea,APAC,Enterprise,USA,1,1,22.0,22.0,22,22,22.0,
2025-11-01,SUP-026,Supplier 026,Brazil,LATAM,0.73,PLT-09,Hanoi Assembly,Vietnam,APAC,Government,UK,1,1,23.0,23.0,23,23,23.0,
2025-11-01,SUP-026,Supplier 026,Brazil,LATAM,0.73,PLT-05,Monterrey Plant,Mexico,LATAM,Government,UK,1,1,22.0,22.0,22,22,22.0,
2025-11-01,SUP-027,Supplier 027,South Korea,APAC,0.94,PLT-01,Munich Center,Germany,EMEA,SMB,Singapore,1,1,27.0,27.0,27,27,27.0,
2025-11-01,SUP-027,Supplier 027,South Korea,APAC,0.94,PLT-08,Taipei Micro,Taiwan,APAC,SMB,Germany,1,1,29.0,29.0,29,29,29.0,
2025-11-01,SUP-027,Supplier 027,South Korea,APAC,0.94,PLT-00,Shanghai Hub,China,APAC,Government,Germany,1,1,32.0,32.0,32,32,32.0,
2025-11-01,SUP-027,Supplier 027,South Korea,APAC,0.94,PLT-08,Taipei Micro,Taiwan,APAC,Enterprise,USA,1,1,31.0,31.0,31,31,31.0,
2025-11-01,SUP-027,Supplier 027,South Korea,APAC,0.94,PLT-00,Shanghai Hub,China,APAC,Enterprise,UK,1,1,34.0,34.0,34,34,34.0,
2025-11-01,SUP-028,Supplier 028,Taiwan,APAC,0.84,PLT-06,Sao Paulo Ops,Brazil,LATAM,SMB,Canada,1,2,32.0,32.0,29,35,34.7,4.2
2025-11-01,SUP-028,Supplier 028,Taiwan,APAC,0.84,PLT-04,Chennai Forge,India,APAC,SMB,Singapore,1,1,35.0,35.0,35,35,35.0,
2025-11-01,SUP-028,Supplier 028,Taiwan,APAC,0.84,PLT-07,Seoul Tech,South Korea,APAC,SMB,Singapore,1,1,30.0,30.0,30,30,30.0,
2025-11-01,SUP-028,Supplier 028,Taiwan,APAC,0.84,PLT-08,Taipei Micro,Taiwan,APAC,Enterprise,Singapore,1,1,33.0,33.0,33,33,33.0,
2025-11-01,SUP-028,Supplier 028,Taiwan,APAC,0.84,PLT-02,Detroit Works,USA,NA,SMB,Germany,1,1,27.0,27.0,27,27,27.0,
2025-11-01,SUP-028,Supplier 028,Taiwan,APAC,0.84,PLT-08,Taipei Micro,Taiwan,APAC,Enterprise,UK,1,1,34.0,34.0,34,34,34.0,
2025-11-01,SUP-028,Supplier 028,Taiwan,APAC,0.84,PLT-00,Shanghai Hub,China,APAC,Government,Australia,1,1,32.0,32.0,32,32,32.0,
2025-11-01,SUP-029,Supplier 029,Vietnam,APAC,0.51,PLT-02,Detroit Works,USA,NA,SMB,Australia,1,1,17.0,17.0,17,17,17.0,
2025-11-01,SUP-029,Supplier 029,Vietnam,APAC,0.51,PLT-00,Shanghai Hub,China,APAC,Enterprise,Japan,1,2,31.5,31.5,29,34,33.8,3.5
2025-11-01,SUP-029,Supplier 029,Vietnam,APAC,0.51,PLT-09,Hanoi Assembly,Vietnam,APAC,SMB,Singapore,1,1,24.0,24.0,24,24,24.0,
2025-11-01,SUP-029,Supplier 029,Vietnam,APAC,0.51,PLT-09,Hanoi Assembly,Vietnam,APAC,Enterprise,USA,1,1,29.0,29.0,29,29,29.0,
2025-11-01,SUP-029,Supplier 029,Vietnam,APAC,0.51,PLT-05,Monterrey Plant,Mexico,LATAM,SMB,France,1,1,22.0,22.0,22,22,22.0,
2025-11-01,SUP-030,Supplier 030,China,APAC,0.59,PLT-05,Monterrey Plant,Mexico,LATAM,SMB,Australia,1,1,31.0,31.0,31,31,31.0,
2025-11-01,SUP-030,Supplier 030,China,APAC,0.59,PLT-04,Chennai Forge,India,APAC,SMB,Germany,1,1,32.0,32.0,32,32,32.0,
2025-11-01,SUP-030,Supplier 030,China,APAC,0.59,PLT-07,Seoul Tech,South Korea,APAC,SMB,UK,1,1,33.0,33.0,33,33,33.0,
2025-11-01,SUP-030,Supplier 030,China,APAC,0.59,PLT-06,Sao Paulo Ops,Brazil,LATAM,SMB,France,1,1,23.0,23.0,23,23,23.0,
2025-11-01,SUP-030,Supplier 030,China,APAC,0.59,PLT-03,Tokyo Precision,Japan,APAC,Enterprise,Germany,1,2,30.5,30.5,26,35,34.6,6.4
2025-11-01,SUP-031,Supplier 031,Germany,EMEA,0.92,PLT-01,Munich Center,Germany,EMEA,SMB,Singapore,1,1,23.0,23.0,23,23,23.0,
2025-11-01,SUP-031,Supplier 031,Germany,EMEA,0.92,PLT-02,Detroit Works,USA,NA,SMB,Singapore,1,1,18.0,18.0,18,18,18.0,
2025-11-01,SUP-031,Supplier 031,Germany,EMEA,0.92,PLT-04,Chennai Forge,India,APAC,SMB,Japan,1,1,21.0,21.0,21,21,21.0,
2025-11-01,SUP-031,Supplier 031,Germany,EMEA,0.92,PLT-04,Chennai Forge,India,APAC,Government,USA,1,1,26.0,26.0,26,26,26.0,
2025-11-01,SUP-031,Supplier 031,Germany,EMEA,0.92,PLT-00,Shanghai Hub,China,APAC,Enterprise,Canada,1,1,29.0,29.0,29,29,29.0,
2025-11-01,SUP-031,Supplier 031,Germany,EMEA,0.92,PLT-02,Detroit Works,USA,NA,SMB,Canada,1,1,21.0,21.0,21,21,21.0,
2025-11-01,SUP-031,Supplier 031,Germany,EMEA,0.92,PLT-05,Monterrey Plant,Mexico,LATAM,Government,Singapore,1,1,24.0,24.0,24,24,24.0,
2025-11-01,SUP-031,Supplier 031,Germany,EMEA,0.92,PLT-03,Tokyo Precision,Japan,APAC,Enterprise,USA,1,1,21.0,21.0,21,21,21.0,
2025-11-01,SUP-031,Supplier 031,Germany,EMEA,0.92,PLT-09,Hanoi Assembly,Vietnam,APAC,SMB,Australia,1,1,29.0,29.0,29,29,29.0,
2025-11-01,SUP-031,Supplier 031,Germany,EMEA,0.92,PLT-08,Taipei Micro,Taiwan,APAC,SMB,Canada,1,2,30.5,30.5,27,34,33.7,4.9
2025-11-01,SUP-032,Supplier 032,USA,NA,0.78,PLT-04,Chennai Forge,India,APAC,SMB,UK,1,1,22.0,22.0,22,22,22.0,
2025-11-01,SUP-032,Supplier 032,USA,NA,0.78,PLT-07,Seoul Tech,South Korea,APAC,Government,USA,1,1,20.0,20.0,20,20,20.0,
2025-11-01,SUP-032,Supplier 032,USA,NA,0.78,PLT-00,Shanghai Hub,China,APAC,Government,Japan,1,1,18.0,18.0,18,18,18.0,
2025-11-01,SUP-032,Supplier 032,USA,NA,0.78,PLT-00,Shanghai Hub,China,APAC,Enterprise,USA,1,1,20.0,20.0,20,20,20.0,
2025-11-01,SUP-032,Supplier 032,USA,NA,0.78,PLT-02,Detroit Works,USA,NA,SMB,Singapore,1,2,13.0,13.0,9,17,16.6,5.7
2025-11-01,SUP-032,Supplier 032,USA,NA,0.78,PLT-06,Sao Paulo Ops,Brazil,LATAM,Enterprise,Germany,1,2,16.0,16.0,15,17,16.9,1.4
2025-11-01,SUP-032,Supplier 032,USA,NA,0.78,PLT-04,Chennai Forge,India,APAC,Enterprise,Canada,1,2,18.5,18.5,16,21,20.8,3.5
2025-11-01,SUP-032,Supplier 032,USA,NA,0.78,PLT-02,Detroit Works,USA,NA,SMB,Germany,1,1,13.0,13.0,13,13,13.0,
2025-11-01,SUP-032,Supplier 032,USA,NA,0.78,PLT-07,Seoul Tech,South Korea,APAC,Government,France,1,1,18.0,18.0,18,18,18.0,
2025-11-01,SUP-032,Supplier 032,USA,NA,0.78,PLT-05,Monterrey Plant,Mexico,LATAM,SMB,Japan,1,2,20.0,20.0,13,27,26.3,9.9
2025-11-01,SUP-032,Supplier 032,USA,NA,0.78,PLT-02,Detroit Works,USA,NA,Enterprise,Canada,1,2,17.0,17.0,15,19,18.8,2.8
2025-11-01,SUP-032,Supplier 032,USA,NA,0.78,PLT-02,Detroit Works,USA,NA,Government,Japan,1,1,14.0,14.0,14,14,14.0,
2025-11-01,SUP-033,Supplier 033,Japan,APAC,0.5,PLT-00,Shanghai Hub,China,APAC,Government,USA,1,1,25.0,25.0,25,25,25.0,
2025-11-01,SUP-033,Supplier 033,Japan,APAC,0.5,PLT-07,Seoul Tech,South Korea,APAC,Enterprise,USA,1,1,30.0,30.0,30,30,30.0,
2025-11-01,SUP-033,Supplier 033,Japan,APAC,0.5,PLT-04,Chennai Forge,India,APAC,SMB,Singapore,1,1,22.0,22.0,22,22,22.0,
2025-11-01,SUP-033,Supplier 033,Japan,APAC,0.5,PLT-06,Sao Paulo Ops,Brazil,LATAM,Enterprise,USA,1,1,23.0,23.0,23,23,23.0,
2025-11-01,SUP-033,Supplier 033,Japan,APAC,0.5,PLT-05,Monterrey Plant,Mexico,LATAM,Enterprise,Singapore,1,1,26.0,26.0,26,26,26.0,
2025-11-01,SUP-033,Supplier 033,Japan,APAC,0.5,PLT-00,Shanghai Hub,China,APAC,Government,Singapore,1,1,27.0,27.0,27,27,27.0,
2025-11-01,SUP-033,Supplier 033,Japan,APAC,0.5,PLT-08,Taipei Micro,Taiwan,APAC,Enterprise,Canada,1,1,24.0,24.0,24,24,24.0,
2025-11-01,SUP-033,Supplier 033,Japan,APAC,0.5,PLT-07,Seoul Tech,South Korea,APAC,Enterprise,UK,1,2,27.5,27.5,20,35,34.3,10.6
2025-11-01,SUP-033,Supplier 033,Japan,APAC,0.5,PLT-00,Shanghai Hub,China,APAC,SMB,Australia,1,1,22.0,22.0,22,22,22.0,
2025-11-01,SUP-034,Supplier 034,India,APAC,0.95,PLT-07,Seoul Tech,South Korea,APAC,Government,Japan,1,2,26.0,26.0,20,32,31.4,8.5
2025-11-01,SUP-034,Supplier 034,India,APAC,0.95,PLT-00,Shanghai Hub,China,APAC,Enterprise,Germany,1,1,21.0,21.0,21,21,21.0,
2025-11-01,SUP-034,Supplier 034,India,APAC,0.95,PLT-00,Shanghai Hub,China,APAC,Government,USA,1,1,24.0,24.0,24,24,24.0,
2025-11-01,SUP-034,Supplier 034,India,APAC,0.95,PLT-04,Chennai Forge,India,APAC,SMB,Singapore,1,1,20.0,20.0,20,20,20.0,
2025-11-01,SUP-034,Supplier 034,India,APAC,0.95,PLT-03,Tokyo Precision,Japan,APAC,Government,USA,1,1,23.0,23.0,23,23,23.0,
2025-11-01,SUP-034,Supplier 034,India,APAC,0.95,PLT-02,Detroit Works,USA,NA,SMB,UK,1,1,20.0,20.0,20,20,20.0,
2025-11-01,SUP-034,Supplier 034,India,APAC,0.95,PLT-02,Detroit Works,USA,NA,Government,UK,1,1,17.0,17.0,17,17,17.0,
2025-11-01,SUP-034,Supplier 034,India,APAC,0.95,PLT-08,Taipei Micro,Taiwan,APAC,SMB,Singapore,1,1,25.0,25.0,25,25,25.0,
2025-11-01,SUP-034,Supplier 034,India,APAC,0.95,PLT-06,Sao Paulo Ops,Brazil,LATAM,Government,France,1,1,23.0,23.0,23,23,23.0,
2025-11-01,SUP-034,Supplier 034,India,APAC,0.95,PLT-04,Chennai Forge,India,APAC,SMB,USA,1,1,21.0,21.0,21,21,21.0,
2025-11-01,SUP-035,Supplier 035,Mexico,LATAM,0.77,PLT-06,Sao Paulo Ops,Brazil,LATAM,Enterprise,USA,1,1,21.0,21.0,21,21,21.0,
2025-11-01,SUP-035,Supplier 035,Mexico,LATAM,0.77,PLT-04,Chennai Forge,India,APAC,Government,Japan,1,1,23.0,23.0,23,23,23.0,
2025-11-01,SUP-035,Supplier 035,Mexico,LATAM,0.77,PLT-03,Tokyo Precision,Japan,APAC,SMB,Singapore,1,2,25.5,25.5,25,26,26.0,0.7
2025-11-01,SUP-035,Supplier 035,Mexico,LATAM,0.77,PLT-00,Shanghai Hub,China,APAC,SMB,USA,1,1,24.0,24.0,24,24,24.0,
2025-11-01,SUP-035,Supplier 035,Mexico,LATAM,0.77,PLT-03,Tokyo Precision,Japan,APAC,SMB,Germany,1,1,20.0,20.0,20,20,20.0,
2025-11-01,SUP-035,Supplier 035,Mexico,LATAM,0.77,PLT-06,Sao Paulo Ops,Brazil,LATAM,SMB,Canada,1,2,22.5,22.5,22,23,23.0,0.7
2025-11-01,SUP-036,Supplier 036,Brazil,LATAM,0.76,PLT-02,Detroit Works,USA,NA,Enterprise,Singapore,1,2,17.0,17.0,15,19,18.8,2.8
2025-11-01,SUP-036,Supplier 036,Brazil,LATAM,0.76,PLT-01,Munich Center,Germany,EMEA,SMB,France,1,1,18.0,18.0,18,18,18.0,
2025-11-01,SUP-036,Supplier 036,Brazil,LATAM,0.76,PLT-07,Seoul Tech,South Korea,APAC,Government,Germany,1,1,17.0,17.0,17,17,17.0,
2025-11-01,SUP-036,Supplier 036,Brazil,LATAM,0.76,PLT-04,Chennai Forge,India,APAC,Government,UK,1,1,22.0,22.0,22,22,22.0,
2025-11-01,SUP-037,Supplier 037,South Korea,APAC,0.7,PLT-02,Detroit Works,USA,NA,Government,Germany,1,2,23.5,23.5,19,28,27.6,6.4
2025-11-01,SUP-037,Supplier 037,South Korea,APAC,0.7,PLT-00,Shanghai Hub,China,APAC,SMB,Japan,1,2,29.0,29.0,24,34,33.5,7.1
2025-11-01,SUP-037,Supplier 037,South Korea,APAC,0.7,PLT-06,Sao Paulo Ops,Brazil,LATAM,Enterprise,Germany,1,1,27.0,27.0,27,27,27.0,
2025-11-01,SUP-037,Supplier 037,South Korea,APAC,0.7,PLT-07,Seoul Tech,South Korea,APAC,Enterprise,Japan,1,2,31.0,31.0,28,34,33.7,4.2
2025-11-01,SUP-038,Supplier 038,Taiwan,APAC,0.95,PLT-00,Shanghai Hub,China,APAC,Government,USA,1,1,26.0,26.0,26,26,26.0,
2025-11-01,SUP-038,Supplier 038,Taiwan,APAC,0.95,PLT-07,Seoul Tech,South Korea,APAC,SMB,Australia,1,2,31.5,31.5,31,32,32.0,0.7
2025-11-01,SUP-038,Supplier 038,Taiwan,APAC,0.95,PLT-02,Detroit Works,USA,NA,SMB,Singapore,1,1,24.0,24.0,24,24,24.0,
2025-11-01,SUP-038,Supplier 038,Taiwan,APAC,0.95,PLT-03,Tokyo Precision,Japan,APAC,Enterprise,USA,1,1,29.0,29.0,29,29,29.0,
2025-11-01,SUP-039,Supplier 039,Vietnam,APAC,0.68,PLT-01,Munich Center,Germany,EMEA,Enterprise,Canada,1,1,20.0,20.0,20,20,20.0,
2025-11-01,SUP-039,Supplier 039,Vietnam,APAC,0.68,PLT-07,Seoul Tech,South Korea,APAC,SMB,Japan,1,1,25.0,25.0,25,25,25.0,
2025-11-01,SUP-039,Supplier 039,Vietnam,APAC,0.68,PLT-09,Hanoi Assembly,Vietnam,APAC,Enterprise,USA,1,2,26.0,26.0,20,32,31.4,8.5
2025-11-01,SUP-039,Supplier 039,Vietnam,APAC,0.68,PLT-01,Munich Center,Germany,EMEA,SMB,Canada,1,1,18.0,18.0,18,18,18.0,
2025-11-01,SUP-039,Supplier 039,Vietnam,APAC,0.68,PLT-02,Detroit Works,USA,NA,Government,Germany,1,1,16.0,16.0,16,16,16.0,
2025-11-01,SUP-039,Supplier 039,Vietnam,APAC,0.68,PLT-07,Seoul Tech,South Korea,APAC,Enterprise,Japan,1,2,25.0,25.0,23,27,26.8,2.8
2025-11-01,SUP-039,Supplier 039,Vietnam,APAC,0.68,PLT-09,Hanoi Assembly,Vietnam,APAC,Government,Australia,1,1,27.0,27.0,27,27,27.0,
2025-11-01,SUP-039,Supplier 039,Vietnam,APAC,0.68,PLT-03,Tokyo Precision,Japan,APAC,Enterprise,France,1,2,26.0,26.0,21,31,30.5,7.1
2025-11-01,SUP-039,Supplier 039,Vietnam,APAC,0.68,PLT-00,Shanghai Hub,China,APAC,Government,USA,1,1,22.0,22.0,22,22,22.0,
2025-11-01,SUP-039,Supplier 039,Vietnam,APAC,0.68,PLT-06,Sao Paulo Ops,Brazil,LATAM,Government,Australia,1,1,21.0,21.0,21,21,21.0,
2025-11-01,SUP-039,Supplier 039,Vietnam,APAC,0.68,PLT-01,Munich Center,Germany,EMEA,Enterprise,Japan,1,1,24.0,24.0,24,24,24.0,
2025-11-01,SUP-040,Supplier 040,China,APAC,0.96,PLT-03,Tokyo Precision,Japan,APAC,Government,Germany,1,1,24.0,24.0,24,24,24.0,
2025-11-01,SUP-040,Supplier 040,China,APAC,0.96,PLT-06,Sao Paulo Ops,Brazil,LATAM,Enterprise,Germany,1,1,19.0,19.0,19,19,19.0,
2025-11-01,SUP-040,Supplier 040,China,APAC,0.96,PLT-05,Monterrey Plant,Mexico,LATAM,SMB,Australia,1,1,21.0,21.0,21,21,21.0,
2025-11-01,SUP-040,Supplier 040,China,APAC,0.96,PLT-02,Detroit Works,USA,NA,SMB,Singapore,1,1,15.0,15.0,15,15,15.0,
2025-11-01,SUP-040,Supplier 040,China,APAC,0.96,PLT-02,Detroit Works,USA,NA,Government,USA,1,2,20.0,20.0,18,22,21.8,2.8
2025-11-01,SUP-041,Supplier 041,Germany,EMEA,0.64,PLT-03,Tokyo Precision,Japan,APAC,SMB,Canada,1,2,29.0,29.0,23,35,34.4,8.5
2025-11-01,SUP-041,Supplier 041,Germany,EMEA,0.64,PLT-06,Sao Paulo Ops,Brazil,LATAM,Enterprise,Japan,1,1,30.0,30.0,30,30,30.0,
2025-11-01,SUP-041,Supplier 041,Germany,EMEA,0.64,PLT-08,Taipei Micro,Taiwan,APAC,Enterprise,Japan,1,1,23.0,23.0,23,23,23.0,
2025-11-01,SUP-041,Supplier 041,Germany,EMEA,0.64,PLT-04,Chennai Forge,India,APAC,Enterprise,Australia,1,1,27.0,27.0,27,27,27.0,
2025-11-01,SUP-041,Supplier 041,Germany,EMEA,0.64,PLT-09,Hanoi Assembly,Vietnam,APAC,SMB,France,1,1,29.0,29.0,29,29,29.0,
2025-11-01,SUP-041,Supplier 041,Germany,EMEA,0.64,PLT-07,Seoul Tech,South Korea,APAC,Enterprise,Japan,1,1,24.0,24.0,24,24,24.0,
2025-11-01,SUP-041,Supplier 041,Germany,EMEA,0.64,PLT-07,Seoul Tech,South Korea,APAC,SMB,Australia,1,1,24.0,24.0,24,24,24.0,
2025-11-01,SUP-042,Supplier 042,USA,NA,0.91,PLT-04,Chennai Forge,India,APAC,SMB,UK,1,1,14.0,14.0,14,14,14.0,
2025-11-01,SUP-043,Supplier 043,Japan,APAC,0.98,PLT-05,Monterrey Plant,Mexico,LATAM,SMB,Singapore,1,1,26.0,26.0,26,26,26.0,
2025-11-01,SUP-043,Supplier 043,Japan,APAC,0.98,PLT-09,Hanoi Assembly,Vietnam,APAC,SMB,Canada,1,1,26.0,26.0,26,26,26.0,
2025-11-01,SUP-043,Supplier 043,Japan,APAC,0.98,PLT-07,Seoul Tech,South Korea,APAC,SMB,Singapore,1,1,27.0,27.0,27,27,27.0,
2025-11-01,SUP-044,Supplier 044,India,APAC,0.55,PLT-09,Hanoi Assembly,Vietnam,APAC,SMB,Singapore,1,1,27.0,27.0,27,27,27.0,
2025-11-01,SUP-044,Supplier 044,India,APAC,0.55,PLT-03,Tokyo Precision,Japan,APAC,SMB,UK,1,2,26.5,26.5,24,29,28.8,3.5
2025-11-01,SUP-044,Supplier 044,India,APAC,0.55,PLT-03,Tokyo Precision,Japan,APAC,SMB,France,1,2,30.5,30.5,29,32,31.9,2.1
2025-11-01,SUP-044,Supplier 044,India,APAC,0.55,PLT-04,Chennai Forge,India,APAC,SMB,Canada,1,1,27.0,27.0,27,27,27.0,
2025-11-01,SUP-044,Supplier 044,India,APAC,0.55,PLT-05,Monterrey Plant,Mexico,LATAM,Government,USA,1,1,26.0,26.0,26,26,26.0,
2025-11-01,SUP-044,Supplier 044,India,APAC,0.55,PLT-09,Hanoi Assembly,Vietnam,APAC,Enterprise,Australia,1,1,27.0,27.0,27,27,27.0,
2025-11-01,SUP-045,Supplier 045,Mexico,LATAM,0.92,PLT-07,Seoul Tech,South Korea,APAC,SMB,UK,1,1,19.0,19.0,19,19,19.0,
2025-11-01,SUP-045,Supplier 045,Mexico,LATAM,0.92,PLT-02,Detroit Works,USA,NA,Enterprise,France,1,1,16.0,16.0,16,16,16.0,
2025-11-01,SUP-045,Supplier 045,Mexico,LATAM,0.92,PLT-00,Shanghai Hub,China,APAC,Enterprise,Canada,1,1,22.0,22.0,22,22,22.0,
2025-11-01,SUP-045,Supplier 045,Mexico,LATAM,0.92,PLT-06,Sao Paulo Ops,Brazil,LATAM,SMB,USA,1,1,20.0,20.0,20,20,20.0,
2025-11-01,SUP-045,Supplier 045,Mexico,LATAM,0.92,PLT-05,Monterrey Plant,Mexico,LATAM,Government,Germany,1,1,22.0,22.0,22,22,22.0,
2025-11-01,SUP-046,Supplier 046,Brazil,LATAM,0.96,PLT-09,Hanoi Assembly,Vietnam,APAC,SMB,Japan,1,1,28.0,28.0,28,28,28.0,
2025-11-01,SUP-046,Supplier 046,Brazil,LATAM,0.96,PLT-08,Taipei Micro,Taiwan,APAC,SMB,Japan,1,2,31.0,31.0,30,32,31.9,1.4
2025-11-01,SUP-047,Supplier 047,South Korea,APAC,0.59,PLT-09,Hanoi Assembly,Vietnam,APAC,Enterprise,Japan,1,2,36.5,36.5,31,42,41.5,7.8
2025-11-01,SUP-047,Supplier 047,South Korea,APAC,0.59,PLT-07,Seoul Tech,South Korea,APAC,SMB,Australia,1,1,32.0,32.0,32,32,32.0,
2025-11-01,SUP-047,Supplier 047,South Korea,APAC,0.59,PLT-07,Seoul Tech,South Korea,APAC,Enterprise,Australia,1,1,32.0,32.0,32,32,32.0,
2025-11-01,SUP-047,Supplier 047,South Korea,APAC,0.59,PLT-00,Shanghai Hub,China,APAC,SMB,Canada,1,1,36.0,36.0,36,36,36.0,
2025-11-01,SUP-048,Supplier 048,Taiwan,APAC,0.54,PLT-06,Sao Paulo Ops,Brazil,LATAM,SMB,Germany,1,2,33.5,33.5,28,39,38.5,7.8
2025-11-01,SUP-048,Supplier 048,Taiwan,APAC,0.54,PLT-03,Tokyo Precision,Japan,APAC,SMB,Japan,1,1,28.0,28.0,28,28,28.0,
2025-11-01,SUP-049,Supplier 049,Vietnam,APAC,0.75,PLT-00,Shanghai Hub,China,APAC,Enterprise,Germany,1,1,38.0,38.0,38,38,38.0,
2025-11-01,SUP-049,Supplier 049,Vietnam,APAC,0.75,PLT-06,Sao Paulo Ops,Brazil,LATAM,Government,UK,1,1,35.0,35.0,35,35,35.0,
2025-11-01,SUP-049,Supplier 049,Vietnam,APAC,0.75,PLT-00,Shanghai Hub,China,APAC,Enterprise,USA,1,1,35.0,35.0,35,35,35.0,
2025-11-01,SUP-049,Supplier 049,Vietnam,APAC,0.75,PLT-04,Chennai Forge,India,APAC,SMB,France,1,1,37.0,37.0,37,37,37.0,
2025-11-01,SUP-049,Supplier 049,Vietnam,APAC,0.75,PLT-04,Chennai Forge,India,APAC,SMB,Australia,1,1,38.0,38.0,38,38,38.0,
2025-11-01,SUP-049,Supplier 049,Vietnam,APAC,0.75,PLT-04,Chennai Forge,India,APAC,Enterprise,Japan,1,1,35.0,35.0,35,35,35.0,
2025-12-01,SUP-000,Supplier 000,China,APAC,0.85,PLT-04,Chennai Forge,India,APAC,Enterprise,Japan,1,1,21.0,21.0,21,21,21.0,
2025-12-01,SUP-000,Supplier 000,China,APAC,0.85,PLT-05,Monterrey Plant,Mexico,LATAM,Government,USA,1,1,20.0,20.0,20,20,20.0,
2025-12-01,SUP-000,Supplier 000,China,APAC,0.85,PLT-02,Detroit Works,USA,NA,SMB,Australia,1,1,16.0,16.0,16,16,16.0,
2025-12-01,SUP-000,Supplier 000,China,APAC,0.85,PLT-01,Munich Center,Germany,EMEA,SMB,Singapore,1,1,18.0,18.0,18,18,18.0,
2025-12-01,SUP-000,Supplier 000,China,APAC,0.85,PLT-07,Seoul Tech,South Korea,APAC,Enterprise,Germany,1,1,22.0,22.0,22,22,22.0,
2025-12-01,SUP-000,Supplier 000,China,APAC,0.85,PLT-01,Munich Center,Germany,EMEA,Enterprise,Canada,1,1,17.0,17.0,17,17,17.0,
2025-12-01,SUP-000,Supplier 000,China,APAC,0.85,PLT-09,Hanoi Assembly,Vietnam,APAC,Government,Canada,1,1,25.0,25.0,25,25,25.0,
2025-12-01,SUP-001,Supplier 001,Germany,EMEA,0.7,PLT-02,Detroit Works,USA,NA,Government,Australia,1,2,13.5,13.5,11,16,15.8,3.5
2025-12-01,SUP-001,Supplier 001,Germany,EMEA,0.7,PLT-01,Munich Center,Germany,EMEA,Government,Japan,1,1,17.0,17.0,17,17,17.0,
2025-12-01,SUP-001,Supplier 001,Germany,EMEA,0.7,PLT-06,Sao Paulo Ops,Brazil,LATAM,SMB,Germany,1,1,22.0,22.0,22,22,22.0,
2025-12-01,SUP-001,Supplier 001,Germany,EMEA,0.7,PLT-00,Shanghai Hub,China,APAC,SMB,USA,1,1,24.0,24.0,24,24,24.0,
2025-12-01,SUP-001,Supplier 001,Germany,EMEA,0.7,PLT-07,Seoul Tech,South Korea,APAC,Government,France,1,1,20.0,20.0,20,20,20.0,
2025-12-01,SUP-001,Supplier 001,Germany,EMEA,0.7,PLT-02,Detroit Works,USA,NA,SMB,Canada,1,1,13.0,13.0,13,13,13.0,
2025-12-01,SUP-001,Supplier 001,Germany,EMEA,0.7,PLT-09,Hanoi Assembly,Vietnam,APAC,Government,Singapore,1,1,21.0,21.0,21,21,21.0,
2025-12-01,SUP-002,Supplier 002,USA,NA,0.74,PLT-04,Chennai Forge,India,APAC,Government,Germany,1,1,21.0,21.0,21,21,21.0,
2025-12-01,SUP-002,Supplier 002,USA,NA,0.74,PLT-09,Hanoi Assembly,Vietnam,APAC,SMB,Germany,1,1,17.0,17.0,17,17,17.0,
2025-12-01,SUP-003,Supplier 003,Japan,APAC,0.64,PLT-06,Sao Paulo Ops,Brazil,LATAM,Government,Singapore,1,1,30.0,30.0,30,30,30.0,
2025-12-01,SUP-003,Supplier 003,Japan,APAC,0.64,PLT-06,Sao Paulo Ops,Brazil,LATAM,Government,Germany,1,1,28.0,28.0,28,28,28.0,
2025-12-01,SUP-004,Supplier 004,India,APAC,0.69,PLT-05,Monterrey Plant,Mexico,LATAM,Enterprise,Canada,1,1,30.0,30.0,30,30,30.0,
2025-12-01,SUP-004,Supplier 004,India,APAC,0.69,PLT-08,Taipei Micro,Taiwan,APAC,SMB,Australia,1,1,28.0,28.0,28,28,28.0,
2025-12-01,SUP-004,Supplier 004,India,APAC,0.69,PLT-05,Monterrey Plant,Mexico,LATAM,SMB,USA,1,1,28.0,28.0,28,28,28.0,
2025-12-01,SUP-004,Supplier 004,India,APAC,0.69,PLT-04,Chennai Forge,India,APAC,SMB,Australia,1,1,33.0,33.0,33,33,33.0,
2025-12-01,SUP-004,Supplier 004,India,APAC,0.69,PLT-08,Taipei Micro,Taiwan,APAC,Enterprise,Japan,1,1,34.0,34.0,34,34,34.0,
2025-12-01,SUP-005,Supplier 005,Mexico,LATAM,0.77,PLT-04,Chennai Forge,India,APAC,Enterprise,USA,1,2,25.5,25.5,25,26,26.0,0.7
2025-12-01,SUP-005,Supplier 005,Mexico,LATAM,0.77,PLT-05,Monterrey Plant,Mexico,LATAM,Government,Australia,1,2,22.5,22.5,19,26,25.7,4.9
2025-12-01,SUP-005,Supplier 005,Mexico,LATAM,0.77,PLT-03,Tokyo Precision,Japan,APAC,Enterprise,Australia,1,1,24.0,24.0,24,24,24.0,
2025-12-01,SUP-005,Supplier 005,Mexico,LATAM,0.77,PLT-00,Shanghai Hub,China,APAC,Enterprise,Canada,1,1,23.0,23.0,23,23,23.0,
2025-12-01,SUP-005,Supplier 005,Mexico,LATAM,0.77,PLT-05,Monterrey Plant,Mexico,LATAM,Enterprise,Germany,1,1,18.0,18.0,18,18,18.0,
2025-12-01,SUP-005,Supplier 005,Mexico,LATAM,0.77,PLT-03,Tokyo Precision,Japan,APAC,SMB,France,1,1,23.0,23.0,23,23,23.0,
2025-12-01,SUP-005,Supplier 005,Mexico,LATAM,0.77,PLT-04,Chennai Forge,India,APAC,Government,UK,1,1,22.0,22.0,22,22,22.0,
2025-12-01,SUP-005,Supplier 005,Mexico,LATAM,0.77,PLT-01,Munich Center,Germany,EMEA,SMB,France,1,1,20.0,20.0,20,20,20.0,
2025-12-01,SUP-005,Supplier 005,Mexico,LATAM,0.77,PLT-02,Detroit Works,USA,NA,Enterprise,Canada,1,1,21.0,21.0,21,21,21.0,
2025-12-01,SUP-005,Supplier 005,Mexico,LATAM,0.77,PLT-06,Sao Paulo Ops,Brazil,LATAM,SMB,Australia,1,1,21.0,21.0,21,21,21.0,
2025-12-01,SUP-005,Supplier 005,Mexico,LATAM,0.77,PLT-02,Detroit Works,USA,NA,SMB,USA,1,2,23.0,23.0,20,26,25.7,4.2
2025-12-01,SUP-006,Supplier 006,Brazil,LATAM,0.61,PLT-04,Chennai Forge,India,APAC,SMB,UK,1,1,27.0,27.0,27,27,27.0,
2025-12-01,SUP-006,Supplier 006,Brazil,LATAM,0.61,PLT-05,Monterrey Plant,Mexico,LATAM,SMB,Singapore,1,1,25.0,25.0,25,25,25.0,
2025-12-01,SUP-006,Supplier 006,Brazil,LATAM,0.61,PLT-06,Sao Paulo Ops,Brazil,LATAM,SMB,Germany,1,2,34.5,34.5,34,35,35.0,0.7
2025-12-01,SUP-007,Supplier 007,South Korea,APAC,0.84,PLT-04,Chennai Forge,India,APAC,Government,Germany,1,1,27.0,27.0,27,27,27.0,
2025-12-01,SUP-007,Supplier 007,South Korea,APAC,0.84,PLT-01,Munich Center,Germany,EMEA,Enterprise,Canada,1,1,29.0,29.0,29,29,29.0,
2025-12-01,SUP-007,Supplier 007,South Korea,APAC,0.84,PLT-04,Chennai Forge,India,APAC,Enterprise,Japan,1,2,31.0,31.0,28,34,33.7,4.2
2025-12-01,SUP-007,Supplier 007,South Korea,APAC,0.84,PLT-06,Sao Paulo Ops,Brazil,LATAM,Government,Singapore,1,1,31.0,31.0,31,31,31.0,
2025-12-01,SUP-007,Supplier 007,South Korea,APAC,0.84,PLT-03,Tokyo Precision,Japan,APAC,SMB,Japan,1,2,31.0,31.0,25,37,36.4,8.5
2025-12-01,SUP-008,Supplier 008,Taiwan,APAC,0.73,PLT-06,Sao Paulo Ops,Brazil,LATAM,Government,Germany,1,1,23.0,23.0,23,23,23.0,
2025-12-01,SUP-008,Supplier 008,Taiwan,APAC,0.73,PLT-08,Taipei Micro,Taiwan,APAC,SMB,Canada,1,2,33.5,33.5,28,39,38.5,7.8
2025-12-01,SUP-008,Supplier 008,Taiwan,APAC,0.73,PLT-04,Chennai Forge,India,APAC,SMB,Canada,1,1,31.0,31.0,31,31,31.0,
2025-12-01,SUP-008,Supplier 008,Taiwan,APAC,0.73,PLT-01,Munich Center,Germany,EMEA,Enterprise,Canada,1,1,28.0,28.0,28,28,28.0,
2025-12-01,SUP-008,Supplier 008,Taiwan,APAC,0.73,PLT-09,Hanoi Assembly,Vietnam,APAC,Government,Germany,1,2,33.5,33.5,33,34,34.0,0.7
2025-12-01,SUP-008,Supplier 008,Taiwan,APAC,0.73,PLT-09,Hanoi Assembly,Vietnam,APAC,Enterprise,Japan,1,1,25.0,25.0,25,25,25.0,
2025-12-01,SUP-008,Supplier 008,Taiwan,APAC,0.73,PLT-09,Hanoi Assembly,Vietnam,APAC,SMB,USA,1,1,26.0,26.0,26,26,26.0,
2025-12-01,SUP-008,Supplier 008,Taiwan,APAC,0.73,PLT-03,Tokyo Precision,Japan,APAC,Government,UK,1,2,30.5,30.5,25,36,35.5,7.8
2025-12-01,SUP-008,Supplier 008,Taiwan,APAC,0.73,PLT-01,Munich Center,Germany,EMEA,Enterprise,USA,1,1,26.0,26.0,26,26,26.0,
2025-12-01,SUP-009,Supplier 009,Vietnam,APAC,1.0,PLT-00,Shanghai Hub,China,APAC,SMB,Japan,1,1,31.0,31.0,31,31,31.0,
2025-12-01,SUP-009,Supplier 009,Vietnam,APAC,1.0,PLT-04,Chennai Forge,India,APAC,SMB,Germany,1,1,26.0,26.0,26,26,26.0,
2025-12-01,SUP-009,Supplier 009,Vietnam,APAC,1.0,PLT-04,Chennai Forge,India,APAC,Enterprise,UK,1,2,35.0,35.0,32,38,37.7,4.2
2025-12-01,SUP-009,Supplier 009,Vietnam,APAC,1.0,PLT-03,Tokyo Precision,Japan,APAC,Government,USA,1,1,31.0,31.0,31,31,31.0,
2025-12-01,SUP-009,Supplier 009,Vietnam,APAC,1.0,PLT-09,Hanoi Assembly,Vietnam,APAC,Enterprise,Japan,1,1,26.0,26.0,26,26,26.0,
2025-12-01,SUP-009,Supplier 009,Vietnam,APAC,1.0,PLT-05,Monterrey Plant,Mexico,LATAM,SMB,Canada,1,2,31.0,31.0,27,35,34.6,5.7
2025-12-01,SUP-009,Supplier 009,Vietnam,APAC,1.0,PLT-00,Shanghai Hub,China,APAC,Enterprise,Japan,1,1,27.0,27.0,27,27,27.0,
2025-12-01,SUP-009,Supplier 009,Vietnam,APAC,1.0,PLT-08,Taipei Micro,Taiwan,APAC,Government,Japan,1,1,33.0,33.0,33,33,33.0,
2025-12-01,SUP-009,Supplier 009,Vietnam,APAC,1.0,PLT-07,Seoul Tech,South Korea,APAC,Government,USA,1,1,33.0,33.0,33,33,33.0,
2025-12-01,SUP-009,Supplier 009,Vietnam,APAC,1.0,PLT-03,Tokyo Precision,Japan,APAC,Government,Singapore,1,1,32.0,32.0,32,32,32.0,
2025-12-01,SUP-010,Supplier 010,China,APAC,0.76,PLT-04,Chennai Forge,India,APAC,Government,Japan,1,1,27.0,27.0,27,27,27.0,
2025-12-01,SUP-010,Supplier 010,China,APAC,0.76,PLT-02,Detroit Works,USA,NA,SMB,USA,1,1,22.0,22.0,22,22,22.0,
2025-12-01,SUP-010,Supplier 010,China,APAC,0.76,PLT-09,Hanoi Assembly,Vietnam,APAC,SMB,Canada,1,1,18.0,18.0,18,18,18.0,
2025-12-01,SUP-010,Supplier 010,China,APAC,0.76,PLT-01,Munich Center,Germany,EMEA,SMB,Germany,1,2,24.5,24.5,20,29,28.6,6.4
2025-12-01,SUP-010,Supplier 010,China,APAC,0.76,PLT-05,Monterrey Plant,Mexico,LATAM,SMB,UK,1,1,20.0,20.0,20,20,20.0,
2025-12-01,SUP-010,Supplier 010,China,APAC,0.76,PLT-06,Sao Paulo Ops,Brazil,LATAM,Enterprise,Canada,1,1,22.0,22.0,22,22,22.0,
2025-12-01,SUP-010,Supplier 010,China,APAC,0.76,PLT-07,Seoul Tech,South Korea,APAC,Enterprise,USA,1,1,24.0,24.0,24,24,24.0,
2025-12-01,SUP-010,Supplier 010,China,APAC,0.76,PLT-08,Taipei Micro,Taiwan,APAC,Government,Australia,1,1,25.0,25.0,25,25,25.0,
2025-12-01,SUP-011,Supplier 011,Germany,EMEA,0.53,PLT-01,Munich Center,Germany,EMEA,SMB,Australia,1,1,28.0,28.0,28,28,28.0,
2025-12-01,SUP-011,Supplier 011,Germany,EMEA,0.53,PLT-07,Seoul Tech,South Korea,APAC,SMB,UK,1,1,29.0,29.0,29,29,29.0,
2025-12-01,SUP-011,Supplier 011,Germany,EMEA,0.53,PLT-03,Tokyo Precision,Japan,APAC,Government,France,1,1,29.0,29.0,29,29,29.0,
2025-12-01,SUP-012,Supplier 012,USA,NA,0.66,PLT-06,Sao Paulo Ops,Brazil,LATAM,SMB,Australia,1,1,14.0,14.0,14,14,14.0,
2025-12-01,SUP-012,Supplier 012,USA,NA,0.66,PLT-00,Shanghai Hub,China,APAC,SMB,Japan,1,2,17.5,17.5,14,21,20.7,4.9
2025-12-01,SUP-013,Supplier 013,Japan,APAC,0.89,PLT-07,Seoul Tech,South Korea,APAC,SMB,Singapore,1,1,31.0,31.0,31,31,31.0,
2025-12-01,SUP-013,Supplier 013,Japan,APAC,0.89,PLT-04,Chennai Forge,India,APAC,Enterprise,Canada,1,1,35.0,35.0,35,35,35.0,
2025-12-01,SUP-013,Supplier 013,Japan,APAC,0.89,PLT-05,Monterrey Plant,Mexico,LATAM,SMB,Singapore,1,1,33.0,33.0,33,33,33.0,
2025-12-01,SUP-013,Supplier 013,Japan,APAC,0.89,PLT-00,Shanghai Hub,China,APAC,Government,USA,1,2,35.5,35.5,31,40,39.6,6.4
2025-12-01,SUP-013,Supplier 013,Japan,APAC,0.89,PLT-09,Hanoi Assembly,Vietnam,APAC,SMB,Germany,1,1,34.0,34.0,34,34,34.0,
2025-12-01,SUP-013,Supplier 013,Japan,APAC,0.89,PLT-00,Shanghai Hub,China,APAC,Enterprise,USA,1,1,35.0,35.0,35,35,35.0,
2025-12-01,SUP-014,Supplier 014,India,APAC,0.95,PLT-06,Sao Paulo Ops,Brazil,LATAM,SMB,Singapore,1,2,35.5,35.5,33,38,37.8,3.5
2025-12-01,SUP-014,Supplier 014,India,APAC,0.95,PLT-07,Seoul Tech,South Korea,APAC,SMB,Australia,1,1,32.0,32.0,32,32,32.0,
2025-12-01,SUP-014,Supplier 014,India,APAC,0.95,PLT-06,Sao Paulo Ops,Brazil,LATAM,SMB,France,1,1,32.0,32.0,32,32,32.0,
2025-12-01,SUP-014,Supplier 014,India,APAC,0.95,PLT-09,Hanoi Assembly,Vietnam,APAC,SMB,Canada,1,2,33.0,33.0,29,37,36.6,5.7
2025-12-01,SUP-015,Supplier 015,Mexico,LATAM,0.75,PLT-01,Munich Center,Germany,EMEA,Government,Germany,1,1,23.0,23.0,23,23,23.0,
2025-12-01,SUP-015,Supplier 015,Mexico,LATAM,0.75,PLT-06,Sao Paulo Ops,Brazil,LATAM,Government,Singapore,1,1,23.0,23.0,23,23,23.0,
2025-12-01,SUP-016,Supplier 016,Brazil,LATAM,0.66,PLT-09,Hanoi Assembly,Vietnam,APAC,Government,UK,1,1,29.0,29.0,29,29,29.0,
2025-12-01,SUP-016,Supplier 016,Brazil,LATAM,0.66,PLT-02,Detroit Works,USA,NA,SMB,Canada,1,1,23.0,23.0,23,23,23.0,
2025-12-01,SUP-016,Supplier 016,Brazil,LATAM,0.66,PLT-01,Munich Center,Germany,EMEA,Enterprise,Germany,1,1,24.0,24.0,24,24,24.0,
2025-12-01,SUP-017,Supplier 017,South Korea,APAC,0.89,PLT-04,Chennai Forge,India,APAC,Enterprise,Japan,1,2,32.5,32.5,29,36,35.7,4.9
2025-12-01,SUP-017,Supplier 017,South Korea,APAC,0.89,PLT-06,Sao Paulo Ops,Brazil,LATAM,Enterprise,Canada,1,1,25.0,25.0,25,25,25.0,
2025-12-01,SUP-017,Supplier 017,South Korea,APAC,0.89,PLT-00,Shanghai Hub,China,APAC,SMB,Germany,1,2,27.0,27.0,24,30,29.7,4.2
2025-12-01,SUP-017,Supplier 017,South Korea,APAC,0.89,PLT-03,Tokyo Precision,Japan,APAC,Government,France,1,1,27.0,27.0,27,27,27.0,
2025-12-01,SUP-018,Supplier 018,Taiwan,APAC,0.75,PLT-00,Shanghai Hub,China,APAC,SMB,Australia,1,1,32.0,32.0,32,32,32.0,
2025-12-01,SUP-018,Supplier 018,Taiwan,APAC,0.75,PLT-05,Monterrey Plant,Mexico,LATAM,SMB,UK,1,1,33.0,33.0,33,33,33.0,
2025-12-01,SUP-018,Supplier 018,Taiwan,APAC,0.75,PLT-07,Seoul Tech,South Korea,APAC,Enterprise,Germany,1,1,35.0,35.0,35,35,35.0,
2025-12-01,SUP-018,Supplier 018,Taiwan,APAC,0.75,PLT-09,Hanoi Assembly,Vietnam,APAC,Government,Singapore,1,1,31.0,31.0,31,31,31.0,
2025-12-01,SUP-018,Supplier 018,Taiwan,APAC,0.75,PLT-05,Monterrey Plant,Mexico,LATAM,SMB,Canada,1,1,34.0,34.0,34,34,34.0,
2025-12-01,SUP-019,Supplier 019,Vietnam,APAC,0.57,PLT-00,Shanghai Hub,China,APAC,SMB,Germany,1,1,38.0,38.0,38,38,38.0,
2025-12-01,SUP-019,Supplier 019,Vietnam,APAC,0.57,PLT-08,Taipei Micro,Taiwan,APAC,Enterprise,Australia,1,1,37.0,37.0,37,37,37.0,
2025-12-01,SUP-019,Supplier 019,Vietnam,APAC,0.57,PLT-03,Tokyo Precision,Japan,APAC,Enterprise,France,1,1,36.0,36.0,36,36,36.0,
2025-12-01,SUP-019,Supplier 019,Vietnam,APAC,0.57,PLT-09,Hanoi Assembly,Vietnam,APAC,Enterprise,Singapore,1,1,39.0,39.0,39,39,39.0,
2025-12-01,SUP-019,Supplier 019,Vietnam,APAC,0.57,PLT-09,Hanoi Assembly,Vietnam,APAC,SMB,Germany,1,1,40.0,40.0,40,40,40.0,
2025-12-01,SUP-019,Supplier 019,Vietnam,APAC,0.57,PLT-00,Shanghai Hub,China,APAC,SMB,UK,1,1,33.0,33.0,33,33,33.0,
2025-12-01,SUP-019,Supplier 019,Vietnam,APAC,0.57,PLT-05,Monterrey Plant,Mexico,LATAM,SMB,Singapore,1,2,35.0,35.0,33,37,36.8,2.8
2025-12-01,SUP-020,Supplier 020,China,APAC,0.6,PLT-05,Monterrey Plant,Mexico,LATAM,SMB,France,1,1,28.0,28.0,28,28,28.0,
2025-12-01,SUP-020,Supplier 020,China,APAC,0.6,PLT-02,Detroit Works,USA,NA,Enterprise,Germany,1,1,26.0,26.0,26,26,26.0,
2025-12-01,SUP-020,Supplier 020,China,APAC,0.6,PLT-02,Detroit Works,USA,NA,SMB,Germany,1,1,24.0,24.0,24,24,24.0,
2025-12-01,SUP-020,Supplier 020,China,APAC,0.6,PLT-08,Taipei Micro,Taiwan,APAC,SMB,Germany,1,1,32.0,32.0,32,32,32.0,
2025-12-01,SUP-020,Supplier 020,China,APAC,0.6,PLT-06,Sao Paulo Ops,Brazil,LATAM,SMB,Singapore,1,1,25.0,25.0,25,25,25.0,
2025-12-01,SUP-020,Supplier 020,China,APAC,0.6,PLT-00,Shanghai Hub,China,APAC,SMB,Australia,1,1,28.0,28.0,28,28,28.0,
2025-12-01,SUP-020,Supplier 020,China,APAC,0.6,PLT-01,Munich Center,Germany,EMEA,SMB,Canada,1,1,25.0,25.0,25,25,25.0,
2025-12-01,SUP-021,Supplier 021,Germany,EMEA,0.75,PLT-07,Seoul Tech,South Korea,APAC,Enterprise,France,1,1,27.0,27.0,27,27,27.0,
2025-12-01,SUP-021,Supplier 021,Germany,EMEA,0.75,PLT-02,Detroit Works,USA,NA,SMB,UK,1,1,19.0,19.0,19,19,19.0,
2025-12-01,SUP-021,Supplier 021,Germany,EMEA,0.75,PLT-05,Monterrey Plant,Mexico,LATAM,SMB,Australia,1,2,24.5,24.5,21,28,27.7,4.9
2025-12-01,SUP-021,Supplier 021,Germany,EMEA,0.75,PLT-07,Seoul Tech,South Korea,APAC,Enterprise,Canada,1,1,27.0,27.0,27,27,27.0,
2025-12-01,SUP-021,Supplier 021,Germany,EMEA,0.75,PLT-02,Detroit Works,USA,NA,SMB,Canada,1,1,20.0,20.0,20,20,20.0,
2025-12-01,SUP-022,Supplier 022,USA,NA,0.8,PLT-03,Tokyo Precision,Japan,APAC,SMB,Australia,1,1,17.0,17.0,17,17,17.0,
2025-12-01,SUP-022,Supplier 022,USA,NA,0.8,PLT-00,Shanghai Hub,China,APAC,Government,UK,1,1,21.0,21.0,21,21,21.0,
2025-12-01,SUP-023,Supplier 023,Japan,APAC,0.98,PLT-09,Hanoi Assembly,Vietnam,APAC,SMB,Australia,1,1,32.0,32.0,32,32,32.0,
2025-12-01,SUP-023,Supplier 023,Japan,APAC,0.98,PLT-02,Detroit Works,USA,NA,Government,Canada,1,2,30.0,30.0,28,32,31.8,2.8
2025-12-01,SUP-023,Supplier 023,Japan,APAC,0.98,PLT-01,Munich Center,Germany,EMEA,Enterprise,Singapore,1,1,29.0,29.0,29,29,29.0,
2025-12-01,SUP-023,Supplier 023,Japan,APAC,0.98,PLT-09,Hanoi Assembly,Vietnam,APAC,Enterprise,UK,1,1,37.0,37.0,37,37,37.0,
2025-12-01,SUP-023,Supplier 023,Japan,APAC,0.98,PLT-08,Taipei Micro,Taiwan,APAC,SMB,UK,1,1,34.0,34.0,34,34,34.0,
2025-12-01,SUP-023,Supplier 023,Japan,APAC,0.98,PLT-03,Tokyo Precision,Japan,APAC,SMB,Canada,1,1,35.0,35.0,35,35,35.0,
2025-12-01,SUP-023,Supplier 023,Japan,APAC,0.98,PLT-06,Sao Paulo Ops,Brazil,LATAM,SMB,Singapore,1,1,31.0,31.0,31,31,31.0,
2025-12-01,SUP-023,Supplier 023,Japan,APAC,0.98,PLT-07,Seoul Tech,South Korea,APAC,SMB,UK,1,1,31.0,31.0,31,31,31.0,
2025-12-01,SUP-023,Supplier 023,Japan,APAC,0.98,PLT-00,Shanghai Hub,China,APAC,SMB,France,1,1,33.0,33.0,33,33,33.0,
2025-12-01,SUP-024,Supplier 024,India,APAC,0.89,PLT-08,Taipei Micro,Taiwan,APAC,SMB,Australia,1,1,29.0,29.0,29,29,29.0,
2025-12-01,SUP-024,Supplier 024,India,APAC,0.89,PLT-00,Shanghai Hub,China,APAC,SMB,UK,1,1,31.0,31.0,31,31,31.0,
2025-12-01,SUP-024,Supplier 024,India,APAC,0.89,PLT-04,Chennai Forge,India,APAC,Government,USA,1,1,30.0,30.0,30,30,30.0,
2025-12-01,SUP-024,Supplier 024,India,APAC,0.89,PLT-09,Hanoi Assembly,Vietnam,APAC,SMB,UK,1,1,28.0,28.0,28,28,28.0,
2025-12-01,SUP-025,Supplier 025,Mexico,LATAM,0.71,PLT-03,Tokyo Precision,Japan,APAC,Government,Singapore,1,1,26.0,26.0,26,26,26.0,
2025-12-01,SUP-025,Supplier 025,Mexico,LATAM,0.71,PLT-00,Shanghai Hub,China,APAC,SMB,France,1,1,27.0,27.0,27,27,27.0,
2025-12-01,SUP-025,Supplier 025,Mexico,LATAM,0.71,PLT-04,Chennai Forge,India,APAC,SMB,Australia,1,1,25.0,25.0,25,25,25.0,
2025-12-01,SUP-025,Supplier 025,Mexico,LATAM,0.71,PLT-05,Monterrey Plant,Mexico,LATAM,SMB,UK,1,1,29.0,29.0,29,29,29.0,
2025-12-01,SUP-025,Supplier 025,Mexico,LATAM,0.71,PLT-04,Chennai Forge,India,APAC,Government,Germany,1,1,24.0,24.0,24,24,24.0,
2025-12-01,SUP-026,Supplier 026,Brazil,LATAM,0.73,PLT-02,Detroit Works,USA,NA,Government,Singapore,1,1,25.0,25.0,25,25,25.0,
2025-12-01,SUP-026,Supplier 026,Brazil,LATAM,0.73,PLT-03,Tokyo Precision,Japan,APAC,Enterprise,Germany,1,2,28.5,28.5,27,30,29.9,2.1
2025-12-01,SUP-026,Supplier 026,Brazil,LATAM,0.73,PLT-09,Hanoi Assembly,Vietnam,APAC,Enterprise,Singapore,1,1,25.0,25.0,25,25,25.0,
2025-12-01,SUP-026,Supplier 026,Brazil,LATAM,0.73,PLT-02,Detroit Works,USA,NA,SMB,Japan,1,1,25.0,25.0,25,25,25.0,
2025-12-01,SUP-026,Supplier 026,Brazil,LATAM,0.73,PLT-08,Taipei Micro,Taiwan,APAC,SMB,Germany,1,1,24.0,24.0,24,24,24.0,
2025-12-01,SUP-026,Supplier 026,Brazil,LATAM,0.73,PLT-04,Chennai Forge,India,APAC,SMB,Canada,1,1,28.0,28.0,28,28,28.0,
2025-12-01,SUP-027,Supplier 027,South Korea,APAC,0.94,PLT-02,Detroit Works,USA,NA,SMB,Germany,1,1,25.0,25.0,25,25,25.0,
2025-12-01,SUP-027,Supplier 027,South Korea,APAC,0.94,PLT-01,Munich Center,Germany,EMEA,Enterprise,Canada,1,1,27.0,27.0,27,27,27.0,
2025-12-01,SUP-027,Supplier 027,South Korea,APAC,0.94,PLT-03,Tokyo Precision,Japan,APAC,Enterprise,Australia,1,1,29.0,29.0,29,29,29.0,
2025-12-01,SUP-027,Supplier 027,South Korea,APAC,0.94,PLT-06,Sao Paulo Ops,Brazil,LATAM,Enterprise,Japan,1,1,29.0,29.0,29,29,29.0,
2025-12-01,SUP-027,Supplier 027,South Korea,APAC,0.94,PLT-01,Munich Center,Germany,EMEA,SMB,France,1,1,31.0,31.0,31,31,31.0,
2025-12-01,SUP-027,Supplier 027,South Korea,APAC,0.94,PLT-03,Tokyo Precision,Japan,APAC,SMB,Singapore,1,1,27.0,27.0,27,27,27.0,
2025-12-01,SUP-028,Supplier 028,Taiwan,APAC,0.84,PLT-06,Sao Paulo Ops,Brazil,LATAM,SMB,Singapore,1,1,33.0,33.0,33,33,33.0,
2025-12-01,SUP-028,Supplier 028,Taiwan,APAC,0.84,PLT-04,Chennai Forge,India,APAC,SMB,UK,1,1,34.0,34.0,34,34,34.0,
2025-12-01,SUP-028,Supplier 028,Taiwan,APAC,0.84,PLT-03,Tokyo Precision,Japan,APAC,SMB,Germany,1,2,37.0,37.0,34,40,39.7,4.2
2025-12-01,SUP-028,Supplier 028,Taiwan,APAC,0.84,PLT-00,Shanghai Hub,China,APAC,Government,Germany,1,1,34.0,34.0,34,34,34.0,
2025-12-01,SUP-028,Supplier 028,Taiwan,APAC,0.84,PLT-02,Detroit Works,USA,NA,Enterprise,USA,1,1,31.0,31.0,31,31,31.0,
2025-12-01,SUP-028,Supplier 028,Taiwan,APAC,0.84,PLT-00,Shanghai Hub,China,APAC,Government,USA,1,1,31.0,31.0,31,31,31.0,
2025-12-01,SUP-029,Supplier 029,Vietnam,APAC,0.51,PLT-04,Chennai Forge,India,APAC,Government,Germany,1,1,28.0,28.0,28,28,28.0,
2025-12-01,SUP-029,Supplier 029,Vietnam,APAC,0.51,PLT-00,Shanghai Hub,China,APAC,SMB,Singapore,2,2,31.0,31.0,29,33,32.8,2.8
2025-12-01,SUP-029,Supplier 029,Vietnam,APAC,0.51,PLT-03,Tokyo Precision,Japan,APAC,SMB,UK,1,1,29.0,29.0,29,29,29.0,
2025-12-01,SUP-029,Supplier 029,Vietnam,APAC,0.51,PLT-05,Monterrey Plant,Mexico,LATAM,Enterprise,Germany,1,1,26.0,26.0,26,26,26.0,
2025-12-01,SUP-029,Supplier 029,Vietnam,APAC,0.51,PLT-06,Sao Paulo Ops,Brazil,LATAM,SMB,Canada,1,1,26.0,26.0,26,26,26.0,
2025-12-01,SUP-029,Supplier 029,Vietnam,APAC,0.51,PLT-06,Sao Paulo Ops,Brazil,LATAM,Enterprise,USA,1,2,28.0,28.0,27,29,28.9,1.4
2025-12-01,SUP-029,Supplier 029,Vietnam,APAC,0.51,PLT-02,Detroit Works,USA,NA,Government,USA,1,1,22.0,22.0,22,22,22.0,
2025-12-01,SUP-029,Supplier 029,Vietnam,APAC,0.51,PLT-07,Seoul Tech,South Korea,APAC,Government,USA,1,2,32.5,32.5,31,34,33.9,2.1
2025-12-01,SUP-029,Supplier 029,Vietnam,APAC,0.51,PLT-00,Shanghai Hub,China,APAC,SMB,Canada,1,1,31.0,31.0,31,31,31.0,
2025-12-01,SUP-029,Supplier 029,Vietnam,APAC,0.51,PLT-08,Taipei Micro,Taiwan,APAC,SMB,Canada,1,1,25.0,25.0,25,25,25.0,
2025-12-01,SUP-029,Supplier 029,Vietnam,APAC,0.51,PLT-04,Chennai Forge,India,APAC,SMB,Canada,1,1,30.0,30.0,30,30,30.0,
2025-12-01,SUP-030,Supplier 030,China,APAC,0.59,PLT-08,Taipei Micro,Taiwan,APAC,Government,Singapore,1,1,33.0,33.0,33,33,33.0,
2025-12-01,SUP-030,Supplier 030,China,APAC,0.59,PLT-03,Tokyo Precision,Japan,APAC,Government,Germany,1,1,30.0,30.0,30,30,30.0,
2025-12-01,SUP-030,Supplier 030,China,APAC,0.59,PLT-09,Hanoi Assembly,Vietnam,APAC,Government,Germany,1,1,29.0,29.0,29,29,29.0,
2025-12-01,SUP-030,Supplier 030,China,APAC,0.59,PLT-04,Chennai Forge,India,APAC,SMB,UK,1,1,29.0,29.0,29,29,29.0,
2025-12-01,SUP-030,Supplier 030,China,APAC,0.59,PLT-03,Tokyo Precision,Japan,APAC,SMB,Germany,1,1,27.0,27.0,27,27,27.0,
2025-12-01,SUP-031,Supplier 031,Germany,EMEA,0.92,PLT-05,Monterrey Plant,Mexico,LATAM,SMB,UK,1,2,29.0,29.0,25,33,32.6,5.7
2025-12-01,SUP-031,Supplier 031,Germany,EMEA,0.92,PLT-02,Detroit Works,USA,NA,Enterprise,USA,1,2,23.0,23.0,19,27,26.6,5.7
2025-12-01,SUP-031,Supplier 031,Germany,EMEA,0.92,PLT-06,Sao Paulo Ops,Brazil,LATAM,SMB,Singapore,1,1,21.0,21.0,21,21,21.0,
2025-12-01,SUP-031,Supplier 031,Germany,EMEA,0.92,PLT-01,Munich Center,Germany,EMEA,SMB,Germany,1,1,24.0,24.0,24,24,24.0,
2025-12-01,SUP-032,Supplier 032,USA,NA,0.78,PLT-06,Sao Paulo Ops,Brazil,LATAM,Enterprise,France,1,1,17.0,17.0,17,17,17.0,
2025-12-01,SUP-032,Supplier 032,USA,NA,0.78,PLT-08,Taipei Micro,Taiwan,APAC,SMB,Singapore,1,2,20.5,20.5,18,23,22.8,3.5
2025-12-01,SUP-032,Supplier 032,USA,NA,0.78,PLT-08,Taipei Micro,Taiwan,APAC,SMB,Germany,1,1,22.0,22.0,22,22,22.0,
2025-12-01,SUP-033,Supplier 033,Japan,APAC,0.5,PLT-08,Taipei Micro,Taiwan,APAC,Government,Canada,1,1,24.0,24.0,24,24,24.0,
2025-12-01,SUP-033,Supplier 033,Japan,APAC,0.5,PLT-09,Hanoi Assembly,Vietnam,APAC,Government,Germany,1,2,28.5,28.5,24,33,32.6,6.4
2025-12-01,SUP-033,Supplier 033,Japan,APAC,0.5,PLT-09,Hanoi Assembly,Vietnam,APAC,Enterprise,France,1,1,24.0,24.0,24,24,24.0,
2025-12-01,SUP-033,Supplier 033,Japan,APAC,0.5,PLT-06,Sao Paulo Ops,Brazil,LATAM,Enterprise,UK,1,1,17.0,17.0,17,17,17.0,
2025-12-01,SUP-034,Supplier 034,India,APAC,0.95,PLT-04,Chennai Forge,India,APAC,Enterprise,Japan,1,1,22.0,22.0,22,22,22.0,
2025-12-01,SUP-034,Supplier 034,India,APAC,0.95,PLT-03,Tokyo Precision,Japan,APAC,Government,USA,1,1,27.0,27.0,27,27,27.0,
2025-12-01,SUP-034,Supplier 034,India,APAC,0.95,PLT-04,Chennai Forge,India,APAC,Enterprise,France,1,1,27.0,27.0,27,27,27.0,
2025-12-01,SUP-034,Supplier 034,India,APAC,0.95,PLT-01,Munich Center,Germany,EMEA,Enterprise,USA,1,1,18.0,18.0,18,18,18.0,
2025-12-01,SUP-035,Supplier 035,Mexico,LATAM,0.77,PLT-02,Detroit Works,USA,NA,SMB,Canada,1,1,18.0,18.0,18,18,18.0,
2025-12-01,SUP-035,Supplier 035,Mexico,LATAM,0.77,PLT-09,Hanoi Assembly,Vietnam,APAC,Government,Australia,1,1,18.0,18.0,18,18,18.0,
2025-12-01,SUP-035,Supplier 035,Mexico,LATAM,0.77,PLT-02,Detroit Works,USA,NA,Government,USA,1,2,18.5,18.5,16,21,20.8,3.5
2025-12-01,SUP-035,Supplier 035,Mexico,LATAM,0.77,PLT-03,Tokyo Precision,Japan,APAC,SMB,Australia,1,1,20.0,20.0,20,20,20.0,
2025-12-01,SUP-035,Supplier 035,Mexico,LATAM,0.77,PLT-04,Chennai Forge,India,APAC,SMB,Australia,1,1,21.0,21.0,21,21,21.0,
2025-12-01,SUP-036,Supplier 036,Brazil,LATAM,0.76,PLT-03,Tokyo Precision,Japan,APAC,Enterprise,USA,1,1,24.0,24.0,24,24,24.0,
2025-12-01,SUP-036,Supplier 036,Brazil,LATAM,0.76,PLT-00,Shanghai Hub,China,APAC,SMB,France,1,2,24.5,24.5,22,27,26.8,3.5
2025-12-01,SUP-036,Supplier 036,Brazil,LATAM,0.76,PLT-07,Seoul Tech,South Korea,APAC,SMB,Singapore,1,1,22.0,22.0,22,22,22.0,
2025-12-01,SUP-037,Supplier 037,South Korea,APAC,0.7,PLT-02,Detroit Works,USA,NA,Enterprise,Japan,1,1,22.0,22.0,22,22,22.0,
2025-12-01,SUP-037,Supplier 037,South Korea,APAC,0.7,PLT-02,Detroit Works,USA,NA,SMB,Japan,1,1,21.0,21.0,21,21,21.0,
2025-12-01,SUP-037,Supplier 037,South Korea,APAC,0.7,PLT-01,Munich Center,Germany,EMEA,Enterprise,USA,1,1,23.0,23.0,23,23,23.0,
2025-12-01,SUP-037,Supplier 037,South Korea,APAC,0.7,PLT-07,Seoul Tech,South Korea,APAC,Enterprise,Canada,1,1,30.0,30.0,30,30,30.0,
2025-12-01,SUP-038,Supplier 038,Taiwan,APAC,0.95,PLT-02,Detroit Works,USA,NA,Enterprise,Australia,1,1,26.0,26.0,26,26,26.0,
2025-12-01,SUP-038,Supplier 038,Taiwan,APAC,0.95,PLT-01,Munich Center,Germany,EMEA,SMB,Australia,1,1,25.0,25.0,25,25,25.0,
2025-12-01,SUP-038,Supplier 038,Taiwan,APAC,0.95,PLT-05,Monterrey Plant,Mexico,LATAM,SMB,USA,1,1,25.0,25.0,25,25,25.0,
2025-12-01,SUP-038,Supplier 038,Taiwan,APAC,0.95,PLT-00,Shanghai Hub,China,APAC,Government,Canada,1,2,29.0,29.0,25,33,32.6,5.7
2025-12-01,SUP-038,Supplier 038,Taiwan,APAC,0.95,PLT-03,Tokyo Precision,Japan,APAC,SMB,UK,1,2,33.5,33.5,31,36,35.8,3.5
2025-12-01,SUP-038,Supplier 038,Taiwan,APAC,0.95,PLT-01,Munich Center,Germany,EMEA,Government,France,1,1,26.0,26.0,26,26,26.0,
2025-12-01,SUP-039,Supplier 039,Vietnam,APAC,0.68,PLT-08,Taipei Micro,Taiwan,APAC,SMB,Japan,1,2,25.5,25.5,25,26,26.0,0.7
2025-12-01,SUP-039,Supplier 039,Vietnam,APAC,0.68,PLT-09,Hanoi Assembly,Vietnam,APAC,Government,USA,1,2,25.0,25.0,24,26,25.9,1.4
2025-12-01,SUP-039,Supplier 039,Vietnam,APAC,0.68,PLT-01,Munich Center,Germany,EMEA,SMB,Australia,1,1,19.0,19.0,19,19,19.0,
2025-12-01,SUP-039,Supplier 039,Vietnam,APAC,0.68,PLT-04,Chennai Forge,India,APAC,SMB,USA,1,2,29.0,29.0,28,30,29.9,1.4
2025-12-01,SUP-039,Supplier 039,Vietnam,APAC,0.68,PLT-09,Hanoi Assembly,Vietnam,APAC,Government,Germany,1,1,26.0,26.0,26,26,26.0,
2025-12-01,SUP-040,Supplier 040,China,APAC,0.96,PLT-01,Munich Center,Germany,EMEA,Enterprise,Germany,1,1,20.0,20.0,20,20,20.0,
2025-12-01,SUP-040,Supplier 040,China,APAC,0.96,PLT-03,Tokyo Precision,Japan,APAC,Government,USA,1,1,25.0,25.0,25,25,25.0,
2025-12-01,SUP-040,Supplier 040,China,APAC,0.96,PLT-06,Sao Paulo Ops,Brazil,LATAM,SMB,UK,1,2,21.0,21.0,18,24,23.7,4.2
2025-12-01,SUP-040,Supplier 040,China,APAC,0.96,PLT-00,Shanghai Hub,China,APAC,SMB,France,1,1,21.0,21.0,21,21,21.0,
2025-12-01,SUP-040,Supplier 040,China,APAC,0.96,PLT-02,Detroit Works,USA,NA,SMB,UK,1,1,18.0,18.0,18,18,18.0,
2025-12-01,SUP-041,Supplier 041,Germany,EMEA,0.64,PLT-03,Tokyo Precision,Japan,APAC,Government,USA,1,1,29.0,29.0,29,29,29.0,
2025-12-01,SUP-041,Supplier 041,Germany,EMEA,0.64,PLT-01,Munich Center,Germany,EMEA,SMB,Australia,1,2,29.5,29.5,25,34,33.6,6.4
2025-12-01,SUP-041,Supplier 041,Germany,EMEA,0.64,PLT-01,Munich Center,Germany,EMEA,Government,Germany,1,1,25.0,25.0,25,25,25.0,
2025-12-01,SUP-041,Supplier 041,Germany,EMEA,0.64,PLT-06,Sao Paulo Ops,Brazil,LATAM,Enterprise,France,1,2,24.0,24.0,21,27,26.7,4.2
2025-12-01,SUP-042,Supplier 042,USA,NA,0.91,PLT-09,Hanoi Assembly,Vietnam,APAC,Government,Australia,1,1,20.0,20.0,20,20,20.0,
2025-12-01,SUP-042,Supplier 042,USA,NA,0.91,PLT-00,Shanghai Hub,China,APAC,SMB,Canada,1,1,18.0,18.0,18,18,18.0,
2025-12-01,SUP-042,Supplier 042,USA,NA,0.91,PLT-09,Hanoi Assembly,Vietnam,APAC,SMB,UK,1,1,17.0,17.0,17,17,17.0,
2025-12-01,SUP-042,Supplier 042,USA,NA,0.91,PLT-01,Munich Center,Germany,EMEA,SMB,UK,1,1,15.0,15.0,15,15,15.0,
2025-12-01,SUP-042,Supplier 042,USA,NA,0.91,PLT-08,Taipei Micro,Taiwan,APAC,Government,Australia,1,1,16.0,16.0,16,16,16.0,
2025-12-01,SUP-042,Supplier 042,USA,NA,0.91,PLT-00,Shanghai Hub,China,APAC,Enterprise,Singapore,1,2,19.5,19.5,17,22,21.8,3.5
2025-12-01,SUP-042,Supplier 042,USA,NA,0.91,PLT-01,Munich Center,Germany,EMEA,Government,Japan,1,1,16.0,16.0,16,16,16.0,
2025-12-01,SUP-043,Supplier 043,Japan,APAC,0.98,PLT-07,Seoul Tech,South Korea,APAC,Enterprise,Germany,1,2,31.0,31.0,27,35,34.6,5.7
2025-12-01,SUP-043,Supplier 043,Japan,APAC,0.98,PLT-05,Monterrey Plant,Mexico,LATAM,Enterprise,USA,1,2,29.5,29.5,27,32,31.8,3.5
2025-12-01,SUP-043,Supplier 043,Japan,APAC,0.98,PLT-06,Sao Paulo Ops,Brazil,LATAM,SMB,France,1,1,26.0,26.0,26,26,26.0,
2025-12-01,SUP-043,Supplier 043,Japan,APAC,0.98,PLT-05,Monterrey Plant,Mexico,LATAM,SMB,France,1,1,29.0,29.0,29,29,29.0,
2025-12-01,SUP-043,Supplier 043,Japan,APAC,0.98,PLT-06,Sao Paulo Ops,Brazil,LATAM,SMB,UK,1,1,23.0,23.0,23,23,23.0,
2025-12-01,SUP-043,Supplier 043,Japan,APAC,0.98,PLT-06,Sao Paulo Ops,Brazil,LATAM,SMB,USA,1,1,23.0,23.0,23,23,23.0,
2025-12-01,SUP-043,Supplier 043,Japan,APAC,0.98,PLT-01,Munich Center,Germany,EMEA,Government,Germany,1,1,22.0,22.0,22,22,22.0,
2025-12-01,SUP-044,Supplier 044,India,APAC,0.55,PLT-02,Detroit Works,USA,NA,Enterprise,USA,1,1,21.0,21.0,21,21,21.0,
2025-12-01,SUP-044,Supplier 044,India,APAC,0.55,PLT-04,Chennai Forge,India,APAC,SMB,Germany,1,1,28.0,28.0,28,28,28.0,
2025-12-01,SUP-044,Supplier 044,India,APAC,0.55,PLT-05,Monterrey Plant,Mexico,LATAM,Government,Canada,1,1,28.0,28.0,28,28,28.0,
2025-12-01,SUP-044,Supplier 044,India,APAC,0.55,PLT-05,Monterrey Plant,Mexico,LATAM,SMB,UK,1,1,24.0,24.0,24,24,24.0,
2025-12-01,SUP-045,Supplier 045,Mexico,LATAM,0.92,PLT-07,Seoul Tech,South Korea,APAC,SMB,UK,1,1,24.0,24.0,24,24,24.0,
2025-12-01,SUP-045,Supplier 045,Mexico,LATAM,0.92,PLT-03,Tokyo Precision,Japan,APAC,Enterprise,USA,1,1,21.0,21.0,21,21,21.0,
2025-12-01,SUP-045,Supplier 045,Mexico,LATAM,0.92,PLT-08,Taipei Micro,Taiwan,APAC,Enterprise,France,1,1,25.0,25.0,25,25,25.0,
2025-12-01,SUP-045,Supplier 045,Mexico,LATAM,0.92,PLT-01,Munich Center,Germany,EMEA,SMB,Germany,1,1,20.0,20.0,20,20,20.0,
2025-12-01,SUP-045,Supplier 045,Mexico,LATAM,0.92,PLT-09,Hanoi Assembly,Vietnam,APAC,Enterprise,Singapore,1,2,22.5,22.5,22,23,23.0,0.7
2025-12-01,SUP-046,Supplier 046,Brazil,LATAM,0.96,PLT-06,Sao Paulo Ops,Brazil,LATAM,SMB,UK,1,1,28.0,28.0,28,28,28.0,
2025-12-01,SUP-046,Supplier 046,Brazil,LATAM,0.96,PLT-09,Hanoi Assembly,Vietnam,APAC,SMB,Australia,1,2,27.0,27.0,26,28,27.9,1.4
2025-12-01,SUP-046,Supplier 046,Brazil,LATAM,0.96,PLT-02,Detroit Works,USA,NA,Government,Germany,1,1,22.0,22.0,22,22,22.0,
2025-12-01,SUP-046,Supplier 046,Brazil,LATAM,0.96,PLT-00,Shanghai Hub,China,APAC,Government,Australia,1,1,26.0,26.0,26,26,26.0,
2025-12-01,SUP-047,Supplier 047,South Korea,APAC,0.59,PLT-01,Munich Center,Germany,EMEA,Enterprise,Canada,1,1,26.0,26.0,26,26,26.0,
2025-12-01,SUP-047,Supplier 047,South Korea,APAC,0.59,PLT-07,Seoul Tech,South Korea,APAC,SMB,UK,1,2,33.5,33.5,30,37,36.7,4.9
2025-12-01,SUP-047,Supplier 047,South Korea,APAC,0.59,PLT-06,Sao Paulo Ops,Brazil,LATAM,Enterprise,UK,1,1,31.0,31.0,31,31,31.0,
2025-12-01,SUP-047,Supplier 047,South Korea,APAC,0.59,PLT-00,Shanghai Hub,China,APAC,Enterprise,UK,1,2,37.0,37.0,35,39,38.8,2.8
2025-12-01,SUP-047,Supplier 047,South Korea,APAC,0.59,PLT-01,Munich Center,Germany,EMEA,Enterprise,Singapore,1,1,29.0,29.0,29,29,29.0,
2025-12-01,SUP-048,Supplier 048,Taiwan,APAC,0.54,PLT-09,Hanoi Assembly,Vietnam,APAC,Enterprise,Australia,1,1,34.0,34.0,34,34,34.0,
2025-12-01,SUP-048,Supplier 048,Taiwan,APAC,0.54,PLT-04,Chennai Forge,India,APAC,SMB,Germany,1,1,31.0,31.0,31,31,31.0,
2025-12-01,SUP-048,Supplier 048,Taiwan,APAC,0.54,PLT-07,Seoul Tech,South Korea,APAC,SMB,Australia,1,1,28.0,28.0,28,28,28.0,
2025-12-01,SUP-048,Supplier 048,Taiwan,APAC,0.54,PLT-09,Hanoi Assembly,Vietnam,APAC,Government,Germany,1,1,32.0,32.0,32,32,32.0,
2025-12-01,SUP-048,Supplier 048,Taiwan,APAC,0.54,PLT-02,Detroit Works,USA,NA,SMB,UK,1,1,29.0,29.0,29,29,29.0,
2025-12-01,SUP-048,Supplier 048,Taiwan,APAC,0.54,PLT-04,Chennai Forge,India,APAC,SMB,Australia,1,2,32.5,32.5,26,39,38.4,9.2
2025-12-01,SUP-049,Supplier 049,Vietnam,APAC,0.75,PLT-04,Chennai Forge,India,APAC,Government,Australia,1,1,34.0,34.0,34,34,34.0,
2025-12-01,SUP-049,Supplier 049,Vietnam,APAC,0.75,PLT-01,Munich Center,Germany,EMEA,Government,USA,1,1,33.0,33.0,33,33,33.0,
2025-12-01,SUP-049,Supplier 049,Vietnam,APAC,0.75,PLT-00,Shanghai Hub,China,APAC,Enterprise,USA,1,2,39.0,39.0,39,39,39.0,0.0
2025-12-01,SUP-049,Supplier 049,Vietnam,APAC,0.75,PLT-01,Munich Center,Germany,EMEA,Enterprise,Germany,1,1,33.0,33.0,33,33,33.0,
2025-12-01,SUP-049,Supplier 049,Vietnam,APAC,0.75,PLT-04,Chennai Forge,India,APAC,SMB,Canada,1,1,39.0,39.0,39,39,39.0,
2025-12-01,SUP-049,Supplier 049,Vietnam,APAC,0.75,PLT-04,Chennai Forge,India,APAC,Enterprise,USA,1,1,36.0,36.0,36,36,36.0,
2025-12-01,SUP-049,Supplier 049,Vietnam,APAC,0.75,PLT-05,Monterrey Plant,Mexico,LATAM,Government,Australia,1,1,34.0,34.0,34,34,34.0,
2025-12-01,SUP-049,Supplier 049,Vietnam,APAC,0.75,PLT-09,Hanoi Assembly,Vietnam,APAC,SMB,Singapore,1,1,38.0,38.0,38,38,38.0,
2026-01-01,SUP-000,Supplier 000,China,APAC,0.85,PLT-05,Monterrey Plant,Mexico,LATAM,SMB,USA,1,2,21.0,21.0,18,24,23.7,4.2
2026-01-01,SUP-000,Supplier 000,China,APAC,0.85,PLT-00,Shanghai Hub,China,APAC,SMB,Canada,1,1,18.0,18.0,18,18,18.0,
2026-01-01,SUP-000,Supplier 000,China,APAC,0.85,PLT-08,Taipei Micro,Taiwan,APAC,Enterprise,Japan,1,1,20.0,20.0,20,20,20.0,
2026-01-01,SUP-000,Supplier 000,China,APAC,0.85,PLT-00,Shanghai Hub,China,APAC,Enterprise,Germany,1,1,24.0,24.0,24,24,24.0,
2026-01-01,SUP-000,Supplier 000,China,APAC,0.85,PLT-02,Detroit Works,USA,NA,Government,USA,1,1,18.0,18.0,18,18,18.0,
2026-01-01,SUP-000,Supplier 000,China,APAC,0.85,PLT-00,Shanghai Hub,China,APAC,SMB,UK,1,1,22.0,22.0,22,22,22.0,
2026-01-01,SUP-000,Supplier 000,China,APAC,0.85,PLT-03,Tokyo Precision,Japan,APAC,SMB,Germany,1,1,18.0,18.0,18,18,18.0,
2026-01-01,SUP-000,Supplier 000,China,APAC,0.85,PLT-06,Sao Paulo Ops,Brazil,LATAM,Government,Germany,1,1,19.0,19.0,19,19,19.0,
2026-01-01,SUP-000,Supplier 000,China,APAC,0.85,PLT-00,Shanghai Hub,China,APAC,Government,Germany,1,2,22.0,22.0,19,25,24.7,4.2
2026-01-01,SUP-000,Supplier 000,China,APAC,0.85,PLT-03,Tokyo Precision,Japan,APAC,Government,Japan,1,1,24.0,24.0,24,24,24.0,
2026-01-01,SUP-001,Supplier 001,Germany,EMEA,0.7,PLT-02,Detroit Works,USA,NA,SMB,Australia,1,2,16.0,16.0,13,19,18.7,4.2
2026-01-01,SUP-001,Supplier 001,Germany,EMEA,0.7,PLT-08,Taipei Micro,Taiwan,APAC,SMB,Japan,1,1,21.0,21.0,21,21,21.0,
2026-01-01,SUP-001,Supplier 001,Germany,EMEA,0.7,PLT-02,Detroit Works,USA,NA,SMB,UK,1,1,12.0,12.0,12,12,12.0,
2026-01-01,SUP-001,Supplier 001,Germany,EMEA,0.7,PLT-01,Munich Center,Germany,EMEA,Government,UK,1,2,18.0,18.0,14,22,21.6,5.7
2026-01-01,SUP-001,Supplier 001,Germany,EMEA,0.7,PLT-05,Monterrey Plant,Mexico,LATAM,Enterprise,Japan,1,2,22.0,22.0,18,26,25.6,5.7
2026-01-01,SUP-002,Supplier 002,USA,NA,0.74,PLT-07,Seoul Tech,South Korea,APAC,SMB,Japan,1,1,22.0,22.0,22,22,22.0,
2026-01-01,SUP-002,Supplier 002,USA,NA,0.74,PLT-06,Sao Paulo Ops,Brazil,LATAM,Enterprise,France,1,1,20.0,20.0,20,20,20.0,
2026-01-01,SUP-003,Supplier 003,Japan,APAC,0.64,PLT-04,Chennai Forge,India,APAC,SMB,Canada,1,2,28.0,28.0,24,32,31.6,5.7
2026-01-01,SUP-003,Supplier 003,Japan,APAC,0.64,PLT-00,Shanghai Hub,China,APAC,SMB,UK,1,1,25.0,25.0,25,25,25.0,
2026-01-01,SUP-003,Supplier 003,Japan,APAC,0.64,PLT-02,Detroit Works,USA,NA,Enterprise,Germany,1,1,27.0,27.0,27,27,27.0,
2026-01-01,SUP-003,Supplier 003,Japan,APAC,0.64,PLT-02,Detroit Works,USA,NA,Government,USA,1,1,26.0,26.0,26,26,26.0,
2026-01-01,SUP-004,Supplier 004,India,APAC,0.69,PLT-07,Seoul Tech,South Korea,APAC,Government,UK,1,2,32.5,32.5,28,37,36.6,6.4
2026-01-01,SUP-004,Supplier 004,India,APAC,0.69,PLT-06,Sao Paulo Ops,Brazil,LATAM,Government,Japan,1,2,32.0,32.0,29,35,34.7,4.2
2026-01-01,SUP-004,Supplier 004,India,APAC,0.69,PLT-04,Chennai Forge,India,APAC,SMB,France,1,1,36.0,36.0,36,36,36.0,
2026-01-01,SUP-005,Supplier 005,Mexico,LATAM,0.77,PLT-03,Tokyo Precision,Japan,APAC,Government,UK,1,1,25.0,25.0,25,25,25.0,
2026-01-01,SUP-005,Supplier 005,Mexico,LATAM,0.77,PLT-00,Shanghai Hub,China,APAC,Enterprise,Japan,1,1,21.0,21.0,21,21,21.0,
2026-01-01,SUP-005,Supplier 005,Mexico,LATAM,0.77,PLT-06,Sao Paulo Ops,Brazil,LATAM,SMB,Japan,2,3,23.0,22.0,19,28,27.4,4.6
2026-01-01,SUP-005,Supplier 005,Mexico,LATAM,0.77,PLT-07,Seoul Tech,South Korea,APAC,SMB,France,1,2,26.0,26.0,25,27,26.9,1.4
2026-01-01,SUP-005,Supplier 005,Mexico,LATAM,0.77,PLT-06,Sao Paulo Ops,Brazil,LATAM,Enterprise,Australia,1,1,23.0,23.0,23,23,23.0,
2026-01-01,SUP-006,Supplier 006,Brazil,LATAM,0.61,PLT-04,Chennai Forge,India,APAC,SMB,Germany,1,2,32.0,32.0,31,33,32.9,1.4
2026-01-01,SUP-006,Supplier 006,Brazil,LATAM,0.61,PLT-03,Tokyo Precision,Japan,APAC,Government,Singapore,1,1,28.0,28.0,28,28,28.0,
2026-01-01,SUP-006,Supplier 006,Brazil,LATAM,0.61,PLT-02,Detroit Works,USA,NA,SMB,Canada,1,1,23.0,23.0,23,23,23.0,
2026-01-01,SUP-006,Supplier 006,Brazil,LATAM,0.61,PLT-04,Chennai Forge,India,APAC,Government,Japan,1,1,27.0,27.0,27,27,27.0,
2026-01-01,SUP-006,Supplier 006,Brazil,LATAM,0.61,PLT-04,Chennai Forge,India,APAC,SMB,Australia,1,1,30.0,30.0,30,30,30.0,
2026-01-01,SUP-006,Supplier 006,Brazil,LATAM,0.61,PLT-02,Detroit Works,USA,NA,SMB,Japan,1,1,22.0,22.0,22,22,22.0,
2026-01-01,SUP-006,Supplier 006,Brazil,LATAM,0.61,PLT-03,Tokyo Precision,Japan,APAC,SMB,UK,1,1,30.0,30.0,30,30,30.0,
2026-01-01,SUP-007,Supplier 007,South Korea,APAC,0.84,PLT-02,Detroit Works,USA,NA,Enterprise,USA,1,1,23.0,23.0,23,23,23.0,
2026-01-01,SUP-007,Supplier 007,South Korea,APAC,0.84,PLT-06,Sao Paulo Ops,Brazil,LATAM,Government,USA,1,1,27.0,27.0,27,27,27.0,
2026-01-01,SUP-007,Supplier 007,South Korea,APAC,0.84,PLT-08,Taipei Micro,Taiwan,APAC,Enterprise,France,1,1,32.0,32.0,32,32,32.0,
2026-01-01,SUP-007,Supplier 007,South Korea,APAC,0.84,PLT-07,Seoul Tech,South Korea,APAC,SMB,Japan,1,1,32.0,32.0,32,32,32.0,
2026-01-01,SUP-007,Supplier 007,South Korea,APAC,0.84,PLT-09,Hanoi Assembly,Vietnam,APAC,SMB,Germany,1,1,29.0,29.0,29,29,29.0,
2026-01-01,SUP-008,Supplier 008,Taiwan,APAC,0.73,PLT-03,Tokyo Precision,Japan,APAC,SMB,USA,1,1,27.0,27.0,27,27,27.0,
2026-01-01,SUP-008,Supplier 008,Taiwan,APAC,0.73,PLT-05,Monterrey Plant,Mexico,LATAM,Enterprise,Australia,1,2,28.0,28.0,27,29,28.9,1.4
2026-01-01,SUP-008,Supplier 008,Taiwan,APAC,0.73,PLT-03,Tokyo Precision,Japan,APAC,SMB,UK,1,1,26.0,26.0,26,26,26.0,
2026-01-01,SUP-008,Supplier 008,Taiwan,APAC,0.73,PLT-08,Taipei Micro,Taiwan,APAC,SMB,Singapore,1,2,31.5,31.5,30,33,32.9,2.1
2026-01-01,SUP-009,Supplier 009,Vietnam,APAC,1.0,PLT-09,Hanoi Assembly,Vietnam,APAC,Enterprise,Australia,1,2,30.5,30.5,29,32,31.9,2.1
2026-01-01,SUP-009,Supplier 009,Vietnam,APAC,1.0,PLT-07,Seoul Tech,South Korea,APAC,SMB,UK,1,1,32.0,32.0,32,32,32.0,
2026-01-01,SUP-009,Supplier 009,Vietnam,APAC,1.0,PLT-06,Sao Paulo Ops,Brazil,LATAM,SMB,UK,1,1,27.0,27.0,27,27,27.0,
2026-01-01,SUP-009,Supplier 009,Vietnam,APAC,1.0,PLT-01,Munich Center,Germany,EMEA,Government,Australia,1,2,32.0,32.0,29,35,34.7,4.2
2026-01-01,SUP-010,Supplier 010,China,APAC,0.76,PLT-01,Munich Center,Germany,EMEA,Enterprise,Japan,1,2,19.0,19.0,18,20,19.9,1.4
2026-01-01,SUP-010,Supplier 010,China,APAC,0.76,PLT-08,Taipei Micro,Taiwan,APAC,SMB,Germany,1,1,24.0,24.0,24,24,24.0,
2026-01-01,SUP-011,Supplier 011,Germany,EMEA,0.53,PLT-04,Chennai Forge,India,APAC,SMB,UK,1,2,33.0,33.0,32,34,33.9,1.4
2026-01-01,SUP-011,Supplier 011,Germany,EMEA,0.53,PLT-01,Munich Center,Germany,EMEA,Enterprise,Japan,1,1,24.0,24.0,24,24,24.0,
2026-01-01,SUP-011,Supplier 011,Germany,EMEA,0.53,PLT-02,Detroit Works,USA,NA,SMB,Singapore,1,2,29.0,29.0,25,33,32.6,5.7
2026-01-01,SUP-011,Supplier 011,Germany,EMEA,0.53,PLT-08,Taipei Micro,Taiwan,APAC,SMB,Singapore,1,2,36.0,36.0,35,37,36.9,1.4
2026-01-01,SUP-012,Supplier 012,USA,NA,0.66,PLT-03,Tokyo Precision,Japan,APAC,Government,Australia,1,1,15.0,15.0,15,15,15.0,
2026-01-01,SUP-012,Supplier 012,USA,NA,0.66,PLT-00,Shanghai Hub,China,APAC,SMB,UK,1,1,18.0,18.0,18,18,18.0,
2026-01-01,SUP-012,Supplier 012,USA,NA,0.66,PLT-07,Seoul Tech,South Korea,APAC,Enterprise,UK,1,1,14.0,14.0,14,14,14.0,
2026-01-01,SUP-013,Supplier 013,Japan,APAC,0.89,PLT-09,Hanoi Assembly,Vietnam,APAC,SMB,Canada,1,1,35.0,35.0,35,35,35.0,
2026-01-01,SUP-013,Supplier 013,Japan,APAC,0.89,PLT-07,Seoul Tech,South Korea,APAC,SMB,UK,1,1,32.0,32.0,32,32,32.0,
2026-01-01,SUP-013,Supplier 013,Japan,APAC,0.89,PLT-07,Seoul Tech,South Korea,APAC,SMB,France,1,1,37.0,37.0,37,37,37.0,
2026-01-01,SUP-013,Supplier 013,Japan,APAC,0.89,PLT-01,Munich Center,Germany,EMEA,Government,Japan,1,1,31.0,31.0,31,31,31.0,
2026-01-01,SUP-013,Supplier 013,Japan,APAC,0.89,PLT-01,Munich Center,Germany,EMEA,SMB,Singapore,1,1,35.0,35.0,35,35,35.0,
2026-01-01,SUP-013,Supplier 013,Japan,APAC,0.89,PLT-08,Taipei Micro,Taiwan,APAC,Government,Canada,1,1,35.0,35.0,35,35,35.0,
2026-01-01,SUP-014,Supplier 014,India,APAC,0.95,PLT-02,Detroit Works,USA,NA,SMB,Singapore,1,1,29.0,29.0,29,29,29.0,
2026-01-01,SUP-014,Supplier 014,India,APAC,0.95,PLT-09,Hanoi Assembly,Vietnam,APAC,Government,Singapore,1,1,35.0,35.0,35,35,35.0,
2026-01-01,SUP-014,Supplier 014,India,APAC,0.95,PLT-09,Hanoi Assembly,Vietnam,APAC,SMB,USA,1,1,32.0,32.0,32,32,32.0,
2026-01-01,SUP-014,Supplier 014,India,APAC,0.95,PLT-00,Shanghai Hub,China,APAC,SMB,Singapore,1,1,35.0,35.0,35,35,35.0,
2026-01-01,SUP-014,Supplier 014,India,APAC,0.95,PLT-08,Taipei Micro,Taiwan,APAC,Enterprise,Germany,1,1,30.0,30.0,30,30,30.0,
2026-01-01,SUP-014,Supplier 014,India,APAC,0.95,PLT-03,Tokyo Precision,Japan,APAC,SMB,UK,1,2,35.5,35.5,32,39,38.7,4.9
2026-01-01,SUP-014,Supplier 014,India,APAC,0.95,PLT-02,Detroit Works,USA,NA,SMB,Canada,1,1,26.0,26.0,26,26,26.0,
2026-01-01,SUP-014,Supplier 014,India,APAC,0.95,PLT-08,Taipei Micro,Taiwan,APAC,SMB,France,1,1,34.0,34.0,34,34,34.0,
2026-01-01,SUP-015,Supplier 015,Mexico,LATAM,0.75,PLT-09,Hanoi Assembly,Vietnam,APAC,Enterprise,USA,1,1,27.0,27.0,27,27,27.0,
2026-01-01,SUP-015,Supplier 015,Mexico,LATAM,0.75,PLT-01,Munich Center,Germany,EMEA,Government,Japan,1,1,23.0,23.0,23,23,23.0,
2026-01-01,SUP-015,Supplier 015,Mexico,LATAM,0.75,PLT-00,Shanghai Hub,China,APAC,SMB,Canada,1,1,28.0,28.0,28,28,28.0,
2026-01-01,SUP-016,Supplier 016,Brazil,LATAM,0.66,PLT-04,Chennai Forge,India,APAC,SMB,France,1,1,26.0,26.0,26,26,26.0,
2026-01-01,SUP-016,Supplier 016,Brazil,LATAM,0.66,PLT-02,Detroit Works,USA,NA,SMB,USA,1,1,27.0,27.0,27,27,27.0,
2026-01-01,SUP-016,Supplier 016,Brazil,LATAM,0.66,PLT-02,Detroit Works,USA,NA,Government,USA,1,1,19.0,19.0,19,19,19.0,
2026-01-01,SUP-016,Supplier 016,Brazil,LATAM,0.66,PLT-05,Monterrey Plant,Mexico,LATAM,SMB,Germany,1,1,23.0,23.0,23,23,23.0,
2026-01-01,SUP-017,Supplier 017,South Korea,APAC,0.89,PLT-01,Munich Center,Germany,EMEA,SMB,Australia,1,1,26.0,26.0,26,26,26.0,
2026-01-01,SUP-017,Supplier 017,South Korea,APAC,0.89,PLT-08,Taipei Micro,Taiwan,APAC,Enterprise,USA,1,1,26.0,26.0,26,26,26.0,
2026-01-01,SUP-017,Supplier 017,South Korea,APAC,0.89,PLT-06,Sao Paulo Ops,Brazil,LATAM,SMB,Germany,1,1,25.0,25.0,25,25,25.0,
2026-01-01,SUP-017,Supplier 017,South Korea,APAC,0.89,PLT-07,Seoul Tech,South Korea,APAC,SMB,Australia,1,1,27.0,27.0,27,27,27.0,
2026-01-01,SUP-017,Supplier 017,South Korea,APAC,0.89,PLT-07,Seoul Tech,South Korea,APAC,SMB,Canada,1,1,28.0,28.0,28,28,28.0,
2026-01-01,SUP-017,Supplier 017,South Korea,APAC,0.89,PLT-09,Hanoi Assembly,Vietnam,APAC,Enterprise,Germany,1,1,30.0,30.0,30,30,30.0,
2026-01-01,SUP-017,Supplier 017,South Korea,APAC,0.89,PLT-01,Munich Center,Germany,EMEA,SMB,UK,1,1,27.0,27.0,27,27,27.0,
2026-01-01,SUP-017,Supplier 017,South Korea,APAC,0.89,PLT-07,Seoul Tech,South Korea,APAC,Enterprise,Japan,1,1,24.0,24.0,24,24,24.0,
2026-01-01,SUP-017,Supplier 017,South Korea,APAC,0.89,PLT-04,Chennai Forge,India,APAC,SMB,Singapore,1,1,33.0,33.0,33,33,33.0,
2026-01-01,SUP-017,Supplier 017,South Korea,APAC,0.89,PLT-09,Hanoi Assembly,Vietnam,APAC,SMB,Germany,1,2,31.5,31.5,31,32,32.0,0.7
2026-01-01,SUP-018,Supplier 018,Taiwan,APAC,0.75,PLT-05,Monterrey Plant,Mexico,LATAM,Enterprise,Germany,1,1,35.0,35.0,35,35,35.0,
2026-01-01,SUP-018,Supplier 018,Taiwan,APAC,0.75,PLT-04,Chennai Forge,India,APAC,SMB,USA,1,1,33.0,33.0,33,33,33.0,
2026-01-01,SUP-018,Supplier 018,Taiwan,APAC,0.75,PLT-08,Taipei Micro,Taiwan,APAC,Government,USA,1,1,38.0,38.0,38,38,38.0,
2026-01-01,SUP-018,Supplier 018,Taiwan,APAC,0.75,PLT-01,Munich Center,Germany,EMEA,SMB,Singapore,1,1,31.0,31.0,31,31,31.0,
2026-01-01,SUP-019,Supplier 019,Vietnam,APAC,0.57,PLT-07,Seoul Tech,South Korea,APAC,SMB,USA,1,1,29.0,29.0,29,29,29.0,
2026-01-01,SUP-019,Supplier 019,Vietnam,APAC,0.57,PLT-01,Munich Center,Germany,EMEA,Government,Singapore,1,1,31.0,31.0,31,31,31.0,
2026-01-01,SUP-019,Supplier 019,Vietnam,APAC,0.57,PLT-02,Detroit Works,USA,NA,Government,Australia,1,1,33.0,33.0,33,33,33.0,
2026-01-01,SUP-019,Supplier 019,Vietnam,APAC,0.57,PLT-04,Chennai Forge,India,APAC,SMB,UK,1,2,38.0,38.0,34,42,41.6,5.7
2026-01-01,SUP-019,Supplier 019,Vietnam,APAC,0.57,PLT-03,Tokyo Precision,Japan,APAC,SMB,Japan,1,1,27.0,27.0,27,27,27.0,
2026-01-01,SUP-019,Supplier 019,Vietnam,APAC,0.57,PLT-04,Chennai Forge,India,APAC,Enterprise,Japan,1,1,32.0,32.0,32,32,32.0,
2026-01-01,SUP-019,Supplier 019,Vietnam,APAC,0.57,PLT-00,Shanghai Hub,China,APAC,SMB,USA,1,1,39.0,39.0,39,39,39.0,
2026-01-01,SUP-019,Supplier 019,Vietnam,APAC,0.57,PLT-06,Sao Paulo Ops,Brazil,LATAM,SMB,Australia,1,1,31.0,31.0,31,31,31.0,
2026-01-01,SUP-019,Supplier 019,Vietnam,APAC,0.57,PLT-09,Hanoi Assembly,Vietnam,APAC,SMB,UK,1,1,29.0,29.0,29,29,29.0,
2026-01-01,SUP-020,Supplier 020,China,APAC,0.6,PLT-06,Sao Paulo Ops,Brazil,LATAM,SMB,Germany,1,1,30.0,30.0,30,30,30.0,
2026-01-01,SUP-020,Supplier 020,China,APAC,0.6,PLT-01,Munich Center,Germany,EMEA,Government,Singapore,1,1,20.0,20.0,20,20,20.0,
2026-01-01,SUP-020,Supplier 020,China,APAC,0.6,PLT-01,Munich Center,Germany,EMEA,SMB,Australia,1,1,27.0,27.0,27,27,27.0,
2026-01-01,SUP-020,Supplier 020,China,APAC,0.6,PLT-03,Tokyo Precision,Japan,APAC,SMB,UK,1,2,28.0,28.0,27,29,28.9,1.4
2026-01-01,SUP-020,Supplier 020,China,APAC,0.6,PLT-01,Munich Center,Germany,EMEA,SMB,Canada,1,1,25.0,25.0,25,25,25.0,
2026-01-01,SUP-020,Supplier 020,China,APAC,0.6,PLT-06,Sao Paulo Ops,Brazil,LATAM,SMB,France,1,1,24.0,24.0,24,24,24.0,
2026-01-01,SUP-020,Supplier 020,China,APAC,0.6,PLT-05,Monterrey Plant,Mexico,LATAM,SMB,UK,1,2,28.0,28.0,28,28,28.0,0.0
2026-01-01,SUP-021,Supplier 021,Germany,EMEA,0.75,PLT-07,Seoul Tech,South Korea,APAC,Enterprise,France,1,1,27.0,27.0,27,27,27.0,
2026-01-01,SUP-021,Supplier 021,Germany,EMEA,0.75,PLT-00,Shanghai Hub,China,APAC,Enterprise,France,1,1,25.0,25.0,25,25,25.0,
2026-01-01,SUP-021,Supplier 021,Germany,EMEA,0.75,PLT-03,Tokyo Precision,Japan,APAC,Enterprise,Germany,1,1,22.0,22.0,22,22,22.0,
2026-01-01,SUP-021,Supplier 021,Germany,EMEA,0.75,PLT-05,Monterrey Plant,Mexico,LATAM,SMB,France,1,1,20.0,20.0,20,20,20.0,
2026-01-01,SUP-022,Supplier 022,USA,NA,0.8,PLT-03,Tokyo Precision,Japan,APAC,SMB,Japan,1,1,23.0,23.0,23,23,23.0,
2026-01-01,SUP-022,Supplier 022,USA,NA,0.8,PLT-00,Shanghai Hub,China,APAC,Enterprise,Australia,1,1,19.0,19.0,19,19,19.0,
2026-01-01,SUP-022,Supplier 022,USA,NA,0.8,PLT-06,Sao Paulo Ops,Brazil,LATAM,SMB,USA,1,1,18.0,18.0,18,18,18.0,
2026-01-01,SUP-022,Supplier 022,USA,NA,0.8,PLT-01,Munich Center,Germany,EMEA,Enterprise,Japan,1,1,11.0,11.0,11,11,11.0,
2026-01-01,SUP-022,Supplier 022,USA,NA,0.8,PLT-05,Monterrey Plant,Mexico,LATAM,SMB,Singapore,1,1,18.0,18.0,18,18,18.0,
2026-01-01,SUP-022,Supplier 022,USA,NA,0.8,PLT-01,Munich Center,Germany,EMEA,Enterprise,USA,1,2,19.5,19.5,16,23,22.7,4.9
2026-01-01,SUP-023,Supplier 023,Japan,APAC,0.98,PLT-01,Munich Center,Germany,EMEA,SMB,Australia,1,2,32.5,32.5,29,36,35.7,4.9
2026-01-01,SUP-023,Supplier 023,Japan,APAC,0.98,PLT-03,Tokyo Precision,Japan,APAC,SMB,Canada,1,1,32.0,32.0,32,32,32.0,
2026-01-01,SUP-023,Supplier 023,Japan,APAC,0.98,PLT-05,Monterrey Plant,Mexico,LATAM,Enterprise,Japan,1,2,32.5,32.5,29,36,35.7,4.9
2026-01-01,SUP-023,Supplier 023,Japan,APAC,0.98,PLT-04,Chennai Forge,India,APAC,SMB,UK,1,1,33.0,33.0,33,33,33.0,
2026-01-01,SUP-023,Supplier 023,Japan,APAC,0.98,PLT-05,Monterrey Plant,Mexico,LATAM,SMB,UK,1,1,29.0,29.0,29,29,29.0,
2026-01-01,SUP-023,Supplier 023,Japan,APAC,0.98,PLT-04,Chennai Forge,India,APAC,Government,Canada,1,1,33.0,33.0,33,33,33.0,
2026-01-01,SUP-023,Supplier 023,Japan,APAC,0.98,PLT-07,Seoul Tech,South Korea,APAC,SMB,France,1,1,34.0,34.0,34,34,34.0,
2026-01-01,SUP-023,Supplier 023,Japan,APAC,0.98,PLT-01,Munich Center,Germany,EMEA,Government,Germany,1,2,31.5,31.5,30,33,32.9,2.1
2026-01-01,SUP-024,Supplier 024,India,APAC,0.89,PLT-05,Monterrey Plant,Mexico,LATAM,SMB,Germany,1,1,29.0,29.0,29,29,29.0,
2026-01-01,SUP-024,Supplier 024,India,APAC,0.89,PLT-08,Taipei Micro,Taiwan,APAC,SMB,France,1,1,26.0,26.0,26,26,26.0,
2026-01-01,SUP-024,Supplier 024,India,APAC,0.89,PLT-00,Shanghai Hub,China,APAC,SMB,Japan,1,1,33.0,33.0,33,33,33.0,
2026-01-01,SUP-024,Supplier 024,India,APAC,0.89,PLT-06,Sao Paulo Ops,Brazil,LATAM,SMB,Singapore,1,1,27.0,27.0,27,27,27.0,
2026-01-01,SUP-025,Supplier 025,Mexico,LATAM,0.71,PLT-05,Monterrey Plant,Mexico,LATAM,Enterprise,Germany,1,1,27.0,27.0,27,27,27.0,
2026-01-01,SUP-025,Supplier 025,Mexico,LATAM,0.71,PLT-02,Detroit Works,USA,NA,Enterprise,UK,1,2,26.0,26.0,24,28,27.8,2.8
2026-01-01,SUP-025,Supplier 025,Mexico,LATAM,0.71,PLT-05,Monterrey Plant,Mexico,LATAM,Government,Singapore,1,1,30.0,30.0,30,30,30.0,
2026-01-01,SUP-025,Supplier 025,Mexico,LATAM,0.71,PLT-05,Monterrey Plant,Mexico,LATAM,SMB,Singapore,1,1,28.0,28.0,28,28,28.0,
2026-01-01,SUP-025,Supplier 025,Mexico,LATAM,0.71,PLT-00,Shanghai Hub,China,APAC,SMB,Japan,1,1,27.0,27.0,27,27,27.0,
2026-01-01,SUP-025,Supplier 025,Mexico,LATAM,0.71,PLT-02,Detroit Works,USA,NA,SMB,USA,1,1,23.0,23.0,23,23,23.0,
2026-01-01,SUP-025,Supplier 025,Mexico,LATAM,0.71,PLT-01,Munich Center,Germany,EMEA,Enterprise,France,1,1,28.0,28.0,28,28,28.0,
2026-01-01,SUP-025,Supplier 025,Mexico,LATAM,0.71,PLT-01,Munich Center,Germany,EMEA,Enterprise,Japan,1,1,23.0,23.0,23,23,23.0,
2026-01-01,SUP-026,Supplier 026,Brazil,LATAM,0.73,PLT-00,Shanghai Hub,China,APAC,Government,Australia,1,2,32.0,32.0,30,34,33.8,2.8
2026-01-01,SUP-026,Supplier 026,Brazil,LATAM,0.73,PLT-02,Detroit Works,USA,NA,Enterprise,France,1,2,24.5,24.5,24,25,25.0,0.7
2026-01-01,SUP-026,Supplier 026,Brazil,LATAM,0.73,PLT-03,Tokyo Precision,Japan,APAC,SMB,Singapore,1,1,26.0,26.0,26,26,26.0,
2026-01-01,SUP-026,Supplier 026,Brazil,LATAM,0.73,PLT-08,Taipei Micro,Taiwan,APAC,Enterprise,Japan,1,1,30.0,30.0,30,30,30.0,
2026-01-01,SUP-026,Supplier 026,Brazil,LATAM,0.73,PLT-01,Munich Center,Germany,EMEA,SMB,UK,1,1,22.0,22.0,22,22,22.0,
2026-01-01,SUP-026,Supplier 026,Brazil,LATAM,0.73,PLT-06,Sao Paulo Ops,Brazil,LATAM,Enterprise,USA,1,1,21.0,21.0,21,21,21.0,
2026-01-01,SUP-026,Supplier 026,Brazil,LATAM,0.73,PLT-09,Hanoi Assembly,Vietnam,APAC,SMB,Australia,1,1,26.0,26.0,26,26,26.0,
2026-01-01,SUP-027,Supplier 027,South Korea,APAC,0.94,PLT-01,Munich Center,Germany,EMEA,SMB,Singapore,2,2,28.0,28.0,28,28,28.0,0.0
2026-01-01,SUP-027,Supplier 027,South Korea,APAC,0.94,PLT-03,Tokyo Precision,Japan,APAC,SMB,Australia,1,2,34.5,34.5,33,36,35.9,2.1
2026-01-01,SUP-027,Supplier 027,South Korea,APAC,0.94,PLT-07,Seoul Tech,South Korea,APAC,SMB,Australia,1,2,31.5,31.5,31,32,32.0,0.7
2026-01-01,SUP-027,Supplier 027,South Korea,APAC,0.94,PLT-06,Sao Paulo Ops,Brazil,LATAM,Government,France,1,1,30.0,30.0,30,30,30.0,
2026-01-01,SUP-027,Supplier 027,South Korea,APAC,0.94,PLT-09,Hanoi Assembly,Vietnam,APAC,Government,Germany,1,1,28.0,28.0,28,28,28.0,
2026-01-01,SUP-027,Supplier 027,South Korea,APAC,0.94,PLT-02,Detroit Works,USA,NA,Enterprise,France,1,2,26.5,26.5,25,28,27.9,2.1
2026-01-01,SUP-027,Supplier 027,South Korea,APAC,0.94,PLT-09,Hanoi Assembly,Vietnam,APAC,SMB,USA,1,1,32.0,32.0,32,32,32.0,
2026-01-01,SUP-027,Supplier 027,South Korea,APAC,0.94,PLT-06,Sao Paulo Ops,Brazil,LATAM,SMB,Canada,1,2,34.5,34.5,31,38,37.7,4.9
2026-01-01,SUP-027,Supplier 027,South Korea,APAC,0.94,PLT-02,Detroit Works,USA,NA,SMB,France,1,1,25.0,25.0,25,25,25.0,
2026-01-01,SUP-028,Supplier 028,Taiwan,APAC,0.84,PLT-06,Sao Paulo Ops,Brazil,LATAM,SMB,USA,1,1,30.0,30.0,30,30,30.0,
2026-01-01,SUP-028,Supplier 028,Taiwan,APAC,0.84,PLT-08,Taipei Micro,Taiwan,APAC,Enterprise,Japan,1,1,30.0,30.0,30,30,30.0,
2026-01-01,SUP-028,Supplier 028,Taiwan,APAC,0.84,PLT-01,Munich Center,Germany,EMEA,Enterprise,Japan,1,1,29.0,29.0,29,29,29.0,
2026-01-01,SUP-028,Supplier 028,Taiwan,APAC,0.84,PLT-08,Taipei Micro,Taiwan,APAC,Enterprise,USA,1,2,35.5,35.5,32,39,38.7,4.9
2026-01-01,SUP-028,Supplier 028,Taiwan,APAC,0.84,PLT-08,Taipei Micro,Taiwan,APAC,Government,USA,1,1,33.0,33.0,33,33,33.0,
2026-01-01,SUP-028,Supplier 028,Taiwan,APAC,0.84,PLT-06,Sao Paulo Ops,Brazil,LATAM,Enterprise,USA,1,1,33.0,33.0,33,33,33.0,
2026-01-01,SUP-029,Supplier 029,Vietnam,APAC,0.51,PLT-08,Taipei Micro,Taiwan,APAC,Enterprise,France,1,2,29.5,29.5,27,32,31.8,3.5
2026-01-01,SUP-029,Supplier 029,Vietnam,APAC,0.51,PLT-00,Shanghai Hub,China,APAC,SMB,Germany,1,1,30.0,30.0,30,30,30.0,
2026-01-01,SUP-030,Supplier 030,China,APAC,0.59,PLT-02,Detroit Works,USA,NA,SMB,France,1,1,22.0,22.0,22,22,22.0,
2026-01-01,SUP-030,Supplier 030,China,APAC,0.59,PLT-01,Munich Center,Germany,EMEA,SMB,Australia,1,1,29.0,29.0,29,29,29.0,
2026-01-01,SUP-030,Supplier 030,China,APAC,0.59,PLT-01,Munich Center,Germany,EMEA,Enterprise,Singapore,1,1,26.0,26.0,26,26,26.0,
2026-01-01,SUP-030,Supplier 030,China,APAC,0.59,PLT-08,Taipei Micro,Taiwan,APAC,Enterprise,USA,1,2,32.5,32.5,30,35,34.8,3.5
2026-01-01,SUP-030,Supplier 030,China,APAC,0.59,PLT-08,Taipei Micro,Taiwan,APAC,SMB,Australia,1,1,30.0,30.0,30,30,30.0,
2026-01-01,SUP-030,Supplier 030,China,APAC,0.59,PLT-07,Seoul Tech,South Korea,APAC,Enterprise,France,1,1,27.0,27.0,27,27,27.0,
2026-01-01,SUP-030,Supplier 030,China,APAC,0.59,PLT-09,Hanoi Assembly,Vietnam,APAC,Enterprise,Japan,1,1,32.0,32.0,32,32,32.0,
2026-01-01,SUP-030,Supplier 030,China,APAC,0.59,PLT-05,Monterrey Plant,Mexico,LATAM,Government,USA,1,1,25.0,25.0,25,25,25.0,
2026-01-01,SUP-030,Supplier 030,China,APAC,0.59,PLT-02,Detroit Works,USA,NA,Government,USA,1,1,21.0,21.0,21,21,21.0,
2026-01-01,SUP-031,Supplier 031,Germany,EMEA,0.92,PLT-09,Hanoi Assembly,Vietnam,APAC,Enterprise,Singapore,1,1,22.0,22.0,22,22,22.0,
2026-01-01,SUP-031,Supplier 031,Germany,EMEA,0.92,PLT-06,Sao Paulo Ops,Brazil,LATAM,SMB,France,1,2,28.0,28.0,26,30,29.8,2.8
2026-01-01,SUP-031,Supplier 031,Germany,EMEA,0.92,PLT-08,Taipei Micro,Taiwan,APAC,Government,Singapore,1,2,30.5,30.5,28,33,32.8,3.5
2026-01-01,SUP-031,Supplier 031,Germany,EMEA,0.92,PLT-05,Monterrey Plant,Mexico,LATAM,Enterprise,Canada,1,1,25.0,25.0,25,25,25.0,
2026-01-01,SUP-032,Supplier 032,USA,NA,0.78,PLT-04,Chennai Forge,India,APAC,SMB,France,1,1,14.0,14.0,14,14,14.0,
2026-01-01,SUP-032,Supplier 032,USA,NA,0.78,PLT-03,Tokyo Precision,Japan,APAC,Enterprise,Singapore,1,1,13.0,13.0,13,13,13.0,
2026-01-01,SUP-032,Supplier 032,USA,NA,0.78,PLT-09,Hanoi Assembly,Vietnam,APAC,Enterprise,Japan,1,1,16.0,16.0,16,16,16.0,
2026-01-01,SUP-032,Supplier 032,USA,NA,0.78,PLT-06,Sao Paulo Ops,Brazil,LATAM,Enterprise,Germany,1,1,13.0,13.0,13,13,13.0,
2026-01-01,SUP-032,Supplier 032,USA,NA,0.78,PLT-08,Taipei Micro,Taiwan,APAC,Enterprise,France,1,1,18.0,18.0,18,18,18.0,
2026-01-01,SUP-032,Supplier 032,USA,NA,0.78,PLT-02,Detroit Works,USA,NA,SMB,UK,1,1,14.0,14.0,14,14,14.0,
2026-01-01,SUP-033,Supplier 033,Japan,APAC,0.5,PLT-02,Detroit Works,USA,NA,Enterprise,USA,1,1,25.0,25.0,25,25,25.0,
2026-01-01,SUP-033,Supplier 033,Japan,APAC,0.5,PLT-05,Monterrey Plant,Mexico,LATAM,SMB,Australia,1,1,25.0,25.0,25,25,25.0,
2026-01-01,SUP-033,Supplier 033,Japan,APAC,0.5,PLT-00,Shanghai Hub,China,APAC,Enterprise,USA,1,1,19.0,19.0,19,19,19.0,
2026-01-01,SUP-033,Supplier 033,Japan,APAC,0.5,PLT-05,Monterrey Plant,Mexico,LATAM,SMB,Japan,1,2,26.0,26.0,22,30,29.6,5.7
2026-01-01,SUP-033,Supplier 033,Japan,APAC,0.5,PLT-03,Tokyo Precision,Japan,APAC,SMB,Germany,1,1,28.0,28.0,28,28,28.0,
2026-01-01,SUP-033,Supplier 033,Japan,APAC,0.5,PLT-01,Munich Center,Germany,EMEA,Government,Australia,1,1,27.0,27.0,27,27,27.0,
2026-01-01,SUP-033,Supplier 033,Japan,APAC,0.5,PLT-02,Detroit Works,USA,NA,Government,Australia,1,1,26.0,26.0,26,26,26.0,
2026-01-01,SUP-034,Supplier 034,India,APAC,0.95,PLT-02,Detroit Works,USA,NA,SMB,Germany,1,1,20.0,20.0,20,20,20.0,
2026-01-01,SUP-034,Supplier 034,India,APAC,0.95,PLT-02,Detroit Works,USA,NA,Government,Germany,1,2,22.0,22.0,18,26,25.6,5.7
2026-01-01,SUP-034,Supplier 034,India,APAC,0.95,PLT-00,Shanghai Hub,China,APAC,Enterprise,USA,1,1,21.0,21.0,21,21,21.0,
2026-01-01,SUP-034,Supplier 034,India,APAC,0.95,PLT-06,Sao Paulo Ops,Brazil,LATAM,SMB,Singapore,1,1,23.0,23.0,23,23,23.0,
2026-01-01,SUP-035,Supplier 035,Mexico,LATAM,0.77,PLT-08,Taipei Micro,Taiwan,APAC,Government,USA,1,1,23.0,23.0,23,23,23.0,
2026-01-01,SUP-035,Supplier 035,Mexico,LATAM,0.77,PLT-04,Chennai Forge,India,APAC,Enterprise,Canada,1,1,20.0,20.0,20,20,20.0,
2026-01-01,SUP-035,Supplier 035,Mexico,LATAM,0.77,PLT-02,Detroit Works,USA,NA,Enterprise,Japan,1,1,21.0,21.0,21,21,21.0,
2026-01-01,SUP-035,Supplier 035,Mexico,LATAM,0.77,PLT-07,Seoul Tech,South Korea,APAC,SMB,Australia,1,1,18.0,18.0,18,18,18.0,
2026-01-01,SUP-036,Supplier 036,Brazil,LATAM,0.76,PLT-06,Sao Paulo Ops,Brazil,LATAM,SMB,Canada,1,1,16.0,16.0,16,16,16.0,
2026-01-01,SUP-037,Supplier 037,South Korea,APAC,0.7,PLT-00,Shanghai Hub,China,APAC,SMB,France,1,1,29.0,29.0,29,29,29.0,
2026-01-01,SUP-037,Supplier 037,South Korea,APAC,0.7,PLT-06,Sao Paulo Ops,Brazil,LATAM,SMB,Singapore,1,1,25.0,25.0,25,25,25.0,
2026-01-01,SUP-037,Supplier 037,South Korea,APAC,0.7,PLT-07,Seoul Tech,South Korea,APAC,Government,Germany,1,1,28.0,28.0,28,28,28.0,
2026-01-01,SUP-037,Supplier 037,South Korea,APAC,0.7,PLT-00,Shanghai Hub,China,APAC,SMB,UK,1,1,32.0,32.0,32,32,32.0,
2026-01-01,SUP-037,Supplier 037,South Korea,APAC,0.7,PLT-04,Chennai Forge,India,APAC,Enterprise,Germany,1,1,27.0,27.0,27,27,27.0,
2026-01-01,SUP-038,Supplier 038,Taiwan,APAC,0.95,PLT-00,Shanghai Hub,China,APAC,Enterprise,Australia,1,1,30.0,30.0,30,30,30.0,
2026-01-01,SUP-038,Supplier 038,Taiwan,APAC,0.95,PLT-09,Hanoi Assembly,Vietnam,APAC,SMB,France,1,1,26.0,26.0,26,26,26.0,
2026-01-01,SUP-038,Supplier 038,Taiwan,APAC,0.95,PLT-01,Munich Center,Germany,EMEA,Enterprise,France,1,1,28.0,28.0,28,28,28.0,
2026-01-01,SUP-038,Supplier 038,Taiwan,APAC,0.95,PLT-01,Munich Center,Germany,EMEA,Enterprise,Canada,1,2,25.5,25.5,25,26,26.0,0.7
2026-01-01,SUP-038,Supplier 038,Taiwan,APAC,0.95,PLT-09,Hanoi Assembly,Vietnam,APAC,SMB,Australia,1,2,33.5,33.5,28,39,38.5,7.8
2026-01-01,SUP-038,Supplier 038,Taiwan,APAC,0.95,PLT-03,Tokyo Precision,Japan,APAC,Enterprise,Singapore,1,1,29.0,29.0,29,29,29.0,
2026-01-01,SUP-038,Supplier 038,Taiwan,APAC,0.95,PLT-04,Chennai Forge,India,APAC,SMB,Japan,1,1,27.0,27.0,27,27,27.0,
2026-01-01,SUP-039,Supplier 039,Vietnam,APAC,0.68,PLT-06,Sao Paulo Ops,Brazil,LATAM,Government,Australia,1,1,23.0,23.0,23,23,23.0,
2026-01-01,SUP-039,Supplier 039,Vietnam,APAC,0.68,PLT-02,Detroit Works,USA,NA,SMB,Singapore,1,1,19.0,19.0,19,19,19.0,
2026-01-01,SUP-039,Supplier 039,Vietnam,APAC,0.68,PLT-05,Monterrey Plant,Mexico,LATAM,Enterprise,Australia,1,1,24.0,24.0,24,24,24.0,
2026-01-01,SUP-039,Supplier 039,Vietnam,APAC,0.68,PLT-04,Chennai Forge,India,APAC,Enterprise,UK,1,1,24.0,24.0,24,24,24.0,
2026-01-01,SUP-039,Supplier 039,Vietnam,APAC,0.68,PLT-04,Chennai Forge,India,APAC,SMB,France,1,2,28.5,28.5,26,31,30.8,3.5
2026-01-01,SUP-039,Supplier 039,Vietnam,APAC,0.68,PLT-07,Seoul Tech,South Korea,APAC,SMB,Australia,1,1,25.0,25.0,25,25,25.0,
2026-01-01,SUP-040,Supplier 040,China,APAC,0.96,PLT-00,Shanghai Hub,China,APAC,Enterprise,Japan,1,1,21.0,21.0,21,21,21.0,
2026-01-01,SUP-040,Supplier 040,China,APAC,0.96,PLT-03,Tokyo Precision,Japan,APAC,Government,UK,1,2,22.0,22.0,22,22,22.0,0.0
2026-01-01,SUP-040,Supplier 040,China,APAC,0.96,PLT-07,Seoul Tech,South Korea,APAC,Government,Germany,1,1,25.0,25.0,25,25,25.0,
2026-01-01,SUP-040,Supplier 040,China,APAC,0.96,PLT-04,Chennai Forge,India,APAC,Government,France,1,1,25.0,25.0,25,25,25.0,
2026-01-01,SUP-041,Supplier 041,Germany,EMEA,0.64,PLT-00,Shanghai Hub,China,APAC,SMB,France,1,2,27.5,27.5,22,33,32.5,7.8
2026-01-01,SUP-041,Supplier 041,Germany,EMEA,0.64,PLT-08,Taipei Micro,Taiwan,APAC,SMB,UK,1,1,22.0,22.0,22,22,22.0,
2026-01-01,SUP-041,Supplier 041,Germany,EMEA,0.64,PLT-07,Seoul Tech,South Korea,APAC,SMB,UK,1,1,24.0,24.0,24,24,24.0,
2026-01-01,SUP-041,Supplier 041,Germany,EMEA,0.64,PLT-05,Monterrey Plant,Mexico,LATAM,SMB,Canada,1,1,23.0,23.0,23,23,23.0,
2026-01-01,SUP-042,Supplier 042,USA,NA,0.91,PLT-06,Sao Paulo Ops,Brazil,LATAM,SMB,Canada,1,1,18.0,18.0,18,18,18.0,
2026-01-01,SUP-042,Supplier 042,USA,NA,0.91,PLT-01,Munich Center,Germany,EMEA,SMB,Australia,1,1,11.0,11.0,11,11,11.0,
2026-01-01,SUP-042,Supplier 042,USA,NA,0.91,PLT-06,Sao Paulo Ops,Brazil,LATAM,Enterprise,France,1,1,18.0,18.0,18,18,18.0,
2026-01-01,SUP-042,Supplier 042,USA,NA,0.91,PLT-05,Monterrey Plant,Mexico,LATAM,Enterprise,Canada,1,1,15.0,15.0,15,15,15.0,
2026-01-01,SUP-042,Supplier 042,USA,NA,0.91,PLT-09,Hanoi Assembly,Vietnam,APAC,Enterprise,Australia,1,1,20.0,20.0,20,20,20.0,
2026-01-01,SUP-043,Supplier 043,Japan,APAC,0.98,PLT-08,Taipei Micro,Taiwan,APAC,Government,USA,1,1,25.0,25.0,25,25,25.0,
2026-01-01,SUP-043,Supplier 043,Japan,APAC,0.98,PLT-07,Seoul Tech,South Korea,APAC,Enterprise,Canada,1,2,31.5,31.5,28,35,34.7,4.9
2026-01-01,SUP-043,Supplier 043,Japan,APAC,0.98,PLT-03,Tokyo Precision,Japan,APAC,SMB,Singapore,1,1,25.0,25.0,25,25,25.0,
2026-01-01,SUP-043,Supplier 043,Japan,APAC,0.98,PLT-01,Munich Center,Germany,EMEA,Government,Australia,1,1,22.0,22.0,22,22,22.0,
2026-01-01,SUP-044,Supplier 044,India,APAC,0.55,PLT-04,Chennai Forge,India,APAC,SMB,USA,1,1,32.0,32.0,32,32,32.0,
2026-01-01,SUP-044,Supplier 044,India,APAC,0.55,PLT-01,Munich Center,Germany,EMEA,Enterprise,Australia,1,1,30.0,30.0,30,30,30.0,
2026-01-01,SUP-044,Supplier 044,India,APAC,0.55,PLT-06,Sao Paulo Ops,Brazil,LATAM,SMB,Japan,1,1,28.0,28.0,28,28,28.0,
2026-01-01,SUP-044,Supplier 044,India,APAC,0.55,PLT-05,Monterrey Plant,Mexico,LATAM,SMB,UK,1,2,30.5,30.5,24,37,36.4,9.2
2026-01-01,SUP-044,Supplier 044,India,APAC,0.55,PLT-08,Taipei Micro,Taiwan,APAC,Enterprise,Japan,1,1,31.0,31.0,31,31,31.0,
2026-01-01,SUP-044,Supplier 044,India,APAC,0.55,PLT-06,Sao Paulo Ops,Brazil,LATAM,Enterprise,Canada,1,1,25.0,25.0,25,25,25.0,
2026-01-01,SUP-044,Supplier 044,India,APAC,0.55,PLT-05,Monterrey Plant,Mexico,LATAM,SMB,Canada,1,1,30.0,30.0,30,30,30.0,
2026-01-01,SUP-045,Supplier 045,Mexico,LATAM,0.92,PLT-07,Seoul Tech,South Korea,APAC,SMB,Australia,1,1,25.0,25.0,25,25,25.0,
2026-01-01,SUP-045,Supplier 045,Mexico,LATAM,0.92,PLT-01,Munich Center,Germany,EMEA,SMB,France,1,1,17.0,17.0,17,17,17.0,
2026-01-01,SUP-045,Supplier 045,Mexico,LATAM,0.92,PLT-07,Seoul Tech,South Korea,APAC,SMB,Singapore,1,1,24.0,24.0,24,24,24.0,
2026-01-01,SUP-045,Supplier 045,Mexico,LATAM,0.92,PLT-08,Taipei Micro,Taiwan,APAC,SMB,Australia,1,1,24.0,24.0,24,24,24.0,
2026-01-01,SUP-045,Supplier 045,Mexico,LATAM,0.92,PLT-07,Seoul Tech,South Korea,APAC,SMB,UK,1,1,25.0,25.0,25,25,25.0,
2026-01-01,SUP-045,Supplier 045,Mexico,LATAM,0.92,PLT-00,Shanghai Hub,China,APAC,SMB,Singapore,1,1,25.0,25.0,25,25,25.0,
2026-01-01,SUP-045,Supplier 045,Mexico,LATAM,0.92,PLT-08,Taipei Micro,Taiwan,APAC,Government,UK,1,1,22.0,22.0,22,22,22.0,
2026-01-01,SUP-046,Supplier 046,Brazil,LATAM,0.96,PLT-05,Monterrey Plant,Mexico,LATAM,Government,Australia,1,1,26.0,26.0,26,26,26.0,
2026-01-01,SUP-046,Supplier 046,Brazil,LATAM,0.96,PLT-03,Tokyo Precision,Japan,APAC,Government,Germany,1,1,28.0,28.0,28,28,28.0,
2026-01-01,SUP-046,Supplier 046,Brazil,LATAM,0.96,PLT-02,Detroit Works,USA,NA,SMB,Australia,1,1,24.0,24.0,24,24,24.0,
2026-01-01,SUP-046,Supplier 046,Brazil,LATAM,0.96,PLT-05,Monterrey Plant,Mexico,LATAM,SMB,Singapore,1,1,27.0,27.0,27,27,27.0,
2026-01-01,SUP-046,Supplier 046,Brazil,LATAM,0.96,PLT-04,Chennai Forge,India,APAC,SMB,Australia,1,2,27.5,27.5,27,28,28.0,0.7
2026-01-01,SUP-046,Supplier 046,Brazil,LATAM,0.96,PLT-03,Tokyo Precision,Japan,APAC,SMB,France,1,1,24.0,24.0,24,24,24.0,
2026-01-01,SUP-046,Supplier 046,Brazil,LATAM,0.96,PLT-07,Seoul Tech,South Korea,APAC,SMB,UK,1,1,25.0,25.0,25,25,25.0,
2026-01-01,SUP-046,Supplier 046,Brazil,LATAM,0.96,PLT-07,Seoul Tech,South Korea,APAC,Enterprise,USA,1,2,29.5,29.5,29,30,30.0,0.7
2026-01-01,SUP-047,Supplier 047,South Korea,APAC,0.59,PLT-04,Chennai Forge,India,APAC,SMB,UK,1,1,30.0,30.0,30,30,30.0,
2026-01-01,SUP-047,Supplier 047,South Korea,APAC,0.59,PLT-03,Tokyo Precision,Japan,APAC,Government,Australia,1,2,37.0,37.0,35,39,38.8,2.8
2026-01-01,SUP-047,Supplier 047,South Korea,APAC,0.59,PLT-03,Tokyo Precision,Japan,APAC,Government,France,1,2,35.5,35.5,35,36,36.0,0.7
2026-01-01,SUP-047,Supplier 047,South Korea,APAC,0.59,PLT-04,Chennai Forge,India,APAC,Government,Singapore,1,2,34.0,34.0,31,37,36.7,4.2
2026-01-01,SUP-047,Supplier 047,South Korea,APAC,0.59,PLT-08,Taipei Micro,Taiwan,APAC,Government,Germany,1,1,32.0,32.0,32,32,32.0,
2026-01-01,SUP-047,Supplier 047,South Korea,APAC,0.59,PLT-03,Tokyo Precision,Japan,APAC,SMB,Germany,1,1,34.0,34.0,34,34,34.0,
2026-01-01,SUP-047,Supplier 047,South Korea,APAC,0.59,PLT-06,Sao Paulo Ops,Brazil,LATAM,Government,Australia,1,1,29.0,29.0,29,29,29.0,
2026-01-01,SUP-047,Supplier 047,South Korea,APAC,0.59,PLT-04,Chennai Forge,India,APAC,SMB,USA,1,1,33.0,33.0,33,33,33.0,
2026-01-01,SUP-048,Supplier 048,Taiwan,APAC,0.54,PLT-07,Seoul Tech,South Korea,APAC,SMB,Canada,1,1,33.0,33.0,33,33,33.0,
2026-01-01,SUP-048,Supplier 048,Taiwan,APAC,0.54,PLT-02,Detroit Works,USA,NA,Government,Germany,1,1,28.0,28.0,28,28,28.0,
2026-01-01,SUP-048,Supplier 048,Taiwan,APAC,0.54,PLT-04,Chennai Forge,India,APAC,SMB,Singapore,1,1,33.0,33.0,33,33,33.0,
2026-01-01,SUP-049,Supplier 049,Vietnam,APAC,0.75,PLT-00,Shanghai Hub,China,APAC,SMB,Singapore,1,1,34.0,34.0,34,34,34.0,
2026-01-01,SUP-049,Supplier 049,Vietnam,APAC,0.75,PLT-01,Munich Center,Germany,EMEA,Enterprise,USA,1,2,36.0,36.0,35,37,36.9,1.4
2026-01-01,SUP-049,Supplier 049,Vietnam,APAC,0.75,PLT-09,Hanoi Assembly,Vietnam,APAC,SMB,Germany,1,1,40.0,40.0,40,40,40.0,
2026-01-01,SUP-049,Supplier 049,Vietnam,APAC,0.75,PLT-08,Taipei Micro,Taiwan,APAC,SMB,USA,1,2,36.0,36.0,34,38,37.8,2.8
2026-01-01,SUP-049,Supplier 049,Vietnam,APAC,0.75,PLT-05,Monterrey Plant,Mexico,LATAM,Government,Canada,1,1,36.0,36.0,36,36,36.0,
2026-01-01,SUP-049,Supplier 049,Vietnam,APAC,0.75,PLT-03,Tokyo Precision,Japan,APAC,Enterprise,Japan,1,2,38.0,38.0,37,39,38.9,1.4
2026-01-01,SUP-049,Supplier 049,Vietnam,APAC,0.75,PLT-00,Shanghai Hub,China,APAC,Enterprise,USA,1,2,40.5,40.5,40,41,41.0,0.7
2026-02-01,SUP-000,Supplier 000,China,APAC,0.85,PLT-05,Monterrey Plant,Mexico,LATAM,SMB,UK,1,1,25.0,25.0,25,25,25.0,
2026-02-01,SUP-000,Supplier 000,China,APAC,0.85,PLT-06,Sao Paulo Ops,Brazil,LATAM,Enterprise,France,1,1,25.0,25.0,25,25,25.0,
2026-02-01,SUP-000,Supplier 000,China,APAC,0.85,PLT-08,Taipei Micro,Taiwan,APAC,Government,Germany,1,1,20.0,20.0,20,20,20.0,
2026-02-01,SUP-000,Supplier 000,China,APAC,0.85,PLT-03,Tokyo Precision,Japan,APAC,Government,USA,1,1,21.0,21.0,21,21,21.0,
2026-02-01,SUP-000,Supplier 000,China,APAC,0.85,PLT-06,Sao Paulo Ops,Brazil,LATAM,SMB,Singapore,1,1,21.0,21.0,21,21,21.0,
2026-02-01,SUP-000,Supplier 000,China,APAC,0.85,PLT-04,Chennai Forge,India,APAC,Enterprise,USA,1,1,24.0,24.0,24,24,24.0,
2026-02-01,SUP-000,Supplier 000,China,APAC,0.85,PLT-09,Hanoi Assembly,Vietnam,APAC,Government,Germany,1,1,23.0,23.0,23,23,23.0,
2026-02-01,SUP-000,Supplier 000,China,APAC,0.85,PLT-01,Munich Center,Germany,EMEA,Government,Canada,1,1,19.0,19.0,19,19,19.0,
2026-02-01,SUP-000,Supplier 000,China,APAC,0.85,PLT-07,Seoul Tech,South Korea,APAC,SMB,USA,1,1,19.0,19.0,19,19,19.0,
2026-02-01,SUP-001,Supplier 001,Germany,EMEA,0.7,PLT-05,Monterrey Plant,Mexico,LATAM,Enterprise,Japan,1,1,18.0,18.0,18,18,18.0,
2026-02-01,SUP-001,Supplier 001,Germany,EMEA,0.7,PLT-02,Detroit Works,USA,NA,Enterprise,Canada,1,1,15.0,15.0,15,15,15.0,
2026-02-01,SUP-001,Supplier 001,Germany,EMEA,0.7,PLT-02,Detroit Works,USA,NA,Government,Germany,1,1,12.0,12.0,12,12,12.0,
2026-02-01,SUP-001,Supplier 001,Germany,EMEA,0.7,PLT-07,Seoul Tech,South Korea,APAC,Government,USA,1,1,22.0,22.0,22,22,22.0,
2026-02-01,SUP-001,Supplier 001,Germany,EMEA,0.7,PLT-08,Taipei Micro,Taiwan,APAC,SMB,Australia,1,1,15.0,15.0,15,15,15.0,
2026-02-01,SUP-001,Supplier 001,Germany,EMEA,0.7,PLT-03,Tokyo Precision,Japan,APAC,Enterprise,Germany,1,1,15.0,15.0,15,15,15.0,
2026-02-01,SUP-002,Supplier 002,USA,NA,0.74,PLT-06,Sao Paulo Ops,Brazil,LATAM,Government,USA,1,1,22.0,22.0,22,22,22.0,
2026-02-01,SUP-002,Supplier 002,USA,NA,0.74,PLT-07,Seoul Tech,South Korea,APAC,Enterprise,France,1,2,24.5,24.5,24,25,25.0,0.7
2026-02-01,SUP-002,Supplier 002,USA,NA,0.74,PLT-03,Tokyo Precision,Japan,APAC,SMB,Japan,1,1,18.0,18.0,18,18,18.0,
2026-02-01,SUP-003,Supplier 003,Japan,APAC,0.64,PLT-02,Detroit Works,USA,NA,Enterprise,Australia,1,1,25.0,25.0,25,25,25.0,
2026-02-01,SUP-003,Supplier 003,Japan,APAC,0.64,PLT-07,Seoul Tech,South Korea,APAC,Enterprise,Japan,1,2,30.5,30.5,27,34,33.7,4.9
2026-02-01,SUP-003,Supplier 003,Japan,APAC,0.64,PLT-05,Monterrey Plant,Mexico,LATAM,Government,UK,1,1,29.0,29.0,29,29,29.0,
2026-02-01,SUP-003,Supplier 003,Japan,APAC,0.64,PLT-04,Chennai Forge,India,APAC,Enterprise,UK,1,1,27.0,27.0,27,27,27.0,
2026-02-01,SUP-004,Supplier 004,India,APAC,0.69,PLT-02,Detroit Works,USA,NA,Government,USA,1,1,27.0,27.0,27,27,27.0,
2026-02-01,SUP-004,Supplier 004,India,APAC,0.69,PLT-01,Munich Center,Germany,EMEA,Enterprise,Australia,1,1,28.0,28.0,28,28,28.0,
2026-02-01,SUP-004,Supplier 004,India,APAC,0.69,PLT-08,Taipei Micro,Taiwan,APAC,Enterprise,Australia,1,1,33.0,33.0,33,33,33.0,
2026-02-01,SUP-004,Supplier 004,India,APAC,0.69,PLT-00,Shanghai Hub,China,APAC,Government,Germany,1,2,35.0,35.0,31,39,38.6,5.7
2026-02-01,SUP-004,Supplier 004,India,APAC,0.69,PLT-03,Tokyo Precision,Japan,APAC,Enterprise,Australia,1,1,36.0,36.0,36,36,36.0,
2026-02-01,SUP-004,Supplier 004,India,APAC,0.69,PLT-08,Taipei Micro,Taiwan,APAC,SMB,France,1,2,32.5,32.5,29,36,35.7,4.9
2026-02-01,SUP-004,Supplier 004,India,APAC,0.69,PLT-09,Hanoi Assembly,Vietnam,APAC,Enterprise,Japan,1,1,29.0,29.0,29,29,29.0,
2026-02-01,SUP-004,Supplier 004,India,APAC,0.69,PLT-07,Seoul Tech,South Korea,APAC,SMB,UK,1,1,34.0,34.0,34,34,34.0,
2026-02-01,SUP-004,Supplier 004,India,APAC,0.69,PLT-03,Tokyo Precision,Japan,APAC,Enterprise,Germany,1,1,33.0,33.0,33,33,33.0,
2026-02-01,SUP-004,Supplier 004,India,APAC,0.69,PLT-07,Seoul Tech,South Korea,APAC,SMB,Germany,1,1,28.0,28.0,28,28,28.0,
2026-02-01,SUP-004,Supplier 004,India,APAC,0.69,PLT-02,Detroit Works,USA,NA,Enterprise,USA,1,1,28.0,28.0,28,28,28.0,
2026-02-01,SUP-004,Supplier 004,India,APAC,0.69,PLT-09,Hanoi Assembly,Vietnam,APAC,SMB,Canada,1,1,35.0,35.0,35,35,35.0,
2026-02-01,SUP-005,Supplier 005,Mexico,LATAM,0.77,PLT-08,Taipei Micro,Taiwan,APAC,SMB,USA,1,1,20.0,20.0,20,20,20.0,
2026-02-01,SUP-005,Supplier 005,Mexico,LATAM,0.77,PLT-02,Detroit Works,USA,NA,SMB,Germany,1,1,20.0,20.0,20,20,20.0,
2026-02-01,SUP-005,Supplier 005,Mexico,LATAM,0.77,PLT-08,Taipei Micro,Taiwan,APAC,Enterprise,Canada,1,2,23.5,23.5,22,25,24.9,2.1
2026-02-01,SUP-005,Supplier 005,Mexico,LATAM,0.77,PLT-01,Munich Center,Germany,EMEA,SMB,USA,1,2,22.5,22.5,21,24,23.9,2.1
2026-02-01,SUP-005,Supplier 005,Mexico,LATAM,0.77,PLT-06,Sao Paulo Ops,Brazil,LATAM,SMB,Canada,1,1,23.0,23.0,23,23,23.0,
2026-02-01,SUP-005,Supplier 005,Mexico,LATAM,0.77,PLT-00,Shanghai Hub,China,APAC,Government,USA,1,1,23.0,23.0,23,23,23.0,
2026-02-01,SUP-005,Supplier 005,Mexico,LATAM,0.77,PLT-01,Munich Center,Germany,EMEA,Enterprise,Germany,1,1,23.0,23.0,23,23,23.0,
2026-02-01,SUP-005,Supplier 005,Mexico,LATAM,0.77,PLT-06,Sao Paulo Ops,Brazil,LATAM,SMB,Singapore,1,1,25.0,25.0,25,25,25.0,
2026-02-01,SUP-005,Supplier 005,Mexico,LATAM,0.77,PLT-08,Taipei Micro,Taiwan,APAC,SMB,UK,1,1,22.0,22.0,22,22,22.0,
2026-02-01,SUP-005,Supplier 005,Mexico,LATAM,0.77,PLT-03,Tokyo Precision,Japan,APAC,SMB,Singapore,1,1,23.0,23.0,23,23,23.0,
2026-02-01,SUP-005,Supplier 005,Mexico,LATAM,0.77,PLT-04,Chennai Forge,India,APAC,Enterprise,France,1,1,24.0,24.0,24,24,24.0,
2026-02-01,SUP-006,Supplier 006,Brazil,LATAM,0.61,PLT-07,Seoul Tech,South Korea,APAC,Government,Canada,1,1,34.0,34.0,34,34,34.0,
2026-02-01,SUP-006,Supplier 006,Brazil,LATAM,0.61,PLT-05,Monterrey Plant,Mexico,LATAM,Enterprise,Canada,1,1,27.0,27.0,27,27,27.0,
2026-02-01,SUP-006,Supplier 006,Brazil,LATAM,0.61,PLT-08,Taipei Micro,Taiwan,APAC,Government,Germany,1,1,29.0,29.0,29,29,29.0,
2026-02-01,SUP-006,Supplier 006,Brazil,LATAM,0.61,PLT-05,Monterrey Plant,Mexico,LATAM,Government,Australia,1,2,29.0,29.0,25,33,32.6,5.7
2026-02-01,SUP-006,Supplier 006,Brazil,LATAM,0.61,PLT-02,Detroit Works,USA,NA,Enterprise,France,1,1,22.0,22.0,22,22,22.0,
2026-02-01,SUP-007,Supplier 007,South Korea,APAC,0.84,PLT-08,Taipei Micro,Taiwan,APAC,Enterprise,USA,1,1,33.0,33.0,33,33,33.0,
2026-02-01,SUP-007,Supplier 007,South Korea,APAC,0.84,PLT-01,Munich Center,Germany,EMEA,Enterprise,Germany,1,1,27.0,27.0,27,27,27.0,
2026-02-01,SUP-007,Supplier 007,South Korea,APAC,0.84,PLT-08,Taipei Micro,Taiwan,APAC,SMB,Singapore,1,1,29.0,29.0,29,29,29.0,
2026-02-01,SUP-007,Supplier 007,South Korea,APAC,0.84,PLT-00,Shanghai Hub,China,APAC,SMB,UK,1,1,30.0,30.0,30,30,30.0,
2026-02-01,SUP-007,Supplier 007,South Korea,APAC,0.84,PLT-08,Taipei Micro,Taiwan,APAC,SMB,USA,1,1,25.0,25.0,25,25,25.0,
2026-02-01,SUP-007,Supplier 007,South Korea,APAC,0.84,PLT-01,Munich Center,Germany,EMEA,Enterprise,Singapore,1,1,23.0,23.0,23,23,23.0,
2026-02-01,SUP-007,Supplier 007,South Korea,APAC,0.84,PLT-07,Seoul Tech,South Korea,APAC,SMB,Australia,1,1,30.0,30.0,30,30,30.0,
2026-02-01,SUP-008,Supplier 008,Taiwan,APAC,0.73,PLT-08,Taipei Micro,Taiwan,APAC,SMB,Australia,1,1,26.0,26.0,26,26,26.0,
2026-02-01,SUP-008,Supplier 008,Taiwan,APAC,0.73,PLT-01,Munich Center,Germany,EMEA,SMB,Japan,1,1,27.0,27.0,27,27,27.0,
2026-02-01,SUP-008,Supplier 008,Taiwan,APAC,0.73,PLT-04,Chennai Forge,India,APAC,SMB,USA,1,1,29.0,29.0,29,29,29.0,
2026-02-01,SUP-008,Supplier 008,Taiwan,APAC,0.73,PLT-01,Munich Center,Germany,EMEA,Enterprise,USA,1,2,29.5,29.5,28,31,30.9,2.1
2026-02-01,SUP-008,Supplier 008,Taiwan,APAC,0.73,PLT-09,Hanoi Assembly,Vietnam,APAC,Government,USA,1,2,31.5,31.5,31,32,32.0,0.7
2026-02-01,SUP-008,Supplier 008,Taiwan,APAC,0.73,PLT-07,Seoul Tech,South Korea,APAC,SMB,France,1,2,32.0,32.0,29,35,34.7,4.2
2026-02-01,SUP-008,Supplier 008,Taiwan,APAC,0.73,PLT-03,Tokyo Precision,Japan,APAC,SMB,Singapore,1,2,32.5,32.5,30,35,34.8,3.5
2026-02-01,SUP-008,Supplier 008,Taiwan,APAC,0.73,PLT-00,Shanghai Hub,China,APAC,Enterprise,France,1,1,28.0,28.0,28,28,28.0,
2026-02-01,SUP-008,Supplier 008,Taiwan,APAC,0.73,PLT-03,Tokyo Precision,Japan,APAC,Government,UK,1,1,27.0,27.0,27,27,27.0,
2026-02-01,SUP-009,Supplier 009,Vietnam,APAC,1.0,PLT-07,Seoul Tech,South Korea,APAC,SMB,Japan,1,1,28.0,28.0,28,28,28.0,
2026-02-01,SUP-009,Supplier 009,Vietnam,APAC,1.0,PLT-03,Tokyo Precision,Japan,APAC,Government,UK,1,1,29.0,29.0,29,29,29.0,
2026-02-01,SUP-010,Supplier 010,China,APAC,0.76,PLT-06,Sao Paulo Ops,Brazil,LATAM,Government,USA,1,1,20.0,20.0,20,20,20.0,
2026-02-01,SUP-010,Supplier 010,China,APAC,0.76,PLT-07,Seoul Tech,South Korea,APAC,Enterprise,Germany,1,1,21.0,21.0,21,21,21.0,
2026-02-01,SUP-010,Supplier 010,China,APAC,0.76,PLT-01,Munich Center,Germany,EMEA,SMB,Germany,1,1,23.0,23.0,23,23,23.0,
2026-02-01,SUP-011,Supplier 011,Germany,EMEA,0.53,PLT-09,Hanoi Assembly,Vietnam,APAC,SMB,Australia,1,1,29.0,29.0,29,29,29.0,
2026-02-01,SUP-011,Supplier 011,Germany,EMEA,0.53,PLT-04,Chennai Forge,India,APAC,Enterprise,Japan,1,2,31.5,31.5,30,33,32.9,2.1
2026-02-01,SUP-011,Supplier 011,Germany,EMEA,0.53,PLT-02,Detroit Works,USA,NA,SMB,UK,1,1,28.0,28.0,28,28,28.0,
2026-02-01,SUP-011,Supplier 011,Germany,EMEA,0.53,PLT-01,Munich Center,Germany,EMEA,Enterprise,USA,1,2,31.0,31.0,27,35,34.6,5.7
2026-02-01,SUP-011,Supplier 011,Germany,EMEA,0.53,PLT-09,Hanoi Assembly,Vietnam,APAC,SMB,Canada,1,1,24.0,24.0,24,24,24.0,
2026-02-01,SUP-011,Supplier 011,Germany,EMEA,0.53,PLT-09,Hanoi Assembly,Vietnam,APAC,Enterprise,Australia,1,1,32.0,32.0,32,32,32.0,
2026-02-01,SUP-012,Supplier 012,USA,NA,0.66,PLT-06,Sao Paulo Ops,Brazil,LATAM,Enterprise,USA,1,1,15.0,15.0,15,15,15.0,
2026-02-01,SUP-012,Supplier 012,USA,NA,0.66,PLT-09,Hanoi Assembly,Vietnam,APAC,Enterprise,France,1,1,14.0,14.0,14,14,14.0,
2026-02-01,SUP-012,Supplier 012,USA,NA,0.66,PLT-05,Monterrey Plant,Mexico,LATAM,SMB,Singapore,1,1,21.0,21.0,21,21,21.0,
2026-02-01,SUP-012,Supplier 012,USA,NA,0.66,PLT-07,Seoul Tech,South Korea,APAC,SMB,Singapore,1,2,23.5,23.5,22,25,24.9,2.1
2026-02-01,SUP-012,Supplier 012,USA,NA,0.66,PLT-01,Munich Center,Germany,EMEA,SMB,Singapore,1,1,16.0,16.0,16,16,16.0,
2026-02-01,SUP-012,Supplier 012,USA,NA,0.66,PLT-04,Chennai Forge,India,APAC,Government,Germany,1,1,19.0,19.0,19,19,19.0,
2026-02-01,SUP-012,Supplier 012,USA,NA,0.66,PLT-06,Sao Paulo Ops,Brazil,LATAM,Enterprise,Canada,1,1,18.0,18.0,18,18,18.0,
2026-02-01,SUP-013,Supplier 013,Japan,APAC,0.89,PLT-01,Munich Center,Germany,EMEA,SMB,UK,1,2,33.0,33.0,29,37,36.6,5.7
2026-02-01,SUP-013,Supplier 013,Japan,APAC,0.89,PLT-08,Taipei Micro,Taiwan,APAC,SMB,Singapore,2,2,34.5,34.5,32,37,36.8,3.5
2026-02-01,SUP-013,Supplier 013,Japan,APAC,0.89,PLT-03,Tokyo Precision,Japan,APAC,SMB,France,1,2,35.5,35.5,33,38,37.8,3.5
2026-02-01,SUP-013,Supplier 013,Japan,APAC,0.89,PLT-05,Monterrey Plant,Mexico,LATAM,Enterprise,UK,1,1,35.0,35.0,35,35,35.0,
2026-02-01,SUP-013,Supplier 013,Japan,APAC,0.89,PLT-04,Chennai Forge,India,APAC,SMB,France,1,1,37.0,37.0,37,37,37.0,
2026-02-01,SUP-013,Supplier 013,Japan,APAC,0.89,PLT-03,Tokyo Precision,Japan,APAC,Enterprise,Canada,1,1,36.0,36.0,36,36,36.0,
2026-02-01,SUP-013,Supplier 013,Japan,APAC,0.89,PLT-09,Hanoi Assembly,Vietnam,APAC,SMB,UK,1,2,37.5,37.5,36,39,38.9,2.1
2026-02-01,SUP-013,Supplier 013,Japan,APAC,0.89,PLT-05,Monterrey Plant,Mexico,LATAM,SMB,UK,1,1,32.0,32.0,32,32,32.0,
2026-02-01,SUP-014,Supplier 014,India,APAC,0.95,PLT-06,Sao Paulo Ops,Brazil,LATAM,Enterprise,Germany,1,1,29.0,29.0,29,29,29.0,
2026-02-01,SUP-014,Supplier 014,India,APAC,0.95,PLT-01,Munich Center,Germany,EMEA,SMB,Canada,1,1,26.0,26.0,26,26,26.0,
2026-02-01,SUP-014,Supplier 014,India,APAC,0.95,PLT-00,Shanghai Hub,China,APAC,SMB,France,1,2,34.0,34.0,28,40,39.4,8.5
2026-02-01,SUP-014,Supplier 014,India,APAC,0.95,PLT-03,Tokyo Precision,Japan,APAC,Enterprise,Australia,1,2,35.5,35.5,31,40,39.6,6.4
2026-02-01,SUP-014,Supplier 014,India,APAC,0.95,PLT-00,Shanghai Hub,China,APAC,SMB,Singapore,1,1,33.0,33.0,33,33,33.0,
2026-02-01,SUP-014,Supplier 014,India,APAC,0.95,PLT-09,Hanoi Assembly,Vietnam,APAC,Government,Singapore,1,1,34.0,34.0,34,34,34.0,
2026-02-01,SUP-014,Supplier 014,India,APAC,0.95,PLT-09,Hanoi Assembly,Vietnam,APAC,Enterprise,Germany,1,1,34.0,34.0,34,34,34.0,
2026-02-01,SUP-014,Supplier 014,India,APAC,0.95,PLT-02,Detroit Works,USA,NA,Government,Germany,1,2,29.5,29.5,29,30,30.0,0.7
2026-02-01,SUP-015,Supplier 015,Mexico,LATAM,0.75,PLT-08,Taipei Micro,Taiwan,APAC,Enterprise,Germany,1,1,31.0,31.0,31,31,31.0,
2026-02-01,SUP-015,Supplier 015,Mexico,LATAM,0.75,PLT-05,Monterrey Plant,Mexico,LATAM,SMB,USA,1,2,27.0,27.0,23,31,30.6,5.7
2026-02-01,SUP-016,Supplier 016,Brazil,LATAM,0.66,PLT-03,Tokyo Precision,Japan,APAC,SMB,Germany,1,1,26.0,26.0,26,26,26.0,
2026-02-01,SUP-016,Supplier 016,Brazil,LATAM,0.66,PLT-00,Shanghai Hub,China,APAC,Government,Canada,1,1,29.0,29.0,29,29,29.0,
2026-02-01,SUP-016,Supplier 016,Brazil,LATAM,0.66,PLT-05,Monterrey Plant,Mexico,LATAM,Enterprise,Japan,1,1,32.0,32.0,32,32,32.0,
2026-02-01,SUP-016,Supplier 016,Brazil,LATAM,0.66,PLT-05,Monterrey Plant,Mexico,LATAM,Enterprise,Canada,1,1,28.0,28.0,28,28,28.0,
2026-02-01,SUP-016,Supplier 016,Brazil,LATAM,0.66,PLT-03,Tokyo Precision,Japan,APAC,SMB,Canada,1,1,28.0,28.0,28,28,28.0,
2026-02-01,SUP-016,Supplier 016,Brazil,LATAM,0.66,PLT-04,Chennai Forge,India,APAC,Government,Canada,1,1,29.0,29.0,29,29,29.0,
2026-02-01,SUP-017,Supplier 017,South Korea,APAC,0.89,PLT-05,Monterrey Plant,Mexico,LATAM,SMB,Japan,1,1,29.0,29.0,29,29,29.0,
2026-02-01,SUP-017,Supplier 017,South Korea,APAC,0.89,PLT-07,Seoul Tech,South Korea,APAC,SMB,Germany,1,2,33.0,33.0,31,35,34.8,2.8
2026-02-01,SUP-017,Supplier 017,South Korea,APAC,0.89,PLT-09,Hanoi Assembly,Vietnam,APAC,Government,USA,1,1,25.0,25.0,25,25,25.0,
2026-02-01,SUP-017,Supplier 017,South Korea,APAC,0.89,PLT-04,Chennai Forge,India,APAC,SMB,Canada,1,1,30.0,30.0,30,30,30.0,
2026-02-01,SUP-018,Supplier 018,Taiwan,APAC,0.75,PLT-06,Sao Paulo Ops,Brazil,LATAM,SMB,UK,1,2,35.0,35.0,30,40,39.5,7.1
2026-02-01,SUP-018,Supplier 018,Taiwan,APAC,0.75,PLT-09,Hanoi Assembly,Vietnam,APAC,Government,USA,1,1,32.0,32.0,32,32,32.0,
2026-02-01,SUP-018,Supplier 018,Taiwan,APAC,0.75,PLT-08,Taipei Micro,Taiwan,APAC,Enterprise,UK,1,2,38.0,38.0,34,42,41.6,5.7
2026-02-01,SUP-018,Supplier 018,Taiwan,APAC,0.75,PLT-08,Taipei Micro,Taiwan,APAC,SMB,Australia,1,2,33.5,33.5,31,36,35.8,3.5
2026-02-01,SUP-018,Supplier 018,Taiwan,APAC,0.75,PLT-09,Hanoi Assembly,Vietnam,APAC,SMB,Japan,1,1,32.0,32.0,32,32,32.0,
2026-02-01,SUP-018,Supplier 018,Taiwan,APAC,0.75,PLT-06,Sao Paulo Ops,Brazil,LATAM,Enterprise,Canada,1,1,31.0,31.0,31,31,31.0,
2026-02-01,SUP-018,Supplier 018,Taiwan,APAC,0.75,PLT-00,Shanghai Hub,China,APAC,SMB,Canada,1,2,37.0,37.0,33,41,40.6,5.7
2026-02-01,SUP-018,Supplier 018,Taiwan,APAC,0.75,PLT-05,Monterrey Plant,Mexico,LATAM,Government,Canada,1,1,35.0,35.0,35,35,35.0,
2026-02-01,SUP-019,Supplier 019,Vietnam,APAC,0.57,PLT-07,Seoul Tech,South Korea,APAC,SMB,Canada,1,1,32.0,32.0,32,32,32.0,
2026-02-01,SUP-019,Supplier 019,Vietnam,APAC,0.57,PLT-07,Seoul Tech,South Korea,APAC,Government,USA,1,1,34.0,34.0,34,34,34.0,
2026-02-01,SUP-019,Supplier 019,Vietnam,APAC,0.57,PLT-02,Detroit Works,USA,NA,Enterprise,France,1,1,31.0,31.0,31,31,31.0,
2026-02-01,SUP-019,Supplier 019,Vietnam,APAC,0.57,PLT-00,Shanghai Hub,China,APAC,Enterprise,Germany,1,1,33.0,33.0,33,33,33.0,
2026-02-01,SUP-020,Supplier 020,China,APAC,0.6,PLT-08,Taipei Micro,Taiwan,APAC,Government,Singapore,1,1,27.0,27.0,27,27,27.0,
2026-02-01,SUP-020,Supplier 020,China,APAC,0.6,PLT-09,Hanoi Assembly,Vietnam,APAC,Government,Australia,1,1,26.0,26.0,26,26,26.0,
2026-02-01,SUP-020,Supplier 020,China,APAC,0.6,PLT-03,Tokyo Precision,Japan,APAC,Enterprise,USA,1,1,28.0,28.0,28,28,28.0,
2026-02-01,SUP-021,Supplier 021,Germany,EMEA,0.75,PLT-05,Monterrey Plant,Mexico,LATAM,Government,USA,1,1,21.0,21.0,21,21,21.0,
2026-02-01,SUP-021,Supplier 021,Germany,EMEA,0.75,PLT-00,Shanghai Hub,China,APAC,SMB,Singapore,1,1,27.0,27.0,27,27,27.0,
2026-02-01,SUP-021,Supplier 021,Germany,EMEA,0.75,PLT-00,Shanghai Hub,China,APAC,SMB,France,2,2,23.5,23.5,23,24,24.0,0.7
2026-02-01,SUP-021,Supplier 021,Germany,EMEA,0.75,PLT-01,Munich Center,Germany,EMEA,SMB,Singapore,1,1,21.0,21.0,21,21,21.0,
2026-02-01,SUP-021,Supplier 021,Germany,EMEA,0.75,PLT-02,Detroit Works,USA,NA,Enterprise,Singapore,1,1,20.0,20.0,20,20,20.0,
2026-02-01,SUP-021,Supplier 021,Germany,EMEA,0.75,PLT-03,Tokyo Precision,Japan,APAC,SMB,USA,1,1,25.0,25.0,25,25,25.0,
2026-02-01,SUP-022,Supplier 022,USA,NA,0.8,PLT-02,Detroit Works,USA,NA,SMB,Australia,1,1,11.0,11.0,11,11,11.0,
2026-02-01,SUP-022,Supplier 022,USA,NA,0.8,PLT-07,Seoul Tech,South Korea,APAC,Enterprise,Japan,1,1,21.0,21.0,21,21,21.0,
2026-02-01,SUP-022,Supplier 022,USA,NA,0.8,PLT-01,Munich Center,Germany,EMEA,Enterprise,Canada,1,2,18.0,18.0,14,22,21.6,5.7
2026-02-01,SUP-022,Supplier 022,USA,NA,0.8,PLT-00,Shanghai Hub,China,APAC,Enterprise,Canada,1,1,21.0,21.0,21,21,21.0,
2026-02-01,SUP-022,Supplier 022,USA,NA,0.8,PLT-07,Seoul Tech,South Korea,APAC,Government,France,1,1,20.0,20.0,20,20,20.0,
2026-02-01,SUP-022,Supplier 022,USA,NA,0.8,PLT-06,Sao Paulo Ops,Brazil,LATAM,Government,Canada,1,1,12.0,12.0,12,12,12.0,
2026-02-01,SUP-022,Supplier 022,USA,NA,0.8,PLT-08,Taipei Micro,Taiwan,APAC,SMB,Australia,1,1,17.0,17.0,17,17,17.0,
2026-02-01,SUP-022,Supplier 022,USA,NA,0.8,PLT-08,Taipei Micro,Taiwan,APAC,Enterprise,Canada,1,2,19.5,19.5,15,24,23.6,6.4
2026-02-01,SUP-022,Supplier 022,USA,NA,0.8,PLT-07,Seoul Tech,South Korea,APAC,Government,Canada,1,2,17.5,17.5,14,21,20.7,4.9
2026-02-01,SUP-022,Supplier 022,USA,NA,0.8,PLT-09,Hanoi Assembly,Vietnam,APAC,SMB,Singapore,1,1,20.0,20.0,20,20,20.0,
2026-02-01,SUP-023,Supplier 023,Japan,APAC,0.98,PLT-02,Detroit Works,USA,NA,Enterprise,France,1,1,31.0,31.0,31,31,31.0,
2026-02-01,SUP-023,Supplier 023,Japan,APAC,0.98,PLT-05,Monterrey Plant,Mexico,LATAM,SMB,Canada,1,1,30.0,30.0,30,30,30.0,
2026-02-01,SUP-024,Supplier 024,India,APAC,0.89,PLT-02,Detroit Works,USA,NA,SMB,UK,1,1,24.0,24.0,24,24,24.0,
2026-02-01,SUP-024,Supplier 024,India,APAC,0.89,PLT-00,Shanghai Hub,China,APAC,Enterprise,UK,1,1,28.0,28.0,28,28,28.0,
2026-02-01,SUP-024,Supplier 024,India,APAC,0.89,PLT-00,Shanghai Hub,China,APAC,Enterprise,Japan,1,1,28.0,28.0,28,28,28.0,
2026-02-01,SUP-024,Supplier 024,India,APAC,0.89,PLT-08,Taipei Micro,Taiwan,APAC,SMB,Singapore,1,2,34.5,34.5,34,35,35.0,0.7
2026-02-01,SUP-024,Supplier 024,India,APAC,0.89,PLT-04,Chennai Forge,India,APAC,Enterprise,Germany,1,1,27.0,27.0,27,27,27.0,
2026-02-01,SUP-024,Supplier 024,India,APAC,0.89,PLT-00,Shanghai Hub,China,APAC,SMB,Japan,1,1,30.0,30.0,30,30,30.0,
2026-02-01,SUP-024,Supplier 024,India,APAC,0.89,PLT-06,Sao Paulo Ops,Brazil,LATAM,Enterprise,Germany,1,1,28.0,28.0,28,28,28.0,
2026-02-01,SUP-025,Supplier 025,Mexico,LATAM,0.71,PLT-07,Seoul Tech,South Korea,APAC,SMB,UK,1,1,26.0,26.0,26,26,26.0,
2026-02-01,SUP-025,Supplier 025,Mexico,LATAM,0.71,PLT-04,Chennai Forge,India,APAC,SMB,UK,1,1,31.0,31.0,31,31,31.0,
2026-02-01,SUP-025,Supplier 025,Mexico,LATAM,0.71,PLT-09,Hanoi Assembly,Vietnam,APAC,Enterprise,Canada,1,1,24.0,24.0,24,24,24.0,
2026-02-01,SUP-025,Supplier 025,Mexico,LATAM,0.71,PLT-02,Detroit Works,USA,NA,Enterprise,Canada,1,2,26.0,26.0,25,27,26.9,1.4
2026-02-01,SUP-025,Supplier 025,Mexico,LATAM,0.71,PLT-03,Tokyo Precision,Japan,APAC,Enterprise,France,1,2,30.5,30.5,24,37,36.4,9.2
2026-02-01,SUP-026,Supplier 026,Brazil,LATAM,0.73,PLT-06,Sao Paulo Ops,Brazil,LATAM,SMB,UK,1,1,23.0,23.0,23,23,23.0,
2026-02-01,SUP-026,Supplier 026,Brazil,LATAM,0.73,PLT-06,Sao Paulo Ops,Brazil,LATAM,Government,Canada,1,1,21.0,21.0,21,21,21.0,
2026-02-01,SUP-026,Supplier 026,Brazil,LATAM,0.73,PLT-06,Sao Paulo Ops,Brazil,LATAM,SMB,Germany,1,1,26.0,26.0,26,26,26.0,
2026-02-01,SUP-026,Supplier 026,Brazil,LATAM,0.73,PLT-03,Tokyo Precision,Japan,APAC,Enterprise,Japan,1,2,30.5,30.5,29,32,31.9,2.1
2026-02-01,SUP-026,Supplier 026,Brazil,LATAM,0.73,PLT-04,Chennai Forge,India,APAC,SMB,Germany,1,1,26.0,26.0,26,26,26.0,
2026-02-01,SUP-027,Supplier 027,South Korea,APAC,0.94,PLT-06,Sao Paulo Ops,Brazil,LATAM,Government,Germany,1,1,32.0,32.0,32,32,32.0,
2026-02-01,SUP-027,Supplier 027,South Korea,APAC,0.94,PLT-05,Monterrey Plant,Mexico,LATAM,Enterprise,Japan,2,2,30.0,30.0,29,31,30.9,1.4
2026-02-01,SUP-027,Supplier 027,South Korea,APAC,0.94,PLT-04,Chennai Forge,India,APAC,SMB,UK,1,1,30.0,30.0,30,30,30.0,
2026-02-01,SUP-027,Supplier 027,South Korea,APAC,0.94,PLT-02,Detroit Works,USA,NA,Government,Australia,1,1,26.0,26.0,26,26,26.0,
2026-02-01,SUP-028,Supplier 028,Taiwan,APAC,0.84,PLT-09,Hanoi Assembly,Vietnam,APAC,SMB,Australia,1,1,30.0,30.0,30,30,30.0,
2026-02-01,SUP-028,Supplier 028,Taiwan,APAC,0.84,PLT-00,Shanghai Hub,China,APAC,Enterprise,France,1,1,35.0,35.0,35,35,35.0,
2026-02-01,SUP-028,Supplier 028,Taiwan,APAC,0.84,PLT-05,Monterrey Plant,Mexico,LATAM,Enterprise,Germany,1,1,36.0,36.0,36,36,36.0,
2026-02-01,SUP-028,Supplier 028,Taiwan,APAC,0.84,PLT-05,Monterrey Plant,Mexico,LATAM,Enterprise,France,1,1,36.0,36.0,36,36,36.0,
2026-02-01,SUP-028,Supplier 028,Taiwan,APAC,0.84,PLT-07,Seoul Tech,South Korea,APAC,SMB,Australia,1,1,35.0,35.0,35,35,35.0,
2026-02-01,SUP-028,Supplier 028,Taiwan,APAC,0.84,PLT-05,Monterrey Plant,Mexico,LATAM,SMB,USA,1,1,29.0,29.0,29,29,29.0,
2026-02-01,SUP-028,Supplier 028,Taiwan,APAC,0.84,PLT-01,Munich Center,Germany,EMEA,Enterprise,Germany,1,1,32.0,32.0,32,32,32.0,
2026-02-01,SUP-029,Supplier 029,Vietnam,APAC,0.51,PLT-09,Hanoi Assembly,Vietnam,APAC,SMB,UK,1,1,29.0,29.0,29,29,29.0,
2026-02-01,SUP-029,Supplier 029,Vietnam,APAC,0.51,PLT-05,Monterrey Plant,Mexico,LATAM,Enterprise,Germany,1,1,24.0,24.0,24,24,24.0,
2026-02-01,SUP-029,Supplier 029,Vietnam,APAC,0.51,PLT-08,Taipei Micro,Taiwan,APAC,SMB,Germany,1,1,29.0,29.0,29,29,29.0,
2026-02-01,SUP-029,Supplier 029,Vietnam,APAC,0.51,PLT-09,Hanoi Assembly,Vietnam,APAC,Government,Germany,1,1,32.0,32.0,32,32,32.0,
2026-02-01,SUP-029,Supplier 029,Vietnam,APAC,0.51,PLT-02,Detroit Works,USA,NA,SMB,Australia,1,1,28.0,28.0,28,28,28.0,
2026-02-01,SUP-029,Supplier 029,Vietnam,APAC,0.51,PLT-04,Chennai Forge,India,APAC,SMB,Australia,2,2,29.5,29.5,28,31,30.9,2.1
2026-02-01,SUP-029,Supplier 029,Vietnam,APAC,0.51,PLT-02,Detroit Works,USA,NA,SMB,Singapore,1,1,21.0,21.0,21,21,21.0,
2026-02-01,SUP-029,Supplier 029,Vietnam,APAC,0.51,PLT-07,Seoul Tech,South Korea,APAC,SMB,Germany,1,1,21.0,21.0,21,21,21.0,
2026-02-01,SUP-030,Supplier 030,China,APAC,0.59,PLT-04,Chennai Forge,India,APAC,SMB,Japan,1,1,27.0,27.0,27,27,27.0,
2026-02-01,SUP-030,Supplier 030,China,APAC,0.59,PLT-01,Munich Center,Germany,EMEA,Government,Japan,1,1,26.0,26.0,26,26,26.0,
2026-02-01,SUP-030,Supplier 030,China,APAC,0.59,PLT-07,Seoul Tech,South Korea,APAC,Enterprise,France,1,1,33.0,33.0,33,33,33.0,
2026-02-01,SUP-030,Supplier 030,China,APAC,0.59,PLT-05,Monterrey Plant,Mexico,LATAM,Government,France,1,1,26.0,26.0,26,26,26.0,
2026-02-01,SUP-030,Supplier 030,China,APAC,0.59,PLT-03,Tokyo Precision,Japan,APAC,SMB,Singapore,1,2,29.0,29.0,27,31,30.8,2.8
2026-02-01,SUP-030,Supplier 030,China,APAC,0.59,PLT-08,Taipei Micro,Taiwan,APAC,Government,Germany,1,1,29.0,29.0,29,29,29.0,
2026-02-01,SUP-031,Supplier 031,Germany,EMEA,0.92,PLT-04,Chennai Forge,India,APAC,Government,Germany,1,1,24.0,24.0,24,24,24.0,
2026-02-01,SUP-031,Supplier 031,Germany,EMEA,0.92,PLT-06,Sao Paulo Ops,Brazil,LATAM,Government,Germany,1,2,23.0,23.0,22,24,23.9,1.4
2026-02-01,SUP-031,Supplier 031,Germany,EMEA,0.92,PLT-03,Tokyo Precision,Japan,APAC,SMB,Canada,1,1,29.0,29.0,29,29,29.0,
2026-02-01,SUP-031,Supplier 031,Germany,EMEA,0.92,PLT-02,Detroit Works,USA,NA,Enterprise,Japan,1,1,19.0,19.0,19,19,19.0,
2026-02-01,SUP-031,Supplier 031,Germany,EMEA,0.92,PLT-03,Tokyo Precision,Japan,APAC,Government,Japan,1,1,28.0,28.0,28,28,28.0,
2026-02-01,SUP-031,Supplier 031,Germany,EMEA,0.92,PLT-00,Shanghai Hub,China,APAC,Enterprise,France,1,1,26.0,26.0,26,26,26.0,
2026-02-01,SUP-031,Supplier 031,Germany,EMEA,0.92,PLT-08,Taipei Micro,Taiwan,APAC,Enterprise,USA,1,1,27.0,27.0,27,27,27.0,
2026-02-01,SUP-031,Supplier 031,Germany,EMEA,0.92,PLT-07,Seoul Tech,South Korea,APAC,Enterprise,Japan,1,2,24.5,24.5,21,28,27.7,4.9
2026-02-01,SUP-031,Supplier 031,Germany,EMEA,0.92,PLT-01,Munich Center,Germany,EMEA,SMB,Singapore,1,2,26.0,26.0,23,29,28.7,4.2
2026-02-01,SUP-032,Supplier 032,USA,NA,0.78,PLT-05,Monterrey Plant,Mexico,LATAM,SMB,Germany,1,1,16.0,16.0,16,16,16.0,
2026-02-01,SUP-032,Supplier 032,USA,NA,0.78,PLT-08,Taipei Micro,Taiwan,APAC,Government,Germany,1,1,20.0,20.0,20,20,20.0,
2026-02-01,SUP-032,Supplier 032,USA,NA,0.78,PLT-06,Sao Paulo Ops,Brazil,LATAM,SMB,Japan,1,1,14.0,14.0,14,14,14.0,
2026-02-01,SUP-032,Supplier 032,USA,NA,0.78,PLT-02,Detroit Works,USA,NA,Enterprise,Japan,1,1,12.0,12.0,12,12,12.0,
2026-02-01,SUP-032,Supplier 032,USA,NA,0.78,PLT-02,Detroit Works,USA,NA,Enterprise,USA,1,1,14.0,14.0,14,14,14.0,
2026-02-01,SUP-032,Supplier 032,USA,NA,0.78,PLT-07,Seoul Tech,South Korea,APAC,Enterprise,UK,1,1,21.0,21.0,21,21,21.0,
2026-02-01,SUP-032,Supplier 032,USA,NA,0.78,PLT-04,Chennai Forge,India,APAC,Government,UK,1,1,12.0,12.0,12,12,12.0,
2026-02-01,SUP-033,Supplier 033,Japan,APAC,0.5,PLT-06,Sao Paulo Ops,Brazil,LATAM,SMB,Australia,1,1,21.0,21.0,21,21,21.0,
2026-02-01,SUP-033,Supplier 033,Japan,APAC,0.5,PLT-05,Monterrey Plant,Mexico,LATAM,SMB,Germany,1,1,26.0,26.0,26,26,26.0,
2026-02-01,SUP-033,Supplier 033,Japan,APAC,0.5,PLT-07,Seoul Tech,South Korea,APAC,Enterprise,France,1,1,25.0,25.0,25,25,25.0,
2026-02-01,SUP-033,Supplier 033,Japan,APAC,0.5,PLT-08,Taipei Micro,Taiwan,APAC,SMB,Germany,1,1,30.0,30.0,30,30,30.0,
2026-02-01,SUP-033,Supplier 033,Japan,APAC,0.5,PLT-06,Sao Paulo Ops,Brazil,LATAM,SMB,Singapore,1,1,30.0,30.0,30,30,30.0,
2026-02-01,SUP-033,Supplier 033,Japan,APAC,0.5,PLT-04,Chennai Forge,India,APAC,Enterprise,Japan,1,1,27.0,27.0,27,27,27.0,
2026-02-01,SUP-034,Supplier 034,India,APAC,0.95,PLT-03,Tokyo Precision,Japan,APAC,SMB,France,1,1,26.0,26.0,26,26,26.0,
2026-02-01,SUP-034,Supplier 034,India,APAC,0.95,PLT-09,Hanoi Assembly,Vietnam,APAC,SMB,Japan,1,2,24.5,24.5,20,29,28.6,6.4
2026-02-01,SUP-034,Supplier 034,India,APAC,0.95,PLT-01,Munich Center,Germany,EMEA,SMB,Singapore,1,1,20.0,20.0,20,20,20.0,
2026-02-01,SUP-034,Supplier 034,India,APAC,0.95,PLT-09,Hanoi Assembly,Vietnam,APAC,Government,France,1,1,26.0,26.0,26,26,26.0,
2026-02-01,SUP-035,Supplier 035,Mexico,LATAM,0.77,PLT-01,Munich Center,Germany,EMEA,SMB,Australia,1,2,20.5,20.5,18,23,22.8,3.5
2026-02-01,SUP-035,Supplier 035,Mexico,LATAM,0.77,PLT-05,Monterrey Plant,Mexico,LATAM,Government,Germany,1,2,20.0,20.0,16,24,23.6,5.7
2026-02-01,SUP-035,Supplier 035,Mexico,LATAM,0.77,PLT-07,Seoul Tech,South Korea,APAC,Government,USA,1,1,21.0,21.0,21,21,21.0,
2026-02-01,SUP-035,Supplier 035,Mexico,LATAM,0.77,PLT-03,Tokyo Precision,Japan,APAC,Government,Germany,1,1,22.0,22.0,22,22,22.0,
2026-02-01,SUP-035,Supplier 035,Mexico,LATAM,0.77,PLT-00,Shanghai Hub,China,APAC,Government,Germany,2,2,19.0,19.0,19,19,19.0,0.0
2026-02-01,SUP-035,Supplier 035,Mexico,LATAM,0.77,PLT-03,Tokyo Precision,Japan,APAC,SMB,Singapore,1,1,25.0,25.0,25,25,25.0,
2026-02-01,SUP-035,Supplier 035,Mexico,LATAM,0.77,PLT-04,Chennai Forge,India,APAC,Enterprise,Canada,1,1,23.0,23.0,23,23,23.0,
2026-02-01,SUP-035,Supplier 035,Mexico,LATAM,0.77,PLT-05,Monterrey Plant,Mexico,LATAM,SMB,USA,1,1,20.0,20.0,20,20,20.0,
2026-02-01,SUP-035,Supplier 035,Mexico,LATAM,0.77,PLT-01,Munich Center,Germany,EMEA,SMB,Japan,1,1,19.0,19.0,19,19,19.0,
2026-02-01,SUP-036,Supplier 036,Brazil,LATAM,0.76,PLT-06,Sao Paulo Ops,Brazil,LATAM,SMB,France,1,1,22.0,22.0,22,22,22.0,
2026-02-01,SUP-036,Supplier 036,Brazil,LATAM,0.76,PLT-03,Tokyo Precision,Japan,APAC,Government,USA,1,1,19.0,19.0,19,19,19.0,
2026-02-01,SUP-036,Supplier 036,Brazil,LATAM,0.76,PLT-03,Tokyo Precision,Japan,APAC,Enterprise,Canada,1,1,20.0,20.0,20,20,20.0,
2026-02-01,SUP-036,Supplier 036,Brazil,LATAM,0.76,PLT-05,Monterrey Plant,Mexico,LATAM,SMB,Germany,1,2,19.0,19.0,18,20,19.9,1.4
2026-02-01,SUP-037,Supplier 037,South Korea,APAC,0.7,PLT-02,Detroit Works,USA,NA,SMB,Australia,1,1,23.0,23.0,23,23,23.0,
2026-02-01,SUP-037,Supplier 037,South Korea,APAC,0.7,PLT-04,Chennai Forge,India,APAC,SMB,France,1,1,28.0,28.0,28,28,28.0,
2026-02-01,SUP-037,Supplier 037,South Korea,APAC,0.7,PLT-04,Chennai Forge,India,APAC,Government,Singapore,1,1,26.0,26.0,26,26,26.0,
2026-02-01,SUP-037,Supplier 037,South Korea,APAC,0.7,PLT-07,Seoul Tech,South Korea,APAC,SMB,Japan,1,1,26.0,26.0,26,26,26.0,
2026-02-01,SUP-038,Supplier 038,Taiwan,APAC,0.95,PLT-04,Chennai Forge,India,APAC,SMB,USA,1,1,25.0,25.0,25,25,25.0,
2026-02-01,SUP-038,Supplier 038,Taiwan,APAC,0.95,PLT-05,Monterrey Plant,Mexico,LATAM,Enterprise,Japan,1,1,28.0,28.0,28,28,28.0,
2026-02-01,SUP-038,Supplier 038,Taiwan,APAC,0.95,PLT-03,Tokyo Precision,Japan,APAC,SMB,Singapore,1,1,25.0,25.0,25,25,25.0,
2026-02-01,SUP-038,Supplier 038,Taiwan,APAC,0.95,PLT-02,Detroit Works,USA,NA,Government,Germany,1,2,26.0,26.0,22,30,29.6,5.7
2026-02-01,SUP-038,Supplier 038,Taiwan,APAC,0.95,PLT-02,Detroit Works,USA,NA,Enterprise,Canada,1,2,27.5,27.5,25,30,29.8,3.5
2026-02-01,SUP-038,Supplier 038,Taiwan,APAC,0.95,PLT-00,Shanghai Hub,China,APAC,Enterprise,Germany,1,1,26.0,26.0,26,26,26.0,
2026-02-01,SUP-039,Supplier 039,Vietnam,APAC,0.68,PLT-04,Chennai Forge,India,APAC,Enterprise,France,1,1,27.0,27.0,27,27,27.0,
2026-02-01,SUP-039,Supplier 039,Vietnam,APAC,0.68,PLT-09,Hanoi Assembly,Vietnam,APAC,SMB,Australia,1,1,28.0,28.0,28,28,28.0,
2026-02-01,SUP-039,Supplier 039,Vietnam,APAC,0.68,PLT-08,Taipei Micro,Taiwan,APAC,SMB,Germany,1,1,23.0,23.0,23,23,23.0,
2026-02-01,SUP-039,Supplier 039,Vietnam,APAC,0.68,PLT-07,Seoul Tech,South Korea,APAC,Enterprise,Canada,1,1,21.0,21.0,21,21,21.0,
2026-02-01,SUP-039,Supplier 039,Vietnam,APAC,0.68,PLT-00,Shanghai Hub,China,APAC,SMB,France,1,2,24.0,24.0,20,28,27.6,5.7
2026-02-01,SUP-039,Supplier 039,Vietnam,APAC,0.68,PLT-05,Monterrey Plant,Mexico,LATAM,SMB,Canada,1,2,26.0,26.0,23,29,28.7,4.2
2026-02-01,SUP-039,Supplier 039,Vietnam,APAC,0.68,PLT-06,Sao Paulo Ops,Brazil,LATAM,SMB,Singapore,1,2,22.5,22.5,18,27,26.6,6.4
2026-02-01,SUP-039,Supplier 039,Vietnam,APAC,0.68,PLT-03,Tokyo Precision,Japan,APAC,Enterprise,Australia,1,2,24.0,24.0,19,29,28.5,7.1
2026-02-01,SUP-040,Supplier 040,China,APAC,0.96,PLT-06,Sao Paulo Ops,Brazil,LATAM,SMB,Canada,1,1,22.0,22.0,22,22,22.0,
2026-02-01,SUP-040,Supplier 040,China,APAC,0.96,PLT-07,Seoul Tech,South Korea,APAC,SMB,Japan,1,2,24.5,24.5,21,28,27.7,4.9
2026-02-01,SUP-040,Supplier 040,China,APAC,0.96,PLT-00,Shanghai Hub,China,APAC,Enterprise,USA,1,1,25.0,25.0,25,25,25.0,
2026-02-01,SUP-040,Supplier 040,China,APAC,0.96,PLT-05,Monterrey Plant,Mexico,LATAM,Government,Japan,1,1,23.0,23.0,23,23,23.0,
2026-02-01,SUP-040,Supplier 040,China,APAC,0.96,PLT-07,Seoul Tech,South Korea,APAC,SMB,UK,2,2,22.0,22.0,21,23,22.9,1.4
2026-02-01,SUP-040,Supplier 040,China,APAC,0.96,PLT-03,Tokyo Precision,Japan,APAC,Enterprise,Japan,1,1,25.0,25.0,25,25,25.0,
2026-02-01,SUP-041,Supplier 041,Germany,EMEA,0.64,PLT-03,Tokyo Precision,Japan,APAC,SMB,UK,1,1,29.0,29.0,29,29,29.0,
2026-02-01,SUP-041,Supplier 041,Germany,EMEA,0.64,PLT-07,Seoul Tech,South Korea,APAC,Government,Canada,1,1,26.0,26.0,26,26,26.0,
2026-02-01,SUP-041,Supplier 041,Germany,EMEA,0.64,PLT-07,Seoul Tech,South Korea,APAC,Government,UK,1,1,27.0,27.0,27,27,27.0,
2026-02-01,SUP-041,Supplier 041,Germany,EMEA,0.64,PLT-09,Hanoi Assembly,Vietnam,APAC,Enterprise,USA,1,1,26.0,26.0,26,26,26.0,
2026-02-01,SUP-041,Supplier 041,Germany,EMEA,0.64,PLT-07,Seoul Tech,South Korea,APAC,Government,Germany,1,2,25.5,25.5,23,28,27.8,3.5
2026-02-01,SUP-042,Supplier 042,USA,NA,0.91,PLT-05,Monterrey Plant,Mexico,LATAM,SMB,UK,1,1,12.0,12.0,12,12,12.0,
2026-02-01,SUP-042,Supplier 042,USA,NA,0.91,PLT-07,Seoul Tech,South Korea,APAC,SMB,Singapore,2,2,16.5,16.5,13,20,19.7,4.9
2026-02-01,SUP-042,Supplier 042,USA,NA,0.91,PLT-01,Munich Center,Germany,EMEA,Enterprise,Japan,1,2,16.0,16.0,16,16,16.0,0.0
2026-02-01,SUP-042,Supplier 042,USA,NA,0.91,PLT-03,Tokyo Precision,Japan,APAC,Government,Canada,1,1,14.0,14.0,14,14,14.0,
2026-02-01,SUP-042,Supplier 042,USA,NA,0.91,PLT-09,Hanoi Assembly,Vietnam,APAC,Government,Canada,1,1,14.0,14.0,14,14,14.0,
2026-02-01,SUP-042,Supplier 042,USA,NA,0.91,PLT-02,Detroit Works,USA,NA,SMB,UK,2,2,13.5,13.5,12,15,14.9,2.1
2026-02-01,SUP-042,Supplier 042,USA,NA,0.91,PLT-05,Monterrey Plant,Mexico,LATAM,Enterprise,France,1,1,13.0,13.0,13,13,13.0,
2026-02-01,SUP-043,Supplier 043,Japan,APAC,0.98,PLT-06,Sao Paulo Ops,Brazil,LATAM,Enterprise,Singapore,1,1,26.0,26.0,26,26,26.0,
2026-02-01,SUP-043,Supplier 043,Japan,APAC,0.98,PLT-08,Taipei Micro,Taiwan,APAC,SMB,UK,1,1,24.0,24.0,24,24,24.0,
2026-02-01,SUP-043,Supplier 043,Japan,APAC,0.98,PLT-08,Taipei Micro,Taiwan,APAC,SMB,Australia,1,2,30.0,30.0,28,32,31.8,2.8
2026-02-01,SUP-043,Supplier 043,Japan,APAC,0.98,PLT-01,Munich Center,Germany,EMEA,SMB,Australia,1,2,25.0,25.0,22,28,27.7,4.2
2026-02-01,SUP-043,Supplier 043,Japan,APAC,0.98,PLT-04,Chennai Forge,India,APAC,SMB,UK,1,1,28.0,28.0,28,28,28.0,
2026-02-01,SUP-043,Supplier 043,Japan,APAC,0.98,PLT-06,Sao Paulo Ops,Brazil,LATAM,Enterprise,Germany,1,1,26.0,26.0,26,26,26.0,
2026-02-01,SUP-043,Supplier 043,Japan,APAC,0.98,PLT-04,Chennai Forge,India,APAC,Enterprise,USA,1,1,30.0,30.0,30,30,30.0,
2026-02-01,SUP-044,Supplier 044,India,APAC,0.55,PLT-07,Seoul Tech,South Korea,APAC,Enterprise,Singapore,1,1,29.0,29.0,29,29,29.0,
2026-02-01,SUP-044,Supplier 044,India,APAC,0.55,PLT-08,Taipei Micro,Taiwan,APAC,SMB,Germany,1,2,35.5,35.5,34,37,36.9,2.1
2026-02-01,SUP-045,Supplier 045,Mexico,LATAM,0.92,PLT-00,Shanghai Hub,China,APAC,SMB,Singapore,1,1,20.0,20.0,20,20,20.0,
2026-02-01,SUP-045,Supplier 045,Mexico,LATAM,0.92,PLT-02,Detroit Works,USA,NA,SMB,Germany,1,2,22.0,22.0,19,25,24.7,4.2
2026-02-01,SUP-045,Supplier 045,Mexico,LATAM,0.92,PLT-09,Hanoi Assembly,Vietnam,APAC,Enterprise,France,1,1,18.0,18.0,18,18,18.0,
2026-02-01,SUP-045,Supplier 045,Mexico,LATAM,0.92,PLT-02,Detroit Works,USA,NA,SMB,Singapore,1,1,16.0,16.0,16,16,16.0,
2026-02-01,SUP-045,Supplier 045,Mexico,LATAM,0.92,PLT-00,Shanghai Hub,China,APAC,SMB,Germany,1,1,20.0,20.0,20,20,20.0,
2026-02-01,SUP-045,Supplier 045,Mexico,LATAM,0.92,PLT-09,Hanoi Assembly,Vietnam,APAC,SMB,Japan,1,1,23.0,23.0,23,23,23.0,
2026-02-01,SUP-045,Supplier 045,Mexico,LATAM,0.92,PLT-01,Munich Center,Germany,EMEA,SMB,Australia,1,1,22.0,22.0,22,22,22.0,
2026-02-01,SUP-045,Supplier 045,Mexico,LATAM,0.92,PLT-03,Tokyo Precision,Japan,APAC,SMB,Singapore,1,1,24.0,24.0,24,24,24.0,
2026-02-01,SUP-045,Supplier 045,Mexico,LATAM,0.92,PLT-04,Chennai Forge,India,APAC,SMB,France,1,1,20.0,20.0,20,20,20.0,
2026-02-01,SUP-046,Supplier 046,Brazil,LATAM,0.96,PLT-08,Taipei Micro,Taiwan,APAC,SMB,France,1,1,26.0,26.0,26,26,26.0,
2026-02-01,SUP-046,Supplier 046,Brazil,LATAM,0.96,PLT-03,Tokyo Precision,Japan,APAC,Enterprise,Australia,1,1,24.0,24.0,24,24,24.0,
2026-02-01,SUP-046,Supplier 046,Brazil,LATAM,0.96,PLT-08,Taipei Micro,Taiwan,APAC,SMB,USA,1,2,30.5,30.5,30,31,31.0,0.7
2026-02-01,SUP-046,Supplier 046,Brazil,LATAM,0.96,PLT-02,Detroit Works,USA,NA,Government,France,1,1,23.0,23.0,23,23,23.0,
2026-02-01,SUP-046,Supplier 046,Brazil,LATAM,0.96,PLT-06,Sao Paulo Ops,Brazil,LATAM,SMB,Singapore,1,1,23.0,23.0,23,23,23.0,
2026-02-01,SUP-047,Supplier 047,South Korea,APAC,0.59,PLT-02,Detroit Works,USA,NA,SMB,UK,1,1,28.0,28.0,28,28,28.0,
2026-02-01,SUP-047,Supplier 047,South Korea,APAC,0.59,PLT-06,Sao Paulo Ops,Brazil,LATAM,SMB,Australia,1,1,27.0,27.0,27,27,27.0,
2026-02-01,SUP-047,Supplier 047,South Korea,APAC,0.59,PLT-09,Hanoi Assembly,Vietnam,APAC,Enterprise,USA,1,1,33.0,33.0,33,33,33.0,
2026-02-01,SUP-047,Supplier 047,South Korea,APAC,0.59,PLT-07,Seoul Tech,South Korea,APAC,SMB,Japan,1,1,39.0,39.0,39,39,39.0,
2026-02-01,SUP-047,Supplier 047,South Korea,APAC,0.59,PLT-09,Hanoi Assembly,Vietnam,APAC,SMB,UK,1,1,33.0,33.0,33,33,33.0,
2026-02-01,SUP-048,Supplier 048,Taiwan,APAC,0.54,PLT-03,Tokyo Precision,Japan,APAC,Enterprise,Japan,1,1,41.0,41.0,41,41,41.0,
2026-02-01,SUP-048,Supplier 048,Taiwan,APAC,0.54,PLT-09,Hanoi Assembly,Vietnam,APAC,Government,USA,2,2,29.5,29.5,27,32,31.8,3.5
2026-02-01,SUP-048,Supplier 048,Taiwan,APAC,0.54,PLT-07,Seoul Tech,South Korea,APAC,Government,France,1,1,30.0,30.0,30,30,30.0,
2026-02-01,SUP-048,Supplier 048,Taiwan,APAC,0.54,PLT-03,Tokyo Precision,Japan,APAC,Enterprise,USA,1,1,36.0,36.0,36,36,36.0,
2026-02-01,SUP-049,Supplier 049,Vietnam,APAC,0.75,PLT-08,Taipei Micro,Taiwan,APAC,SMB,UK,1,1,34.0,34.0,34,34,34.0,
2026-02-01,SUP-049,Supplier 049,Vietnam,APAC,0.75,PLT-06,Sao Paulo Ops,Brazil,LATAM,SMB,Japan,1,1,38.0,38.0,38,38,38.0,
2026-02-01,SUP-049,Supplier 049,Vietnam,APAC,0.75,PLT-06,Sao Paulo Ops,Brazil,LATAM,SMB,Singapore,1,1,36.0,36.0,36,36,36.0,
2026-02-01,SUP-049,Supplier 049,Vietnam,APAC,0.75,PLT-09,Hanoi Assembly,Vietnam,APAC,SMB,UK,1,1,35.0,35.0,35,35,35.0,
2026-02-01,SUP-049,Supplier 049,Vietnam,APAC,0.75,PLT-00,Shanghai Hub,China,APAC,Government,Germany,1,1,37.0,37.0,37,37,37.0,
2026-03-01,SUP-000,Supplier 000,China,APAC,0.85,PLT-02,Detroit Works,USA,NA,SMB,UK,1,2,23.0,23.0,20,26,25.7,4.2
2026-03-01,SUP-000,Supplier 000,China,APAC,0.85,PLT-03,Tokyo Precision,Japan,APAC,SMB,UK,1,1,20.0,20.0,20,20,20.0,
2026-03-01,SUP-000,Supplier 000,China,APAC,0.85,PLT-02,Detroit Works,USA,NA,SMB,Australia,1,2,20.5,20.5,19,22,21.9,2.1
2026-03-01,SUP-000,Supplier 000,China,APAC,0.85,PLT-09,Hanoi Assembly,Vietnam,APAC,Enterprise,Japan,1,2,27.5,27.5,24,31,30.7,4.9
2026-03-01,SUP-000,Supplier 000,China,APAC,0.85,PLT-04,Chennai Forge,India,APAC,SMB,France,1,1,24.0,24.0,24,24,24.0,
2026-03-01,SUP-001,Supplier 001,Germany,EMEA,0.7,PLT-03,Tokyo Precision,Japan,APAC,Enterprise,France,1,2,20.0,20.0,16,24,23.6,5.7
2026-03-01,SUP-001,Supplier 001,Germany,EMEA,0.7,PLT-07,Seoul Tech,South Korea,APAC,Government,UK,1,1,15.0,15.0,15,15,15.0,
2026-03-01,SUP-001,Supplier 001,Germany,EMEA,0.7,PLT-01,Munich Center,Germany,EMEA,Enterprise,Canada,1,1,17.0,17.0,17,17,17.0,
2026-03-01,SUP-001,Supplier 001,Germany,EMEA,0.7,PLT-01,Munich Center,Germany,EMEA,Government,Germany,1,2,19.5,19.5,14,25,24.5,7.8
2026-03-01,SUP-002,Supplier 002,USA,NA,0.74,PLT-05,Monterrey Plant,Mexico,LATAM,Enterprise,Singapore,1,1,17.0,17.0,17,17,17.0,
2026-03-01,SUP-002,Supplier 002,USA,NA,0.74,PLT-09,Hanoi Assembly,Vietnam,APAC,Government,Singapore,1,1,20.0,20.0,20,20,20.0,
2026-03-01,SUP-002,Supplier 002,USA,NA,0.74,PLT-00,Shanghai Hub,China,APAC,Enterprise,USA,1,1,22.0,22.0,22,22,22.0,
2026-03-01,SUP-003,Supplier 003,Japan,APAC,0.64,PLT-09,Hanoi Assembly,Vietnam,APAC,Enterprise,Singapore,1,1,26.0,26.0,26,26,26.0,
2026-03-01,SUP-003,Supplier 003,Japan,APAC,0.64,PLT-01,Munich Center,Germany,EMEA,SMB,Singapore,1,2,28.0,28.0,26,30,29.8,2.8
2026-03-01,SUP-003,Supplier 003,Japan,APAC,0.64,PLT-05,Monterrey Plant,Mexico,LATAM,SMB,Germany,1,1,23.0,23.0,23,23,23.0,
2026-03-01,SUP-003,Supplier 003,Japan,APAC,0.64,PLT-08,Taipei Micro,Taiwan,APAC,SMB,UK,1,1,30.0,30.0,30,30,30.0,
2026-03-01,SUP-003,Supplier 003,Japan,APAC,0.64,PLT-08,Taipei Micro,Taiwan,APAC,SMB,Australia,1,1,32.0,32.0,32,32,32.0,
2026-03-01,SUP-003,Supplier 003,Japan,APAC,0.64,PLT-07,Seoul Tech,South Korea,APAC,Enterprise,Japan,1,1,33.0,33.0,33,33,33.0,
2026-03-01,SUP-004,Supplier 004,India,APAC,0.69,PLT-09,Hanoi Assembly,Vietnam,APAC,SMB,Germany,1,1,37.0,37.0,37,37,37.0,
2026-03-01,SUP-004,Supplier 004,India,APAC,0.69,PLT-03,Tokyo Precision,Japan,APAC,SMB,Canada,1,1,30.0,30.0,30,30,30.0,
2026-03-01,SUP-004,Supplier 004,India,APAC,0.69,PLT-04,Chennai Forge,India,APAC,SMB,Germany,1,1,36.0,36.0,36,36,36.0,
2026-03-01,SUP-004,Supplier 004,India,APAC,0.69,PLT-06,Sao Paulo Ops,Brazil,LATAM,Government,Singapore,1,1,31.0,31.0,31,31,31.0,
2026-03-01,SUP-004,Supplier 004,India,APAC,0.69,PLT-03,Tokyo Precision,Japan,APAC,SMB,USA,1,1,33.0,33.0,33,33,33.0,
2026-03-01,SUP-004,Supplier 004,India,APAC,0.69,PLT-05,Monterrey Plant,Mexico,LATAM,Government,Canada,1,1,29.0,29.0,29,29,29.0,
2026-03-01,SUP-005,Supplier 005,Mexico,LATAM,0.77,PLT-03,Tokyo Precision,Japan,APAC,Enterprise,Canada,1,1,21.0,21.0,21,21,21.0,
2026-03-01,SUP-005,Supplier 005,Mexico,LATAM,0.77,PLT-04,Chennai Forge,India,APAC,Enterprise,Canada,1,1,23.0,23.0,23,23,23.0,
2026-03-01,SUP-005,Supplier 005,Mexico,LATAM,0.77,PLT-09,Hanoi Assembly,Vietnam,APAC,SMB,Germany,1,1,24.0,24.0,24,24,24.0,
2026-03-01,SUP-006,Supplier 006,Brazil,LATAM,0.61,PLT-01,Munich Center,Germany,EMEA,Government,France,1,1,28.0,28.0,28,28,28.0,
2026-03-01,SUP-006,Supplier 006,Brazil,LATAM,0.61,PLT-00,Shanghai Hub,China,APAC,Government,Australia,1,1,28.0,28.0,28,28,28.0,
2026-03-01,SUP-006,Supplier 006,Brazil,LATAM,0.61,PLT-05,Monterrey Plant,Mexico,LATAM,Enterprise,Japan,1,1,28.0,28.0,28,28,28.0,
2026-03-01,SUP-006,Supplier 006,Brazil,LATAM,0.61,PLT-05,Monterrey Plant,Mexico,LATAM,Government,France,1,1,27.0,27.0,27,27,27.0,
2026-03-01,SUP-006,Supplier 006,Brazil,LATAM,0.61,PLT-08,Taipei Micro,Taiwan,APAC,Enterprise,USA,1,1,27.0,27.0,27,27,27.0,
2026-03-01,SUP-006,Supplier 006,Brazil,LATAM,0.61,PLT-01,Munich Center,Germany,EMEA,SMB,USA,1,1,31.0,31.0,31,31,31.0,
2026-03-01,SUP-006,Supplier 006,Brazil,LATAM,0.61,PLT-03,Tokyo Precision,Japan,APAC,SMB,Australia,1,1,31.0,31.0,31,31,31.0,
2026-03-01,SUP-006,Supplier 006,Brazil,LATAM,0.61,PLT-08,Taipei Micro,Taiwan,APAC,Enterprise,Japan,1,1,34.0,34.0,34,34,34.0,
2026-03-01,SUP-007,Supplier 007,South Korea,APAC,0.84,PLT-05,Monterrey Plant,Mexico,LATAM,SMB,France,1,1,31.0,31.0,31,31,31.0,
2026-03-01,SUP-007,Supplier 007,South Korea,APAC,0.84,PLT-04,Chennai Forge,India,APAC,SMB,Singapore,1,1,29.0,29.0,29,29,29.0,
2026-03-01,SUP-007,Supplier 007,South Korea,APAC,0.84,PLT-08,Taipei Micro,Taiwan,APAC,SMB,Germany,1,2,28.5,28.5,27,30,29.9,2.1
2026-03-01,SUP-008,Supplier 008,Taiwan,APAC,0.73,PLT-03,Tokyo Precision,Japan,APAC,SMB,Singapore,1,1,25.0,25.0,25,25,25.0,
2026-03-01,SUP-008,Supplier 008,Taiwan,APAC,0.73,PLT-09,Hanoi Assembly,Vietnam,APAC,SMB,Canada,1,1,27.0,27.0,27,27,27.0,
2026-03-01,SUP-008,Supplier 008,Taiwan,APAC,0.73,PLT-01,Munich Center,Germany,EMEA,Enterprise,Japan,1,1,25.0,25.0,25,25,25.0,
2026-03-01,SUP-008,Supplier 008,Taiwan,APAC,0.73,PLT-08,Taipei Micro,Taiwan,APAC,SMB,Australia,1,1,26.0,26.0,26,26,26.0,
2026-03-01,SUP-008,Supplier 008,Taiwan,APAC,0.73,PLT-09,Hanoi Assembly,Vietnam,APAC,SMB,UK,1,1,32.0,32.0,32,32,32.0,
2026-03-01,SUP-008,Supplier 008,Taiwan,APAC,0.73,PLT-01,Munich Center,Germany,EMEA,SMB,France,1,1,26.0,26.0,26,26,26.0,
2026-03-01,SUP-008,Supplier 008,Taiwan,APAC,0.73,PLT-06,Sao Paulo Ops,Brazil,LATAM,SMB,UK,1,1,28.0,28.0,28,28,28.0,
2026-03-01,SUP-009,Supplier 009,Vietnam,APAC,1.0,PLT-01,Munich Center,Germany,EMEA,SMB,Australia,1,1,24.0,24.0,24,24,24.0,
2026-03-01,SUP-009,Supplier 009,Vietnam,APAC,1.0,PLT-08,Taipei Micro,Taiwan,APAC,Government,Japan,1,1,31.0,31.0,31,31,31.0,
2026-03-01,SUP-009,Supplier 009,Vietnam,APAC,1.0,PLT-04,Chennai Forge,India,APAC,Enterprise,France,1,1,29.0,29.0,29,29,29.0,
2026-03-01,SUP-009,Supplier 009,Vietnam,APAC,1.0,PLT-01,Munich Center,Germany,EMEA,Enterprise,Singapore,1,2,29.0,29.0,25,33,32.6,5.7
2026-03-01,SUP-009,Supplier 009,Vietnam,APAC,1.0,PLT-00,Shanghai Hub,China,APAC,SMB,France,1,1,27.0,27.0,27,27,27.0,
2026-03-01,SUP-009,Supplier 009,Vietnam,APAC,1.0,PLT-01,Munich Center,Germany,EMEA,Enterprise,Japan,1,1,26.0,26.0,26,26,26.0,
2026-03-01,SUP-009,Supplier 009,Vietnam,APAC,1.0,PLT-06,Sao Paulo Ops,Brazil,LATAM,Enterprise,USA,1,1,27.0,27.0,27,27,27.0,
2026-03-01,SUP-009,Supplier 009,Vietnam,APAC,1.0,PLT-09,Hanoi Assembly,Vietnam,APAC,Government,UK,1,1,33.0,33.0,33,33,33.0,
2026-03-01,SUP-009,Supplier 009,Vietnam,APAC,1.0,PLT-08,Taipei Micro,Taiwan,APAC,Enterprise,USA,2,3,31.3,30.0,28,36,35.4,4.2
2026-03-01,SUP-009,Supplier 009,Vietnam,APAC,1.0,PLT-07,Seoul Tech,South Korea,APAC,SMB,UK,1,1,31.0,31.0,31,31,31.0,
2026-03-01,SUP-010,Supplier 010,China,APAC,0.76,PLT-01,Munich Center,Germany,EMEA,Government,Germany,1,2,23.0,23.0,23,23,23.0,0.0
2026-03-01,SUP-010,Supplier 010,China,APAC,0.76,PLT-02,Detroit Works,USA,NA,Government,France,1,2,20.0,20.0,18,22,21.8,2.8
2026-03-01,SUP-010,Supplier 010,China,APAC,0.76,PLT-08,Taipei Micro,Taiwan,APAC,SMB,Australia,1,2,27.0,27.0,23,31,30.6,5.7
2026-03-01,SUP-010,Supplier 010,China,APAC,0.76,PLT-07,Seoul Tech,South Korea,APAC,SMB,USA,1,2,27.0,27.0,25,29,28.8,2.8
2026-03-01,SUP-010,Supplier 010,China,APAC,0.76,PLT-08,Taipei Micro,Taiwan,APAC,Government,Germany,1,1,24.0,24.0,24,24,24.0,
2026-03-01,SUP-010,Supplier 010,China,APAC,0.76,PLT-00,Shanghai Hub,China,APAC,SMB,Australia,1,1,24.0,24.0,24,24,24.0,
2026-03-01,SUP-011,Supplier 011,Germany,EMEA,0.53,PLT-06,Sao Paulo Ops,Brazil,LATAM,Government,Germany,1,2,32.0,32.0,30,34,33.8,2.8
2026-03-01,SUP-011,Supplier 011,Germany,EMEA,0.53,PLT-07,Seoul Tech,South Korea,APAC,SMB,Australia,1,1,24.0,24.0,24,24,24.0,
2026-03-01,SUP-011,Supplier 011,Germany,EMEA,0.53,PLT-07,Seoul Tech,South Korea,APAC,Enterprise,Japan,1,1,30.0,30.0,30,30,30.0,
2026-03-01,SUP-011,Supplier 011,Germany,EMEA,0.53,PLT-09,Hanoi Assembly,Vietnam,APAC,SMB,USA,1,2,30.5,30.5,24,37,36.4,9.2
2026-03-01,SUP-012,Supplier 012,USA,NA,0.66,PLT-06,Sao Paulo Ops,Brazil,LATAM,SMB,Japan,1,1,16.0,16.0,16,16,16.0,
2026-03-01,SUP-012,Supplier 012,USA,NA,0.66,PLT-01,Munich Center,Germany,EMEA,Government,USA,1,1,18.0,18.0,18,18,18.0,
2026-03-01,SUP-012,Supplier 012,USA,NA,0.66,PLT-07,Seoul Tech,South Korea,APAC,Enterprise,Australia,1,2,19.5,19.5,14,25,24.5,7.8
2026-03-01,SUP-012,Supplier 012,USA,NA,0.66,PLT-02,Detroit Works,USA,NA,Enterprise,Germany,1,2,16.5,16.5,15,18,17.9,2.1
2026-03-01,SUP-012,Supplier 012,USA,NA,0.66,PLT-09,Hanoi Assembly,Vietnam,APAC,Enterprise,France,1,2,16.5,16.5,14,19,18.8,3.5
2026-03-01,SUP-012,Supplier 012,USA,NA,0.66,PLT-02,Detroit Works,USA,NA,SMB,France,1,1,15.0,15.0,15,15,15.0,
2026-03-01,SUP-012,Supplier 012,USA,NA,0.66,PLT-01,Munich Center,Germany,EMEA,Enterprise,Germany,1,2,17.0,17.0,14,20,19.7,4.2
2026-03-01,SUP-012,Supplier 012,USA,NA,0.66,PLT-02,Detroit Works,USA,NA,Enterprise,Japan,1,1,16.0,16.0,16,16,16.0,
2026-03-01,SUP-012,Supplier 012,USA,NA,0.66,PLT-07,Seoul Tech,South Korea,APAC,Government,Germany,1,2,17.5,17.5,15,20,19.8,3.5
2026-03-01,SUP-013,Supplier 013,Japan,APAC,0.89,PLT-07,Seoul Tech,South Korea,APAC,SMB,Australia,1,1,32.0,32.0,32,32,32.0,
2026-03-01,SUP-013,Supplier 013,Japan,APAC,0.89,PLT-00,Shanghai Hub,China,APAC,Enterprise,Japan,1,1,32.0,32.0,32,32,32.0,
2026-03-01,SUP-013,Supplier 013,Japan,APAC,0.89,PLT-02,Detroit Works,USA,NA,Government,France,1,2,34.5,34.5,32,37,36.8,3.5
2026-03-01,SUP-013,Supplier 013,Japan,APAC,0.89,PLT-08,Taipei Micro,Taiwan,APAC,Enterprise,USA,1,1,38.0,38.0,38,38,38.0,
2026-03-01,SUP-013,Supplier 013,Japan,APAC,0.89,PLT-02,Detroit Works,USA,NA,SMB,UK,1,1,31.0,31.0,31,31,31.0,
2026-03-01,SUP-013,Supplier 013,Japan,APAC,0.89,PLT-07,Seoul Tech,South Korea,APAC,SMB,Singapore,1,1,34.0,34.0,34,34,34.0,
2026-03-01,SUP-013,Supplier 013,Japan,APAC,0.89,PLT-09,Hanoi Assembly,Vietnam,APAC,SMB,Canada,1,1,31.0,31.0,31,31,31.0,
2026-03-01,SUP-014,Supplier 014,India,APAC,0.95,PLT-02,Detroit Works,USA,NA,Enterprise,Australia,1,2,30.0,30.0,25,35,34.5,7.1
2026-03-01,SUP-014,Supplier 014,India,APAC,0.95,PLT-07,Seoul Tech,South Korea,APAC,Government,Australia,1,1,33.0,33.0,33,33,33.0,
2026-03-01,SUP-014,Supplier 014,India,APAC,0.95,PLT-03,Tokyo Precision,Japan,APAC,SMB,UK,1,1,31.0,31.0,31,31,31.0,
2026-03-01,SUP-014,Supplier 014,India,APAC,0.95,PLT-01,Munich Center,Germany,EMEA,Government,Australia,1,1,27.0,27.0,27,27,27.0,
2026-03-01,SUP-014,Supplier 014,India,APAC,0.95,PLT-05,Monterrey Plant,Mexico,LATAM,SMB,Germany,1,1,33.0,33.0,33,33,33.0,
2026-03-01,SUP-015,Supplier 015,Mexico,LATAM,0.75,PLT-08,Taipei Micro,Taiwan,APAC,Government,USA,1,1,27.0,27.0,27,27,27.0,
2026-03-01,SUP-015,Supplier 015,Mexico,LATAM,0.75,PLT-08,Taipei Micro,Taiwan,APAC,SMB,Japan,1,2,27.5,27.5,25,30,29.8,3.5
2026-03-01,SUP-015,Supplier 015,Mexico,LATAM,0.75,PLT-08,Taipei Micro,Taiwan,APAC,SMB,USA,1,1,30.0,30.0,30,30,30.0,
2026-03-01,SUP-015,Supplier 015,Mexico,LATAM,0.75,PLT-02,Detroit Works,USA,NA,SMB,Canada,1,1,25.0,25.0,25,25,25.0,
2026-03-01,SUP-015,Supplier 015,Mexico,LATAM,0.75,PLT-00,Shanghai Hub,China,APAC,SMB,France,1,1,27.0,27.0,27,27,27.0,
2026-03-01,SUP-015,Supplier 015,Mexico,LATAM,0.75,PLT-09,Hanoi Assembly,Vietnam,APAC,SMB,UK,1,1,29.0,29.0,29,29,29.0,
2026-03-01,SUP-015,Supplier 015,Mexico,LATAM,0.75,PLT-02,Detroit Works,USA,NA,Enterprise,Canada,1,1,24.0,24.0,24,24,24.0,
2026-03-01,SUP-016,Supplier 016,Brazil,LATAM,0.66,PLT-09,Hanoi Assembly,Vietnam,APAC,Enterprise,France,2,3,31.7,31.0,29,35,34.6,3.1
2026-03-01,SUP-016,Supplier 016,Brazil,LATAM,0.66,PLT-05,Monterrey Plant,Mexico,LATAM,SMB,Singapore,1,1,28.0,28.0,28,28,28.0,
2026-03-01,SUP-016,Supplier 016,Brazil,LATAM,0.66,PLT-01,Munich Center,Germany,EMEA,Enterprise,France,1,1,24.0,24.0,24,24,24.0,
2026-03-01,SUP-016,Supplier 016,Brazil,LATAM,0.66,PLT-04,Chennai Forge,India,APAC,SMB,Germany,1,1,23.0,23.0,23,23,23.0,
2026-03-01,SUP-016,Supplier 016,Brazil,LATAM,0.66,PLT-03,Tokyo Precision,Japan,APAC,Government,Australia,1,2,31.0,31.0,27,35,34.6,5.7
2026-03-01,SUP-016,Supplier 016,Brazil,LATAM,0.66,PLT-06,Sao Paulo Ops,Brazil,LATAM,Government,Germany,1,1,26.0,26.0,26,26,26.0,
2026-03-01,SUP-017,Supplier 017,South Korea,APAC,0.89,PLT-04,Chennai Forge,India,APAC,SMB,Australia,1,1,25.0,25.0,25,25,25.0,
2026-03-01,SUP-017,Supplier 017,South Korea,APAC,0.89,PLT-06,Sao Paulo Ops,Brazil,LATAM,Government,Singapore,1,1,28.0,28.0,28,28,28.0,
2026-03-01,SUP-017,Supplier 017,South Korea,APAC,0.89,PLT-01,Munich Center,Germany,EMEA,SMB,Japan,1,2,27.0,27.0,23,31,30.6,5.7
2026-03-01,SUP-017,Supplier 017,South Korea,APAC,0.89,PLT-02,Detroit Works,USA,NA,SMB,Singapore,1,1,23.0,23.0,23,23,23.0,
2026-03-01,SUP-018,Supplier 018,Taiwan,APAC,0.75,PLT-04,Chennai Forge,India,APAC,SMB,France,1,1,36.0,36.0,36,36,36.0,
2026-03-01,SUP-018,Supplier 018,Taiwan,APAC,0.75,PLT-03,Tokyo Precision,Japan,APAC,SMB,Germany,1,1,40.0,40.0,40,40,40.0,
2026-03-01,SUP-018,Supplier 018,Taiwan,APAC,0.75,PLT-06,Sao Paulo Ops,Brazil,LATAM,Enterprise,Germany,1,1,35.0,35.0,35,35,35.0,
2026-03-01,SUP-018,Supplier 018,Taiwan,APAC,0.75,PLT-02,Detroit Works,USA,NA,Enterprise,USA,1,1,35.0,35.0,35,35,35.0,
2026-03-01,SUP-018,Supplier 018,Taiwan,APAC,0.75,PLT-00,Shanghai Hub,China,APAC,SMB,Australia,1,1,34.0,34.0,34,34,34.0,
2026-03-01,SUP-019,Supplier 019,Vietnam,APAC,0.57,PLT-03,Tokyo Precision,Japan,APAC,Government,Germany,1,1,28.0,28.0,28,28,28.0,
2026-03-01,SUP-019,Supplier 019,Vietnam,APAC,0.57,PLT-09,Hanoi Assembly,Vietnam,APAC,Government,USA,1,1,37.0,37.0,37,37,37.0,
2026-03-01,SUP-019,Supplier 019,Vietnam,APAC,0.57,PLT-00,Shanghai Hub,China,APAC,SMB,Germany,1,1,30.0,30.0,30,30,30.0,
2026-03-01,SUP-020,Supplier 020,China,APAC,0.6,PLT-06,Sao Paulo Ops,Brazil,LATAM,SMB,UK,1,2,26.5,26.5,26,27,27.0,0.7
2026-03-01,SUP-020,Supplier 020,China,APAC,0.6,PLT-04,Chennai Forge,India,APAC,SMB,France,1,1,25.0,25.0,25,25,25.0,
2026-03-01,SUP-020,Supplier 020,China,APAC,0.6,PLT-04,Chennai Forge,India,APAC,Government,Canada,1,1,26.0,26.0,26,26,26.0,
2026-03-01,SUP-020,Supplier 020,China,APAC,0.6,PLT-01,Munich Center,Germany,EMEA,Enterprise,USA,1,1,24.0,24.0,24,24,24.0,
2026-03-01,SUP-020,Supplier 020,China,APAC,0.6,PLT-08,Taipei Micro,Taiwan,APAC,SMB,USA,1,1,27.0,27.0,27,27,27.0,
2026-03-01,SUP-020,Supplier 020,China,APAC,0.6,PLT-06,Sao Paulo Ops,Brazil,LATAM,Enterprise,Canada,1,1,30.0,30.0,30,30,30.0,
2026-03-01,SUP-021,Supplier 021,Germany,EMEA,0.75,PLT-02,Detroit Works,USA,NA,Government,Germany,1,1,22.0,22.0,22,22,22.0,
2026-03-01,SUP-021,Supplier 021,Germany,EMEA,0.75,PLT-04,Chennai Forge,India,APAC,Government,USA,1,1,28.0,28.0,28,28,28.0,
2026-03-01,SUP-021,Supplier 021,Germany,EMEA,0.75,PLT-00,Shanghai Hub,China,APAC,Government,USA,1,1,26.0,26.0,26,26,26.0,
2026-03-01,SUP-022,Supplier 022,USA,NA,0.8,PLT-08,Taipei Micro,Taiwan,APAC,Enterprise,UK,1,2,19.0,19.0,15,23,22.6,5.7
2026-03-01,SUP-022,Supplier 022,USA,NA,0.8,PLT-07,Seoul Tech,South Korea,APAC,Enterprise,Germany,1,1,20.0,20.0,20,20,20.0,
2026-03-01,SUP-022,Supplier 022,USA,NA,0.8,PLT-04,Chennai Forge,India,APAC,SMB,Australia,1,1,14.0,14.0,14,14,14.0,
2026-03-01,SUP-022,Supplier 022,USA,NA,0.8,PLT-07,Seoul Tech,South Korea,APAC,SMB,France,1,1,20.0,20.0,20,20,20.0,
2026-03-01,SUP-022,Supplier 022,USA,NA,0.8,PLT-01,Munich Center,Germany,EMEA,SMB,Singapore,1,2,14.5,14.5,12,17,16.8,3.5
2026-03-01,SUP-022,Supplier 022,USA,NA,0.8,PLT-08,Taipei Micro,Taiwan,APAC,SMB,Australia,1,1,20.0,20.0,20,20,20.0,
2026-03-01,SUP-022,Supplier 022,USA,NA,0.8,PLT-04,Chennai Forge,India,APAC,Enterprise,UK,1,1,15.0,15.0,15,15,15.0,
2026-03-01,SUP-022,Supplier 022,USA,NA,0.8,PLT-02,Detroit Works,USA,NA,SMB,USA,1,1,12.0,12.0,12,12,12.0,
2026-03-01,SUP-022,Supplier 022,USA,NA,0.8,PLT-01,Munich Center,Germany,EMEA,Enterprise,Japan,1,1,16.0,16.0,16,16,16.0,
2026-03-01,SUP-022,Supplier 022,USA,NA,0.8,PLT-06,Sao Paulo Ops,Brazil,LATAM,SMB,Australia,1,1,18.0,18.0,18,18,18.0,
2026-03-01,SUP-023,Supplier 023,Japan,APAC,0.98,PLT-01,Munich Center,Germany,EMEA,SMB,Australia,1,1,32.0,32.0,32,32,32.0,
2026-03-01,SUP-023,Supplier 023,Japan,APAC,0.98,PLT-08,Taipei Micro,Taiwan,APAC,Enterprise,Germany,1,2,35.0,35.0,34,36,35.9,1.4
2026-03-01,SUP-024,Supplier 024,India,APAC,0.89,PLT-08,Taipei Micro,Taiwan,APAC,Enterprise,France,1,1,31.0,31.0,31,31,31.0,
2026-03-01,SUP-024,Supplier 024,India,APAC,0.89,PLT-04,Chennai Forge,India,APAC,SMB,France,1,1,33.0,33.0,33,33,33.0,
2026-03-01,SUP-024,Supplier 024,India,APAC,0.89,PLT-02,Detroit Works,USA,NA,Enterprise,Japan,1,1,25.0,25.0,25,25,25.0,
2026-03-01,SUP-024,Supplier 024,India,APAC,0.89,PLT-07,Seoul Tech,South Korea,APAC,SMB,USA,1,2,32.0,32.0,31,33,32.9,1.4
2026-03-01,SUP-024,Supplier 024,India,APAC,0.89,PLT-06,Sao Paulo Ops,Brazil,LATAM,SMB,Australia,1,1,30.0,30.0,30,30,30.0,
2026-03-01,SUP-025,Supplier 025,Mexico,LATAM,0.71,PLT-03,Tokyo Precision,Japan,APAC,SMB,Australia,1,2,35.0,35.0,33,37,36.8,2.8
2026-03-01,SUP-025,Supplier 025,Mexico,LATAM,0.71,PLT-03,Tokyo Precision,Japan,APAC,SMB,Canada,1,2,31.0,31.0,30,32,31.9,1.4
2026-03-01,SUP-025,Supplier 025,Mexico,LATAM,0.71,PLT-03,Tokyo Precision,Japan,APAC,Enterprise,France,1,2,29.5,29.5,28,31,30.9,2.1
2026-03-01,SUP-025,Supplier 025,Mexico,LATAM,0.71,PLT-00,Shanghai Hub,China,APAC,Enterprise,Japan,1,1,32.0,32.0,32,32,32.0,
2026-03-01,SUP-025,Supplier 025,Mexico,LATAM,0.71,PLT-04,Chennai Forge,India,APAC,Government,USA,1,1,31.0,31.0,31,31,31.0,
2026-03-01,SUP-026,Supplier 026,Brazil,LATAM,0.73,PLT-02,Detroit Works,USA,NA,SMB,Japan,1,1,22.0,22.0,22,22,22.0,
2026-03-01,SUP-026,Supplier 026,Brazil,LATAM,0.73,PLT-00,Shanghai Hub,China,APAC,Enterprise,UK,1,2,28.0,28.0,24,32,31.6,5.7
2026-03-01,SUP-026,Supplier 026,Brazil,LATAM,0.73,PLT-04,Chennai Forge,India,APAC,SMB,UK,1,2,26.5,26.5,25,28,27.9,2.1
2026-03-01,SUP-026,Supplier 026,Brazil,LATAM,0.73,PLT-08,Taipei Micro,Taiwan,APAC,SMB,France,1,1,24.0,24.0,24,24,24.0,
2026-03-01,SUP-027,Supplier 027,South Korea,APAC,0.94,PLT-00,Shanghai Hub,China,APAC,Enterprise,Canada,1,1,28.0,28.0,28,28,28.0,
2026-03-01,SUP-027,Supplier 027,South Korea,APAC,0.94,PLT-09,Hanoi Assembly,Vietnam,APAC,Enterprise,USA,1,1,33.0,33.0,33,33,33.0,
2026-03-01,SUP-027,Supplier 027,South Korea,APAC,0.94,PLT-09,Hanoi Assembly,Vietnam,APAC,Government,Singapore,1,1,35.0,35.0,35,35,35.0,
2026-03-01,SUP-027,Supplier 027,South Korea,APAC,0.94,PLT-08,Taipei Micro,Taiwan,APAC,SMB,Germany,1,1,31.0,31.0,31,31,31.0,
2026-03-01,SUP-027,Supplier 027,South Korea,APAC,0.94,PLT-04,Chennai Forge,India,APAC,SMB,Japan,1,1,28.0,28.0,28,28,28.0,
2026-03-01,SUP-027,Supplier 027,South Korea,APAC,0.94,PLT-08,Taipei Micro,Taiwan,APAC,Government,Germany,1,2,34.0,34.0,29,39,38.5,7.1
2026-03-01,SUP-027,Supplier 027,South Korea,APAC,0.94,PLT-05,Monterrey Plant,Mexico,LATAM,SMB,UK,1,1,29.0,29.0,29,29,29.0,
2026-03-01,SUP-028,Supplier 028,Taiwan,APAC,0.84,PLT-01,Munich Center,Germany,EMEA,SMB,UK,1,1,33.0,33.0,33,33,33.0,
2026-03-01,SUP-028,Supplier 028,Taiwan,APAC,0.84,PLT-06,Sao Paulo Ops,Brazil,LATAM,SMB,France,1,1,31.0,31.0,31,31,31.0,
2026-03-01,SUP-028,Supplier 028,Taiwan,APAC,0.84,PLT-06,Sao Paulo Ops,Brazil,LATAM,SMB,Canada,1,1,29.0,29.0,29,29,29.0,
2026-03-01,SUP-028,Supplier 028,Taiwan,APAC,0.84,PLT-06,Sao Paulo Ops,Brazil,LATAM,Enterprise,UK,1,2,36.5,36.5,34,39,38.8,3.5
2026-03-01,SUP-028,Supplier 028,Taiwan,APAC,0.84,PLT-09,Hanoi Assembly,Vietnam,APAC,Government,USA,1,1,31.0,31.0,31,31,31.0,
2026-03-01,SUP-029,Supplier 029,Vietnam,APAC,0.51,PLT-03,Tokyo Precision,Japan,APAC,SMB,Japan,1,2,28.5,28.5,24,33,32.6,6.4
2026-03-01,SUP-029,Supplier 029,Vietnam,APAC,0.51,PLT-03,Tokyo Precision,Japan,APAC,SMB,Australia,1,1,26.0,26.0,26,26,26.0,
2026-03-01,SUP-029,Supplier 029,Vietnam,APAC,0.51,PLT-07,Seoul Tech,South Korea,APAC,Enterprise,Canada,1,1,30.0,30.0,30,30,30.0,
2026-03-01,SUP-029,Supplier 029,Vietnam,APAC,0.51,PLT-07,Seoul Tech,South Korea,APAC,SMB,France,1,1,27.0,27.0,27,27,27.0,
2026-03-01,SUP-029,Supplier 029,Vietnam,APAC,0.51,PLT-02,Detroit Works,USA,NA,SMB,Germany,1,2,28.0,28.0,26,30,29.8,2.8
2026-03-01,SUP-030,Supplier 030,China,APAC,0.59,PLT-00,Shanghai Hub,China,APAC,SMB,Australia,1,1,25.0,25.0,25,25,25.0,
2026-03-01,SUP-030,Supplier 030,China,APAC,0.59,PLT-07,Seoul Tech,South Korea,APAC,SMB,France,1,1,27.0,27.0,27,27,27.0,
2026-03-01,SUP-030,Supplier 030,China,APAC,0.59,PLT-09,Hanoi Assembly,Vietnam,APAC,SMB,Singapore,1,1,35.0,35.0,35,35,35.0,
2026-03-01,SUP-030,Supplier 030,China,APAC,0.59,PLT-04,Chennai Forge,India,APAC,Government,France,1,1,28.0,28.0,28,28,28.0,
2026-03-01,SUP-030,Supplier 030,China,APAC,0.59,PLT-07,Seoul Tech,South Korea,APAC,Enterprise,Germany,1,2,31.0,31.0,29,33,32.8,2.8
2026-03-01,SUP-031,Supplier 031,Germany,EMEA,0.92,PLT-06,Sao Paulo Ops,Brazil,LATAM,Enterprise,Germany,1,1,25.0,25.0,25,25,25.0,
2026-03-01,SUP-031,Supplier 031,Germany,EMEA,0.92,PLT-04,Chennai Forge,India,APAC,SMB,Germany,1,1,26.0,26.0,26,26,26.0,
2026-03-01,SUP-031,Supplier 031,Germany,EMEA,0.92,PLT-01,Munich Center,Germany,EMEA,Enterprise,UK,1,1,22.0,22.0,22,22,22.0,
2026-03-01,SUP-031,Supplier 031,Germany,EMEA,0.92,PLT-00,Shanghai Hub,China,APAC,Enterprise,USA,1,1,25.0,25.0,25,25,25.0,
2026-03-01,SUP-031,Supplier 031,Germany,EMEA,0.92,PLT-08,Taipei Micro,Taiwan,APAC,SMB,Australia,1,1,27.0,27.0,27,27,27.0,
2026-03-01,SUP-031,Supplier 031,Germany,EMEA,0.92,PLT-02,Detroit Works,USA,NA,Enterprise,Canada,1,1,20.0,20.0,20,20,20.0,
2026-03-01,SUP-031,Supplier 031,Germany,EMEA,0.92,PLT-08,Taipei Micro,Taiwan,APAC,SMB,UK,1,1,27.0,27.0,27,27,27.0,
2026-03-01,SUP-031,Supplier 031,Germany,EMEA,0.92,PLT-08,Taipei Micro,Taiwan,APAC,SMB,Germany,1,1,26.0,26.0,26,26,26.0,
2026-03-01,SUP-031,Supplier 031,Germany,EMEA,0.92,PLT-05,Monterrey Plant,Mexico,LATAM,SMB,Japan,1,1,20.0,20.0,20,20,20.0,
2026-03-01,SUP-032,Supplier 032,USA,NA,0.78,PLT-01,Munich Center,Germany,EMEA,SMB,USA,1,2,17.5,17.5,16,19,18.9,2.1
2026-03-01,SUP-032,Supplier 032,USA,NA,0.78,PLT-05,Monterrey Plant,Mexico,LATAM,Enterprise,Japan,1,1,17.0,17.0,17,17,17.0,
2026-03-01,SUP-032,Supplier 032,USA,NA,0.78,PLT-06,Sao Paulo Ops,Brazil,LATAM,Enterprise,Japan,1,1,14.0,14.0,14,14,14.0,
2026-03-01,SUP-032,Supplier 032,USA,NA,0.78,PLT-07,Seoul Tech,South Korea,APAC,Government,Canada,1,2,20.5,20.5,17,24,23.7,4.9
2026-03-01,SUP-032,Supplier 032,USA,NA,0.78,PLT-04,Chennai Forge,India,APAC,Enterprise,France,1,2,21.5,21.5,19,24,23.8,3.5
2026-03-01,SUP-033,Supplier 033,Japan,APAC,0.5,PLT-08,Taipei Micro,Taiwan,APAC,SMB,Germany,1,1,26.0,26.0,26,26,26.0,
2026-03-01,SUP-033,Supplier 033,Japan,APAC,0.5,PLT-06,Sao Paulo Ops,Brazil,LATAM,SMB,France,1,1,24.0,24.0,24,24,24.0,
2026-03-01,SUP-033,Supplier 033,Japan,APAC,0.5,PLT-01,Munich Center,Germany,EMEA,Enterprise,Japan,1,1,21.0,21.0,21,21,21.0,
2026-03-01,SUP-033,Supplier 033,Japan,APAC,0.5,PLT-05,Monterrey Plant,Mexico,LATAM,Enterprise,Canada,2,2,23.5,23.5,23,24,24.0,0.7
2026-03-01,SUP-033,Supplier 033,Japan,APAC,0.5,PLT-03,Tokyo Precision,Japan,APAC,Enterprise,Canada,1,2,32.0,32.0,28,36,35.6,5.7
2026-03-01,SUP-033,Supplier 033,Japan,APAC,0.5,PLT-01,Munich Center,Germany,EMEA,Government,France,1,1,18.0,18.0,18,18,18.0,
2026-03-01,SUP-034,Supplier 034,India,APAC,0.95,PLT-06,Sao Paulo Ops,Brazil,LATAM,SMB,Canada,1,1,22.0,22.0,22,22,22.0,
2026-03-01,SUP-034,Supplier 034,India,APAC,0.95,PLT-00,Shanghai Hub,China,APAC,SMB,Japan,1,2,25.5,25.5,25,26,26.0,0.7
2026-03-01,SUP-034,Supplier 034,India,APAC,0.95,PLT-02,Detroit Works,USA,NA,Enterprise,USA,1,2,24.0,24.0,21,27,26.7,4.2
2026-03-01,SUP-034,Supplier 034,India,APAC,0.95,PLT-05,Monterrey Plant,Mexico,LATAM,SMB,Australia,1,1,19.0,19.0,19,19,19.0,
2026-03-01,SUP-034,Supplier 034,India,APAC,0.95,PLT-00,Shanghai Hub,China,APAC,Government,UK,1,1,27.0,27.0,27,27,27.0,
2026-03-01,SUP-034,Supplier 034,India,APAC,0.95,PLT-08,Taipei Micro,Taiwan,APAC,SMB,Canada,1,2,28.0,28.0,27,29,28.9,1.4
2026-03-01,SUP-035,Supplier 035,Mexico,LATAM,0.77,PLT-00,Shanghai Hub,China,APAC,SMB,Singapore,1,2,22.5,22.5,18,27,26.6,6.4
2026-03-01,SUP-035,Supplier 035,Mexico,LATAM,0.77,PLT-03,Tokyo Precision,Japan,APAC,Government,USA,1,2,22.5,22.5,16,29,28.4,9.2
2026-03-01,SUP-035,Supplier 035,Mexico,LATAM,0.77,PLT-07,Seoul Tech,South Korea,APAC,SMB,Singapore,1,2,22.5,22.5,21,24,23.9,2.1
2026-03-01,SUP-035,Supplier 035,Mexico,LATAM,0.77,PLT-06,Sao Paulo Ops,Brazil,LATAM,SMB,Singapore,1,1,23.0,23.0,23,23,23.0,
2026-03-01,SUP-035,Supplier 035,Mexico,LATAM,0.77,PLT-00,Shanghai Hub,China,APAC,SMB,Japan,1,1,24.0,24.0,24,24,24.0,
2026-03-01,SUP-035,Supplier 035,Mexico,LATAM,0.77,PLT-01,Munich Center,Germany,EMEA,Government,USA,1,1,16.0,16.0,16,16,16.0,
2026-03-01,SUP-035,Supplier 035,Mexico,LATAM,0.77,PLT-08,Taipei Micro,Taiwan,APAC,SMB,Canada,2,3,23.3,21.0,20,29,28.2,4.9
2026-03-01,SUP-035,Supplier 035,Mexico,LATAM,0.77,PLT-06,Sao Paulo Ops,Brazil,LATAM,SMB,Japan,1,1,21.0,21.0,21,21,21.0,
2026-03-01,SUP-036,Supplier 036,Brazil,LATAM,0.76,PLT-07,Seoul Tech,South Korea,APAC,SMB,Singapore,1,1,17.0,17.0,17,17,17.0,
2026-03-01,SUP-036,Supplier 036,Brazil,LATAM,0.76,PLT-02,Detroit Works,USA,NA,Enterprise,Germany,1,2,18.0,18.0,16,20,19.8,2.8
2026-03-01,SUP-036,Supplier 036,Brazil,LATAM,0.76,PLT-02,Detroit Works,USA,NA,Government,Germany,1,1,14.0,14.0,14,14,14.0,
2026-03-01,SUP-036,Supplier 036,Brazil,LATAM,0.76,PLT-00,Shanghai Hub,China,APAC,Enterprise,USA,2,2,22.5,22.5,19,26,25.7,4.9
2026-03-01,SUP-036,Supplier 036,Brazil,LATAM,0.76,PLT-03,Tokyo Precision,Japan,APAC,SMB,Singapore,1,1,25.0,25.0,25,25,25.0,
2026-03-01,SUP-036,Supplier 036,Brazil,LATAM,0.76,PLT-04,Chennai Forge,India,APAC,Government,Germany,1,2,23.5,23.5,21,26,25.8,3.5
2026-03-01,SUP-036,Supplier 036,Brazil,LATAM,0.76,PLT-02,Detroit Works,USA,NA,SMB,UK,1,2,17.5,17.5,13,22,21.6,6.4
2026-03-01,SUP-037,Supplier 037,South Korea,APAC,0.7,PLT-00,Shanghai Hub,China,APAC,SMB,Australia,1,1,22.0,22.0,22,22,22.0,
2026-03-01,SUP-037,Supplier 037,South Korea,APAC,0.7,PLT-04,Chennai Forge,India,APAC,Government,Singapore,1,1,27.0,27.0,27,27,27.0,
2026-03-01,SUP-037,Supplier 037,South Korea,APAC,0.7,PLT-01,Munich Center,Germany,EMEA,SMB,Canada,1,2,28.0,28.0,26,30,29.8,2.8
2026-03-01,SUP-037,Supplier 037,South Korea,APAC,0.7,PLT-04,Chennai Forge,India,APAC,Government,USA,1,1,31.0,31.0,31,31,31.0,
2026-03-01,SUP-038,Supplier 038,Taiwan,APAC,0.95,PLT-02,Detroit Works,USA,NA,SMB,Canada,1,1,25.0,25.0,25,25,25.0,
2026-03-01,SUP-038,Supplier 038,Taiwan,APAC,0.95,PLT-02,Detroit Works,USA,NA,SMB,France,1,1,22.0,22.0,22,22,22.0,
2026-03-01,SUP-038,Supplier 038,Taiwan,APAC,0.95,PLT-08,Taipei Micro,Taiwan,APAC,SMB,Singapore,1,2,34.0,34.0,32,36,35.8,2.8
2026-03-01,SUP-038,Supplier 038,Taiwan,APAC,0.95,PLT-09,Hanoi Assembly,Vietnam,APAC,SMB,UK,1,1,31.0,31.0,31,31,31.0,
2026-03-01,SUP-038,Supplier 038,Taiwan,APAC,0.95,PLT-07,Seoul Tech,South Korea,APAC,SMB,Australia,1,1,26.0,26.0,26,26,26.0,
2026-03-01,SUP-038,Supplier 038,Taiwan,APAC,0.95,PLT-06,Sao Paulo Ops,Brazil,LATAM,SMB,Australia,1,1,25.0,25.0,25,25,25.0,
2026-03-01,SUP-038,Supplier 038,Taiwan,APAC,0.95,PLT-09,Hanoi Assembly,Vietnam,APAC,SMB,Singapore,1,2,30.0,30.0,26,34,33.6,5.7
2026-03-01,SUP-039,Supplier 039,Vietnam,APAC,0.68,PLT-06,Sao Paulo Ops,Brazil,LATAM,SMB,Japan,1,1,22.0,22.0,22,22,22.0,
2026-03-01,SUP-039,Supplier 039,Vietnam,APAC,0.68,PLT-09,Hanoi Assembly,Vietnam,APAC,SMB,France,1,1,28.0,28.0,28,28,28.0,
2026-03-01,SUP-039,Supplier 039,Vietnam,APAC,0.68,PLT-06,Sao Paulo Ops,Brazil,LATAM,SMB,France,1,1,23.0,23.0,23,23,23.0,
2026-03-01,SUP-040,Supplier 040,China,APAC,0.96,PLT-00,Shanghai Hub,China,APAC,SMB,Japan,1,2,24.0,24.0,20,28,27.6,5.7
2026-03-01,SUP-040,Supplier 040,China,APAC,0.96,PLT-04,Chennai Forge,India,APAC,SMB,Australia,1,1,25.0,25.0,25,25,25.0,
2026-03-01,SUP-040,Supplier 040,China,APAC,0.96,PLT-03,Tokyo Precision,Japan,APAC,Government,Australia,1,1,22.0,22.0,22,22,22.0,
2026-03-01,SUP-041,Supplier 041,Germany,EMEA,0.64,PLT-00,Shanghai Hub,China,APAC,SMB,France,1,1,23.0,23.0,23,23,23.0,
2026-03-01,SUP-041,Supplier 041,Germany,EMEA,0.64,PLT-00,Shanghai Hub,China,APAC,SMB,Australia,1,1,30.0,30.0,30,30,30.0,
2026-03-01,SUP-041,Supplier 041,Germany,EMEA,0.64,PLT-05,Monterrey Plant,Mexico,LATAM,Government,USA,1,1,25.0,25.0,25,25,25.0,
2026-03-01,SUP-041,Supplier 041,Germany,EMEA,0.64,PLT-02,Detroit Works,USA,NA,SMB,Australia,1,1,19.0,19.0,19,19,19.0,
2026-03-01,SUP-041,Supplier 041,Germany,EMEA,0.64,PLT-02,Detroit Works,USA,NA,SMB,Singapore,1,1,19.0,19.0,19,19,19.0,
2026-03-01,SUP-042,Supplier 042,USA,NA,0.91,PLT-04,Chennai Forge,India,APAC,Government,Germany,1,1,14.0,14.0,14,14,14.0,
2026-03-01,SUP-042,Supplier 042,USA,NA,0.91,PLT-05,Monterrey Plant,Mexico,LATAM,Enterprise,UK,1,1,13.0,13.0,13,13,13.0,
2026-03-01,SUP-042,Supplier 042,USA,NA,0.91,PLT-04,Chennai Forge,India,APAC,SMB,Australia,1,1,21.0,21.0,21,21,21.0,
2026-03-01,SUP-042,Supplier 042,USA,NA,0.91,PLT-05,Monterrey Plant,Mexico,LATAM,SMB,USA,1,1,18.0,18.0,18,18,18.0,
2026-03-01,SUP-042,Supplier 042,USA,NA,0.91,PLT-06,Sao Paulo Ops,Brazil,LATAM,SMB,Canada,1,1,17.0,17.0,17,17,17.0,
2026-03-01,SUP-042,Supplier 042,USA,NA,0.91,PLT-02,Detroit Works,USA,NA,Enterprise,Canada,1,1,12.0,12.0,12,12,12.0,
2026-03-01,SUP-043,Supplier 043,Japan,APAC,0.98,PLT-06,Sao Paulo Ops,Brazil,LATAM,Enterprise,France,1,1,29.0,29.0,29,29,29.0,
2026-03-01,SUP-043,Supplier 043,Japan,APAC,0.98,PLT-06,Sao Paulo Ops,Brazil,LATAM,Government,USA,1,1,24.0,24.0,24,24,24.0,
2026-03-01,SUP-043,Supplier 043,Japan,APAC,0.98,PLT-03,Tokyo Precision,Japan,APAC,Enterprise,Canada,1,1,26.0,26.0,26,26,26.0,
2026-03-01,SUP-043,Supplier 043,Japan,APAC,0.98,PLT-03,Tokyo Precision,Japan,APAC,Government,Australia,1,1,27.0,27.0,27,27,27.0,
2026-03-01,SUP-043,Supplier 043,Japan,APAC,0.98,PLT-03,Tokyo Precision,Japan,APAC,SMB,Japan,1,1,31.0,31.0,31,31,31.0,
2026-03-01,SUP-043,Supplier 043,Japan,APAC,0.98,PLT-01,Munich Center,Germany,EMEA,Enterprise,Canada,1,2,26.5,26.5,24,29,28.8,3.5
2026-03-01,SUP-043,Supplier 043,Japan,APAC,0.98,PLT-08,Taipei Micro,Taiwan,APAC,Government,Germany,1,2,31.0,31.0,24,38,37.3,9.9
2026-03-01,SUP-043,Supplier 043,Japan,APAC,0.98,PLT-04,Chennai Forge,India,APAC,Government,Australia,1,1,27.0,27.0,27,27,27.0,
2026-03-01,SUP-043,Supplier 043,Japan,APAC,0.98,PLT-07,Seoul Tech,South Korea,APAC,Government,Canada,1,1,30.0,30.0,30,30,30.0,
2026-03-01,SUP-043,Supplier 043,Japan,APAC,0.98,PLT-00,Shanghai Hub,China,APAC,SMB,Australia,1,1,27.0,27.0,27,27,27.0,
2026-03-01,SUP-044,Supplier 044,India,APAC,0.55,PLT-03,Tokyo Precision,Japan,APAC,Government,France,1,1,35.0,35.0,35,35,35.0,
2026-03-01,SUP-044,Supplier 044,India,APAC,0.55,PLT-06,Sao Paulo Ops,Brazil,LATAM,SMB,Singapore,1,2,29.5,29.5,29,30,30.0,0.7
2026-03-01,SUP-044,Supplier 044,India,APAC,0.55,PLT-02,Detroit Works,USA,NA,SMB,Japan,1,1,28.0,28.0,28,28,28.0,
2026-03-01,SUP-044,Supplier 044,India,APAC,0.55,PLT-09,Hanoi Assembly,Vietnam,APAC,Enterprise,Germany,1,1,34.0,34.0,34,34,34.0,
2026-03-01,SUP-044,Supplier 044,India,APAC,0.55,PLT-02,Detroit Works,USA,NA,SMB,Singapore,1,1,23.0,23.0,23,23,23.0,
2026-03-01,SUP-045,Supplier 045,Mexico,LATAM,0.92,PLT-08,Taipei Micro,Taiwan,APAC,SMB,Canada,1,1,20.0,20.0,20,20,20.0,
2026-03-01,SUP-045,Supplier 045,Mexico,LATAM,0.92,PLT-04,Chennai Forge,India,APAC,SMB,Germany,1,1,21.0,21.0,21,21,21.0,
2026-03-01,SUP-045,Supplier 045,Mexico,LATAM,0.92,PLT-00,Shanghai Hub,China,APAC,Government,Germany,1,2,24.5,24.5,22,27,26.8,3.5
2026-03-01,SUP-045,Supplier 045,Mexico,LATAM,0.92,PLT-03,Tokyo Precision,Japan,APAC,SMB,France,1,2,23.5,23.5,21,26,25.8,3.5
2026-03-01,SUP-045,Supplier 045,Mexico,LATAM,0.92,PLT-00,Shanghai Hub,China,APAC,Government,France,1,1,23.0,23.0,23,23,23.0,
2026-03-01,SUP-045,Supplier 045,Mexico,LATAM,0.92,PLT-08,Taipei Micro,Taiwan,APAC,SMB,France,1,2,22.5,22.5,19,26,25.7,4.9
2026-03-01,SUP-045,Supplier 045,Mexico,LATAM,0.92,PLT-04,Chennai Forge,India,APAC,SMB,UK,1,1,22.0,22.0,22,22,22.0,
2026-03-01,SUP-045,Supplier 045,Mexico,LATAM,0.92,PLT-02,Detroit Works,USA,NA,Government,Canada,1,1,19.0,19.0,19,19,19.0,
2026-03-01,SUP-045,Supplier 045,Mexico,LATAM,0.92,PLT-07,Seoul Tech,South Korea,APAC,Government,France,1,1,22.0,22.0,22,22,22.0,
2026-03-01,SUP-045,Supplier 045,Mexico,LATAM,0.92,PLT-02,Detroit Works,USA,NA,SMB,UK,1,1,17.0,17.0,17,17,17.0,
2026-03-01,SUP-046,Supplier 046,Brazil,LATAM,0.96,PLT-06,Sao Paulo Ops,Brazil,LATAM,Government,Japan,1,2,28.0,28.0,24,32,31.6,5.7
2026-03-01,SUP-046,Supplier 046,Brazil,LATAM,0.96,PLT-01,Munich Center,Germany,EMEA,SMB,Canada,1,2,25.0,25.0,24,26,25.9,1.4
2026-03-01,SUP-046,Supplier 046,Brazil,LATAM,0.96,PLT-01,Munich Center,Germany,EMEA,SMB,Japan,1,1,23.0,23.0,23,23,23.0,
2026-03-01,SUP-046,Supplier 046,Brazil,LATAM,0.96,PLT-05,Monterrey Plant,Mexico,LATAM,Enterprise,Japan,1,2,29.0,29.0,27,31,30.8,2.8
2026-03-01,SUP-046,Supplier 046,Brazil,LATAM,0.96,PLT-04,Chennai Forge,India,APAC,Enterprise,Canada,1,2,29.0,29.0,29,29,29.0,0.0
2026-03-01,SUP-046,Supplier 046,Brazil,LATAM,0.96,PLT-07,Seoul Tech,South Korea,APAC,Government,Japan,1,1,23.0,23.0,23,23,23.0,
2026-03-01,SUP-046,Supplier 046,Brazil,LATAM,0.96,PLT-05,Monterrey Plant,Mexico,LATAM,Government,Japan,1,2,28.5,28.5,27,30,29.9,2.1
2026-03-01,SUP-047,Supplier 047,South Korea,APAC,0.59,PLT-03,Tokyo Precision,Japan,APAC,SMB,France,1,1,29.0,29.0,29,29,29.0,
2026-03-01,SUP-047,Supplier 047,South Korea,APAC,0.59,PLT-09,Hanoi Assembly,Vietnam,APAC,Government,USA,2,3,33.0,33.0,31,35,34.8,2.0
2026-03-01,SUP-047,Supplier 047,South Korea,APAC,0.59,PLT-02,Detroit Works,USA,NA,SMB,Australia,1,1,24.0,24.0,24,24,24.0,
2026-03-01,SUP-047,Supplier 047,South Korea,APAC,0.59,PLT-03,Tokyo Precision,Japan,APAC,SMB,Australia,1,2,35.0,35.0,33,37,36.8,2.8
2026-03-01,SUP-047,Supplier 047,South Korea,APAC,0.59,PLT-05,Monterrey Plant,Mexico,LATAM,Government,UK,1,1,32.0,32.0,32,32,32.0,
2026-03-01,SUP-047,Supplier 047,South Korea,APAC,0.59,PLT-03,Tokyo Precision,Japan,APAC,SMB,Germany,1,1,32.0,32.0,32,32,32.0,
2026-03-01,SUP-047,Supplier 047,South Korea,APAC,0.59,PLT-06,Sao Paulo Ops,Brazil,LATAM,SMB,USA,1,1,32.0,32.0,32,32,32.0,
2026-03-01,SUP-048,Supplier 048,Taiwan,APAC,0.54,PLT-03,Tokyo Precision,Japan,APAC,Government,France,1,1,32.0,32.0,32,32,32.0,
2026-03-01,SUP-048,Supplier 048,Taiwan,APAC,0.54,PLT-06,Sao Paulo Ops,Brazil,LATAM,Enterprise,Japan,1,1,27.0,27.0,27,27,27.0,
2026-03-01,SUP-048,Supplier 048,Taiwan,APAC,0.54,PLT-09,Hanoi Assembly,Vietnam,APAC,SMB,USA,1,1,34.0,34.0,34,34,34.0,
2026-03-01,SUP-048,Supplier 048,Taiwan,APAC,0.54,PLT-05,Monterrey Plant,Mexico,LATAM,Enterprise,France,1,1,30.0,30.0,30,30,30.0,
2026-03-01,SUP-048,Supplier 048,Taiwan,APAC,0.54,PLT-03,Tokyo Precision,Japan,APAC,SMB,Singapore,1,1,33.0,33.0,33,33,33.0,
2026-03-01,SUP-048,Supplier 048,Taiwan,APAC,0.54,PLT-00,Shanghai Hub,China,APAC,Enterprise,Japan,1,1,31.0,31.0,31,31,31.0,
2026-03-01,SUP-048,Supplier 048,Taiwan,APAC,0.54,PLT-02,Detroit Works,USA,NA,SMB,USA,1,2,35.0,35.0,33,37,36.8,2.8
2026-03-01,SUP-049,Supplier 049,Vietnam,APAC,0.75,PLT-06,Sao Paulo Ops,Brazil,LATAM,Government,USA,1,1,31.0,31.0,31,31,31.0,
2026-03-01,SUP-049,Supplier 049,Vietnam,APAC,0.75,PLT-09,Hanoi Assembly,Vietnam,APAC,SMB,USA,1,2,39.5,39.5,34,45,44.5,7.8
2026-03-01,SUP-049,Supplier 049,Vietnam,APAC,0.75,PLT-08,Taipei Micro,Taiwan,APAC,Enterprise,Japan,1,1,38.0,38.0,38,38,38.0,
2026-03-01,SUP-049,Supplier 049,Vietnam,APAC,0.75,PLT-02,Detroit Works,USA,NA,SMB,Japan,1,1,32.0,32.0,32,32,32.0,
2026-03-01,SUP-049,Supplier 049,Vietnam,APAC,0.75,PLT-02,Detroit Works,USA,NA,Government,UK,1,1,31.0,31.0,31,31,31.0,
2026-03-01,SUP-049,Supplier 049,Vietnam,APAC,0.75,PLT-06,Sao Paulo Ops,Brazil,LATAM,SMB,UK,1,1,31.0,31.0,31,31,31.0,
2026-04-01,SUP-000,Supplier 000,China,APAC,0.85,PLT-04,Chennai Forge,India,APAC,SMB,Japan,1,1,22.0,22.0,22,22,22.0,
2026-04-01,SUP-000,Supplier 000,China,APAC,0.85,PLT-05,Monterrey Plant,Mexico,LATAM,Enterprise,Australia,1,1,24.0,24.0,24,24,24.0,
2026-04-01,SUP-000,Supplier 000,China,APAC,0.85,PLT-00,Shanghai Hub,China,APAC,Enterprise,Australia,1,2,24.5,24.5,22,27,26.8,3.5
2026-04-01,SUP-000,Supplier 000,China,APAC,0.85,PLT-05,Monterrey Plant,Mexico,LATAM,Enterprise,USA,1,1,24.0,24.0,24,24,24.0,
2026-04-01,SUP-000,Supplier 000,China,APAC,0.85,PLT-05,Monterrey Plant,Mexico,LATAM,Enterprise,Germany,1,2,25.5,25.5,23,28,27.8,3.5
2026-04-01,SUP-000,Supplier 000,China,APAC,0.85,PLT-04,Chennai Forge,India,APAC,SMB,Germany,1,1,27.0,27.0,27,27,27.0,
2026-04-01,SUP-000,Supplier 000,China,APAC,0.85,PLT-05,Monterrey Plant,Mexico,LATAM,SMB,Singapore,1,2,23.0,23.0,19,27,26.6,5.7
2026-04-01,SUP-000,Supplier 000,China,APAC,0.85,PLT-09,Hanoi Assembly,Vietnam,APAC,Enterprise,USA,1,1,21.0,21.0,21,21,21.0,
2026-04-01,SUP-001,Supplier 001,Germany,EMEA,0.7,PLT-06,Sao Paulo Ops,Brazil,LATAM,Enterprise,Japan,1,1,20.0,20.0,20,20,20.0,
2026-04-01,SUP-001,Supplier 001,Germany,EMEA,0.7,PLT-00,Shanghai Hub,China,APAC,Enterprise,USA,1,2,18.0,18.0,15,21,20.7,4.2
2026-04-01,SUP-001,Supplier 001,Germany,EMEA,0.7,PLT-04,Chennai Forge,India,APAC,Enterprise,Singapore,1,1,18.0,18.0,18,18,18.0,
2026-04-01,SUP-001,Supplier 001,Germany,EMEA,0.7,PLT-01,Munich Center,Germany,EMEA,SMB,UK,1,1,17.0,17.0,17,17,17.0,
2026-04-01,SUP-001,Supplier 001,Germany,EMEA,0.7,PLT-07,Seoul Tech,South Korea,APAC,Government,Singapore,1,1,15.0,15.0,15,15,15.0,
2026-04-01,SUP-002,Supplier 002,USA,NA,0.74,PLT-05,Monterrey Plant,Mexico,LATAM,Enterprise,Australia,1,2,21.5,21.5,20,23,22.9,2.1
2026-04-01,SUP-002,Supplier 002,USA,NA,0.74,PLT-05,Monterrey Plant,Mexico,LATAM,SMB,UK,1,1,16.0,16.0,16,16,16.0,
2026-04-01,SUP-002,Supplier 002,USA,NA,0.74,PLT-02,Detroit Works,USA,NA,Enterprise,USA,1,2,17.5,17.5,14,21,20.7,4.9
2026-04-01,SUP-002,Supplier 002,USA,NA,0.74,PLT-07,Seoul Tech,South Korea,APAC,Enterprise,UK,1,1,24.0,24.0,24,24,24.0,
2026-04-01,SUP-003,Supplier 003,Japan,APAC,0.64,PLT-05,Monterrey Plant,Mexico,LATAM,SMB,Japan,1,1,26.0,26.0,26,26,26.0,
2026-04-01,SUP-003,Supplier 003,Japan,APAC,0.64,PLT-04,Chennai Forge,India,APAC,SMB,Japan,1,1,27.0,27.0,27,27,27.0,
2026-04-01,SUP-003,Supplier 003,Japan,APAC,0.64,PLT-06,Sao Paulo Ops,Brazil,LATAM,Enterprise,USA,1,1,25.0,25.0,25,25,25.0,
2026-04-01,SUP-003,Supplier 003,Japan,APAC,0.64,PLT-07,Seoul Tech,South Korea,APAC,SMB,Singapore,1,1,30.0,30.0,30,30,30.0,
2026-04-01,SUP-003,Supplier 003,Japan,APAC,0.64,PLT-07,Seoul Tech,South Korea,APAC,SMB,Australia,1,1,25.0,25.0,25,25,25.0,
2026-04-01,SUP-003,Supplier 003,Japan,APAC,0.64,PLT-05,Monterrey Plant,Mexico,LATAM,Enterprise,Canada,1,1,32.0,32.0,32,32,32.0,
2026-04-01,SUP-003,Supplier 003,Japan,APAC,0.64,PLT-02,Detroit Works,USA,NA,Government,Germany,1,1,27.0,27.0,27,27,27.0,
2026-04-01,SUP-003,Supplier 003,Japan,APAC,0.64,PLT-03,Tokyo Precision,Japan,APAC,SMB,France,1,2,32.5,32.5,28,37,36.6,6.4
2026-04-01,SUP-003,Supplier 003,Japan,APAC,0.64,PLT-08,Taipei Micro,Taiwan,APAC,SMB,UK,1,1,28.0,28.0,28,28,28.0,
2026-04-01,SUP-004,Supplier 004,India,APAC,0.69,PLT-05,Monterrey Plant,Mexico,LATAM,SMB,Canada,1,1,31.0,31.0,31,31,31.0,
2026-04-01,SUP-004,Supplier 004,India,APAC,0.69,PLT-09,Hanoi Assembly,Vietnam,APAC,SMB,Australia,1,1,29.0,29.0,29,29,29.0,
2026-04-01,SUP-004,Supplier 004,India,APAC,0.69,PLT-06,Sao Paulo Ops,Brazil,LATAM,Enterprise,Japan,1,1,29.0,29.0,29,29,29.0,
2026-04-01,SUP-004,Supplier 004,India,APAC,0.69,PLT-02,Detroit Works,USA,NA,Government,Germany,1,1,25.0,25.0,25,25,25.0,
2026-04-01,SUP-004,Supplier 004,India,APAC,0.69,PLT-07,Seoul Tech,South Korea,APAC,Enterprise,France,1,1,34.0,34.0,34,34,34.0,
2026-04-01,SUP-005,Supplier 005,Mexico,LATAM,0.77,PLT-03,Tokyo Precision,Japan,APAC,SMB,Canada,1,1,25.0,25.0,25,25,25.0,
2026-04-01,SUP-005,Supplier 005,Mexico,LATAM,0.77,PLT-04,Chennai Forge,India,APAC,Enterprise,France,1,1,21.0,21.0,21,21,21.0,
2026-04-01,SUP-005,Supplier 005,Mexico,LATAM,0.77,PLT-09,Hanoi Assembly,Vietnam,APAC,SMB,USA,1,1,21.0,21.0,21,21,21.0,
2026-04-01,SUP-005,Supplier 005,Mexico,LATAM,0.77,PLT-07,Seoul Tech,South Korea,APAC,Enterprise,Canada,1,2,22.5,22.5,20,25,24.8,3.5
2026-04-01,SUP-005,Supplier 005,Mexico,LATAM,0.77,PLT-09,Hanoi Assembly,Vietnam,APAC,Enterprise,Japan,1,2,28.0,28.0,25,31,30.7,4.2
2026-04-01,SUP-006,Supplier 006,Brazil,LATAM,0.61,PLT-05,Monterrey Plant,Mexico,LATAM,SMB,UK,1,1,21.0,21.0,21,21,21.0,
2026-04-01,SUP-006,Supplier 006,Brazil,LATAM,0.61,PLT-04,Chennai Forge,India,APAC,Government,Australia,1,2,33.0,33.0,32,34,33.9,1.4
2026-04-01,SUP-006,Supplier 006,Brazil,LATAM,0.61,PLT-08,Taipei Micro,Taiwan,APAC,Enterprise,Singapore,1,2,30.0,30.0,27,33,32.7,4.2
2026-04-01,SUP-007,Supplier 007,South Korea,APAC,0.84,PLT-04,Chennai Forge,India,APAC,Government,UK,1,1,34.0,34.0,34,34,34.0,
2026-04-01,SUP-007,Supplier 007,South Korea,APAC,0.84,PLT-01,Munich Center,Germany,EMEA,SMB,Canada,1,1,29.0,29.0,29,29,29.0,
2026-04-01,SUP-007,Supplier 007,South Korea,APAC,0.84,PLT-01,Munich Center,Germany,EMEA,Enterprise,Canada,1,2,29.0,29.0,27,31,30.8,2.8
2026-04-01,SUP-007,Supplier 007,South Korea,APAC,0.84,PLT-04,Chennai Forge,India,APAC,SMB,Canada,1,1,31.0,31.0,31,31,31.0,
2026-04-01,SUP-007,Supplier 007,South Korea,APAC,0.84,PLT-04,Chennai Forge,India,APAC,SMB,Australia,1,1,31.0,31.0,31,31,31.0,
2026-04-01,SUP-007,Supplier 007,South Korea,APAC,0.84,PLT-09,Hanoi Assembly,Vietnam,APAC,Enterprise,USA,1,1,26.0,26.0,26,26,26.0,
2026-04-01,SUP-008,Supplier 008,Taiwan,APAC,0.73,PLT-08,Taipei Micro,Taiwan,APAC,Enterprise,USA,1,2,32.5,32.5,30,35,34.8,3.5
2026-04-01,SUP-008,Supplier 008,Taiwan,APAC,0.73,PLT-02,Detroit Works,USA,NA,SMB,Australia,1,1,26.0,26.0,26,26,26.0,
2026-04-01,SUP-008,Supplier 008,Taiwan,APAC,0.73,PLT-00,Shanghai Hub,China,APAC,Enterprise,Japan,1,1,30.0,30.0,30,30,30.0,
2026-04-01,SUP-008,Supplier 008,Taiwan,APAC,0.73,PLT-02,Detroit Works,USA,NA,SMB,Canada,1,1,27.0,27.0,27,27,27.0,
2026-04-01,SUP-009,Supplier 009,Vietnam,APAC,1.0,PLT-09,Hanoi Assembly,Vietnam,APAC,SMB,Australia,1,1,29.0,29.0,29,29,29.0,
2026-04-01,SUP-009,Supplier 009,Vietnam,APAC,1.0,PLT-00,Shanghai Hub,China,APAC,SMB,Japan,2,3,29.7,30.0,28,31,30.9,1.5
2026-04-01,SUP-009,Supplier 009,Vietnam,APAC,1.0,PLT-03,Tokyo Precision,Japan,APAC,SMB,Canada,1,1,33.0,33.0,33,33,33.0,
2026-04-01,SUP-010,Supplier 010,China,APAC,0.76,PLT-02,Detroit Works,USA,NA,SMB,France,1,2,22.0,22.0,20,24,23.8,2.8
2026-04-01,SUP-010,Supplier 010,China,APAC,0.76,PLT-09,Hanoi Assembly,Vietnam,APAC,SMB,USA,1,1,25.0,25.0,25,25,25.0,
2026-04-01,SUP-010,Supplier 010,China,APAC,0.76,PLT-02,Detroit Works,USA,NA,Enterprise,Germany,1,1,17.0,17.0,17,17,17.0,
2026-04-01,SUP-010,Supplier 010,China,APAC,0.76,PLT-05,Monterrey Plant,Mexico,LATAM,SMB,UK,1,2,24.0,24.0,24,24,24.0,0.0
2026-04-01,SUP-010,Supplier 010,China,APAC,0.76,PLT-04,Chennai Forge,India,APAC,Enterprise,Germany,1,1,22.0,22.0,22,22,22.0,
2026-04-01,SUP-010,Supplier 010,China,APAC,0.76,PLT-05,Monterrey Plant,Mexico,LATAM,Enterprise,Germany,1,1,22.0,22.0,22,22,22.0,
2026-04-01,SUP-010,Supplier 010,China,APAC,0.76,PLT-03,Tokyo Precision,Japan,APAC,SMB,Canada,1,1,23.0,23.0,23,23,23.0,
2026-04-01,SUP-010,Supplier 010,China,APAC,0.76,PLT-03,Tokyo Precision,Japan,APAC,Enterprise,Japan,1,1,22.0,22.0,22,22,22.0,
2026-04-01,SUP-010,Supplier 010,China,APAC,0.76,PLT-08,Taipei Micro,Taiwan,APAC,Enterprise,USA,1,1,25.0,25.0,25,25,25.0,
2026-04-01,SUP-011,Supplier 011,Germany,EMEA,0.53,PLT-00,Shanghai Hub,China,APAC,SMB,Canada,1,1,28.0,28.0,28,28,28.0,
2026-04-01,SUP-011,Supplier 011,Germany,EMEA,0.53,PLT-07,Seoul Tech,South Korea,APAC,SMB,Germany,1,1,26.0,26.0,26,26,26.0,
2026-04-01,SUP-011,Supplier 011,Germany,EMEA,0.53,PLT-08,Taipei Micro,Taiwan,APAC,Government,Canada,1,1,28.0,28.0,28,28,28.0,
2026-04-01,SUP-011,Supplier 011,Germany,EMEA,0.53,PLT-00,Shanghai Hub,China,APAC,Enterprise,USA,1,2,33.0,33.0,32,34,33.9,1.4
2026-04-01,SUP-011,Supplier 011,Germany,EMEA,0.53,PLT-08,Taipei Micro,Taiwan,APAC,Enterprise,Germany,1,2,32.5,32.5,30,35,34.8,3.5
2026-04-01,SUP-011,Supplier 011,Germany,EMEA,0.53,PLT-01,Munich Center,Germany,EMEA,SMB,Canada,1,1,28.0,28.0,28,28,28.0,
2026-04-01,SUP-011,Supplier 011,Germany,EMEA,0.53,PLT-05,Monterrey Plant,Mexico,LATAM,SMB,UK,1,1,28.0,28.0,28,28,28.0,
2026-04-01,SUP-011,Supplier 011,Germany,EMEA,0.53,PLT-05,Monterrey Plant,Mexico,LATAM,Government,Singapore,1,1,28.0,28.0,28,28,28.0,
2026-04-01,SUP-011,Supplier 011,Germany,EMEA,0.53,PLT-04,Chennai Forge,India,APAC,Enterprise,Germany,1,1,28.0,28.0,28,28,28.0,
2026-04-01,SUP-011,Supplier 011,Germany,EMEA,0.53,PLT-08,Taipei Micro,Taiwan,APAC,SMB,UK,1,2,34.0,34.0,32,36,35.8,2.8
2026-04-01,SUP-012,Supplier 012,USA,NA,0.66,PLT-04,Chennai Forge,India,APAC,SMB,Canada,1,1,16.0,16.0,16,16,16.0,
2026-04-01,SUP-012,Supplier 012,USA,NA,0.66,PLT-03,Tokyo Precision,Japan,APAC,SMB,USA,1,1,20.0,20.0,20,20,20.0,
2026-04-01,SUP-012,Supplier 012,USA,NA,0.66,PLT-09,Hanoi Assembly,Vietnam,APAC,Government,UK,1,1,20.0,20.0,20,20,20.0,
2026-04-01,SUP-012,Supplier 012,USA,NA,0.66,PLT-00,Shanghai Hub,China,APAC,Enterprise,UK,1,1,20.0,20.0,20,20,20.0,
2026-04-01,SUP-012,Supplier 012,USA,NA,0.66,PLT-00,Shanghai Hub,China,APAC,SMB,Germany,1,2,22.0,22.0,22,22,22.0,0.0
2026-04-01,SUP-012,Supplier 012,USA,NA,0.66,PLT-00,Shanghai Hub,China,APAC,Government,USA,1,1,15.0,15.0,15,15,15.0,
2026-04-01,SUP-012,Supplier 012,USA,NA,0.66,PLT-06,Sao Paulo Ops,Brazil,LATAM,SMB,USA,1,1,20.0,20.0,20,20,20.0,
2026-04-01,SUP-012,Supplier 012,USA,NA,0.66,PLT-09,Hanoi Assembly,Vietnam,APAC,Enterprise,UK,1,1,22.0,22.0,22,22,22.0,
2026-04-01,SUP-012,Supplier 012,USA,NA,0.66,PLT-08,Taipei Micro,Taiwan,APAC,SMB,UK,1,2,21.5,21.5,18,25,24.7,4.9
2026-04-01,SUP-012,Supplier 012,USA,NA,0.66,PLT-07,Seoul Tech,South Korea,APAC,SMB,UK,1,1,14.0,14.0,14,14,14.0,
2026-04-01,SUP-013,Supplier 013,Japan,APAC,0.89,PLT-09,Hanoi Assembly,Vietnam,APAC,Government,USA,1,2,36.5,36.5,36,37,37.0,0.7
2026-04-01,SUP-013,Supplier 013,Japan,APAC,0.89,PLT-06,Sao Paulo Ops,Brazil,LATAM,Enterprise,France,1,1,33.0,33.0,33,33,33.0,
2026-04-01,SUP-013,Supplier 013,Japan,APAC,0.89,PLT-04,Chennai Forge,India,APAC,Enterprise,Australia,1,1,34.0,34.0,34,34,34.0,
2026-04-01,SUP-014,Supplier 014,India,APAC,0.95,PLT-06,Sao Paulo Ops,Brazil,LATAM,SMB,Japan,1,1,32.0,32.0,32,32,32.0,
2026-04-01,SUP-014,Supplier 014,India,APAC,0.95,PLT-06,Sao Paulo Ops,Brazil,LATAM,SMB,Germany,1,1,27.0,27.0,27,27,27.0,
2026-04-01,SUP-014,Supplier 014,India,APAC,0.95,PLT-01,Munich Center,Germany,EMEA,Enterprise,Australia,1,2,30.5,30.5,26,35,34.6,6.4
2026-04-01,SUP-014,Supplier 014,India,APAC,0.95,PLT-07,Seoul Tech,South Korea,APAC,Government,USA,1,1,33.0,33.0,33,33,33.0,
2026-04-01,SUP-014,Supplier 014,India,APAC,0.95,PLT-00,Shanghai Hub,China,APAC,SMB,Canada,1,1,34.0,34.0,34,34,34.0,
2026-04-01,SUP-014,Supplier 014,India,APAC,0.95,PLT-04,Chennai Forge,India,APAC,SMB,Australia,1,1,32.0,32.0,32,32,32.0,
2026-04-01,SUP-014,Supplier 014,India,APAC,0.95,PLT-00,Shanghai Hub,China,APAC,SMB,Germany,1,1,31.0,31.0,31,31,31.0,
2026-04-01,SUP-014,Supplier 014,India,APAC,0.95,PLT-02,Detroit Works,USA,NA,Government,Japan,1,1,28.0,28.0,28,28,28.0,
2026-04-01,SUP-015,Supplier 015,Mexico,LATAM,0.75,PLT-09,Hanoi Assembly,Vietnam,APAC,Enterprise,Australia,1,1,26.0,26.0,26,26,26.0,
2026-04-01,SUP-015,Supplier 015,Mexico,LATAM,0.75,PLT-02,Detroit Works,USA,NA,SMB,Japan,1,1,22.0,22.0,22,22,22.0,
2026-04-01,SUP-015,Supplier 015,Mexico,LATAM,0.75,PLT-02,Detroit Works,USA,NA,SMB,UK,2,3,24.3,24.0,23,26,25.8,1.5
2026-04-01,SUP-015,Supplier 015,Mexico,LATAM,0.75,PLT-04,Chennai Forge,India,APAC,SMB,USA,1,2,30.5,30.5,29,32,31.9,2.1
2026-04-01,SUP-015,Supplier 015,Mexico,LATAM,0.75,PLT-09,Hanoi Assembly,Vietnam,APAC,Enterprise,USA,1,1,30.0,30.0,30,30,30.0,
2026-04-01,SUP-015,Supplier 015,Mexico,LATAM,0.75,PLT-01,Munich Center,Germany,EMEA,SMB,France,1,1,25.0,25.0,25,25,25.0,
2026-04-01,SUP-015,Supplier 015,Mexico,LATAM,0.75,PLT-09,Hanoi Assembly,Vietnam,APAC,SMB,UK,1,1,23.0,23.0,23,23,23.0,
2026-04-01,SUP-016,Supplier 016,Brazil,LATAM,0.66,PLT-05,Monterrey Plant,Mexico,LATAM,Government,France,1,1,27.0,27.0,27,27,27.0,
2026-04-01,SUP-016,Supplier 016,Brazil,LATAM,0.66,PLT-02,Detroit Works,USA,NA,SMB,USA,1,1,28.0,28.0,28,28,28.0,
2026-04-01,SUP-016,Supplier 016,Brazil,LATAM,0.66,PLT-03,Tokyo Precision,Japan,APAC,SMB,Canada,1,1,31.0,31.0,31,31,31.0,
2026-04-01,SUP-016,Supplier 016,Brazil,LATAM,0.66,PLT-05,Monterrey Plant,Mexico,LATAM,SMB,Australia,1,2,30.0,30.0,29,31,30.9,1.4
2026-04-01,SUP-016,Supplier 016,Brazil,LATAM,0.66,PLT-04,Chennai Forge,India,APAC,Government,Germany,1,2,28.5,28.5,24,33,32.6,6.4
2026-04-01,SUP-016,Supplier 016,Brazil,LATAM,0.66,PLT-05,Monterrey Plant,Mexico,LATAM,Enterprise,Japan,1,1,29.0,29.0,29,29,29.0,
2026-04-01,SUP-017,Supplier 017,South Korea,APAC,0.89,PLT-07,Seoul Tech,South Korea,APAC,SMB,Japan,1,1,28.0,28.0,28,28,28.0,
2026-04-01,SUP-017,Supplier 017,South Korea,APAC,0.89,PLT-02,Detroit Works,USA,NA,SMB,UK,1,2,26.5,26.5,24,29,28.8,3.5
2026-04-01,SUP-017,Supplier 017,South Korea,APAC,0.89,PLT-01,Munich Center,Germany,EMEA,SMB,Singapore,1,1,27.0,27.0,27,27,27.0,
2026-04-01,SUP-017,Supplier 017,South Korea,APAC,0.89,PLT-08,Taipei Micro,Taiwan,APAC,SMB,Singapore,1,1,27.0,27.0,27,27,27.0,
2026-04-01,SUP-017,Supplier 017,South Korea,APAC,0.89,PLT-04,Chennai Forge,India,APAC,Enterprise,Japan,1,1,31.0,31.0,31,31,31.0,
2026-04-01,SUP-017,Supplier 017,South Korea,APAC,0.89,PLT-01,Munich Center,Germany,EMEA,SMB,UK,1,2,28.5,28.5,24,33,32.6,6.4
2026-04-01,SUP-017,Supplier 017,South Korea,APAC,0.89,PLT-06,Sao Paulo Ops,Brazil,LATAM,Government,USA,1,1,26.0,26.0,26,26,26.0,
2026-04-01,SUP-018,Supplier 018,Taiwan,APAC,0.75,PLT-00,Shanghai Hub,China,APAC,SMB,Germany,1,1,39.0,39.0,39,39,39.0,
2026-04-01,SUP-018,Supplier 018,Taiwan,APAC,0.75,PLT-09,Hanoi Assembly,Vietnam,APAC,Enterprise,Singapore,1,1,32.0,32.0,32,32,32.0,
2026-04-01,SUP-018,Supplier 018,Taiwan,APAC,0.75,PLT-00,Shanghai Hub,China,APAC,SMB,Singapore,1,1,36.0,36.0,36,36,36.0,
2026-04-01,SUP-018,Supplier 018,Taiwan,APAC,0.75,PLT-09,Hanoi Assembly,Vietnam,APAC,Enterprise,France,1,1,35.0,35.0,35,35,35.0,
2026-04-01,SUP-018,Supplier 018,Taiwan,APAC,0.75,PLT-06,Sao Paulo Ops,Brazil,LATAM,SMB,France,1,1,35.0,35.0,35,35,35.0,
2026-04-01,SUP-018,Supplier 018,Taiwan,APAC,0.75,PLT-07,Seoul Tech,South Korea,APAC,Enterprise,USA,1,1,31.0,31.0,31,31,31.0,
2026-04-01,SUP-018,Supplier 018,Taiwan,APAC,0.75,PLT-06,Sao Paulo Ops,Brazil,LATAM,SMB,Australia,1,1,32.0,32.0,32,32,32.0,
2026-04-01,SUP-018,Supplier 018,Taiwan,APAC,0.75,PLT-07,Seoul Tech,South Korea,APAC,SMB,Japan,1,1,34.0,34.0,34,34,34.0,
2026-04-01,SUP-018,Supplier 018,Taiwan,APAC,0.75,PLT-02,Detroit Works,USA,NA,Government,USA,1,1,30.0,30.0,30,30,30.0,
2026-04-01,SUP-019,Supplier 019,Vietnam,APAC,0.57,PLT-01,Munich Center,Germany,EMEA,Enterprise,Canada,1,1,31.0,31.0,31,31,31.0,
2026-04-01,SUP-019,Supplier 019,Vietnam,APAC,0.57,PLT-08,Taipei Micro,Taiwan,APAC,Enterprise,Japan,1,1,36.0,36.0,36,36,36.0,
2026-04-01,SUP-019,Supplier 019,Vietnam,APAC,0.57,PLT-01,Munich Center,Germany,EMEA,Enterprise,Singapore,1,1,34.0,34.0,34,34,34.0,
2026-04-01,SUP-019,Supplier 019,Vietnam,APAC,0.57,PLT-05,Monterrey Plant,Mexico,LATAM,SMB,UK,1,2,37.5,37.5,34,41,40.7,4.9
2026-04-01,SUP-019,Supplier 019,Vietnam,APAC,0.57,PLT-02,Detroit Works,USA,NA,Government,Japan,1,2,33.0,33.0,29,37,36.6,5.7
2026-04-01,SUP-020,Supplier 020,China,APAC,0.6,PLT-09,Hanoi Assembly,Vietnam,APAC,SMB,Japan,1,1,23.0,23.0,23,23,23.0,
2026-04-01,SUP-020,Supplier 020,China,APAC,0.6,PLT-07,Seoul Tech,South Korea,APAC,SMB,USA,1,2,32.5,32.5,27,38,37.5,7.8
2026-04-01,SUP-020,Supplier 020,China,APAC,0.6,PLT-08,Taipei Micro,Taiwan,APAC,Government,Australia,1,1,33.0,33.0,33,33,33.0,
2026-04-01,SUP-021,Supplier 021,Germany,EMEA,0.75,PLT-03,Tokyo Precision,Japan,APAC,SMB,Germany,1,1,22.0,22.0,22,22,22.0,
2026-04-01,SUP-021,Supplier 021,Germany,EMEA,0.75,PLT-07,Seoul Tech,South Korea,APAC,Government,Canada,1,2,23.5,23.5,21,26,25.8,3.5
2026-04-01,SUP-022,Supplier 022,USA,NA,0.8,PLT-04,Chennai Forge,India,APAC,Enterprise,UK,1,1,16.0,16.0,16,16,16.0,
2026-04-01,SUP-022,Supplier 022,USA,NA,0.8,PLT-00,Shanghai Hub,China,APAC,SMB,UK,1,2,23.5,23.5,20,27,26.7,4.9
2026-04-01,SUP-022,Supplier 022,USA,NA,0.8,PLT-06,Sao Paulo Ops,Brazil,LATAM,Government,Germany,1,1,17.0,17.0,17,17,17.0,
2026-04-01,SUP-022,Supplier 022,USA,NA,0.8,PLT-02,Detroit Works,USA,NA,SMB,USA,1,1,14.0,14.0,14,14,14.0,
2026-04-01,SUP-022,Supplier 022,USA,NA,0.8,PLT-03,Tokyo Precision,Japan,APAC,SMB,Australia,1,1,19.0,19.0,19,19,19.0,
2026-04-01,SUP-022,Supplier 022,USA,NA,0.8,PLT-03,Tokyo Precision,Japan,APAC,SMB,Singapore,1,1,16.0,16.0,16,16,16.0,
2026-04-01,SUP-023,Supplier 023,Japan,APAC,0.98,PLT-07,Seoul Tech,South Korea,APAC,Enterprise,USA,1,1,33.0,33.0,33,33,33.0,
2026-04-01,SUP-023,Supplier 023,Japan,APAC,0.98,PLT-06,Sao Paulo Ops,Brazil,LATAM,Enterprise,Canada,1,1,34.0,34.0,34,34,34.0,
2026-04-01,SUP-023,Supplier 023,Japan,APAC,0.98,PLT-07,Seoul Tech,South Korea,APAC,SMB,Germany,1,2,36.5,36.5,32,41,40.6,6.4
2026-04-01,SUP-023,Supplier 023,Japan,APAC,0.98,PLT-05,Monterrey Plant,Mexico,LATAM,SMB,Singapore,1,1,31.0,31.0,31,31,31.0,
2026-04-01,SUP-023,Supplier 023,Japan,APAC,0.98,PLT-04,Chennai Forge,India,APAC,SMB,Canada,1,1,36.0,36.0,36,36,36.0,
2026-04-01,SUP-024,Supplier 024,India,APAC,0.89,PLT-08,Taipei Micro,Taiwan,APAC,SMB,Australia,1,2,33.5,33.5,29,38,37.6,6.4
2026-04-01,SUP-024,Supplier 024,India,APAC,0.89,PLT-01,Munich Center,Germany,EMEA,SMB,UK,1,1,29.0,29.0,29,29,29.0,
2026-04-01,SUP-024,Supplier 024,India,APAC,0.89,PLT-00,Shanghai Hub,China,APAC,SMB,Australia,1,1,27.0,27.0,27,27,27.0,
2026-04-01,SUP-024,Supplier 024,India,APAC,0.89,PLT-02,Detroit Works,USA,NA,Government,UK,1,1,23.0,23.0,23,23,23.0,
2026-04-01,SUP-024,Supplier 024,India,APAC,0.89,PLT-09,Hanoi Assembly,Vietnam,APAC,SMB,Singapore,1,1,27.0,27.0,27,27,27.0,
2026-04-01,SUP-024,Supplier 024,India,APAC,0.89,PLT-03,Tokyo Precision,Japan,APAC,Enterprise,Germany,1,1,27.0,27.0,27,27,27.0,
2026-04-01,SUP-024,Supplier 024,India,APAC,0.89,PLT-02,Detroit Works,USA,NA,Enterprise,France,1,2,27.5,27.5,26,29,28.9,2.1
2026-04-01,SUP-024,Supplier 024,India,APAC,0.89,PLT-07,Seoul Tech,South Korea,APAC,SMB,Australia,1,1,30.0,30.0,30,30,30.0,
2026-04-01,SUP-025,Supplier 025,Mexico,LATAM,0.71,PLT-01,Munich Center,Germany,EMEA,Government,USA,1,1,24.0,24.0,24,24,24.0,
2026-04-01,SUP-025,Supplier 025,Mexico,LATAM,0.71,PLT-00,Shanghai Hub,China,APAC,Government,Germany,1,2,30.5,30.5,28,33,32.8,3.5
2026-04-01,SUP-025,Supplier 025,Mexico,LATAM,0.71,PLT-01,Munich Center,Germany,EMEA,Government,Canada,1,1,23.0,23.0,23,23,23.0,
2026-04-01,SUP-025,Supplier 025,Mexico,LATAM,0.71,PLT-04,Chennai Forge,India,APAC,SMB,UK,1,2,31.5,31.5,31,32,32.0,0.7
2026-04-01,SUP-025,Supplier 025,Mexico,LATAM,0.71,PLT-02,Detroit Works,USA,NA,Government,Germany,1,1,25.0,25.0,25,25,25.0,
2026-04-01,SUP-026,Supplier 026,Brazil,LATAM,0.73,PLT-00,Shanghai Hub,China,APAC,Enterprise,Canada,1,1,23.0,23.0,23,23,23.0,
2026-04-01,SUP-026,Supplier 026,Brazil,LATAM,0.73,PLT-02,Detroit Works,USA,NA,Enterprise,Japan,1,1,24.0,24.0,24,24,24.0,
2026-04-01,SUP-026,Supplier 026,Brazil,LATAM,0.73,PLT-00,Shanghai Hub,China,APAC,Enterprise,Germany,2,3,27.3,26.0,23,33,32.3,5.1
2026-04-01,SUP-026,Supplier 026,Brazil,LATAM,0.73,PLT-01,Munich Center,Germany,EMEA,Enterprise,Japan,1,1,23.0,23.0,23,23,23.0,
2026-04-01,SUP-026,Supplier 026,Brazil,LATAM,0.73,PLT-04,Chennai Forge,India,APAC,Enterprise,France,1,1,25.0,25.0,25,25,25.0,
2026-04-01,SUP-026,Supplier 026,Brazil,LATAM,0.73,PLT-09,Hanoi Assembly,Vietnam,APAC,SMB,France,1,1,21.0,21.0,21,21,21.0,
2026-04-01,SUP-026,Supplier 026,Brazil,LATAM,0.73,PLT-07,Seoul Tech,South Korea,APAC,SMB,UK,1,1,26.0,26.0,26,26,26.0,
2026-04-01,SUP-027,Supplier 027,South Korea,APAC,0.94,PLT-01,Munich Center,Germany,EMEA,Government,France,1,1,29.0,29.0,29,29,29.0,
2026-04-01,SUP-027,Supplier 027,South Korea,APAC,0.94,PLT-03,Tokyo Precision,Japan,APAC,SMB,Germany,1,1,30.0,30.0,30,30,30.0,
2026-04-01,SUP-027,Supplier 027,South Korea,APAC,0.94,PLT-07,Seoul Tech,South Korea,APAC,SMB,France,1,1,28.0,28.0,28,28,28.0,
2026-04-01,SUP-027,Supplier 027,South Korea,APAC,0.94,PLT-05,Monterrey Plant,Mexico,LATAM,SMB,UK,1,1,28.0,28.0,28,28,28.0,
2026-04-01,SUP-027,Supplier 027,South Korea,APAC,0.94,PLT-02,Detroit Works,USA,NA,SMB,Japan,1,1,26.0,26.0,26,26,26.0,
2026-04-01,SUP-027,Supplier 027,South Korea,APAC,0.94,PLT-01,Munich Center,Germany,EMEA,Enterprise,UK,1,1,26.0,26.0,26,26,26.0,
2026-04-01,SUP-027,Supplier 027,South Korea,APAC,0.94,PLT-07,Seoul Tech,South Korea,APAC,SMB,Singapore,1,1,27.0,27.0,27,27,27.0,
2026-04-01,SUP-027,Supplier 027,South Korea,APAC,0.94,PLT-06,Sao Paulo Ops,Brazil,LATAM,SMB,UK,1,1,32.0,32.0,32,32,32.0,
2026-04-01,SUP-027,Supplier 027,South Korea,APAC,0.94,PLT-08,Taipei Micro,Taiwan,APAC,Government,Australia,1,1,34.0,34.0,34,34,34.0,
2026-04-01,SUP-027,Supplier 027,South Korea,APAC,0.94,PLT-06,Sao Paulo Ops,Brazil,LATAM,SMB,Canada,1,2,29.5,29.5,26,33,32.7,4.9
2026-04-01,SUP-028,Supplier 028,Taiwan,APAC,0.84,PLT-00,Shanghai Hub,China,APAC,SMB,Singapore,1,2,37.5,37.5,36,39,38.9,2.1
2026-04-01,SUP-028,Supplier 028,Taiwan,APAC,0.84,PLT-08,Taipei Micro,Taiwan,APAC,SMB,France,1,1,36.0,36.0,36,36,36.0,
2026-04-01,SUP-028,Supplier 028,Taiwan,APAC,0.84,PLT-06,Sao Paulo Ops,Brazil,LATAM,SMB,Japan,1,1,33.0,33.0,33,33,33.0,
2026-04-01,SUP-029,Supplier 029,Vietnam,APAC,0.51,PLT-02,Detroit Works,USA,NA,SMB,France,1,1,24.0,24.0,24,24,24.0,
2026-04-01,SUP-029,Supplier 029,Vietnam,APAC,0.51,PLT-04,Chennai Forge,India,APAC,SMB,France,1,1,28.0,28.0,28,28,28.0,
2026-04-01,SUP-029,Supplier 029,Vietnam,APAC,0.51,PLT-04,Chennai Forge,India,APAC,SMB,Canada,1,1,22.0,22.0,22,22,22.0,
2026-04-01,SUP-029,Supplier 029,Vietnam,APAC,0.51,PLT-03,Tokyo Precision,Japan,APAC,SMB,Singapore,1,1,28.0,28.0,28,28,28.0,
2026-04-01,SUP-029,Supplier 029,Vietnam,APAC,0.51,PLT-09,Hanoi Assembly,Vietnam,APAC,SMB,UK,1,1,25.0,25.0,25,25,25.0,
2026-04-01,SUP-030,Supplier 030,China,APAC,0.59,PLT-07,Seoul Tech,South Korea,APAC,Government,France,1,1,27.0,27.0,27,27,27.0,
2026-04-01,SUP-030,Supplier 030,China,APAC,0.59,PLT-01,Munich Center,Germany,EMEA,Enterprise,Japan,1,2,29.5,29.5,25,34,33.6,6.4
2026-04-01,SUP-030,Supplier 030,China,APAC,0.59,PLT-05,Monterrey Plant,Mexico,LATAM,Enterprise,Germany,1,1,29.0,29.0,29,29,29.0,
2026-04-01,SUP-030,Supplier 030,China,APAC,0.59,PLT-01,Munich Center,Germany,EMEA,Enterprise,USA,1,1,25.0,25.0,25,25,25.0,
2026-04-01,SUP-030,Supplier 030,China,APAC,0.59,PLT-01,Munich Center,Germany,EMEA,Enterprise,France,1,2,25.0,25.0,24,26,25.9,1.4
2026-04-01,SUP-030,Supplier 030,China,APAC,0.59,PLT-07,Seoul Tech,South Korea,APAC,SMB,Germany,1,2,34.0,34.0,32,36,35.8,2.8
2026-04-01,SUP-030,Supplier 030,China,APAC,0.59,PLT-06,Sao Paulo Ops,Brazil,LATAM,Enterprise,France,1,2,29.5,29.5,25,34,33.6,6.4
2026-04-01,SUP-030,Supplier 030,China,APAC,0.59,PLT-09,Hanoi Assembly,Vietnam,APAC,Enterprise,Japan,1,1,30.0,30.0,30,30,30.0,
2026-04-01,SUP-031,Supplier 031,Germany,EMEA,0.92,PLT-09,Hanoi Assembly,Vietnam,APAC,Government,Australia,1,1,29.0,29.0,29,29,29.0,
2026-04-01,SUP-031,Supplier 031,Germany,EMEA,0.92,PLT-03,Tokyo Precision,Japan,APAC,SMB,Japan,1,1,26.0,26.0,26,26,26.0,
2026-04-01,SUP-031,Supplier 031,Germany,EMEA,0.92,PLT-07,Seoul Tech,South Korea,APAC,Enterprise,Japan,1,1,27.0,27.0,27,27,27.0,
2026-04-01,SUP-031,Supplier 031,Germany,EMEA,0.92,PLT-03,Tokyo Precision,Japan,APAC,SMB,France,1,1,24.0,24.0,24,24,24.0,
2026-04-01,SUP-031,Supplier 031,Germany,EMEA,0.92,PLT-02,Detroit Works,USA,NA,SMB,Canada,2,2,19.0,19.0,19,19,19.0,0.0
2026-04-01,SUP-031,Supplier 031,Germany,EMEA,0.92,PLT-07,Seoul Tech,South Korea,APAC,Enterprise,Canada,1,1,30.0,30.0,30,30,30.0,
2026-04-01,SUP-031,Supplier 031,Germany,EMEA,0.92,PLT-00,Shanghai Hub,China,APAC,SMB,USA,1,1,25.0,25.0,25,25,25.0,
2026-04-01,SUP-032,Supplier 032,USA,NA,0.78,PLT-00,Shanghai Hub,China,APAC,Government,Australia,1,2,21.5,21.5,18,25,24.7,4.9
2026-04-01,SUP-032,Supplier 032,USA,NA,0.78,PLT-04,Chennai Forge,India,APAC,Enterprise,Singapore,1,1,23.0,23.0,23,23,23.0,
2026-04-01,SUP-032,Supplier 032,USA,NA,0.78,PLT-02,Detroit Works,USA,NA,SMB,France,1,1,10.0,10.0,10,10,10.0,
2026-04-01,SUP-032,Supplier 032,USA,NA,0.78,PLT-03,Tokyo Precision,Japan,APAC,SMB,Singapore,1,1,21.0,21.0,21,21,21.0,
2026-04-01,SUP-032,Supplier 032,USA,NA,0.78,PLT-08,Taipei Micro,Taiwan,APAC,Government,France,1,1,19.0,19.0,19,19,19.0,
2026-04-01,SUP-032,Supplier 032,USA,NA,0.78,PLT-02,Detroit Works,USA,NA,Enterprise,France,1,1,13.0,13.0,13,13,13.0,
2026-04-01,SUP-032,Supplier 032,USA,NA,0.78,PLT-03,Tokyo Precision,Japan,APAC,Enterprise,France,1,1,14.0,14.0,14,14,14.0,
2026-04-01,SUP-033,Supplier 033,Japan,APAC,0.5,PLT-02,Detroit Works,USA,NA,SMB,USA,1,1,18.0,18.0,18,18,18.0,
2026-04-01,SUP-033,Supplier 033,Japan,APAC,0.5,PLT-03,Tokyo Precision,Japan,APAC,Enterprise,Japan,1,1,31.0,31.0,31,31,31.0,
2026-04-01,SUP-034,Supplier 034,India,APAC,0.95,PLT-05,Monterrey Plant,Mexico,LATAM,SMB,Australia,1,1,22.0,22.0,22,22,22.0,
2026-04-01,SUP-034,Supplier 034,India,APAC,0.95,PLT-07,Seoul Tech,South Korea,APAC,SMB,Germany,1,1,23.0,23.0,23,23,23.0,
2026-04-01,SUP-034,Supplier 034,India,APAC,0.95,PLT-06,Sao Paulo Ops,Brazil,LATAM,SMB,France,1,1,22.0,22.0,22,22,22.0,
2026-04-01,SUP-034,Supplier 034,India,APAC,0.95,PLT-07,Seoul Tech,South Korea,APAC,Enterprise,USA,1,1,25.0,25.0,25,25,25.0,
2026-04-01,SUP-035,Supplier 035,Mexico,LATAM,0.77,PLT-09,Hanoi Assembly,Vietnam,APAC,SMB,France,1,1,21.0,21.0,21,21,21.0,
2026-04-01,SUP-035,Supplier 035,Mexico,LATAM,0.77,PLT-07,Seoul Tech,South Korea,APAC,Enterprise,UK,1,1,20.0,20.0,20,20,20.0,
2026-04-01,SUP-035,Supplier 035,Mexico,LATAM,0.77,PLT-09,Hanoi Assembly,Vietnam,APAC,SMB,Canada,1,1,24.0,24.0,24,24,24.0,
2026-04-01,SUP-035,Supplier 035,Mexico,LATAM,0.77,PLT-05,Monterrey Plant,Mexico,LATAM,SMB,Australia,1,1,17.0,17.0,17,17,17.0,
2026-04-01,SUP-035,Supplier 035,Mexico,LATAM,0.77,PLT-07,Seoul Tech,South Korea,APAC,SMB,Germany,1,1,23.0,23.0,23,23,23.0,
2026-04-01,SUP-035,Supplier 035,Mexico,LATAM,0.77,PLT-07,Seoul Tech,South Korea,APAC,Government,Japan,1,1,23.0,23.0,23,23,23.0,
2026-04-01,SUP-035,Supplier 035,Mexico,LATAM,0.77,PLT-05,Monterrey Plant,Mexico,LATAM,SMB,UK,1,1,21.0,21.0,21,21,21.0,
2026-04-01,SUP-035,Supplier 035,Mexico,LATAM,0.77,PLT-05,Monterrey Plant,Mexico,LATAM,SMB,France,1,1,17.0,17.0,17,17,17.0,
2026-04-01,SUP-036,Supplier 036,Brazil,LATAM,0.76,PLT-09,Hanoi Assembly,Vietnam,APAC,Enterprise,Japan,1,1,17.0,17.0,17,17,17.0,
2026-04-01,SUP-036,Supplier 036,Brazil,LATAM,0.76,PLT-06,Sao Paulo Ops,Brazil,LATAM,SMB,Australia,1,1,21.0,21.0,21,21,21.0,
2026-04-01,SUP-036,Supplier 036,Brazil,LATAM,0.76,PLT-00,Shanghai Hub,China,APAC,SMB,USA,1,1,21.0,21.0,21,21,21.0,
2026-04-01,SUP-036,Supplier 036,Brazil,LATAM,0.76,PLT-00,Shanghai Hub,China,APAC,SMB,Japan,1,1,20.0,20.0,20,20,20.0,
2026-04-01,SUP-037,Supplier 037,South Korea,APAC,0.7,PLT-07,Seoul Tech,South Korea,APAC,SMB,USA,1,1,27.0,27.0,27,27,27.0,
2026-04-01,SUP-037,Supplier 037,South Korea,APAC,0.7,PLT-09,Hanoi Assembly,Vietnam,APAC,SMB,France,1,2,27.0,27.0,24,30,29.7,4.2
2026-04-01,SUP-037,Supplier 037,South Korea,APAC,0.7,PLT-08,Taipei Micro,Taiwan,APAC,SMB,Singapore,1,1,26.0,26.0,26,26,26.0,
2026-04-01,SUP-037,Supplier 037,South Korea,APAC,0.7,PLT-09,Hanoi Assembly,Vietnam,APAC,SMB,USA,1,1,29.0,29.0,29,29,29.0,
2026-04-01,SUP-037,Supplier 037,South Korea,APAC,0.7,PLT-03,Tokyo Precision,Japan,APAC,Government,Germany,1,1,28.0,28.0,28,28,28.0,
2026-04-01,SUP-037,Supplier 037,South Korea,APAC,0.7,PLT-01,Munich Center,Germany,EMEA,SMB,USA,1,1,23.0,23.0,23,23,23.0,
2026-04-01,SUP-038,Supplier 038,Taiwan,APAC,0.95,PLT-09,Hanoi Assembly,Vietnam,APAC,Government,Germany,1,2,32.5,32.5,27,38,37.5,7.8
2026-04-01,SUP-038,Supplier 038,Taiwan,APAC,0.95,PLT-07,Seoul Tech,South Korea,APAC,SMB,Australia,1,1,31.0,31.0,31,31,31.0,
2026-04-01,SUP-038,Supplier 038,Taiwan,APAC,0.95,PLT-05,Monterrey Plant,Mexico,LATAM,SMB,Singapore,1,1,25.0,25.0,25,25,25.0,
2026-04-01,SUP-038,Supplier 038,Taiwan,APAC,0.95,PLT-00,Shanghai Hub,China,APAC,SMB,Australia,1,1,30.0,30.0,30,30,30.0,
2026-04-01,SUP-038,Supplier 038,Taiwan,APAC,0.95,PLT-09,Hanoi Assembly,Vietnam,APAC,SMB,Canada,1,1,26.0,26.0,26,26,26.0,
2026-04-01,SUP-039,Supplier 039,Vietnam,APAC,0.68,PLT-09,Hanoi Assembly,Vietnam,APAC,Government,Germany,1,2,28.5,28.5,22,35,34.4,9.2
2026-04-01,SUP-039,Supplier 039,Vietnam,APAC,0.68,PLT-05,Monterrey Plant,Mexico,LATAM,SMB,USA,1,1,19.0,19.0,19,19,19.0,
2026-04-01,SUP-039,Supplier 039,Vietnam,APAC,0.68,PLT-01,Munich Center,Germany,EMEA,SMB,UK,1,1,18.0,18.0,18,18,18.0,
2026-04-01,SUP-039,Supplier 039,Vietnam,APAC,0.68,PLT-07,Seoul Tech,South Korea,APAC,Government,Singapore,1,1,22.0,22.0,22,22,22.0,
2026-04-01,SUP-040,Supplier 040,China,APAC,0.96,PLT-07,Seoul Tech,South Korea,APAC,SMB,Japan,1,1,22.0,22.0,22,22,22.0,
2026-04-01,SUP-040,Supplier 040,China,APAC,0.96,PLT-05,Monterrey Plant,Mexico,LATAM,Enterprise,Japan,1,1,22.0,22.0,22,22,22.0,
2026-04-01,SUP-040,Supplier 040,China,APAC,0.96,PLT-07,Seoul Tech,South Korea,APAC,Enterprise,France,1,1,23.0,23.0,23,23,23.0,
2026-04-01,SUP-040,Supplier 040,China,APAC,0.96,PLT-02,Detroit Works,USA,NA,Government,Singapore,1,2,20.5,20.5,17,24,23.7,4.9
2026-04-01,SUP-040,Supplier 040,China,APAC,0.96,PLT-06,Sao Paulo Ops,Brazil,LATAM,Enterprise,Canada,1,1,17.0,17.0,17,17,17.0,
2026-04-01,SUP-041,Supplier 041,Germany,EMEA,0.64,PLT-06,Sao Paulo Ops,Brazil,LATAM,Enterprise,USA,1,1,26.0,26.0,26,26,26.0,
2026-04-01,SUP-041,Supplier 041,Germany,EMEA,0.64,PLT-07,Seoul Tech,South Korea,APAC,SMB,Singapore,1,2,28.5,28.5,26,31,30.8,3.5
2026-04-01,SUP-042,Supplier 042,USA,NA,0.91,PLT-03,Tokyo Precision,Japan,APAC,SMB,Singapore,1,1,18.0,18.0,18,18,18.0,
2026-04-01,SUP-042,Supplier 042,USA,NA,0.91,PLT-08,Taipei Micro,Taiwan,APAC,Enterprise,Canada,1,2,19.0,19.0,18,20,19.9,1.4
2026-04-01,SUP-042,Supplier 042,USA,NA,0.91,PLT-06,Sao Paulo Ops,Brazil,LATAM,SMB,Canada,1,1,19.0,19.0,19,19,19.0,
2026-04-01,SUP-042,Supplier 042,USA,NA,0.91,PLT-04,Chennai Forge,India,APAC,Enterprise,Germany,1,1,21.0,21.0,21,21,21.0,
2026-04-01,SUP-043,Supplier 043,Japan,APAC,0.98,PLT-09,Hanoi Assembly,Vietnam,APAC,Government,Singapore,1,1,29.0,29.0,29,29,29.0,
2026-04-01,SUP-043,Supplier 043,Japan,APAC,0.98,PLT-02,Detroit Works,USA,NA,Enterprise,France,1,1,23.0,23.0,23,23,23.0,
2026-04-01,SUP-043,Supplier 043,Japan,APAC,0.98,PLT-05,Monterrey Plant,Mexico,LATAM,SMB,France,1,2,27.5,27.5,25,30,29.8,3.5
2026-04-01,SUP-043,Supplier 043,Japan,APAC,0.98,PLT-03,Tokyo Precision,Japan,APAC,Government,USA,1,2,28.5,28.5,24,33,32.6,6.4
2026-04-01,SUP-043,Supplier 043,Japan,APAC,0.98,PLT-03,Tokyo Precision,Japan,APAC,Government,Singapore,1,2,33.5,33.5,29,38,37.6,6.4
2026-04-01,SUP-044,Supplier 044,India,APAC,0.55,PLT-09,Hanoi Assembly,Vietnam,APAC,SMB,USA,1,1,26.0,26.0,26,26,26.0,
2026-04-01,SUP-044,Supplier 044,India,APAC,0.55,PLT-04,Chennai Forge,India,APAC,Enterprise,Canada,1,1,34.0,34.0,34,34,34.0,
2026-04-01,SUP-044,Supplier 044,India,APAC,0.55,PLT-03,Tokyo Precision,Japan,APAC,SMB,Singapore,1,1,29.0,29.0,29,29,29.0,
2026-04-01,SUP-044,Supplier 044,India,APAC,0.55,PLT-00,Shanghai Hub,China,APAC,SMB,UK,1,1,33.0,33.0,33,33,33.0,
2026-04-01,SUP-044,Supplier 044,India,APAC,0.55,PLT-00,Shanghai Hub,China,APAC,SMB,Canada,1,1,28.0,28.0,28,28,28.0,
2026-04-01,SUP-044,Supplier 044,India,APAC,0.55,PLT-06,Sao Paulo Ops,Brazil,LATAM,Enterprise,USA,1,1,28.0,28.0,28,28,28.0,
2026-04-01,SUP-045,Supplier 045,Mexico,LATAM,0.92,PLT-04,Chennai Forge,India,APAC,SMB,UK,1,1,25.0,25.0,25,25,25.0,
2026-04-01,SUP-045,Supplier 045,Mexico,LATAM,0.92,PLT-01,Munich Center,Germany,EMEA,Enterprise,Germany,1,1,21.0,21.0,21,21,21.0,
2026-04-01,SUP-045,Supplier 045,Mexico,LATAM,0.92,PLT-01,Munich Center,Germany,EMEA,Enterprise,Japan,1,1,17.0,17.0,17,17,17.0,
2026-04-01,SUP-045,Supplier 045,Mexico,LATAM,0.92,PLT-07,Seoul Tech,South Korea,APAC,Government,Singapore,1,1,21.0,21.0,21,21,21.0,
2026-04-01,SUP-046,Supplier 046,Brazil,LATAM,0.96,PLT-01,Munich Center,Germany,EMEA,Enterprise,USA,1,1,25.0,25.0,25,25,25.0,
2026-04-01,SUP-046,Supplier 046,Brazil,LATAM,0.96,PLT-03,Tokyo Precision,Japan,APAC,SMB,Singapore,1,2,30.0,30.0,26,34,33.6,5.7
2026-04-01,SUP-046,Supplier 046,Brazil,LATAM,0.96,PLT-04,Chennai Forge,India,APAC,SMB,Canada,1,2,30.0,30.0,28,32,31.8,2.8
2026-04-01,SUP-046,Supplier 046,Brazil,LATAM,0.96,PLT-01,Munich Center,Germany,EMEA,SMB,UK,1,1,25.0,25.0,25,25,25.0,
2026-04-01,SUP-046,Supplier 046,Brazil,LATAM,0.96,PLT-08,Taipei Micro,Taiwan,APAC,Enterprise,USA,1,1,23.0,23.0,23,23,23.0,
2026-04-01,SUP-047,Supplier 047,South Korea,APAC,0.59,PLT-07,Seoul Tech,South Korea,APAC,Government,Japan,1,1,32.0,32.0,32,32,32.0,
2026-04-01,SUP-047,Supplier 047,South Korea,APAC,0.59,PLT-07,Seoul Tech,South Korea,APAC,SMB,UK,1,1,36.0,36.0,36,36,36.0,
2026-04-01,SUP-047,Supplier 047,South Korea,APAC,0.59,PLT-01,Munich Center,Germany,EMEA,SMB,UK,1,1,28.0,28.0,28,28,28.0,
2026-04-01,SUP-047,Supplier 047,South Korea,APAC,0.59,PLT-05,Monterrey Plant,Mexico,LATAM,SMB,Australia,1,1,27.0,27.0,27,27,27.0,
2026-04-01,SUP-047,Supplier 047,South Korea,APAC,0.59,PLT-07,Seoul Tech,South Korea,APAC,SMB,Japan,1,2,36.5,36.5,33,40,39.7,4.9
2026-04-01,SUP-048,Supplier 048,Taiwan,APAC,0.54,PLT-00,Shanghai Hub,China,APAC,SMB,Germany,1,1,32.0,32.0,32,32,32.0,
2026-04-01,SUP-048,Supplier 048,Taiwan,APAC,0.54,PLT-03,Tokyo Precision,Japan,APAC,SMB,Canada,1,2,38.0,38.0,37,39,38.9,1.4
2026-04-01,SUP-048,Supplier 048,Taiwan,APAC,0.54,PLT-04,Chennai Forge,India,APAC,Enterprise,Japan,1,1,32.0,32.0,32,32,32.0,
2026-04-01,SUP-048,Supplier 048,Taiwan,APAC,0.54,PLT-03,Tokyo Precision,Japan,APAC,SMB,France,1,1,31.0,31.0,31,31,31.0,
2026-04-01,SUP-048,Supplier 048,Taiwan,APAC,0.54,PLT-05,Monterrey Plant,Mexico,LATAM,SMB,Australia,1,1,30.0,30.0,30,30,30.0,
2026-04-01,SUP-048,Supplier 048,Taiwan,APAC,0.54,PLT-05,Monterrey Plant,Mexico,LATAM,SMB,Germany,1,1,35.0,35.0,35,35,35.0,
2026-04-01,SUP-048,Supplier 048,Taiwan,APAC,0.54,PLT-07,Seoul Tech,South Korea,APAC,SMB,Germany,1,1,32.0,32.0,32,32,32.0,
2026-04-01,SUP-048,Supplier 048,Taiwan,APAC,0.54,PLT-02,Detroit Works,USA,NA,SMB,UK,1,1,33.0,33.0,33,33,33.0,
2026-04-01,SUP-049,Supplier 049,Vietnam,APAC,0.75,PLT-03,Tokyo Precision,Japan,APAC,Enterprise,USA,1,1,39.0,39.0,39,39,39.0,
2026-04-01,SUP-049,Supplier 049,Vietnam,APAC,0.75,PLT-04,Chennai Forge,India,APAC,SMB,UK,1,1,35.0,35.0,35,35,35.0,
2026-04-01,SUP-049,Supplier 049,Vietnam,APAC,0.75,PLT-03,Tokyo Precision,Japan,APAC,Government,Canada,1,1,35.0,35.0,35,35,35.0,
2026-04-01,SUP-049,Supplier 049,Vietnam,APAC,0.75,PLT-01,Munich Center,Germany,EMEA,SMB,USA,1,1,33.0,33.0,33,33,33.0,
2026-05-01,SUP-000,Supplier 000,China,APAC,0.85,PLT-09,Hanoi Assembly,Vietnam,APAC,Government,Germany,1,1,22.0,22.0,22,22,22.0,
2026-05-01,SUP-000,Supplier 000,China,APAC,0.85,PLT-05,Monterrey Plant,Mexico,LATAM,SMB,Canada,1,1,25.0,25.0,25,25,25.0,
2026-05-01,SUP-000,Supplier 000,China,APAC,0.85,PLT-04,Chennai Forge,India,APAC,SMB,Singapore,1,2,25.0,25.0,20,30,29.5,7.1
2026-05-01,SUP-000,Supplier 000,China,APAC,0.85,PLT-00,Shanghai Hub,China,APAC,SMB,Australia,1,1,25.0,25.0,25,25,25.0,
2026-05-01,SUP-001,Supplier 001,Germany,EMEA,0.7,PLT-00,Shanghai Hub,China,APAC,SMB,Australia,1,1,17.0,17.0,17,17,17.0,
2026-05-01,SUP-001,Supplier 001,Germany,EMEA,0.7,PLT-07,Seoul Tech,South Korea,APAC,Government,USA,1,1,17.0,17.0,17,17,17.0,
2026-05-01,SUP-001,Supplier 001,Germany,EMEA,0.7,PLT-05,Monterrey Plant,Mexico,LATAM,Enterprise,Germany,1,1,20.0,20.0,20,20,20.0,
2026-05-01,SUP-001,Supplier 001,Germany,EMEA,0.7,PLT-07,Seoul Tech,South Korea,APAC,Government,Germany,1,1,17.0,17.0,17,17,17.0,
2026-05-01,SUP-001,Supplier 001,Germany,EMEA,0.7,PLT-08,Taipei Micro,Taiwan,APAC,SMB,Australia,1,1,17.0,17.0,17,17,17.0,
2026-05-01,SUP-001,Supplier 001,Germany,EMEA,0.7,PLT-02,Detroit Works,USA,NA,Government,USA,1,1,17.0,17.0,17,17,17.0,
2026-05-01,SUP-002,Supplier 002,USA,NA,0.74,PLT-02,Detroit Works,USA,NA,SMB,Australia,1,1,16.0,16.0,16,16,16.0,
2026-05-01,SUP-002,Supplier 002,USA,NA,0.74,PLT-09,Hanoi Assembly,Vietnam,APAC,Government,Singapore,1,1,15.0,15.0,15,15,15.0,
2026-05-01,SUP-002,Supplier 002,USA,NA,0.74,PLT-05,Monterrey Plant,Mexico,LATAM,SMB,Germany,1,1,22.0,22.0,22,22,22.0,
2026-05-01,SUP-002,Supplier 002,USA,NA,0.74,PLT-07,Seoul Tech,South Korea,APAC,SMB,Germany,1,2,25.0,25.0,19,31,30.4,8.5
2026-05-01,SUP-002,Supplier 002,USA,NA,0.74,PLT-02,Detroit Works,USA,NA,SMB,UK,1,1,16.0,16.0,16,16,16.0,
2026-05-01,SUP-002,Supplier 002,USA,NA,0.74,PLT-09,Hanoi Assembly,Vietnam,APAC,Enterprise,Singapore,1,2,22.0,22.0,22,22,22.0,0.0
2026-05-01,SUP-002,Supplier 002,USA,NA,0.74,PLT-09,Hanoi Assembly,Vietnam,APAC,Government,Japan,1,1,24.0,24.0,24,24,24.0,
2026-05-01,SUP-002,Supplier 002,USA,NA,0.74,PLT-02,Detroit Works,USA,NA,Government,USA,1,1,13.0,13.0,13,13,13.0,
2026-05-01,SUP-003,Supplier 003,Japan,APAC,0.64,PLT-04,Chennai Forge,India,APAC,Enterprise,France,1,2,32.5,32.5,27,38,37.5,7.8
2026-05-01,SUP-003,Supplier 003,Japan,APAC,0.64,PLT-08,Taipei Micro,Taiwan,APAC,Government,Australia,1,1,30.0,30.0,30,30,30.0,
2026-05-01,SUP-003,Supplier 003,Japan,APAC,0.64,PLT-05,Monterrey Plant,Mexico,LATAM,SMB,Germany,1,2,27.5,27.5,27,28,28.0,0.7
2026-05-01,SUP-003,Supplier 003,Japan,APAC,0.64,PLT-02,Detroit Works,USA,NA,Enterprise,Germany,1,1,25.0,25.0,25,25,25.0,
2026-05-01,SUP-003,Supplier 003,Japan,APAC,0.64,PLT-08,Taipei Micro,Taiwan,APAC,SMB,UK,1,1,28.0,28.0,28,28,28.0,
2026-05-01,SUP-003,Supplier 003,Japan,APAC,0.64,PLT-06,Sao Paulo Ops,Brazil,LATAM,Government,Germany,1,1,28.0,28.0,28,28,28.0,
2026-05-01,SUP-003,Supplier 003,Japan,APAC,0.64,PLT-01,Munich Center,Germany,EMEA,Enterprise,Japan,1,1,22.0,22.0,22,22,22.0,
2026-05-01,SUP-003,Supplier 003,Japan,APAC,0.64,PLT-08,Taipei Micro,Taiwan,APAC,SMB,Australia,1,1,26.0,26.0,26,26,26.0,
2026-05-01,SUP-003,Supplier 003,Japan,APAC,0.64,PLT-02,Detroit Works,USA,NA,Enterprise,France,1,1,28.0,28.0,28,28,28.0,
2026-05-01,SUP-003,Supplier 003,Japan,APAC,0.64,PLT-09,Hanoi Assembly,Vietnam,APAC,SMB,Singapore,1,2,29.5,29.5,26,33,32.7,4.9
2026-05-01,SUP-004,Supplier 004,India,APAC,0.69,PLT-08,Taipei Micro,Taiwan,APAC,Government,Australia,1,2,32.0,32.0,30,34,33.8,2.8
2026-05-01,SUP-004,Supplier 004,India,APAC,0.69,PLT-03,Tokyo Precision,Japan,APAC,SMB,Australia,1,1,28.0,28.0,28,28,28.0,
2026-05-01,SUP-004,Supplier 004,India,APAC,0.69,PLT-03,Tokyo Precision,Japan,APAC,Government,France,1,1,32.0,32.0,32,32,32.0,
2026-05-01,SUP-004,Supplier 004,India,APAC,0.69,PLT-02,Detroit Works,USA,NA,Government,Germany,1,2,29.0,29.0,26,32,31.7,4.2
2026-05-01,SUP-005,Supplier 005,Mexico,LATAM,0.77,PLT-01,Munich Center,Germany,EMEA,Government,Germany,1,1,22.0,22.0,22,22,22.0,
2026-05-01,SUP-005,Supplier 005,Mexico,LATAM,0.77,PLT-06,Sao Paulo Ops,Brazil,LATAM,Government,Germany,1,1,22.0,22.0,22,22,22.0,
2026-05-01,SUP-005,Supplier 005,Mexico,LATAM,0.77,PLT-01,Munich Center,Germany,EMEA,Enterprise,Germany,1,1,21.0,21.0,21,21,21.0,
2026-05-01,SUP-005,Supplier 005,Mexico,LATAM,0.77,PLT-01,Munich Center,Germany,EMEA,Government,Australia,1,1,22.0,22.0,22,22,22.0,
2026-05-01,SUP-005,Supplier 005,Mexico,LATAM,0.77,PLT-04,Chennai Forge,India,APAC,SMB,France,1,1,21.0,21.0,21,21,21.0,
2026-05-01,SUP-005,Supplier 005,Mexico,LATAM,0.77,PLT-02,Detroit Works,USA,NA,SMB,Germany,1,2,21.0,21.0,19,23,22.8,2.8
2026-05-01,SUP-006,Supplier 006,Brazil,LATAM,0.61,PLT-01,Munich Center,Germany,EMEA,SMB,Singapore,1,2,30.5,30.5,26,35,34.6,6.4
2026-05-01,SUP-006,Supplier 006,Brazil,LATAM,0.61,PLT-08,Taipei Micro,Taiwan,APAC,Government,Germany,1,1,25.0,25.0,25,25,25.0,
2026-05-01,SUP-006,Supplier 006,Brazil,LATAM,0.61,PLT-04,Chennai Forge,India,APAC,Government,Germany,1,1,27.0,27.0,27,27,27.0,
2026-05-01,SUP-006,Supplier 006,Brazil,LATAM,0.61,PLT-08,Taipei Micro,Taiwan,APAC,Enterprise,USA,1,1,33.0,33.0,33,33,33.0,
2026-05-01,SUP-006,Supplier 006,Brazil,LATAM,0.61,PLT-02,Detroit Works,USA,NA,SMB,USA,1,2,26.0,26.0,24,28,27.8,2.8
2026-05-01,SUP-007,Supplier 007,South Korea,APAC,0.84,PLT-04,Chennai Forge,India,APAC,Enterprise,Germany,1,2,30.5,30.5,26,35,34.6,6.4
2026-05-01,SUP-007,Supplier 007,South Korea,APAC,0.84,PLT-05,Monterrey Plant,Mexico,LATAM,SMB,Japan,1,2,29.0,29.0,26,32,31.7,4.2
2026-05-01,SUP-007,Supplier 007,South Korea,APAC,0.84,PLT-09,Hanoi Assembly,Vietnam,APAC,Enterprise,Japan,1,1,27.0,27.0,27,27,27.0,
2026-05-01,SUP-007,Supplier 007,South Korea,APAC,0.84,PLT-00,Shanghai Hub,China,APAC,Enterprise,Japan,1,2,31.5,31.5,28,35,34.7,4.9
2026-05-01,SUP-007,Supplier 007,South Korea,APAC,0.84,PLT-05,Monterrey Plant,Mexico,LATAM,SMB,Singapore,1,1,30.0,30.0,30,30,30.0,
2026-05-01,SUP-007,Supplier 007,South Korea,APAC,0.84,PLT-00,Shanghai Hub,China,APAC,SMB,Australia,1,1,33.0,33.0,33,33,33.0,
2026-05-01,SUP-008,Supplier 008,Taiwan,APAC,0.73,PLT-01,Munich Center,Germany,EMEA,SMB,Singapore,1,2,27.5,27.5,27,28,28.0,0.7
2026-05-01,SUP-008,Supplier 008,Taiwan,APAC,0.73,PLT-05,Monterrey Plant,Mexico,LATAM,SMB,UK,1,1,28.0,28.0,28,28,28.0,
2026-05-01,SUP-008,Supplier 008,Taiwan,APAC,0.73,PLT-06,Sao Paulo Ops,Brazil,LATAM,Enterprise,Japan,1,1,31.0,31.0,31,31,31.0,
2026-05-01,SUP-008,Supplier 008,Taiwan,APAC,0.73,PLT-04,Chennai Forge,India,APAC,SMB,France,1,1,30.0,30.0,30,30,30.0,
2026-05-01,SUP-008,Supplier 008,Taiwan,APAC,0.73,PLT-00,Shanghai Hub,China,APAC,SMB,Australia,1,2,29.5,29.5,27,32,31.8,3.5
2026-05-01,SUP-009,Supplier 009,Vietnam,APAC,1.0,PLT-09,Hanoi Assembly,Vietnam,APAC,Enterprise,Japan,1,1,33.0,33.0,33,33,33.0,
2026-05-01,SUP-009,Supplier 009,Vietnam,APAC,1.0,PLT-01,Munich Center,Germany,EMEA,SMB,Australia,1,1,25.0,25.0,25,25,25.0,
2026-05-01,SUP-009,Supplier 009,Vietnam,APAC,1.0,PLT-06,Sao Paulo Ops,Brazil,LATAM,SMB,UK,1,1,27.0,27.0,27,27,27.0,
2026-05-01,SUP-009,Supplier 009,Vietnam,APAC,1.0,PLT-05,Monterrey Plant,Mexico,LATAM,SMB,France,1,1,29.0,29.0,29,29,29.0,
2026-05-01,SUP-009,Supplier 009,Vietnam,APAC,1.0,PLT-01,Munich Center,Germany,EMEA,Enterprise,Canada,1,1,29.0,29.0,29,29,29.0,
2026-05-01,SUP-009,Supplier 009,Vietnam,APAC,1.0,PLT-04,Chennai Forge,India,APAC,SMB,France,1,1,27.0,27.0,27,27,27.0,
2026-05-01,SUP-009,Supplier 009,Vietnam,APAC,1.0,PLT-08,Taipei Micro,Taiwan,APAC,SMB,Japan,1,2,31.5,31.5,26,37,36.5,7.8
2026-05-01,SUP-009,Supplier 009,Vietnam,APAC,1.0,PLT-01,Munich Center,Germany,EMEA,Enterprise,USA,1,1,24.0,24.0,24,24,24.0,
2026-05-01,SUP-009,Supplier 009,Vietnam,APAC,1.0,PLT-05,Monterrey Plant,Mexico,LATAM,SMB,UK,1,2,30.0,30.0,25,35,34.5,7.1
2026-05-01,SUP-010,Supplier 010,China,APAC,0.76,PLT-09,Hanoi Assembly,Vietnam,APAC,SMB,UK,1,1,23.0,23.0,23,23,23.0,
2026-05-01,SUP-010,Supplier 010,China,APAC,0.76,PLT-03,Tokyo Precision,Japan,APAC,Government,USA,1,1,27.0,27.0,27,27,27.0,
2026-05-01,SUP-010,Supplier 010,China,APAC,0.76,PLT-06,Sao Paulo Ops,Brazil,LATAM,Enterprise,France,1,1,20.0,20.0,20,20,20.0,
2026-05-01,SUP-010,Supplier 010,China,APAC,0.76,PLT-03,Tokyo Precision,Japan,APAC,Enterprise,Australia,1,1,28.0,28.0,28,28,28.0,
2026-05-01,SUP-010,Supplier 010,China,APAC,0.76,PLT-04,Chennai Forge,India,APAC,SMB,Singapore,1,1,22.0,22.0,22,22,22.0,
2026-05-01,SUP-010,Supplier 010,China,APAC,0.76,PLT-00,Shanghai Hub,China,APAC,SMB,Germany,1,1,22.0,22.0,22,22,22.0,
2026-05-01,SUP-010,Supplier 010,China,APAC,0.76,PLT-00,Shanghai Hub,China,APAC,Government,Australia,1,1,25.0,25.0,25,25,25.0,
2026-05-01,SUP-010,Supplier 010,China,APAC,0.76,PLT-04,Chennai Forge,India,APAC,Enterprise,Germany,1,1,26.0,26.0,26,26,26.0,
2026-05-01,SUP-011,Supplier 011,Germany,EMEA,0.53,PLT-03,Tokyo Precision,Japan,APAC,SMB,France,2,2,31.5,31.5,31,32,32.0,0.7
2026-05-01,SUP-011,Supplier 011,Germany,EMEA,0.53,PLT-07,Seoul Tech,South Korea,APAC,SMB,USA,1,1,31.0,31.0,31,31,31.0,
2026-05-01,SUP-011,Supplier 011,Germany,EMEA,0.53,PLT-00,Shanghai Hub,China,APAC,Government,USA,1,2,36.0,36.0,31,41,40.5,7.1
2026-05-01,SUP-011,Supplier 011,Germany,EMEA,0.53,PLT-03,Tokyo Precision,Japan,APAC,SMB,USA,1,1,29.0,29.0,29,29,29.0,
2026-05-01,SUP-011,Supplier 011,Germany,EMEA,0.53,PLT-05,Monterrey Plant,Mexico,LATAM,Enterprise,France,1,1,28.0,28.0,28,28,28.0,
2026-05-01,SUP-011,Supplier 011,Germany,EMEA,0.53,PLT-07,Seoul Tech,South Korea,APAC,SMB,Australia,1,1,31.0,31.0,31,31,31.0,
2026-05-01,SUP-011,Supplier 011,Germany,EMEA,0.53,PLT-05,Monterrey Plant,Mexico,LATAM,SMB,Germany,1,1,33.0,33.0,33,33,33.0,
2026-05-01,SUP-012,Supplier 012,USA,NA,0.66,PLT-08,Taipei Micro,Taiwan,APAC,SMB,Germany,1,1,18.0,18.0,18,18,18.0,
2026-05-01,SUP-012,Supplier 012,USA,NA,0.66,PLT-02,Detroit Works,USA,NA,Government,Singapore,1,1,10.0,10.0,10,10,10.0,
2026-05-01,SUP-012,Supplier 012,USA,NA,0.66,PLT-03,Tokyo Precision,Japan,APAC,Enterprise,Canada,1,1,20.0,20.0,20,20,20.0,
2026-05-01,SUP-012,Supplier 012,USA,NA,0.66,PLT-08,Taipei Micro,Taiwan,APAC,SMB,Japan,1,1,18.0,18.0,18,18,18.0,
2026-05-01,SUP-012,Supplier 012,USA,NA,0.66,PLT-09,Hanoi Assembly,Vietnam,APAC,SMB,Canada,1,1,17.0,17.0,17,17,17.0,
2026-05-01,SUP-012,Supplier 012,USA,NA,0.66,PLT-06,Sao Paulo Ops,Brazil,LATAM,SMB,Canada,1,1,14.0,14.0,14,14,14.0,
2026-05-01,SUP-013,Supplier 013,Japan,APAC,0.89,PLT-01,Munich Center,Germany,EMEA,Enterprise,Canada,1,1,32.0,32.0,32,32,32.0,
2026-05-01,SUP-013,Supplier 013,Japan,APAC,0.89,PLT-06,Sao Paulo Ops,Brazil,LATAM,SMB,Germany,1,1,35.0,35.0,35,35,35.0,
2026-05-01,SUP-013,Supplier 013,Japan,APAC,0.89,PLT-06,Sao Paulo Ops,Brazil,LATAM,Enterprise,USA,1,1,37.0,37.0,37,37,37.0,
2026-05-01,SUP-013,Supplier 013,Japan,APAC,0.89,PLT-05,Monterrey Plant,Mexico,LATAM,SMB,Singapore,1,2,37.0,37.0,35,39,38.8,2.8
2026-05-01,SUP-013,Supplier 013,Japan,APAC,0.89,PLT-03,Tokyo Precision,Japan,APAC,SMB,UK,1,1,32.0,32.0,32,32,32.0,
2026-05-01,SUP-013,Supplier 013,Japan,APAC,0.89,PLT-00,Shanghai Hub,China,APAC,Enterprise,France,1,1,34.0,34.0,34,34,34.0,
2026-05-01,SUP-013,Supplier 013,Japan,APAC,0.89,PLT-03,Tokyo Precision,Japan,APAC,Government,Singapore,1,1,35.0,35.0,35,35,35.0,
2026-05-01,SUP-014,Supplier 014,India,APAC,0.95,PLT-03,Tokyo Precision,Japan,APAC,Enterprise,France,1,1,34.0,34.0,34,34,34.0,
2026-05-01,SUP-014,Supplier 014,India,APAC,0.95,PLT-03,Tokyo Precision,Japan,APAC,Enterprise,Canada,1,1,32.0,32.0,32,32,32.0,
2026-05-01,SUP-014,Supplier 014,India,APAC,0.95,PLT-06,Sao Paulo Ops,Brazil,LATAM,SMB,Singapore,1,1,28.0,28.0,28,28,28.0,
2026-05-01,SUP-014,Supplier 014,India,APAC,0.95,PLT-05,Monterrey Plant,Mexico,LATAM,SMB,France,1,2,32.0,32.0,27,37,36.5,7.1
2026-05-01,SUP-014,Supplier 014,India,APAC,0.95,PLT-02,Detroit Works,USA,NA,Government,USA,1,1,25.0,25.0,25,25,25.0,
2026-05-01,SUP-015,Supplier 015,Mexico,LATAM,0.75,PLT-06,Sao Paulo Ops,Brazil,LATAM,Enterprise,Australia,1,1,28.0,28.0,28,28,28.0,
2026-05-01,SUP-016,Supplier 016,Brazil,LATAM,0.66,PLT-07,Seoul Tech,South Korea,APAC,SMB,UK,1,1,28.0,28.0,28,28,28.0,
2026-05-01,SUP-016,Supplier 016,Brazil,LATAM,0.66,PLT-09,Hanoi Assembly,Vietnam,APAC,Government,Japan,1,1,31.0,31.0,31,31,31.0,
2026-05-01,SUP-016,Supplier 016,Brazil,LATAM,0.66,PLT-00,Shanghai Hub,China,APAC,SMB,Canada,1,1,27.0,27.0,27,27,27.0,
2026-05-01,SUP-016,Supplier 016,Brazil,LATAM,0.66,PLT-05,Monterrey Plant,Mexico,LATAM,SMB,Germany,2,2,27.5,27.5,27,28,28.0,0.7
2026-05-01,SUP-016,Supplier 016,Brazil,LATAM,0.66,PLT-00,Shanghai Hub,China,APAC,Enterprise,France,1,1,24.0,24.0,24,24,24.0,
2026-05-01,SUP-017,Supplier 017,South Korea,APAC,0.89,PLT-06,Sao Paulo Ops,Brazil,LATAM,SMB,Singapore,1,1,29.0,29.0,29,29,29.0,
2026-05-01,SUP-017,Supplier 017,South Korea,APAC,0.89,PLT-05,Monterrey Plant,Mexico,LATAM,SMB,USA,2,2,26.0,26.0,26,26,26.0,0.0
2026-05-01,SUP-017,Supplier 017,South Korea,APAC,0.89,PLT-01,Munich Center,Germany,EMEA,SMB,Singapore,1,1,25.0,25.0,25,25,25.0,
2026-05-01,SUP-017,Supplier 017,South Korea,APAC,0.89,PLT-05,Monterrey Plant,Mexico,LATAM,SMB,Canada,1,1,30.0,30.0,30,30,30.0,
2026-05-01,SUP-018,Supplier 018,Taiwan,APAC,0.75,PLT-00,Shanghai Hub,China,APAC,Government,Germany,1,1,38.0,38.0,38,38,38.0,
2026-05-01,SUP-018,Supplier 018,Taiwan,APAC,0.75,PLT-04,Chennai Forge,India,APAC,Enterprise,USA,1,1,35.0,35.0,35,35,35.0,
2026-05-01,SUP-018,Supplier 018,Taiwan,APAC,0.75,PLT-07,Seoul Tech,South Korea,APAC,Enterprise,Germany,1,1,38.0,38.0,38,38,38.0,
2026-05-01,SUP-018,Supplier 018,Taiwan,APAC,0.75,PLT-01,Munich Center,Germany,EMEA,SMB,Singapore,1,1,34.0,34.0,34,34,34.0,
2026-05-01,SUP-018,Supplier 018,Taiwan,APAC,0.75,PLT-07,Seoul Tech,South Korea,APAC,Government,Germany,1,2,38.5,38.5,33,44,43.5,7.8
2026-05-01,SUP-018,Supplier 018,Taiwan,APAC,0.75,PLT-00,Shanghai Hub,China,APAC,Enterprise,France,1,1,34.0,34.0,34,34,34.0,
2026-05-01,SUP-018,Supplier 018,Taiwan,APAC,0.75,PLT-08,Taipei Micro,Taiwan,APAC,Enterprise,Canada,1,1,35.0,35.0,35,35,35.0,
2026-05-01,SUP-019,Supplier 019,Vietnam,APAC,0.57,PLT-02,Detroit Works,USA,NA,SMB,USA,1,2,36.0,36.0,34,38,37.8,2.8
2026-05-01,SUP-019,Supplier 019,Vietnam,APAC,0.57,PLT-04,Chennai Forge,India,APAC,SMB,Australia,1,1,40.0,40.0,40,40,40.0,
2026-05-01,SUP-020,Supplier 020,China,APAC,0.6,PLT-09,Hanoi Assembly,Vietnam,APAC,Government,Singapore,1,1,24.0,24.0,24,24,24.0,
2026-05-01,SUP-020,Supplier 020,China,APAC,0.6,PLT-08,Taipei Micro,Taiwan,APAC,SMB,France,1,1,28.0,28.0,28,28,28.0,
2026-05-01,SUP-020,Supplier 020,China,APAC,0.6,PLT-03,Tokyo Precision,Japan,APAC,Government,Canada,1,1,26.0,26.0,26,26,26.0,
2026-05-01,SUP-020,Supplier 020,China,APAC,0.6,PLT-03,Tokyo Precision,Japan,APAC,SMB,Germany,1,1,32.0,32.0,32,32,32.0,
2026-05-01,SUP-020,Supplier 020,China,APAC,0.6,PLT-09,Hanoi Assembly,Vietnam,APAC,SMB,Australia,2,4,33.8,35.0,25,40,40.0,7.5
2026-05-01,SUP-020,Supplier 020,China,APAC,0.6,PLT-09,Hanoi Assembly,Vietnam,APAC,Government,Germany,1,1,26.0,26.0,26,26,26.0,
2026-05-01,SUP-020,Supplier 020,China,APAC,0.6,PLT-09,Hanoi Assembly,Vietnam,APAC,Enterprise,Canada,1,1,31.0,31.0,31,31,31.0,
2026-05-01,SUP-021,Supplier 021,Germany,EMEA,0.75,PLT-09,Hanoi Assembly,Vietnam,APAC,Government,Canada,1,1,23.0,23.0,23,23,23.0,
2026-05-01,SUP-021,Supplier 021,Germany,EMEA,0.75,PLT-04,Chennai Forge,India,APAC,Enterprise,Japan,1,1,26.0,26.0,26,26,26.0,
2026-05-01,SUP-021,Supplier 021,Germany,EMEA,0.75,PLT-01,Munich Center,Germany,EMEA,Enterprise,USA,1,1,19.0,19.0,19,19,19.0,
2026-05-01,SUP-021,Supplier 021,Germany,EMEA,0.75,PLT-02,Detroit Works,USA,NA,SMB,UK,1,1,22.0,22.0,22,22,22.0,
2026-05-01,SUP-021,Supplier 021,Germany,EMEA,0.75,PLT-00,Shanghai Hub,China,APAC,SMB,Germany,1,1,26.0,26.0,26,26,26.0,
2026-05-01,SUP-022,Supplier 022,USA,NA,0.8,PLT-05,Monterrey Plant,Mexico,LATAM,Government,Australia,1,2,22.5,22.5,18,27,26.6,6.4
2026-05-01,SUP-022,Supplier 022,USA,NA,0.8,PLT-03,Tokyo Precision,Japan,APAC,Government,Germany,1,1,23.0,23.0,23,23,23.0,
2026-05-01,SUP-022,Supplier 022,USA,NA,0.8,PLT-00,Shanghai Hub,China,APAC,Enterprise,USA,2,2,16.5,16.5,16,17,17.0,0.7
2026-05-01,SUP-022,Supplier 022,USA,NA,0.8,PLT-07,Seoul Tech,South Korea,APAC,SMB,Singapore,1,2,22.5,22.5,18,27,26.6,6.4
2026-05-01,SUP-022,Supplier 022,USA,NA,0.8,PLT-00,Shanghai Hub,China,APAC,SMB,Singapore,1,1,17.0,17.0,17,17,17.0,
2026-05-01,SUP-024,Supplier 024,India,APAC,0.89,PLT-00,Shanghai Hub,China,APAC,Government,USA,1,1,31.0,31.0,31,31,31.0,
2026-05-01,SUP-024,Supplier 024,India,APAC,0.89,PLT-05,Monterrey Plant,Mexico,LATAM,Enterprise,USA,1,1,29.0,29.0,29,29,29.0,
2026-05-01,SUP-024,Supplier 024,India,APAC,0.89,PLT-03,Tokyo Precision,Japan,APAC,SMB,Australia,1,1,34.0,34.0,34,34,34.0,
2026-05-01,SUP-024,Supplier 024,India,APAC,0.89,PLT-03,Tokyo Precision,Japan,APAC,Government,UK,1,1,30.0,30.0,30,30,30.0,
2026-05-01,SUP-024,Supplier 024,India,APAC,0.89,PLT-02,Detroit Works,USA,NA,Enterprise,UK,1,1,27.0,27.0,27,27,27.0,
2026-05-01,SUP-024,Supplier 024,India,APAC,0.89,PLT-08,Taipei Micro,Taiwan,APAC,SMB,USA,1,2,34.5,34.5,33,36,35.9,2.1
2026-05-01,SUP-024,Supplier 024,India,APAC,0.89,PLT-06,Sao Paulo Ops,Brazil,LATAM,Enterprise,Germany,1,2,31.5,31.5,26,37,36.5,7.8
2026-05-01,SUP-025,Supplier 025,Mexico,LATAM,0.71,PLT-01,Munich Center,Germany,EMEA,SMB,Singapore,1,1,25.0,25.0,25,25,25.0,
2026-05-01,SUP-025,Supplier 025,Mexico,LATAM,0.71,PLT-01,Munich Center,Germany,EMEA,Enterprise,USA,1,2,23.0,23.0,21,25,24.8,2.8
2026-05-01,SUP-025,Supplier 025,Mexico,LATAM,0.71,PLT-04,Chennai Forge,India,APAC,Government,Germany,1,1,30.0,30.0,30,30,30.0,
2026-05-01,SUP-025,Supplier 025,Mexico,LATAM,0.71,PLT-08,Taipei Micro,Taiwan,APAC,Government,Singapore,1,2,29.5,29.5,29,30,30.0,0.7
2026-05-01,SUP-025,Supplier 025,Mexico,LATAM,0.71,PLT-07,Seoul Tech,South Korea,APAC,SMB,USA,1,1,26.0,26.0,26,26,26.0,
2026-05-01,SUP-025,Supplier 025,Mexico,LATAM,0.71,PLT-08,Taipei Micro,Taiwan,APAC,SMB,Japan,1,2,29.5,29.5,26,33,32.7,4.9
2026-05-01,SUP-025,Supplier 025,Mexico,LATAM,0.71,PLT-07,Seoul Tech,South Korea,APAC,SMB,Australia,1,2,34.5,34.5,32,37,36.8,3.5
2026-05-01,SUP-025,Supplier 025,Mexico,LATAM,0.71,PLT-03,Tokyo Precision,Japan,APAC,Enterprise,UK,1,1,29.0,29.0,29,29,29.0,
2026-05-01,SUP-025,Supplier 025,Mexico,LATAM,0.71,PLT-08,Taipei Micro,Taiwan,APAC,Government,USA,1,1,31.0,31.0,31,31,31.0,
2026-05-01,SUP-026,Supplier 026,Brazil,LATAM,0.73,PLT-08,Taipei Micro,Taiwan,APAC,SMB,UK,1,1,22.0,22.0,22,22,22.0,
2026-05-01,SUP-026,Supplier 026,Brazil,LATAM,0.73,PLT-09,Hanoi Assembly,Vietnam,APAC,SMB,Canada,1,1,24.0,24.0,24,24,24.0,
2026-05-01,SUP-026,Supplier 026,Brazil,LATAM,0.73,PLT-04,Chennai Forge,India,APAC,Enterprise,USA,1,1,29.0,29.0,29,29,29.0,
2026-05-01,SUP-026,Supplier 026,Brazil,LATAM,0.73,PLT-09,Hanoi Assembly,Vietnam,APAC,Enterprise,USA,1,2,23.5,23.5,21,26,25.8,3.5
2026-05-01,SUP-026,Supplier 026,Brazil,LATAM,0.73,PLT-08,Taipei Micro,Taiwan,APAC,SMB,Australia,1,1,26.0,26.0,26,26,26.0,
2026-05-01,SUP-026,Supplier 026,Brazil,LATAM,0.73,PLT-05,Monterrey Plant,Mexico,LATAM,Enterprise,France,1,2,28.0,28.0,26,30,29.8,2.8
2026-05-01,SUP-027,Supplier 027,South Korea,APAC,0.94,PLT-07,Seoul Tech,South Korea,APAC,Government,Germany,1,2,33.0,33.0,32,34,33.9,1.4
2026-05-01,SUP-027,Supplier 027,South Korea,APAC,0.94,PLT-02,Detroit Works,USA,NA,Enterprise,Canada,1,1,26.0,26.0,26,26,26.0,
2026-05-01,SUP-028,Supplier 028,Taiwan,APAC,0.84,PLT-02,Detroit Works,USA,NA,Enterprise,USA,1,1,28.0,28.0,28,28,28.0,
2026-05-01,SUP-028,Supplier 028,Taiwan,APAC,0.84,PLT-06,Sao Paulo Ops,Brazil,LATAM,Enterprise,USA,1,1,31.0,31.0,31,31,31.0,
2026-05-01,SUP-028,Supplier 028,Taiwan,APAC,0.84,PLT-00,Shanghai Hub,China,APAC,SMB,UK,1,2,38.5,38.5,37,40,39.9,2.1
2026-05-01,SUP-029,Supplier 029,Vietnam,APAC,0.51,PLT-02,Detroit Works,USA,NA,Enterprise,Germany,1,1,22.0,22.0,22,22,22.0,
2026-05-01,SUP-029,Supplier 029,Vietnam,APAC,0.51,PLT-02,Detroit Works,USA,NA,SMB,UK,1,1,21.0,21.0,21,21,21.0,
2026-05-01,SUP-029,Supplier 029,Vietnam,APAC,0.51,PLT-03,Tokyo Precision,Japan,APAC,SMB,Germany,1,1,26.0,26.0,26,26,26.0,
2026-05-01,SUP-030,Supplier 030,China,APAC,0.59,PLT-08,Taipei Micro,Taiwan,APAC,Enterprise,Japan,1,1,24.0,24.0,24,24,24.0,
2026-05-01,SUP-030,Supplier 030,China,APAC,0.59,PLT-09,Hanoi Assembly,Vietnam,APAC,Government,Canada,1,1,28.0,28.0,28,28,28.0,
2026-05-01,SUP-030,Supplier 030,China,APAC,0.59,PLT-00,Shanghai Hub,China,APAC,Enterprise,USA,1,1,28.0,28.0,28,28,28.0,
2026-05-01,SUP-030,Supplier 030,China,APAC,0.59,PLT-05,Monterrey Plant,Mexico,LATAM,Enterprise,Germany,1,1,24.0,24.0,24,24,24.0,
2026-05-01,SUP-030,Supplier 030,China,APAC,0.59,PLT-09,Hanoi Assembly,Vietnam,APAC,Enterprise,Germany,1,1,25.0,25.0,25,25,25.0,
2026-05-01,SUP-030,Supplier 030,China,APAC,0.59,PLT-03,Tokyo Precision,Japan,APAC,Enterprise,UK,1,1,26.0,26.0,26,26,26.0,
2026-05-01,SUP-030,Supplier 030,China,APAC,0.59,PLT-03,Tokyo Precision,Japan,APAC,SMB,France,1,1,31.0,31.0,31,31,31.0,
2026-05-01,SUP-030,Supplier 030,China,APAC,0.59,PLT-01,Munich Center,Germany,EMEA,Enterprise,USA,1,1,30.0,30.0,30,30,30.0,
2026-05-01,SUP-030,Supplier 030,China,APAC,0.59,PLT-08,Taipei Micro,Taiwan,APAC,SMB,Singapore,1,1,28.0,28.0,28,28,28.0,
2026-05-01,SUP-030,Supplier 030,China,APAC,0.59,PLT-06,Sao Paulo Ops,Brazil,LATAM,SMB,Singapore,1,1,23.0,23.0,23,23,23.0,
2026-05-01,SUP-030,Supplier 030,China,APAC,0.59,PLT-03,Tokyo Precision,Japan,APAC,Enterprise,Singapore,1,1,31.0,31.0,31,31,31.0,
2026-05-01,SUP-031,Supplier 031,Germany,EMEA,0.92,PLT-04,Chennai Forge,India,APAC,Government,Japan,1,2,29.5,29.5,24,35,34.5,7.8
2026-05-01,SUP-031,Supplier 031,Germany,EMEA,0.92,PLT-01,Munich Center,Germany,EMEA,Enterprise,USA,1,1,22.0,22.0,22,22,22.0,
2026-05-01,SUP-031,Supplier 031,Germany,EMEA,0.92,PLT-02,Detroit Works,USA,NA,Enterprise,UK,1,1,19.0,19.0,19,19,19.0,
2026-05-01,SUP-031,Supplier 031,Germany,EMEA,0.92,PLT-06,Sao Paulo Ops,Brazil,LATAM,SMB,Germany,1,2,27.0,27.0,23,31,30.6,5.7
2026-05-01,SUP-031,Supplier 031,Germany,EMEA,0.92,PLT-04,Chennai Forge,India,APAC,SMB,Australia,1,1,25.0,25.0,25,25,25.0,
2026-05-01,SUP-031,Supplier 031,Germany,EMEA,0.92,PLT-04,Chennai Forge,India,APAC,SMB,Canada,1,1,28.0,28.0,28,28,28.0,
2026-05-01,SUP-032,Supplier 032,USA,NA,0.78,PLT-07,Seoul Tech,South Korea,APAC,Government,Japan,1,1,21.0,21.0,21,21,21.0,
2026-05-01,SUP-032,Supplier 032,USA,NA,0.78,PLT-04,Chennai Forge,India,APAC,Government,France,1,1,21.0,21.0,21,21,21.0,
2026-05-01,SUP-032,Supplier 032,USA,NA,0.78,PLT-01,Munich Center,Germany,EMEA,Enterprise,Australia,1,1,15.0,15.0,15,15,15.0,
2026-05-01,SUP-032,Supplier 032,USA,NA,0.78,PLT-00,Shanghai Hub,China,APAC,SMB,Germany,1,1,19.0,19.0,19,19,19.0,
2026-05-01,SUP-033,Supplier 033,Japan,APAC,0.5,PLT-09,Hanoi Assembly,Vietnam,APAC,Government,UK,1,1,27.0,27.0,27,27,27.0,
2026-05-01,SUP-033,Supplier 033,Japan,APAC,0.5,PLT-01,Munich Center,Germany,EMEA,Government,France,1,1,16.0,16.0,16,16,16.0,
2026-05-01,SUP-033,Supplier 033,Japan,APAC,0.5,PLT-09,Hanoi Assembly,Vietnam,APAC,Enterprise,USA,1,1,32.0,32.0,32,32,32.0,
2026-05-01,SUP-033,Supplier 033,Japan,APAC,0.5,PLT-01,Munich Center,Germany,EMEA,SMB,Canada,1,1,29.0,29.0,29,29,29.0,
2026-05-01,SUP-034,Supplier 034,India,APAC,0.95,PLT-02,Detroit Works,USA,NA,SMB,UK,1,2,21.0,21.0,18,24,23.7,4.2
2026-05-01,SUP-034,Supplier 034,India,APAC,0.95,PLT-07,Seoul Tech,South Korea,APAC,SMB,Germany,1,1,24.0,24.0,24,24,24.0,
2026-05-01,SUP-034,Supplier 034,India,APAC,0.95,PLT-02,Detroit Works,USA,NA,SMB,Australia,1,1,18.0,18.0,18,18,18.0,
2026-05-01,SUP-034,Supplier 034,India,APAC,0.95,PLT-03,Tokyo Precision,Japan,APAC,Government,USA,1,1,25.0,25.0,25,25,25.0,
2026-05-01,SUP-035,Supplier 035,Mexico,LATAM,0.77,PLT-00,Shanghai Hub,China,APAC,Government,Canada,1,1,20.0,20.0,20,20,20.0,
2026-05-01,SUP-035,Supplier 035,Mexico,LATAM,0.77,PLT-04,Chennai Forge,India,APAC,SMB,Canada,1,1,22.0,22.0,22,22,22.0,
2026-05-01,SUP-035,Supplier 035,Mexico,LATAM,0.77,PLT-03,Tokyo Precision,Japan,APAC,SMB,Singapore,1,1,20.0,20.0,20,20,20.0,
2026-05-01,SUP-035,Supplier 035,Mexico,LATAM,0.77,PLT-02,Detroit Works,USA,NA,Government,Australia,1,1,21.0,21.0,21,21,21.0,
2026-05-01,SUP-035,Supplier 035,Mexico,LATAM,0.77,PLT-03,Tokyo Precision,Japan,APAC,SMB,Germany,1,1,20.0,20.0,20,20,20.0,
2026-05-01,SUP-035,Supplier 035,Mexico,LATAM,0.77,PLT-09,Hanoi Assembly,Vietnam,APAC,Government,Germany,1,1,25.0,25.0,25,25,25.0,
2026-05-01,SUP-035,Supplier 035,Mexico,LATAM,0.77,PLT-08,Taipei Micro,Taiwan,APAC,Enterprise,Canada,1,1,19.0,19.0,19,19,19.0,
2026-05-01,SUP-035,Supplier 035,Mexico,LATAM,0.77,PLT-01,Munich Center,Germany,EMEA,SMB,France,1,1,21.0,21.0,21,21,21.0,
2026-05-01,SUP-035,Supplier 035,Mexico,LATAM,0.77,PLT-06,Sao Paulo Ops,Brazil,LATAM,Enterprise,Canada,1,1,17.0,17.0,17,17,17.0,
2026-05-01,SUP-035,Supplier 035,Mexico,LATAM,0.77,PLT-02,Detroit Works,USA,NA,SMB,Germany,1,1,16.0,16.0,16,16,16.0,
2026-05-01,SUP-036,Supplier 036,Brazil,LATAM,0.76,PLT-00,Shanghai Hub,China,APAC,Enterprise,Canada,1,1,21.0,21.0,21,21,21.0,
2026-05-01,SUP-036,Supplier 036,Brazil,LATAM,0.76,PLT-08,Taipei Micro,Taiwan,APAC,SMB,UK,1,1,18.0,18.0,18,18,18.0,
2026-05-01,SUP-036,Supplier 036,Brazil,LATAM,0.76,PLT-04,Chennai Forge,India,APAC,Government,Japan,1,1,25.0,25.0,25,25,25.0,
2026-05-01,SUP-036,Supplier 036,Brazil,LATAM,0.76,PLT-03,Tokyo Precision,Japan,APAC,Government,Germany,1,1,16.0,16.0,16,16,16.0,
2026-05-01,SUP-036,Supplier 036,Brazil,LATAM,0.76,PLT-05,Monterrey Plant,Mexico,LATAM,Enterprise,USA,1,1,18.0,18.0,18,18,18.0,
2026-05-01,SUP-037,Supplier 037,South Korea,APAC,0.7,PLT-00,Shanghai Hub,China,APAC,SMB,Japan,1,2,30.5,30.5,27,34,33.7,4.9
2026-05-01,SUP-037,Supplier 037,South Korea,APAC,0.7,PLT-03,Tokyo Precision,Japan,APAC,SMB,UK,1,1,28.0,28.0,28,28,28.0,
2026-05-01,SUP-037,Supplier 037,South Korea,APAC,0.7,PLT-00,Shanghai Hub,China,APAC,Government,France,1,1,27.0,27.0,27,27,27.0,
2026-05-01,SUP-037,Supplier 037,South Korea,APAC,0.7,PLT-01,Munich Center,Germany,EMEA,SMB,Australia,1,2,25.0,25.0,25,25,25.0,0.0
2026-05-01,SUP-037,Supplier 037,South Korea,APAC,0.7,PLT-09,Hanoi Assembly,Vietnam,APAC,Government,Canada,1,1,26.0,26.0,26,26,26.0,
2026-05-01,SUP-037,Supplier 037,South Korea,APAC,0.7,PLT-00,Shanghai Hub,China,APAC,SMB,Singapore,1,2,31.5,31.5,29,34,33.8,3.5
2026-05-01,SUP-037,Supplier 037,South Korea,APAC,0.7,PLT-01,Munich Center,Germany,EMEA,SMB,France,1,1,24.0,24.0,24,24,24.0,
2026-05-01,SUP-037,Supplier 037,South Korea,APAC,0.7,PLT-03,Tokyo Precision,Japan,APAC,Government,Australia,1,2,27.0,27.0,25,29,28.8,2.8
2026-05-01,SUP-037,Supplier 037,South Korea,APAC,0.7,PLT-08,Taipei Micro,Taiwan,APAC,Enterprise,Japan,1,1,29.0,29.0,29,29,29.0,
2026-05-01,SUP-038,Supplier 038,Taiwan,APAC,0.95,PLT-02,Detroit Works,USA,NA,SMB,Australia,1,1,24.0,24.0,24,24,24.0,
2026-05-01,SUP-038,Supplier 038,Taiwan,APAC,0.95,PLT-06,Sao Paulo Ops,Brazil,LATAM,SMB,France,1,1,29.0,29.0,29,29,29.0,
2026-05-01,SUP-038,Supplier 038,Taiwan,APAC,0.95,PLT-09,Hanoi Assembly,Vietnam,APAC,Enterprise,Australia,1,1,26.0,26.0,26,26,26.0,
2026-05-01,SUP-038,Supplier 038,Taiwan,APAC,0.95,PLT-06,Sao Paulo Ops,Brazil,LATAM,Enterprise,Canada,1,1,25.0,25.0,25,25,25.0,
2026-05-01,SUP-038,Supplier 038,Taiwan,APAC,0.95,PLT-05,Monterrey Plant,Mexico,LATAM,SMB,UK,1,1,30.0,30.0,30,30,30.0,
2026-05-01,SUP-039,Supplier 039,Vietnam,APAC,0.68,PLT-00,Shanghai Hub,China,APAC,SMB,Germany,1,2,28.0,28.0,25,31,30.7,4.2
2026-05-01,SUP-039,Supplier 039,Vietnam,APAC,0.68,PLT-03,Tokyo Precision,Japan,APAC,SMB,France,1,1,25.0,25.0,25,25,25.0,
2026-05-01,SUP-039,Supplier 039,Vietnam,APAC,0.68,PLT-08,Taipei Micro,Taiwan,APAC,SMB,Germany,1,1,28.0,28.0,28,28,28.0,
2026-05-01,SUP-039,Supplier 039,Vietnam,APAC,0.68,PLT-07,Seoul Tech,South Korea,APAC,SMB,Canada,1,1,24.0,24.0,24,24,24.0,
2026-05-01,SUP-039,Supplier 039,Vietnam,APAC,0.68,PLT-03,Tokyo Precision,Japan,APAC,SMB,Germany,1,1,27.0,27.0,27,27,27.0,
2026-05-01,SUP-040,Supplier 040,China,APAC,0.96,PLT-02,Detroit Works,USA,NA,Enterprise,Japan,1,1,19.0,19.0,19,19,19.0,
2026-05-01,SUP-040,Supplier 040,China,APAC,0.96,PLT-02,Detroit Works,USA,NA,SMB,Singapore,1,1,15.0,15.0,15,15,15.0,
2026-05-01,SUP-040,Supplier 040,China,APAC,0.96,PLT-09,Hanoi Assembly,Vietnam,APAC,SMB,UK,1,1,21.0,21.0,21,21,21.0,
2026-05-01,SUP-040,Supplier 040,China,APAC,0.96,PLT-04,Chennai Forge,India,APAC,SMB,Australia,1,1,18.0,18.0,18,18,18.0,
2026-05-01,SUP-040,Supplier 040,China,APAC,0.96,PLT-09,Hanoi Assembly,Vietnam,APAC,Enterprise,Canada,1,2,25.0,25.0,25,25,25.0,0.0
2026-05-01,SUP-041,Supplier 041,Germany,EMEA,0.64,PLT-00,Shanghai Hub,China,APAC,Enterprise,France,1,1,25.0,25.0,25,25,25.0,
2026-05-01,SUP-041,Supplier 041,Germany,EMEA,0.64,PLT-01,Munich Center,Germany,EMEA,SMB,Canada,1,1,24.0,24.0,24,24,24.0,
2026-05-01,SUP-041,Supplier 041,Germany,EMEA,0.64,PLT-00,Shanghai Hub,China,APAC,SMB,UK,2,2,29.0,29.0,29,29,29.0,0.0
2026-05-01,SUP-041,Supplier 041,Germany,EMEA,0.64,PLT-01,Munich Center,Germany,EMEA,Government,Germany,1,1,25.0,25.0,25,25,25.0,
2026-05-01,SUP-041,Supplier 041,Germany,EMEA,0.64,PLT-07,Seoul Tech,South Korea,APAC,SMB,Singapore,1,1,23.0,23.0,23,23,23.0,
2026-05-01,SUP-041,Supplier 041,Germany,EMEA,0.64,PLT-05,Monterrey Plant,Mexico,LATAM,Government,Canada,1,1,25.0,25.0,25,25,25.0,
2026-05-01,SUP-041,Supplier 041,Germany,EMEA,0.64,PLT-00,Shanghai Hub,China,APAC,SMB,Germany,1,1,29.0,29.0,29,29,29.0,
2026-05-01,SUP-041,Supplier 041,Germany,EMEA,0.64,PLT-09,Hanoi Assembly,Vietnam,APAC,SMB,Canada,1,1,28.0,28.0,28,28,28.0,
2026-05-01,SUP-042,Supplier 042,USA,NA,0.91,PLT-08,Taipei Micro,Taiwan,APAC,SMB,Singapore,1,1,19.0,19.0,19,19,19.0,
2026-05-01,SUP-042,Supplier 042,USA,NA,0.91,PLT-00,Shanghai Hub,China,APAC,Government,UK,1,1,17.0,17.0,17,17,17.0,
2026-05-01,SUP-042,Supplier 042,USA,NA,0.91,PLT-00,Shanghai Hub,China,APAC,Enterprise,Canada,1,2,19.0,19.0,17,21,20.8,2.8
2026-05-01,SUP-042,Supplier 042,USA,NA,0.91,PLT-09,Hanoi Assembly,Vietnam,APAC,SMB,Singapore,1,1,16.0,16.0,16,16,16.0,
2026-05-01,SUP-042,Supplier 042,USA,NA,0.91,PLT-01,Munich Center,Germany,EMEA,Enterprise,Japan,1,1,13.0,13.0,13,13,13.0,
2026-05-01,SUP-042,Supplier 042,USA,NA,0.91,PLT-05,Monterrey Plant,Mexico,LATAM,SMB,USA,1,2,18.0,18.0,14,22,21.6,5.7
2026-05-01,SUP-042,Supplier 042,USA,NA,0.91,PLT-04,Chennai Forge,India,APAC,Enterprise,USA,1,1,15.0,15.0,15,15,15.0,
2026-05-01,SUP-042,Supplier 042,USA,NA,0.91,PLT-05,Monterrey Plant,Mexico,LATAM,SMB,UK,1,1,18.0,18.0,18,18,18.0,
2026-05-01,SUP-043,Supplier 043,Japan,APAC,0.98,PLT-03,Tokyo Precision,Japan,APAC,Enterprise,France,1,1,28.0,28.0,28,28,28.0,
2026-05-01,SUP-043,Supplier 043,Japan,APAC,0.98,PLT-07,Seoul Tech,South Korea,APAC,SMB,Singapore,1,1,24.0,24.0,24,24,24.0,
2026-05-01,SUP-043,Supplier 043,Japan,APAC,0.98,PLT-06,Sao Paulo Ops,Brazil,LATAM,Enterprise,Japan,1,1,28.0,28.0,28,28,28.0,
2026-05-01,SUP-043,Supplier 043,Japan,APAC,0.98,PLT-03,Tokyo Precision,Japan,APAC,Enterprise,Germany,1,1,25.0,25.0,25,25,25.0,
2026-05-01,SUP-043,Supplier 043,Japan,APAC,0.98,PLT-02,Detroit Works,USA,NA,SMB,Australia,1,1,22.0,22.0,22,22,22.0,
2026-05-01,SUP-044,Supplier 044,India,APAC,0.55,PLT-03,Tokyo Precision,Japan,APAC,Government,Australia,1,1,33.0,33.0,33,33,33.0,
2026-05-01,SUP-044,Supplier 044,India,APAC,0.55,PLT-07,Seoul Tech,South Korea,APAC,Enterprise,Canada,1,2,30.0,30.0,29,31,30.9,1.4
2026-05-01,SUP-044,Supplier 044,India,APAC,0.55,PLT-02,Detroit Works,USA,NA,SMB,UK,1,1,23.0,23.0,23,23,23.0,
2026-05-01,SUP-044,Supplier 044,India,APAC,0.55,PLT-09,Hanoi Assembly,Vietnam,APAC,Enterprise,USA,1,2,33.5,33.5,33,34,34.0,0.7
2026-05-01,SUP-044,Supplier 044,India,APAC,0.55,PLT-05,Monterrey Plant,Mexico,LATAM,SMB,USA,1,1,24.0,24.0,24,24,24.0,
2026-05-01,SUP-044,Supplier 044,India,APAC,0.55,PLT-07,Seoul Tech,South Korea,APAC,SMB,Australia,1,2,28.0,28.0,27,29,28.9,1.4
2026-05-01,SUP-044,Supplier 044,India,APAC,0.55,PLT-06,Sao Paulo Ops,Brazil,LATAM,SMB,Canada,1,1,21.0,21.0,21,21,21.0,
2026-05-01,SUP-044,Supplier 044,India,APAC,0.55,PLT-00,Shanghai Hub,China,APAC,Enterprise,Singapore,1,1,31.0,31.0,31,31,31.0,
2026-05-01,SUP-044,Supplier 044,India,APAC,0.55,PLT-00,Shanghai Hub,China,APAC,SMB,Canada,1,2,35.0,35.0,34,36,35.9,1.4
2026-05-01,SUP-045,Supplier 045,Mexico,LATAM,0.92,PLT-07,Seoul Tech,South Korea,APAC,Government,Germany,1,1,22.0,22.0,22,22,22.0,
2026-05-01,SUP-045,Supplier 045,Mexico,LATAM,0.92,PLT-09,Hanoi Assembly,Vietnam,APAC,Enterprise,USA,1,1,26.0,26.0,26,26,26.0,
2026-05-01,SUP-045,Supplier 045,Mexico,LATAM,0.92,PLT-01,Munich Center,Germany,EMEA,Enterprise,Germany,1,1,18.0,18.0,18,18,18.0,
2026-05-01,SUP-046,Supplier 046,Brazil,LATAM,0.96,PLT-06,Sao Paulo Ops,Brazil,LATAM,SMB,UK,1,1,23.0,23.0,23,23,23.0,
2026-05-01,SUP-046,Supplier 046,Brazil,LATAM,0.96,PLT-02,Detroit Works,USA,NA,SMB,Australia,1,1,24.0,24.0,24,24,24.0,
2026-05-01,SUP-046,Supplier 046,Brazil,LATAM,0.96,PLT-04,Chennai Forge,India,APAC,SMB,Singapore,1,2,27.5,27.5,25,30,29.8,3.5
2026-05-01,SUP-046,Supplier 046,Brazil,LATAM,0.96,PLT-06,Sao Paulo Ops,Brazil,LATAM,SMB,Canada,1,1,24.0,24.0,24,24,24.0,
2026-05-01,SUP-046,Supplier 046,Brazil,LATAM,0.96,PLT-04,Chennai Forge,India,APAC,SMB,France,1,2,28.0,28.0,24,32,31.6,5.7
2026-05-01,SUP-046,Supplier 046,Brazil,LATAM,0.96,PLT-08,Taipei Micro,Taiwan,APAC,Enterprise,France,1,1,27.0,27.0,27,27,27.0,
2026-05-01,SUP-047,Supplier 047,South Korea,APAC,0.59,PLT-00,Shanghai Hub,China,APAC,Government,Japan,1,1,35.0,35.0,35,35,35.0,
2026-05-01,SUP-047,Supplier 047,South Korea,APAC,0.59,PLT-05,Monterrey Plant,Mexico,LATAM,SMB,Singapore,1,2,32.5,32.5,29,36,35.7,4.9
2026-05-01,SUP-047,Supplier 047,South Korea,APAC,0.59,PLT-00,Shanghai Hub,China,APAC,Government,Australia,1,1,32.0,32.0,32,32,32.0,
2026-05-01,SUP-047,Supplier 047,South Korea,APAC,0.59,PLT-06,Sao Paulo Ops,Brazil,LATAM,Enterprise,Australia,1,2,30.5,30.5,28,33,32.8,3.5
2026-05-01,SUP-048,Supplier 048,Taiwan,APAC,0.54,PLT-07,Seoul Tech,South Korea,APAC,Government,USA,1,2,35.5,35.5,31,40,39.6,6.4
2026-05-01,SUP-048,Supplier 048,Taiwan,APAC,0.54,PLT-00,Shanghai Hub,China,APAC,Government,Australia,1,1,37.0,37.0,37,37,37.0,
2026-05-01,SUP-048,Supplier 048,Taiwan,APAC,0.54,PLT-03,Tokyo Precision,Japan,APAC,SMB,Singapore,1,1,34.0,34.0,34,34,34.0,
2026-05-01,SUP-048,Supplier 048,Taiwan,APAC,0.54,PLT-02,Detroit Works,USA,NA,Government,Australia,1,1,28.0,28.0,28,28,28.0,
2026-05-01,SUP-049,Supplier 049,Vietnam,APAC,0.75,PLT-05,Monterrey Plant,Mexico,LATAM,SMB,USA,1,2,35.0,35.0,34,36,35.9,1.4
2026-05-01,SUP-049,Supplier 049,Vietnam,APAC,0.75,PLT-04,Chennai Forge,India,APAC,SMB,Japan,1,1,38.0,38.0,38,38,38.0,
2026-05-01,SUP-049,Supplier 049,Vietnam,APAC,0.75,PLT-09,Hanoi Assembly,Vietnam,APAC,SMB,Singapore,1,1,34.0,34.0,34,34,34.0,
2026-05-01,SUP-049,Supplier 049,Vietnam,APAC,0.75,PLT-08,Taipei Micro,Taiwan,APAC,Government,USA,1,1,38.0,38.0,38,38,38.0,
2026-06-01,SUP-000,Supplier 000,China,APAC,0.85,PLT-02,Detroit Works,USA,NA,SMB,Japan,1,1,20.0,20.0,20,20,20.0,
2026-06-01,SUP-000,Supplier 000,China,APAC,0.85,PLT-01,Munich Center,Germany,EMEA,SMB,Canada,1,1,21.0,21.0,21,21,21.0,
2026-06-01,SUP-000,Supplier 000,China,APAC,0.85,PLT-08,Taipei Micro,Taiwan,APAC,SMB,France,1,1,24.0,24.0,24,24,24.0,
2026-06-01,SUP-000,Supplier 000,China,APAC,0.85,PLT-05,Monterrey Plant,Mexico,LATAM,Enterprise,Japan,1,1,21.0,21.0,21,21,21.0,
2026-06-01,SUP-001,Supplier 001,Germany,EMEA,0.7,PLT-03,Tokyo Precision,Japan,APAC,SMB,Japan,1,1,16.0,16.0,16,16,16.0,
2026-06-01,SUP-001,Supplier 001,Germany,EMEA,0.7,PLT-00,Shanghai Hub,China,APAC,SMB,Australia,1,2,19.5,19.5,19,20,20.0,0.7
2026-06-01,SUP-001,Supplier 001,Germany,EMEA,0.7,PLT-07,Seoul Tech,South Korea,APAC,Enterprise,France,1,2,23.0,23.0,20,26,25.7,4.2
2026-06-01,SUP-001,Supplier 001,Germany,EMEA,0.7,PLT-04,Chennai Forge,India,APAC,Enterprise,Canada,1,2,20.5,20.5,19,22,21.9,2.1
2026-06-01,SUP-001,Supplier 001,Germany,EMEA,0.7,PLT-06,Sao Paulo Ops,Brazil,LATAM,Enterprise,USA,1,1,14.0,14.0,14,14,14.0,
2026-06-01,SUP-001,Supplier 001,Germany,EMEA,0.7,PLT-02,Detroit Works,USA,NA,Government,Singapore,1,1,17.0,17.0,17,17,17.0,
2026-06-01,SUP-001,Supplier 001,Germany,EMEA,0.7,PLT-09,Hanoi Assembly,Vietnam,APAC,Government,Germany,1,2,18.0,18.0,14,22,21.6,5.7
2026-06-01,SUP-001,Supplier 001,Germany,EMEA,0.7,PLT-00,Shanghai Hub,China,APAC,SMB,Germany,1,1,16.0,16.0,16,16,16.0,
2026-06-01,SUP-001,Supplier 001,Germany,EMEA,0.7,PLT-04,Chennai Forge,India,APAC,Enterprise,Germany,1,1,18.0,18.0,18,18,18.0,
2026-06-01,SUP-002,Supplier 002,USA,NA,0.74,PLT-02,Detroit Works,USA,NA,SMB,Singapore,1,2,18.0,18.0,18,18,18.0,0.0
2026-06-01,SUP-002,Supplier 002,USA,NA,0.74,PLT-04,Chennai Forge,India,APAC,SMB,Germany,1,1,17.0,17.0,17,17,17.0,
2026-06-01,SUP-002,Supplier 002,USA,NA,0.74,PLT-09,Hanoi Assembly,Vietnam,APAC,SMB,Canada,1,1,23.0,23.0,23,23,23.0,
2026-06-01,SUP-002,Supplier 002,USA,NA,0.74,PLT-02,Detroit Works,USA,NA,SMB,Germany,1,2,20.0,20.0,17,23,22.7,4.2
2026-06-01,SUP-002,Supplier 002,USA,NA,0.74,PLT-03,Tokyo Precision,Japan,APAC,Enterprise,Germany,1,2,25.0,25.0,21,29,28.6,5.7
2026-06-01,SUP-003,Supplier 003,Japan,APAC,0.64,PLT-06,Sao Paulo Ops,Brazil,LATAM,Enterprise,Singapore,1,1,28.0,28.0,28,28,28.0,
2026-06-01,SUP-003,Supplier 003,Japan,APAC,0.64,PLT-06,Sao Paulo Ops,Brazil,LATAM,SMB,Australia,1,1,26.0,26.0,26,26,26.0,
2026-06-01,SUP-003,Supplier 003,Japan,APAC,0.64,PLT-00,Shanghai Hub,China,APAC,Enterprise,USA,1,2,28.0,28.0,28,28,28.0,0.0
2026-06-01,SUP-003,Supplier 003,Japan,APAC,0.64,PLT-08,Taipei Micro,Taiwan,APAC,Enterprise,UK,1,1,27.0,27.0,27,27,27.0,
2026-06-01,SUP-003,Supplier 003,Japan,APAC,0.64,PLT-00,Shanghai Hub,China,APAC,SMB,Singapore,1,1,30.0,30.0,30,30,30.0,
2026-06-01,SUP-004,Supplier 004,India,APAC,0.69,PLT-05,Monterrey Plant,Mexico,LATAM,Enterprise,Japan,1,1,35.0,35.0,35,35,35.0,
2026-06-01,SUP-004,Supplier 004,India,APAC,0.69,PLT-09,Hanoi Assembly,Vietnam,APAC,SMB,UK,1,1,34.0,34.0,34,34,34.0,
2026-06-01,SUP-004,Supplier 004,India,APAC,0.69,PLT-09,Hanoi Assembly,Vietnam,APAC,Government,USA,1,1,36.0,36.0,36,36,36.0,
2026-06-01,SUP-004,Supplier 004,India,APAC,0.69,PLT-07,Seoul Tech,South Korea,APAC,Enterprise,France,1,2,34.0,34.0,31,37,36.7,4.2
2026-06-01,SUP-004,Supplier 004,India,APAC,0.69,PLT-00,Shanghai Hub,China,APAC,Enterprise,Canada,1,1,35.0,35.0,35,35,35.0,
2026-06-01,SUP-004,Supplier 004,India,APAC,0.69,PLT-06,Sao Paulo Ops,Brazil,LATAM,Government,France,1,2,36.5,36.5,30,43,42.4,9.2
2026-06-01,SUP-004,Supplier 004,India,APAC,0.69,PLT-05,Monterrey Plant,Mexico,LATAM,SMB,Canada,1,1,33.0,33.0,33,33,33.0,
2026-06-01,SUP-005,Supplier 005,Mexico,LATAM,0.77,PLT-07,Seoul Tech,South Korea,APAC,SMB,Australia,1,1,26.0,26.0,26,26,26.0,
2026-06-01,SUP-005,Supplier 005,Mexico,LATAM,0.77,PLT-05,Monterrey Plant,Mexico,LATAM,Enterprise,UK,1,1,19.0,19.0,19,19,19.0,
2026-06-01,SUP-006,Supplier 006,Brazil,LATAM,0.61,PLT-05,Monterrey Plant,Mexico,LATAM,Enterprise,USA,1,1,22.0,22.0,22,22,22.0,
2026-06-01,SUP-006,Supplier 006,Brazil,LATAM,0.61,PLT-08,Taipei Micro,Taiwan,APAC,SMB,Japan,1,1,26.0,26.0,26,26,26.0,
2026-06-01,SUP-006,Supplier 006,Brazil,LATAM,0.61,PLT-04,Chennai Forge,India,APAC,Enterprise,France,1,1,26.0,26.0,26,26,26.0,
2026-06-01,SUP-006,Supplier 006,Brazil,LATAM,0.61,PLT-04,Chennai Forge,India,APAC,Enterprise,Germany,1,1,28.0,28.0,28,28,28.0,
2026-06-01,SUP-006,Supplier 006,Brazil,LATAM,0.61,PLT-07,Seoul Tech,South Korea,APAC,Enterprise,UK,1,1,29.0,29.0,29,29,29.0,
2026-06-01,SUP-006,Supplier 006,Brazil,LATAM,0.61,PLT-05,Monterrey Plant,Mexico,LATAM,Enterprise,Japan,1,1,26.0,26.0,26,26,26.0,
2026-06-01,SUP-006,Supplier 006,Brazil,LATAM,0.61,PLT-01,Munich Center,Germany,EMEA,Enterprise,Australia,1,1,28.0,28.0,28,28,28.0,
2026-06-01,SUP-006,Supplier 006,Brazil,LATAM,0.61,PLT-01,Munich Center,Germany,EMEA,SMB,UK,1,1,24.0,24.0,24,24,24.0,
2026-06-01,SUP-006,Supplier 006,Brazil,LATAM,0.61,PLT-02,Detroit Works,USA,NA,Government,France,1,1,21.0,21.0,21,21,21.0,
2026-06-01,SUP-007,Supplier 007,South Korea,APAC,0.84,PLT-04,Chennai Forge,India,APAC,Enterprise,Australia,1,1,27.0,27.0,27,27,27.0,
2026-06-01,SUP-007,Supplier 007,South Korea,APAC,0.84,PLT-02,Detroit Works,USA,NA,SMB,Canada,1,1,27.0,27.0,27,27,27.0,
2026-06-01,SUP-007,Supplier 007,South Korea,APAC,0.84,PLT-05,Monterrey Plant,Mexico,LATAM,SMB,Singapore,1,1,29.0,29.0,29,29,29.0,
2026-06-01,SUP-007,Supplier 007,South Korea,APAC,0.84,PLT-06,Sao Paulo Ops,Brazil,LATAM,Enterprise,Canada,1,1,31.0,31.0,31,31,31.0,
2026-06-01,SUP-008,Supplier 008,Taiwan,APAC,0.73,PLT-01,Munich Center,Germany,EMEA,SMB,Germany,1,1,27.0,27.0,27,27,27.0,
2026-06-01,SUP-008,Supplier 008,Taiwan,APAC,0.73,PLT-05,Monterrey Plant,Mexico,LATAM,SMB,France,1,1,32.0,32.0,32,32,32.0,
2026-06-01,SUP-008,Supplier 008,Taiwan,APAC,0.73,PLT-03,Tokyo Precision,Japan,APAC,SMB,USA,1,1,28.0,28.0,28,28,28.0,
2026-06-01,SUP-008,Supplier 008,Taiwan,APAC,0.73,PLT-06,Sao Paulo Ops,Brazil,LATAM,SMB,Singapore,1,1,26.0,26.0,26,26,26.0,
2026-06-01,SUP-009,Supplier 009,Vietnam,APAC,1.0,PLT-04,Chennai Forge,India,APAC,SMB,Japan,1,2,30.0,30.0,28,32,31.8,2.8
2026-06-01,SUP-009,Supplier 009,Vietnam,APAC,1.0,PLT-00,Shanghai Hub,China,APAC,SMB,Australia,1,1,29.0,29.0,29,29,29.0,
2026-06-01,SUP-009,Supplier 009,Vietnam,APAC,1.0,PLT-05,Monterrey Plant,Mexico,LATAM,Enterprise,France,1,1,30.0,30.0,30,30,30.0,
2026-06-01,SUP-009,Supplier 009,Vietnam,APAC,1.0,PLT-09,Hanoi Assembly,Vietnam,APAC,Government,USA,1,1,33.0,33.0,33,33,33.0,
2026-06-01,SUP-009,Supplier 009,Vietnam,APAC,1.0,PLT-05,Monterrey Plant,Mexico,LATAM,Enterprise,Singapore,1,1,27.0,27.0,27,27,27.0,
2026-06-01,SUP-009,Supplier 009,Vietnam,APAC,1.0,PLT-03,Tokyo Precision,Japan,APAC,SMB,UK,1,1,33.0,33.0,33,33,33.0,
2026-06-01,SUP-009,Supplier 009,Vietnam,APAC,1.0,PLT-07,Seoul Tech,South Korea,APAC,Enterprise,Japan,1,1,31.0,31.0,31,31,31.0,
2026-06-01,SUP-009,Supplier 009,Vietnam,APAC,1.0,PLT-02,Detroit Works,USA,NA,SMB,UK,1,2,27.0,27.0,23,31,30.6,5.7
2026-06-01,SUP-010,Supplier 010,China,APAC,0.76,PLT-05,Monterrey Plant,Mexico,LATAM,Enterprise,Germany,1,1,21.0,21.0,21,21,21.0,
2026-06-01,SUP-010,Supplier 010,China,APAC,0.76,PLT-01,Munich Center,Germany,EMEA,Enterprise,UK,1,1,19.0,19.0,19,19,19.0,
2026-06-01,SUP-011,Supplier 011,Germany,EMEA,0.53,PLT-08,Taipei Micro,Taiwan,APAC,Government,Germany,1,1,32.0,32.0,32,32,32.0,
2026-06-01,SUP-011,Supplier 011,Germany,EMEA,0.53,PLT-01,Munich Center,Germany,EMEA,SMB,USA,1,1,30.0,30.0,30,30,30.0,
2026-06-01,SUP-011,Supplier 011,Germany,EMEA,0.53,PLT-01,Munich Center,Germany,EMEA,Enterprise,France,2,3,28.7,28.0,24,34,33.4,5.0
2026-06-01,SUP-011,Supplier 011,Germany,EMEA,0.53,PLT-03,Tokyo Precision,Japan,APAC,SMB,Germany,1,2,32.0,32.0,31,33,32.9,1.4
2026-06-01,SUP-012,Supplier 012,USA,NA,0.66,PLT-07,Seoul Tech,South Korea,APAC,SMB,Germany,1,2,21.5,21.5,17,26,25.6,6.4
2026-06-01,SUP-012,Supplier 012,USA,NA,0.66,PLT-04,Chennai Forge,India,APAC,SMB,Australia,1,2,19.0,19.0,17,21,20.8,2.8
2026-06-01,SUP-012,Supplier 012,USA,NA,0.66,PLT-01,Munich Center,Germany,EMEA,SMB,Canada,1,1,14.0,14.0,14,14,14.0,
2026-06-01,SUP-012,Supplier 012,USA,NA,0.66,PLT-07,Seoul Tech,South Korea,APAC,SMB,Canada,1,1,15.0,15.0,15,15,15.0,
2026-06-01,SUP-012,Supplier 012,USA,NA,0.66,PLT-02,Detroit Works,USA,NA,Enterprise,France,1,1,17.0,17.0,17,17,17.0,
2026-06-01,SUP-012,Supplier 012,USA,NA,0.66,PLT-00,Shanghai Hub,China,APAC,Enterprise,Singapore,1,2,20.0,20.0,16,24,23.6,5.7
2026-06-01,SUP-012,Supplier 012,USA,NA,0.66,PLT-03,Tokyo Precision,Japan,APAC,SMB,Canada,1,2,20.0,20.0,16,24,23.6,5.7
2026-06-01,SUP-013,Supplier 013,Japan,APAC,0.89,PLT-08,Taipei Micro,Taiwan,APAC,Enterprise,Germany,1,1,31.0,31.0,31,31,31.0,
2026-06-01,SUP-013,Supplier 013,Japan,APAC,0.89,PLT-04,Chennai Forge,India,APAC,SMB,Australia,1,1,38.0,38.0,38,38,38.0,
2026-06-01,SUP-013,Supplier 013,Japan,APAC,0.89,PLT-06,Sao Paulo Ops,Brazil,LATAM,Government,Australia,1,1,31.0,31.0,31,31,31.0,
2026-06-01,SUP-013,Supplier 013,Japan,APAC,0.89,PLT-01,Munich Center,Germany,EMEA,Government,UK,1,1,31.0,31.0,31,31,31.0,
2026-06-01,SUP-013,Supplier 013,Japan,APAC,0.89,PLT-05,Monterrey Plant,Mexico,LATAM,SMB,France,1,1,34.0,34.0,34,34,34.0,
2026-06-01,SUP-013,Supplier 013,Japan,APAC,0.89,PLT-04,Chennai Forge,India,APAC,Government,UK,1,2,38.5,38.5,34,43,42.6,6.4
2026-06-01,SUP-013,Supplier 013,Japan,APAC,0.89,PLT-02,Detroit Works,USA,NA,Enterprise,France,1,1,33.0,33.0,33,33,33.0,
2026-06-01,SUP-014,Supplier 014,India,APAC,0.95,PLT-01,Munich Center,Germany,EMEA,Enterprise,France,1,2,33.0,33.0,31,35,34.8,2.8
2026-06-01,SUP-014,Supplier 014,India,APAC,0.95,PLT-08,Taipei Micro,Taiwan,APAC,Enterprise,Japan,1,1,34.0,34.0,34,34,34.0,
2026-06-01,SUP-014,Supplier 014,India,APAC,0.95,PLT-09,Hanoi Assembly,Vietnam,APAC,SMB,France,1,1,30.0,30.0,30,30,30.0,
2026-06-01,SUP-014,Supplier 014,India,APAC,0.95,PLT-04,Chennai Forge,India,APAC,Government,Singapore,1,1,30.0,30.0,30,30,30.0,
2026-06-01,SUP-015,Supplier 015,Mexico,LATAM,0.75,PLT-02,Detroit Works,USA,NA,SMB,UK,1,1,24.0,24.0,24,24,24.0,
2026-06-01,SUP-015,Supplier 015,Mexico,LATAM,0.75,PLT-02,Detroit Works,USA,NA,Enterprise,USA,1,1,24.0,24.0,24,24,24.0,
2026-06-01,SUP-015,Supplier 015,Mexico,LATAM,0.75,PLT-02,Detroit Works,USA,NA,Enterprise,France,1,1,23.0,23.0,23,23,23.0,
2026-06-01,SUP-015,Supplier 015,Mexico,LATAM,0.75,PLT-08,Taipei Micro,Taiwan,APAC,SMB,Germany,1,1,23.0,23.0,23,23,23.0,
2026-06-01,SUP-015,Supplier 015,Mexico,LATAM,0.75,PLT-06,Sao Paulo Ops,Brazil,LATAM,Government,Germany,1,1,29.0,29.0,29,29,29.0,
2026-06-01,SUP-015,Supplier 015,Mexico,LATAM,0.75,PLT-09,Hanoi Assembly,Vietnam,APAC,SMB,Canada,1,2,27.5,27.5,25,30,29.8,3.5
2026-06-01,SUP-016,Supplier 016,Brazil,LATAM,0.66,PLT-03,Tokyo Precision,Japan,APAC,Enterprise,Germany,1,1,28.0,28.0,28,28,28.0,
2026-06-01,SUP-016,Supplier 016,Brazil,LATAM,0.66,PLT-06,Sao Paulo Ops,Brazil,LATAM,Government,Germany,1,1,25.0,25.0,25,25,25.0,
2026-06-01,SUP-017,Supplier 017,South Korea,APAC,0.89,PLT-04,Chennai Forge,India,APAC,SMB,UK,1,1,32.0,32.0,32,32,32.0,
2026-06-01,SUP-017,Supplier 017,South Korea,APAC,0.89,PLT-03,Tokyo Precision,Japan,APAC,Enterprise,France,1,1,25.0,25.0,25,25,25.0,
2026-06-01,SUP-017,Supplier 017,South Korea,APAC,0.89,PLT-05,Monterrey Plant,Mexico,LATAM,Enterprise,Australia,1,1,29.0,29.0,29,29,29.0,
2026-06-01,SUP-017,Supplier 017,South Korea,APAC,0.89,PLT-03,Tokyo Precision,Japan,APAC,SMB,Germany,1,2,32.5,32.5,32,33,33.0,0.7
2026-06-01,SUP-018,Supplier 018,Taiwan,APAC,0.75,PLT-00,Shanghai Hub,China,APAC,Enterprise,Japan,1,2,38.0,38.0,36,40,39.8,2.8
2026-06-01,SUP-018,Supplier 018,Taiwan,APAC,0.75,PLT-01,Munich Center,Germany,EMEA,SMB,Japan,1,2,33.0,33.0,31,35,34.8,2.8
2026-06-01,SUP-018,Supplier 018,Taiwan,APAC,0.75,PLT-04,Chennai Forge,India,APAC,SMB,Canada,1,1,30.0,30.0,30,30,30.0,
2026-06-01,SUP-018,Supplier 018,Taiwan,APAC,0.75,PLT-03,Tokyo Precision,Japan,APAC,Enterprise,Singapore,1,2,36.0,36.0,33,39,38.7,4.2
2026-06-01,SUP-018,Supplier 018,Taiwan,APAC,0.75,PLT-03,Tokyo Precision,Japan,APAC,SMB,Australia,1,1,39.0,39.0,39,39,39.0,
2026-06-01,SUP-018,Supplier 018,Taiwan,APAC,0.75,PLT-00,Shanghai Hub,China,APAC,Government,France,1,2,36.5,36.5,31,42,41.5,7.8
2026-06-01,SUP-018,Supplier 018,Taiwan,APAC,0.75,PLT-07,Seoul Tech,South Korea,APAC,Government,UK,1,1,33.0,33.0,33,33,33.0,
2026-06-01,SUP-018,Supplier 018,Taiwan,APAC,0.75,PLT-06,Sao Paulo Ops,Brazil,LATAM,SMB,UK,1,1,38.0,38.0,38,38,38.0,
2026-06-01,SUP-019,Supplier 019,Vietnam,APAC,0.57,PLT-05,Monterrey Plant,Mexico,LATAM,SMB,Germany,1,1,30.0,30.0,30,30,30.0,
2026-06-01,SUP-019,Supplier 019,Vietnam,APAC,0.57,PLT-00,Shanghai Hub,China,APAC,SMB,Germany,1,1,38.0,38.0,38,38,38.0,
2026-06-01,SUP-019,Supplier 019,Vietnam,APAC,0.57,PLT-01,Munich Center,Germany,EMEA,SMB,USA,1,1,32.0,32.0,32,32,32.0,
2026-06-01,SUP-019,Supplier 019,Vietnam,APAC,0.57,PLT-03,Tokyo Precision,Japan,APAC,Enterprise,USA,1,2,37.0,37.0,35,39,38.8,2.8
2026-06-01,SUP-020,Supplier 020,China,APAC,0.6,PLT-06,Sao Paulo Ops,Brazil,LATAM,SMB,UK,1,1,23.0,23.0,23,23,23.0,
2026-06-01,SUP-020,Supplier 020,China,APAC,0.6,PLT-09,Hanoi Assembly,Vietnam,APAC,Enterprise,Germany,1,1,28.0,28.0,28,28,28.0,
2026-06-01,SUP-021,Supplier 021,Germany,EMEA,0.75,PLT-06,Sao Paulo Ops,Brazil,LATAM,SMB,Germany,1,1,25.0,25.0,25,25,25.0,
2026-06-01,SUP-021,Supplier 021,Germany,EMEA,0.75,PLT-04,Chennai Forge,India,APAC,SMB,France,1,1,23.0,23.0,23,23,23.0,
2026-06-01,SUP-021,Supplier 021,Germany,EMEA,0.75,PLT-08,Taipei Micro,Taiwan,APAC,SMB,Singapore,1,1,21.0,21.0,21,21,21.0,
2026-06-01,SUP-021,Supplier 021,Germany,EMEA,0.75,PLT-01,Munich Center,Germany,EMEA,Enterprise,Japan,1,1,21.0,21.0,21,21,21.0,
2026-06-01,SUP-021,Supplier 021,Germany,EMEA,0.75,PLT-09,Hanoi Assembly,Vietnam,APAC,Enterprise,Canada,1,1,26.0,26.0,26,26,26.0,
2026-06-01,SUP-022,Supplier 022,USA,NA,0.8,PLT-04,Chennai Forge,India,APAC,SMB,Singapore,1,2,24.0,24.0,19,29,28.5,7.1
2026-06-01,SUP-022,Supplier 022,USA,NA,0.8,PLT-00,Shanghai Hub,China,APAC,SMB,France,1,1,19.0,19.0,19,19,19.0,
2026-06-01,SUP-022,Supplier 022,USA,NA,0.8,PLT-01,Munich Center,Germany,EMEA,SMB,Australia,1,2,17.5,17.5,14,21,20.7,4.9
2026-06-01,SUP-022,Supplier 022,USA,NA,0.8,PLT-06,Sao Paulo Ops,Brazil,LATAM,Government,USA,1,1,20.0,20.0,20,20,20.0,
2026-06-01,SUP-023,Supplier 023,Japan,APAC,0.98,PLT-06,Sao Paulo Ops,Brazil,LATAM,Enterprise,Japan,1,2,36.5,36.5,34,39,38.8,3.5
2026-06-01,SUP-023,Supplier 023,Japan,APAC,0.98,PLT-04,Chennai Forge,India,APAC,Enterprise,USA,1,1,30.0,30.0,30,30,30.0,
2026-06-01,SUP-023,Supplier 023,Japan,APAC,0.98,PLT-02,Detroit Works,USA,NA,SMB,Singapore,1,1,31.0,31.0,31,31,31.0,
2026-06-01,SUP-024,Supplier 024,India,APAC,0.89,PLT-06,Sao Paulo Ops,Brazil,LATAM,SMB,France,1,1,26.0,26.0,26,26,26.0,
2026-06-01,SUP-024,Supplier 024,India,APAC,0.89,PLT-09,Hanoi Assembly,Vietnam,APAC,Government,Singapore,1,1,26.0,26.0,26,26,26.0,
2026-06-01,SUP-025,Supplier 025,Mexico,LATAM,0.71,PLT-01,Munich Center,Germany,EMEA,Enterprise,Canada,1,1,24.0,24.0,24,24,24.0,
2026-06-01,SUP-025,Supplier 025,Mexico,LATAM,0.71,PLT-04,Chennai Forge,India,APAC,SMB,Australia,1,1,29.0,29.0,29,29,29.0,
2026-06-01,SUP-025,Supplier 025,Mexico,LATAM,0.71,PLT-00,Shanghai Hub,China,APAC,Government,France,1,1,29.0,29.0,29,29,29.0,
2026-06-01,SUP-025,Supplier 025,Mexico,LATAM,0.71,PLT-08,Taipei Micro,Taiwan,APAC,SMB,Singapore,1,1,27.0,27.0,27,27,27.0,
2026-06-01,SUP-025,Supplier 025,Mexico,LATAM,0.71,PLT-01,Munich Center,Germany,EMEA,SMB,UK,1,1,25.0,25.0,25,25,25.0,
2026-06-01,SUP-025,Supplier 025,Mexico,LATAM,0.71,PLT-08,Taipei Micro,Taiwan,APAC,Government,Germany,1,1,32.0,32.0,32,32,32.0,
2026-06-01,SUP-025,Supplier 025,Mexico,LATAM,0.71,PLT-07,Seoul Tech,South Korea,APAC,SMB,Canada,1,1,28.0,28.0,28,28,28.0,
2026-06-01,SUP-026,Supplier 026,Brazil,LATAM,0.73,PLT-02,Detroit Works,USA,NA,Government,Germany,1,1,17.0,17.0,17,17,17.0,
2026-06-01,SUP-026,Supplier 026,Brazil,LATAM,0.73,PLT-05,Monterrey Plant,Mexico,LATAM,SMB,Canada,1,1,26.0,26.0,26,26,26.0,
2026-06-01,SUP-026,Supplier 026,Brazil,LATAM,0.73,PLT-09,Hanoi Assembly,Vietnam,APAC,SMB,Canada,1,1,28.0,28.0,28,28,28.0,
2026-06-01,SUP-026,Supplier 026,Brazil,LATAM,0.73,PLT-09,Hanoi Assembly,Vietnam,APAC,SMB,France,1,1,23.0,23.0,23,23,23.0,
2026-06-01,SUP-026,Supplier 026,Brazil,LATAM,0.73,PLT-08,Taipei Micro,Taiwan,APAC,SMB,France,1,1,29.0,29.0,29,29,29.0,
2026-06-01,SUP-026,Supplier 026,Brazil,LATAM,0.73,PLT-06,Sao Paulo Ops,Brazil,LATAM,SMB,France,1,2,28.0,28.0,28,28,28.0,0.0
2026-06-01,SUP-026,Supplier 026,Brazil,LATAM,0.73,PLT-06,Sao Paulo Ops,Brazil,LATAM,SMB,Germany,1,1,26.0,26.0,26,26,26.0,
2026-06-01,SUP-026,Supplier 026,Brazil,LATAM,0.73,PLT-00,Shanghai Hub,China,APAC,Enterprise,USA,1,1,26.0,26.0,26,26,26.0,
2026-06-01,SUP-026,Supplier 026,Brazil,LATAM,0.73,PLT-09,Hanoi Assembly,Vietnam,APAC,SMB,Singapore,1,1,26.0,26.0,26,26,26.0,
2026-06-01,SUP-026,Supplier 026,Brazil,LATAM,0.73,PLT-06,Sao Paulo Ops,Brazil,LATAM,Government,Canada,1,1,25.0,25.0,25,25,25.0,
2026-06-01,SUP-027,Supplier 027,South Korea,APAC,0.94,PLT-05,Monterrey Plant,Mexico,LATAM,SMB,Singapore,1,2,31.0,31.0,27,35,34.6,5.7
2026-06-01,SUP-027,Supplier 027,South Korea,APAC,0.94,PLT-02,Detroit Works,USA,NA,Government,Germany,1,1,29.0,29.0,29,29,29.0,
2026-06-01,SUP-027,Supplier 027,South Korea,APAC,0.94,PLT-04,Chennai Forge,India,APAC,Government,Japan,1,1,27.0,27.0,27,27,27.0,
2026-06-01,SUP-027,Supplier 027,South Korea,APAC,0.94,PLT-09,Hanoi Assembly,Vietnam,APAC,Enterprise,Singapore,1,1,33.0,33.0,33,33,33.0,
2026-06-01,SUP-027,Supplier 027,South Korea,APAC,0.94,PLT-05,Monterrey Plant,Mexico,LATAM,SMB,Canada,1,1,27.0,27.0,27,27,27.0,
2026-06-01,SUP-028,Supplier 028,Taiwan,APAC,0.84,PLT-07,Seoul Tech,South Korea,APAC,SMB,Canada,1,1,34.0,34.0,34,34,34.0,
2026-06-01,SUP-028,Supplier 028,Taiwan,APAC,0.84,PLT-05,Monterrey Plant,Mexico,LATAM,SMB,Germany,1,2,35.5,35.5,33,38,37.8,3.5
2026-06-01,SUP-028,Supplier 028,Taiwan,APAC,0.84,PLT-08,Taipei Micro,Taiwan,APAC,Government,France,1,1,32.0,32.0,32,32,32.0,
2026-06-01,SUP-028,Supplier 028,Taiwan,APAC,0.84,PLT-06,Sao Paulo Ops,Brazil,LATAM,SMB,Australia,1,1,29.0,29.0,29,29,29.0,
2026-06-01,SUP-028,Supplier 028,Taiwan,APAC,0.84,PLT-01,Munich Center,Germany,EMEA,SMB,Australia,1,2,33.0,33.0,31,35,34.8,2.8
2026-06-01,SUP-028,Supplier 028,Taiwan,APAC,0.84,PLT-04,Chennai Forge,India,APAC,Enterprise,USA,1,1,31.0,31.0,31,31,31.0,
2026-06-01,SUP-028,Supplier 028,Taiwan,APAC,0.84,PLT-05,Monterrey Plant,Mexico,LATAM,SMB,Canada,1,1,30.0,30.0,30,30,30.0,
2026-06-01,SUP-029,Supplier 029,Vietnam,APAC,0.51,PLT-01,Munich Center,Germany,EMEA,SMB,Singapore,1,1,29.0,29.0,29,29,29.0,
2026-06-01,SUP-029,Supplier 029,Vietnam,APAC,0.51,PLT-03,Tokyo Precision,Japan,APAC,SMB,UK,1,1,27.0,27.0,27,27,27.0,
2026-06-01,SUP-029,Supplier 029,Vietnam,APAC,0.51,PLT-05,Monterrey Plant,Mexico,LATAM,Government,Germany,1,1,26.0,26.0,26,26,26.0,
2026-06-01,SUP-029,Supplier 029,Vietnam,APAC,0.51,PLT-01,Munich Center,Germany,EMEA,Enterprise,Japan,1,1,24.0,24.0,24,24,24.0,
2026-06-01,SUP-029,Supplier 029,Vietnam,APAC,0.51,PLT-06,Sao Paulo Ops,Brazil,LATAM,SMB,Australia,1,1,25.0,25.0,25,25,25.0,
2026-06-01,SUP-029,Supplier 029,Vietnam,APAC,0.51,PLT-09,Hanoi Assembly,Vietnam,APAC,Government,USA,1,1,29.0,29.0,29,29,29.0,
2026-06-01,SUP-029,Supplier 029,Vietnam,APAC,0.51,PLT-05,Monterrey Plant,Mexico,LATAM,Enterprise,Germany,1,1,30.0,30.0,30,30,30.0,
2026-06-01,SUP-029,Supplier 029,Vietnam,APAC,0.51,PLT-06,Sao Paulo Ops,Brazil,LATAM,SMB,Canada,1,1,29.0,29.0,29,29,29.0,
2026-06-01,SUP-030,Supplier 030,China,APAC,0.59,PLT-09,Hanoi Assembly,Vietnam,APAC,Government,USA,1,1,30.0,30.0,30,30,30.0,
2026-06-01,SUP-030,Supplier 030,China,APAC,0.59,PLT-08,Taipei Micro,Taiwan,APAC,Enterprise,France,1,2,29.5,29.5,26,33,32.7,4.9
2026-06-01,SUP-030,Supplier 030,China,APAC,0.59,PLT-00,Shanghai Hub,China,APAC,Enterprise,Singapore,1,2,31.0,31.0,25,37,36.4,8.5
2026-06-01,SUP-030,Supplier 030,China,APAC,0.59,PLT-07,Seoul Tech,South Korea,APAC,Government,USA,1,1,30.0,30.0,30,30,30.0,
2026-06-01,SUP-030,Supplier 030,China,APAC,0.59,PLT-05,Monterrey Plant,Mexico,LATAM,Enterprise,Germany,1,1,26.0,26.0,26,26,26.0,
2026-06-01,SUP-031,Supplier 031,Germany,EMEA,0.92,PLT-06,Sao Paulo Ops,Brazil,LATAM,SMB,Germany,1,2,26.5,26.5,24,29,28.8,3.5
2026-06-01,SUP-031,Supplier 031,Germany,EMEA,0.92,PLT-05,Monterrey Plant,Mexico,LATAM,Government,Japan,1,2,26.0,26.0,20,32,31.4,8.5
2026-06-01,SUP-031,Supplier 031,Germany,EMEA,0.92,PLT-09,Hanoi Assembly,Vietnam,APAC,SMB,USA,1,1,23.0,23.0,23,23,23.0,
2026-06-01,SUP-031,Supplier 031,Germany,EMEA,0.92,PLT-03,Tokyo Precision,Japan,APAC,SMB,USA,1,1,28.0,28.0,28,28,28.0,
2026-06-01,SUP-031,Supplier 031,Germany,EMEA,0.92,PLT-03,Tokyo Precision,Japan,APAC,SMB,Canada,1,1,27.0,27.0,27,27,27.0,
2026-06-01,SUP-031,Supplier 031,Germany,EMEA,0.92,PLT-00,Shanghai Hub,China,APAC,SMB,UK,1,1,28.0,28.0,28,28,28.0,
2026-06-01,SUP-032,Supplier 032,USA,NA,0.78,PLT-05,Monterrey Plant,Mexico,LATAM,Enterprise,France,1,2,19.0,19.0,15,23,22.6,5.7
2026-06-01,SUP-032,Supplier 032,USA,NA,0.78,PLT-07,Seoul Tech,South Korea,APAC,SMB,UK,1,1,15.0,15.0,15,15,15.0,
2026-06-01,SUP-032,Supplier 032,USA,NA,0.78,PLT-04,Chennai Forge,India,APAC,SMB,Germany,1,1,17.0,17.0,17,17,17.0,
2026-06-01,SUP-032,Supplier 032,USA,NA,0.78,PLT-09,Hanoi Assembly,Vietnam,APAC,Enterprise,Australia,1,1,18.0,18.0,18,18,18.0,
2026-06-01,SUP-032,Supplier 032,USA,NA,0.78,PLT-02,Detroit Works,USA,NA,Enterprise,UK,1,1,12.0,12.0,12,12,12.0,
2026-06-01,SUP-033,Supplier 033,Japan,APAC,0.5,PLT-05,Monterrey Plant,Mexico,LATAM,SMB,France,1,1,26.0,26.0,26,26,26.0,
2026-06-01,SUP-033,Supplier 033,Japan,APAC,0.5,PLT-07,Seoul Tech,South Korea,APAC,SMB,Canada,1,1,25.0,25.0,25,25,25.0,
2026-06-01,SUP-033,Supplier 033,Japan,APAC,0.5,PLT-04,Chennai Forge,India,APAC,SMB,UK,1,2,26.5,26.5,25,28,27.9,2.1
2026-06-01,SUP-034,Supplier 034,India,APAC,0.95,PLT-00,Shanghai Hub,China,APAC,Government,USA,1,1,21.0,21.0,21,21,21.0,
2026-06-01,SUP-034,Supplier 034,India,APAC,0.95,PLT-09,Hanoi Assembly,Vietnam,APAC,SMB,Canada,1,1,21.0,21.0,21,21,21.0,
2026-06-01,SUP-034,Supplier 034,India,APAC,0.95,PLT-00,Shanghai Hub,China,APAC,Enterprise,Singapore,1,2,26.0,26.0,25,27,26.9,1.4
2026-06-01,SUP-034,Supplier 034,India,APAC,0.95,PLT-04,Chennai Forge,India,APAC,Enterprise,USA,1,1,23.0,23.0,23,23,23.0,
2026-06-01,SUP-035,Supplier 035,Mexico,LATAM,0.77,PLT-06,Sao Paulo Ops,Brazil,LATAM,Government,UK,1,1,21.0,21.0,21,21,21.0,
2026-06-01,SUP-035,Supplier 035,Mexico,LATAM,0.77,PLT-01,Munich Center,Germany,EMEA,SMB,Australia,1,2,20.5,20.5,17,24,23.7,4.9
2026-06-01,SUP-035,Supplier 035,Mexico,LATAM,0.77,PLT-01,Munich Center,Germany,EMEA,Enterprise,Canada,1,1,20.0,20.0,20,20,20.0,
2026-06-01,SUP-035,Supplier 035,Mexico,LATAM,0.77,PLT-06,Sao Paulo Ops,Brazil,LATAM,Enterprise,France,1,2,21.0,21.0,18,24,23.7,4.2
2026-06-01,SUP-035,Supplier 035,Mexico,LATAM,0.77,PLT-00,Shanghai Hub,China,APAC,Enterprise,Canada,1,1,24.0,24.0,24,24,24.0,
2026-06-01,SUP-035,Supplier 035,Mexico,LATAM,0.77,PLT-04,Chennai Forge,India,APAC,Government,Singapore,1,1,25.0,25.0,25,25,25.0,
2026-06-01,SUP-035,Supplier 035,Mexico,LATAM,0.77,PLT-06,Sao Paulo Ops,Brazil,LATAM,SMB,Australia,1,1,19.0,19.0,19,19,19.0,
2026-06-01,SUP-035,Supplier 035,Mexico,LATAM,0.77,PLT-07,Seoul Tech,South Korea,APAC,Government,Germany,1,1,20.0,20.0,20,20,20.0,
2026-06-01,SUP-035,Supplier 035,Mexico,LATAM,0.77,PLT-06,Sao Paulo Ops,Brazil,LATAM,Government,France,1,2,23.5,23.5,22,25,24.9,2.1
2026-06-01,SUP-036,Supplier 036,Brazil,LATAM,0.76,PLT-00,Shanghai Hub,China,APAC,Enterprise,USA,1,1,23.0,23.0,23,23,23.0,
2026-06-01,SUP-036,Supplier 036,Brazil,LATAM,0.76,PLT-07,Seoul Tech,South Korea,APAC,Enterprise,USA,1,1,23.0,23.0,23,23,23.0,
2026-06-01,SUP-036,Supplier 036,Brazil,LATAM,0.76,PLT-09,Hanoi Assembly,Vietnam,APAC,Enterprise,Australia,1,1,18.0,18.0,18,18,18.0,
2026-06-01,SUP-036,Supplier 036,Brazil,LATAM,0.76,PLT-04,Chennai Forge,India,APAC,SMB,Australia,1,2,23.0,23.0,16,30,29.3,9.9
2026-06-01,SUP-036,Supplier 036,Brazil,LATAM,0.76,PLT-04,Chennai Forge,India,APAC,SMB,Singapore,1,1,16.0,16.0,16,16,16.0,
2026-06-01,SUP-036,Supplier 036,Brazil,LATAM,0.76,PLT-04,Chennai Forge,India,APAC,Enterprise,USA,1,1,21.0,21.0,21,21,21.0,
2026-06-01,SUP-036,Supplier 036,Brazil,LATAM,0.76,PLT-02,Detroit Works,USA,NA,Government,France,1,1,15.0,15.0,15,15,15.0,
2026-06-01,SUP-036,Supplier 036,Brazil,LATAM,0.76,PLT-05,Monterrey Plant,Mexico,LATAM,SMB,Japan,1,1,20.0,20.0,20,20,20.0,
2026-06-01,SUP-036,Supplier 036,Brazil,LATAM,0.76,PLT-00,Shanghai Hub,China,APAC,Government,USA,1,2,24.0,24.0,24,24,24.0,0.0
2026-06-01,SUP-036,Supplier 036,Brazil,LATAM,0.76,PLT-02,Detroit Works,USA,NA,SMB,France,1,1,17.0,17.0,17,17,17.0,
2026-06-01,SUP-036,Supplier 036,Brazil,LATAM,0.76,PLT-01,Munich Center,Germany,EMEA,Government,USA,1,1,14.0,14.0,14,14,14.0,
2026-06-01,SUP-037,Supplier 037,South Korea,APAC,0.7,PLT-04,Chennai Forge,India,APAC,SMB,Canada,1,1,31.0,31.0,31,31,31.0,
2026-06-01,SUP-037,Supplier 037,South Korea,APAC,0.7,PLT-06,Sao Paulo Ops,Brazil,LATAM,SMB,Australia,1,1,24.0,24.0,24,24,24.0,
2026-06-01,SUP-037,Supplier 037,South Korea,APAC,0.7,PLT-08,Taipei Micro,Taiwan,APAC,SMB,Singapore,1,1,29.0,29.0,29,29,29.0,
2026-06-01,SUP-037,Supplier 037,South Korea,APAC,0.7,PLT-04,Chennai Forge,India,APAC,SMB,Australia,1,1,33.0,33.0,33,33,33.0,
2026-06-01,SUP-037,Supplier 037,South Korea,APAC,0.7,PLT-02,Detroit Works,USA,NA,SMB,UK,1,2,23.0,23.0,22,24,23.9,1.4
2026-06-01,SUP-037,Supplier 037,South Korea,APAC,0.7,PLT-01,Munich Center,Germany,EMEA,SMB,France,1,1,26.0,26.0,26,26,26.0,
2026-06-01,SUP-037,Supplier 037,South Korea,APAC,0.7,PLT-03,Tokyo Precision,Japan,APAC,SMB,France,1,1,29.0,29.0,29,29,29.0,
2026-06-01,SUP-038,Supplier 038,Taiwan,APAC,0.95,PLT-06,Sao Paulo Ops,Brazil,LATAM,Enterprise,USA,1,1,24.0,24.0,24,24,24.0,
2026-06-01,SUP-038,Supplier 038,Taiwan,APAC,0.95,PLT-02,Detroit Works,USA,NA,Government,Australia,1,1,26.0,26.0,26,26,26.0,
2026-06-01,SUP-038,Supplier 038,Taiwan,APAC,0.95,PLT-05,Monterrey Plant,Mexico,LATAM,SMB,Singapore,1,1,29.0,29.0,29,29,29.0,
2026-06-01,SUP-038,Supplier 038,Taiwan,APAC,0.95,PLT-06,Sao Paulo Ops,Brazil,LATAM,SMB,Canada,1,1,26.0,26.0,26,26,26.0,
2026-06-01,SUP-039,Supplier 039,Vietnam,APAC,0.68,PLT-08,Taipei Micro,Taiwan,APAC,SMB,Germany,1,1,28.0,28.0,28,28,28.0,
2026-06-01,SUP-039,Supplier 039,Vietnam,APAC,0.68,PLT-02,Detroit Works,USA,NA,Enterprise,Australia,1,1,20.0,20.0,20,20,20.0,
2026-06-01,SUP-039,Supplier 039,Vietnam,APAC,0.68,PLT-08,Taipei Micro,Taiwan,APAC,Government,Singapore,1,2,24.5,24.5,21,28,27.7,4.9
2026-06-01,SUP-039,Supplier 039,Vietnam,APAC,0.68,PLT-06,Sao Paulo Ops,Brazil,LATAM,SMB,Singapore,1,1,22.0,22.0,22,22,22.0,
2026-06-01,SUP-039,Supplier 039,Vietnam,APAC,0.68,PLT-05,Monterrey Plant,Mexico,LATAM,Government,Germany,1,1,26.0,26.0,26,26,26.0,
2026-06-01,SUP-039,Supplier 039,Vietnam,APAC,0.68,PLT-01,Munich Center,Germany,EMEA,SMB,UK,1,1,16.0,16.0,16,16,16.0,
2026-06-01,SUP-039,Supplier 039,Vietnam,APAC,0.68,PLT-02,Detroit Works,USA,NA,SMB,France,1,2,21.0,21.0,20,22,21.9,1.4
2026-06-01,SUP-039,Supplier 039,Vietnam,APAC,0.68,PLT-04,Chennai Forge,India,APAC,Enterprise,Canada,1,1,20.0,20.0,20,20,20.0,
2026-06-01,SUP-039,Supplier 039,Vietnam,APAC,0.68,PLT-09,Hanoi Assembly,Vietnam,APAC,Enterprise,Japan,1,2,27.5,27.5,24,31,30.7,4.9
2026-06-01,SUP-040,Supplier 040,China,APAC,0.96,PLT-02,Detroit Works,USA,NA,Enterprise,France,1,1,17.0,17.0,17,17,17.0,
2026-06-01,SUP-040,Supplier 040,China,APAC,0.96,PLT-02,Detroit Works,USA,NA,Enterprise,Germany,2,2,15.5,15.5,15,16,16.0,0.7
2026-06-01,SUP-040,Supplier 040,China,APAC,0.96,PLT-08,Taipei Micro,Taiwan,APAC,SMB,Australia,1,2,26.0,26.0,23,29,28.7,4.2
2026-06-01,SUP-040,Supplier 040,China,APAC,0.96,PLT-02,Detroit Works,USA,NA,SMB,USA,1,1,19.0,19.0,19,19,19.0,
2026-06-01,SUP-040,Supplier 040,China,APAC,0.96,PLT-08,Taipei Micro,Taiwan,APAC,SMB,UK,1,1,25.0,25.0,25,25,25.0,
2026-06-01,SUP-041,Supplier 041,Germany,EMEA,0.64,PLT-09,Hanoi Assembly,Vietnam,APAC,SMB,Australia,1,1,29.0,29.0,29,29,29.0,
2026-06-01,SUP-041,Supplier 041,Germany,EMEA,0.64,PLT-02,Detroit Works,USA,NA,SMB,Germany,1,1,25.0,25.0,25,25,25.0,
2026-06-01,SUP-041,Supplier 041,Germany,EMEA,0.64,PLT-09,Hanoi Assembly,Vietnam,APAC,SMB,UK,1,1,29.0,29.0,29,29,29.0,
2026-06-01,SUP-041,Supplier 041,Germany,EMEA,0.64,PLT-01,Munich Center,Germany,EMEA,SMB,Germany,1,1,21.0,21.0,21,21,21.0,
2026-06-01,SUP-041,Supplier 041,Germany,EMEA,0.64,PLT-05,Monterrey Plant,Mexico,LATAM,SMB,Canada,1,1,26.0,26.0,26,26,26.0,
2026-06-01,SUP-042,Supplier 042,USA,NA,0.91,PLT-00,Shanghai Hub,China,APAC,Enterprise,Germany,1,1,15.0,15.0,15,15,15.0,
2026-06-01,SUP-042,Supplier 042,USA,NA,0.91,PLT-08,Taipei Micro,Taiwan,APAC,SMB,USA,1,1,18.0,18.0,18,18,18.0,
2026-06-01,SUP-042,Supplier 042,USA,NA,0.91,PLT-09,Hanoi Assembly,Vietnam,APAC,Government,Canada,1,1,14.0,14.0,14,14,14.0,
2026-06-01,SUP-042,Supplier 042,USA,NA,0.91,PLT-02,Detroit Works,USA,NA,Enterprise,Germany,1,1,12.0,12.0,12,12,12.0,
2026-06-01,SUP-042,Supplier 042,USA,NA,0.91,PLT-05,Monterrey Plant,Mexico,LATAM,SMB,Germany,1,1,16.0,16.0,16,16,16.0,
2026-06-01,SUP-042,Supplier 042,USA,NA,0.91,PLT-09,Hanoi Assembly,Vietnam,APAC,Government,Singapore,1,1,15.0,15.0,15,15,15.0,
2026-06-01,SUP-043,Supplier 043,Japan,APAC,0.98,PLT-07,Seoul Tech,South Korea,APAC,Government,Japan,1,1,25.0,25.0,25,25,25.0,
2026-06-01,SUP-043,Supplier 043,Japan,APAC,0.98,PLT-09,Hanoi Assembly,Vietnam,APAC,Enterprise,USA,1,1,31.0,31.0,31,31,31.0,
2026-06-01,SUP-043,Supplier 043,Japan,APAC,0.98,PLT-06,Sao Paulo Ops,Brazil,LATAM,SMB,USA,1,1,29.0,29.0,29,29,29.0,
2026-06-01,SUP-043,Supplier 043,Japan,APAC,0.98,PLT-08,Taipei Micro,Taiwan,APAC,SMB,Canada,1,1,31.0,31.0,31,31,31.0,
2026-06-01,SUP-043,Supplier 043,Japan,APAC,0.98,PLT-03,Tokyo Precision,Japan,APAC,SMB,Singapore,1,2,28.5,28.5,25,32,31.7,4.9
2026-06-01,SUP-043,Supplier 043,Japan,APAC,0.98,PLT-00,Shanghai Hub,China,APAC,Enterprise,USA,1,1,31.0,31.0,31,31,31.0,
2026-06-01,SUP-043,Supplier 043,Japan,APAC,0.98,PLT-04,Chennai Forge,India,APAC,Government,Canada,1,1,25.0,25.0,25,25,25.0,
2026-06-01,SUP-043,Supplier 043,Japan,APAC,0.98,PLT-00,Shanghai Hub,China,APAC,SMB,Australia,1,2,31.0,31.0,28,34,33.7,4.2
2026-06-01,SUP-043,Supplier 043,Japan,APAC,0.98,PLT-05,Monterrey Plant,Mexico,LATAM,Enterprise,USA,1,1,29.0,29.0,29,29,29.0,
2026-06-01,SUP-044,Supplier 044,India,APAC,0.55,PLT-09,Hanoi Assembly,Vietnam,APAC,SMB,Singapore,1,1,33.0,33.0,33,33,33.0,
2026-06-01,SUP-044,Supplier 044,India,APAC,0.55,PLT-08,Taipei Micro,Taiwan,APAC,Enterprise,Canada,1,1,34.0,34.0,34,34,34.0,
2026-06-01,SUP-044,Supplier 044,India,APAC,0.55,PLT-01,Munich Center,Germany,EMEA,Government,Germany,1,1,27.0,27.0,27,27,27.0,
2026-06-01,SUP-045,Supplier 045,Mexico,LATAM,0.92,PLT-07,Seoul Tech,South Korea,APAC,SMB,Japan,1,1,24.0,24.0,24,24,24.0,
2026-06-01,SUP-045,Supplier 045,Mexico,LATAM,0.92,PLT-00,Shanghai Hub,China,APAC,SMB,France,2,2,21.0,21.0,19,23,22.8,2.8
2026-06-01,SUP-045,Supplier 045,Mexico,LATAM,0.92,PLT-03,Tokyo Precision,Japan,APAC,Government,Japan,1,1,22.0,22.0,22,22,22.0,
2026-06-01,SUP-045,Supplier 045,Mexico,LATAM,0.92,PLT-02,Detroit Works,USA,NA,SMB,Japan,1,2,19.0,19.0,15,23,22.6,5.7
2026-06-01,SUP-045,Supplier 045,Mexico,LATAM,0.92,PLT-02,Detroit Works,USA,NA,Enterprise,Japan,1,1,18.0,18.0,18,18,18.0,
2026-06-01,SUP-045,Supplier 045,Mexico,LATAM,0.92,PLT-06,Sao Paulo Ops,Brazil,LATAM,Enterprise,UK,1,1,17.0,17.0,17,17,17.0,
2026-06-01,SUP-045,Supplier 045,Mexico,LATAM,0.92,PLT-08,Taipei Micro,Taiwan,APAC,Government,Canada,1,1,19.0,19.0,19,19,19.0,
2026-06-01,SUP-045,Supplier 045,Mexico,LATAM,0.92,PLT-08,Taipei Micro,Taiwan,APAC,Government,France,1,1,18.0,18.0,18,18,18.0,
2026-06-01,SUP-046,Supplier 046,Brazil,LATAM,0.96,PLT-00,Shanghai Hub,China,APAC,Enterprise,France,1,2,28.0,28.0,27,29,28.9,1.4
2026-06-01,SUP-046,Supplier 046,Brazil,LATAM,0.96,PLT-02,Detroit Works,USA,NA,Enterprise,USA,1,1,24.0,24.0,24,24,24.0,
2026-06-01,SUP-046,Supplier 046,Brazil,LATAM,0.96,PLT-02,Detroit Works,USA,NA,SMB,Japan,1,1,24.0,24.0,24,24,24.0,
2026-06-01,SUP-046,Supplier 046,Brazil,LATAM,0.96,PLT-00,Shanghai Hub,China,APAC,SMB,Singapore,1,2,29.5,29.5,26,33,32.7,4.9
2026-06-01,SUP-046,Supplier 046,Brazil,LATAM,0.96,PLT-02,Detroit Works,USA,NA,Enterprise,Germany,1,2,24.5,24.5,21,28,27.7,4.9
2026-06-01,SUP-047,Supplier 047,South Korea,APAC,0.59,PLT-07,Seoul Tech,South Korea,APAC,Government,France,1,1,35.0,35.0,35,35,35.0,
2026-06-01,SUP-047,Supplier 047,South Korea,APAC,0.59,PLT-06,Sao Paulo Ops,Brazil,LATAM,Enterprise,Canada,1,1,30.0,30.0,30,30,30.0,
2026-06-01,SUP-048,Supplier 048,Taiwan,APAC,0.54,PLT-06,Sao Paulo Ops,Brazil,LATAM,Government,Singapore,1,1,26.0,26.0,26,26,26.0,
2026-06-01,SUP-048,Supplier 048,Taiwan,APAC,0.54,PLT-05,Monterrey Plant,Mexico,LATAM,SMB,France,1,1,31.0,31.0,31,31,31.0,
2026-06-01,SUP-048,Supplier 048,Taiwan,APAC,0.54,PLT-01,Munich Center,Germany,EMEA,SMB,Singapore,1,1,32.0,32.0,32,32,32.0,
2026-06-01,SUP-048,Supplier 048,Taiwan,APAC,0.54,PLT-00,Shanghai Hub,China,APAC,Government,USA,1,1,34.0,34.0,34,34,34.0,
2026-06-01,SUP-048,Supplier 048,Taiwan,APAC,0.54,PLT-01,Munich Center,Germany,EMEA,Enterprise,Canada,1,1,35.0,35.0,35,35,35.0,
2026-06-01,SUP-048,Supplier 048,Taiwan,APAC,0.54,PLT-06,Sao Paulo Ops,Brazil,LATAM,Enterprise,USA,1,1,30.0,30.0,30,30,30.0,
2026-06-01,SUP-049,Supplier 049,Vietnam,APAC,0.75,PLT-03,Tokyo Precision,Japan,APAC,SMB,France,1,2,36.0,36.0,34,38,37.8,2.8
2026-06-01,SUP-049,Supplier 049,Vietnam,APAC,0.75,PLT-06,Sao Paulo Ops,Brazil,LATAM,SMB,Germany,1,2,39.5,39.5,36,43,42.7,4.9
2026-06-01,SUP-049,Supplier 049,Vietnam,APAC,0.75,PLT-08,Taipei Micro,Taiwan,APAC,SMB,Germany,1,1,37.0,37.0,37,37,37.0,
2026-07-01,SUP-000,Supplier 000,China,APAC,0.85,PLT-04,Chennai Forge,India,APAC,SMB,Australia,1,1,19.0,19.0,19,19,19.0,
2026-07-01,SUP-000,Supplier 000,China,APAC,0.85,PLT-05,Monterrey Plant,Mexico,LATAM,Government,Germany,1,1,19.0,19.0,19,19,19.0,
2026-07-01,SUP-000,Supplier 000,China,APAC,0.85,PLT-06,Sao Paulo Ops,Brazil,LATAM,SMB,Canada,1,1,19.0,19.0,19,19,19.0,
2026-07-01,SUP-000,Supplier 000,China,APAC,0.85,PLT-09,Hanoi Assembly,Vietnam,APAC,SMB,Australia,1,2,22.5,22.5,20,25,24.8,3.5
2026-07-01,SUP-000,Supplier 000,China,APAC,0.85,PLT-04,Chennai Forge,India,APAC,Government,USA,1,1,26.0,26.0,26,26,26.0,
2026-07-01,SUP-000,Supplier 000,China,APAC,0.85,PLT-06,Sao Paulo Ops,Brazil,LATAM,Enterprise,Japan,1,1,24.0,24.0,24,24,24.0,
2026-07-01,SUP-000,Supplier 000,China,APAC,0.85,PLT-00,Shanghai Hub,China,APAC,SMB,Germany,1,1,26.0,26.0,26,26,26.0,
2026-07-01,SUP-000,Supplier 000,China,APAC,0.85,PLT-09,Hanoi Assembly,Vietnam,APAC,SMB,UK,1,1,23.0,23.0,23,23,23.0,
2026-07-01,SUP-000,Supplier 000,China,APAC,0.85,PLT-01,Munich Center,Germany,EMEA,Government,Germany,1,2,24.0,24.0,23,25,24.9,1.4
2026-07-01,SUP-000,Supplier 000,China,APAC,0.85,PLT-02,Detroit Works,USA,NA,SMB,France,1,1,16.0,16.0,16,16,16.0,
2026-07-01,SUP-000,Supplier 000,China,APAC,0.85,PLT-09,Hanoi Assembly,Vietnam,APAC,Government,Singapore,1,2,25.0,25.0,23,27,26.8,2.8
2026-07-01,SUP-001,Supplier 001,Germany,EMEA,0.7,PLT-03,Tokyo Precision,Japan,APAC,SMB,France,1,2,21.5,21.5,20,23,22.9,2.1
2026-07-01,SUP-001,Supplier 001,Germany,EMEA,0.7,PLT-05,Monterrey Plant,Mexico,LATAM,SMB,Singapore,1,1,17.0,17.0,17,17,17.0,
2026-07-01,SUP-001,Supplier 001,Germany,EMEA,0.7,PLT-04,Chennai Forge,India,APAC,Government,Canada,1,1,18.0,18.0,18,18,18.0,
2026-07-01,SUP-001,Supplier 001,Germany,EMEA,0.7,PLT-01,Munich Center,Germany,EMEA,Government,UK,1,1,17.0,17.0,17,17,17.0,
2026-07-01,SUP-001,Supplier 001,Germany,EMEA,0.7,PLT-00,Shanghai Hub,China,APAC,Government,USA,1,2,23.5,23.5,21,26,25.8,3.5
2026-07-01,SUP-001,Supplier 001,Germany,EMEA,0.7,PLT-03,Tokyo Precision,Japan,APAC,Government,France,1,2,20.0,20.0,16,24,23.6,5.7
2026-07-01,SUP-002,Supplier 002,USA,NA,0.74,PLT-04,Chennai Forge,India,APAC,Enterprise,Japan,1,2,24.0,24.0,19,29,28.5,7.1
2026-07-01,SUP-002,Supplier 002,USA,NA,0.74,PLT-00,Shanghai Hub,China,APAC,Government,Germany,1,1,23.0,23.0,23,23,23.0,
2026-07-01,SUP-002,Supplier 002,USA,NA,0.74,PLT-06,Sao Paulo Ops,Brazil,LATAM,Enterprise,USA,1,1,21.0,21.0,21,21,21.0,
2026-07-01,SUP-002,Supplier 002,USA,NA,0.74,PLT-05,Monterrey Plant,Mexico,LATAM,SMB,France,1,1,19.0,19.0,19,19,19.0,
2026-07-01,SUP-002,Supplier 002,USA,NA,0.74,PLT-03,Tokyo Precision,Japan,APAC,SMB,Germany,1,2,23.0,23.0,20,26,25.7,4.2
2026-07-01,SUP-002,Supplier 002,USA,NA,0.74,PLT-08,Taipei Micro,Taiwan,APAC,Enterprise,Japan,1,2,24.0,24.0,21,27,26.7,4.2
2026-07-01,SUP-002,Supplier 002,USA,NA,0.74,PLT-05,Monterrey Plant,Mexico,LATAM,Government,France,1,1,23.0,23.0,23,23,23.0,
2026-07-01,SUP-002,Supplier 002,USA,NA,0.74,PLT-04,Chennai Forge,India,APAC,SMB,Australia,1,1,24.0,24.0,24,24,24.0,
2026-07-01,SUP-003,Supplier 003,Japan,APAC,0.64,PLT-03,Tokyo Precision,Japan,APAC,SMB,Japan,1,2,29.5,29.5,26,33,32.7,4.9
2026-07-01,SUP-003,Supplier 003,Japan,APAC,0.64,PLT-06,Sao Paulo Ops,Brazil,LATAM,SMB,Singapore,1,2,31.0,31.0,29,33,32.8,2.8
2026-07-01,SUP-003,Supplier 003,Japan,APAC,0.64,PLT-07,Seoul Tech,South Korea,APAC,SMB,Japan,1,1,30.0,30.0,30,30,30.0,
2026-07-01,SUP-003,Supplier 003,Japan,APAC,0.64,PLT-07,Seoul Tech,South Korea,APAC,SMB,Germany,1,1,29.0,29.0,29,29,29.0,
2026-07-01,SUP-003,Supplier 003,Japan,APAC,0.64,PLT-07,Seoul Tech,South Korea,APAC,Enterprise,Australia,1,1,24.0,24.0,24,24,24.0,
2026-07-01,SUP-003,Supplier 003,Japan,APAC,0.64,PLT-00,Shanghai Hub,China,APAC,Enterprise,USA,1,1,23.0,23.0,23,23,23.0,
2026-07-01,SUP-003,Supplier 003,Japan,APAC,0.64,PLT-06,Sao Paulo Ops,Brazil,LATAM,SMB,France,1,2,30.5,30.5,27,34,33.7,4.9
2026-07-01,SUP-003,Supplier 003,Japan,APAC,0.64,PLT-09,Hanoi Assembly,Vietnam,APAC,Enterprise,Singapore,1,1,24.0,24.0,24,24,24.0,
2026-07-01,SUP-004,Supplier 004,India,APAC,0.69,PLT-01,Munich Center,Germany,EMEA,Enterprise,UK,1,1,28.0,28.0,28,28,28.0,
2026-07-01,SUP-004,Supplier 004,India,APAC,0.69,PLT-07,Seoul Tech,South Korea,APAC,SMB,France,1,1,36.0,36.0,36,36,36.0,
2026-07-01,SUP-004,Supplier 004,India,APAC,0.69,PLT-05,Monterrey Plant,Mexico,LATAM,Enterprise,Germany,1,2,32.5,32.5,28,37,36.6,6.4
2026-07-01,SUP-004,Supplier 004,India,APAC,0.69,PLT-08,Taipei Micro,Taiwan,APAC,Enterprise,Australia,1,2,36.0,36.0,35,37,36.9,1.4
2026-07-01,SUP-004,Supplier 004,India,APAC,0.69,PLT-09,Hanoi Assembly,Vietnam,APAC,Enterprise,France,1,1,35.0,35.0,35,35,35.0,
2026-07-01,SUP-004,Supplier 004,India,APAC,0.69,PLT-05,Monterrey Plant,Mexico,LATAM,SMB,Australia,1,1,27.0,27.0,27,27,27.0,
2026-07-01,SUP-004,Supplier 004,India,APAC,0.69,PLT-05,Monterrey Plant,Mexico,LATAM,Government,Germany,1,1,33.0,33.0,33,33,33.0,
2026-07-01,SUP-004,Supplier 004,India,APAC,0.69,PLT-08,Taipei Micro,Taiwan,APAC,Enterprise,UK,1,1,30.0,30.0,30,30,30.0,
2026-07-01,SUP-005,Supplier 005,Mexico,LATAM,0.77,PLT-03,Tokyo Precision,Japan,APAC,SMB,Australia,1,1,24.0,24.0,24,24,24.0,
2026-07-01,SUP-005,Supplier 005,Mexico,LATAM,0.77,PLT-04,Chennai Forge,India,APAC,SMB,UK,1,1,19.0,19.0,19,19,19.0,
2026-07-01,SUP-005,Supplier 005,Mexico,LATAM,0.77,PLT-06,Sao Paulo Ops,Brazil,LATAM,SMB,France,1,2,24.0,24.0,21,27,26.7,4.2
2026-07-01,SUP-005,Supplier 005,Mexico,LATAM,0.77,PLT-05,Monterrey Plant,Mexico,LATAM,Enterprise,Germany,1,2,27.0,27.0,24,30,29.7,4.2
2026-07-01,SUP-005,Supplier 005,Mexico,LATAM,0.77,PLT-08,Taipei Micro,Taiwan,APAC,Government,Singapore,1,1,26.0,26.0,26,26,26.0,
2026-07-01,SUP-005,Supplier 005,Mexico,LATAM,0.77,PLT-07,Seoul Tech,South Korea,APAC,Enterprise,Japan,1,1,28.0,28.0,28,28,28.0,
2026-07-01,SUP-005,Supplier 005,Mexico,LATAM,0.77,PLT-01,Munich Center,Germany,EMEA,SMB,Singapore,1,1,21.0,21.0,21,21,21.0,
2026-07-01,SUP-005,Supplier 005,Mexico,LATAM,0.77,PLT-05,Monterrey Plant,Mexico,LATAM,SMB,Germany,1,1,21.0,21.0,21,21,21.0,
2026-07-01,SUP-006,Supplier 006,Brazil,LATAM,0.61,PLT-08,Taipei Micro,Taiwan,APAC,Government,Germany,1,2,31.0,31.0,27,35,34.6,5.7
2026-07-01,SUP-006,Supplier 006,Brazil,LATAM,0.61,PLT-08,Taipei Micro,Taiwan,APAC,Enterprise,Germany,1,2,31.5,31.5,31,32,32.0,0.7
2026-07-01,SUP-006,Supplier 006,Brazil,LATAM,0.61,PLT-00,Shanghai Hub,China,APAC,SMB,France,1,1,30.0,30.0,30,30,30.0,
2026-07-01,SUP-006,Supplier 006,Brazil,LATAM,0.61,PLT-00,Shanghai Hub,China,APAC,Enterprise,Japan,1,2,31.5,31.5,30,33,32.9,2.1
2026-07-01,SUP-006,Supplier 006,Brazil,LATAM,0.61,PLT-07,Seoul Tech,South Korea,APAC,Government,Japan,1,1,32.0,32.0,32,32,32.0,
2026-07-01,SUP-006,Supplier 006,Brazil,LATAM,0.61,PLT-02,Detroit Works,USA,NA,SMB,Singapore,1,1,22.0,22.0,22,22,22.0,
2026-07-01,SUP-007,Supplier 007,South Korea,APAC,0.84,PLT-04,Chennai Forge,India,APAC,Enterprise,Singapore,1,2,32.0,32.0,27,37,36.5,7.1
2026-07-01,SUP-007,Supplier 007,South Korea,APAC,0.84,PLT-06,Sao Paulo Ops,Brazil,LATAM,Enterprise,UK,1,1,30.0,30.0,30,30,30.0,
2026-07-01,SUP-007,Supplier 007,South Korea,APAC,0.84,PLT-09,Hanoi Assembly,Vietnam,APAC,Government,USA,1,1,32.0,32.0,32,32,32.0,
2026-07-01,SUP-007,Supplier 007,South Korea,APAC,0.84,PLT-04,Chennai Forge,India,APAC,SMB,Germany,1,1,33.0,33.0,33,33,33.0,
2026-07-01,SUP-007,Supplier 007,South Korea,APAC,0.84,PLT-05,Monterrey Plant,Mexico,LATAM,Government,USA,1,2,27.5,27.5,27,28,28.0,0.7
2026-07-01,SUP-007,Supplier 007,South Korea,APAC,0.84,PLT-09,Hanoi Assembly,Vietnam,APAC,Enterprise,Canada,1,1,31.0,31.0,31,31,31.0,
2026-07-01,SUP-008,Supplier 008,Taiwan,APAC,0.73,PLT-08,Taipei Micro,Taiwan,APAC,Government,Australia,1,1,27.0,27.0,27,27,27.0,
2026-07-01,SUP-008,Supplier 008,Taiwan,APAC,0.73,PLT-08,Taipei Micro,Taiwan,APAC,Enterprise,France,1,1,30.0,30.0,30,30,30.0,
2026-07-01,SUP-008,Supplier 008,Taiwan,APAC,0.73,PLT-05,Monterrey Plant,Mexico,LATAM,Enterprise,Canada,1,1,27.0,27.0,27,27,27.0,
2026-07-01,SUP-008,Supplier 008,Taiwan,APAC,0.73,PLT-09,Hanoi Assembly,Vietnam,APAC,SMB,Canada,1,1,30.0,30.0,30,30,30.0,
2026-07-01,SUP-008,Supplier 008,Taiwan,APAC,0.73,PLT-07,Seoul Tech,South Korea,APAC,SMB,UK,1,1,30.0,30.0,30,30,30.0,
2026-07-01,SUP-008,Supplier 008,Taiwan,APAC,0.73,PLT-02,Detroit Works,USA,NA,Enterprise,France,1,2,27.0,27.0,26,28,27.9,1.4
2026-07-01,SUP-009,Supplier 009,Vietnam,APAC,1.0,PLT-00,Shanghai Hub,China,APAC,SMB,Singapore,1,2,31.5,31.5,30,33,32.9,2.1
2026-07-01,SUP-009,Supplier 009,Vietnam,APAC,1.0,PLT-00,Shanghai Hub,China,APAC,Enterprise,Germany,1,1,31.0,31.0,31,31,31.0,
2026-07-01,SUP-009,Supplier 009,Vietnam,APAC,1.0,PLT-04,Chennai Forge,India,APAC,SMB,UK,1,1,32.0,32.0,32,32,32.0,
2026-07-01,SUP-009,Supplier 009,Vietnam,APAC,1.0,PLT-04,Chennai Forge,India,APAC,SMB,Australia,1,2,33.0,33.0,30,36,35.7,4.2
2026-07-01,SUP-009,Supplier 009,Vietnam,APAC,1.0,PLT-09,Hanoi Assembly,Vietnam,APAC,Enterprise,UK,1,2,30.0,30.0,27,33,32.7,4.2
2026-07-01,SUP-009,Supplier 009,Vietnam,APAC,1.0,PLT-09,Hanoi Assembly,Vietnam,APAC,SMB,France,1,2,29.0,29.0,26,32,31.7,4.2
2026-07-01,SUP-009,Supplier 009,Vietnam,APAC,1.0,PLT-06,Sao Paulo Ops,Brazil,LATAM,Enterprise,France,1,2,32.5,32.5,27,38,37.5,7.8
2026-07-01,SUP-009,Supplier 009,Vietnam,APAC,1.0,PLT-07,Seoul Tech,South Korea,APAC,Enterprise,Canada,1,1,30.0,30.0,30,30,30.0,
2026-07-01,SUP-010,Supplier 010,China,APAC,0.76,PLT-07,Seoul Tech,South Korea,APAC,Enterprise,USA,1,1,25.0,25.0,25,25,25.0,
2026-07-01,SUP-010,Supplier 010,China,APAC,0.76,PLT-04,Chennai Forge,India,APAC,SMB,France,1,2,25.5,25.5,22,29,28.7,4.9
2026-07-01,SUP-010,Supplier 010,China,APAC,0.76,PLT-04,Chennai Forge,India,APAC,Enterprise,Australia,1,2,25.0,25.0,23,27,26.8,2.8
2026-07-01,SUP-010,Supplier 010,China,APAC,0.76,PLT-01,Munich Center,Germany,EMEA,Enterprise,Japan,1,1,23.0,23.0,23,23,23.0,
2026-07-01,SUP-010,Supplier 010,China,APAC,0.76,PLT-07,Seoul Tech,South Korea,APAC,SMB,USA,1,1,24.0,24.0,24,24,24.0,
2026-07-01,SUP-010,Supplier 010,China,APAC,0.76,PLT-06,Sao Paulo Ops,Brazil,LATAM,Government,Australia,1,1,23.0,23.0,23,23,23.0,
2026-07-01,SUP-010,Supplier 010,China,APAC,0.76,PLT-06,Sao Paulo Ops,Brazil,LATAM,Enterprise,Canada,1,1,21.0,21.0,21,21,21.0,
2026-07-01,SUP-010,Supplier 010,China,APAC,0.76,PLT-02,Detroit Works,USA,NA,SMB,France,1,1,17.0,17.0,17,17,17.0,
2026-07-01,SUP-010,Supplier 010,China,APAC,0.76,PLT-08,Taipei Micro,Taiwan,APAC,SMB,France,1,2,24.0,24.0,19,29,28.5,7.1
2026-07-01,SUP-011,Supplier 011,Germany,EMEA,0.53,PLT-09,Hanoi Assembly,Vietnam,APAC,SMB,Singapore,1,1,27.0,27.0,27,27,27.0,
2026-07-01,SUP-011,Supplier 011,Germany,EMEA,0.53,PLT-03,Tokyo Precision,Japan,APAC,SMB,USA,1,1,32.0,32.0,32,32,32.0,
2026-07-01,SUP-011,Supplier 011,Germany,EMEA,0.53,PLT-03,Tokyo Precision,Japan,APAC,SMB,Japan,1,1,31.0,31.0,31,31,31.0,
2026-07-01,SUP-011,Supplier 011,Germany,EMEA,0.53,PLT-01,Munich Center,Germany,EMEA,Government,Canada,1,1,30.0,30.0,30,30,30.0,
2026-07-01,SUP-012,Supplier 012,USA,NA,0.66,PLT-00,Shanghai Hub,China,APAC,Enterprise,Japan,1,1,14.0,14.0,14,14,14.0,
2026-07-01,SUP-012,Supplier 012,USA,NA,0.66,PLT-03,Tokyo Precision,Japan,APAC,SMB,France,1,1,19.0,19.0,19,19,19.0,
2026-07-01,SUP-012,Supplier 012,USA,NA,0.66,PLT-07,Seoul Tech,South Korea,APAC,Government,Australia,1,1,23.0,23.0,23,23,23.0,
2026-07-01,SUP-012,Supplier 012,USA,NA,0.66,PLT-00,Shanghai Hub,China,APAC,SMB,France,2,3,18.0,18.0,14,22,21.6,4.0
2026-07-01,SUP-012,Supplier 012,USA,NA,0.66,PLT-04,Chennai Forge,India,APAC,SMB,UK,1,1,16.0,16.0,16,16,16.0,
2026-07-01,SUP-012,Supplier 012,USA,NA,0.66,PLT-05,Monterrey Plant,Mexico,LATAM,Enterprise,Australia,1,2,17.5,17.5,14,21,20.7,4.9
2026-07-01,SUP-013,Supplier 013,Japan,APAC,0.89,PLT-09,Hanoi Assembly,Vietnam,APAC,Government,USA,1,2,37.5,37.5,32,43,42.5,7.8
2026-07-01,SUP-013,Supplier 013,Japan,APAC,0.89,PLT-03,Tokyo Precision,Japan,APAC,SMB,Singapore,1,1,38.0,38.0,38,38,38.0,
2026-07-01,SUP-013,Supplier 013,Japan,APAC,0.89,PLT-03,Tokyo Precision,Japan,APAC,Government,USA,1,1,35.0,35.0,35,35,35.0,
2026-07-01,SUP-013,Supplier 013,Japan,APAC,0.89,PLT-03,Tokyo Precision,Japan,APAC,Government,Singapore,1,2,36.5,36.5,36,37,37.0,0.7
2026-07-01,SUP-013,Supplier 013,Japan,APAC,0.89,PLT-02,Detroit Works,USA,NA,Enterprise,France,1,1,29.0,29.0,29,29,29.0,
2026-07-01,SUP-013,Supplier 013,Japan,APAC,0.89,PLT-06,Sao Paulo Ops,Brazil,LATAM,SMB,Australia,1,2,34.5,34.5,33,36,35.9,2.1
2026-07-01,SUP-013,Supplier 013,Japan,APAC,0.89,PLT-06,Sao Paulo Ops,Brazil,LATAM,Enterprise,Japan,1,1,36.0,36.0,36,36,36.0,
2026-07-01,SUP-014,Supplier 014,India,APAC,0.95,PLT-08,Taipei Micro,Taiwan,APAC,SMB,Australia,1,2,29.5,29.5,28,31,30.9,2.1
2026-07-01,SUP-014,Supplier 014,India,APAC,0.95,PLT-09,Hanoi Assembly,Vietnam,APAC,SMB,Singapore,1,1,32.0,32.0,32,32,32.0,
2026-07-01,SUP-014,Supplier 014,India,APAC,0.95,PLT-03,Tokyo Precision,Japan,APAC,Government,Canada,1,1,33.0,33.0,33,33,33.0,
2026-07-01,SUP-015,Supplier 015,Mexico,LATAM,0.75,PLT-00,Shanghai Hub,China,APAC,Enterprise,Japan,1,1,24.0,24.0,24,24,24.0,
2026-07-01,SUP-015,Supplier 015,Mexico,LATAM,0.75,PLT-03,Tokyo Precision,Japan,APAC,Government,USA,1,1,31.0,31.0,31,31,31.0,
2026-07-01,SUP-015,Supplier 015,Mexico,LATAM,0.75,PLT-07,Seoul Tech,South Korea,APAC,Enterprise,France,1,1,27.0,27.0,27,27,27.0,
2026-07-01,SUP-015,Supplier 015,Mexico,LATAM,0.75,PLT-05,Monterrey Plant,Mexico,LATAM,Government,Germany,1,1,23.0,23.0,23,23,23.0,
2026-07-01,SUP-015,Supplier 015,Mexico,LATAM,0.75,PLT-00,Shanghai Hub,China,APAC,SMB,Singapore,1,1,29.0,29.0,29,29,29.0,
2026-07-01,SUP-015,Supplier 015,Mexico,LATAM,0.75,PLT-08,Taipei Micro,Taiwan,APAC,Government,USA,1,1,25.0,25.0,25,25,25.0,
2026-07-01,SUP-015,Supplier 015,Mexico,LATAM,0.75,PLT-09,Hanoi Assembly,Vietnam,APAC,Enterprise,Japan,1,1,25.0,25.0,25,25,25.0,
2026-07-01,SUP-016,Supplier 016,Brazil,LATAM,0.66,PLT-07,Seoul Tech,South Korea,APAC,SMB,Singapore,1,2,28.0,28.0,26,30,29.8,2.8
2026-07-01,SUP-017,Supplier 017,South Korea,APAC,0.89,PLT-09,Hanoi Assembly,Vietnam,APAC,Enterprise,Canada,1,1,30.0,30.0,30,30,30.0,
2026-07-01,SUP-017,Supplier 017,South Korea,APAC,0.89,PLT-07,Seoul Tech,South Korea,APAC,SMB,France,1,1,29.0,29.0,29,29,29.0,
2026-07-01,SUP-017,Supplier 017,South Korea,APAC,0.89,PLT-00,Shanghai Hub,China,APAC,Enterprise,France,1,2,30.0,30.0,29,31,30.9,1.4
2026-07-01,SUP-017,Supplier 017,South Korea,APAC,0.89,PLT-05,Monterrey Plant,Mexico,LATAM,Government,France,1,1,29.0,29.0,29,29,29.0,
2026-07-01,SUP-017,Supplier 017,South Korea,APAC,0.89,PLT-07,Seoul Tech,South Korea,APAC,SMB,Singapore,1,2,33.0,33.0,30,36,35.7,4.2
2026-07-01,SUP-017,Supplier 017,South Korea,APAC,0.89,PLT-05,Monterrey Plant,Mexico,LATAM,Enterprise,Germany,1,1,27.0,27.0,27,27,27.0,
2026-07-01,SUP-017,Supplier 017,South Korea,APAC,0.89,PLT-08,Taipei Micro,Taiwan,APAC,SMB,UK,1,2,29.5,29.5,28,31,30.9,2.1
2026-07-01,SUP-017,Supplier 017,South Korea,APAC,0.89,PLT-05,Monterrey Plant,Mexico,LATAM,Government,Australia,1,1,26.0,26.0,26,26,26.0,
2026-07-01,SUP-018,Supplier 018,Taiwan,APAC,0.75,PLT-06,Sao Paulo Ops,Brazil,LATAM,SMB,Germany,1,2,35.0,35.0,33,37,36.8,2.8
2026-07-01,SUP-018,Supplier 018,Taiwan,APAC,0.75,PLT-06,Sao Paulo Ops,Brazil,LATAM,SMB,Singapore,1,1,35.0,35.0,35,35,35.0,
2026-07-01,SUP-018,Supplier 018,Taiwan,APAC,0.75,PLT-09,Hanoi Assembly,Vietnam,APAC,Enterprise,Japan,1,2,35.0,35.0,34,36,35.9,1.4
2026-07-01,SUP-019,Supplier 019,Vietnam,APAC,0.57,PLT-06,Sao Paulo Ops,Brazil,LATAM,SMB,Canada,1,1,31.0,31.0,31,31,31.0,
2026-07-01,SUP-019,Supplier 019,Vietnam,APAC,0.57,PLT-07,Seoul Tech,South Korea,APAC,Enterprise,USA,1,2,36.5,36.5,35,38,37.9,2.1
2026-07-01,SUP-019,Supplier 019,Vietnam,APAC,0.57,PLT-03,Tokyo Precision,Japan,APAC,Government,USA,1,1,32.0,32.0,32,32,32.0,
2026-07-01,SUP-019,Supplier 019,Vietnam,APAC,0.57,PLT-03,Tokyo Precision,Japan,APAC,SMB,Germany,1,1,37.0,37.0,37,37,37.0,
2026-07-01,SUP-019,Supplier 019,Vietnam,APAC,0.57,PLT-00,Shanghai Hub,China,APAC,SMB,UK,1,2,38.5,38.5,34,43,42.6,6.4
2026-07-01,SUP-020,Supplier 020,China,APAC,0.6,PLT-01,Munich Center,Germany,EMEA,Government,USA,1,2,30.0,30.0,27,33,32.7,4.2
2026-07-01,SUP-020,Supplier 020,China,APAC,0.6,PLT-00,Shanghai Hub,China,APAC,Government,Canada,1,2,32.0,32.0,27,37,36.5,7.1
2026-07-01,SUP-020,Supplier 020,China,APAC,0.6,PLT-09,Hanoi Assembly,Vietnam,APAC,SMB,UK,1,1,26.0,26.0,26,26,26.0,
2026-07-01,SUP-021,Supplier 021,Germany,EMEA,0.75,PLT-07,Seoul Tech,South Korea,APAC,SMB,Singapore,1,1,21.0,21.0,21,21,21.0,
2026-07-01,SUP-021,Supplier 021,Germany,EMEA,0.75,PLT-04,Chennai Forge,India,APAC,SMB,Singapore,1,1,26.0,26.0,26,26,26.0,
2026-07-01,SUP-021,Supplier 021,Germany,EMEA,0.75,PLT-06,Sao Paulo Ops,Brazil,LATAM,Enterprise,USA,1,1,24.0,24.0,24,24,24.0,
2026-07-01,SUP-022,Supplier 022,USA,NA,0.8,PLT-00,Shanghai Hub,China,APAC,SMB,Australia,1,1,19.0,19.0,19,19,19.0,
2026-07-01,SUP-022,Supplier 022,USA,NA,0.8,PLT-00,Shanghai Hub,China,APAC,Enterprise,Canada,1,1,14.0,14.0,14,14,14.0,
2026-07-01,SUP-022,Supplier 022,USA,NA,0.8,PLT-08,Taipei Micro,Taiwan,APAC,Enterprise,Germany,1,2,20.0,20.0,17,23,22.7,4.2
2026-07-01,SUP-022,Supplier 022,USA,NA,0.8,PLT-01,Munich Center,Germany,EMEA,Government,Germany,2,3,16.3,15.0,14,20,19.5,3.2
2026-07-01,SUP-023,Supplier 023,Japan,APAC,0.98,PLT-09,Hanoi Assembly,Vietnam,APAC,Government,Australia,1,1,33.0,33.0,33,33,33.0,
2026-07-01,SUP-023,Supplier 023,Japan,APAC,0.98,PLT-00,Shanghai Hub,China,APAC,Enterprise,Germany,1,2,35.0,35.0,34,36,35.9,1.4
2026-07-01,SUP-023,Supplier 023,Japan,APAC,0.98,PLT-00,Shanghai Hub,China,APAC,SMB,UK,1,1,37.0,37.0,37,37,37.0,
2026-07-01,SUP-023,Supplier 023,Japan,APAC,0.98,PLT-05,Monterrey Plant,Mexico,LATAM,Government,USA,1,1,34.0,34.0,34,34,34.0,
2026-07-01,SUP-024,Supplier 024,India,APAC,0.89,PLT-05,Monterrey Plant,Mexico,LATAM,SMB,Canada,1,1,32.0,32.0,32,32,32.0,
2026-07-01,SUP-024,Supplier 024,India,APAC,0.89,PLT-06,Sao Paulo Ops,Brazil,LATAM,Government,Singapore,1,1,29.0,29.0,29,29,29.0,
2026-07-01,SUP-024,Supplier 024,India,APAC,0.89,PLT-00,Shanghai Hub,China,APAC,Government,USA,1,1,31.0,31.0,31,31,31.0,
2026-07-01,SUP-024,Supplier 024,India,APAC,0.89,PLT-09,Hanoi Assembly,Vietnam,APAC,SMB,Australia,1,2,32.5,32.5,31,34,33.9,2.1
2026-07-01,SUP-024,Supplier 024,India,APAC,0.89,PLT-08,Taipei Micro,Taiwan,APAC,Government,Japan,1,1,26.0,26.0,26,26,26.0,
2026-07-01,SUP-024,Supplier 024,India,APAC,0.89,PLT-03,Tokyo Precision,Japan,APAC,Government,France,1,2,31.0,31.0,29,33,32.8,2.8
2026-07-01,SUP-024,Supplier 024,India,APAC,0.89,PLT-05,Monterrey Plant,Mexico,LATAM,SMB,Japan,1,1,29.0,29.0,29,29,29.0,
2026-07-01,SUP-024,Supplier 024,India,APAC,0.89,PLT-07,Seoul Tech,South Korea,APAC,Enterprise,Canada,1,1,32.0,32.0,32,32,32.0,
2026-07-01,SUP-025,Supplier 025,Mexico,LATAM,0.71,PLT-03,Tokyo Precision,Japan,APAC,Government,Japan,1,1,25.0,25.0,25,25,25.0,
2026-07-01,SUP-025,Supplier 025,Mexico,LATAM,0.71,PLT-05,Monterrey Plant,Mexico,LATAM,Enterprise,Germany,1,1,25.0,25.0,25,25,25.0,
2026-07-01,SUP-025,Supplier 025,Mexico,LATAM,0.71,PLT-04,Chennai Forge,India,APAC,Government,Germany,1,1,26.0,26.0,26,26,26.0,
2026-07-01,SUP-025,Supplier 025,Mexico,LATAM,0.71,PLT-05,Monterrey Plant,Mexico,LATAM,SMB,UK,1,2,31.5,31.5,29,34,33.8,3.5
2026-07-01,SUP-026,Supplier 026,Brazil,LATAM,0.73,PLT-01,Munich Center,Germany,EMEA,SMB,France,1,1,22.0,22.0,22,22,22.0,
2026-07-01,SUP-026,Supplier 026,Brazil,LATAM,0.73,PLT-00,Shanghai Hub,China,APAC,SMB,Germany,1,1,25.0,25.0,25,25,25.0,
2026-07-01,SUP-026,Supplier 026,Brazil,LATAM,0.73,PLT-05,Monterrey Plant,Mexico,LATAM,SMB,Australia,1,1,19.0,19.0,19,19,19.0,
2026-07-01,SUP-026,Supplier 026,Brazil,LATAM,0.73,PLT-02,Detroit Works,USA,NA,SMB,UK,1,2,22.5,22.5,20,25,24.8,3.5
2026-07-01,SUP-026,Supplier 026,Brazil,LATAM,0.73,PLT-02,Detroit Works,USA,NA,SMB,France,1,2,22.5,22.5,18,27,26.6,6.4
2026-07-01,SUP-027,Supplier 027,South Korea,APAC,0.94,PLT-09,Hanoi Assembly,Vietnam,APAC,Enterprise,France,1,1,33.0,33.0,33,33,33.0,
2026-07-01,SUP-027,Supplier 027,South Korea,APAC,0.94,PLT-05,Monterrey Plant,Mexico,LATAM,Government,Singapore,1,1,29.0,29.0,29,29,29.0,
2026-07-01,SUP-027,Supplier 027,South Korea,APAC,0.94,PLT-00,Shanghai Hub,China,APAC,Government,UK,1,1,33.0,33.0,33,33,33.0,
2026-07-01,SUP-027,Supplier 027,South Korea,APAC,0.94,PLT-00,Shanghai Hub,China,APAC,Enterprise,Singapore,1,1,32.0,32.0,32,32,32.0,
2026-07-01,SUP-027,Supplier 027,South Korea,APAC,0.94,PLT-08,Taipei Micro,Taiwan,APAC,Enterprise,Germany,1,1,34.0,34.0,34,34,34.0,
2026-07-01,SUP-027,Supplier 027,South Korea,APAC,0.94,PLT-03,Tokyo Precision,Japan,APAC,Government,Germany,1,2,30.0,30.0,30,30,30.0,0.0
2026-07-01,SUP-027,Supplier 027,South Korea,APAC,0.94,PLT-07,Seoul Tech,South Korea,APAC,Enterprise,USA,1,1,28.0,28.0,28,28,28.0,
2026-07-01,SUP-028,Supplier 028,Taiwan,APAC,0.84,PLT-07,Seoul Tech,South Korea,APAC,Enterprise,Japan,1,1,38.0,38.0,38,38,38.0,
2026-07-01,SUP-028,Supplier 028,Taiwan,APAC,0.84,PLT-07,Seoul Tech,South Korea,APAC,Government,Japan,1,1,35.0,35.0,35,35,35.0,
2026-07-01,SUP-028,Supplier 028,Taiwan,APAC,0.84,PLT-00,Shanghai Hub,China,APAC,SMB,Singapore,1,1,33.0,33.0,33,33,33.0,
2026-07-01,SUP-028,Supplier 028,Taiwan,APAC,0.84,PLT-02,Detroit Works,USA,NA,SMB,Singapore,1,1,29.0,29.0,29,29,29.0,
2026-07-01,SUP-028,Supplier 028,Taiwan,APAC,0.84,PLT-05,Monterrey Plant,Mexico,LATAM,Enterprise,Japan,1,2,30.5,30.5,30,31,31.0,0.7
2026-07-01,SUP-028,Supplier 028,Taiwan,APAC,0.84,PLT-00,Shanghai Hub,China,APAC,SMB,UK,1,1,34.0,34.0,34,34,34.0,
2026-07-01,SUP-029,Supplier 029,Vietnam,APAC,0.51,PLT-05,Monterrey Plant,Mexico,LATAM,SMB,Singapore,1,1,23.0,23.0,23,23,23.0,
2026-07-01,SUP-029,Supplier 029,Vietnam,APAC,0.51,PLT-00,Shanghai Hub,China,APAC,Enterprise,USA,1,1,28.0,28.0,28,28,28.0,
2026-07-01,SUP-029,Supplier 029,Vietnam,APAC,0.51,PLT-02,Detroit Works,USA,NA,SMB,Germany,1,1,24.0,24.0,24,24,24.0,
2026-07-01,SUP-029,Supplier 029,Vietnam,APAC,0.51,PLT-08,Taipei Micro,Taiwan,APAC,Enterprise,USA,1,1,26.0,26.0,26,26,26.0,
2026-07-01,SUP-029,Supplier 029,Vietnam,APAC,0.51,PLT-08,Taipei Micro,Taiwan,APAC,Enterprise,Canada,1,1,30.0,30.0,30,30,30.0,
2026-07-01,SUP-030,Supplier 030,China,APAC,0.59,PLT-03,Tokyo Precision,Japan,APAC,SMB,Canada,1,2,30.0,30.0,27,33,32.7,4.2
2026-07-01,SUP-030,Supplier 030,China,APAC,0.59,PLT-05,Monterrey Plant,Mexico,LATAM,Enterprise,USA,1,2,32.5,32.5,30,35,34.8,3.5
2026-07-01,SUP-030,Supplier 030,China,APAC,0.59,PLT-07,Seoul Tech,South Korea,APAC,Government,Germany,1,1,32.0,32.0,32,32,32.0,
2026-07-01,SUP-030,Supplier 030,China,APAC,0.59,PLT-02,Detroit Works,USA,NA,SMB,France,1,2,30.5,30.5,27,34,33.7,4.9
2026-07-01,SUP-030,Supplier 030,China,APAC,0.59,PLT-09,Hanoi Assembly,Vietnam,APAC,Enterprise,Australia,1,2,31.5,31.5,31,32,32.0,0.7
2026-07-01,SUP-030,Supplier 030,China,APAC,0.59,PLT-05,Monterrey Plant,Mexico,LATAM,SMB,UK,1,1,33.0,33.0,33,33,33.0,
2026-07-01,SUP-031,Supplier 031,Germany,EMEA,0.92,PLT-08,Taipei Micro,Taiwan,APAC,SMB,France,1,1,21.0,21.0,21,21,21.0,
2026-07-01,SUP-031,Supplier 031,Germany,EMEA,0.92,PLT-02,Detroit Works,USA,NA,Government,Germany,1,1,24.0,24.0,24,24,24.0,
2026-07-01,SUP-031,Supplier 031,Germany,EMEA,0.92,PLT-09,Hanoi Assembly,Vietnam,APAC,SMB,Australia,1,1,27.0,27.0,27,27,27.0,
2026-07-01,SUP-031,Supplier 031,Germany,EMEA,0.92,PLT-08,Taipei Micro,Taiwan,APAC,SMB,Singapore,1,1,21.0,21.0,21,21,21.0,
2026-07-01,SUP-031,Supplier 031,Germany,EMEA,0.92,PLT-08,Taipei Micro,Taiwan,APAC,Government,Singapore,1,1,25.0,25.0,25,25,25.0,
2026-07-01,SUP-031,Supplier 031,Germany,EMEA,0.92,PLT-01,Munich Center,Germany,EMEA,Enterprise,UK,1,2,22.5,22.5,20,25,24.8,3.5
2026-07-01,SUP-031,Supplier 031,Germany,EMEA,0.92,PLT-02,Detroit Works,USA,NA,SMB,Canada,1,2,23.0,23.0,20,26,25.7,4.2
2026-07-01,SUP-032,Supplier 032,USA,NA,0.78,PLT-02,Detroit Works,USA,NA,SMB,Singapore,1,1,13.0,13.0,13,13,13.0,
2026-07-01,SUP-032,Supplier 032,USA,NA,0.78,PLT-01,Munich Center,Germany,EMEA,SMB,USA,1,2,15.5,15.5,11,20,19.6,6.4
2026-07-01,SUP-032,Supplier 032,USA,NA,0.78,PLT-07,Seoul Tech,South Korea,APAC,Government,Canada,1,1,18.0,18.0,18,18,18.0,
2026-07-01,SUP-032,Supplier 032,USA,NA,0.78,PLT-02,Detroit Works,USA,NA,SMB,France,1,1,12.0,12.0,12,12,12.0,
2026-07-01,SUP-032,Supplier 032,USA,NA,0.78,PLT-08,Taipei Micro,Taiwan,APAC,Enterprise,Japan,1,2,16.5,16.5,14,19,18.8,3.5
2026-07-01,SUP-032,Supplier 032,USA,NA,0.78,PLT-07,Seoul Tech,South Korea,APAC,Enterprise,Australia,1,1,18.0,18.0,18,18,18.0,
2026-07-01,SUP-033,Supplier 033,Japan,APAC,0.5,PLT-00,Shanghai Hub,China,APAC,SMB,Singapore,1,1,25.0,25.0,25,25,25.0,
2026-07-01,SUP-033,Supplier 033,Japan,APAC,0.5,PLT-03,Tokyo Precision,Japan,APAC,SMB,USA,1,1,24.0,24.0,24,24,24.0,
2026-07-01,SUP-033,Supplier 033,Japan,APAC,0.5,PLT-06,Sao Paulo Ops,Brazil,LATAM,Government,Germany,1,2,25.0,25.0,22,28,27.7,4.2
2026-07-01,SUP-033,Supplier 033,Japan,APAC,0.5,PLT-01,Munich Center,Germany,EMEA,SMB,Germany,1,1,23.0,23.0,23,23,23.0,
2026-07-01,SUP-033,Supplier 033,Japan,APAC,0.5,PLT-09,Hanoi Assembly,Vietnam,APAC,SMB,UK,1,2,30.5,30.5,26,35,34.6,6.4
2026-07-01,SUP-034,Supplier 034,India,APAC,0.95,PLT-07,Seoul Tech,South Korea,APAC,Government,Germany,1,2,28.5,28.5,26,31,30.8,3.5
2026-07-01,SUP-034,Supplier 034,India,APAC,0.95,PLT-02,Detroit Works,USA,NA,SMB,Australia,1,1,18.0,18.0,18,18,18.0,
2026-07-01,SUP-034,Supplier 034,India,APAC,0.95,PLT-09,Hanoi Assembly,Vietnam,APAC,SMB,UK,1,1,21.0,21.0,21,21,21.0,
2026-07-01,SUP-035,Supplier 035,Mexico,LATAM,0.77,PLT-08,Taipei Micro,Taiwan,APAC,Enterprise,USA,1,1,18.0,18.0,18,18,18.0,
2026-07-01,SUP-035,Supplier 035,Mexico,LATAM,0.77,PLT-01,Munich Center,Germany,EMEA,Government,Singapore,1,1,21.0,21.0,21,21,21.0,
2026-07-01,SUP-035,Supplier 035,Mexico,LATAM,0.77,PLT-04,Chennai Forge,India,APAC,SMB,Canada,1,1,24.0,24.0,24,24,24.0,
2026-07-01,SUP-035,Supplier 035,Mexico,LATAM,0.77,PLT-05,Monterrey Plant,Mexico,LATAM,SMB,Singapore,1,1,23.0,23.0,23,23,23.0,
2026-07-01,SUP-035,Supplier 035,Mexico,LATAM,0.77,PLT-09,Hanoi Assembly,Vietnam,APAC,Government,Japan,1,1,20.0,20.0,20,20,20.0,
2026-07-01,SUP-035,Supplier 035,Mexico,LATAM,0.77,PLT-01,Munich Center,Germany,EMEA,Enterprise,France,1,1,20.0,20.0,20,20,20.0,
2026-07-01,SUP-035,Supplier 035,Mexico,LATAM,0.77,PLT-06,Sao Paulo Ops,Brazil,LATAM,Enterprise,USA,1,1,19.0,19.0,19,19,19.0,
2026-07-01,SUP-035,Supplier 035,Mexico,LATAM,0.77,PLT-03,Tokyo Precision,Japan,APAC,SMB,Canada,1,1,19.0,19.0,19,19,19.0,
2026-07-01,SUP-036,Supplier 036,Brazil,LATAM,0.76,PLT-03,Tokyo Precision,Japan,APAC,SMB,Singapore,1,1,23.0,23.0,23,23,23.0,
2026-07-01,SUP-036,Supplier 036,Brazil,LATAM,0.76,PLT-07,Seoul Tech,South Korea,APAC,SMB,France,1,1,26.0,26.0,26,26,26.0,
2026-07-01,SUP-036,Supplier 036,Brazil,LATAM,0.76,PLT-09,Hanoi Assembly,Vietnam,APAC,Government,Germany,1,1,24.0,24.0,24,24,24.0,
2026-07-01,SUP-036,Supplier 036,Brazil,LATAM,0.76,PLT-07,Seoul Tech,South Korea,APAC,Government,France,1,2,21.0,21.0,18,24,23.7,4.2
2026-07-01,SUP-036,Supplier 036,Brazil,LATAM,0.76,PLT-08,Taipei Micro,Taiwan,APAC,Government,Singapore,1,2,26.5,26.5,23,30,29.7,4.9
2026-07-01,SUP-036,Supplier 036,Brazil,LATAM,0.76,PLT-05,Monterrey Plant,Mexico,LATAM,SMB,Australia,1,1,22.0,22.0,22,22,22.0,
2026-07-01,SUP-037,Supplier 037,South Korea,APAC,0.7,PLT-07,Seoul Tech,South Korea,APAC,SMB,Canada,1,1,27.0,27.0,27,27,27.0,
2026-07-01,SUP-037,Supplier 037,South Korea,APAC,0.7,PLT-05,Monterrey Plant,Mexico,LATAM,SMB,USA,1,1,28.0,28.0,28,28,28.0,
2026-07-01,SUP-037,Supplier 037,South Korea,APAC,0.7,PLT-04,Chennai Forge,India,APAC,Enterprise,Germany,1,1,25.0,25.0,25,25,25.0,
2026-07-01,SUP-037,Supplier 037,South Korea,APAC,0.7,PLT-09,Hanoi Assembly,Vietnam,APAC,Enterprise,Australia,1,1,29.0,29.0,29,29,29.0,
2026-07-01,SUP-037,Supplier 037,South Korea,APAC,0.7,PLT-04,Chennai Forge,India,APAC,SMB,France,1,1,28.0,28.0,28,28,28.0,
2026-07-01,SUP-037,Supplier 037,South Korea,APAC,0.7,PLT-04,Chennai Forge,India,APAC,SMB,Germany,1,1,32.0,32.0,32,32,32.0,
2026-07-01,SUP-038,Supplier 038,Taiwan,APAC,0.95,PLT-02,Detroit Works,USA,NA,SMB,Singapore,1,1,26.0,26.0,26,26,26.0,
2026-07-01,SUP-038,Supplier 038,Taiwan,APAC,0.95,PLT-00,Shanghai Hub,China,APAC,Enterprise,Japan,1,1,25.0,25.0,25,25,25.0,
2026-07-01,SUP-038,Supplier 038,Taiwan,APAC,0.95,PLT-07,Seoul Tech,South Korea,APAC,Enterprise,Canada,1,2,29.5,29.5,26,33,32.7,4.9
2026-07-01,SUP-038,Supplier 038,Taiwan,APAC,0.95,PLT-00,Shanghai Hub,China,APAC,Government,USA,1,1,28.0,28.0,28,28,28.0,
2026-07-01,SUP-038,Supplier 038,Taiwan,APAC,0.95,PLT-06,Sao Paulo Ops,Brazil,LATAM,Government,Singapore,1,1,24.0,24.0,24,24,24.0,
2026-07-01,SUP-038,Supplier 038,Taiwan,APAC,0.95,PLT-00,Shanghai Hub,China,APAC,Government,Germany,1,1,31.0,31.0,31,31,31.0,
2026-07-01,SUP-038,Supplier 038,Taiwan,APAC,0.95,PLT-04,Chennai Forge,India,APAC,SMB,Singapore,1,1,28.0,28.0,28,28,28.0,
2026-07-01,SUP-038,Supplier 038,Taiwan,APAC,0.95,PLT-06,Sao Paulo Ops,Brazil,LATAM,Enterprise,Australia,1,1,29.0,29.0,29,29,29.0,
2026-07-01,SUP-038,Supplier 038,Taiwan,APAC,0.95,PLT-01,Munich Center,Germany,EMEA,Enterprise,Singapore,1,1,29.0,29.0,29,29,29.0,
2026-07-01,SUP-039,Supplier 039,Vietnam,APAC,0.68,PLT-00,Shanghai Hub,China,APAC,Government,Japan,1,1,23.0,23.0,23,23,23.0,
2026-07-01,SUP-039,Supplier 039,Vietnam,APAC,0.68,PLT-02,Detroit Works,USA,NA,SMB,Australia,1,1,21.0,21.0,21,21,21.0,
2026-07-01,SUP-040,Supplier 040,China,APAC,0.96,PLT-03,Tokyo Precision,Japan,APAC,SMB,Canada,1,2,24.5,24.5,18,31,30.4,9.2
2026-07-01,SUP-040,Supplier 040,China,APAC,0.96,PLT-01,Munich Center,Germany,EMEA,SMB,Germany,1,1,19.0,19.0,19,19,19.0,
2026-07-01,SUP-040,Supplier 040,China,APAC,0.96,PLT-06,Sao Paulo Ops,Brazil,LATAM,SMB,Australia,1,1,22.0,22.0,22,22,22.0,
2026-07-01,SUP-040,Supplier 040,China,APAC,0.96,PLT-07,Seoul Tech,South Korea,APAC,SMB,France,1,1,18.0,18.0,18,18,18.0,
2026-07-01,SUP-040,Supplier 040,China,APAC,0.96,PLT-02,Detroit Works,USA,NA,SMB,Germany,1,1,17.0,17.0,17,17,17.0,
2026-07-01,SUP-040,Supplier 040,China,APAC,0.96,PLT-00,Shanghai Hub,China,APAC,SMB,UK,1,1,24.0,24.0,24,24,24.0,
2026-07-01,SUP-041,Supplier 041,Germany,EMEA,0.64,PLT-04,Chennai Forge,India,APAC,SMB,Germany,1,1,24.0,24.0,24,24,24.0,
2026-07-01,SUP-041,Supplier 041,Germany,EMEA,0.64,PLT-03,Tokyo Precision,Japan,APAC,SMB,Singapore,1,2,30.5,30.5,25,36,35.5,7.8
2026-07-01,SUP-041,Supplier 041,Germany,EMEA,0.64,PLT-06,Sao Paulo Ops,Brazil,LATAM,Enterprise,Canada,1,1,27.0,27.0,27,27,27.0,
2026-07-01,SUP-041,Supplier 041,Germany,EMEA,0.64,PLT-01,Munich Center,Germany,EMEA,Government,UK,1,1,26.0,26.0,26,26,26.0,
2026-07-01,SUP-041,Supplier 041,Germany,EMEA,0.64,PLT-01,Munich Center,Germany,EMEA,SMB,UK,1,1,25.0,25.0,25,25,25.0,
2026-07-01,SUP-041,Supplier 041,Germany,EMEA,0.64,PLT-09,Hanoi Assembly,Vietnam,APAC,Government,Japan,1,2,28.0,28.0,26,30,29.8,2.8
2026-07-01,SUP-041,Supplier 041,Germany,EMEA,0.64,PLT-00,Shanghai Hub,China,APAC,SMB,USA,1,2,30.5,30.5,27,34,33.7,4.9
2026-07-01,SUP-041,Supplier 041,Germany,EMEA,0.64,PLT-00,Shanghai Hub,China,APAC,Enterprise,Canada,1,1,30.0,30.0,30,30,30.0,
2026-07-01,SUP-041,Supplier 041,Germany,EMEA,0.64,PLT-01,Munich Center,Germany,EMEA,SMB,Canada,1,1,21.0,21.0,21,21,21.0,
2026-07-01,SUP-042,Supplier 042,USA,NA,0.91,PLT-09,Hanoi Assembly,Vietnam,APAC,SMB,Singapore,1,1,16.0,16.0,16,16,16.0,
2026-07-01,SUP-042,Supplier 042,USA,NA,0.91,PLT-06,Sao Paulo Ops,Brazil,LATAM,Enterprise,Australia,1,1,14.0,14.0,14,14,14.0,
2026-07-01,SUP-042,Supplier 042,USA,NA,0.91,PLT-09,Hanoi Assembly,Vietnam,APAC,SMB,Canada,1,2,18.0,18.0,16,20,19.8,2.8
2026-07-01,SUP-043,Supplier 043,Japan,APAC,0.98,PLT-06,Sao Paulo Ops,Brazil,LATAM,Government,Germany,1,2,28.5,28.5,26,31,30.8,3.5
2026-07-01,SUP-043,Supplier 043,Japan,APAC,0.98,PLT-04,Chennai Forge,India,APAC,SMB,Singapore,1,1,31.0,31.0,31,31,31.0,
2026-07-01,SUP-043,Supplier 043,Japan,APAC,0.98,PLT-01,Munich Center,Germany,EMEA,Enterprise,USA,1,1,26.0,26.0,26,26,26.0,
2026-07-01,SUP-044,Supplier 044,India,APAC,0.55,PLT-05,Monterrey Plant,Mexico,LATAM,SMB,Germany,1,1,24.0,24.0,24,24,24.0,
2026-07-01,SUP-044,Supplier 044,India,APAC,0.55,PLT-07,Seoul Tech,South Korea,APAC,SMB,Canada,1,2,32.0,32.0,25,39,38.3,9.9
2026-07-01,SUP-044,Supplier 044,India,APAC,0.55,PLT-07,Seoul Tech,South Korea,APAC,Enterprise,UK,1,1,28.0,28.0,28,28,28.0,
2026-07-01,SUP-044,Supplier 044,India,APAC,0.55,PLT-07,Seoul Tech,South Korea,APAC,Government,Germany,1,1,28.0,28.0,28,28,28.0,
2026-07-01,SUP-044,Supplier 044,India,APAC,0.55,PLT-01,Munich Center,Germany,EMEA,SMB,UK,1,2,27.5,27.5,24,31,30.7,4.9
2026-07-01,SUP-044,Supplier 044,India,APAC,0.55,PLT-02,Detroit Works,USA,NA,SMB,Australia,1,1,21.0,21.0,21,21,21.0,
2026-07-01,SUP-044,Supplier 044,India,APAC,0.55,PLT-06,Sao Paulo Ops,Brazil,LATAM,Government,Canada,1,1,30.0,30.0,30,30,30.0,
2026-07-01,SUP-044,Supplier 044,India,APAC,0.55,PLT-06,Sao Paulo Ops,Brazil,LATAM,Enterprise,USA,1,1,31.0,31.0,31,31,31.0,
2026-07-01,SUP-044,Supplier 044,India,APAC,0.55,PLT-06,Sao Paulo Ops,Brazil,LATAM,SMB,UK,1,2,29.5,29.5,26,33,32.7,4.9
2026-07-01,SUP-045,Supplier 045,Mexico,LATAM,0.92,PLT-02,Detroit Works,USA,NA,SMB,USA,1,1,15.0,15.0,15,15,15.0,
2026-07-01,SUP-045,Supplier 045,Mexico,LATAM,0.92,PLT-00,Shanghai Hub,China,APAC,SMB,Germany,1,1,24.0,24.0,24,24,24.0,
2026-07-01,SUP-046,Supplier 046,Brazil,LATAM,0.96,PLT-09,Hanoi Assembly,Vietnam,APAC,SMB,Australia,1,1,28.0,28.0,28,28,28.0,
2026-07-01,SUP-046,Supplier 046,Brazil,LATAM,0.96,PLT-03,Tokyo Precision,Japan,APAC,Enterprise,UK,1,1,30.0,30.0,30,30,30.0,
2026-07-01,SUP-046,Supplier 046,Brazil,LATAM,0.96,PLT-03,Tokyo Precision,Japan,APAC,Enterprise,Japan,1,1,24.0,24.0,24,24,24.0,
2026-07-01,SUP-046,Supplier 046,Brazil,LATAM,0.96,PLT-06,Sao Paulo Ops,Brazil,LATAM,Enterprise,USA,1,2,28.0,28.0,23,33,32.5,7.1
2026-07-01,SUP-046,Supplier 046,Brazil,LATAM,0.96,PLT-08,Taipei Micro,Taiwan,APAC,Enterprise,USA,1,1,29.0,29.0,29,29,29.0,
2026-07-01,SUP-046,Supplier 046,Brazil,LATAM,0.96,PLT-01,Munich Center,Germany,EMEA,Enterprise,Japan,1,1,23.0,23.0,23,23,23.0,
2026-07-01,SUP-046,Supplier 046,Brazil,LATAM,0.96,PLT-05,Monterrey Plant,Mexico,LATAM,Government,Canada,1,2,29.5,29.5,27,32,31.8,3.5
2026-07-01,SUP-047,Supplier 047,South Korea,APAC,0.59,PLT-01,Munich Center,Germany,EMEA,Enterprise,Germany,1,1,28.0,28.0,28,28,28.0,
2026-07-01,SUP-047,Supplier 047,South Korea,APAC,0.59,PLT-02,Detroit Works,USA,NA,Enterprise,Canada,1,2,32.5,32.5,31,34,33.9,2.1
2026-07-01,SUP-047,Supplier 047,South Korea,APAC,0.59,PLT-05,Monterrey Plant,Mexico,LATAM,Government,USA,1,1,34.0,34.0,34,34,34.0,
2026-07-01,SUP-047,Supplier 047,South Korea,APAC,0.59,PLT-09,Hanoi Assembly,Vietnam,APAC,SMB,Australia,1,1,34.0,34.0,34,34,34.0,
2026-07-01,SUP-047,Supplier 047,South Korea,APAC,0.59,PLT-07,Seoul Tech,South Korea,APAC,Government,USA,1,1,27.0,27.0,27,27,27.0,
2026-07-01,SUP-047,Supplier 047,South Korea,APAC,0.59,PLT-08,Taipei Micro,Taiwan,APAC,Government,Singapore,1,1,28.0,28.0,28,28,28.0,
2026-07-01,SUP-048,Supplier 048,Taiwan,APAC,0.54,PLT-07,Seoul Tech,South Korea,APAC,SMB,Australia,1,1,30.0,30.0,30,30,30.0,
2026-07-01,SUP-048,Supplier 048,Taiwan,APAC,0.54,PLT-03,Tokyo Precision,Japan,APAC,Government,Germany,1,1,32.0,32.0,32,32,32.0,
2026-07-01,SUP-048,Supplier 048,Taiwan,APAC,0.54,PLT-07,Seoul Tech,South Korea,APAC,Enterprise,Japan,1,1,35.0,35.0,35,35,35.0,
2026-07-01,SUP-049,Supplier 049,Vietnam,APAC,0.75,PLT-09,Hanoi Assembly,Vietnam,APAC,Enterprise,UK,1,1,37.0,37.0,37,37,37.0,
2026-07-01,SUP-049,Supplier 049,Vietnam,APAC,0.75,PLT-04,Chennai Forge,India,APAC,SMB,Japan,2,2,36.5,36.5,36,37,37.0,0.7
2026-07-01,SUP-049,Supplier 049,Vietnam,APAC,0.75,PLT-04,Chennai Forge,India,APAC,SMB,Germany,1,1,34.0,34.0,34,34,34.0,
2026-07-01,SUP-049,Supplier 049,Vietnam,APAC,0.75,PLT-08,Taipei Micro,Taiwan,APAC,Enterprise,Germany,1,2,38.0,38.0,35,41,40.7,4.2
2026-07-01,SUP-049,Supplier 049,Vietnam,APAC,0.75,PLT-05,Monterrey Plant,Mexico,LATAM,Government,Germany,1,2,37.0,37.0,32,42,41.5,7.1
2026-08-01,SUP-000,Supplier 000,China,APAC,0.85,PLT-06,Sao Paulo Ops,Brazil,LATAM,SMB,France,1,1,22.0,22.0,22,22,22.0,
2026-08-01,SUP-000,Supplier 000,China,APAC,0.85,PLT-09,Hanoi Assembly,Vietnam,APAC,SMB,Australia,1,2,21.5,21.5,20,23,22.9,2.1
2026-08-01,SUP-000,Supplier 000,China,APAC,0.85,PLT-02,Detroit Works,USA,NA,SMB,Canada,1,1,16.0,16.0,16,16,16.0,
2026-08-01,SUP-000,Supplier 000,China,APAC,0.85,PLT-07,Seoul Tech,South Korea,APAC,Enterprise,Germany,1,1,23.0,23.0,23,23,23.0,
2026-08-01,SUP-000,Supplier 000,China,APAC,0.85,PLT-00,Shanghai Hub,China,APAC,Enterprise,France,1,1,23.0,23.0,23,23,23.0,
2026-08-01,SUP-000,Supplier 000,China,APAC,0.85,PLT-05,Monterrey Plant,Mexico,LATAM,Government,Germany,1,2,24.5,24.5,23,26,25.9,2.1
2026-08-01,SUP-001,Supplier 001,Germany,EMEA,0.7,PLT-04,Chennai Forge,India,APAC,SMB,Canada,1,1,20.0,20.0,20,20,20.0,
2026-08-01,SUP-001,Supplier 001,Germany,EMEA,0.7,PLT-05,Monterrey Plant,Mexico,LATAM,SMB,Australia,1,2,16.5,16.5,15,18,17.9,2.1
2026-08-01,SUP-001,Supplier 001,Germany,EMEA,0.7,PLT-07,Seoul Tech,South Korea,APAC,Government,Canada,1,1,19.0,19.0,19,19,19.0,
2026-08-01,SUP-001,Supplier 001,Germany,EMEA,0.7,PLT-04,Chennai Forge,India,APAC,SMB,Australia,1,1,21.0,21.0,21,21,21.0,
2026-08-01,SUP-001,Supplier 001,Germany,EMEA,0.7,PLT-01,Munich Center,Germany,EMEA,SMB,Australia,1,2,18.5,18.5,18,19,19.0,0.7
2026-08-01,SUP-001,Supplier 001,Germany,EMEA,0.7,PLT-00,Shanghai Hub,China,APAC,Government,USA,1,1,19.0,19.0,19,19,19.0,
2026-08-01,SUP-001,Supplier 001,Germany,EMEA,0.7,PLT-01,Munich Center,Germany,EMEA,SMB,Singapore,1,1,14.0,14.0,14,14,14.0,
2026-08-01,SUP-001,Supplier 001,Germany,EMEA,0.7,PLT-09,Hanoi Assembly,Vietnam,APAC,SMB,Australia,1,1,24.0,24.0,24,24,24.0,
2026-08-01,SUP-001,Supplier 001,Germany,EMEA,0.7,PLT-00,Shanghai Hub,China,APAC,Enterprise,Germany,1,1,16.0,16.0,16,16,16.0,
2026-08-01,SUP-002,Supplier 002,USA,NA,0.74,PLT-01,Munich Center,Germany,EMEA,SMB,UK,1,1,21.0,21.0,21,21,21.0,
2026-08-01,SUP-002,Supplier 002,USA,NA,0.74,PLT-09,Hanoi Assembly,Vietnam,APAC,SMB,Australia,1,2,20.5,20.5,20,21,21.0,0.7
2026-08-01,SUP-002,Supplier 002,USA,NA,0.74,PLT-03,Tokyo Precision,Japan,APAC,Enterprise,Singapore,1,2,22.5,22.5,20,25,24.8,3.5
2026-08-01,SUP-002,Supplier 002,USA,NA,0.74,PLT-04,Chennai Forge,India,APAC,Government,Germany,1,1,19.0,19.0,19,19,19.0,
2026-08-01,SUP-002,Supplier 002,USA,NA,0.74,PLT-09,Hanoi Assembly,Vietnam,APAC,Enterprise,USA,1,1,23.0,23.0,23,23,23.0,
2026-08-01,SUP-003,Supplier 003,Japan,APAC,0.64,PLT-08,Taipei Micro,Taiwan,APAC,SMB,UK,1,1,25.0,25.0,25,25,25.0,
2026-08-01,SUP-003,Supplier 003,Japan,APAC,0.64,PLT-05,Monterrey Plant,Mexico,LATAM,Government,Germany,1,2,30.5,30.5,30,31,31.0,0.7
2026-08-01,SUP-003,Supplier 003,Japan,APAC,0.64,PLT-08,Taipei Micro,Taiwan,APAC,Government,Germany,1,1,28.0,28.0,28,28,28.0,
2026-08-01,SUP-003,Supplier 003,Japan,APAC,0.64,PLT-05,Monterrey Plant,Mexico,LATAM,SMB,UK,1,1,28.0,28.0,28,28,28.0,
2026-08-01,SUP-003,Supplier 003,Japan,APAC,0.64,PLT-06,Sao Paulo Ops,Brazil,LATAM,SMB,France,1,1,30.0,30.0,30,30,30.0,
2026-08-01,SUP-003,Supplier 003,Japan,APAC,0.64,PLT-08,Taipei Micro,Taiwan,APAC,SMB,Germany,1,1,34.0,34.0,34,34,34.0,
2026-08-01,SUP-003,Supplier 003,Japan,APAC,0.64,PLT-07,Seoul Tech,South Korea,APAC,SMB,Canada,1,1,27.0,27.0,27,27,27.0,
2026-08-01,SUP-004,Supplier 004,India,APAC,0.69,PLT-06,Sao Paulo Ops,Brazil,LATAM,SMB,Germany,1,2,34.0,34.0,33,35,34.9,1.4
2026-08-01,SUP-004,Supplier 004,India,APAC,0.69,PLT-09,Hanoi Assembly,Vietnam,APAC,SMB,Singapore,1,1,29.0,29.0,29,29,29.0,
2026-08-01,SUP-004,Supplier 004,India,APAC,0.69,PLT-08,Taipei Micro,Taiwan,APAC,SMB,Singapore,1,1,29.0,29.0,29,29,29.0,
2026-08-01,SUP-004,Supplier 004,India,APAC,0.69,PLT-08,Taipei Micro,Taiwan,APAC,SMB,France,1,2,35.0,35.0,30,40,39.5,7.1
2026-08-01,SUP-004,Supplier 004,India,APAC,0.69,PLT-04,Chennai Forge,India,APAC,Government,Japan,1,1,34.0,34.0,34,34,34.0,
2026-08-01,SUP-004,Supplier 004,India,APAC,0.69,PLT-07,Seoul Tech,South Korea,APAC,Enterprise,France,1,1,26.0,26.0,26,26,26.0,
2026-08-01,SUP-004,Supplier 004,India,APAC,0.69,PLT-04,Chennai Forge,India,APAC,Enterprise,Australia,1,1,27.0,27.0,27,27,27.0,
2026-08-01,SUP-004,Supplier 004,India,APAC,0.69,PLT-04,Chennai Forge,India,APAC,Enterprise,Canada,1,1,31.0,31.0,31,31,31.0,
2026-08-01,SUP-005,Supplier 005,Mexico,LATAM,0.77,PLT-09,Hanoi Assembly,Vietnam,APAC,Enterprise,UK,1,1,23.0,23.0,23,23,23.0,
2026-08-01,SUP-005,Supplier 005,Mexico,LATAM,0.77,PLT-02,Detroit Works,USA,NA,SMB,Australia,1,1,21.0,21.0,21,21,21.0,
2026-08-01,SUP-005,Supplier 005,Mexico,LATAM,0.77,PLT-00,Shanghai Hub,China,APAC,Enterprise,USA,1,1,20.0,20.0,20,20,20.0,
2026-08-01,SUP-005,Supplier 005,Mexico,LATAM,0.77,PLT-08,Taipei Micro,Taiwan,APAC,SMB,Singapore,1,1,28.0,28.0,28,28,28.0,
2026-08-01,SUP-005,Supplier 005,Mexico,LATAM,0.77,PLT-03,Tokyo Precision,Japan,APAC,SMB,USA,1,1,27.0,27.0,27,27,27.0,
2026-08-01,SUP-005,Supplier 005,Mexico,LATAM,0.77,PLT-08,Taipei Micro,Taiwan,APAC,Enterprise,USA,1,2,24.0,24.0,22,26,25.8,2.8
2026-08-01,SUP-005,Supplier 005,Mexico,LATAM,0.77,PLT-06,Sao Paulo Ops,Brazil,LATAM,SMB,Singapore,1,2,21.5,21.5,21,22,22.0,0.7
2026-08-01,SUP-006,Supplier 006,Brazil,LATAM,0.61,PLT-04,Chennai Forge,India,APAC,Enterprise,Canada,1,1,25.0,25.0,25,25,25.0,
2026-08-01,SUP-006,Supplier 006,Brazil,LATAM,0.61,PLT-04,Chennai Forge,India,APAC,Enterprise,Japan,1,1,31.0,31.0,31,31,31.0,
2026-08-01,SUP-006,Supplier 006,Brazil,LATAM,0.61,PLT-01,Munich Center,Germany,EMEA,SMB,UK,1,1,25.0,25.0,25,25,25.0,
2026-08-01,SUP-007,Supplier 007,South Korea,APAC,0.84,PLT-01,Munich Center,Germany,EMEA,SMB,Australia,1,1,25.0,25.0,25,25,25.0,
2026-08-01,SUP-007,Supplier 007,South Korea,APAC,0.84,PLT-09,Hanoi Assembly,Vietnam,APAC,SMB,Canada,1,1,31.0,31.0,31,31,31.0,
2026-08-01,SUP-007,Supplier 007,South Korea,APAC,0.84,PLT-01,Munich Center,Germany,EMEA,Enterprise,Germany,1,1,25.0,25.0,25,25,25.0,
2026-08-01,SUP-007,Supplier 007,South Korea,APAC,0.84,PLT-00,Shanghai Hub,China,APAC,Enterprise,Germany,1,1,30.0,30.0,30,30,30.0,
2026-08-01,SUP-007,Supplier 007,South Korea,APAC,0.84,PLT-09,Hanoi Assembly,Vietnam,APAC,Government,Canada,1,1,33.0,33.0,33,33,33.0,
2026-08-01,SUP-007,Supplier 007,South Korea,APAC,0.84,PLT-01,Munich Center,Germany,EMEA,SMB,UK,1,1,28.0,28.0,28,28,28.0,
2026-08-01,SUP-008,Supplier 008,Taiwan,APAC,0.73,PLT-03,Tokyo Precision,Japan,APAC,SMB,Canada,1,1,28.0,28.0,28,28,28.0,
2026-08-01,SUP-008,Supplier 008,Taiwan,APAC,0.73,PLT-09,Hanoi Assembly,Vietnam,APAC,Government,Singapore,1,1,33.0,33.0,33,33,33.0,
2026-08-01,SUP-008,Supplier 008,Taiwan,APAC,0.73,PLT-05,Monterrey Plant,Mexico,LATAM,SMB,Canada,1,1,24.0,24.0,24,24,24.0,
2026-08-01,SUP-009,Supplier 009,Vietnam,APAC,1.0,PLT-08,Taipei Micro,Taiwan,APAC,SMB,UK,1,1,30.0,30.0,30,30,30.0,
2026-08-01,SUP-009,Supplier 009,Vietnam,APAC,1.0,PLT-05,Monterrey Plant,Mexico,LATAM,SMB,UK,1,2,30.5,30.5,27,34,33.7,4.9
2026-08-01,SUP-009,Supplier 009,Vietnam,APAC,1.0,PLT-05,Monterrey Plant,Mexico,LATAM,Enterprise,Germany,1,1,29.0,29.0,29,29,29.0,
2026-08-01,SUP-009,Supplier 009,Vietnam,APAC,1.0,PLT-08,Taipei Micro,Taiwan,APAC,SMB,France,1,1,26.0,26.0,26,26,26.0,
2026-08-01,SUP-010,Supplier 010,China,APAC,0.76,PLT-02,Detroit Works,USA,NA,SMB,France,1,1,19.0,19.0,19,19,19.0,
2026-08-01,SUP-010,Supplier 010,China,APAC,0.76,PLT-07,Seoul Tech,South Korea,APAC,Enterprise,Germany,1,1,22.0,22.0,22,22,22.0,
2026-08-01,SUP-010,Supplier 010,China,APAC,0.76,PLT-09,Hanoi Assembly,Vietnam,APAC,SMB,Japan,1,2,26.0,26.0,21,31,30.5,7.1
2026-08-01,SUP-010,Supplier 010,China,APAC,0.76,PLT-02,Detroit Works,USA,NA,Enterprise,France,1,1,18.0,18.0,18,18,18.0,
2026-08-01,SUP-010,Supplier 010,China,APAC,0.76,PLT-07,Seoul Tech,South Korea,APAC,Enterprise,Canada,1,1,25.0,25.0,25,25,25.0,
2026-08-01,SUP-010,Supplier 010,China,APAC,0.76,PLT-08,Taipei Micro,Taiwan,APAC,SMB,UK,1,2,28.0,28.0,26,30,29.8,2.8
2026-08-01,SUP-010,Supplier 010,China,APAC,0.76,PLT-09,Hanoi Assembly,Vietnam,APAC,SMB,Singapore,1,2,30.0,30.0,27,33,32.7,4.2
2026-08-01,SUP-010,Supplier 010,China,APAC,0.76,PLT-09,Hanoi Assembly,Vietnam,APAC,Enterprise,Japan,1,1,22.0,22.0,22,22,22.0,
2026-08-01,SUP-010,Supplier 010,China,APAC,0.76,PLT-06,Sao Paulo Ops,Brazil,LATAM,Enterprise,Germany,1,1,22.0,22.0,22,22,22.0,
2026-08-01,SUP-011,Supplier 011,Germany,EMEA,0.53,PLT-00,Shanghai Hub,China,APAC,SMB,Singapore,1,1,27.0,27.0,27,27,27.0,
2026-08-01,SUP-011,Supplier 011,Germany,EMEA,0.53,PLT-06,Sao Paulo Ops,Brazil,LATAM,Enterprise,USA,1,1,29.0,29.0,29,29,29.0,
2026-08-01,SUP-011,Supplier 011,Germany,EMEA,0.53,PLT-02,Detroit Works,USA,NA,Enterprise,Germany,1,1,26.0,26.0,26,26,26.0,
2026-08-01,SUP-011,Supplier 011,Germany,EMEA,0.53,PLT-01,Munich Center,Germany,EMEA,Government,Japan,1,1,28.0,28.0,28,28,28.0,
2026-08-01,SUP-012,Supplier 012,USA,NA,0.66,PLT-06,Sao Paulo Ops,Brazil,LATAM,Enterprise,Singapore,1,1,15.0,15.0,15,15,15.0,
2026-08-01,SUP-012,Supplier 012,USA,NA,0.66,PLT-01,Munich Center,Germany,EMEA,SMB,Japan,1,1,16.0,16.0,16,16,16.0,
2026-08-01,SUP-012,Supplier 012,USA,NA,0.66,PLT-08,Taipei Micro,Taiwan,APAC,SMB,Australia,1,1,19.0,19.0,19,19,19.0,
2026-08-01,SUP-012,Supplier 012,USA,NA,0.66,PLT-09,Hanoi Assembly,Vietnam,APAC,SMB,Singapore,1,2,22.0,22.0,20,24,23.8,2.8
2026-08-01,SUP-012,Supplier 012,USA,NA,0.66,PLT-02,Detroit Works,USA,NA,Government,Australia,1,2,17.0,17.0,14,20,19.7,4.2
2026-08-01,SUP-013,Supplier 013,Japan,APAC,0.89,PLT-00,Shanghai Hub,China,APAC,Government,Germany,1,1,35.0,35.0,35,35,35.0,
2026-08-01,SUP-013,Supplier 013,Japan,APAC,0.89,PLT-09,Hanoi Assembly,Vietnam,APAC,SMB,UK,1,1,31.0,31.0,31,31,31.0,
2026-08-01,SUP-013,Supplier 013,Japan,APAC,0.89,PLT-09,Hanoi Assembly,Vietnam,APAC,Enterprise,Japan,1,1,36.0,36.0,36,36,36.0,
2026-08-01,SUP-013,Supplier 013,Japan,APAC,0.89,PLT-09,Hanoi Assembly,Vietnam,APAC,Government,USA,1,1,34.0,34.0,34,34,34.0,
2026-08-01,SUP-013,Supplier 013,Japan,APAC,0.89,PLT-07,Seoul Tech,South Korea,APAC,SMB,USA,1,1,33.0,33.0,33,33,33.0,
2026-08-01,SUP-013,Supplier 013,Japan,APAC,0.89,PLT-02,Detroit Works,USA,NA,Government,Germany,1,1,28.0,28.0,28,28,28.0,
2026-08-01,SUP-013,Supplier 013,Japan,APAC,0.89,PLT-01,Munich Center,Germany,EMEA,Enterprise,France,1,1,28.0,28.0,28,28,28.0,
2026-08-01,SUP-014,Supplier 014,India,APAC,0.95,PLT-08,Taipei Micro,Taiwan,APAC,SMB,UK,1,2,35.5,35.5,30,41,40.5,7.8
2026-08-01,SUP-014,Supplier 014,India,APAC,0.95,PLT-04,Chennai Forge,India,APAC,Enterprise,Japan,1,1,35.0,35.0,35,35,35.0,
2026-08-01,SUP-014,Supplier 014,India,APAC,0.95,PLT-02,Detroit Works,USA,NA,SMB,Singapore,1,1,27.0,27.0,27,27,27.0,
2026-08-01,SUP-014,Supplier 014,India,APAC,0.95,PLT-05,Monterrey Plant,Mexico,LATAM,SMB,USA,1,1,29.0,29.0,29,29,29.0,
2026-08-01,SUP-014,Supplier 014,India,APAC,0.95,PLT-08,Taipei Micro,Taiwan,APAC,SMB,Japan,1,2,31.5,31.5,30,33,32.9,2.1
2026-08-01,SUP-014,Supplier 014,India,APAC,0.95,PLT-00,Shanghai Hub,China,APAC,Enterprise,USA,1,2,36.5,36.5,35,38,37.9,2.1
2026-08-01,SUP-015,Supplier 015,Mexico,LATAM,0.75,PLT-06,Sao Paulo Ops,Brazil,LATAM,Enterprise,UK,1,2,26.5,26.5,24,29,28.8,3.5
2026-08-01,SUP-015,Supplier 015,Mexico,LATAM,0.75,PLT-03,Tokyo Precision,Japan,APAC,Government,Japan,1,1,26.0,26.0,26,26,26.0,
2026-08-01,SUP-015,Supplier 015,Mexico,LATAM,0.75,PLT-00,Shanghai Hub,China,APAC,Enterprise,Germany,1,1,30.0,30.0,30,30,30.0,
2026-08-01,SUP-015,Supplier 015,Mexico,LATAM,0.75,PLT-00,Shanghai Hub,China,APAC,Enterprise,UK,1,1,31.0,31.0,31,31,31.0,
2026-08-01,SUP-015,Supplier 015,Mexico,LATAM,0.75,PLT-01,Munich Center,Germany,EMEA,Enterprise,Australia,1,1,29.0,29.0,29,29,29.0,
2026-08-01,SUP-015,Supplier 015,Mexico,LATAM,0.75,PLT-00,Shanghai Hub,China,APAC,Enterprise,Japan,1,2,32.5,32.5,29,36,35.7,4.9
2026-08-01,SUP-015,Supplier 015,Mexico,LATAM,0.75,PLT-03,Tokyo Precision,Japan,APAC,SMB,UK,1,1,30.0,30.0,30,30,30.0,
2026-08-01,SUP-016,Supplier 016,Brazil,LATAM,0.66,PLT-04,Chennai Forge,India,APAC,Enterprise,USA,1,1,33.0,33.0,33,33,33.0,
2026-08-01,SUP-016,Supplier 016,Brazil,LATAM,0.66,PLT-07,Seoul Tech,South Korea,APAC,Government,Singapore,1,1,26.0,26.0,26,26,26.0,
2026-08-01,SUP-016,Supplier 016,Brazil,LATAM,0.66,PLT-05,Monterrey Plant,Mexico,LATAM,SMB,UK,1,1,29.0,29.0,29,29,29.0,
2026-08-01,SUP-016,Supplier 016,Brazil,LATAM,0.66,PLT-06,Sao Paulo Ops,Brazil,LATAM,SMB,Australia,1,2,27.0,27.0,27,27,27.0,0.0
2026-08-01,SUP-016,Supplier 016,Brazil,LATAM,0.66,PLT-09,Hanoi Assembly,Vietnam,APAC,Government,USA,1,1,25.0,25.0,25,25,25.0,
2026-08-01,SUP-016,Supplier 016,Brazil,LATAM,0.66,PLT-02,Detroit Works,USA,NA,SMB,Japan,1,1,25.0,25.0,25,25,25.0,
2026-08-01,SUP-016,Supplier 016,Brazil,LATAM,0.66,PLT-04,Chennai Forge,India,APAC,SMB,Singapore,1,1,27.0,27.0,27,27,27.0,
2026-08-01,SUP-016,Supplier 016,Brazil,LATAM,0.66,PLT-06,Sao Paulo Ops,Brazil,LATAM,SMB,Germany,1,2,26.0,26.0,25,27,26.9,1.4
2026-08-01,SUP-017,Supplier 017,South Korea,APAC,0.89,PLT-06,Sao Paulo Ops,Brazil,LATAM,SMB,Germany,1,1,30.0,30.0,30,30,30.0,
2026-08-01,SUP-017,Supplier 017,South Korea,APAC,0.89,PLT-08,Taipei Micro,Taiwan,APAC,Government,France,1,2,34.5,34.5,32,37,36.8,3.5
2026-08-01,SUP-017,Supplier 017,South Korea,APAC,0.89,PLT-07,Seoul Tech,South Korea,APAC,Enterprise,USA,1,1,27.0,27.0,27,27,27.0,
2026-08-01,SUP-017,Supplier 017,South Korea,APAC,0.89,PLT-01,Munich Center,Germany,EMEA,SMB,Canada,1,1,24.0,24.0,24,24,24.0,
2026-08-01,SUP-017,Supplier 017,South Korea,APAC,0.89,PLT-08,Taipei Micro,Taiwan,APAC,SMB,Singapore,1,1,31.0,31.0,31,31,31.0,
2026-08-01,SUP-017,Supplier 017,South Korea,APAC,0.89,PLT-09,Hanoi Assembly,Vietnam,APAC,Government,Australia,1,1,28.0,28.0,28,28,28.0,
2026-08-01,SUP-017,Supplier 017,South Korea,APAC,0.89,PLT-02,Detroit Works,USA,NA,Government,Australia,1,1,24.0,24.0,24,24,24.0,
2026-08-01,SUP-018,Supplier 018,Taiwan,APAC,0.75,PLT-01,Munich Center,Germany,EMEA,SMB,Australia,1,1,35.0,35.0,35,35,35.0,
2026-08-01,SUP-018,Supplier 018,Taiwan,APAC,0.75,PLT-02,Detroit Works,USA,NA,SMB,UK,1,1,28.0,28.0,28,28,28.0,
2026-08-01,SUP-018,Supplier 018,Taiwan,APAC,0.75,PLT-03,Tokyo Precision,Japan,APAC,Government,USA,1,1,38.0,38.0,38,38,38.0,
2026-08-01,SUP-018,Supplier 018,Taiwan,APAC,0.75,PLT-02,Detroit Works,USA,NA,Government,USA,1,1,29.0,29.0,29,29,29.0,
2026-08-01,SUP-018,Supplier 018,Taiwan,APAC,0.75,PLT-08,Taipei Micro,Taiwan,APAC,SMB,Canada,1,1,33.0,33.0,33,33,33.0,
2026-08-01,SUP-019,Supplier 019,Vietnam,APAC,0.57,PLT-01,Munich Center,Germany,EMEA,Enterprise,France,1,1,28.0,28.0,28,28,28.0,
2026-08-01,SUP-019,Supplier 019,Vietnam,APAC,0.57,PLT-02,Detroit Works,USA,NA,SMB,Singapore,1,1,28.0,28.0,28,28,28.0,
2026-08-01,SUP-019,Supplier 019,Vietnam,APAC,0.57,PLT-07,Seoul Tech,South Korea,APAC,SMB,Canada,1,1,40.0,40.0,40,40,40.0,
2026-08-01,SUP-019,Supplier 019,Vietnam,APAC,0.57,PLT-03,Tokyo Precision,Japan,APAC,SMB,Germany,1,1,33.0,33.0,33,33,33.0,
2026-08-01,SUP-019,Supplier 019,Vietnam,APAC,0.57,PLT-08,Taipei Micro,Taiwan,APAC,Enterprise,USA,1,2,34.5,34.5,31,38,37.7,4.9
2026-08-01,SUP-019,Supplier 019,Vietnam,APAC,0.57,PLT-01,Munich Center,Germany,EMEA,Enterprise,Germany,1,1,31.0,31.0,31,31,31.0,
2026-08-01,SUP-019,Supplier 019,Vietnam,APAC,0.57,PLT-05,Monterrey Plant,Mexico,LATAM,SMB,UK,1,1,32.0,32.0,32,32,32.0,
2026-08-01,SUP-019,Supplier 019,Vietnam,APAC,0.57,PLT-08,Taipei Micro,Taiwan,APAC,Enterprise,France,1,1,35.0,35.0,35,35,35.0,
2026-08-01,SUP-019,Supplier 019,Vietnam,APAC,0.57,PLT-05,Monterrey Plant,Mexico,LATAM,Enterprise,Germany,1,2,36.0,36.0,34,38,37.8,2.8
2026-08-01,SUP-019,Supplier 019,Vietnam,APAC,0.57,PLT-08,Taipei Micro,Taiwan,APAC,SMB,Canada,1,1,37.0,37.0,37,37,37.0,
2026-08-01,SUP-020,Supplier 020,China,APAC,0.6,PLT-08,Taipei Micro,Taiwan,APAC,Enterprise,Germany,1,1,29.0,29.0,29,29,29.0,
2026-08-01,SUP-020,Supplier 020,China,APAC,0.6,PLT-07,Seoul Tech,South Korea,APAC,SMB,Australia,1,1,35.0,35.0,35,35,35.0,
2026-08-01,SUP-020,Supplier 020,China,APAC,0.6,PLT-05,Monterrey Plant,Mexico,LATAM,SMB,France,1,1,28.0,28.0,28,28,28.0,
2026-08-01,SUP-020,Supplier 020,China,APAC,0.6,PLT-00,Shanghai Hub,China,APAC,Government,Germany,1,1,28.0,28.0,28,28,28.0,
2026-08-01,SUP-020,Supplier 020,China,APAC,0.6,PLT-04,Chennai Forge,India,APAC,Government,USA,1,1,33.0,33.0,33,33,33.0,
2026-08-01,SUP-020,Supplier 020,China,APAC,0.6,PLT-01,Munich Center,Germany,EMEA,SMB,Japan,1,1,21.0,21.0,21,21,21.0,
2026-08-01,SUP-020,Supplier 020,China,APAC,0.6,PLT-08,Taipei Micro,Taiwan,APAC,SMB,Japan,1,2,32.0,32.0,28,36,35.6,5.7
2026-08-01,SUP-020,Supplier 020,China,APAC,0.6,PLT-01,Munich Center,Germany,EMEA,SMB,France,1,2,28.0,28.0,28,28,28.0,0.0
2026-08-01,SUP-021,Supplier 021,Germany,EMEA,0.75,PLT-06,Sao Paulo Ops,Brazil,LATAM,SMB,Australia,1,1,23.0,23.0,23,23,23.0,
2026-08-01,SUP-021,Supplier 021,Germany,EMEA,0.75,PLT-06,Sao Paulo Ops,Brazil,LATAM,Enterprise,USA,1,2,26.0,26.0,25,27,26.9,1.4
2026-08-01,SUP-021,Supplier 021,Germany,EMEA,0.75,PLT-08,Taipei Micro,Taiwan,APAC,Government,Australia,1,1,26.0,26.0,26,26,26.0,
2026-08-01,SUP-022,Supplier 022,USA,NA,0.8,PLT-02,Detroit Works,USA,NA,Enterprise,USA,1,2,14.0,14.0,12,16,15.8,2.8
2026-08-01,SUP-022,Supplier 022,USA,NA,0.8,PLT-07,Seoul Tech,South Korea,APAC,Enterprise,USA,1,1,19.0,19.0,19,19,19.0,
2026-08-01,SUP-022,Supplier 022,USA,NA,0.8,PLT-05,Monterrey Plant,Mexico,LATAM,SMB,Singapore,1,1,17.0,17.0,17,17,17.0,
2026-08-01,SUP-022,Supplier 022,USA,NA,0.8,PLT-01,Munich Center,Germany,EMEA,Enterprise,Germany,1,1,12.0,12.0,12,12,12.0,
2026-08-01,SUP-022,Supplier 022,USA,NA,0.8,PLT-00,Shanghai Hub,China,APAC,SMB,Germany,1,1,18.0,18.0,18,18,18.0,
2026-08-01,SUP-022,Supplier 022,USA,NA,0.8,PLT-09,Hanoi Assembly,Vietnam,APAC,SMB,USA,1,1,15.0,15.0,15,15,15.0,
2026-08-01,SUP-022,Supplier 022,USA,NA,0.8,PLT-03,Tokyo Precision,Japan,APAC,SMB,UK,1,1,20.0,20.0,20,20,20.0,
2026-08-01,SUP-022,Supplier 022,USA,NA,0.8,PLT-05,Monterrey Plant,Mexico,LATAM,Government,Singapore,1,2,21.5,21.5,18,25,24.7,4.9
2026-08-01,SUP-022,Supplier 022,USA,NA,0.8,PLT-01,Munich Center,Germany,EMEA,SMB,Germany,1,1,13.0,13.0,13,13,13.0,
2026-08-01,SUP-022,Supplier 022,USA,NA,0.8,PLT-09,Hanoi Assembly,Vietnam,APAC,SMB,Japan,1,1,24.0,24.0,24,24,24.0,
2026-08-01,SUP-022,Supplier 022,USA,NA,0.8,PLT-09,Hanoi Assembly,Vietnam,APAC,Enterprise,Japan,1,1,21.0,21.0,21,21,21.0,
2026-08-01,SUP-023,Supplier 023,Japan,APAC,0.98,PLT-02,Detroit Works,USA,NA,Enterprise,USA,1,1,27.0,27.0,27,27,27.0,
2026-08-01,SUP-023,Supplier 023,Japan,APAC,0.98,PLT-08,Taipei Micro,Taiwan,APAC,SMB,France,1,1,37.0,37.0,37,37,37.0,
2026-08-01,SUP-023,Supplier 023,Japan,APAC,0.98,PLT-02,Detroit Works,USA,NA,Government,Germany,1,1,30.0,30.0,30,30,30.0,
2026-08-01,SUP-023,Supplier 023,Japan,APAC,0.98,PLT-03,Tokyo Precision,Japan,APAC,SMB,USA,1,1,32.0,32.0,32,32,32.0,
2026-08-01,SUP-023,Supplier 023,Japan,APAC,0.98,PLT-02,Detroit Works,USA,NA,SMB,France,1,1,30.0,30.0,30,30,30.0,
2026-08-01,SUP-023,Supplier 023,Japan,APAC,0.98,PLT-02,Detroit Works,USA,NA,Government,France,1,2,31.5,31.5,30,33,32.9,2.1
2026-08-01,SUP-023,Supplier 023,Japan,APAC,0.98,PLT-08,Taipei Micro,Taiwan,APAC,SMB,Japan,1,1,32.0,32.0,32,32,32.0,
2026-08-01,SUP-023,Supplier 023,Japan,APAC,0.98,PLT-04,Chennai Forge,India,APAC,SMB,Germany,1,1,36.0,36.0,36,36,36.0,
2026-08-01,SUP-024,Supplier 024,India,APAC,0.89,PLT-08,Taipei Micro,Taiwan,APAC,SMB,Germany,1,1,28.0,28.0,28,28,28.0,
2026-08-01,SUP-024,Supplier 024,India,APAC,0.89,PLT-04,Chennai Forge,India,APAC,Government,France,1,1,30.0,30.0,30,30,30.0,
2026-08-01,SUP-024,Supplier 024,India,APAC,0.89,PLT-00,Shanghai Hub,China,APAC,Enterprise,USA,1,1,27.0,27.0,27,27,27.0,
2026-08-01,SUP-024,Supplier 024,India,APAC,0.89,PLT-01,Munich Center,Germany,EMEA,SMB,Canada,1,2,31.0,31.0,29,33,32.8,2.8
2026-08-01,SUP-024,Supplier 024,India,APAC,0.89,PLT-07,Seoul Tech,South Korea,APAC,Government,UK,1,1,28.0,28.0,28,28,28.0,
2026-08-01,SUP-024,Supplier 024,India,APAC,0.89,PLT-07,Seoul Tech,South Korea,APAC,SMB,Germany,1,1,28.0,28.0,28,28,28.0,
2026-08-01,SUP-024,Supplier 024,India,APAC,0.89,PLT-02,Detroit Works,USA,NA,SMB,Germany,1,1,27.0,27.0,27,27,27.0,
2026-08-01,SUP-024,Supplier 024,India,APAC,0.89,PLT-08,Taipei Micro,Taiwan,APAC,SMB,Australia,1,1,27.0,27.0,27,27,27.0,
2026-08-01,SUP-024,Supplier 024,India,APAC,0.89,PLT-08,Taipei Micro,Taiwan,APAC,Enterprise,Canada,1,1,29.0,29.0,29,29,29.0,
2026-08-01,SUP-025,Supplier 025,Mexico,LATAM,0.71,PLT-00,Shanghai Hub,China,APAC,Enterprise,Canada,1,1,32.0,32.0,32,32,32.0,
2026-08-01,SUP-025,Supplier 025,Mexico,LATAM,0.71,PLT-00,Shanghai Hub,China,APAC,Government,Germany,1,1,25.0,25.0,25,25,25.0,
2026-08-01,SUP-025,Supplier 025,Mexico,LATAM,0.71,PLT-06,Sao Paulo Ops,Brazil,LATAM,Enterprise,Japan,1,1,27.0,27.0,27,27,27.0,
2026-08-01,SUP-025,Supplier 025,Mexico,LATAM,0.71,PLT-07,Seoul Tech,South Korea,APAC,SMB,Singapore,1,1,22.0,22.0,22,22,22.0,
2026-08-01,SUP-025,Supplier 025,Mexico,LATAM,0.71,PLT-02,Detroit Works,USA,NA,Government,Australia,1,1,24.0,24.0,24,24,24.0,
2026-08-01,SUP-025,Supplier 025,Mexico,LATAM,0.71,PLT-01,Munich Center,Germany,EMEA,Government,Japan,1,2,27.0,27.0,25,29,28.8,2.8
2026-08-01,SUP-025,Supplier 025,Mexico,LATAM,0.71,PLT-06,Sao Paulo Ops,Brazil,LATAM,Government,USA,1,1,29.0,29.0,29,29,29.0,
2026-08-01,SUP-025,Supplier 025,Mexico,LATAM,0.71,PLT-02,Detroit Works,USA,NA,Government,Germany,1,1,23.0,23.0,23,23,23.0,
2026-08-01,SUP-025,Supplier 025,Mexico,LATAM,0.71,PLT-03,Tokyo Precision,Japan,APAC,Enterprise,USA,1,1,26.0,26.0,26,26,26.0,
2026-08-01,SUP-025,Supplier 025,Mexico,LATAM,0.71,PLT-06,Sao Paulo Ops,Brazil,LATAM,SMB,Singapore,1,1,31.0,31.0,31,31,31.0,
2026-08-01,SUP-026,Supplier 026,Brazil,LATAM,0.73,PLT-09,Hanoi Assembly,Vietnam,APAC,Enterprise,Japan,1,1,23.0,23.0,23,23,23.0,
2026-08-01,SUP-026,Supplier 026,Brazil,LATAM,0.73,PLT-07,Seoul Tech,South Korea,APAC,SMB,France,1,1,25.0,25.0,25,25,25.0,
2026-08-01,SUP-026,Supplier 026,Brazil,LATAM,0.73,PLT-04,Chennai Forge,India,APAC,SMB,USA,1,1,24.0,24.0,24,24,24.0,
2026-08-01,SUP-026,Supplier 026,Brazil,LATAM,0.73,PLT-06,Sao Paulo Ops,Brazil,LATAM,Enterprise,Japan,1,2,26.5,26.5,24,29,28.8,3.5
2026-08-01,SUP-026,Supplier 026,Brazil,LATAM,0.73,PLT-01,Munich Center,Germany,EMEA,Government,Germany,1,2,26.5,26.5,22,31,30.6,6.4
2026-08-01,SUP-026,Supplier 026,Brazil,LATAM,0.73,PLT-01,Munich Center,Germany,EMEA,Government,Canada,1,1,19.0,19.0,19,19,19.0,
2026-08-01,SUP-026,Supplier 026,Brazil,LATAM,0.73,PLT-05,Monterrey Plant,Mexico,LATAM,SMB,UK,1,2,26.5,26.5,24,29,28.8,3.5
2026-08-01,SUP-027,Supplier 027,South Korea,APAC,0.94,PLT-00,Shanghai Hub,China,APAC,SMB,UK,1,1,30.0,30.0,30,30,30.0,
2026-08-01,SUP-027,Supplier 027,South Korea,APAC,0.94,PLT-03,Tokyo Precision,Japan,APAC,Enterprise,Japan,1,1,28.0,28.0,28,28,28.0,
2026-08-01,SUP-027,Supplier 027,South Korea,APAC,0.94,PLT-08,Taipei Micro,Taiwan,APAC,SMB,Singapore,1,1,28.0,28.0,28,28,28.0,
2026-08-01,SUP-027,Supplier 027,South Korea,APAC,0.94,PLT-07,Seoul Tech,South Korea,APAC,Enterprise,Australia,1,2,35.0,35.0,30,40,39.5,7.1
2026-08-01,SUP-027,Supplier 027,South Korea,APAC,0.94,PLT-01,Munich Center,Germany,EMEA,SMB,Canada,1,1,25.0,25.0,25,25,25.0,
2026-08-01,SUP-028,Supplier 028,Taiwan,APAC,0.84,PLT-09,Hanoi Assembly,Vietnam,APAC,SMB,Australia,1,1,34.0,34.0,34,34,34.0,
2026-08-01,SUP-028,Supplier 028,Taiwan,APAC,0.84,PLT-04,Chennai Forge,India,APAC,Enterprise,Germany,1,2,36.5,36.5,33,40,39.7,4.9
2026-08-01,SUP-028,Supplier 028,Taiwan,APAC,0.84,PLT-06,Sao Paulo Ops,Brazil,LATAM,Government,Canada,1,1,30.0,30.0,30,30,30.0,
2026-08-01,SUP-028,Supplier 028,Taiwan,APAC,0.84,PLT-07,Seoul Tech,South Korea,APAC,Enterprise,Japan,1,1,32.0,32.0,32,32,32.0,
2026-08-01,SUP-028,Supplier 028,Taiwan,APAC,0.84,PLT-04,Chennai Forge,India,APAC,SMB,France,1,1,31.0,31.0,31,31,31.0,
2026-08-01,SUP-028,Supplier 028,Taiwan,APAC,0.84,PLT-04,Chennai Forge,India,APAC,Government,Canada,1,1,33.0,33.0,33,33,33.0,
2026-08-01,SUP-029,Supplier 029,Vietnam,APAC,0.51,PLT-09,Hanoi Assembly,Vietnam,APAC,Government,Japan,1,1,24.0,24.0,24,24,24.0,
2026-08-01,SUP-029,Supplier 029,Vietnam,APAC,0.51,PLT-05,Monterrey Plant,Mexico,LATAM,SMB,UK,1,2,30.5,30.5,30,31,31.0,0.7
2026-08-01,SUP-029,Supplier 029,Vietnam,APAC,0.51,PLT-05,Monterrey Plant,Mexico,LATAM,SMB,Canada,1,1,22.0,22.0,22,22,22.0,
2026-08-01,SUP-029,Supplier 029,Vietnam,APAC,0.51,PLT-00,Shanghai Hub,China,APAC,Enterprise,Canada,1,1,28.0,28.0,28,28,28.0,
2026-08-01,SUP-029,Supplier 029,Vietnam,APAC,0.51,PLT-03,Tokyo Precision,Japan,APAC,SMB,UK,1,1,32.0,32.0,32,32,32.0,
2026-08-01,SUP-029,Supplier 029,Vietnam,APAC,0.51,PLT-03,Tokyo Precision,Japan,APAC,SMB,Australia,1,1,25.0,25.0,25,25,25.0,
2026-08-01,SUP-029,Supplier 029,Vietnam,APAC,0.51,PLT-00,Shanghai Hub,China,APAC,SMB,Canada,1,1,25.0,25.0,25,25,25.0,
2026-08-01,SUP-029,Supplier 029,Vietnam,APAC,0.51,PLT-08,Taipei Micro,Taiwan,APAC,Enterprise,Australia,1,1,28.0,28.0,28,28,28.0,
2026-08-01,SUP-029,Supplier 029,Vietnam,APAC,0.51,PLT-07,Seoul Tech,South Korea,APAC,SMB,UK,1,1,27.0,27.0,27,27,27.0,
2026-08-01,SUP-030,Supplier 030,China,APAC,0.59,PLT-05,Monterrey Plant,Mexico,LATAM,Enterprise,France,1,1,27.0,27.0,27,27,27.0,
2026-08-01,SUP-030,Supplier 030,China,APAC,0.59,PLT-08,Taipei Micro,Taiwan,APAC,Enterprise,Japan,1,2,27.5,27.5,25,30,29.8,3.5
2026-08-01,SUP-030,Supplier 030,China,APAC,0.59,PLT-02,Detroit Works,USA,NA,Government,Australia,1,1,27.0,27.0,27,27,27.0,
2026-08-01,SUP-031,Supplier 031,Germany,EMEA,0.92,PLT-08,Taipei Micro,Taiwan,APAC,Government,Japan,1,1,21.0,21.0,21,21,21.0,
2026-08-01,SUP-031,Supplier 031,Germany,EMEA,0.92,PLT-07,Seoul Tech,South Korea,APAC,Enterprise,Germany,1,1,24.0,24.0,24,24,24.0,
2026-08-01,SUP-031,Supplier 031,Germany,EMEA,0.92,PLT-02,Detroit Works,USA,NA,Enterprise,Germany,1,1,21.0,21.0,21,21,21.0,
2026-08-01,SUP-032,Supplier 032,USA,NA,0.78,PLT-09,Hanoi Assembly,Vietnam,APAC,Enterprise,Japan,1,1,13.0,13.0,13,13,13.0,
2026-08-01,SUP-032,Supplier 032,USA,NA,0.78,PLT-07,Seoul Tech,South Korea,APAC,Enterprise,Canada,1,1,16.0,16.0,16,16,16.0,
2026-08-01,SUP-032,Supplier 032,USA,NA,0.78,PLT-04,Chennai Forge,India,APAC,SMB,UK,1,1,15.0,15.0,15,15,15.0,
2026-08-01,SUP-032,Supplier 032,USA,NA,0.78,PLT-05,Monterrey Plant,Mexico,LATAM,Enterprise,Germany,1,1,14.0,14.0,14,14,14.0,
2026-08-01,SUP-033,Supplier 033,Japan,APAC,0.5,PLT-09,Hanoi Assembly,Vietnam,APAC,SMB,Singapore,1,1,23.0,23.0,23,23,23.0,
2026-08-01,SUP-033,Supplier 033,Japan,APAC,0.5,PLT-03,Tokyo Precision,Japan,APAC,SMB,Singapore,1,1,31.0,31.0,31,31,31.0,
2026-08-01,SUP-033,Supplier 033,Japan,APAC,0.5,PLT-02,Detroit Works,USA,NA,Government,Germany,1,1,21.0,21.0,21,21,21.0,
2026-08-01,SUP-033,Supplier 033,Japan,APAC,0.5,PLT-08,Taipei Micro,Taiwan,APAC,Government,Singapore,1,1,31.0,31.0,31,31,31.0,
2026-08-01,SUP-033,Supplier 033,Japan,APAC,0.5,PLT-04,Chennai Forge,India,APAC,SMB,Japan,1,1,25.0,25.0,25,25,25.0,
2026-08-01,SUP-033,Supplier 033,Japan,APAC,0.5,PLT-01,Munich Center,Germany,EMEA,SMB,Australia,1,1,27.0,27.0,27,27,27.0,
2026-08-01,SUP-034,Supplier 034,India,APAC,0.95,PLT-01,Munich Center,Germany,EMEA,Enterprise,Canada,1,1,19.0,19.0,19,19,19.0,
2026-08-01,SUP-034,Supplier 034,India,APAC,0.95,PLT-00,Shanghai Hub,China,APAC,SMB,UK,1,1,21.0,21.0,21,21,21.0,
2026-08-01,SUP-034,Supplier 034,India,APAC,0.95,PLT-07,Seoul Tech,South Korea,APAC,SMB,Singapore,1,1,21.0,21.0,21,21,21.0,
2026-08-01,SUP-034,Supplier 034,India,APAC,0.95,PLT-03,Tokyo Precision,Japan,APAC,SMB,USA,1,2,25.0,25.0,22,28,27.7,4.2
2026-08-01,SUP-034,Supplier 034,India,APAC,0.95,PLT-01,Munich Center,Germany,EMEA,Enterprise,France,1,1,18.0,18.0,18,18,18.0,
2026-08-01,SUP-034,Supplier 034,India,APAC,0.95,PLT-06,Sao Paulo Ops,Brazil,LATAM,Enterprise,USA,1,1,22.0,22.0,22,22,22.0,
2026-08-01,SUP-034,Supplier 034,India,APAC,0.95,PLT-06,Sao Paulo Ops,Brazil,LATAM,SMB,UK,1,1,20.0,20.0,20,20,20.0,
2026-08-01,SUP-034,Supplier 034,India,APAC,0.95,PLT-02,Detroit Works,USA,NA,SMB,Singapore,1,1,19.0,19.0,19,19,19.0,
2026-08-01,SUP-035,Supplier 035,Mexico,LATAM,0.77,PLT-03,Tokyo Precision,Japan,APAC,SMB,Singapore,1,1,23.0,23.0,23,23,23.0,
2026-08-01,SUP-035,Supplier 035,Mexico,LATAM,0.77,PLT-00,Shanghai Hub,China,APAC,SMB,Australia,1,1,21.0,21.0,21,21,21.0,
2026-08-01,SUP-035,Supplier 035,Mexico,LATAM,0.77,PLT-04,Chennai Forge,India,APAC,Enterprise,USA,1,1,24.0,24.0,24,24,24.0,
2026-08-01,SUP-035,Supplier 035,Mexico,LATAM,0.77,PLT-03,Tokyo Precision,Japan,APAC,SMB,Germany,1,1,19.0,19.0,19,19,19.0,
2026-08-01,SUP-035,Supplier 035,Mexico,LATAM,0.77,PLT-03,Tokyo Precision,Japan,APAC,Enterprise,Canada,1,2,24.5,24.5,20,29,28.6,6.4
2026-08-01,SUP-035,Supplier 035,Mexico,LATAM,0.77,PLT-07,Seoul Tech,South Korea,APAC,SMB,Canada,1,1,16.0,16.0,16,16,16.0,
2026-08-01,SUP-036,Supplier 036,Brazil,LATAM,0.76,PLT-03,Tokyo Precision,Japan,APAC,SMB,France,1,1,23.0,23.0,23,23,23.0,
2026-08-01,SUP-036,Supplier 036,Brazil,LATAM,0.76,PLT-05,Monterrey Plant,Mexico,LATAM,SMB,Germany,1,2,19.5,19.5,17,22,21.8,3.5
2026-08-01,SUP-036,Supplier 036,Brazil,LATAM,0.76,PLT-00,Shanghai Hub,China,APAC,Enterprise,Japan,1,1,23.0,23.0,23,23,23.0,
2026-08-01,SUP-036,Supplier 036,Brazil,LATAM,0.76,PLT-06,Sao Paulo Ops,Brazil,LATAM,SMB,Singapore,1,1,19.0,19.0,19,19,19.0,
2026-08-01,SUP-036,Supplier 036,Brazil,LATAM,0.76,PLT-03,Tokyo Precision,Japan,APAC,Enterprise,USA,1,2,25.5,25.5,21,30,29.6,6.4
2026-08-01,SUP-037,Supplier 037,South Korea,APAC,0.7,PLT-02,Detroit Works,USA,NA,SMB,Germany,1,1,18.0,18.0,18,18,18.0,
2026-08-01,SUP-037,Supplier 037,South Korea,APAC,0.7,PLT-02,Detroit Works,USA,NA,Enterprise,Japan,1,1,20.0,20.0,20,20,20.0,
2026-08-01,SUP-037,Supplier 037,South Korea,APAC,0.7,PLT-03,Tokyo Precision,Japan,APAC,SMB,UK,1,1,32.0,32.0,32,32,32.0,
2026-08-01,SUP-037,Supplier 037,South Korea,APAC,0.7,PLT-04,Chennai Forge,India,APAC,Enterprise,Australia,1,1,29.0,29.0,29,29,29.0,
2026-08-01,SUP-037,Supplier 037,South Korea,APAC,0.7,PLT-02,Detroit Works,USA,NA,SMB,UK,1,1,22.0,22.0,22,22,22.0,
2026-08-01,SUP-037,Supplier 037,South Korea,APAC,0.7,PLT-00,Shanghai Hub,China,APAC,SMB,Australia,1,2,27.5,27.5,26,29,28.9,2.1
2026-08-01,SUP-037,Supplier 037,South Korea,APAC,0.7,PLT-03,Tokyo Precision,Japan,APAC,SMB,Singapore,1,1,26.0,26.0,26,26,26.0,
2026-08-01,SUP-038,Supplier 038,Taiwan,APAC,0.95,PLT-08,Taipei Micro,Taiwan,APAC,SMB,UK,1,1,26.0,26.0,26,26,26.0,
2026-08-01,SUP-038,Supplier 038,Taiwan,APAC,0.95,PLT-09,Hanoi Assembly,Vietnam,APAC,SMB,Australia,1,1,26.0,26.0,26,26,26.0,
2026-08-01,SUP-038,Supplier 038,Taiwan,APAC,0.95,PLT-04,Chennai Forge,India,APAC,Enterprise,Germany,1,1,30.0,30.0,30,30,30.0,
2026-08-01,SUP-039,Supplier 039,Vietnam,APAC,0.68,PLT-04,Chennai Forge,India,APAC,SMB,Japan,1,1,19.0,19.0,19,19,19.0,
2026-08-01,SUP-039,Supplier 039,Vietnam,APAC,0.68,PLT-02,Detroit Works,USA,NA,SMB,Australia,1,1,15.0,15.0,15,15,15.0,
2026-08-01,SUP-039,Supplier 039,Vietnam,APAC,0.68,PLT-03,Tokyo Precision,Japan,APAC,Enterprise,Japan,1,1,21.0,21.0,21,21,21.0,
2026-08-01,SUP-039,Supplier 039,Vietnam,APAC,0.68,PLT-00,Shanghai Hub,China,APAC,SMB,Australia,1,1,24.0,24.0,24,24,24.0,
2026-08-01,SUP-040,Supplier 040,China,APAC,0.96,PLT-05,Monterrey Plant,Mexico,LATAM,Enterprise,USA,1,1,18.0,18.0,18,18,18.0,
2026-08-01,SUP-040,Supplier 040,China,APAC,0.96,PLT-04,Chennai Forge,India,APAC,Government,Japan,1,1,25.0,25.0,25,25,25.0,
2026-08-01,SUP-040,Supplier 040,China,APAC,0.96,PLT-04,Chennai Forge,India,APAC,Government,Germany,1,1,18.0,18.0,18,18,18.0,
2026-08-01,SUP-040,Supplier 040,China,APAC,0.96,PLT-05,Monterrey Plant,Mexico,LATAM,Government,USA,1,1,22.0,22.0,22,22,22.0,
2026-08-01,SUP-040,Supplier 040,China,APAC,0.96,PLT-09,Hanoi Assembly,Vietnam,APAC,SMB,France,1,1,19.0,19.0,19,19,19.0,
2026-08-01,SUP-040,Supplier 040,China,APAC,0.96,PLT-01,Munich Center,Germany,EMEA,SMB,Japan,1,1,21.0,21.0,21,21,21.0,
2026-08-01,SUP-041,Supplier 041,Germany,EMEA,0.64,PLT-03,Tokyo Precision,Japan,APAC,Government,UK,1,1,28.0,28.0,28,28,28.0,
2026-08-01,SUP-041,Supplier 041,Germany,EMEA,0.64,PLT-00,Shanghai Hub,China,APAC,SMB,USA,1,1,23.0,23.0,23,23,23.0,
2026-08-01,SUP-041,Supplier 041,Germany,EMEA,0.64,PLT-05,Monterrey Plant,Mexico,LATAM,SMB,Australia,1,1,27.0,27.0,27,27,27.0,
2026-08-01,SUP-041,Supplier 041,Germany,EMEA,0.64,PLT-06,Sao Paulo Ops,Brazil,LATAM,Enterprise,Canada,1,1,22.0,22.0,22,22,22.0,
2026-08-01,SUP-041,Supplier 041,Germany,EMEA,0.64,PLT-00,Shanghai Hub,China,APAC,Enterprise,Canada,1,1,20.0,20.0,20,20,20.0,
2026-08-01,SUP-042,Supplier 042,USA,NA,0.91,PLT-09,Hanoi Assembly,Vietnam,APAC,Government,France,1,1,19.0,19.0,19,19,19.0,
2026-08-01,SUP-042,Supplier 042,USA,NA,0.91,PLT-02,Detroit Works,USA,NA,Government,Australia,1,1,14.0,14.0,14,14,14.0,
2026-08-01,SUP-042,Supplier 042,USA,NA,0.91,PLT-05,Monterrey Plant,Mexico,LATAM,Enterprise,France,1,1,17.0,17.0,17,17,17.0,
2026-08-01,SUP-042,Supplier 042,USA,NA,0.91,PLT-01,Munich Center,Germany,EMEA,SMB,France,1,2,15.5,15.5,15,16,16.0,0.7
2026-08-01,SUP-042,Supplier 042,USA,NA,0.91,PLT-04,Chennai Forge,India,APAC,SMB,Japan,1,1,16.0,16.0,16,16,16.0,
2026-08-01,SUP-042,Supplier 042,USA,NA,0.91,PLT-00,Shanghai Hub,China,APAC,SMB,France,1,1,17.0,17.0,17,17,17.0,
2026-08-01,SUP-042,Supplier 042,USA,NA,0.91,PLT-03,Tokyo Precision,Japan,APAC,SMB,Australia,1,2,18.0,18.0,14,22,21.6,5.7
2026-08-01,SUP-042,Supplier 042,USA,NA,0.91,PLT-04,Chennai Forge,India,APAC,Enterprise,France,1,1,14.0,14.0,14,14,14.0,
2026-08-01,SUP-042,Supplier 042,USA,NA,0.91,PLT-04,Chennai Forge,India,APAC,Government,France,1,1,22.0,22.0,22,22,22.0,
2026-08-01,SUP-042,Supplier 042,USA,NA,0.91,PLT-07,Seoul Tech,South Korea,APAC,SMB,USA,1,1,20.0,20.0,20,20,20.0,
2026-08-01,SUP-043,Supplier 043,Japan,APAC,0.98,PLT-01,Munich Center,Germany,EMEA,SMB,Singapore,1,2,27.5,27.5,25,30,29.8,3.5
2026-08-01,SUP-043,Supplier 043,Japan,APAC,0.98,PLT-00,Shanghai Hub,China,APAC,SMB,UK,1,1,26.0,26.0,26,26,26.0,
2026-08-01,SUP-043,Supplier 043,Japan,APAC,0.98,PLT-05,Monterrey Plant,Mexico,LATAM,SMB,France,1,1,25.0,25.0,25,25,25.0,
2026-08-01,SUP-043,Supplier 043,Japan,APAC,0.98,PLT-03,Tokyo Precision,Japan,APAC,Enterprise,Japan,1,2,34.0,34.0,31,37,36.7,4.2
2026-08-01,SUP-043,Supplier 043,Japan,APAC,0.98,PLT-01,Munich Center,Germany,EMEA,Enterprise,France,1,1,24.0,24.0,24,24,24.0,
2026-08-01,SUP-043,Supplier 043,Japan,APAC,0.98,PLT-09,Hanoi Assembly,Vietnam,APAC,SMB,France,1,1,25.0,25.0,25,25,25.0,
2026-08-01,SUP-043,Supplier 043,Japan,APAC,0.98,PLT-08,Taipei Micro,Taiwan,APAC,SMB,Australia,1,1,24.0,24.0,24,24,24.0,
2026-08-01,SUP-043,Supplier 043,Japan,APAC,0.98,PLT-02,Detroit Works,USA,NA,Government,Singapore,1,1,22.0,22.0,22,22,22.0,
2026-08-01,SUP-044,Supplier 044,India,APAC,0.55,PLT-00,Shanghai Hub,China,APAC,Government,Germany,1,1,30.0,30.0,30,30,30.0,
2026-08-01,SUP-044,Supplier 044,India,APAC,0.55,PLT-03,Tokyo Precision,Japan,APAC,SMB,Singapore,1,1,23.0,23.0,23,23,23.0,
2026-08-01,SUP-044,Supplier 044,India,APAC,0.55,PLT-07,Seoul Tech,South Korea,APAC,Government,USA,1,1,33.0,33.0,33,33,33.0,
2026-08-01,SUP-044,Supplier 044,India,APAC,0.55,PLT-03,Tokyo Precision,Japan,APAC,SMB,Japan,1,1,27.0,27.0,27,27,27.0,
2026-08-01,SUP-044,Supplier 044,India,APAC,0.55,PLT-04,Chennai Forge,India,APAC,SMB,Canada,1,1,30.0,30.0,30,30,30.0,
2026-08-01,SUP-044,Supplier 044,India,APAC,0.55,PLT-02,Detroit Works,USA,NA,SMB,Canada,1,1,29.0,29.0,29,29,29.0,
2026-08-01,SUP-044,Supplier 044,India,APAC,0.55,PLT-02,Detroit Works,USA,NA,Enterprise,Canada,1,1,25.0,25.0,25,25,25.0,
2026-08-01,SUP-044,Supplier 044,India,APAC,0.55,PLT-09,Hanoi Assembly,Vietnam,APAC,Government,Germany,1,1,27.0,27.0,27,27,27.0,
2026-08-01,SUP-044,Supplier 044,India,APAC,0.55,PLT-04,Chennai Forge,India,APAC,Enterprise,France,1,1,32.0,32.0,32,32,32.0,
2026-08-01,SUP-044,Supplier 044,India,APAC,0.55,PLT-05,Monterrey Plant,Mexico,LATAM,SMB,France,1,1,24.0,24.0,24,24,24.0,
2026-08-01,SUP-044,Supplier 044,India,APAC,0.55,PLT-03,Tokyo Precision,Japan,APAC,Enterprise,Canada,1,1,25.0,25.0,25,25,25.0,
2026-08-01,SUP-044,Supplier 044,India,APAC,0.55,PLT-03,Tokyo Precision,Japan,APAC,Government,Germany,1,1,25.0,25.0,25,25,25.0,
2026-08-01,SUP-045,Supplier 045,Mexico,LATAM,0.92,PLT-08,Taipei Micro,Taiwan,APAC,SMB,Australia,1,1,25.0,25.0,25,25,25.0,
2026-08-01,SUP-045,Supplier 045,Mexico,LATAM,0.92,PLT-03,Tokyo Precision,Japan,APAC,Government,Canada,1,1,23.0,23.0,23,23,23.0,
2026-08-01,SUP-045,Supplier 045,Mexico,LATAM,0.92,PLT-07,Seoul Tech,South Korea,APAC,Enterprise,Canada,1,1,25.0,25.0,25,25,25.0,
2026-08-01,SUP-045,Supplier 045,Mexico,LATAM,0.92,PLT-03,Tokyo Precision,Japan,APAC,Government,USA,1,1,19.0,19.0,19,19,19.0,
2026-08-01,SUP-045,Supplier 045,Mexico,LATAM,0.92,PLT-07,Seoul Tech,South Korea,APAC,Enterprise,Japan,1,1,24.0,24.0,24,24,24.0,
2026-08-01,SUP-045,Supplier 045,Mexico,LATAM,0.92,PLT-05,Monterrey Plant,Mexico,LATAM,SMB,USA,1,1,24.0,24.0,24,24,24.0,
2026-08-01,SUP-045,Supplier 045,Mexico,LATAM,0.92,PLT-06,Sao Paulo Ops,Brazil,LATAM,SMB,France,1,1,20.0,20.0,20,20,20.0,
2026-08-01,SUP-046,Supplier 046,Brazil,LATAM,0.96,PLT-09,Hanoi Assembly,Vietnam,APAC,Enterprise,Japan,1,1,30.0,30.0,30,30,30.0,
2026-08-01,SUP-046,Supplier 046,Brazil,LATAM,0.96,PLT-04,Chennai Forge,India,APAC,SMB,Singapore,1,2,28.5,28.5,28,29,29.0,0.7
2026-08-01,SUP-047,Supplier 047,South Korea,APAC,0.59,PLT-09,Hanoi Assembly,Vietnam,APAC,Enterprise,Canada,1,1,33.0,33.0,33,33,33.0,
2026-08-01,SUP-047,Supplier 047,South Korea,APAC,0.59,PLT-06,Sao Paulo Ops,Brazil,LATAM,Enterprise,UK,1,1,28.0,28.0,28,28,28.0,
2026-08-01,SUP-047,Supplier 047,South Korea,APAC,0.59,PLT-01,Munich Center,Germany,EMEA,Government,Singapore,1,1,30.0,30.0,30,30,30.0,
2026-08-01,SUP-047,Supplier 047,South Korea,APAC,0.59,PLT-02,Detroit Works,USA,NA,Enterprise,Australia,1,1,32.0,32.0,32,32,32.0,
2026-08-01,SUP-048,Supplier 048,Taiwan,APAC,0.54,PLT-08,Taipei Micro,Taiwan,APAC,Government,France,1,1,36.0,36.0,36,36,36.0,
2026-08-01,SUP-048,Supplier 048,Taiwan,APAC,0.54,PLT-06,Sao Paulo Ops,Brazil,LATAM,Enterprise,UK,1,1,34.0,34.0,34,34,34.0,
2026-08-01,SUP-048,Supplier 048,Taiwan,APAC,0.54,PLT-02,Detroit Works,USA,NA,SMB,Australia,1,1,26.0,26.0,26,26,26.0,
2026-08-01,SUP-048,Supplier 048,Taiwan,APAC,0.54,PLT-08,Taipei Micro,Taiwan,APAC,SMB,Germany,1,1,38.0,38.0,38,38,38.0,
2026-08-01,SUP-048,Supplier 048,Taiwan,APAC,0.54,PLT-08,Taipei Micro,Taiwan,APAC,SMB,USA,1,2,34.5,34.5,34,35,35.0,0.7
2026-08-01,SUP-048,Supplier 048,Taiwan,APAC,0.54,PLT-04,Chennai Forge,India,APAC,Enterprise,France,1,2,33.0,33.0,30,36,35.7,4.2
2026-08-01,SUP-048,Supplier 048,Taiwan,APAC,0.54,PLT-03,Tokyo Precision,Japan,APAC,SMB,Australia,1,1,31.0,31.0,31,31,31.0,
2026-08-01,SUP-049,Supplier 049,Vietnam,APAC,0.75,PLT-06,Sao Paulo Ops,Brazil,LATAM,Enterprise,Germany,1,1,34.0,34.0,34,34,34.0,
2026-08-01,SUP-049,Supplier 049,Vietnam,APAC,0.75,PLT-02,Detroit Works,USA,NA,SMB,Australia,1,2,34.5,34.5,29,40,39.5,7.8
2026-08-01,SUP-049,Supplier 049,Vietnam,APAC,0.75,PLT-02,Detroit Works,USA,NA,SMB,USA,1,1,34.0,34.0,34,34,34.0,
2026-09-01,SUP-000,Supplier 000,China,APAC,0.85,PLT-00,Shanghai Hub,China,APAC,Enterprise,Japan,1,1,24.0,24.0,24,24,24.0,
2026-09-01,SUP-000,Supplier 000,China,APAC,0.85,PLT-03,Tokyo Precision,Japan,APAC,SMB,Singapore,1,1,25.0,25.0,25,25,25.0,
2026-09-01,SUP-000,Supplier 000,China,APAC,0.85,PLT-06,Sao Paulo Ops,Brazil,LATAM,SMB,UK,1,1,24.0,24.0,24,24,24.0,
2026-09-01,SUP-001,Supplier 001,Germany,EMEA,0.7,PLT-07,Seoul Tech,South Korea,APAC,SMB,UK,1,1,17.0,17.0,17,17,17.0,
2026-09-01,SUP-001,Supplier 001,Germany,EMEA,0.7,PLT-02,Detroit Works,USA,NA,SMB,UK,1,1,13.0,13.0,13,13,13.0,
2026-09-01,SUP-001,Supplier 001,Germany,EMEA,0.7,PLT-00,Shanghai Hub,China,APAC,Government,Canada,1,1,17.0,17.0,17,17,17.0,
2026-09-01,SUP-001,Supplier 001,Germany,EMEA,0.7,PLT-06,Sao Paulo Ops,Brazil,LATAM,SMB,Canada,1,2,20.5,20.5,16,25,24.6,6.4
2026-09-01,SUP-001,Supplier 001,Germany,EMEA,0.7,PLT-04,Chennai Forge,India,APAC,Enterprise,Singapore,1,1,21.0,21.0,21,21,21.0,
2026-09-01,SUP-001,Supplier 001,Germany,EMEA,0.7,PLT-03,Tokyo Precision,Japan,APAC,Enterprise,France,1,1,19.0,19.0,19,19,19.0,
2026-09-01,SUP-001,Supplier 001,Germany,EMEA,0.7,PLT-04,Chennai Forge,India,APAC,SMB,Germany,1,1,15.0,15.0,15,15,15.0,
2026-09-01,SUP-001,Supplier 001,Germany,EMEA,0.7,PLT-00,Shanghai Hub,China,APAC,SMB,Canada,1,1,18.0,18.0,18,18,18.0,
2026-09-01,SUP-002,Supplier 002,USA,NA,0.74,PLT-02,Detroit Works,USA,NA,Enterprise,USA,1,1,17.0,17.0,17,17,17.0,
2026-09-01,SUP-002,Supplier 002,USA,NA,0.74,PLT-08,Taipei Micro,Taiwan,APAC,Enterprise,France,1,1,24.0,24.0,24,24,24.0,
2026-09-01,SUP-002,Supplier 002,USA,NA,0.74,PLT-08,Taipei Micro,Taiwan,APAC,Enterprise,Japan,1,1,19.0,19.0,19,19,19.0,
2026-09-01,SUP-002,Supplier 002,USA,NA,0.74,PLT-08,Taipei Micro,Taiwan,APAC,Government,Singapore,1,2,24.0,24.0,21,27,26.7,4.2
2026-09-01,SUP-002,Supplier 002,USA,NA,0.74,PLT-00,Shanghai Hub,China,APAC,SMB,Germany,1,2,22.0,22.0,18,26,25.6,5.7
2026-09-01,SUP-002,Supplier 002,USA,NA,0.74,PLT-09,Hanoi Assembly,Vietnam,APAC,Enterprise,USA,1,1,19.0,19.0,19,19,19.0,
2026-09-01,SUP-002,Supplier 002,USA,NA,0.74,PLT-06,Sao Paulo Ops,Brazil,LATAM,SMB,Germany,1,1,15.0,15.0,15,15,15.0,
2026-09-01,SUP-002,Supplier 002,USA,NA,0.74,PLT-08,Taipei Micro,Taiwan,APAC,SMB,Germany,1,2,24.5,24.5,24,25,25.0,0.7
2026-09-01,SUP-003,Supplier 003,Japan,APAC,0.64,PLT-07,Seoul Tech,South Korea,APAC,SMB,Singapore,1,1,31.0,31.0,31,31,31.0,
2026-09-01,SUP-003,Supplier 003,Japan,APAC,0.64,PLT-03,Tokyo Precision,Japan,APAC,SMB,Canada,1,1,30.0,30.0,30,30,30.0,
2026-09-01,SUP-003,Supplier 003,Japan,APAC,0.64,PLT-05,Monterrey Plant,Mexico,LATAM,Enterprise,Canada,1,1,25.0,25.0,25,25,25.0,
2026-09-01,SUP-003,Supplier 003,Japan,APAC,0.64,PLT-06,Sao Paulo Ops,Brazil,LATAM,SMB,Singapore,1,2,31.0,31.0,29,33,32.8,2.8
2026-09-01,SUP-004,Supplier 004,India,APAC,0.69,PLT-01,Munich Center,Germany,EMEA,SMB,Australia,1,1,27.0,27.0,27,27,27.0,
2026-09-01,SUP-004,Supplier 004,India,APAC,0.69,PLT-05,Monterrey Plant,Mexico,LATAM,SMB,Germany,1,1,28.0,28.0,28,28,28.0,
2026-09-01,SUP-004,Supplier 004,India,APAC,0.69,PLT-08,Taipei Micro,Taiwan,APAC,SMB,USA,1,1,29.0,29.0,29,29,29.0,
2026-09-01,SUP-004,Supplier 004,India,APAC,0.69,PLT-00,Shanghai Hub,China,APAC,SMB,Australia,1,1,29.0,29.0,29,29,29.0,
2026-09-01,SUP-004,Supplier 004,India,APAC,0.69,PLT-07,Seoul Tech,South Korea,APAC,Enterprise,USA,1,1,26.0,26.0,26,26,26.0,
2026-09-01,SUP-004,Supplier 004,India,APAC,0.69,PLT-00,Shanghai Hub,China,APAC,Government,USA,1,1,35.0,35.0,35,35,35.0,
2026-09-01,SUP-004,Supplier 004,India,APAC,0.69,PLT-08,Taipei Micro,Taiwan,APAC,SMB,France,1,2,34.0,34.0,31,37,36.7,4.2
2026-09-01,SUP-004,Supplier 004,India,APAC,0.69,PLT-03,Tokyo Precision,Japan,APAC,Government,France,1,1,30.0,30.0,30,30,30.0,
2026-09-01,SUP-004,Supplier 004,India,APAC,0.69,PLT-07,Seoul Tech,South Korea,APAC,SMB,France,1,1,31.0,31.0,31,31,31.0,
2026-09-01,SUP-004,Supplier 004,India,APAC,0.69,PLT-09,Hanoi Assembly,Vietnam,APAC,Enterprise,UK,1,1,31.0,31.0,31,31,31.0,
2026-09-01,SUP-005,Supplier 005,Mexico,LATAM,0.77,PLT-02,Detroit Works,USA,NA,SMB,Australia,1,1,20.0,20.0,20,20,20.0,
2026-09-01,SUP-005,Supplier 005,Mexico,LATAM,0.77,PLT-05,Monterrey Plant,Mexico,LATAM,SMB,USA,1,1,19.0,19.0,19,19,19.0,
2026-09-01,SUP-005,Supplier 005,Mexico,LATAM,0.77,PLT-06,Sao Paulo Ops,Brazil,LATAM,SMB,France,1,1,26.0,26.0,26,26,26.0,
2026-09-01,SUP-005,Supplier 005,Mexico,LATAM,0.77,PLT-00,Shanghai Hub,China,APAC,SMB,Singapore,1,1,22.0,22.0,22,22,22.0,
2026-09-01,SUP-005,Supplier 005,Mexico,LATAM,0.77,PLT-09,Hanoi Assembly,Vietnam,APAC,Government,Australia,1,1,22.0,22.0,22,22,22.0,
2026-09-01,SUP-005,Supplier 005,Mexico,LATAM,0.77,PLT-04,Chennai Forge,India,APAC,Enterprise,Australia,1,2,27.0,27.0,26,28,27.9,1.4
2026-09-01,SUP-005,Supplier 005,Mexico,LATAM,0.77,PLT-06,Sao Paulo Ops,Brazil,LATAM,SMB,USA,1,1,24.0,24.0,24,24,24.0,
2026-09-01,SUP-006,Supplier 006,Brazil,LATAM,0.61,PLT-00,Shanghai Hub,China,APAC,Government,USA,1,1,34.0,34.0,34,34,34.0,
2026-09-01,SUP-006,Supplier 006,Brazil,LATAM,0.61,PLT-07,Seoul Tech,South Korea,APAC,SMB,USA,1,1,28.0,28.0,28,28,28.0,
2026-09-01,SUP-006,Supplier 006,Brazil,LATAM,0.61,PLT-08,Taipei Micro,Taiwan,APAC,SMB,Germany,1,2,32.5,32.5,30,35,34.8,3.5
2026-09-01,SUP-006,Supplier 006,Brazil,LATAM,0.61,PLT-07,Seoul Tech,South Korea,APAC,Government,Germany,1,1,26.0,26.0,26,26,26.0,
2026-09-01,SUP-006,Supplier 006,Brazil,LATAM,0.61,PLT-09,Hanoi Assembly,Vietnam,APAC,Enterprise,Germany,1,1,27.0,27.0,27,27,27.0,
2026-09-01,SUP-006,Supplier 006,Brazil,LATAM,0.61,PLT-06,Sao Paulo Ops,Brazil,LATAM,SMB,UK,1,1,30.0,30.0,30,30,30.0,
2026-09-01,SUP-007,Supplier 007,South Korea,APAC,0.84,PLT-03,Tokyo Precision,Japan,APAC,Enterprise,UK,1,1,32.0,32.0,32,32,32.0,
2026-09-01,SUP-007,Supplier 007,South Korea,APAC,0.84,PLT-05,Monterrey Plant,Mexico,LATAM,SMB,USA,1,1,30.0,30.0,30,30,30.0,
2026-09-01,SUP-007,Supplier 007,South Korea,APAC,0.84,PLT-05,Monterrey Plant,Mexico,LATAM,SMB,UK,1,1,25.0,25.0,25,25,25.0,
2026-09-01,SUP-007,Supplier 007,South Korea,APAC,0.84,PLT-06,Sao Paulo Ops,Brazil,LATAM,SMB,USA,1,1,29.0,29.0,29,29,29.0,
2026-09-01,SUP-007,Supplier 007,South Korea,APAC,0.84,PLT-07,Seoul Tech,South Korea,APAC,SMB,Singapore,1,2,30.0,30.0,28,32,31.8,2.8
2026-09-01,SUP-007,Supplier 007,South Korea,APAC,0.84,PLT-00,Shanghai Hub,China,APAC,Government,Canada,1,1,26.0,26.0,26,26,26.0,
2026-09-01,SUP-008,Supplier 008,Taiwan,APAC,0.73,PLT-07,Seoul Tech,South Korea,APAC,SMB,Australia,1,1,32.0,32.0,32,32,32.0,
2026-09-01,SUP-008,Supplier 008,Taiwan,APAC,0.73,PLT-08,Taipei Micro,Taiwan,APAC,SMB,USA,1,1,29.0,29.0,29,29,29.0,
2026-09-01,SUP-008,Supplier 008,Taiwan,APAC,0.73,PLT-09,Hanoi Assembly,Vietnam,APAC,Enterprise,Canada,2,3,27.0,28.0,23,30,29.8,3.6
2026-09-01,SUP-008,Supplier 008,Taiwan,APAC,0.73,PLT-07,Seoul Tech,South Korea,APAC,SMB,USA,1,2,29.0,29.0,22,36,35.3,9.9
2026-09-01,SUP-008,Supplier 008,Taiwan,APAC,0.73,PLT-00,Shanghai Hub,China,APAC,Enterprise,Singapore,1,1,25.0,25.0,25,25,25.0,
2026-09-01,SUP-008,Supplier 008,Taiwan,APAC,0.73,PLT-05,Monterrey Plant,Mexico,LATAM,Enterprise,UK,1,2,30.0,30.0,29,31,30.9,1.4
2026-09-01,SUP-008,Supplier 008,Taiwan,APAC,0.73,PLT-00,Shanghai Hub,China,APAC,Government,USA,1,1,28.0,28.0,28,28,28.0,
2026-09-01,SUP-009,Supplier 009,Vietnam,APAC,1.0,PLT-02,Detroit Works,USA,NA,Government,France,1,1,25.0,25.0,25,25,25.0,
2026-09-01,SUP-009,Supplier 009,Vietnam,APAC,1.0,PLT-08,Taipei Micro,Taiwan,APAC,Enterprise,Germany,1,1,32.0,32.0,32,32,32.0,
2026-09-01,SUP-009,Supplier 009,Vietnam,APAC,1.0,PLT-00,Shanghai Hub,China,APAC,Enterprise,USA,1,1,31.0,31.0,31,31,31.0,
2026-09-01,SUP-009,Supplier 009,Vietnam,APAC,1.0,PLT-04,Chennai Forge,India,APAC,Government,UK,1,1,26.0,26.0,26,26,26.0,
2026-09-01,SUP-010,Supplier 010,China,APAC,0.76,PLT-07,Seoul Tech,South Korea,APAC,SMB,UK,1,1,20.0,20.0,20,20,20.0,
2026-09-01,SUP-010,Supplier 010,China,APAC,0.76,PLT-08,Taipei Micro,Taiwan,APAC,SMB,Germany,1,1,19.0,19.0,19,19,19.0,
2026-09-01,SUP-010,Supplier 010,China,APAC,0.76,PLT-02,Detroit Works,USA,NA,SMB,France,1,1,17.0,17.0,17,17,17.0,
2026-09-01,SUP-010,Supplier 010,China,APAC,0.76,PLT-02,Detroit Works,USA,NA,SMB,UK,1,2,19.0,19.0,16,22,21.7,4.2
2026-09-01,SUP-010,Supplier 010,China,APAC,0.76,PLT-06,Sao Paulo Ops,Brazil,LATAM,Government,Australia,1,1,22.0,22.0,22,22,22.0,
2026-09-01,SUP-010,Supplier 010,China,APAC,0.76,PLT-00,Shanghai Hub,China,APAC,SMB,UK,1,1,20.0,20.0,20,20,20.0,
2026-09-01,SUP-011,Supplier 011,Germany,EMEA,0.53,PLT-08,Taipei Micro,Taiwan,APAC,SMB,Singapore,1,1,29.0,29.0,29,29,29.0,
2026-09-01,SUP-012,Supplier 012,USA,NA,0.66,PLT-08,Taipei Micro,Taiwan,APAC,SMB,Australia,1,1,18.0,18.0,18,18,18.0,
2026-09-01,SUP-012,Supplier 012,USA,NA,0.66,PLT-02,Detroit Works,USA,NA,SMB,Japan,1,1,13.0,13.0,13,13,13.0,
2026-09-01,SUP-012,Supplier 012,USA,NA,0.66,PLT-09,Hanoi Assembly,Vietnam,APAC,Government,Japan,1,2,24.0,24.0,21,27,26.7,4.2
2026-09-01,SUP-012,Supplier 012,USA,NA,0.66,PLT-09,Hanoi Assembly,Vietnam,APAC,Enterprise,USA,1,1,14.0,14.0,14,14,14.0,
2026-09-01,SUP-012,Supplier 012,USA,NA,0.66,PLT-02,Detroit Works,USA,NA,SMB,UK,1,1,13.0,13.0,13,13,13.0,
2026-09-01,SUP-012,Supplier 012,USA,NA,0.66,PLT-00,Shanghai Hub,China,APAC,SMB,Singapore,1,1,16.0,16.0,16,16,16.0,
2026-09-01,SUP-012,Supplier 012,USA,NA,0.66,PLT-09,Hanoi Assembly,Vietnam,APAC,Government,Australia,1,1,15.0,15.0,15,15,15.0,
2026-09-01,SUP-013,Supplier 013,Japan,APAC,0.89,PLT-03,Tokyo Precision,Japan,APAC,Enterprise,France,1,1,35.0,35.0,35,35,35.0,
2026-09-01,SUP-014,Supplier 014,India,APAC,0.95,PLT-04,Chennai Forge,India,APAC,Government,USA,1,1,30.0,30.0,30,30,30.0,
2026-09-01,SUP-014,Supplier 014,India,APAC,0.95,PLT-07,Seoul Tech,South Korea,APAC,Enterprise,Canada,1,1,28.0,28.0,28,28,28.0,
2026-09-01,SUP-014,Supplier 014,India,APAC,0.95,PLT-01,Munich Center,Germany,EMEA,Government,UK,1,1,31.0,31.0,31,31,31.0,
2026-09-01,SUP-014,Supplier 014,India,APAC,0.95,PLT-00,Shanghai Hub,China,APAC,SMB,USA,1,2,36.5,36.5,35,38,37.9,2.1
2026-09-01,SUP-015,Supplier 015,Mexico,LATAM,0.75,PLT-01,Munich Center,Germany,EMEA,SMB,Japan,1,1,24.0,24.0,24,24,24.0,
2026-09-01,SUP-015,Supplier 015,Mexico,LATAM,0.75,PLT-08,Taipei Micro,Taiwan,APAC,SMB,Singapore,1,1,25.0,25.0,25,25,25.0,
2026-09-01,SUP-015,Supplier 015,Mexico,LATAM,0.75,PLT-02,Detroit Works,USA,NA,SMB,UK,1,1,25.0,25.0,25,25,25.0,
2026-09-01,SUP-015,Supplier 015,Mexico,LATAM,0.75,PLT-04,Chennai Forge,India,APAC,Government,Germany,1,2,29.0,29.0,26,32,31.7,4.2
2026-09-01,SUP-015,Supplier 015,Mexico,LATAM,0.75,PLT-05,Monterrey Plant,Mexico,LATAM,SMB,Canada,1,1,29.0,29.0,29,29,29.0,
2026-09-01,SUP-015,Supplier 015,Mexico,LATAM,0.75,PLT-08,Taipei Micro,Taiwan,APAC,SMB,USA,1,1,30.0,30.0,30,30,30.0,
2026-09-01,SUP-015,Supplier 015,Mexico,LATAM,0.75,PLT-05,Monterrey Plant,Mexico,LATAM,Government,USA,1,2,27.0,27.0,24,30,29.7,4.2
2026-09-01,SUP-015,Supplier 015,Mexico,LATAM,0.75,PLT-02,Detroit Works,USA,NA,SMB,Germany,2,2,22.0,22.0,20,24,23.8,2.8
2026-09-01,SUP-015,Supplier 015,Mexico,LATAM,0.75,PLT-08,Taipei Micro,Taiwan,APAC,Enterprise,Canada,1,1,23.0,23.0,23,23,23.0,
2026-09-01,SUP-015,Supplier 015,Mexico,LATAM,0.75,PLT-06,Sao Paulo Ops,Brazil,LATAM,SMB,Canada,1,1,28.0,28.0,28,28,28.0,
2026-09-01,SUP-016,Supplier 016,Brazil,LATAM,0.66,PLT-01,Munich Center,Germany,EMEA,Government,Australia,1,1,23.0,23.0,23,23,23.0,
2026-09-01,SUP-016,Supplier 016,Brazil,LATAM,0.66,PLT-01,Munich Center,Germany,EMEA,Enterprise,Japan,1,1,28.0,28.0,28,28,28.0,
2026-09-01,SUP-016,Supplier 016,Brazil,LATAM,0.66,PLT-03,Tokyo Precision,Japan,APAC,Enterprise,France,1,1,30.0,30.0,30,30,30.0,
2026-09-01,SUP-017,Supplier 017,South Korea,APAC,0.89,PLT-04,Chennai Forge,India,APAC,Government,USA,1,1,26.0,26.0,26,26,26.0,
2026-09-01,SUP-017,Supplier 017,South Korea,APAC,0.89,PLT-03,Tokyo Precision,Japan,APAC,SMB,Germany,1,2,30.5,30.5,26,35,34.6,6.4
2026-09-01,SUP-017,Supplier 017,South Korea,APAC,0.89,PLT-00,Shanghai Hub,China,APAC,Government,Singapore,1,1,29.0,29.0,29,29,29.0,
2026-09-01,SUP-017,Supplier 017,South Korea,APAC,0.89,PLT-00,Shanghai Hub,China,APAC,Government,France,1,1,32.0,32.0,32,32,32.0,
2026-09-01,SUP-018,Supplier 018,Taiwan,APAC,0.75,PLT-00,Shanghai Hub,China,APAC,Enterprise,France,1,1,38.0,38.0,38,38,38.0,
2026-09-01,SUP-018,Supplier 018,Taiwan,APAC,0.75,PLT-05,Monterrey Plant,Mexico,LATAM,SMB,Australia,1,2,38.5,38.5,34,43,42.6,6.4
2026-09-01,SUP-018,Supplier 018,Taiwan,APAC,0.75,PLT-07,Seoul Tech,South Korea,APAC,Enterprise,USA,1,1,35.0,35.0,35,35,35.0,
2026-09-01,SUP-018,Supplier 018,Taiwan,APAC,0.75,PLT-03,Tokyo Precision,Japan,APAC,Enterprise,USA,1,2,39.5,39.5,37,42,41.8,3.5
2026-09-01,SUP-018,Supplier 018,Taiwan,APAC,0.75,PLT-08,Taipei Micro,Taiwan,APAC,Government,USA,1,1,34.0,34.0,34,34,34.0,
2026-09-01,SUP-018,Supplier 018,Taiwan,APAC,0.75,PLT-03,Tokyo Precision,Japan,APAC,SMB,Australia,1,1,34.0,34.0,34,34,34.0,
2026-09-01,SUP-019,Supplier 019,Vietnam,APAC,0.57,PLT-03,Tokyo Precision,Japan,APAC,Enterprise,France,1,2,38.0,38.0,30,46,45.2,11.3
2026-09-01,SUP-019,Supplier 019,Vietnam,APAC,0.57,PLT-03,Tokyo Precision,Japan,APAC,SMB,Singapore,1,2,35.5,35.5,32,39,38.7,4.9
2026-09-01,SUP-019,Supplier 019,Vietnam,APAC,0.57,PLT-06,Sao Paulo Ops,Brazil,LATAM,SMB,UK,1,1,30.0,30.0,30,30,30.0,
2026-09-01,SUP-019,Supplier 019,Vietnam,APAC,0.57,PLT-08,Taipei Micro,Taiwan,APAC,SMB,France,1,1,36.0,36.0,36,36,36.0,
2026-09-01,SUP-019,Supplier 019,Vietnam,APAC,0.57,PLT-02,Detroit Works,USA,NA,SMB,UK,1,2,30.5,30.5,26,35,34.6,6.4
2026-09-01,SUP-019,Supplier 019,Vietnam,APAC,0.57,PLT-04,Chennai Forge,India,APAC,SMB,Germany,1,1,35.0,35.0,35,35,35.0,
2026-09-01,SUP-020,Supplier 020,China,APAC,0.6,PLT-04,Chennai Forge,India,APAC,SMB,Singapore,1,1,31.0,31.0,31,31,31.0,
2026-09-01,SUP-020,Supplier 020,China,APAC,0.6,PLT-04,Chennai Forge,India,APAC,SMB,Germany,1,1,32.0,32.0,32,32,32.0,
2026-09-01,SUP-020,Supplier 020,China,APAC,0.6,PLT-01,Munich Center,Germany,EMEA,SMB,Australia,1,1,21.0,21.0,21,21,21.0,
2026-09-01,SUP-020,Supplier 020,China,APAC,0.6,PLT-06,Sao Paulo Ops,Brazil,LATAM,SMB,Canada,1,2,30.5,30.5,30,31,31.0,0.7
2026-09-01,SUP-021,Supplier 021,Germany,EMEA,0.75,PLT-06,Sao Paulo Ops,Brazil,LATAM,SMB,Germany,1,1,22.0,22.0,22,22,22.0,
2026-09-01,SUP-021,Supplier 021,Germany,EMEA,0.75,PLT-02,Detroit Works,USA,NA,Government,Germany,1,1,24.0,24.0,24,24,24.0,
2026-09-01,SUP-021,Supplier 021,Germany,EMEA,0.75,PLT-06,Sao Paulo Ops,Brazil,LATAM,Enterprise,Australia,1,2,24.5,24.5,20,29,28.6,6.4
2026-09-01,SUP-021,Supplier 021,Germany,EMEA,0.75,PLT-02,Detroit Works,USA,NA,Enterprise,France,1,2,24.0,24.0,19,29,28.5,7.1
2026-09-01,SUP-021,Supplier 021,Germany,EMEA,0.75,PLT-02,Detroit Works,USA,NA,SMB,USA,1,2,23.0,23.0,22,24,23.9,1.4
2026-09-01,SUP-021,Supplier 021,Germany,EMEA,0.75,PLT-03,Tokyo Precision,Japan,APAC,Government,France,1,1,26.0,26.0,26,26,26.0,
2026-09-01,SUP-021,Supplier 021,Germany,EMEA,0.75,PLT-05,Monterrey Plant,Mexico,LATAM,SMB,UK,1,1,24.0,24.0,24,24,24.0,
2026-09-01,SUP-021,Supplier 021,Germany,EMEA,0.75,PLT-09,Hanoi Assembly,Vietnam,APAC,Government,Germany,1,1,26.0,26.0,26,26,26.0,
2026-09-01,SUP-021,Supplier 021,Germany,EMEA,0.75,PLT-05,Monterrey Plant,Mexico,LATAM,SMB,Canada,1,2,27.5,27.5,24,31,30.7,4.9
2026-09-01,SUP-022,Supplier 022,USA,NA,0.8,PLT-07,Seoul Tech,South Korea,APAC,Government,Canada,1,1,19.0,19.0,19,19,19.0,
2026-09-01,SUP-022,Supplier 022,USA,NA,0.8,PLT-02,Detroit Works,USA,NA,Enterprise,UK,1,1,17.0,17.0,17,17,17.0,
2026-09-01,SUP-022,Supplier 022,USA,NA,0.8,PLT-09,Hanoi Assembly,Vietnam,APAC,SMB,Germany,1,1,18.0,18.0,18,18,18.0,
2026-09-01,SUP-022,Supplier 022,USA,NA,0.8,PLT-08,Taipei Micro,Taiwan,APAC,SMB,Germany,1,1,18.0,18.0,18,18,18.0,
2026-09-01,SUP-022,Supplier 022,USA,NA,0.8,PLT-03,Tokyo Precision,Japan,APAC,Government,Germany,1,2,22.5,22.5,16,29,28.4,9.2
2026-09-01,SUP-022,Supplier 022,USA,NA,0.8,PLT-01,Munich Center,Germany,EMEA,Government,France,1,1,16.0,16.0,16,16,16.0,
2026-09-01,SUP-022,Supplier 022,USA,NA,0.8,PLT-08,Taipei Micro,Taiwan,APAC,SMB,Singapore,1,1,19.0,19.0,19,19,19.0,
2026-09-01,SUP-022,Supplier 022,USA,NA,0.8,PLT-06,Sao Paulo Ops,Brazil,LATAM,SMB,USA,1,1,21.0,21.0,21,21,21.0,
2026-09-01,SUP-022,Supplier 022,USA,NA,0.8,PLT-01,Munich Center,Germany,EMEA,Government,Canada,1,1,13.0,13.0,13,13,13.0,
2026-09-01,SUP-022,Supplier 022,USA,NA,0.8,PLT-03,Tokyo Precision,Japan,APAC,SMB,France,1,1,19.0,19.0,19,19,19.0,
2026-09-01,SUP-023,Supplier 023,Japan,APAC,0.98,PLT-09,Hanoi Assembly,Vietnam,APAC,Enterprise,Germany,1,2,36.0,36.0,36,36,36.0,0.0
2026-09-01,SUP-023,Supplier 023,Japan,APAC,0.98,PLT-04,Chennai Forge,India,APAC,SMB,UK,1,1,30.0,30.0,30,30,30.0,
2026-09-01,SUP-024,Supplier 024,India,APAC,0.89,PLT-05,Monterrey Plant,Mexico,LATAM,Enterprise,France,1,1,26.0,26.0,26,26,26.0,
2026-09-01,SUP-024,Supplier 024,India,APAC,0.89,PLT-07,Seoul Tech,South Korea,APAC,SMB,Singapore,1,1,31.0,31.0,31,31,31.0,
2026-09-01,SUP-024,Supplier 024,India,APAC,0.89,PLT-06,Sao Paulo Ops,Brazil,LATAM,SMB,Australia,1,2,29.0,29.0,29,29,29.0,0.0
2026-09-01,SUP-024,Supplier 024,India,APAC,0.89,PLT-01,Munich Center,Germany,EMEA,SMB,UK,1,2,28.5,28.5,27,30,29.9,2.1
2026-09-01,SUP-024,Supplier 024,India,APAC,0.89,PLT-01,Munich Center,Germany,EMEA,SMB,Singapore,1,2,28.0,28.0,24,32,31.6,5.7
2026-09-01,SUP-025,Supplier 025,Mexico,LATAM,0.71,PLT-04,Chennai Forge,India,APAC,Enterprise,Germany,1,1,26.0,26.0,26,26,26.0,
2026-09-01,SUP-025,Supplier 025,Mexico,LATAM,0.71,PLT-04,Chennai Forge,India,APAC,SMB,France,1,1,25.0,25.0,25,25,25.0,
2026-09-01,SUP-025,Supplier 025,Mexico,LATAM,0.71,PLT-08,Taipei Micro,Taiwan,APAC,Government,France,1,1,31.0,31.0,31,31,31.0,
2026-09-01,SUP-025,Supplier 025,Mexico,LATAM,0.71,PLT-02,Detroit Works,USA,NA,Enterprise,USA,1,2,25.5,25.5,25,26,26.0,0.7
2026-09-01,SUP-025,Supplier 025,Mexico,LATAM,0.71,PLT-06,Sao Paulo Ops,Brazil,LATAM,SMB,Australia,1,2,26.0,26.0,22,30,29.6,5.7
2026-09-01,SUP-025,Supplier 025,Mexico,LATAM,0.71,PLT-02,Detroit Works,USA,NA,Government,USA,1,1,24.0,24.0,24,24,24.0,
2026-09-01,SUP-025,Supplier 025,Mexico,LATAM,0.71,PLT-07,Seoul Tech,South Korea,APAC,SMB,France,1,2,35.0,35.0,33,37,36.8,2.8
2026-09-01,SUP-026,Supplier 026,Brazil,LATAM,0.73,PLT-06,Sao Paulo Ops,Brazil,LATAM,Government,Singapore,1,2,25.5,25.5,22,29,28.7,4.9
2026-09-01,SUP-026,Supplier 026,Brazil,LATAM,0.73,PLT-07,Seoul Tech,South Korea,APAC,Enterprise,USA,1,2,30.0,30.0,25,35,34.5,7.1
2026-09-01,SUP-026,Supplier 026,Brazil,LATAM,0.73,PLT-04,Chennai Forge,India,APAC,Government,Germany,1,1,24.0,24.0,24,24,24.0,
2026-09-01,SUP-027,Supplier 027,South Korea,APAC,0.94,PLT-05,Monterrey Plant,Mexico,LATAM,Enterprise,Canada,1,1,32.0,32.0,32,32,32.0,
2026-09-01,SUP-027,Supplier 027,South Korea,APAC,0.94,PLT-01,Munich Center,Germany,EMEA,SMB,UK,1,1,26.0,26.0,26,26,26.0,
2026-09-01,SUP-027,Supplier 027,South Korea,APAC,0.94,PLT-09,Hanoi Assembly,Vietnam,APAC,SMB,Canada,1,2,33.0,33.0,29,37,36.6,5.7
2026-09-01,SUP-027,Supplier 027,South Korea,APAC,0.94,PLT-08,Taipei Micro,Taiwan,APAC,Enterprise,France,1,1,28.0,28.0,28,28,28.0,
2026-09-01,SUP-027,Supplier 027,South Korea,APAC,0.94,PLT-02,Detroit Works,USA,NA,SMB,Australia,1,1,28.0,28.0,28,28,28.0,
2026-09-01,SUP-027,Supplier 027,South Korea,APAC,0.94,PLT-04,Chennai Forge,India,APAC,SMB,Singapore,1,1,31.0,31.0,31,31,31.0,
2026-09-01,SUP-027,Supplier 027,South Korea,APAC,0.94,PLT-09,Hanoi Assembly,Vietnam,APAC,SMB,Singapore,1,1,29.0,29.0,29,29,29.0,
2026-09-01,SUP-027,Supplier 027,South Korea,APAC,0.94,PLT-09,Hanoi Assembly,Vietnam,APAC,SMB,Germany,1,1,31.0,31.0,31,31,31.0,
2026-09-01,SUP-027,Supplier 027,South Korea,APAC,0.94,PLT-00,Shanghai Hub,China,APAC,SMB,UK,1,1,32.0,32.0,32,32,32.0,
2026-09-01,SUP-027,Supplier 027,South Korea,APAC,0.94,PLT-04,Chennai Forge,India,APAC,Government,USA,1,1,30.0,30.0,30,30,30.0,
2026-09-01,SUP-028,Supplier 028,Taiwan,APAC,0.84,PLT-01,Munich Center,Germany,EMEA,SMB,Canada,1,1,27.0,27.0,27,27,27.0,
2026-09-01,SUP-028,Supplier 028,Taiwan,APAC,0.84,PLT-01,Munich Center,Germany,EMEA,SMB,France,1,1,28.0,28.0,28,28,28.0,
2026-09-01,SUP-029,Supplier 029,Vietnam,APAC,0.51,PLT-09,Hanoi Assembly,Vietnam,APAC,SMB,Australia,1,1,25.0,25.0,25,25,25.0,
2026-09-01,SUP-029,Supplier 029,Vietnam,APAC,0.51,PLT-06,Sao Paulo Ops,Brazil,LATAM,Enterprise,Japan,1,1,27.0,27.0,27,27,27.0,
2026-09-01,SUP-030,Supplier 030,China,APAC,0.59,PLT-06,Sao Paulo Ops,Brazil,LATAM,SMB,Singapore,1,1,29.0,29.0,29,29,29.0,
2026-09-01,SUP-030,Supplier 030,China,APAC,0.59,PLT-06,Sao Paulo Ops,Brazil,LATAM,Government,Japan,1,1,32.0,32.0,32,32,32.0,
2026-09-01,SUP-030,Supplier 030,China,APAC,0.59,PLT-02,Detroit Works,USA,NA,SMB,Australia,1,2,25.0,25.0,23,27,26.8,2.8
2026-09-01,SUP-030,Supplier 030,China,APAC,0.59,PLT-07,Seoul Tech,South Korea,APAC,SMB,Australia,1,1,28.0,28.0,28,28,28.0,
2026-09-01,SUP-031,Supplier 031,Germany,EMEA,0.92,PLT-09,Hanoi Assembly,Vietnam,APAC,SMB,Canada,1,1,23.0,23.0,23,23,23.0,
2026-09-01,SUP-031,Supplier 031,Germany,EMEA,0.92,PLT-03,Tokyo Precision,Japan,APAC,SMB,France,1,1,27.0,27.0,27,27,27.0,
2026-09-01,SUP-031,Supplier 031,Germany,EMEA,0.92,PLT-05,Monterrey Plant,Mexico,LATAM,SMB,USA,1,1,25.0,25.0,25,25,25.0,
2026-09-01,SUP-031,Supplier 031,Germany,EMEA,0.92,PLT-03,Tokyo Precision,Japan,APAC,Government,Australia,1,2,27.5,27.5,26,29,28.9,2.1
2026-09-01,SUP-031,Supplier 031,Germany,EMEA,0.92,PLT-02,Detroit Works,USA,NA,SMB,Canada,1,1,19.0,19.0,19,19,19.0,
2026-09-01,SUP-032,Supplier 032,USA,NA,0.78,PLT-00,Shanghai Hub,China,APAC,Enterprise,Canada,1,2,17.0,17.0,14,20,19.7,4.2
2026-09-01,SUP-032,Supplier 032,USA,NA,0.78,PLT-06,Sao Paulo Ops,Brazil,LATAM,SMB,Australia,1,1,13.0,13.0,13,13,13.0,
2026-09-01,SUP-032,Supplier 032,USA,NA,0.78,PLT-07,Seoul Tech,South Korea,APAC,Government,Germany,1,1,15.0,15.0,15,15,15.0,
2026-09-01,SUP-033,Supplier 033,Japan,APAC,0.5,PLT-06,Sao Paulo Ops,Brazil,LATAM,SMB,Germany,1,1,25.0,25.0,25,25,25.0,
2026-09-01,SUP-033,Supplier 033,Japan,APAC,0.5,PLT-08,Taipei Micro,Taiwan,APAC,SMB,Singapore,1,1,22.0,22.0,22,22,22.0,
2026-09-01,SUP-033,Supplier 033,Japan,APAC,0.5,PLT-00,Shanghai Hub,China,APAC,Enterprise,France,1,1,27.0,27.0,27,27,27.0,
2026-09-01,SUP-033,Supplier 033,Japan,APAC,0.5,PLT-07,Seoul Tech,South Korea,APAC,SMB,Singapore,1,1,28.0,28.0,28,28,28.0,
2026-09-01,SUP-033,Supplier 033,Japan,APAC,0.5,PLT-02,Detroit Works,USA,NA,Government,Canada,1,1,21.0,21.0,21,21,21.0,
2026-09-01,SUP-033,Supplier 033,Japan,APAC,0.5,PLT-09,Hanoi Assembly,Vietnam,APAC,Enterprise,USA,1,1,20.0,20.0,20,20,20.0,
2026-09-01,SUP-033,Supplier 033,Japan,APAC,0.5,PLT-05,Monterrey Plant,Mexico,LATAM,SMB,Canada,1,1,19.0,19.0,19,19,19.0,
2026-09-01,SUP-034,Supplier 034,India,APAC,0.95,PLT-02,Detroit Works,USA,NA,SMB,Canada,1,2,21.0,21.0,19,23,22.8,2.8
2026-09-01,SUP-034,Supplier 034,India,APAC,0.95,PLT-02,Detroit Works,USA,NA,SMB,UK,1,1,18.0,18.0,18,18,18.0,
2026-09-01,SUP-034,Supplier 034,India,APAC,0.95,PLT-00,Shanghai Hub,China,APAC,SMB,Singapore,1,1,25.0,25.0,25,25,25.0,
2026-09-01,SUP-034,Supplier 034,India,APAC,0.95,PLT-05,Monterrey Plant,Mexico,LATAM,Enterprise,Canada,1,1,25.0,25.0,25,25,25.0,
2026-09-01,SUP-034,Supplier 034,India,APAC,0.95,PLT-09,Hanoi Assembly,Vietnam,APAC,Government,USA,1,1,22.0,22.0,22,22,22.0,
2026-09-01,SUP-034,Supplier 034,India,APAC,0.95,PLT-03,Tokyo Precision,Japan,APAC,Enterprise,France,1,1,23.0,23.0,23,23,23.0,
2026-09-01,SUP-034,Supplier 034,India,APAC,0.95,PLT-08,Taipei Micro,Taiwan,APAC,Government,UK,1,1,27.0,27.0,27,27,27.0,
2026-09-01,SUP-034,Supplier 034,India,APAC,0.95,PLT-02,Detroit Works,USA,NA,Government,USA,1,1,19.0,19.0,19,19,19.0,
2026-09-01,SUP-035,Supplier 035,Mexico,LATAM,0.77,PLT-06,Sao Paulo Ops,Brazil,LATAM,Government,France,1,1,17.0,17.0,17,17,17.0,
2026-09-01,SUP-035,Supplier 035,Mexico,LATAM,0.77,PLT-08,Taipei Micro,Taiwan,APAC,SMB,Germany,1,1,20.0,20.0,20,20,20.0,
2026-09-01,SUP-035,Supplier 035,Mexico,LATAM,0.77,PLT-00,Shanghai Hub,China,APAC,Enterprise,UK,1,1,26.0,26.0,26,26,26.0,
2026-09-01,SUP-035,Supplier 035,Mexico,LATAM,0.77,PLT-09,Hanoi Assembly,Vietnam,APAC,SMB,UK,1,1,22.0,22.0,22,22,22.0,
2026-09-01,SUP-035,Supplier 035,Mexico,LATAM,0.77,PLT-09,Hanoi Assembly,Vietnam,APAC,SMB,Germany,1,1,18.0,18.0,18,18,18.0,
2026-09-01,SUP-035,Supplier 035,Mexico,LATAM,0.77,PLT-06,Sao Paulo Ops,Brazil,LATAM,SMB,UK,1,2,22.5,22.5,20,25,24.8,3.5
2026-09-01,SUP-035,Supplier 035,Mexico,LATAM,0.77,PLT-09,Hanoi Assembly,Vietnam,APAC,Government,UK,1,2,22.0,22.0,19,25,24.7,4.2
2026-09-01,SUP-035,Supplier 035,Mexico,LATAM,0.77,PLT-01,Munich Center,Germany,EMEA,Government,USA,1,1,20.0,20.0,20,20,20.0,
2026-09-01,SUP-035,Supplier 035,Mexico,LATAM,0.77,PLT-08,Taipei Micro,Taiwan,APAC,Enterprise,Germany,1,2,25.0,25.0,24,26,25.9,1.4
2026-09-01,SUP-036,Supplier 036,Brazil,LATAM,0.76,PLT-08,Taipei Micro,Taiwan,APAC,SMB,Singapore,1,1,19.0,19.0,19,19,19.0,
2026-09-01,SUP-036,Supplier 036,Brazil,LATAM,0.76,PLT-04,Chennai Forge,India,APAC,SMB,Australia,1,1,15.0,15.0,15,15,15.0,
2026-09-01,SUP-036,Supplier 036,Brazil,LATAM,0.76,PLT-07,Seoul Tech,South Korea,APAC,SMB,Canada,1,1,18.0,18.0,18,18,18.0,
2026-09-01,SUP-036,Supplier 036,Brazil,LATAM,0.76,PLT-05,Monterrey Plant,Mexico,LATAM,SMB,Germany,1,1,17.0,17.0,17,17,17.0,
2026-09-01,SUP-036,Supplier 036,Brazil,LATAM,0.76,PLT-04,Chennai Forge,India,APAC,Government,Japan,1,2,21.5,21.5,20,23,22.9,2.1
2026-09-01,SUP-037,Supplier 037,South Korea,APAC,0.7,PLT-04,Chennai Forge,India,APAC,SMB,Germany,1,1,30.0,30.0,30,30,30.0,
2026-09-01,SUP-037,Supplier 037,South Korea,APAC,0.7,PLT-05,Monterrey Plant,Mexico,LATAM,SMB,Singapore,1,1,27.0,27.0,27,27,27.0,
2026-09-01,SUP-037,Supplier 037,South Korea,APAC,0.7,PLT-00,Shanghai Hub,China,APAC,SMB,UK,1,2,28.0,28.0,25,31,30.7,4.2
2026-09-01,SUP-037,Supplier 037,South Korea,APAC,0.7,PLT-00,Shanghai Hub,China,APAC,Enterprise,USA,1,1,24.0,24.0,24,24,24.0,
2026-09-01,SUP-037,Supplier 037,South Korea,APAC,0.7,PLT-01,Munich Center,Germany,EMEA,Enterprise,USA,1,1,27.0,27.0,27,27,27.0,
2026-09-01,SUP-037,Supplier 037,South Korea,APAC,0.7,PLT-03,Tokyo Precision,Japan,APAC,Enterprise,Japan,1,1,30.0,30.0,30,30,30.0,
2026-09-01,SUP-037,Supplier 037,South Korea,APAC,0.7,PLT-05,Monterrey Plant,Mexico,LATAM,Enterprise,Canada,1,1,27.0,27.0,27,27,27.0,
2026-09-01,SUP-037,Supplier 037,South Korea,APAC,0.7,PLT-09,Hanoi Assembly,Vietnam,APAC,Enterprise,USA,1,1,29.0,29.0,29,29,29.0,
2026-09-01,SUP-037,Supplier 037,South Korea,APAC,0.7,PLT-07,Seoul Tech,South Korea,APAC,SMB,Germany,1,1,32.0,32.0,32,32,32.0,
2026-09-01,SUP-037,Supplier 037,South Korea,APAC,0.7,PLT-01,Munich Center,Germany,EMEA,SMB,France,1,1,21.0,21.0,21,21,21.0,
2026-09-01,SUP-037,Supplier 037,South Korea,APAC,0.7,PLT-05,Monterrey Plant,Mexico,LATAM,Government,Australia,1,1,26.0,26.0,26,26,26.0,
2026-09-01,SUP-037,Supplier 037,South Korea,APAC,0.7,PLT-04,Chennai Forge,India,APAC,Enterprise,USA,1,1,24.0,24.0,24,24,24.0,
2026-09-01,SUP-037,Supplier 037,South Korea,APAC,0.7,PLT-04,Chennai Forge,India,APAC,SMB,USA,1,1,27.0,27.0,27,27,27.0,
2026-09-01,SUP-038,Supplier 038,Taiwan,APAC,0.95,PLT-03,Tokyo Precision,Japan,APAC,Enterprise,Canada,1,1,29.0,29.0,29,29,29.0,
2026-09-01,SUP-038,Supplier 038,Taiwan,APAC,0.95,PLT-04,Chennai Forge,India,APAC,SMB,Singapore,1,1,29.0,29.0,29,29,29.0,
2026-09-01,SUP-038,Supplier 038,Taiwan,APAC,0.95,PLT-03,Tokyo Precision,Japan,APAC,Government,Germany,1,1,29.0,29.0,29,29,29.0,
2026-09-01,SUP-038,Supplier 038,Taiwan,APAC,0.95,PLT-06,Sao Paulo Ops,Brazil,LATAM,SMB,France,1,1,27.0,27.0,27,27,27.0,
2026-09-01,SUP-038,Supplier 038,Taiwan,APAC,0.95,PLT-00,Shanghai Hub,China,APAC,SMB,UK,1,2,32.5,32.5,29,36,35.7,4.9
2026-09-01,SUP-038,Supplier 038,Taiwan,APAC,0.95,PLT-04,Chennai Forge,India,APAC,Enterprise,Germany,1,2,31.5,31.5,27,36,35.6,6.4
2026-09-01,SUP-038,Supplier 038,Taiwan,APAC,0.95,PLT-07,Seoul Tech,South Korea,APAC,Government,Australia,1,1,28.0,28.0,28,28,28.0,
2026-09-01,SUP-039,Supplier 039,Vietnam,APAC,0.68,PLT-05,Monterrey Plant,Mexico,LATAM,SMB,Singapore,1,1,21.0,21.0,21,21,21.0,
2026-09-01,SUP-039,Supplier 039,Vietnam,APAC,0.68,PLT-08,Taipei Micro,Taiwan,APAC,SMB,Canada,1,1,23.0,23.0,23,23,23.0,
2026-09-01,SUP-039,Supplier 039,Vietnam,APAC,0.68,PLT-00,Shanghai Hub,China,APAC,SMB,Singapore,1,1,19.0,19.0,19,19,19.0,
2026-09-01,SUP-039,Supplier 039,Vietnam,APAC,0.68,PLT-06,Sao Paulo Ops,Brazil,LATAM,SMB,Singapore,1,1,22.0,22.0,22,22,22.0,
2026-09-01,SUP-040,Supplier 040,China,APAC,0.96,PLT-09,Hanoi Assembly,Vietnam,APAC,SMB,Germany,1,1,19.0,19.0,19,19,19.0,
2026-09-01,SUP-041,Supplier 041,Germany,EMEA,0.64,PLT-05,Monterrey Plant,Mexico,LATAM,Enterprise,UK,1,2,31.0,31.0,28,34,33.7,4.2
2026-09-01,SUP-041,Supplier 041,Germany,EMEA,0.64,PLT-09,Hanoi Assembly,Vietnam,APAC,Government,UK,1,1,28.0,28.0,28,28,28.0,
2026-09-01,SUP-041,Supplier 041,Germany,EMEA,0.64,PLT-03,Tokyo Precision,Japan,APAC,SMB,France,1,1,32.0,32.0,32,32,32.0,
2026-09-01,SUP-041,Supplier 041,Germany,EMEA,0.64,PLT-05,Monterrey Plant,Mexico,LATAM,SMB,Canada,1,2,26.0,26.0,24,28,27.8,2.8
2026-09-01,SUP-041,Supplier 041,Germany,EMEA,0.64,PLT-06,Sao Paulo Ops,Brazil,LATAM,SMB,Australia,1,1,26.0,26.0,26,26,26.0,
2026-09-01,SUP-041,Supplier 041,Germany,EMEA,0.64,PLT-00,Shanghai Hub,China,APAC,SMB,Australia,1,1,21.0,21.0,21,21,21.0,
2026-09-01,SUP-041,Supplier 041,Germany,EMEA,0.64,PLT-09,Hanoi Assembly,Vietnam,APAC,Enterprise,Canada,1,1,33.0,33.0,33,33,33.0,
2026-09-01,SUP-041,Supplier 041,Germany,EMEA,0.64,PLT-00,Shanghai Hub,China,APAC,Enterprise,USA,1,1,28.0,28.0,28,28,28.0,
2026-09-01,SUP-041,Supplier 041,Germany,EMEA,0.64,PLT-00,Shanghai Hub,China,APAC,Enterprise,Germany,1,2,27.0,27.0,23,31,30.6,5.7
2026-09-01,SUP-041,Supplier 041,Germany,EMEA,0.64,PLT-05,Monterrey Plant,Mexico,LATAM,SMB,UK,1,2,27.0,27.0,26,28,27.9,1.4
2026-09-01,SUP-041,Supplier 041,Germany,EMEA,0.64,PLT-09,Hanoi Assembly,Vietnam,APAC,Enterprise,Germany,1,1,27.0,27.0,27,27,27.0,
2026-09-01,SUP-042,Supplier 042,USA,NA,0.91,PLT-07,Seoul Tech,South Korea,APAC,SMB,Germany,2,2,17.0,17.0,16,18,17.9,1.4
2026-09-01,SUP-042,Supplier 042,USA,NA,0.91,PLT-04,Chennai Forge,India,APAC,SMB,Australia,1,2,22.5,22.5,21,24,23.9,2.1
2026-09-01,SUP-042,Supplier 042,USA,NA,0.91,PLT-02,Detroit Works,USA,NA,SMB,Australia,1,1,12.0,12.0,12,12,12.0,
2026-09-01,SUP-042,Supplier 042,USA,NA,0.91,PLT-08,Taipei Micro,Taiwan,APAC,SMB,Canada,1,1,19.0,19.0,19,19,19.0,
2026-09-01,SUP-042,Supplier 042,USA,NA,0.91,PLT-04,Chennai Forge,India,APAC,SMB,USA,1,1,16.0,16.0,16,16,16.0,
2026-09-01,SUP-042,Supplier 042,USA,NA,0.91,PLT-07,Seoul Tech,South Korea,APAC,SMB,Australia,1,1,14.0,14.0,14,14,14.0,
2026-09-01,SUP-042,Supplier 042,USA,NA,0.91,PLT-04,Chennai Forge,India,APAC,Enterprise,USA,1,2,16.0,16.0,13,19,18.7,4.2
2026-09-01,SUP-042,Supplier 042,USA,NA,0.91,PLT-06,Sao Paulo Ops,Brazil,LATAM,Enterprise,Australia,1,1,13.0,13.0,13,13,13.0,
2026-09-01,SUP-042,Supplier 042,USA,NA,0.91,PLT-06,Sao Paulo Ops,Brazil,LATAM,SMB,Canada,1,1,19.0,19.0,19,19,19.0,
2026-09-01,SUP-042,Supplier 042,USA,NA,0.91,PLT-06,Sao Paulo Ops,Brazil,LATAM,Government,Germany,1,1,17.0,17.0,17,17,17.0,
2026-09-01,SUP-042,Supplier 042,USA,NA,0.91,PLT-03,Tokyo Precision,Japan,APAC,Enterprise,France,1,1,17.0,17.0,17,17,17.0,
2026-09-01,SUP-042,Supplier 042,USA,NA,0.91,PLT-06,Sao Paulo Ops,Brazil,LATAM,Enterprise,Canada,1,2,20.5,20.5,17,24,23.7,4.9
2026-09-01,SUP-042,Supplier 042,USA,NA,0.91,PLT-07,Seoul Tech,South Korea,APAC,Enterprise,Japan,1,1,19.0,19.0,19,19,19.0,
2026-09-01,SUP-043,Supplier 043,Japan,APAC,0.98,PLT-08,Taipei Micro,Taiwan,APAC,SMB,Singapore,1,1,31.0,31.0,31,31,31.0,
2026-09-01,SUP-043,Supplier 043,Japan,APAC,0.98,PLT-06,Sao Paulo Ops,Brazil,LATAM,Enterprise,Canada,1,1,27.0,27.0,27,27,27.0,
2026-09-01,SUP-043,Supplier 043,Japan,APAC,0.98,PLT-07,Seoul Tech,South Korea,APAC,Enterprise,USA,1,1,25.0,25.0,25,25,25.0,
2026-09-01,SUP-043,Supplier 043,Japan,APAC,0.98,PLT-01,Munich Center,Germany,EMEA,SMB,Australia,1,1,24.0,24.0,24,24,24.0,
2026-09-01,SUP-043,Supplier 043,Japan,APAC,0.98,PLT-02,Detroit Works,USA,NA,Enterprise,USA,1,1,23.0,23.0,23,23,23.0,
2026-09-01,SUP-043,Supplier 043,Japan,APAC,0.98,PLT-04,Chennai Forge,India,APAC,SMB,UK,1,1,31.0,31.0,31,31,31.0,
2026-09-01,SUP-043,Supplier 043,Japan,APAC,0.98,PLT-09,Hanoi Assembly,Vietnam,APAC,SMB,France,1,1,26.0,26.0,26,26,26.0,
2026-09-01,SUP-044,Supplier 044,India,APAC,0.55,PLT-04,Chennai Forge,India,APAC,SMB,Australia,1,1,30.0,30.0,30,30,30.0,
2026-09-01,SUP-044,Supplier 044,India,APAC,0.55,PLT-06,Sao Paulo Ops,Brazil,LATAM,SMB,Canada,1,1,30.0,30.0,30,30,30.0,
2026-09-01,SUP-044,Supplier 044,India,APAC,0.55,PLT-06,Sao Paulo Ops,Brazil,LATAM,SMB,USA,1,1,26.0,26.0,26,26,26.0,
2026-09-01,SUP-044,Supplier 044,India,APAC,0.55,PLT-01,Munich Center,Germany,EMEA,SMB,Canada,1,2,30.0,30.0,26,34,33.6,5.7
2026-09-01,SUP-044,Supplier 044,India,APAC,0.55,PLT-00,Shanghai Hub,China,APAC,Government,Singapore,1,1,32.0,32.0,32,32,32.0,
2026-09-01,SUP-044,Supplier 044,India,APAC,0.55,PLT-04,Chennai Forge,India,APAC,SMB,Singapore,1,1,28.0,28.0,28,28,28.0,
2026-09-01,SUP-044,Supplier 044,India,APAC,0.55,PLT-08,Taipei Micro,Taiwan,APAC,Enterprise,Japan,1,1,29.0,29.0,29,29,29.0,
2026-09-01,SUP-044,Supplier 044,India,APAC,0.55,PLT-08,Taipei Micro,Taiwan,APAC,SMB,Singapore,1,1,25.0,25.0,25,25,25.0,
2026-09-01,SUP-045,Supplier 045,Mexico,LATAM,0.92,PLT-01,Munich Center,Germany,EMEA,SMB,France,1,1,19.0,19.0,19,19,19.0,
2026-09-01,SUP-045,Supplier 045,Mexico,LATAM,0.92,PLT-07,Seoul Tech,South Korea,APAC,SMB,UK,1,1,21.0,21.0,21,21,21.0,
2026-09-01,SUP-045,Supplier 045,Mexico,LATAM,0.92,PLT-04,Chennai Forge,India,APAC,SMB,UK,1,1,24.0,24.0,24,24,24.0,
2026-09-01,SUP-045,Supplier 045,Mexico,LATAM,0.92,PLT-08,Taipei Micro,Taiwan,APAC,SMB,Canada,1,1,18.0,18.0,18,18,18.0,
2026-09-01,SUP-045,Supplier 045,Mexico,LATAM,0.92,PLT-04,Chennai Forge,India,APAC,Enterprise,USA,1,1,19.0,19.0,19,19,19.0,
2026-09-01,SUP-045,Supplier 045,Mexico,LATAM,0.92,PLT-07,Seoul Tech,South Korea,APAC,Government,USA,1,1,19.0,19.0,19,19,19.0,
2026-09-01,SUP-045,Supplier 045,Mexico,LATAM,0.92,PLT-00,Shanghai Hub,China,APAC,Government,USA,1,1,18.0,18.0,18,18,18.0,
2026-09-01,SUP-045,Supplier 045,Mexico,LATAM,0.92,PLT-05,Monterrey Plant,Mexico,LATAM,Enterprise,USA,1,2,25.0,25.0,24,26,25.9,1.4
2026-09-01,SUP-045,Supplier 045,Mexico,LATAM,0.92,PLT-02,Detroit Works,USA,NA,Enterprise,Germany,1,1,19.0,19.0,19,19,19.0,
2026-09-01,SUP-045,Supplier 045,Mexico,LATAM,0.92,PLT-07,Seoul Tech,South Korea,APAC,SMB,Germany,1,1,24.0,24.0,24,24,24.0,
2026-09-01,SUP-045,Supplier 045,Mexico,LATAM,0.92,PLT-02,Detroit Works,USA,NA,SMB,France,1,2,20.5,20.5,17,24,23.7,4.9
2026-09-01,SUP-046,Supplier 046,Brazil,LATAM,0.96,PLT-01,Munich Center,Germany,EMEA,Enterprise,Singapore,1,1,22.0,22.0,22,22,22.0,
2026-09-01,SUP-046,Supplier 046,Brazil,LATAM,0.96,PLT-09,Hanoi Assembly,Vietnam,APAC,SMB,France,1,2,27.5,27.5,24,31,30.7,4.9
2026-09-01,SUP-046,Supplier 046,Brazil,LATAM,0.96,PLT-06,Sao Paulo Ops,Brazil,LATAM,Government,USA,1,1,26.0,26.0,26,26,26.0,
2026-09-01,SUP-046,Supplier 046,Brazil,LATAM,0.96,PLT-06,Sao Paulo Ops,Brazil,LATAM,SMB,UK,1,1,22.0,22.0,22,22,22.0,
2026-09-01,SUP-046,Supplier 046,Brazil,LATAM,0.96,PLT-08,Taipei Micro,Taiwan,APAC,SMB,UK,1,1,27.0,27.0,27,27,27.0,
2026-09-01,SUP-046,Supplier 046,Brazil,LATAM,0.96,PLT-07,Seoul Tech,South Korea,APAC,Government,France,1,1,27.0,27.0,27,27,27.0,
2026-09-01,SUP-046,Supplier 046,Brazil,LATAM,0.96,PLT-00,Shanghai Hub,China,APAC,Enterprise,USA,1,1,26.0,26.0,26,26,26.0,
2026-09-01,SUP-046,Supplier 046,Brazil,LATAM,0.96,PLT-01,Munich Center,Germany,EMEA,SMB,Australia,1,2,27.0,27.0,26,28,27.9,1.4
2026-09-01,SUP-046,Supplier 046,Brazil,LATAM,0.96,PLT-00,Shanghai Hub,China,APAC,Enterprise,Japan,1,1,26.0,26.0,26,26,26.0,
2026-09-01,SUP-046,Supplier 046,Brazil,LATAM,0.96,PLT-04,Chennai Forge,India,APAC,SMB,Germany,1,2,29.5,29.5,23,36,35.4,9.2
2026-09-01,SUP-046,Supplier 046,Brazil,LATAM,0.96,PLT-00,Shanghai Hub,China,APAC,SMB,France,1,2,30.0,30.0,30,30,30.0,0.0
2026-09-01,SUP-046,Supplier 046,Brazil,LATAM,0.96,PLT-01,Munich Center,Germany,EMEA,Enterprise,France,1,1,26.0,26.0,26,26,26.0,
2026-09-01,SUP-047,Supplier 047,South Korea,APAC,0.59,PLT-01,Munich Center,Germany,EMEA,Enterprise,Germany,1,1,29.0,29.0,29,29,29.0,
2026-09-01,SUP-047,Supplier 047,South Korea,APAC,0.59,PLT-04,Chennai Forge,India,APAC,SMB,Canada,1,1,27.0,27.0,27,27,27.0,
2026-09-01,SUP-047,Supplier 047,South Korea,APAC,0.59,PLT-06,Sao Paulo Ops,Brazil,LATAM,Government,Japan,1,1,34.0,34.0,34,34,34.0,
2026-09-01,SUP-048,Supplier 048,Taiwan,APAC,0.54,PLT-00,Shanghai Hub,China,APAC,SMB,France,1,1,31.0,31.0,31,31,31.0,
2026-09-01,SUP-048,Supplier 048,Taiwan,APAC,0.54,PLT-03,Tokyo Precision,Japan,APAC,Enterprise,Germany,1,1,31.0,31.0,31,31,31.0,
2026-09-01,SUP-048,Supplier 048,Taiwan,APAC,0.54,PLT-06,Sao Paulo Ops,Brazil,LATAM,SMB,Japan,1,1,32.0,32.0,32,32,32.0,
2026-09-01,SUP-048,Supplier 048,Taiwan,APAC,0.54,PLT-04,Chennai Forge,India,APAC,Enterprise,Japan,1,1,34.0,34.0,34,34,34.0,
2026-09-01,SUP-049,Supplier 049,Vietnam,APAC,0.75,PLT-01,Munich Center,Germany,EMEA,SMB,Canada,1,1,34.0,34.0,34,34,34.0,
2026-09-01,SUP-049,Supplier 049,Vietnam,APAC,0.75,PLT-00,Shanghai Hub,China,APAC,SMB,Germany,1,2,41.5,41.5,39,44,43.8,3.5
2026-09-01,SUP-049,Supplier 049,Vietnam,APAC,0.75,PLT-05,Monterrey Plant,Mexico,LATAM,SMB,Australia,2,4,36.5,36.5,35,38,37.9,1.3
2026-09-01,SUP-049,Supplier 049,Vietnam,APAC,0.75,PLT-06,Sao Paulo Ops,Brazil,LATAM,Enterprise,USA,1,1,36.0,36.0,36,36,36.0,
2026-09-01,SUP-049,Supplier 049,Vietnam,APAC,0.75,PLT-00,Shanghai Hub,China,APAC,SMB,UK,1,1,31.0,31.0,31,31,31.0,
2026-10-01,SUP-002,Supplier 002,USA,NA,0.74,PLT-03,Tokyo Precision,Japan,APAC,Enterprise,USA,1,1,25.0,25.0,25,25,25.0,
2026-10-01,SUP-009,Supplier 009,Vietnam,APAC,1.0,PLT-04,Chennai Forge,India,APAC,Enterprise,Japan,1,1,28.0,28.0,28,28,28.0,
2026-10-01,SUP-012,Supplier 012,USA,NA,0.66,PLT-04,Chennai Forge,India,APAC,Government,Canada,1,2,21.0,21.0,18,24,23.7,4.2
2026-10-01,SUP-024,Supplier 024,India,APAC,0.89,PLT-00,Shanghai Hub,China,APAC,SMB,UK,1,1,27.0,27.0,27,27,27.0,
2026-10-01,SUP-025,Supplier 025,Mexico,LATAM,0.71,PLT-00,Shanghai Hub,China,APAC,Government,Germany,1,1,30.0,30.0,30,30,30.0,
2026-10-01,SUP-028,Supplier 028,Taiwan,APAC,0.84,PLT-08,Taipei Micro,Taiwan,APAC,Enterprise,France,1,1,35.0,35.0,35,35,35.0,
2026-10-01,SUP-031,Supplier 031,Germany,EMEA,0.92,PLT-09,Hanoi Assembly,Vietnam,APAC,Government,Australia,1,1,28.0,28.0,28,28,28.0,
