ORDER_MONTH,SUPPLIER_ID,SUPPLIER_NAME,SUPPLIER_COUNTRY,SUPPLIER_REGION,PLANT_ID,PLANT_NAME,PLANT_COUNTRY,PLANT_REGION,CUSTOMER_SEGMENT,CUSTOMER_COUNTRY,CARRIER,TOTAL_ORDERS,TOTAL_SHIPMENTS,ON_TIME_COUNT,IN_FULL_COUNT,OTIF_COUNT,ON_TIME_RATE,IN_FULL_RATE,OTIF_RATE,OTIF_DEFINITION
2025-10-01,SUP-000,Supplier 000,China,APAC,PLT-03,Tokyo Precision,Japan,APAC,SMB,Singapore,Kuehne+Nagel,1,1,1,1,1,100.0,100.0,100.0,LOGISTICS
2025-10-01,SUP-000,Supplier 000,China,APAC,PLT-04,Chennai Forge,India,APAC,Enterprise,Japan,UPS,1,1,0,0,0,0.0,0.0,0.0,LOGISTICS
2025-10-01,SUP-000,Supplier 000,China,APAC,PLT-04,Chennai Forge,India,APAC,Enterprise,Japan,DHL,1,1,1,1,1,100.0,100.0,100.0,LOGISTICS
2025-10-01,SUP-000,Supplier 000,China,APAC,PLT-03,Tokyo Precision,Japan,APAC,SMB,Singapore,DB Schenker,1,1,1,0,0,100.0,0.0,0.0,LOGISTICS
2025-10-01,SUP-000,Supplier 000,China,APAC,PLT-04,Chennai Forge,India,APAC,Government,USA,FedEx,1,1,1,0,0,100.0,0.0,0.0,LOGISTICS
2025-10-01,SUP-000,Supplier 000,China,APAC,PLT-04,Chennai Forge,India,APAC,Enterprise,Japan,Kuehne+Nagel,1,1,1,1,1,100.0,100.0,100.0,LOGISTICS
2025-10-01,SUP-000,Supplier 000,China,APAC,PLT-04,Chennai Forge,India,APAC,Government,USA,DB Schenker,1,1,1,0,0,100.0,0.0,0.0,LOGISTICS
2025-10-01,SUP-000,Supplier 000,China,APAC,PLT-06,Sao Paulo Ops,Brazil,LATAM,SMB,France,FedEx,1,1,0,1,0,0.0,100.0,0.0,LOGISTICS
2025-10-01,SUP-001,Supplier 001,Germany,EMEA,PLT-08,Taipei Micro,Taiwan,APAC,SMB,Australia,Maersk,1,1,1,1,1,100.0,100.0,100.0,LOGISTICS
2025-10-01,SUP-001,Supplier 001,Germany,EMEA,PLT-00,Shanghai Hub,China,APAC,SMB,Japan,DB Schenker,1,1,1,1,1,100.0,100.0,100.0,LOGISTICS
2025-10-01,SUP-001,Supplier 001,Germany,EMEA,PLT-00,Shanghai Hub,China,APAC,SMB,Japan,UPS,1,1,0,0,0,0.0,0.0,0.0,LOGISTICS
2025-10-01,SUP-001,Supplier 001,Germany,EMEA,PLT-01,Munich Center,Germany,EMEA,Enterprise,France,DB Schenker,1,1,1,1,1,100.0,100.0,100.0,LOGISTICS
2025-10-01,SUP-001,Supplier 001,Germany,EMEA,PLT-09,Hanoi Assembly,Vietnam,APAC,SMB,Australia,DB Schenker,1,1,0,0,0,0.0,0.0,0.0,LOGISTICS
2025-10-01,SUP-001,Supplier 001,Germany,EMEA,PLT-09,Hanoi Assembly,Vietnam,APAC,Enterprise,Japan,DHL,1,1,1,1,1,100.0,100.0,100.0,LOGISTICS
2025-10-01,SUP-001,Supplier 001,Germany,EMEA,PLT-09,Hanoi Assembly,Vietnam,APAC,SMB,Australia,UPS,1,1,0,1,0,0.0,100.0,0.0,LOGISTICS
2025-10-01,SUP-002,Supplier 002,USA,NA,PLT-07,Seoul Tech,South Korea,APAC,Enterprise,Australia,Kuehne+Nagel,1,1,1,1,1,100.0,100.0,100.0,LOGISTICS
2025-10-01,SUP-002,Supplier 002,USA,NA,PLT-02,Detroit Works,USA,NA,Government,Germany,UPS,1,1,0,1,0,0.0,100.0,0.0,LOGISTICS
2025-10-01,SUP-002,Supplier 002,USA,NA,PLT-03,Tokyo Precision,Japan,APAC,Enterprise,Canada,Kuehne+Nagel,1,1,0,0,0,0.0,0.0,0.0,LOGISTICS
2025-10-01,SUP-002,Supplier 002,USA,NA,PLT-03,Tokyo Precision,Japan,APAC,SMB,UK,Maersk,1,1,0,1,0,0.0,100.0,0.0,LOGISTICS
2025-10-01,SUP-002,Supplier 002,USA,NA,PLT-06,Sao Paulo Ops,Brazil,LATAM,SMB,UK,FedEx,1,1,1,0,0,100.0,0.0,0.0,LOGISTICS
2025-10-01,SUP-002,Supplier 002,USA,NA,PLT-08,Taipei Micro,Taiwan,APAC,Government,Germany,DHL,1,1,1,0,0,100.0,0.0,0.0,LOGISTICS
2025-10-01,SUP-002,Supplier 002,USA,NA,PLT-02,Detroit Works,USA,NA,Enterprise,USA,DB Schenker,1,1,0,0,0,0.0,0.0,0.0,LOGISTICS
2025-10-01,SUP-002,Supplier 002,USA,NA,PLT-03,Tokyo Precision,Japan,APAC,SMB,UK,UPS,1,1,0,0,0,0.0,0.0,0.0,LOGISTICS
2025-10-01,SUP-002,Supplier 002,USA,NA,PLT-00,Shanghai Hub,China,APAC,SMB,Singapore,Maersk,1,1,0,1,0,0.0,100.0,0.0,LOGISTICS
2025-10-01,SUP-002,Supplier 002,USA,NA,PLT-02,Detroit Works,USA,NA,Enterprise,USA,UPS,1,1,0,1,0,0.0,100.0,0.0,LOGISTICS
2025-10-01,SUP-003,Supplier 003,Japan,APAC,PLT-04,Chennai Forge,India,APAC,SMB,Singapore,DB Schenker,1,1,0,1,0,0.0,100.0,0.0,LOGISTICS
2025-10-01,SUP-003,Supplier 003,Japan,APAC,PLT-01,Munich Center,Germany,EMEA,Enterprise,Singapore,UPS,1,1,0,0,0,0.0,0.0,0.0,LOGISTICS
2025-10-01,SUP-003,Supplier 003,Japan,APAC,PLT-05,Monterrey Plant,Mexico,LATAM,SMB,Singapore,Kuehne+Nagel,1,1,0,1,0,0.0,100.0,0.0,LOGISTICS
2025-10-01,SUP-003,Supplier 003,Japan,APAC,PLT-09,Hanoi Assembly,Vietnam,APAC,Government,France,Kuehne+Nagel,1,1,0,1,0,0.0,100.0,0.0,LOGISTICS
2025-10-01,SUP-003,Supplier 003,Japan,APAC,PLT-04,Chennai Forge,India,APAC,Government,Australia,DHL,1,1,1,1,1,100.0,100.0,100.0,LOGISTICS
2025-10-01,SUP-003,Supplier 003,Japan,APAC,PLT-00,Shanghai Hub,China,APAC,Enterprise,Japan,Kuehne+Nagel,1,1,1,1,1,100.0,100.0,100.0,LOGISTICS
2025-10-01,SUP-003,Supplier 003,Japan,APAC,PLT-01,Munich Center,Germany,EMEA,SMB,Canada,DB Schenker,1,1,1,0,0,100.0,0.0,0.0,LOGISTICS
2025-10-01,SUP-003,Supplier 003,Japan,APAC,PLT-05,Monterrey Plant,Mexico,LATAM,Enterprise,USA,Maersk,1,1,1,1,1,100.0,100.0,100.0,LOGISTICS
2025-10-01,SUP-004,Supplier 004,India,APAC,PLT-03,Tokyo Precision,Japan,APAC,SMB,UK,Kuehne+Nagel,1,1,1,1,1,100.0,100.0,100.0,LOGISTICS
2025-10-01,SUP-004,Supplier 004,India,APAC,PLT-03,Tokyo Precision,Japan,APAC,SMB,UK,DB Schenker,1,1,0,0,0,0.0,0.0,0.0,LOGISTICS
2025-10-01,SUP-004,Supplier 004,India,APAC,PLT-03,Tokyo Precision,Japan,APAC,SMB,Singapore,Kuehne+Nagel,1,1,1,1,1,100.0,100.0,100.0,LOGISTICS
2025-10-01,SUP-005,Supplier 005,Mexico,LATAM,PLT-03,Tokyo Precision,Japan,APAC,Government,Japan,UPS,1,1,0,1,0,0.0,100.0,0.0,LOGISTICS
2025-10-01,SUP-005,Supplier 005,Mexico,LATAM,PLT-01,Munich Center,Germany,EMEA,Government,Australia,UPS,1,2,0,1,0,0.0,50.0,0.0,LOGISTICS
2025-10-01,SUP-005,Supplier 005,Mexico,LATAM,PLT-05,Monterrey Plant,Mexico,LATAM,SMB,Germany,Maersk,1,1,0,0,0,0.0,0.0,0.0,LOGISTICS
2025-10-01,SUP-005,Supplier 005,Mexico,LATAM,PLT-01,Munich Center,Germany,EMEA,SMB,Germany,Maersk,1,1,1,0,0,100.0,0.0,0.0,LOGISTICS
2025-10-01,SUP-005,Supplier 005,Mexico,LATAM,PLT-06,Sao Paulo Ops,Brazil,LATAM,SMB,Singapore,FedEx,1,1,0,0,0,0.0,0.0,0.0,LOGISTICS
2025-10-01,SUP-005,Supplier 005,Mexico,LATAM,PLT-02,Detroit Works,USA,NA,SMB,Germany,UPS,1,1,1,0,0,100.0,0.0,0.0,LOGISTICS
2025-10-01,SUP-005,Supplier 005,Mexico,LATAM,PLT-05,Monterrey Plant,Mexico,LATAM,SMB,Australia,Kuehne+Nagel,1,1,1,0,0,100.0,0.0,0.0,LOGISTICS
2025-10-01,SUP-005,Supplier 005,Mexico,LATAM,PLT-04,Chennai Forge,India,APAC,SMB,Canada,UPS,1,1,0,0,0,0.0,0.0,0.0,LOGISTICS
2025-10-01,SUP-005,Supplier 005,Mexico,LATAM,PLT-08,Taipei Micro,Taiwan,APAC,Enterprise,France,Kuehne+Nagel,1,1,1,1,1,100.0,100.0,100.0,LOGISTICS
2025-10-01,SUP-006,Supplier 006,Brazil,LATAM,PLT-01,Munich Center,Germany,EMEA,SMB,Canada,FedEx,1,1,1,1,1,100.0,100.0,100.0,LOGISTICS
2025-10-01,SUP-006,Supplier 006,Brazil,LATAM,PLT-00,Shanghai Hub,China,APAC,SMB,Canada,UPS,1,1,1,0,0,100.0,0.0,0.0,LOGISTICS
2025-10-01,SUP-006,Supplier 006,Brazil,LATAM,PLT-00,Shanghai Hub,China,APAC,Enterprise,Japan,UPS,1,1,1,1,1,100.0,100.0,100.0,LOGISTICS
2025-10-01,SUP-006,Supplier 006,Brazil,LATAM,PLT-00,Shanghai Hub,China,APAC,SMB,Canada,DHL,1,1,1,1,1,100.0,100.0,100.0,LOGISTICS
2025-10-01,SUP-006,Supplier 006,Brazil,LATAM,PLT-05,Monterrey Plant,Mexico,LATAM,SMB,Canada,DHL,1,1,0,0,0,0.0,0.0,0.0,LOGISTICS
2025-10-01,SUP-007,Supplier 007,South Korea,APAC,PLT-03,Tokyo Precision,Japan,APAC,Enterprise,USA,UPS,1,1,1,1,1,100.0,100.0,100.0,LOGISTICS
2025-10-01,SUP-007,Supplier 007,South Korea,APAC,PLT-08,Taipei Micro,Taiwan,APAC,Government,Australia,FedEx,1,1,0,0,0,0.0,0.0,0.0,LOGISTICS
2025-10-01,SUP-007,Supplier 007,South Korea,APAC,PLT-01,Munich Center,Germany,EMEA,Government,Singapore,DB Schenker,1,1,0,1,0,0.0,100.0,0.0,LOGISTICS
2025-10-01,SUP-007,Supplier 007,South Korea,APAC,PLT-05,Monterrey Plant,Mexico,LATAM,SMB,Germany,Maersk,1,1,0,1,0,0.0,100.0,0.0,LOGISTICS
2025-10-01,SUP-007,Supplier 007,South Korea,APAC,PLT-06,Sao Paulo Ops,Brazil,LATAM,Enterprise,USA,Kuehne+Nagel,1,1,0,1,0,0.0,100.0,0.0,LOGISTICS
2025-10-01,SUP-007,Supplier 007,South Korea,APAC,PLT-09,Hanoi Assembly,Vietnam,APAC,SMB,USA,Maersk,1,1,1,1,1,100.0,100.0,100.0,LOGISTICS
2025-10-01,SUP-007,Supplier 007,South Korea,APAC,PLT-06,Sao Paulo Ops,Brazil,LATAM,Enterprise,USA,DB Schenker,1,1,0,0,0,0.0,0.0,0.0,LOGISTICS
2025-10-01,SUP-007,Supplier 007,South Korea,APAC,PLT-01,Munich Center,Germany,EMEA,Government,Singapore,UPS,1,1,1,1,1,100.0,100.0,100.0,LOGISTICS
2025-10-01,SUP-007,Supplier 007,South Korea,APAC,PLT-09,Hanoi Assembly,Vietnam,APAC,Enterprise,Japan,DHL,1,1,0,0,0,0.0,0.0,0.0,LOGISTICS
2025-10-01,SUP-007,Supplier 007,South Korea,APAC,PLT-08,Taipei Micro,Taiwan,APAC,Government,Australia,DHL,1,1,1,0,0,100.0,0.0,0.0,LOGISTICS
2025-10-01,SUP-007,Supplier 007,South Korea,APAC,PLT-01,Munich Center,Germany,EMEA,Government,Singapore,DHL,1,1,0,0,0,0.0,0.0,0.0,LOGISTICS
2025-10-01,SUP-008,Supplier 008,Taiwan,APAC,PLT-01,Munich Center,Germany,EMEA,SMB,USA,UPS,1,1,1,1,1,100.0,100.0,100.0,LOGISTICS
2025-10-01,SUP-008,Supplier 008,Taiwan,APAC,PLT-05,Monterrey Plant,Mexico,LATAM,SMB,UK,UPS,1,1,0,1,0,0.0,100.0,0.0,LOGISTICS
2025-10-01,SUP-008,Supplier 008,Taiwan,APAC,PLT-09,Hanoi Assembly,Vietnam,APAC,Government,Japan,DB Schenker,1,1,1,1,1,100.0,100.0,100.0,LOGISTICS
2025-10-01,SUP-008,Supplier 008,Taiwan,APAC,PLT-00,Shanghai Hub,China,APAC,SMB,UK,DB Schenker,1,1,1,0,0,100.0,0.0,0.0,LOGISTICS
2025-10-01,SUP-008,Supplier 008,Taiwan,APAC,PLT-02,Detroit Works,USA,NA,SMB,USA,UPS,1,1,0,1,0,0.0,100.0,0.0,LOGISTICS
2025-10-01,SUP-008,Supplier 008,Taiwan,APAC,PLT-02,Detroit Works,USA,NA,Enterprise,Canada,DHL,1,1,1,1,1,100.0,100.0,100.0,LOGISTICS
2025-10-01,SUP-008,Supplier 008,Taiwan,APAC,PLT-04,Chennai Forge,India,APAC,SMB,Australia,Maersk,1,1,1,0,0,100.0,0.0,0.0,LOGISTICS
2025-10-01,SUP-008,Supplier 008,Taiwan,APAC,PLT-00,Shanghai Hub,China,APAC,SMB,UK,Maersk,1,1,1,1,1,100.0,100.0,100.0,LOGISTICS
2025-10-01,SUP-009,Supplier 009,Vietnam,APAC,PLT-09,Hanoi Assembly,Vietnam,APAC,SMB,France,Kuehne+Nagel,1,1,0,1,0,0.0,100.0,0.0,LOGISTICS
2025-10-01,SUP-009,Supplier 009,Vietnam,APAC,PLT-02,Detroit Works,USA,NA,Enterprise,Germany,Maersk,1,1,0,1,0,0.0,100.0,0.0,LOGISTICS
2025-10-01,SUP-009,Supplier 009,Vietnam,APAC,PLT-09,Hanoi Assembly,Vietnam,APAC,Enterprise,USA,DB Schenker,1,1,1,1,1,100.0,100.0,100.0,LOGISTICS
2025-10-01,SUP-009,Supplier 009,Vietnam,APAC,PLT-04,Chennai Forge,India,APAC,Enterprise,USA,FedEx,1,1,1,0,0,100.0,0.0,0.0,LOGISTICS
2025-10-01,SUP-009,Supplier 009,Vietnam,APAC,PLT-04,Chennai Forge,India,APAC,Enterprise,Japan,UPS,1,1,0,1,0,0.0,100.0,0.0,LOGISTICS
2025-10-01,SUP-009,Supplier 009,Vietnam,APAC,PLT-04,Chennai Forge,India,APAC,Enterprise,Japan,Kuehne+Nagel,1,1,1,0,0,100.0,0.0,0.0,LOGISTICS
2025-10-01,SUP-009,Supplier 009,Vietnam,APAC,PLT-00,Shanghai Hub,China,APAC,SMB,Canada,DB Schenker,1,1,0,1,0,0.0,100.0,0.0,LOGISTICS
2025-10-01,SUP-009,Supplier 009,Vietnam,APAC,PLT-05,Monterrey Plant,Mexico,LATAM,SMB,Germany,FedEx,1,1,0,1,0,0.0,100.0,0.0,LOGISTICS
2025-10-01,SUP-009,Supplier 009,Vietnam,APAC,PLT-05,Monterrey Plant,Mexico,LATAM,SMB,Singapore,DB Schenker,1,1,0,1,0,0.0,100.0,0.0,LOGISTICS
2025-10-01,SUP-010,Supplier 010,China,APAC,PLT-02,Detroit Works,USA,NA,SMB,Singapore,Kuehne+Nagel,1,2,0,1,0,0.0,50.0,0.0,LOGISTICS
2025-10-01,SUP-010,Supplier 010,China,APAC,PLT-04,Chennai Forge,India,APAC,Enterprise,Singapore,DHL,1,1,0,1,0,0.0,100.0,0.0,LOGISTICS
2025-10-01,SUP-010,Supplier 010,China,APAC,PLT-03,Tokyo Precision,Japan,APAC,SMB,Australia,DB Schenker,1,1,1,0,0,100.0,0.0,0.0,LOGISTICS
2025-10-01,SUP-010,Supplier 010,China,APAC,PLT-03,Tokyo Precision,Japan,APAC,SMB,Australia,Maersk,1,1,1,0,0,100.0,0.0,0.0,LOGISTICS
2025-10-01,SUP-010,Supplier 010,China,APAC,PLT-02,Detroit Works,USA,NA,Government,USA,DB Schenker,1,1,1,1,1,100.0,100.0,100.0,LOGISTICS
2025-10-01,SUP-010,Supplier 010,China,APAC,PLT-00,Shanghai Hub,China,APAC,Enterprise,USA,DB Schenker,1,1,1,0,0,100.0,0.0,0.0,LOGISTICS
2025-10-01,SUP-010,Supplier 010,China,APAC,PLT-08,Taipei Micro,Taiwan,APAC,SMB,Singapore,DHL,1,1,1,1,1,100.0,100.0,100.0,LOGISTICS
2025-10-01,SUP-011,Supplier 011,Germany,EMEA,PLT-00,Shanghai Hub,China,APAC,Enterprise,USA,DB Schenker,1,1,0,1,0,0.0,100.0,0.0,LOGISTICS
2025-10-01,SUP-011,Supplier 011,Germany,EMEA,PLT-05,Monterrey Plant,Mexico,LATAM,SMB,Canada,DHL,1,1,1,1,1,100.0,100.0,100.0,LOGISTICS
2025-10-01,SUP-011,Supplier 011,Germany,EMEA,PLT-01,Munich Center,Germany,EMEA,SMB,USA,Kuehne+Nagel,1,1,0,0,0,0.0,0.0,0.0,LOGISTICS
2025-10-01,SUP-011,Supplier 011,Germany,EMEA,PLT-05,Monterrey Plant,Mexico,LATAM,SMB,Canada,Maersk,1,1,0,0,0,0.0,0.0,0.0,LOGISTICS
2025-10-01,SUP-011,Supplier 011,Germany,EMEA,PLT-03,Tokyo Precision,Japan,APAC,SMB,Japan,FedEx,1,1,0,1,0,0.0,100.0,0.0,LOGISTICS
2025-10-01,SUP-011,Supplier 011,Germany,EMEA,PLT-09,Hanoi Assembly,Vietnam,APAC,Enterprise,France,FedEx,1,1,0,0,0,0.0,0.0,0.0,LOGISTICS
2025-10-01,SUP-012,Supplier 012,USA,NA,PLT-03,Tokyo Precision,Japan,APAC,SMB,Canada,Kuehne+Nagel,1,1,1,0,0,100.0,0.0,0.0,LOGISTICS
2025-10-01,SUP-012,Supplier 012,USA,NA,PLT-03,Tokyo Precision,Japan,APAC,SMB,Canada,DHL,1,1,0,1,0,0.0,100.0,0.0,LOGISTICS
2025-10-01,SUP-012,Supplier 012,USA,NA,PLT-04,Chennai Forge,India,APAC,SMB,Germany,Maersk,1,1,0,1,0,0.0,100.0,0.0,LOGISTICS
2025-10-01,SUP-012,Supplier 012,USA,NA,PLT-07,Seoul Tech,South Korea,APAC,SMB,UK,Maersk,1,1,1,1,1,100.0,100.0,100.0,LOGISTICS
2025-10-01,SUP-012,Supplier 012,USA,NA,PLT-03,Tokyo Precision,Japan,APAC,Enterprise,Japan,Maersk,1,1,1,0,0,100.0,0.0,0.0,LOGISTICS
2025-10-01,SUP-012,Supplier 012,USA,NA,PLT-03,Tokyo Precision,Japan,APAC,Enterprise,Japan,DB Schenker,1,1,1,0,0,100.0,0.0,0.0,LOGISTICS
2025-10-01,SUP-013,Supplier 013,Japan,APAC,PLT-01,Munich Center,Germany,EMEA,SMB,Australia,Kuehne+Nagel,1,1,1,1,1,100.0,100.0,100.0,LOGISTICS
2025-10-01,SUP-013,Supplier 013,Japan,APAC,PLT-05,Monterrey Plant,Mexico,LATAM,SMB,Germany,UPS,1,1,0,1,0,0.0,100.0,0.0,LOGISTICS
2025-10-01,SUP-013,Supplier 013,Japan,APAC,PLT-00,Shanghai Hub,China,APAC,SMB,France,FedEx,1,1,0,1,0,0.0,100.0,0.0,LOGISTICS
2025-10-01,SUP-013,Supplier 013,Japan,APAC,PLT-03,Tokyo Precision,Japan,APAC,Government,France,Maersk,1,1,1,0,0,100.0,0.0,0.0,LOGISTICS
2025-10-01,SUP-013,Supplier 013,Japan,APAC,PLT-03,Tokyo Precision,Japan,APAC,Government,France,DB Schenker,1,1,0,1,0,0.0,100.0,0.0,LOGISTICS
2025-10-01,SUP-013,Supplier 013,Japan,APAC,PLT-01,Munich Center,Germany,EMEA,Government,Singapore,DHL,1,1,0,1,0,0.0,100.0,0.0,LOGISTICS
2025-10-01,SUP-013,Supplier 013,Japan,APAC,PLT-01,Munich Center,Germany,EMEA,SMB,Germany,FedEx,1,1,1,1,1,100.0,100.0,100.0,LOGISTICS
2025-10-01,SUP-013,Supplier 013,Japan,APAC,PLT-02,Detroit Works,USA,NA,SMB,UK,Maersk,1,1,0,1,0,0.0,100.0,0.0,LOGISTICS
2025-10-01,SUP-013,Supplier 013,Japan,APAC,PLT-05,Monterrey Plant,Mexico,LATAM,SMB,UK,UPS,1,1,0,1,0,0.0,100.0,0.0,LOGISTICS
2025-10-01,SUP-013,Supplier 013,Japan,APAC,PLT-00,Shanghai Hub,China,APAC,SMB,Singapore,Maersk,1,1,1,1,1,100.0,100.0,100.0,LOGISTICS
2025-10-01,SUP-013,Supplier 013,Japan,APAC,PLT-00,Shanghai Hub,China,APAC,SMB,France,DB Schenker,1,1,0,1,0,0.0,100.0,0.0,LOGISTICS
2025-10-01,SUP-013,Supplier 013,Japan,APAC,PLT-05,Monterrey Plant,Mexico,LATAM,SMB,UK,Maersk,1,1,1,1,1,100.0,100.0,100.0,LOGISTICS
2025-10-01,SUP-014,Supplier 014,India,APAC,PLT-08,Taipei Micro,Taiwan,APAC,Enterprise,Canada,DB Schenker,1,1,1,1,1,100.0,100.0,100.0,LOGISTICS
2025-10-01,SUP-014,Supplier 014,India,APAC,PLT-07,Seoul Tech,South Korea,APAC,Government,Canada,DHL,1,1,1,1,1,100.0,100.0,100.0,LOGISTICS
2025-10-01,SUP-014,Supplier 014,India,APAC,PLT-01,Munich Center,Germany,EMEA,SMB,Singapore,UPS,1,1,1,0,0,100.0,0.0,0.0,LOGISTICS
2025-10-01,SUP-014,Supplier 014,India,APAC,PLT-02,Detroit Works,USA,NA,Enterprise,France,FedEx,1,1,0,1,0,0.0,100.0,0.0,LOGISTICS
2025-10-01,SUP-014,Supplier 014,India,APAC,PLT-06,Sao Paulo Ops,Brazil,LATAM,SMB,Germany,FedEx,1,1,0,0,0,0.0,0.0,0.0,LOGISTICS
2025-10-01,SUP-015,Supplier 015,Mexico,LATAM,PLT-08,Taipei Micro,Taiwan,APAC,SMB,UK,FedEx,1,1,1,1,1,100.0,100.0,100.0,LOGISTICS
2025-10-01,SUP-015,Supplier 015,Mexico,LATAM,PLT-02,Detroit Works,USA,NA,Government,USA,UPS,1,1,1,0,0,100.0,0.0,0.0,LOGISTICS
2025-10-01,SUP-015,Supplier 015,Mexico,LATAM,PLT-06,Sao Paulo Ops,Brazil,LATAM,Enterprise,USA,DB Schenker,1,1,0,1,0,0.0,100.0,0.0,LOGISTICS
2025-10-01,SUP-015,Supplier 015,Mexico,LATAM,PLT-06,Sao Paulo Ops,Brazil,LATAM,Enterprise,USA,DHL,1,1,1,0,0,100.0,0.0,0.0,LOGISTICS
2025-10-01,SUP-015,Supplier 015,Mexico,LATAM,PLT-03,Tokyo Precision,Japan,APAC,Government,USA,DB Schenker,1,1,0,0,0,0.0,0.0,0.0,LOGISTICS
2025-10-01,SUP-015,Supplier 015,Mexico,LATAM,PLT-02,Detroit Works,USA,NA,Government,USA,FedEx,1,1,0,0,0,0.0,0.0,0.0,LOGISTICS
2025-10-01,SUP-015,Supplier 015,Mexico,LATAM,PLT-03,Tokyo Precision,Japan,APAC,SMB,Germany,Kuehne+Nagel,1,1,0,1,0,0.0,100.0,0.0,LOGISTICS
2025-10-01,SUP-015,Supplier 015,Mexico,LATAM,PLT-01,Munich Center,Germany,EMEA,Government,Japan,DHL,1,1,0,1,0,0.0,100.0,0.0,LOGISTICS
2025-10-01,SUP-015,Supplier 015,Mexico,LATAM,PLT-09,Hanoi Assembly,Vietnam,APAC,SMB,France,DB Schenker,1,2,1,1,1,50.0,50.0,50.0,LOGISTICS
2025-10-01,SUP-015,Supplier 015,Mexico,LATAM,PLT-03,Tokyo Precision,Japan,APAC,Government,USA,UPS,1,1,0,1,0,0.0,100.0,0.0,LOGISTICS
2025-10-01,SUP-015,Supplier 015,Mexico,LATAM,PLT-00,Shanghai Hub,China,APAC,Enterprise,USA,Maersk,1,1,1,1,1,100.0,100.0,100.0,LOGISTICS
2025-10-01,SUP-016,Supplier 016,Brazil,LATAM,PLT-02,Detroit Works,USA,NA,SMB,UK,UPS,1,1,1,1,1,100.0,100.0,100.0,LOGISTICS
2025-10-01,SUP-016,Supplier 016,Brazil,LATAM,PLT-04,Chennai Forge,India,APAC,SMB,UK,UPS,1,1,1,1,1,100.0,100.0,100.0,LOGISTICS
2025-10-01,SUP-016,Supplier 016,Brazil,LATAM,PLT-00,Shanghai Hub,China,APAC,Government,Germany,Kuehne+Nagel,1,1,1,1,1,100.0,100.0,100.0,LOGISTICS
2025-10-01,SUP-016,Supplier 016,Brazil,LATAM,PLT-01,Munich Center,Germany,EMEA,SMB,Germany,UPS,1,1,1,1,1,100.0,100.0,100.0,LOGISTICS
2025-10-01,SUP-016,Supplier 016,Brazil,LATAM,PLT-01,Munich Center,Germany,EMEA,SMB,Germany,Maersk,1,1,1,1,1,100.0,100.0,100.0,LOGISTICS
2025-10-01,SUP-016,Supplier 016,Brazil,LATAM,PLT-06,Sao Paulo Ops,Brazil,LATAM,SMB,Singapore,UPS,1,1,0,1,0,0.0,100.0,0.0,LOGISTICS
2025-10-01,SUP-016,Supplier 016,Brazil,LATAM,PLT-01,Munich Center,Germany,EMEA,SMB,Germany,Kuehne+Nagel,1,1,0,0,0,0.0,0.0,0.0,LOGISTICS
2025-10-01,SUP-017,Supplier 017,South Korea,APAC,PLT-04,Chennai Forge,India,APAC,Enterprise,Australia,FedEx,1,1,0,0,0,0.0,0.0,0.0,LOGISTICS
2025-10-01,SUP-017,Supplier 017,South Korea,APAC,PLT-03,Tokyo Precision,Japan,APAC,Enterprise,France,Kuehne+Nagel,1,1,1,1,1,100.0,100.0,100.0,LOGISTICS
2025-10-01,SUP-017,Supplier 017,South Korea,APAC,PLT-01,Munich Center,Germany,EMEA,Enterprise,Japan,Kuehne+Nagel,1,1,1,1,1,100.0,100.0,100.0,LOGISTICS
2025-10-01,SUP-017,Supplier 017,South Korea,APAC,PLT-02,Detroit Works,USA,NA,Government,Australia,FedEx,1,1,0,1,0,0.0,100.0,0.0,LOGISTICS
2025-10-01,SUP-018,Supplier 018,Taiwan,APAC,PLT-06,Sao Paulo Ops,Brazil,LATAM,Government,Canada,UPS,1,1,1,1,1,100.0,100.0,100.0,LOGISTICS
2025-10-01,SUP-018,Supplier 018,Taiwan,APAC,PLT-01,Munich Center,Germany,EMEA,SMB,Australia,FedEx,1,1,0,0,0,0.0,0.0,0.0,LOGISTICS
2025-10-01,SUP-018,Supplier 018,Taiwan,APAC,PLT-05,Monterrey Plant,Mexico,LATAM,Enterprise,Germany,FedEx,1,1,1,1,1,100.0,100.0,100.0,LOGISTICS
2025-10-01,SUP-018,Supplier 018,Taiwan,APAC,PLT-01,Munich Center,Germany,EMEA,SMB,Australia,UPS,1,1,0,0,0,0.0,0.0,0.0,LOGISTICS
2025-10-01,SUP-018,Supplier 018,Taiwan,APAC,PLT-03,Tokyo Precision,Japan,APAC,SMB,France,Kuehne+Nagel,1,1,0,1,0,0.0,100.0,0.0,LOGISTICS
2025-10-01,SUP-018,Supplier 018,Taiwan,APAC,PLT-09,Hanoi Assembly,Vietnam,APAC,SMB,USA,DHL,1,1,1,1,1,100.0,100.0,100.0,LOGISTICS
2025-10-01,SUP-018,Supplier 018,Taiwan,APAC,PLT-04,Chennai Forge,India,APAC,SMB,UK,Kuehne+Nagel,1,1,0,1,0,0.0,100.0,0.0,LOGISTICS
2025-10-01,SUP-018,Supplier 018,Taiwan,APAC,PLT-06,Sao Paulo Ops,Brazil,LATAM,SMB,Singapore,DHL,1,1,1,1,1,100.0,100.0,100.0,LOGISTICS
2025-10-01,SUP-018,Supplier 018,Taiwan,APAC,PLT-07,Seoul Tech,South Korea,APAC,Government,Germany,Maersk,1,1,0,1,0,0.0,100.0,0.0,LOGISTICS
2025-10-01,SUP-018,Supplier 018,Taiwan,APAC,PLT-05,Monterrey Plant,Mexico,LATAM,Enterprise,Germany,Kuehne+Nagel,1,1,1,1,1,100.0,100.0,100.0,LOGISTICS
2025-10-01,SUP-018,Supplier 018,Taiwan,APAC,PLT-02,Detroit Works,USA,NA,SMB,Singapore,Maersk,1,1,1,1,1,100.0,100.0,100.0,LOGISTICS
2025-10-01,SUP-018,Supplier 018,Taiwan,APAC,PLT-05,Monterrey Plant,Mexico,LATAM,Enterprise,Germany,UPS,1,1,0,0,0,0.0,0.0,0.0,LOGISTICS
2025-10-01,SUP-019,Supplier 019,Vietnam,APAC,PLT-08,Taipei Micro,Taiwan,APAC,SMB,UK,DHL,1,1,1,0,0,100.0,0.0,0.0,LOGISTICS
2025-10-01,SUP-020,Supplier 020,China,APAC,PLT-05,Monterrey Plant,Mexico,LATAM,Enterprise,Germany,UPS,1,1,0,0,0,0.0,0.0,0.0,LOGISTICS
2025-10-01,SUP-020,Supplier 020,China,APAC,PLT-03,Tokyo Precision,Japan,APAC,SMB,Japan,FedEx,1,1,0,1,0,0.0,100.0,0.0,LOGISTICS
2025-10-01,SUP-020,Supplier 020,China,APAC,PLT-09,Hanoi Assembly,Vietnam,APAC,SMB,UK,DHL,1,1,1,1,1,100.0,100.0,100.0,LOGISTICS
2025-10-01,SUP-020,Supplier 020,China,APAC,PLT-03,Tokyo Precision,Japan,APAC,SMB,Japan,DB Schenker,1,1,0,0,0,0.0,0.0,0.0,LOGISTICS
2025-10-01,SUP-020,Supplier 020,China,APAC,PLT-03,Tokyo Precision,Japan,APAC,SMB,Singapore,FedEx,1,1,1,1,1,100.0,100.0,100.0,LOGISTICS
2025-10-01,SUP-020,Supplier 020,China,APAC,PLT-04,Chennai Forge,India,APAC,SMB,Canada,Kuehne+Nagel,1,1,0,1,0,0.0,100.0,0.0,LOGISTICS
2025-10-01,SUP-020,Supplier 020,China,APAC,PLT-03,Tokyo Precision,Japan,APAC,SMB,Japan,DHL,1,1,0,0,0,0.0,0.0,0.0,LOGISTICS
2025-10-01,SUP-020,Supplier 020,China,APAC,PLT-05,Monterrey Plant,Mexico,LATAM,Enterprise,Germany,Maersk,1,1,0,1,0,0.0,100.0,0.0,LOGISTICS
2025-10-01,SUP-021,Supplier 021,Germany,EMEA,PLT-05,Monterrey Plant,Mexico,LATAM,Enterprise,France,Kuehne+Nagel,1,1,1,0,0,100.0,0.0,0.0,LOGISTICS
2025-10-01,SUP-021,Supplier 021,Germany,EMEA,PLT-00,Shanghai Hub,China,APAC,SMB,Japan,FedEx,1,1,1,0,0,100.0,0.0,0.0,LOGISTICS
2025-10-01,SUP-021,Supplier 021,Germany,EMEA,PLT-01,Munich Center,Germany,EMEA,Enterprise,Japan,FedEx,1,1,1,1,1,100.0,100.0,100.0,LOGISTICS
2025-10-01,SUP-021,Supplier 021,Germany,EMEA,PLT-01,Munich Center,Germany,EMEA,SMB,Singapore,Maersk,1,1,1,0,0,100.0,0.0,0.0,LOGISTICS
2025-10-01,SUP-021,Supplier 021,Germany,EMEA,PLT-01,Munich Center,Germany,EMEA,Government,USA,UPS,1,1,1,1,1,100.0,100.0,100.0,LOGISTICS
2025-10-01,SUP-022,Supplier 022,USA,NA,PLT-06,Sao Paulo Ops,Brazil,LATAM,SMB,USA,DHL,1,1,0,0,0,0.0,0.0,0.0,LOGISTICS
2025-10-01,SUP-022,Supplier 022,USA,NA,PLT-06,Sao Paulo Ops,Brazil,LATAM,SMB,Singapore,Kuehne+Nagel,1,2,0,1,0,0.0,50.0,0.0,LOGISTICS
2025-10-01,SUP-022,Supplier 022,USA,NA,PLT-03,Tokyo Precision,Japan,APAC,SMB,Germany,FedEx,1,1,0,1,0,0.0,100.0,0.0,LOGISTICS
2025-10-01,SUP-022,Supplier 022,USA,NA,PLT-04,Chennai Forge,India,APAC,Government,Canada,DB Schenker,1,1,0,1,0,0.0,100.0,0.0,LOGISTICS
2025-10-01,SUP-022,Supplier 022,USA,NA,PLT-00,Shanghai Hub,China,APAC,Enterprise,France,UPS,1,1,1,1,1,100.0,100.0,100.0,LOGISTICS
2025-10-01,SUP-022,Supplier 022,USA,NA,PLT-00,Shanghai Hub,China,APAC,SMB,USA,Kuehne+Nagel,1,1,1,1,1,100.0,100.0,100.0,LOGISTICS
2025-10-01,SUP-022,Supplier 022,USA,NA,PLT-06,Sao Paulo Ops,Brazil,LATAM,SMB,USA,FedEx,1,1,1,0,0,100.0,0.0,0.0,LOGISTICS
2025-10-01,SUP-022,Supplier 022,USA,NA,PLT-02,Detroit Works,USA,NA,SMB,Australia,DB Schenker,1,1,1,0,0,100.0,0.0,0.0,LOGISTICS
2025-10-01,SUP-022,Supplier 022,USA,NA,PLT-03,Tokyo Precision,Japan,APAC,SMB,Germany,Maersk,1,1,1,0,0,100.0,0.0,0.0,LOGISTICS
2025-10-01,SUP-023,Supplier 023,Japan,APAC,PLT-07,Seoul Tech,South Korea,APAC,SMB,Australia,Maersk,1,1,1,1,1,100.0,100.0,100.0,LOGISTICS
2025-10-01,SUP-023,Supplier 023,Japan,APAC,PLT-02,Detroit Works,USA,NA,SMB,UK,DHL,1,1,1,1,1,100.0,100.0,100.0,LOGISTICS
2025-10-01,SUP-023,Supplier 023,Japan,APAC,PLT-02,Detroit Works,USA,NA,Government,Singapore,FedEx,1,1,1,1,1,100.0,100.0,100.0,LOGISTICS
2025-10-01,SUP-023,Supplier 023,Japan,APAC,PLT-01,Munich Center,Germany,EMEA,Government,USA,Maersk,1,1,0,0,0,0.0,0.0,0.0,LOGISTICS
2025-10-01,SUP-023,Supplier 023,Japan,APAC,PLT-02,Detroit Works,USA,NA,SMB,Germany,FedEx,1,1,0,1,0,0.0,100.0,0.0,LOGISTICS
2025-10-01,SUP-023,Supplier 023,Japan,APAC,PLT-08,Taipei Micro,Taiwan,APAC,Government,Japan,DB Schenker,1,1,1,1,1,100.0,100.0,100.0,LOGISTICS
2025-10-01,SUP-023,Supplier 023,Japan,APAC,PLT-08,Taipei Micro,Taiwan,APAC,Enterprise,France,FedEx,1,1,1,1,1,100.0,100.0,100.0,LOGISTICS
2025-10-01,SUP-023,Supplier 023,Japan,APAC,PLT-04,Chennai Forge,India,APAC,SMB,France,Kuehne+Nagel,1,1,1,0,0,100.0,0.0,0.0,LOGISTICS
2025-10-01,SUP-023,Supplier 023,Japan,APAC,PLT-01,Munich Center,Germany,EMEA,Government,USA,DHL,1,1,0,0,0,0.0,0.0,0.0,LOGISTICS
2025-10-01,SUP-024,Supplier 024,India,APAC,PLT-04,Chennai Forge,India,APAC,SMB,Singapore,Kuehne+Nagel,1,1,0,0,0,0.0,0.0,0.0,LOGISTICS
2025-10-01,SUP-024,Supplier 024,India,APAC,PLT-07,Seoul Tech,South Korea,APAC,Government,USA,Maersk,1,1,1,1,1,100.0,100.0,100.0,LOGISTICS
2025-10-01,SUP-024,Supplier 024,India,APAC,PLT-03,Tokyo Precision,Japan,APAC,Government,Singapore,UPS,1,1,1,1,1,100.0,100.0,100.0,LOGISTICS
2025-10-01,SUP-024,Supplier 024,India,APAC,PLT-08,Taipei Micro,Taiwan,APAC,SMB,UK,Maersk,1,2,2,0,0,100.0,0.0,0.0,LOGISTICS
2025-10-01,SUP-024,Supplier 024,India,APAC,PLT-04,Chennai Forge,India,APAC,SMB,Singapore,DHL,1,1,0,0,0,0.0,0.0,0.0,LOGISTICS
2025-10-01,SUP-024,Supplier 024,India,APAC,PLT-05,Monterrey Plant,Mexico,LATAM,SMB,Singapore,Maersk,1,1,0,1,0,0.0,100.0,0.0,LOGISTICS
2025-10-01,SUP-025,Supplier 025,Mexico,LATAM,PLT-02,Detroit Works,USA,NA,Government,Germany,FedEx,1,2,1,2,1,50.0,100.0,50.0,LOGISTICS
2025-10-01,SUP-025,Supplier 025,Mexico,LATAM,PLT-05,Monterrey Plant,Mexico,LATAM,SMB,UK,FedEx,1,1,0,1,0,0.0,100.0,0.0,LOGISTICS
2025-10-01,SUP-025,Supplier 025,Mexico,LATAM,PLT-00,Shanghai Hub,China,APAC,SMB,Japan,UPS,1,1,0,0,0,0.0,0.0,0.0,LOGISTICS
2025-10-01,SUP-025,Supplier 025,Mexico,LATAM,PLT-03,Tokyo Precision,Japan,APAC,SMB,France,DHL,1,1,0,1,0,0.0,100.0,0.0,LOGISTICS
2025-10-01,SUP-025,Supplier 025,Mexico,LATAM,PLT-05,Monterrey Plant,Mexico,LATAM,SMB,UK,UPS,1,1,1,0,0,100.0,0.0,0.0,LOGISTICS
2025-10-01,SUP-025,Supplier 025,Mexico,LATAM,PLT-06,Sao Paulo Ops,Brazil,LATAM,Enterprise,USA,DB Schenker,1,1,0,1,0,0.0,100.0,0.0,LOGISTICS
2025-10-01,SUP-025,Supplier 025,Mexico,LATAM,PLT-06,Sao Paulo Ops,Brazil,LATAM,SMB,Germany,Maersk,1,1,0,1,0,0.0,100.0,0.0,LOGISTICS
2025-10-01,SUP-025,Supplier 025,Mexico,LATAM,PLT-00,Shanghai Hub,China,APAC,SMB,Australia,Kuehne+Nagel,1,1,1,0,0,100.0,0.0,0.0,LOGISTICS
2025-10-01,SUP-026,Supplier 026,Brazil,LATAM,PLT-09,Hanoi Assembly,Vietnam,APAC,SMB,UK,UPS,1,1,0,0,0,0.0,0.0,0.0,LOGISTICS
2025-10-01,SUP-026,Supplier 026,Brazil,LATAM,PLT-03,Tokyo Precision,Japan,APAC,SMB,France,FedEx,1,1,0,0,0,0.0,0.0,0.0,LOGISTICS
2025-10-01,SUP-026,Supplier 026,Brazil,LATAM,PLT-03,Tokyo Precision,Japan,APAC,Enterprise,Germany,Maersk,1,1,1,1,1,100.0,100.0,100.0,LOGISTICS
2025-10-01,SUP-026,Supplier 026,Brazil,LATAM,PLT-03,Tokyo Precision,Japan,APAC,Enterprise,Singapore,Maersk,1,1,0,0,0,0.0,0.0,0.0,LOGISTICS
2025-10-01,SUP-026,Supplier 026,Brazil,LATAM,PLT-07,Seoul Tech,South Korea,APAC,SMB,Germany,DHL,1,1,1,1,1,100.0,100.0,100.0,LOGISTICS
2025-10-01,SUP-026,Supplier 026,Brazil,LATAM,PLT-09,Hanoi Assembly,Vietnam,APAC,SMB,UK,Kuehne+Nagel,1,1,0,1,0,0.0,100.0,0.0,LOGISTICS
2025-10-01,SUP-026,Supplier 026,Brazil,LATAM,PLT-03,Tokyo Precision,Japan,APAC,Enterprise,Singapore,DHL,1,1,0,0,0,0.0,0.0,0.0,LOGISTICS
2025-10-01,SUP-026,Supplier 026,Brazil,LATAM,PLT-07,Seoul Tech,South Korea,APAC,Enterprise,Germany,FedEx,1,1,1,1,1,100.0,100.0,100.0,LOGISTICS
2025-10-01,SUP-026,Supplier 026,Brazil,LATAM,PLT-09,Hanoi Assembly,Vietnam,APAC,SMB,UK,FedEx,1,1,0,1,0,0.0,100.0,0.0,LOGISTICS
2025-10-01,SUP-027,Supplier 027,South Korea,APAC,PLT-09,Hanoi Assembly,Vietnam,APAC,Enterprise,Singapore,Kuehne+Nagel,1,1,0,1,0,0.0,100.0,0.0,LOGISTICS
2025-10-01,SUP-027,Supplier 027,South Korea,APAC,PLT-08,Taipei Micro,Taiwan,APAC,Enterprise,USA,UPS,1,1,0,1,0,0.0,100.0,0.0,LOGISTICS
2025-10-01,SUP-027,Supplier 027,South Korea,APAC,PLT-01,Munich Center,Germany,EMEA,SMB,Canada,UPS,1,1,1,0,0,100.0,0.0,0.0,LOGISTICS
2025-10-01,SUP-027,Supplier 027,South Korea,APAC,PLT-01,Munich Center,Germany,EMEA,SMB,Canada,FedEx,1,1,0,0,0,0.0,0.0,0.0,LOGISTICS
2025-10-01,SUP-027,Supplier 027,South Korea,APAC,PLT-06,Sao Paulo Ops,Brazil,LATAM,SMB,Germany,DHL,1,1,0,1,0,0.0,100.0,0.0,LOGISTICS
2025-10-01,SUP-027,Supplier 027,South Korea,APAC,PLT-08,Taipei Micro,Taiwan,APAC,Enterprise,France,DB Schenker,1,1,0,1,0,0.0,100.0,0.0,LOGISTICS
2025-10-01,SUP-028,Supplier 028,Taiwan,APAC,PLT-06,Sao Paulo Ops,Brazil,LATAM,SMB,UK,Kuehne+Nagel,1,1,1,1,1,100.0,100.0,100.0,LOGISTICS
2025-10-01,SUP-028,Supplier 028,Taiwan,APAC,PLT-07,Seoul Tech,South Korea,APAC,Government,USA,FedEx,1,1,0,0,0,0.0,0.0,0.0,LOGISTICS
2025-10-01,SUP-028,Supplier 028,Taiwan,APAC,PLT-04,Chennai Forge,India,APAC,Enterprise,USA,FedEx,1,1,0,1,0,0.0,100.0,0.0,LOGISTICS
2025-10-01,SUP-028,Supplier 028,Taiwan,APAC,PLT-02,Detroit Works,USA,NA,SMB,Japan,Maersk,1,1,1,0,0,100.0,0.0,0.0,LOGISTICS
2025-10-01,SUP-028,Supplier 028,Taiwan,APAC,PLT-02,Detroit Works,USA,NA,SMB,Japan,FedEx,1,1,0,0,0,0.0,0.0,0.0,LOGISTICS
2025-10-01,SUP-028,Supplier 028,Taiwan,APAC,PLT-06,Sao Paulo Ops,Brazil,LATAM,Enterprise,USA,DB Schenker,1,1,1,1,1,100.0,100.0,100.0,LOGISTICS
2025-10-01,SUP-028,Supplier 028,Taiwan,APAC,PLT-05,Monterrey Plant,Mexico,LATAM,Enterprise,Germany,UPS,1,1,1,1,1,100.0,100.0,100.0,LOGISTICS
2025-10-01,SUP-028,Supplier 028,Taiwan,APAC,PLT-00,Shanghai Hub,China,APAC,Government,France,DHL,1,1,1,1,1,100.0,100.0,100.0,LOGISTICS
2025-10-01,SUP-028,Supplier 028,Taiwan,APAC,PLT-07,Seoul Tech,South Korea,APAC,SMB,Singapore,Maersk,1,1,0,1,0,0.0,100.0,0.0,LOGISTICS
2025-10-01,SUP-028,Supplier 028,Taiwan,APAC,PLT-03,Tokyo Precision,Japan,APAC,Enterprise,Australia,UPS,1,2,1,1,0,50.0,50.0,0.0,LOGISTICS
2025-10-01,SUP-028,Supplier 028,Taiwan,APAC,PLT-04,Chennai Forge,India,APAC,Government,Australia,DHL,1,1,0,0,0,0.0,0.0,0.0,LOGISTICS
2025-10-01,SUP-028,Supplier 028,Taiwan,APAC,PLT-06,Sao Paulo Ops,Brazil,LATAM,Government,USA,Kuehne+Nagel,1,1,1,0,0,100.0,0.0,0.0,LOGISTICS
2025-10-01,SUP-028,Supplier 028,Taiwan,APAC,PLT-04,Chennai Forge,India,APAC,Government,Australia,Maersk,1,1,0,1,0,0.0,100.0,0.0,LOGISTICS
2025-10-01,SUP-029,Supplier 029,Vietnam,APAC,PLT-09,Hanoi Assembly,Vietnam,APAC,Enterprise,UK,FedEx,1,1,0,1,0,0.0,100.0,0.0,LOGISTICS
2025-10-01,SUP-029,Supplier 029,Vietnam,APAC,PLT-08,Taipei Micro,Taiwan,APAC,Government,USA,Kuehne+Nagel,1,1,1,1,1,100.0,100.0,100.0,LOGISTICS
2025-10-01,SUP-030,Supplier 030,China,APAC,PLT-07,Seoul Tech,South Korea,APAC,Government,Japan,Kuehne+Nagel,1,1,1,1,1,100.0,100.0,100.0,LOGISTICS
2025-10-01,SUP-030,Supplier 030,China,APAC,PLT-05,Monterrey Plant,Mexico,LATAM,Government,Germany,Kuehne+Nagel,1,1,1,0,0,100.0,0.0,0.0,LOGISTICS
2025-10-01,SUP-030,Supplier 030,China,APAC,PLT-05,Monterrey Plant,Mexico,LATAM,Enterprise,Japan,Kuehne+Nagel,1,1,1,1,1,100.0,100.0,100.0,LOGISTICS
2025-10-01,SUP-030,Supplier 030,China,APAC,PLT-01,Munich Center,Germany,EMEA,SMB,USA,DHL,1,1,1,1,1,100.0,100.0,100.0,LOGISTICS
2025-10-01,SUP-030,Supplier 030,China,APAC,PLT-03,Tokyo Precision,Japan,APAC,Enterprise,USA,Kuehne+Nagel,1,1,1,1,1,100.0,100.0,100.0,LOGISTICS
2025-10-01,SUP-030,Supplier 030,China,APAC,PLT-00,Shanghai Hub,China,APAC,Enterprise,France,Maersk,1,1,1,1,1,100.0,100.0,100.0,LOGISTICS
2025-10-01,SUP-030,Supplier 030,China,APAC,PLT-07,Seoul Tech,South Korea,APAC,Government,Japan,DHL,1,1,0,0,0,0.0,0.0,0.0,LOGISTICS
2025-10-01,SUP-030,Supplier 030,China,APAC,PLT-03,Tokyo Precision,Japan,APAC,Government,Japan,UPS,1,1,0,1,0,0.0,100.0,0.0,LOGISTICS
2025-10-01,SUP-030,Supplier 030,China,APAC,PLT-02,Detroit Works,USA,NA,SMB,UK,DB Schenker,1,1,0,1,0,0.0,100.0,0.0,LOGISTICS
2025-10-01,SUP-031,Supplier 031,Germany,EMEA,PLT-09,Hanoi Assembly,Vietnam,APAC,SMB,Singapore,UPS,1,1,0,1,0,0.0,100.0,0.0,LOGISTICS
2025-10-01,SUP-031,Supplier 031,Germany,EMEA,PLT-03,Tokyo Precision,Japan,APAC,Enterprise,Canada,Kuehne+Nagel,1,1,0,1,0,0.0,100.0,0.0,LOGISTICS
2025-10-01,SUP-031,Supplier 031,Germany,EMEA,PLT-06,Sao Paulo Ops,Brazil,LATAM,Government,Japan,Kuehne+Nagel,1,1,0,1,0,0.0,100.0,0.0,LOGISTICS
2025-10-01,SUP-031,Supplier 031,Germany,EMEA,PLT-03,Tokyo Precision,Japan,APAC,Government,France,UPS,1,1,1,1,1,100.0,100.0,100.0,LOGISTICS
2025-10-01,SUP-031,Supplier 031,Germany,EMEA,PLT-05,Monterrey Plant,Mexico,LATAM,Enterprise,Singapore,DHL,1,1,1,0,0,100.0,0.0,0.0,LOGISTICS
2025-10-01,SUP-031,Supplier 031,Germany,EMEA,PLT-06,Sao Paulo Ops,Brazil,LATAM,Enterprise,USA,Maersk,1,1,0,0,0,0.0,0.0,0.0,LOGISTICS
2025-10-01,SUP-031,Supplier 031,Germany,EMEA,PLT-07,Seoul Tech,South Korea,APAC,Enterprise,UK,Maersk,1,1,0,1,0,0.0,100.0,0.0,LOGISTICS
2025-10-01,SUP-031,Supplier 031,Germany,EMEA,PLT-09,Hanoi Assembly,Vietnam,APAC,SMB,Singapore,Kuehne+Nagel,1,1,1,0,0,100.0,0.0,0.0,LOGISTICS
2025-10-01,SUP-031,Supplier 031,Germany,EMEA,PLT-05,Monterrey Plant,Mexico,LATAM,Enterprise,Singapore,UPS,1,1,0,1,0,0.0,100.0,0.0,LOGISTICS
2025-10-01,SUP-032,Supplier 032,USA,NA,PLT-06,Sao Paulo Ops,Brazil,LATAM,SMB,USA,DB Schenker,1,1,1,1,1,100.0,100.0,100.0,LOGISTICS
2025-10-01,SUP-032,Supplier 032,USA,NA,PLT-02,Detroit Works,USA,NA,SMB,UK,UPS,1,1,1,1,1,100.0,100.0,100.0,LOGISTICS
2025-10-01,SUP-032,Supplier 032,USA,NA,PLT-02,Detroit Works,USA,NA,SMB,Canada,FedEx,1,2,0,0,0,0.0,0.0,0.0,LOGISTICS
2025-10-01,SUP-032,Supplier 032,USA,NA,PLT-09,Hanoi Assembly,Vietnam,APAC,SMB,France,UPS,1,1,0,1,0,0.0,100.0,0.0,LOGISTICS
2025-10-01,SUP-032,Supplier 032,USA,NA,PLT-05,Monterrey Plant,Mexico,LATAM,SMB,France,DB Schenker,1,1,0,0,0,0.0,0.0,0.0,LOGISTICS
2025-10-01,SUP-032,Supplier 032,USA,NA,PLT-05,Monterrey Plant,Mexico,LATAM,SMB,Canada,UPS,1,1,1,1,1,100.0,100.0,100.0,LOGISTICS
2025-10-01,SUP-033,Supplier 033,Japan,APAC,PLT-04,Chennai Forge,India,APAC,SMB,Singapore,Maersk,1,1,0,0,0,0.0,0.0,0.0,LOGISTICS
2025-10-01,SUP-033,Supplier 033,Japan,APAC,PLT-09,Hanoi Assembly,Vietnam,APAC,SMB,Australia,FedEx,1,1,0,1,0,0.0,100.0,0.0,LOGISTICS
2025-10-01,SUP-033,Supplier 033,Japan,APAC,PLT-06,Sao Paulo Ops,Brazil,LATAM,SMB,UK,Maersk,1,1,1,1,1,100.0,100.0,100.0,LOGISTICS
2025-10-01,SUP-033,Supplier 033,Japan,APAC,PLT-02,Detroit Works,USA,NA,Government,Germany,FedEx,1,1,1,1,1,100.0,100.0,100.0,LOGISTICS
2025-10-01,SUP-033,Supplier 033,Japan,APAC,PLT-04,Chennai Forge,India,APAC,SMB,Singapore,DB Schenker,1,1,0,0,0,0.0,0.0,0.0,LOGISTICS
2025-10-01,SUP-033,Supplier 033,Japan,APAC,PLT-09,Hanoi Assembly,Vietnam,APAC,Enterprise,Japan,Kuehne+Nagel,1,1,1,1,1,100.0,100.0,100.0,LOGISTICS
2025-10-01,SUP-033,Supplier 033,Japan,APAC,PLT-05,Monterrey Plant,Mexico,LATAM,Government,USA,DB Schenker,1,1,0,1,0,0.0,100.0,0.0,LOGISTICS
2025-10-01,SUP-033,Supplier 033,Japan,APAC,PLT-07,Seoul Tech,South Korea,APAC,SMB,USA,UPS,1,1,0,1,0,0.0,100.0,0.0,LOGISTICS
2025-10-01,SUP-033,Supplier 033,Japan,APAC,PLT-01,Munich Center,Germany,EMEA,Enterprise,Canada,UPS,1,1,0,1,0,0.0,100.0,0.0,LOGISTICS
2025-10-01,SUP-033,Supplier 033,Japan,APAC,PLT-07,Seoul Tech,South Korea,APAC,SMB,USA,Kuehne+Nagel,1,1,0,0,0,0.0,0.0,0.0,LOGISTICS
2025-10-01,SUP-034,Supplier 034,India,APAC,PLT-03,Tokyo Precision,Japan,APAC,SMB,France,UPS,1,1,0,0,0,0.0,0.0,0.0,LOGISTICS
2025-10-01,SUP-034,Supplier 034,India,APAC,PLT-03,Tokyo Precision,Japan,APAC,SMB,France,DHL,1,1,1,1,1,100.0,100.0,100.0,LOGISTICS
2025-10-01,SUP-035,Supplier 035,Mexico,LATAM,PLT-00,Shanghai Hub,China,APAC,Enterprise,France,UPS,1,1,1,0,0,100.0,0.0,0.0,LOGISTICS
2025-10-01,SUP-035,Supplier 035,Mexico,LATAM,PLT-02,Detroit Works,USA,NA,SMB,USA,DB Schenker,1,1,0,0,0,0.0,0.0,0.0,LOGISTICS
2025-10-01,SUP-035,Supplier 035,Mexico,LATAM,PLT-04,Chennai Forge,India,APAC,SMB,Canada,Maersk,1,1,1,1,1,100.0,100.0,100.0,LOGISTICS
2025-10-01,SUP-035,Supplier 035,Mexico,LATAM,PLT-09,Hanoi Assembly,Vietnam,APAC,Government,Japan,DB Schenker,1,1,1,0,0,100.0,0.0,0.0,LOGISTICS
2025-10-01,SUP-035,Supplier 035,Mexico,LATAM,PLT-08,Taipei Micro,Taiwan,APAC,SMB,Canada,FedEx,1,2,1,1,1,50.0,50.0,50.0,LOGISTICS
2025-10-01,SUP-035,Supplier 035,Mexico,LATAM,PLT-07,Seoul Tech,South Korea,APAC,SMB,Australia,DB Schenker,1,1,0,1,0,0.0,100.0,0.0,LOGISTICS
2025-10-01,SUP-035,Supplier 035,Mexico,LATAM,PLT-00,Shanghai Hub,China,APAC,Enterprise,France,FedEx,1,1,1,1,1,100.0,100.0,100.0,LOGISTICS
2025-10-01,SUP-035,Supplier 035,Mexico,LATAM,PLT-07,Seoul Tech,South Korea,APAC,SMB,Australia,Maersk,1,1,1,0,0,100.0,0.0,0.0,LOGISTICS
2025-10-01,SUP-035,Supplier 035,Mexico,LATAM,PLT-01,Munich Center,Germany,EMEA,SMB,UK,UPS,1,1,0,0,0,0.0,0.0,0.0,LOGISTICS
2025-10-01,SUP-036,Supplier 036,Brazil,LATAM,PLT-04,Chennai Forge,India,APAC,Enterprise,Germany,Maersk,1,1,1,0,0,100.0,0.0,0.0,LOGISTICS
2025-10-01,SUP-036,Supplier 036,Brazil,LATAM,PLT-06,Sao Paulo Ops,Brazil,LATAM,SMB,Singapore,DHL,1,1,1,1,1,100.0,100.0,100.0,LOGISTICS
2025-10-01,SUP-036,Supplier 036,Brazil,LATAM,PLT-05,Monterrey Plant,Mexico,LATAM,Government,France,UPS,1,1,1,0,0,100.0,0.0,0.0,LOGISTICS
2025-10-01,SUP-036,Supplier 036,Brazil,LATAM,PLT-02,Detroit Works,USA,NA,SMB,USA,UPS,1,1,1,1,1,100.0,100.0,100.0,LOGISTICS
2025-10-01,SUP-036,Supplier 036,Brazil,LATAM,PLT-09,Hanoi Assembly,Vietnam,APAC,SMB,UK,DHL,1,2,1,0,0,50.0,0.0,0.0,LOGISTICS
2025-10-01,SUP-036,Supplier 036,Brazil,LATAM,PLT-04,Chennai Forge,India,APAC,SMB,Singapore,Maersk,1,1,0,0,0,0.0,0.0,0.0,LOGISTICS
2025-10-01,SUP-036,Supplier 036,Brazil,LATAM,PLT-06,Sao Paulo Ops,Brazil,LATAM,Government,Germany,FedEx,1,1,1,0,0,100.0,0.0,0.0,LOGISTICS
2025-10-01,SUP-036,Supplier 036,Brazil,LATAM,PLT-06,Sao Paulo Ops,Brazil,LATAM,SMB,Singapore,DB Schenker,1,1,0,0,0,0.0,0.0,0.0,LOGISTICS
2025-10-01,SUP-036,Supplier 036,Brazil,LATAM,PLT-05,Monterrey Plant,Mexico,LATAM,Government,France,Maersk,1,1,1,0,0,100.0,0.0,0.0,LOGISTICS
2025-10-01,SUP-037,Supplier 037,South Korea,APAC,PLT-06,Sao Paulo Ops,Brazil,LATAM,SMB,Japan,DHL,1,1,0,0,0,0.0,0.0,0.0,LOGISTICS
2025-10-01,SUP-037,Supplier 037,South Korea,APAC,PLT-09,Hanoi Assembly,Vietnam,APAC,Government,Australia,DB Schenker,1,1,1,0,0,100.0,0.0,0.0,LOGISTICS
2025-10-01,SUP-037,Supplier 037,South Korea,APAC,PLT-03,Tokyo Precision,Japan,APAC,SMB,Germany,UPS,1,1,1,1,1,100.0,100.0,100.0,LOGISTICS
2025-10-01,SUP-037,Supplier 037,South Korea,APAC,PLT-04,Chennai Forge,India,APAC,Enterprise,France,DHL,1,1,0,1,0,0.0,100.0,0.0,LOGISTICS
2025-10-01,SUP-038,Supplier 038,Taiwan,APAC,PLT-07,Seoul Tech,South Korea,APAC,Government,Singapore,Maersk,1,1,1,1,1,100.0,100.0,100.0,LOGISTICS
2025-10-01,SUP-038,Supplier 038,Taiwan,APAC,PLT-01,Munich Center,Germany,EMEA,SMB,Germany,UPS,1,1,1,0,0,100.0,0.0,0.0,LOGISTICS
2025-10-01,SUP-038,Supplier 038,Taiwan,APAC,PLT-05,Monterrey Plant,Mexico,LATAM,SMB,Japan,FedEx,1,1,1,1,1,100.0,100.0,100.0,LOGISTICS
2025-10-01,SUP-038,Supplier 038,Taiwan,APAC,PLT-01,Munich Center,Germany,EMEA,SMB,Germany,Maersk,1,1,1,1,1,100.0,100.0,100.0,LOGISTICS
2025-10-01,SUP-038,Supplier 038,Taiwan,APAC,PLT-04,Chennai Forge,India,APAC,SMB,Japan,UPS,1,1,1,1,1,100.0,100.0,100.0,LOGISTICS
2025-10-01,SUP-038,Supplier 038,Taiwan,APAC,PLT-04,Chennai Forge,India,APAC,Enterprise,France,DHL,1,1,0,1,0,0.0,100.0,0.0,LOGISTICS
2025-10-01,SUP-038,Supplier 038,Taiwan,APAC,PLT-08,Taipei Micro,Taiwan,APAC,SMB,Germany,FedEx,1,1,0,1,0,0.0,100.0,0.0,LOGISTICS
2025-10-01,SUP-038,Supplier 038,Taiwan,APAC,PLT-03,Tokyo Precision,Japan,APAC,Government,USA,FedEx,1,1,1,1,1,100.0,100.0,100.0,LOGISTICS
2025-10-01,SUP-038,Supplier 038,Taiwan,APAC,PLT-03,Tokyo Precision,Japan,APAC,Government,Australia,Kuehne+Nagel,1,1,1,1,1,100.0,100.0,100.0,LOGISTICS
2025-10-01,SUP-038,Supplier 038,Taiwan,APAC,PLT-04,Chennai Forge,India,APAC,Enterprise,Singapore,UPS,1,1,0,1,0,0.0,100.0,0.0,LOGISTICS
2025-10-01,SUP-038,Supplier 038,Taiwan,APAC,PLT-06,Sao Paulo Ops,Brazil,LATAM,Government,Germany,UPS,1,1,1,0,0,100.0,0.0,0.0,LOGISTICS
2025-10-01,SUP-038,Supplier 038,Taiwan,APAC,PLT-08,Taipei Micro,Taiwan,APAC,Enterprise,USA,DB Schenker,1,1,0,1,0,0.0,100.0,0.0,LOGISTICS
2025-10-01,SUP-038,Supplier 038,Taiwan,APAC,PLT-06,Sao Paulo Ops,Brazil,LATAM,Government,Germany,DHL,1,1,0,1,0,0.0,100.0,0.0,LOGISTICS
2025-10-01,SUP-039,Supplier 039,Vietnam,APAC,PLT-01,Munich Center,Germany,EMEA,SMB,France,UPS,1,1,1,1,1,100.0,100.0,100.0,LOGISTICS
2025-10-01,SUP-039,Supplier 039,Vietnam,APAC,PLT-03,Tokyo Precision,Japan,APAC,SMB,UK,UPS,1,1,1,0,0,100.0,0.0,0.0,LOGISTICS
2025-10-01,SUP-039,Supplier 039,Vietnam,APAC,PLT-06,Sao Paulo Ops,Brazil,LATAM,SMB,UK,DHL,1,1,1,0,0,100.0,0.0,0.0,LOGISTICS
2025-10-01,SUP-039,Supplier 039,Vietnam,APAC,PLT-03,Tokyo Precision,Japan,APAC,SMB,UK,Kuehne+Nagel,1,1,1,1,1,100.0,100.0,100.0,LOGISTICS
2025-10-01,SUP-039,Supplier 039,Vietnam,APAC,PLT-03,Tokyo Precision,Japan,APAC,SMB,Germany,DB Schenker,1,1,0,1,0,0.0,100.0,0.0,LOGISTICS
2025-10-01,SUP-039,Supplier 039,Vietnam,APAC,PLT-06,Sao Paulo Ops,Brazil,LATAM,Enterprise,Japan,DB Schenker,1,2,0,1,0,0.0,50.0,0.0,LOGISTICS
2025-10-01,SUP-039,Supplier 039,Vietnam,APAC,PLT-03,Tokyo Precision,Japan,APAC,SMB,UK,Maersk,1,1,0,0,0,0.0,0.0,0.0,LOGISTICS
2025-10-01,SUP-039,Supplier 039,Vietnam,APAC,PLT-00,Shanghai Hub,China,APAC,Government,Singapore,Kuehne+Nagel,1,1,0,1,0,0.0,100.0,0.0,LOGISTICS
2025-10-01,SUP-039,Supplier 039,Vietnam,APAC,PLT-06,Sao Paulo Ops,Brazil,LATAM,SMB,UK,UPS,1,1,1,1,1,100.0,100.0,100.0,LOGISTICS
2025-10-01,SUP-039,Supplier 039,Vietnam,APAC,PLT-06,Sao Paulo Ops,Brazil,LATAM,Enterprise,France,Kuehne+Nagel,1,1,0,1,0,0.0,100.0,0.0,LOGISTICS
2025-10-01,SUP-039,Supplier 039,Vietnam,APAC,PLT-05,Monterrey Plant,Mexico,LATAM,SMB,Germany,Maersk,1,1,1,1,1,100.0,100.0,100.0,LOGISTICS
2025-10-01,SUP-039,Supplier 039,Vietnam,APAC,PLT-01,Munich Center,Germany,EMEA,SMB,Canada,DHL,1,1,0,1,0,0.0,100.0,0.0,LOGISTICS
2025-10-01,SUP-039,Supplier 039,Vietnam,APAC,PLT-00,Shanghai Hub,China,APAC,Enterprise,Canada,FedEx,1,1,0,0,0,0.0,0.0,0.0,LOGISTICS
2025-10-01,SUP-039,Supplier 039,Vietnam,APAC,PLT-05,Monterrey Plant,Mexico,LATAM,SMB,Australia,UPS,1,1,0,1,0,0.0,100.0,0.0,LOGISTICS
2025-10-01,SUP-040,Supplier 040,China,APAC,PLT-07,Seoul Tech,South Korea,APAC,SMB,UK,Kuehne+Nagel,1,1,1,1,1,100.0,100.0,100.0,LOGISTICS
2025-10-01,SUP-040,Supplier 040,China,APAC,PLT-06,Sao Paulo Ops,Brazil,LATAM,Enterprise,Canada,UPS,1,1,0,1,0,0.0,100.0,0.0,LOGISTICS
2025-10-01,SUP-040,Supplier 040,China,APAC,PLT-00,Shanghai Hub,China,APAC,SMB,Canada,Maersk,1,1,0,1,0,0.0,100.0,0.0,LOGISTICS
2025-10-01,SUP-040,Supplier 040,China,APAC,PLT-07,Seoul Tech,South Korea,APAC,Government,France,FedEx,1,1,1,0,0,100.0,0.0,0.0,LOGISTICS
2025-10-01,SUP-040,Supplier 040,China,APAC,PLT-02,Detroit Works,USA,NA,SMB,France,UPS,1,1,1,1,1,100.0,100.0,100.0,LOGISTICS
2025-10-01,SUP-040,Supplier 040,China,APAC,PLT-03,Tokyo Precision,Japan,APAC,Enterprise,Japan,Kuehne+Nagel,1,1,0,1,0,0.0,100.0,0.0,LOGISTICS
2025-10-01,SUP-040,Supplier 040,China,APAC,PLT-01,Munich Center,Germany,EMEA,SMB,Germany,Kuehne+Nagel,1,1,1,1,1,100.0,100.0,100.0,LOGISTICS
2025-10-01,SUP-041,Supplier 041,Germany,EMEA,PLT-04,Chennai Forge,India,APAC,Government,UK,Kuehne+Nagel,1,1,0,1,0,0.0,100.0,0.0,LOGISTICS
2025-10-01,SUP-041,Supplier 041,Germany,EMEA,PLT-03,Tokyo Precision,Japan,APAC,Government,USA,UPS,1,1,0,1,0,0.0,100.0,0.0,LOGISTICS
2025-10-01,SUP-041,Supplier 041,Germany,EMEA,PLT-07,Seoul Tech,South Korea,APAC,SMB,Canada,Kuehne+Nagel,1,1,0,0,0,0.0,0.0,0.0,LOGISTICS
2025-10-01,SUP-041,Supplier 041,Germany,EMEA,PLT-07,Seoul Tech,South Korea,APAC,SMB,Canada,FedEx,1,1,1,1,1,100.0,100.0,100.0,LOGISTICS
2025-10-01,SUP-041,Supplier 041,Germany,EMEA,PLT-05,Monterrey Plant,Mexico,LATAM,SMB,Canada,DB Schenker,1,1,0,1,0,0.0,100.0,0.0,LOGISTICS
2025-10-01,SUP-041,Supplier 041,Germany,EMEA,PLT-03,Tokyo Precision,Japan,APAC,Government,UK,DB Schenker,1,1,1,1,1,100.0,100.0,100.0,LOGISTICS
2025-10-01,SUP-041,Supplier 041,Germany,EMEA,PLT-00,Shanghai Hub,China,APAC,Enterprise,USA,FedEx,1,1,0,0,0,0.0,0.0,0.0,LOGISTICS
2025-10-01,SUP-042,Supplier 042,USA,NA,PLT-05,Monterrey Plant,Mexico,LATAM,SMB,Australia,UPS,1,1,0,0,0,0.0,0.0,0.0,LOGISTICS
2025-10-01,SUP-043,Supplier 043,Japan,APAC,PLT-01,Munich Center,Germany,EMEA,SMB,Germany,Maersk,1,1,0,1,0,0.0,100.0,0.0,LOGISTICS
2025-10-01,SUP-043,Supplier 043,Japan,APAC,PLT-04,Chennai Forge,India,APAC,SMB,Canada,Kuehne+Nagel,1,1,1,1,1,100.0,100.0,100.0,LOGISTICS
2025-10-01,SUP-043,Supplier 043,Japan,APAC,PLT-08,Taipei Micro,Taiwan,APAC,Government,France,Maersk,1,1,1,1,1,100.0,100.0,100.0,LOGISTICS
2025-10-01,SUP-043,Supplier 043,Japan,APAC,PLT-05,Monterrey Plant,Mexico,LATAM,Enterprise,Japan,UPS,1,1,0,0,0,0.0,0.0,0.0,LOGISTICS
2025-10-01,SUP-043,Supplier 043,Japan,APAC,PLT-06,Sao Paulo Ops,Brazil,LATAM,Enterprise,USA,FedEx,1,1,0,1,0,0.0,100.0,0.0,LOGISTICS
2025-10-01,SUP-043,Supplier 043,Japan,APAC,PLT-00,Shanghai Hub,China,APAC,Enterprise,France,DB Schenker,1,1,1,0,0,100.0,0.0,0.0,LOGISTICS
2025-10-01,SUP-043,Supplier 043,Japan,APAC,PLT-02,Detroit Works,USA,NA,SMB,Australia,Maersk,1,1,1,1,1,100.0,100.0,100.0,LOGISTICS
2025-10-01,SUP-043,Supplier 043,Japan,APAC,PLT-03,Tokyo Precision,Japan,APAC,Government,USA,FedEx,1,1,0,0,0,0.0,0.0,0.0,LOGISTICS
2025-10-01,SUP-043,Supplier 043,Japan,APAC,PLT-05,Monterrey Plant,Mexico,LATAM,SMB,Germany,UPS,1,1,1,0,0,100.0,0.0,0.0,LOGISTICS
2025-10-01,SUP-043,Supplier 043,Japan,APAC,PLT-08,Taipei Micro,Taiwan,APAC,SMB,UK,DHL,1,1,1,1,1,100.0,100.0,100.0,LOGISTICS
2025-10-01,SUP-043,Supplier 043,Japan,APAC,PLT-06,Sao Paulo Ops,Brazil,LATAM,SMB,France,UPS,1,1,0,0,0,0.0,0.0,0.0,LOGISTICS
2025-10-01,SUP-043,Supplier 043,Japan,APAC,PLT-02,Detroit Works,USA,NA,Government,Germany,DHL,1,1,1,1,1,100.0,100.0,100.0,LOGISTICS
2025-10-01,SUP-043,Supplier 043,Japan,APAC,PLT-05,Monterrey Plant,Mexico,LATAM,SMB,Germany,DB Schenker,1,1,1,1,1,100.0,100.0,100.0,LOGISTICS
2025-10-01,SUP-043,Supplier 043,Japan,APAC,PLT-00,Shanghai Hub,China,APAC,SMB,Singapore,UPS,1,1,0,1,0,0.0,100.0,0.0,LOGISTICS
2025-10-01,SUP-043,Supplier 043,Japan,APAC,PLT-00,Shanghai Hub,China,APAC,Enterprise,France,Kuehne+Nagel,1,1,0,0,0,0.0,0.0,0.0,LOGISTICS
2025-10-01,SUP-044,Supplier 044,India,APAC,PLT-02,Detroit Works,USA,NA,SMB,Germany,FedEx,1,1,1,1,1,100.0,100.0,100.0,LOGISTICS
2025-10-01,SUP-044,Supplier 044,India,APAC,PLT-02,Detroit Works,USA,NA,SMB,Germany,DHL,1,1,0,0,0,0.0,0.0,0.0,LOGISTICS
2025-10-01,SUP-044,Supplier 044,India,APAC,PLT-06,Sao Paulo Ops,Brazil,LATAM,SMB,Singapore,Maersk,1,1,1,0,0,100.0,0.0,0.0,LOGISTICS
2025-10-01,SUP-044,Supplier 044,India,APAC,PLT-06,Sao Paulo Ops,Brazil,LATAM,SMB,UK,UPS,1,1,0,1,0,0.0,100.0,0.0,LOGISTICS
2025-10-01,SUP-044,Supplier 044,India,APAC,PLT-06,Sao Paulo Ops,Brazil,LATAM,Enterprise,Japan,DHL,1,1,0,1,0,0.0,100.0,0.0,LOGISTICS
2025-10-01,SUP-044,Supplier 044,India,APAC,PLT-00,Shanghai Hub,China,APAC,Enterprise,Australia,FedEx,1,1,0,0,0,0.0,0.0,0.0,LOGISTICS
2025-10-01,SUP-044,Supplier 044,India,APAC,PLT-09,Hanoi Assembly,Vietnam,APAC,SMB,USA,Kuehne+Nagel,1,1,1,1,1,100.0,100.0,100.0,LOGISTICS
2025-10-01,SUP-044,Supplier 044,India,APAC,PLT-00,Shanghai Hub,China,APAC,Enterprise,Australia,Maersk,1,1,0,1,0,0.0,100.0,0.0,LOGISTICS
2025-10-01,SUP-044,Supplier 044,India,APAC,PLT-06,Sao Paulo Ops,Brazil,LATAM,SMB,Singapore,FedEx,1,1,1,0,0,100.0,0.0,0.0,LOGISTICS
2025-10-01,SUP-045,Supplier 045,Mexico,LATAM,PLT-03,Tokyo Precision,Japan,APAC,Enterprise,Canada,DHL,1,1,0,1,0,0.0,100.0,0.0,LOGISTICS
2025-10-01,SUP-045,Supplier 045,Mexico,LATAM,PLT-08,Taipei Micro,Taiwan,APAC,SMB,UK,DB Schenker,1,1,1,1,1,100.0,100.0,100.0,LOGISTICS
2025-10-01,SUP-045,Supplier 045,Mexico,LATAM,PLT-05,Monterrey Plant,Mexico,LATAM,SMB,UK,UPS,1,1,1,1,1,100.0,100.0,100.0,LOGISTICS
2025-10-01,SUP-045,Supplier 045,Mexico,LATAM,PLT-05,Monterrey Plant,Mexico,LATAM,SMB,UK,FedEx,1,1,0,0,0,0.0,0.0,0.0,LOGISTICS
2025-10-01,SUP-045,Supplier 045,Mexico,LATAM,PLT-03,Tokyo Precision,Japan,APAC,SMB,Australia,UPS,1,1,1,1,1,100.0,100.0,100.0,LOGISTICS
2025-10-01,SUP-045,Supplier 045,Mexico,LATAM,PLT-00,Shanghai Hub,China,APAC,Enterprise,Germany,Maersk,1,1,0,1,0,0.0,100.0,0.0,LOGISTICS
2025-10-01,SUP-045,Supplier 045,Mexico,LATAM,PLT-04,Chennai Forge,India,APAC,SMB,Singapore,Kuehne+Nagel,1,1,0,0,0,0.0,0.0,0.0,LOGISTICS
2025-10-01,SUP-045,Supplier 045,Mexico,LATAM,PLT-03,Tokyo Precision,Japan,APAC,Enterprise,Germany,Maersk,1,1,0,1,0,0.0,100.0,0.0,LOGISTICS
2025-10-01,SUP-045,Supplier 045,Mexico,LATAM,PLT-05,Monterrey Plant,Mexico,LATAM,Enterprise,France,FedEx,1,1,0,1,0,0.0,100.0,0.0,LOGISTICS
2025-10-01,SUP-045,Supplier 045,Mexico,LATAM,PLT-02,Detroit Works,USA,NA,Government,Singapore,Maersk,1,1,1,0,0,100.0,0.0,0.0,LOGISTICS
2025-10-01,SUP-046,Supplier 046,Brazil,LATAM,PLT-08,Taipei Micro,Taiwan,APAC,SMB,Germany,Maersk,1,1,0,0,0,0.0,0.0,0.0,LOGISTICS
2025-10-01,SUP-046,Supplier 046,Brazil,LATAM,PLT-00,Shanghai Hub,China,APAC,SMB,Australia,DB Schenker,1,1,0,0,0,0.0,0.0,0.0,LOGISTICS
2025-10-01,SUP-046,Supplier 046,Brazil,LATAM,PLT-02,Detroit Works,USA,NA,SMB,Singapore,DB Schenker,1,1,0,0,0,0.0,0.0,0.0,LOGISTICS
2025-10-01,SUP-046,Supplier 046,Brazil,LATAM,PLT-01,Munich Center,Germany,EMEA,Enterprise,Canada,UPS,1,1,0,1,0,0.0,100.0,0.0,LOGISTICS
2025-10-01,SUP-046,Supplier 046,Brazil,LATAM,PLT-02,Detroit Works,USA,NA,SMB,Singapore,FedEx,1,1,0,0,0,0.0,0.0,0.0,LOGISTICS
2025-10-01,SUP-046,Supplier 046,Brazil,LATAM,PLT-08,Taipei Micro,Taiwan,APAC,SMB,Germany,Kuehne+Nagel,1,1,0,1,0,0.0,100.0,0.0,LOGISTICS
2025-10-01,SUP-046,Supplier 046,Brazil,LATAM,PLT-08,Taipei Micro,Taiwan,APAC,Enterprise,Japan,DB Schenker,1,1,0,1,0,0.0,100.0,0.0,LOGISTICS
2025-10-01,SUP-046,Supplier 046,Brazil,LATAM,PLT-03,Tokyo Precision,Japan,APAC,SMB,Singapore,DB Schenker,1,1,1,0,0,100.0,0.0,0.0,LOGISTICS
2025-10-01,SUP-047,Supplier 047,South Korea,APAC,PLT-06,Sao Paulo Ops,Brazil,LATAM,Enterprise,Japan,DB Schenker,1,1,1,0,0,100.0,0.0,0.0,LOGISTICS
2025-10-01,SUP-047,Supplier 047,South Korea,APAC,PLT-07,Seoul Tech,South Korea,APAC,Enterprise,USA,UPS,1,1,0,1,0,0.0,100.0,0.0,LOGISTICS
2025-10-01,SUP-047,Supplier 047,South Korea,APAC,PLT-07,Seoul Tech,South Korea,APAC,Enterprise,USA,Maersk,1,1,0,0,0,0.0,0.0,0.0,LOGISTICS
2025-10-01,SUP-047,Supplier 047,South Korea,APAC,PLT-09,Hanoi Assembly,Vietnam,APAC,Government,Singapore,Maersk,1,1,1,1,1,100.0,100.0,100.0,LOGISTICS
2025-10-01,SUP-047,Supplier 047,South Korea,APAC,PLT-09,Hanoi Assembly,Vietnam,APAC,SMB,Australia,Maersk,1,1,1,0,0,100.0,0.0,0.0,LOGISTICS
2025-10-01,SUP-047,Supplier 047,South Korea,APAC,PLT-05,Monterrey Plant,Mexico,LATAM,SMB,Germany,FedEx,1,1,0,0,0,0.0,0.0,0.0,LOGISTICS
2025-10-01,SUP-047,Supplier 047,South Korea,APAC,PLT-09,Hanoi Assembly,Vietnam,APAC,Government,Singapore,UPS,1,1,1,0,0,100.0,0.0,0.0,LOGISTICS
2025-10-01,SUP-047,Supplier 047,South Korea,APAC,PLT-06,Sao Paulo Ops,Brazil,LATAM,Enterprise,Japan,Maersk,1,1,0,1,0,0.0,100.0,0.0,LOGISTICS
2025-10-01,SUP-047,Supplier 047,South Korea,APAC,PLT-08,Taipei Micro,Taiwan,APAC,Government,Singapore,DHL,1,1,0,1,0,0.0,100.0,0.0,LOGISTICS
2025-10-01,SUP-047,Supplier 047,South Korea,APAC,PLT-09,Hanoi Assembly,Vietnam,APAC,SMB,Australia,DB Schenker,1,1,1,1,1,100.0,100.0,100.0,LOGISTICS
2025-10-01,SUP-048,Supplier 048,Taiwan,APAC,PLT-05,Monterrey Plant,Mexico,LATAM,SMB,Australia,UPS,1,1,1,0,0,100.0,0.0,0.0,LOGISTICS
2025-10-01,SUP-048,Supplier 048,Taiwan,APAC,PLT-07,Seoul Tech,South Korea,APAC,SMB,USA,Maersk,1,1,0,0,0,0.0,0.0,0.0,LOGISTICS
2025-10-01,SUP-048,Supplier 048,Taiwan,APAC,PLT-06,Sao Paulo Ops,Brazil,LATAM,SMB,Germany,FedEx,1,1,0,1,0,0.0,100.0,0.0,LOGISTICS
2025-10-01,SUP-048,Supplier 048,Taiwan,APAC,PLT-05,Monterrey Plant,Mexico,LATAM,SMB,Australia,Maersk,1,1,0,1,0,0.0,100.0,0.0,LOGISTICS
2025-10-01,SUP-048,Supplier 048,Taiwan,APAC,PLT-06,Sao Paulo Ops,Brazil,LATAM,SMB,Germany,UPS,1,1,0,0,0,0.0,0.0,0.0,LOGISTICS
2025-10-01,SUP-048,Supplier 048,Taiwan,APAC,PLT-09,Hanoi Assembly,Vietnam,APAC,Government,Australia,Kuehne+Nagel,1,1,1,1,1,100.0,100.0,100.0,LOGISTICS
2025-10-01,SUP-048,Supplier 048,Taiwan,APAC,PLT-01,Munich Center,Germany,EMEA,Enterprise,Germany,Kuehne+Nagel,1,1,1,0,0,100.0,0.0,0.0,LOGISTICS
2025-10-01,SUP-049,Supplier 049,Vietnam,APAC,PLT-08,Taipei Micro,Taiwan,APAC,Government,France,UPS,1,1,0,1,0,0.0,100.0,0.0,LOGISTICS
2025-10-01,SUP-049,Supplier 049,Vietnam,APAC,PLT-09,Hanoi Assembly,Vietnam,APAC,Enterprise,USA,FedEx,1,1,0,1,0,0.0,100.0,0.0,LOGISTICS
2025-10-01,SUP-049,Supplier 049,Vietnam,APAC,PLT-08,Taipei Micro,Taiwan,APAC,SMB,Canada,UPS,1,1,0,1,0,0.0,100.0,0.0,LOGISTICS
2025-10-01,SUP-049,Supplier 049,Vietnam,APAC,PLT-02,Detroit Works,USA,NA,SMB,France,Kuehne+Nagel,1,1,0,1,0,0.0,100.0,0.0,LOGISTICS
2025-11-01,SUP-000,Supplier 000,China,APAC,PLT-05,Monterrey Plant,Mexico,LATAM,SMB,France,DHL,1,1,1,0,0,100.0,0.0,0.0,LOGISTICS
2025-11-01,SUP-000,Supplier 000,China,APAC,PLT-08,Taipei Micro,Taiwan,APAC,SMB,Singapore,DB Schenker,1,1,1,1,1,100.0,100.0,100.0,LOGISTICS
2025-11-01,SUP-000,Supplier 000,China,APAC,PLT-01,Munich Center,Germany,EMEA,Government,UK,Kuehne+Nagel,1,2,1,1,0,50.0,50.0,0.0,LOGISTICS
2025-11-01,SUP-000,Supplier 000,China,APAC,PLT-08,Taipei Micro,Taiwan,APAC,SMB,Australia,DHL,1,1,1,1,1,100.0,100.0,100.0,LOGISTICS
2025-11-01,SUP-000,Supplier 000,China,APAC,PLT-09,Hanoi Assembly,Vietnam,APAC,SMB,Australia,DB Schenker,1,1,0,0,0,0.0,0.0,0.0,LOGISTICS
2025-11-01,SUP-000,Supplier 000,China,APAC,PLT-02,Detroit Works,USA,NA,SMB,Australia,UPS,1,1,1,1,1,100.0,100.0,100.0,LOGISTICS
2025-11-01,SUP-000,Supplier 000,China,APAC,PLT-05,Monterrey Plant,Mexico,LATAM,SMB,France,DB Schenker,1,1,1,0,0,100.0,0.0,0.0,LOGISTICS
2025-11-01,SUP-000,Supplier 000,China,APAC,PLT-04,Chennai Forge,India,APAC,SMB,France,Kuehne+Nagel,1,1,0,1,0,0.0,100.0,0.0,LOGISTICS
2025-11-01,SUP-000,Supplier 000,China,APAC,PLT-08,Taipei Micro,Taiwan,APAC,SMB,Canada,DB Schenker,1,1,1,1,1,100.0,100.0,100.0,LOGISTICS
2025-11-01,SUP-000,Supplier 000,China,APAC,PLT-05,Monterrey Plant,Mexico,LATAM,Enterprise,Japan,Kuehne+Nagel,1,1,1,0,0,100.0,0.0,0.0,LOGISTICS
2025-11-01,SUP-000,Supplier 000,China,APAC,PLT-00,Shanghai Hub,China,APAC,SMB,France,UPS,1,1,0,0,0,0.0,0.0,0.0,LOGISTICS
2025-11-01,SUP-000,Supplier 000,China,APAC,PLT-08,Taipei Micro,Taiwan,APAC,SMB,Canada,DHL,1,1,1,0,0,100.0,0.0,0.0,LOGISTICS
2025-11-01,SUP-001,Supplier 001,Germany,EMEA,PLT-00,Shanghai Hub,China,APAC,SMB,UK,Maersk,1,1,1,0,0,100.0,0.0,0.0,LOGISTICS
2025-11-01,SUP-001,Supplier 001,Germany,EMEA,PLT-09,Hanoi Assembly,Vietnam,APAC,SMB,France,DHL,1,1,1,1,1,100.0,100.0,100.0,LOGISTICS
2025-11-01,SUP-001,Supplier 001,Germany,EMEA,PLT-07,Seoul Tech,South Korea,APAC,SMB,France,UPS,1,1,1,0,0,100.0,0.0,0.0,LOGISTICS
2025-11-01,SUP-001,Supplier 001,Germany,EMEA,PLT-00,Shanghai Hub,China,APAC,Enterprise,Germany,FedEx,1,1,1,1,1,100.0,100.0,100.0,LOGISTICS
2025-11-01,SUP-001,Supplier 001,Germany,EMEA,PLT-03,Tokyo Precision,Japan,APAC,SMB,Germany,Maersk,1,1,0,0,0,0.0,0.0,0.0,LOGISTICS
2025-11-01,SUP-001,Supplier 001,Germany,EMEA,PLT-00,Shanghai Hub,China,APAC,Enterprise,Canada,FedEx,1,1,0,1,0,0.0,100.0,0.0,LOGISTICS
2025-11-01,SUP-001,Supplier 001,Germany,EMEA,PLT-00,Shanghai Hub,China,APAC,Enterprise,Singapore,DHL,1,1,1,0,0,100.0,0.0,0.0,LOGISTICS
2025-11-01,SUP-002,Supplier 002,USA,NA,PLT-02,Detroit Works,USA,NA,Government,Japan,DB Schenker,1,1,1,0,0,100.0,0.0,0.0,LOGISTICS
2025-11-01,SUP-002,Supplier 002,USA,NA,PLT-06,Sao Paulo Ops,Brazil,LATAM,SMB,Singapore,DB Schenker,1,1,1,1,1,100.0,100.0,100.0,LOGISTICS
2025-11-01,SUP-002,Supplier 002,USA,NA,PLT-09,Hanoi Assembly,Vietnam,APAC,SMB,Canada,Maersk,1,1,1,1,1,100.0,100.0,100.0,LOGISTICS
2025-11-01,SUP-002,Supplier 002,USA,NA,PLT-02,Detroit Works,USA,NA,Enterprise,Germany,UPS,1,1,1,1,1,100.0,100.0,100.0,LOGISTICS
2025-11-01,SUP-002,Supplier 002,USA,NA,PLT-06,Sao Paulo Ops,Brazil,LATAM,Enterprise,USA,Maersk,1,1,0,1,0,0.0,100.0,0.0,LOGISTICS
2025-11-01,SUP-002,Supplier 002,USA,NA,PLT-09,Hanoi Assembly,Vietnam,APAC,SMB,UK,UPS,1,1,1,1,1,100.0,100.0,100.0,LOGISTICS
2025-11-01,SUP-003,Supplier 003,Japan,APAC,PLT-02,Detroit Works,USA,NA,Government,Singapore,UPS,1,1,0,1,0,0.0,100.0,0.0,LOGISTICS
2025-11-01,SUP-003,Supplier 003,Japan,APAC,PLT-04,Chennai Forge,India,APAC,Enterprise,USA,DB Schenker,1,1,1,1,1,100.0,100.0,100.0,LOGISTICS
2025-11-01,SUP-003,Supplier 003,Japan,APAC,PLT-09,Hanoi Assembly,Vietnam,APAC,Enterprise,France,Kuehne+Nagel,1,1,0,1,0,0.0,100.0,0.0,LOGISTICS
2025-11-01,SUP-003,Supplier 003,Japan,APAC,PLT-02,Detroit Works,USA,NA,Government,Singapore,FedEx,1,1,0,0,0,0.0,0.0,0.0,LOGISTICS
2025-11-01,SUP-003,Supplier 003,Japan,APAC,PLT-07,Seoul Tech,South Korea,APAC,Government,Germany,FedEx,1,1,0,1,0,0.0,100.0,0.0,LOGISTICS
2025-11-01,SUP-003,Supplier 003,Japan,APAC,PLT-08,Taipei Micro,Taiwan,APAC,SMB,Singapore,FedEx,1,1,1,1,1,100.0,100.0,100.0,LOGISTICS
2025-11-01,SUP-004,Supplier 004,India,APAC,PLT-03,Tokyo Precision,Japan,APAC,Government,Germany,DHL,1,1,0,1,0,0.0,100.0,0.0,LOGISTICS
2025-11-01,SUP-004,Supplier 004,India,APAC,PLT-01,Munich Center,Germany,EMEA,Government,USA,DHL,1,1,1,0,0,100.0,0.0,0.0,LOGISTICS
2025-11-01,SUP-004,Supplier 004,India,APAC,PLT-08,Taipei Micro,Taiwan,APAC,SMB,Germany,FedEx,1,1,1,1,1,100.0,100.0,100.0,LOGISTICS
2025-11-01,SUP-004,Supplier 004,India,APAC,PLT-08,Taipei Micro,Taiwan,APAC,SMB,France,FedEx,1,1,0,1,0,0.0,100.0,0.0,LOGISTICS
2025-11-01,SUP-004,Supplier 004,India,APAC,PLT-01,Munich Center,Germany,EMEA,Government,USA,UPS,1,1,0,1,0,0.0,100.0,0.0,LOGISTICS
2025-11-01,SUP-005,Supplier 005,Mexico,LATAM,PLT-01,Munich Center,Germany,EMEA,SMB,UK,Maersk,1,1,0,1,0,0.0,100.0,0.0,LOGISTICS
2025-11-01,SUP-005,Supplier 005,Mexico,LATAM,PLT-06,Sao Paulo Ops,Brazil,LATAM,Enterprise,Japan,FedEx,1,1,1,1,1,100.0,100.0,100.0,LOGISTICS
2025-11-01,SUP-005,Supplier 005,Mexico,LATAM,PLT-02,Detroit Works,USA,NA,SMB,Australia,Maersk,1,1,0,0,0,0.0,0.0,0.0,LOGISTICS
2025-11-01,SUP-005,Supplier 005,Mexico,LATAM,PLT-03,Tokyo Precision,Japan,APAC,SMB,UK,FedEx,1,1,0,0,0,0.0,0.0,0.0,LOGISTICS
2025-11-01,SUP-005,Supplier 005,Mexico,LATAM,PLT-09,Hanoi Assembly,Vietnam,APAC,SMB,France,UPS,1,1,0,1,0,0.0,100.0,0.0,LOGISTICS
2025-11-01,SUP-005,Supplier 005,Mexico,LATAM,PLT-04,Chennai Forge,India,APAC,SMB,Singapore,Kuehne+Nagel,1,1,0,0,0,0.0,0.0,0.0,LOGISTICS
2025-11-01,SUP-006,Supplier 006,Brazil,LATAM,PLT-07,Seoul Tech,South Korea,APAC,SMB,Singapore,DHL,1,1,0,1,0,0.0,100.0,0.0,LOGISTICS
2025-11-01,SUP-006,Supplier 006,Brazil,LATAM,PLT-02,Detroit Works,USA,NA,SMB,Germany,Maersk,1,1,1,1,1,100.0,100.0,100.0,LOGISTICS
2025-11-01,SUP-006,Supplier 006,Brazil,LATAM,PLT-09,Hanoi Assembly,Vietnam,APAC,SMB,France,DB Schenker,1,1,1,1,1,100.0,100.0,100.0,LOGISTICS
2025-11-01,SUP-006,Supplier 006,Brazil,LATAM,PLT-09,Hanoi Assembly,Vietnam,APAC,SMB,France,DHL,1,1,1,0,0,100.0,0.0,0.0,LOGISTICS
2025-11-01,SUP-007,Supplier 007,South Korea,APAC,PLT-08,Taipei Micro,Taiwan,APAC,SMB,UK,UPS,1,1,0,1,0,0.0,100.0,0.0,LOGISTICS
2025-11-01,SUP-007,Supplier 007,South Korea,APAC,PLT-01,Munich Center,Germany,EMEA,SMB,Australia,Maersk,1,1,0,0,0,0.0,0.0,0.0,LOGISTICS
2025-11-01,SUP-007,Supplier 007,South Korea,APAC,PLT-08,Taipei Micro,Taiwan,APAC,SMB,Germany,DHL,1,1,1,1,1,100.0,100.0,100.0,LOGISTICS
2025-11-01,SUP-007,Supplier 007,South Korea,APAC,PLT-07,Seoul Tech,South Korea,APAC,SMB,UK,Kuehne+Nagel,1,1,0,0,0,0.0,0.0,0.0,LOGISTICS
2025-11-01,SUP-007,Supplier 007,South Korea,APAC,PLT-09,Hanoi Assembly,Vietnam,APAC,Government,USA,Maersk,1,1,1,1,1,100.0,100.0,100.0,LOGISTICS
2025-11-01,SUP-007,Supplier 007,South Korea,APAC,PLT-02,Detroit Works,USA,NA,Enterprise,Australia,Kuehne+Nagel,1,1,1,0,0,100.0,0.0,0.0,LOGISTICS
2025-11-01,SUP-008,Supplier 008,Taiwan,APAC,PLT-01,Munich Center,Germany,EMEA,Government,Germany,DHL,1,1,1,1,1,100.0,100.0,100.0,LOGISTICS
2025-11-01,SUP-008,Supplier 008,Taiwan,APAC,PLT-07,Seoul Tech,South Korea,APAC,SMB,France,FedEx,1,1,1,1,1,100.0,100.0,100.0,LOGISTICS
2025-11-01,SUP-008,Supplier 008,Taiwan,APAC,PLT-07,Seoul Tech,South Korea,APAC,SMB,USA,FedEx,1,1,0,1,0,0.0,100.0,0.0,LOGISTICS
2025-11-01,SUP-008,Supplier 008,Taiwan,APAC,PLT-07,Seoul Tech,South Korea,APAC,SMB,USA,DHL,1,1,1,0,0,100.0,0.0,0.0,LOGISTICS
2025-11-01,SUP-009,Supplier 009,Vietnam,APAC,PLT-05,Monterrey Plant,Mexico,LATAM,SMB,Singapore,FedEx,1,1,0,1,0,0.0,100.0,0.0,LOGISTICS
2025-11-01,SUP-009,Supplier 009,Vietnam,APAC,PLT-03,Tokyo Precision,Japan,APAC,Enterprise,Japan,DB Schenker,1,1,0,0,0,0.0,0.0,0.0,LOGISTICS
2025-11-01,SUP-009,Supplier 009,Vietnam,APAC,PLT-00,Shanghai Hub,China,APAC,Enterprise,Australia,FedEx,1,1,1,1,1,100.0,100.0,100.0,LOGISTICS
2025-11-01,SUP-009,Supplier 009,Vietnam,APAC,PLT-00,Shanghai Hub,China,APAC,Enterprise,Singapore,Maersk,1,1,1,1,1,100.0,100.0,100.0,LOGISTICS
2025-11-01,SUP-009,Supplier 009,Vietnam,APAC,PLT-08,Taipei Micro,Taiwan,APAC,SMB,Australia,Maersk,1,1,0,1,0,0.0,100.0,0.0,LOGISTICS
2025-11-01,SUP-009,Supplier 009,Vietnam,APAC,PLT-03,Tokyo Precision,Japan,APAC,Enterprise,Japan,DHL,1,1,0,1,0,0.0,100.0,0.0,LOGISTICS
2025-11-01,SUP-009,Supplier 009,Vietnam,APAC,PLT-00,Shanghai Hub,China,APAC,SMB,Singapore,Maersk,1,1,0,1,0,0.0,100.0,0.0,LOGISTICS
2025-11-01,SUP-010,Supplier 010,China,APAC,PLT-02,Detroit Works,USA,NA,SMB,Canada,DHL,1,1,1,0,0,100.0,0.0,0.0,LOGISTICS
2025-11-01,SUP-010,Supplier 010,China,APAC,PLT-06,Sao Paulo Ops,Brazil,LATAM,Government,USA,FedEx,1,1,0,0,0,0.0,0.0,0.0,LOGISTICS
2025-11-01,SUP-010,Supplier 010,China,APAC,PLT-03,Tokyo Precision,Japan,APAC,Government,Germany,Kuehne+Nagel,1,1,1,0,0,100.0,0.0,0.0,LOGISTICS
2025-11-01,SUP-010,Supplier 010,China,APAC,PLT-03,Tokyo Precision,Japan,APAC,SMB,UK,DHL,1,1,0,1,0,0.0,100.0,0.0,LOGISTICS
2025-11-01,SUP-010,Supplier 010,China,APAC,PLT-06,Sao Paulo Ops,Brazil,LATAM,Government,USA,Maersk,1,1,1,0,0,100.0,0.0,0.0,LOGISTICS
2025-11-01,SUP-010,Supplier 010,China,APAC,PLT-03,Tokyo Precision,Japan,APAC,Government,Germany,FedEx,1,1,0,1,0,0.0,100.0,0.0,LOGISTICS
2025-11-01,SUP-011,Supplier 011,Germany,EMEA,PLT-02,Detroit Works,USA,NA,SMB,Japan,FedEx,1,1,1,1,1,100.0,100.0,100.0,LOGISTICS
2025-11-01,SUP-011,Supplier 011,Germany,EMEA,PLT-04,Chennai Forge,India,APAC,SMB,UK,UPS,1,1,0,1,0,0.0,100.0,0.0,LOGISTICS
2025-11-01,SUP-011,Supplier 011,Germany,EMEA,PLT-05,Monterrey Plant,Mexico,LATAM,Enterprise,Singapore,DB Schenker,1,1,0,1,0,0.0,100.0,0.0,LOGISTICS
2025-11-01,SUP-011,Supplier 011,Germany,EMEA,PLT-06,Sao Paulo Ops,Brazil,LATAM,Government,USA,Maersk,1,1,0,1,0,0.0,100.0,0.0,LOGISTICS
2025-11-01,SUP-011,Supplier 011,Germany,EMEA,PLT-08,Taipei Micro,Taiwan,APAC,SMB,USA,DB Schenker,1,1,1,1,1,100.0,100.0,100.0,LOGISTICS
2025-11-01,SUP-011,Supplier 011,Germany,EMEA,PLT-00,Shanghai Hub,China,APAC,Enterprise,USA,FedEx,1,1,0,1,0,0.0,100.0,0.0,LOGISTICS
2025-11-01,SUP-012,Supplier 012,USA,NA,PLT-09,Hanoi Assembly,Vietnam,APAC,Enterprise,France,FedEx,1,1,0,1,0,0.0,100.0,0.0,LOGISTICS
2025-11-01,SUP-012,Supplier 012,USA,NA,PLT-09,Hanoi Assembly,Vietnam,APAC,SMB,Australia,DB Schenker,1,2,0,0,0,0.0,0.0,0.0,LOGISTICS
2025-11-01,SUP-012,Supplier 012,USA,NA,PLT-02,Detroit Works,USA,NA,Enterprise,Germany,DB Schenker,1,1,1,1,1,100.0,100.0,100.0,LOGISTICS
2025-11-01,SUP-012,Supplier 012,USA,NA,PLT-02,Detroit Works,USA,NA,Enterprise,Germany,Kuehne+Nagel,1,1,0,0,0,0.0,0.0,0.0,LOGISTICS
2025-11-01,SUP-012,Supplier 012,USA,NA,PLT-00,Shanghai Hub,China,APAC,SMB,Germany,DHL,1,1,0,1,0,0.0,100.0,0.0,LOGISTICS
2025-11-01,SUP-012,Supplier 012,USA,NA,PLT-05,Monterrey Plant,Mexico,LATAM,SMB,USA,Maersk,1,1,0,1,0,0.0,100.0,0.0,LOGISTICS
2025-11-01,SUP-013,Supplier 013,Japan,APAC,PLT-06,Sao Paulo Ops,Brazil,LATAM,Enterprise,Singapore,FedEx,1,1,1,1,1,100.0,100.0,100.0,LOGISTICS
2025-11-01,SUP-013,Supplier 013,Japan,APAC,PLT-06,Sao Paulo Ops,Brazil,LATAM,Enterprise,Singapore,DB Schenker,1,1,1,0,0,100.0,0.0,0.0,LOGISTICS
2025-11-01,SUP-013,Supplier 013,Japan,APAC,PLT-00,Shanghai Hub,China,APAC,Government,Singapore,UPS,1,1,1,1,1,100.0,100.0,100.0,LOGISTICS
2025-11-01,SUP-013,Supplier 013,Japan,APAC,PLT-04,Chennai Forge,India,APAC,SMB,UK,UPS,1,1,1,1,1,100.0,100.0,100.0,LOGISTICS
2025-11-01,SUP-013,Supplier 013,Japan,APAC,PLT-04,Chennai Forge,India,APAC,SMB,UK,FedEx,1,1,0,0,0,0.0,0.0,0.0,LOGISTICS
2025-11-01,SUP-013,Supplier 013,Japan,APAC,PLT-00,Shanghai Hub,China,APAC,Government,Singapore,FedEx,1,1,1,0,0,100.0,0.0,0.0,LOGISTICS
2025-11-01,SUP-014,Supplier 014,India,APAC,PLT-00,Shanghai Hub,China,APAC,SMB,Singapore,FedEx,1,1,0,0,0,0.0,0.0,0.0,LOGISTICS
2025-11-01,SUP-014,Supplier 014,India,APAC,PLT-05,Monterrey Plant,Mexico,LATAM,Government,UK,Kuehne+Nagel,1,1,0,0,0,0.0,0.0,0.0,LOGISTICS
2025-11-01,SUP-014,Supplier 014,India,APAC,PLT-08,Taipei Micro,Taiwan,APAC,Government,UK,DB Schenker,1,1,0,1,0,0.0,100.0,0.0,LOGISTICS
2025-11-01,SUP-014,Supplier 014,India,APAC,PLT-03,Tokyo Precision,Japan,APAC,SMB,UK,DHL,1,1,1,1,1,100.0,100.0,100.0,LOGISTICS
2025-11-01,SUP-014,Supplier 014,India,APAC,PLT-08,Taipei Micro,Taiwan,APAC,Government,UK,UPS,1,1,1,0,0,100.0,0.0,0.0,LOGISTICS
2025-11-01,SUP-015,Supplier 015,Mexico,LATAM,PLT-08,Taipei Micro,Taiwan,APAC,SMB,USA,DB Schenker,1,1,0,0,0,0.0,0.0,0.0,LOGISTICS
2025-11-01,SUP-015,Supplier 015,Mexico,LATAM,PLT-09,Hanoi Assembly,Vietnam,APAC,Enterprise,USA,Maersk,1,1,0,1,0,0.0,100.0,0.0,LOGISTICS
2025-11-01,SUP-015,Supplier 015,Mexico,LATAM,PLT-00,Shanghai Hub,China,APAC,Enterprise,Canada,Maersk,1,1,1,1,1,100.0,100.0,100.0,LOGISTICS
2025-11-01,SUP-015,Supplier 015,Mexico,LATAM,PLT-05,Monterrey Plant,Mexico,LATAM,SMB,UK,Maersk,1,1,1,1,1,100.0,100.0,100.0,LOGISTICS
2025-11-01,SUP-015,Supplier 015,Mexico,LATAM,PLT-08,Taipei Micro,Taiwan,APAC,SMB,Australia,UPS,1,1,0,1,0,0.0,100.0,0.0,LOGISTICS
2025-11-01,SUP-015,Supplier 015,Mexico,LATAM,PLT-08,Taipei Micro,Taiwan,APAC,Enterprise,UK,UPS,1,1,0,1,0,0.0,100.0,0.0,LOGISTICS
2025-11-01,SUP-015,Supplier 015,Mexico,LATAM,PLT-05,Monterrey Plant,Mexico,LATAM,Enterprise,Germany,DHL,1,1,0,0,0,0.0,0.0,0.0,LOGISTICS
2025-11-01,SUP-015,Supplier 015,Mexico,LATAM,PLT-08,Taipei Micro,Taiwan,APAC,SMB,USA,DHL,1,1,1,0,0,100.0,0.0,0.0,LOGISTICS
2025-11-01,SUP-015,Supplier 015,Mexico,LATAM,PLT-01,Munich Center,Germany,EMEA,Government,Canada,UPS,1,1,0,1,0,0.0,100.0,0.0,LOGISTICS
2025-11-01,SUP-015,Supplier 015,Mexico,LATAM,PLT-09,Hanoi Assembly,Vietnam,APAC,SMB,Canada,DHL,1,1,1,0,0,100.0,0.0,0.0,LOGISTICS
2025-11-01,SUP-015,Supplier 015,Mexico,LATAM,PLT-05,Monterrey Plant,Mexico,LATAM,SMB,Australia,DB Schenker,1,1,1,0,0,100.0,0.0,0.0,LOGISTICS
2025-11-01,SUP-015,Supplier 015,Mexico,LATAM,PLT-00,Shanghai Hub,China,APAC,Enterprise,Australia,Kuehne+Nagel,1,1,0,0,0,0.0,0.0,0.0,LOGISTICS
2025-11-01,SUP-016,Supplier 016,Brazil,LATAM,PLT-02,Detroit Works,USA,NA,Enterprise,Germany,FedEx,1,1,0,1,0,0.0,100.0,0.0,LOGISTICS
2025-11-01,SUP-016,Supplier 016,Brazil,LATAM,PLT-09,Hanoi Assembly,Vietnam,APAC,Government,France,Kuehne+Nagel,1,1,0,1,0,0.0,100.0,0.0,LOGISTICS
2025-11-01,SUP-016,Supplier 016,Brazil,LATAM,PLT-03,Tokyo Precision,Japan,APAC,SMB,Germany,Kuehne+Nagel,1,1,1,0,0,100.0,0.0,0.0,LOGISTICS
2025-11-01,SUP-016,Supplier 016,Brazil,LATAM,PLT-08,Taipei Micro,Taiwan,APAC,Government,USA,Kuehne+Nagel,1,1,0,0,0,0.0,0.0,0.0,LOGISTICS
2025-11-01,SUP-016,Supplier 016,Brazil,LATAM,PLT-01,Munich Center,Germany,EMEA,SMB,Singapore,UPS,1,1,0,1,0,0.0,100.0,0.0,LOGISTICS
2025-11-01,SUP-016,Supplier 016,Brazil,LATAM,PLT-05,Monterrey Plant,Mexico,LATAM,Enterprise,Germany,Kuehne+Nagel,1,1,0,0,0,0.0,0.0,0.0,LOGISTICS
2025-11-01,SUP-016,Supplier 016,Brazil,LATAM,PLT-05,Monterrey Plant,Mexico,LATAM,Enterprise,Germany,UPS,1,1,0,1,0,0.0,100.0,0.0,LOGISTICS
2025-11-01,SUP-016,Supplier 016,Brazil,LATAM,PLT-07,Seoul Tech,South Korea,APAC,SMB,France,Kuehne+Nagel,1,1,1,0,0,100.0,0.0,0.0,LOGISTICS
2025-11-01,SUP-016,Supplier 016,Brazil,LATAM,PLT-07,Seoul Tech,South Korea,APAC,SMB,USA,FedEx,1,1,0,1,0,0.0,100.0,0.0,LOGISTICS
2025-11-01,SUP-017,Supplier 017,South Korea,APAC,PLT-05,Monterrey Plant,Mexico,LATAM,SMB,Singapore,Kuehne+Nagel,1,1,0,1,0,0.0,100.0,0.0,LOGISTICS
2025-11-01,SUP-017,Supplier 017,South Korea,APAC,PLT-05,Monterrey Plant,Mexico,LATAM,SMB,Australia,DB Schenker,1,1,1,1,1,100.0,100.0,100.0,LOGISTICS
2025-11-01,SUP-017,Supplier 017,South Korea,APAC,PLT-01,Munich Center,Germany,EMEA,Enterprise,Germany,DHL,1,1,1,0,0,100.0,0.0,0.0,LOGISTICS
2025-11-01,SUP-017,Supplier 017,South Korea,APAC,PLT-09,Hanoi Assembly,Vietnam,APAC,Enterprise,Singapore,FedEx,1,1,0,0,0,0.0,0.0,0.0,LOGISTICS
2025-11-01,SUP-017,Supplier 017,South Korea,APAC,PLT-08,Taipei Micro,Taiwan,APAC,Enterprise,Singapore,FedEx,1,1,0,1,0,0.0,100.0,0.0,LOGISTICS
2025-11-01,SUP-017,Supplier 017,South Korea,APAC,PLT-04,Chennai Forge,India,APAC,SMB,Australia,DHL,1,2,1,0,0,50.0,0.0,0.0,LOGISTICS
2025-11-01,SUP-017,Supplier 017,South Korea,APAC,PLT-09,Hanoi Assembly,Vietnam,APAC,Enterprise,Singapore,Kuehne+Nagel,1,1,0,1,0,0.0,100.0,0.0,LOGISTICS
2025-11-01,SUP-018,Supplier 018,Taiwan,APAC,PLT-09,Hanoi Assembly,Vietnam,APAC,SMB,Singapore,Maersk,1,1,0,0,0,0.0,0.0,0.0,LOGISTICS
2025-11-01,SUP-018,Supplier 018,Taiwan,APAC,PLT-07,Seoul Tech,South Korea,APAC,Enterprise,Canada,UPS,1,1,1,0,0,100.0,0.0,0.0,LOGISTICS
2025-11-01,SUP-018,Supplier 018,Taiwan,APAC,PLT-04,Chennai Forge,India,APAC,SMB,Canada,Maersk,1,1,0,1,0,0.0,100.0,0.0,LOGISTICS
2025-11-01,SUP-018,Supplier 018,Taiwan,APAC,PLT-08,Taipei Micro,Taiwan,APAC,Enterprise,Germany,FedEx,1,1,0,1,0,0.0,100.0,0.0,LOGISTICS
2025-11-01,SUP-018,Supplier 018,Taiwan,APAC,PLT-00,Shanghai Hub,China,APAC,SMB,Singapore,DHL,1,1,1,0,0,100.0,0.0,0.0,LOGISTICS
2025-11-01,SUP-018,Supplier 018,Taiwan,APAC,PLT-05,Monterrey Plant,Mexico,LATAM,Government,Canada,Maersk,1,1,0,1,0,0.0,100.0,0.0,LOGISTICS
2025-11-01,SUP-018,Supplier 018,Taiwan,APAC,PLT-07,Seoul Tech,South Korea,APAC,Enterprise,Canada,DHL,1,1,0,0,0,0.0,0.0,0.0,LOGISTICS
2025-11-01,SUP-019,Supplier 019,Vietnam,APAC,PLT-01,Munich Center,Germany,EMEA,Enterprise,USA,DB Schenker,1,1,0,0,0,0.0,0.0,0.0,LOGISTICS
2025-11-01,SUP-019,Supplier 019,Vietnam,APAC,PLT-02,Detroit Works,USA,NA,SMB,UK,Maersk,1,1,1,0,0,100.0,0.0,0.0,LOGISTICS
2025-11-01,SUP-019,Supplier 019,Vietnam,APAC,PLT-02,Detroit Works,USA,NA,SMB,UK,FedEx,1,1,1,0,0,100.0,0.0,0.0,LOGISTICS
2025-11-01,SUP-019,Supplier 019,Vietnam,APAC,PLT-00,Shanghai Hub,China,APAC,Enterprise,Germany,Kuehne+Nagel,1,1,0,1,0,0.0,100.0,0.0,LOGISTICS
2025-11-01,SUP-019,Supplier 019,Vietnam,APAC,PLT-03,Tokyo Precision,Japan,APAC,SMB,Singapore,FedEx,1,1,0,1,0,0.0,100.0,0.0,LOGISTICS
2025-11-01,SUP-019,Supplier 019,Vietnam,APAC,PLT-06,Sao Paulo Ops,Brazil,LATAM,SMB,Germany,FedEx,1,1,1,1,1,100.0,100.0,100.0,LOGISTICS
2025-11-01,SUP-020,Supplier 020,China,APAC,PLT-03,Tokyo Precision,Japan,APAC,SMB,Singapore,FedEx,1,1,1,1,1,100.0,100.0,100.0,LOGISTICS
2025-11-01,SUP-020,Supplier 020,China,APAC,PLT-05,Monterrey Plant,Mexico,LATAM,Government,UK,Maersk,1,1,1,1,1,100.0,100.0,100.0,LOGISTICS
2025-11-01,SUP-020,Supplier 020,China,APAC,PLT-06,Sao Paulo Ops,Brazil,LATAM,Government,Canada,Kuehne+Nagel,1,1,1,1,1,100.0,100.0,100.0,LOGISTICS
2025-11-01,SUP-020,Supplier 020,China,APAC,PLT-08,Taipei Micro,Taiwan,APAC,Enterprise,Canada,DB Schenker,1,1,0,1,0,0.0,100.0,0.0,LOGISTICS
2025-11-01,SUP-020,Supplier 020,China,APAC,PLT-09,Hanoi Assembly,Vietnam,APAC,Enterprise,Japan,Maersk,1,1,1,0,0,100.0,0.0,0.0,LOGISTICS
2025-11-01,SUP-020,Supplier 020,China,APAC,PLT-03,Tokyo Precision,Japan,APAC,SMB,Canada,Maersk,1,2,1,1,1,50.0,50.0,50.0,LOGISTICS
2025-11-01,SUP-020,Supplier 020,China,APAC,PLT-01,Munich Center,Germany,EMEA,SMB,USA,Kuehne+Nagel,1,1,1,0,0,100.0,0.0,0.0,LOGISTICS
2025-11-01,SUP-020,Supplier 020,China,APAC,PLT-08,Taipei Micro,Taiwan,APAC,Enterprise,Japan,Maersk,1,1,0,1,0,0.0,100.0,0.0,LOGISTICS
2025-11-01,SUP-021,Supplier 021,Germany,EMEA,PLT-01,Munich Center,Germany,EMEA,Enterprise,Australia,DHL,1,1,0,1,0,0.0,100.0,0.0,LOGISTICS
2025-11-01,SUP-021,Supplier 021,Germany,EMEA,PLT-03,Tokyo Precision,Japan,APAC,SMB,Singapore,UPS,1,1,1,1,1,100.0,100.0,100.0,LOGISTICS
2025-11-01,SUP-021,Supplier 021,Germany,EMEA,PLT-07,Seoul Tech,South Korea,APAC,Government,Germany,Kuehne+Nagel,1,1,1,1,1,100.0,100.0,100.0,LOGISTICS
2025-11-01,SUP-021,Supplier 021,Germany,EMEA,PLT-02,Detroit Works,USA,NA,Enterprise,Japan,Maersk,1,1,0,0,0,0.0,0.0,0.0,LOGISTICS
2025-11-01,SUP-021,Supplier 021,Germany,EMEA,PLT-04,Chennai Forge,India,APAC,Government,USA,Maersk,1,1,0,0,0,0.0,0.0,0.0,LOGISTICS
2025-11-01,SUP-021,Supplier 021,Germany,EMEA,PLT-07,Seoul Tech,South Korea,APAC,Government,Canada,Kuehne+Nagel,1,1,0,0,0,0.0,0.0,0.0,LOGISTICS
2025-11-01,SUP-021,Supplier 021,Germany,EMEA,PLT-01,Munich Center,Germany,EMEA,SMB,UK,Kuehne+Nagel,1,1,1,0,0,100.0,0.0,0.0,LOGISTICS
2025-11-01,SUP-021,Supplier 021,Germany,EMEA,PLT-03,Tokyo Precision,Japan,APAC,SMB,Singapore,FedEx,1,1,0,0,0,0.0,0.0,0.0,LOGISTICS
2025-11-01,SUP-022,Supplier 022,USA,NA,PLT-05,Monterrey Plant,Mexico,LATAM,Government,USA,UPS,1,1,0,1,0,0.0,100.0,0.0,LOGISTICS
2025-11-01,SUP-022,Supplier 022,USA,NA,PLT-07,Seoul Tech,South Korea,APAC,SMB,USA,FedEx,1,1,0,1,0,0.0,100.0,0.0,LOGISTICS
2025-11-01,SUP-022,Supplier 022,USA,NA,PLT-04,Chennai Forge,India,APAC,Enterprise,USA,FedEx,1,1,1,0,0,100.0,0.0,0.0,LOGISTICS
2025-11-01,SUP-022,Supplier 022,USA,NA,PLT-04,Chennai Forge,India,APAC,Enterprise,USA,DB Schenker,1,1,1,0,0,100.0,0.0,0.0,LOGISTICS
2025-11-01,SUP-022,Supplier 022,USA,NA,PLT-08,Taipei Micro,Taiwan,APAC,SMB,Singapore,DB Schenker,1,1,0,1,0,0.0,100.0,0.0,LOGISTICS
2025-11-01,SUP-023,Supplier 023,Japan,APAC,PLT-01,Munich Center,Germany,EMEA,Enterprise,Canada,DB Schenker,1,1,1,0,0,100.0,0.0,0.0,LOGISTICS
2025-11-01,SUP-023,Supplier 023,Japan,APAC,PLT-00,Shanghai Hub,China,APAC,SMB,France,DB Schenker,1,1,1,0,0,100.0,0.0,0.0,LOGISTICS
2025-11-01,SUP-023,Supplier 023,Japan,APAC,PLT-07,Seoul Tech,South Korea,APAC,SMB,Canada,Maersk,1,2,2,1,1,100.0,50.0,50.0,LOGISTICS
2025-11-01,SUP-023,Supplier 023,Japan,APAC,PLT-05,Monterrey Plant,Mexico,LATAM,Government,Singapore,Maersk,1,1,1,1,1,100.0,100.0,100.0,LOGISTICS
2025-11-01,SUP-023,Supplier 023,Japan,APAC,PLT-08,Taipei Micro,Taiwan,APAC,SMB,Australia,DB Schenker,1,1,0,1,0,0.0,100.0,0.0,LOGISTICS
2025-11-01,SUP-024,Supplier 024,India,APAC,PLT-01,Munich Center,Germany,EMEA,Enterprise,Japan,DB Schenker,1,1,0,0,0,0.0,0.0,0.0,LOGISTICS
2025-11-01,SUP-024,Supplier 024,India,APAC,PLT-07,Seoul Tech,South Korea,APAC,SMB,Singapore,Maersk,1,1,1,0,0,100.0,0.0,0.0,LOGISTICS
2025-11-01,SUP-024,Supplier 024,India,APAC,PLT-08,Taipei Micro,Taiwan,APAC,Enterprise,Canada,Maersk,1,1,1,1,1,100.0,100.0,100.0,LOGISTICS
2025-11-01,SUP-024,Supplier 024,India,APAC,PLT-01,Munich Center,Germany,EMEA,Enterprise,Japan,UPS,1,1,0,1,0,0.0,100.0,0.0,LOGISTICS
2025-11-01,SUP-024,Supplier 024,India,APAC,PLT-06,Sao Paulo Ops,Brazil,LATAM,Government,France,UPS,1,1,0,1,0,0.0,100.0,0.0,LOGISTICS
2025-11-01,SUP-024,Supplier 024,India,APAC,PLT-00,Shanghai Hub,China,APAC,SMB,USA,FedEx,1,1,1,1,1,100.0,100.0,100.0,LOGISTICS
2025-11-01,SUP-024,Supplier 024,India,APAC,PLT-08,Taipei Micro,Taiwan,APAC,SMB,France,Kuehne+Nagel,1,1,0,0,0,0.0,0.0,0.0,LOGISTICS
2025-11-01,SUP-024,Supplier 024,India,APAC,PLT-02,Detroit Works,USA,NA,SMB,Australia,DB Schenker,1,1,0,1,0,0.0,100.0,0.0,LOGISTICS
2025-11-01,SUP-024,Supplier 024,India,APAC,PLT-08,Taipei Micro,Taiwan,APAC,SMB,France,DB Schenker,1,1,1,1,1,100.0,100.0,100.0,LOGISTICS
2025-11-01,SUP-025,Supplier 025,Mexico,LATAM,PLT-00,Shanghai Hub,China,APAC,SMB,France,UPS,1,1,0,0,0,0.0,0.0,0.0,LOGISTICS
2025-11-01,SUP-025,Supplier 025,Mexico,LATAM,PLT-09,Hanoi Assembly,Vietnam,APAC,SMB,USA,Kuehne+Nagel,1,1,0,1,0,0.0,100.0,0.0,LOGISTICS
2025-11-01,SUP-025,Supplier 025,Mexico,LATAM,PLT-00,Shanghai Hub,China,APAC,SMB,France,Maersk,1,1,1,0,0,100.0,0.0,0.0,LOGISTICS
2025-11-01,SUP-025,Supplier 025,Mexico,LATAM,PLT-04,Chennai Forge,India,APAC,Government,Canada,DHL,1,1,0,0,0,0.0,0.0,0.0,LOGISTICS
2025-11-01,SUP-025,Supplier 025,Mexico,LATAM,PLT-06,Sao Paulo Ops,Brazil,LATAM,SMB,Singapore,FedEx,1,1,0,0,0,0.0,0.0,0.0,LOGISTICS
2025-11-01,SUP-026,Supplier 026,Brazil,LATAM,PLT-05,Monterrey Plant,Mexico,LATAM,Government,UK,UPS,1,1,1,0,0,100.0,0.0,0.0,LOGISTICS
2025-11-01,SUP-026,Supplier 026,Brazil,LATAM,PLT-08,Taipei Micro,Taiwan,APAC,SMB,Singapore,UPS,1,1,0,0,0,0.0,0.0,0.0,LOGISTICS
2025-11-01,SUP-026,Supplier 026,Brazil,LATAM,PLT-07,Seoul Tech,South Korea,APAC,Enterprise,USA,Maersk,1,1,1,0,0,100.0,0.0,0.0,LOGISTICS
2025-11-01,SUP-026,Supplier 026,Brazil,LATAM,PLT-09,Hanoi Assembly,Vietnam,APAC,Government,UK,UPS,1,1,0,1,0,0.0,100.0,0.0,LOGISTICS
2025-11-01,SUP-027,Supplier 027,South Korea,APAC,PLT-00,Shanghai Hub,China,APAC,Enterprise,UK,DHL,1,1,1,1,1,100.0,100.0,100.0,LOGISTICS
2025-11-01,SUP-027,Supplier 027,South Korea,APAC,PLT-08,Taipei Micro,Taiwan,APAC,SMB,Germany,FedEx,1,1,1,1,1,100.0,100.0,100.0,LOGISTICS
2025-11-01,SUP-027,Supplier 027,South Korea,APAC,PLT-08,Taipei Micro,Taiwan,APAC,Enterprise,USA,UPS,1,1,0,1,0,0.0,100.0,0.0,LOGISTICS
2025-11-01,SUP-027,Supplier 027,South Korea,APAC,PLT-00,Shanghai Hub,China,APAC,Government,Germany,FedEx,1,1,1,0,0,100.0,0.0,0.0,LOGISTICS
2025-11-01,SUP-027,Supplier 027,South Korea,APAC,PLT-01,Munich Center,Germany,EMEA,SMB,Singapore,UPS,1,1,0,1,0,0.0,100.0,0.0,LOGISTICS
2025-11-01,SUP-028,Supplier 028,Taiwan,APAC,PLT-08,Taipei Micro,Taiwan,APAC,Enterprise,UK,FedEx,1,1,0,1,0,0.0,100.0,0.0,LOGISTICS
2025-11-01,SUP-028,Supplier 028,Taiwan,APAC,PLT-06,Sao Paulo Ops,Brazil,LATAM,SMB,Canada,FedEx,1,1,1,0,0,100.0,0.0,0.0,LOGISTICS
2025-11-01,SUP-028,Supplier 028,Taiwan,APAC,PLT-06,Sao Paulo Ops,Brazil,LATAM,SMB,Canada,UPS,1,1,1,1,1,100.0,100.0,100.0,LOGISTICS
2025-11-01,SUP-028,Supplier 028,Taiwan,APAC,PLT-00,Shanghai Hub,China,APAC,Government,Australia,Maersk,1,1,1,0,0,100.0,0.0,0.0,LOGISTICS
2025-11-01,SUP-028,Supplier 028,Taiwan,APAC,PLT-02,Detroit Works,USA,NA,SMB,Germany,Maersk,1,1,1,1,1,100.0,100.0,100.0,LOGISTICS
2025-11-01,SUP-028,Supplier 028,Taiwan,APAC,PLT-08,Taipei Micro,Taiwan,APAC,Enterprise,Singapore,FedEx,1,1,1,1,1,100.0,100.0,100.0,LOGISTICS
2025-11-01,SUP-028,Supplier 028,Taiwan,APAC,PLT-04,Chennai Forge,India,APAC,SMB,Singapore,Kuehne+Nagel,1,1,1,1,1,100.0,100.0,100.0,LOGISTICS
2025-11-01,SUP-028,Supplier 028,Taiwan,APAC,PLT-07,Seoul Tech,South Korea,APAC,SMB,Singapore,Maersk,1,1,1,1,1,100.0,100.0,100.0,LOGISTICS
2025-11-01,SUP-029,Supplier 029,Vietnam,APAC,PLT-09,Hanoi Assembly,Vietnam,APAC,Enterprise,USA,DHL,1,1,0,1,0,0.0,100.0,0.0,LOGISTICS
2025-11-01,SUP-029,Supplier 029,Vietnam,APAC,PLT-00,Shanghai Hub,China,APAC,Enterprise,Japan,DB Schenker,1,1,1,0,0,100.0,0.0,0.0,LOGISTICS
2025-11-01,SUP-029,Supplier 029,Vietnam,APAC,PLT-05,Monterrey Plant,Mexico,LATAM,SMB,France,DHL,1,1,0,1,0,0.0,100.0,0.0,LOGISTICS
2025-11-01,SUP-029,Supplier 029,Vietnam,APAC,PLT-02,Detroit Works,USA,NA,SMB,Australia,DHL,1,1,1,0,0,100.0,0.0,0.0,LOGISTICS
2025-11-01,SUP-029,Supplier 029,Vietnam,APAC,PLT-00,Shanghai Hub,China,APAC,Enterprise,Japan,DHL,1,1,1,1,1,100.0,100.0,100.0,LOGISTICS
2025-11-01,SUP-029,Supplier 029,Vietnam,APAC,PLT-09,Hanoi Assembly,Vietnam,APAC,SMB,Singapore,FedEx,1,1,1,1,1,100.0,100.0,100.0,LOGISTICS
2025-11-01,SUP-030,Supplier 030,China,APAC,PLT-04,Chennai Forge,India,APAC,SMB,Germany,FedEx,1,1,0,1,0,0.0,100.0,0.0,LOGISTICS
2025-11-01,SUP-030,Supplier 030,China,APAC,PLT-03,Tokyo Precision,Japan,APAC,Enterprise,Germany,Kuehne+Nagel,1,1,1,0,0,100.0,0.0,0.0,LOGISTICS
2025-11-01,SUP-030,Supplier 030,China,APAC,PLT-05,Monterrey Plant,Mexico,LATAM,SMB,Australia,DHL,1,1,0,1,0,0.0,100.0,0.0,LOGISTICS
2025-11-01,SUP-030,Supplier 030,China,APAC,PLT-03,Tokyo Precision,Japan,APAC,Enterprise,Germany,DHL,1,1,1,0,0,100.0,0.0,0.0,LOGISTICS
2025-11-01,SUP-030,Supplier 030,China,APAC,PLT-06,Sao Paulo Ops,Brazil,LATAM,SMB,France,DB Schenker,1,1,1,0,0,100.0,0.0,0.0,LOGISTICS
2025-11-01,SUP-030,Supplier 030,China,APAC,PLT-07,Seoul Tech,South Korea,APAC,SMB,UK,Maersk,1,1,0,1,0,0.0,100.0,0.0,LOGISTICS
2025-11-01,SUP-031,Supplier 031,Germany,EMEA,PLT-03,Tokyo Precision,Japan,APAC,Enterprise,USA,DHL,1,1,1,1,1,100.0,100.0,100.0,LOGISTICS
2025-11-01,SUP-031,Supplier 031,Germany,EMEA,PLT-04,Chennai Forge,India,APAC,SMB,Japan,FedEx,1,1,1,1,1,100.0,100.0,100.0,LOGISTICS
2025-11-01,SUP-031,Supplier 031,Germany,EMEA,PLT-00,Shanghai Hub,China,APAC,Enterprise,Canada,FedEx,1,1,0,1,0,0.0,100.0,0.0,LOGISTICS
2025-11-01,SUP-031,Supplier 031,Germany,EMEA,PLT-02,Detroit Works,USA,NA,SMB,Singapore,DB Schenker,1,1,1,1,1,100.0,100.0,100.0,LOGISTICS
2025-11-01,SUP-031,Supplier 031,Germany,EMEA,PLT-08,Taipei Micro,Taiwan,APAC,SMB,Canada,DHL,1,1,0,0,0,0.0,0.0,0.0,LOGISTICS
2025-11-01,SUP-031,Supplier 031,Germany,EMEA,PLT-08,Taipei Micro,Taiwan,APAC,SMB,Canada,FedEx,1,1,0,1,0,0.0,100.0,0.0,LOGISTICS
2025-11-01,SUP-031,Supplier 031,Germany,EMEA,PLT-09,Hanoi Assembly,Vietnam,APAC,SMB,Australia,Kuehne+Nagel,1,1,0,0,0,0.0,0.0,0.0,LOGISTICS
2025-11-01,SUP-031,Supplier 031,Germany,EMEA,PLT-04,Chennai Forge,India,APAC,Government,USA,Kuehne+Nagel,1,1,0,0,0,0.0,0.0,0.0,LOGISTICS
2025-11-01,SUP-031,Supplier 031,Germany,EMEA,PLT-01,Munich Center,Germany,EMEA,SMB,Singapore,Maersk,1,1,1,1,1,100.0,100.0,100.0,LOGISTICS
2025-11-01,SUP-031,Supplier 031,Germany,EMEA,PLT-05,Monterrey Plant,Mexico,LATAM,Government,Singapore,Maersk,1,1,0,0,0,0.0,0.0,0.0,LOGISTICS
2025-11-01,SUP-031,Supplier 031,Germany,EMEA,PLT-02,Detroit Works,USA,NA,SMB,Canada,UPS,1,1,1,0,0,100.0,0.0,0.0,LOGISTICS
2025-11-01,SUP-032,Supplier 032,USA,NA,PLT-06,Sao Paulo Ops,Brazil,LATAM,Enterprise,Germany,Kuehne+Nagel,1,1,1,1,1,100.0,100.0,100.0,LOGISTICS
2025-11-01,SUP-032,Supplier 032,USA,NA,PLT-06,Sao Paulo Ops,Brazil,LATAM,Enterprise,Germany,DHL,1,1,0,0,0,0.0,0.0,0.0,LOGISTICS
2025-11-01,SUP-032,Supplier 032,USA,NA,PLT-02,Detroit Works,USA,NA,SMB,Singapore,UPS,1,2,2,1,1,100.0,50.0,50.0,LOGISTICS
2025-11-01,SUP-032,Supplier 032,USA,NA,PLT-07,Seoul Tech,South Korea,APAC,Government,France,DHL,1,1,1,0,0,100.0,0.0,0.0,LOGISTICS
2025-11-01,SUP-032,Supplier 032,USA,NA,PLT-04,Chennai Forge,India,APAC,SMB,UK,DHL,1,1,0,1,0,0.0,100.0,0.0,LOGISTICS
2025-11-01,SUP-032,Supplier 032,USA,NA,PLT-02,Detroit Works,USA,NA,Enterprise,Canada,DB Schenker,1,1,0,0,0,0.0,0.0,0.0,LOGISTICS
2025-11-01,SUP-032,Supplier 032,USA,NA,PLT-04,Chennai Forge,India,APAC,Enterprise,Canada,UPS,1,1,1,1,1,100.0,100.0,100.0,LOGISTICS
2025-11-01,SUP-032,Supplier 032,USA,NA,PLT-00,Shanghai Hub,China,APAC,Government,Japan,Kuehne+Nagel,1,1,0,1,0,0.0,100.0,0.0,LOGISTICS
2025-11-01,SUP-032,Supplier 032,USA,NA,PLT-00,Shanghai Hub,China,APAC,Enterprise,USA,UPS,1,1,0,1,0,0.0,100.0,0.0,LOGISTICS
2025-11-01,SUP-032,Supplier 032,USA,NA,PLT-05,Monterrey Plant,Mexico,LATAM,SMB,Japan,FedEx,1,2,1,1,1,50.0,50.0,50.0,LOGISTICS
2025-11-01,SUP-032,Supplier 032,USA,NA,PLT-02,Detroit Works,USA,NA,SMB,Germany,FedEx,1,1,0,0,0,0.0,0.0,0.0,LOGISTICS
2025-11-01,SUP-032,Supplier 032,USA,NA,PLT-07,Seoul Tech,South Korea,APAC,Government,USA,DHL,1,1,1,1,1,100.0,100.0,100.0,LOGISTICS
2025-11-01,SUP-032,Supplier 032,USA,NA,PLT-04,Chennai Forge,India,APAC,Enterprise,Canada,DB Schenker,1,1,1,0,0,100.0,0.0,0.0,LOGISTICS
2025-11-01,SUP-032,Supplier 032,USA,NA,PLT-02,Detroit Works,USA,NA,Enterprise,Canada,UPS,1,1,0,0,0,0.0,0.0,0.0,LOGISTICS
2025-11-01,SUP-032,Supplier 032,USA,NA,PLT-02,Detroit Works,USA,NA,Government,Japan,UPS,1,1,0,1,0,0.0,100.0,0.0,LOGISTICS
2025-11-01,SUP-033,Supplier 033,Japan,APAC,PLT-00,Shanghai Hub,China,APAC,Government,USA,FedEx,1,1,0,0,0,0.0,0.0,0.0,LOGISTICS
2025-11-01,SUP-033,Supplier 033,Japan,APAC,PLT-04,Chennai Forge,India,APAC,SMB,Singapore,FedEx,1,1,1,1,1,100.0,100.0,100.0,LOGISTICS
2025-11-01,SUP-033,Supplier 033,Japan,APAC,PLT-06,Sao Paulo Ops,Brazil,LATAM,Enterprise,USA,Kuehne+Nagel,1,1,0,0,0,0.0,0.0,0.0,LOGISTICS
2025-11-01,SUP-033,Supplier 033,Japan,APAC,PLT-07,Seoul Tech,South Korea,APAC,Enterprise,USA,DHL,1,1,0,1,0,0.0,100.0,0.0,LOGISTICS
2025-11-01,SUP-033,Supplier 033,Japan,APAC,PLT-00,Shanghai Hub,China,APAC,Government,Singapore,UPS,1,1,0,1,0,0.0,100.0,0.0,LOGISTICS
2025-11-01,SUP-033,Supplier 033,Japan,APAC,PLT-05,Monterrey Plant,Mexico,LATAM,Enterprise,Singapore,FedEx,1,1,0,1,0,0.0,100.0,0.0,LOGISTICS
2025-11-01,SUP-033,Supplier 033,Japan,APAC,PLT-07,Seoul Tech,South Korea,APAC,Enterprise,UK,DHL,1,1,1,1,1,100.0,100.0,100.0,LOGISTICS
2025-11-01,SUP-033,Supplier 033,Japan,APAC,PLT-08,Taipei Micro,Taiwan,APAC,Enterprise,Canada,DHL,1,1,0,1,0,0.0,100.0,0.0,LOGISTICS
2025-11-01,SUP-033,Supplier 033,Japan,APAC,PLT-00,Shanghai Hub,China,APAC,SMB,Australia,Kuehne+Nagel,1,1,1,1,1,100.0,100.0,100.0,LOGISTICS
2025-11-01,SUP-033,Supplier 033,Japan,APAC,PLT-07,Seoul Tech,South Korea,APAC,Enterprise,UK,Maersk,1,1,0,0,0,0.0,0.0,0.0,LOGISTICS
2025-11-01,SUP-034,Supplier 034,India,APAC,PLT-08,Taipei Micro,Taiwan,APAC,SMB,Singapore,FedEx,1,1,1,1,1,100.0,100.0,100.0,LOGISTICS
2025-11-01,SUP-034,Supplier 034,India,APAC,PLT-06,Sao Paulo Ops,Brazil,LATAM,Government,France,DHL,1,1,0,1,0,0.0,100.0,0.0,LOGISTICS
2025-11-01,SUP-034,Supplier 034,India,APAC,PLT-04,Chennai Forge,India,APAC,SMB,Singapore,DB Schenker,1,1,1,1,1,100.0,100.0,100.0,LOGISTICS
2025-11-01,SUP-034,Supplier 034,India,APAC,PLT-04,Chennai Forge,India,APAC,SMB,USA,Kuehne+Nagel,1,1,1,1,1,100.0,100.0,100.0,LOGISTICS
2025-11-01,SUP-034,Supplier 034,India,APAC,PLT-03,Tokyo Precision,Japan,APAC,Government,USA,DB Schenker,1,1,1,1,1,100.0,100.0,100.0,LOGISTICS
2025-11-01,SUP-034,Supplier 034,India,APAC,PLT-00,Shanghai Hub,China,APAC,Government,USA,DHL,1,1,1,0,0,100.0,0.0,0.0,LOGISTICS
2025-11-01,SUP-034,Supplier 034,India,APAC,PLT-02,Detroit Works,USA,NA,SMB,UK,Maersk,1,1,1,1,1,100.0,100.0,100.0,LOGISTICS
2025-11-01,SUP-034,Supplier 034,India,APAC,PLT-07,Seoul Tech,South Korea,APAC,Government,Japan,Kuehne+Nagel,1,1,0,0,0,0.0,0.0,0.0,LOGISTICS
2025-11-01,SUP-034,Supplier 034,India,APAC,PLT-00,Shanghai Hub,China,APAC,Enterprise,Germany,FedEx,1,1,1,0,0,100.0,0.0,0.0,LOGISTICS
2025-11-01,SUP-034,Supplier 034,India,APAC,PLT-07,Seoul Tech,South Korea,APAC,Government,Japan,Maersk,1,1,1,1,1,100.0,100.0,100.0,LOGISTICS
2025-11-01,SUP-034,Supplier 034,India,APAC,PLT-02,Detroit Works,USA,NA,Government,UK,FedEx,1,1,1,1,1,100.0,100.0,100.0,LOGISTICS
2025-11-01,SUP-035,Supplier 035,Mexico,LATAM,PLT-06,Sao Paulo Ops,Brazil,LATAM,SMB,Canada,Maersk,1,2,1,1,0,50.0,50.0,0.0,LOGISTICS
2025-11-01,SUP-035,Supplier 035,Mexico,LATAM,PLT-04,Chennai Forge,India,APAC,Government,Japan,Kuehne+Nagel,1,1,0,0,0,0.0,0.0,0.0,LOGISTICS
2025-11-01,SUP-035,Supplier 035,Mexico,LATAM,PLT-06,Sao Paulo Ops,Brazil,LATAM,Enterprise,USA,Kuehne+Nagel,1,1,1,0,0,100.0,0.0,0.0,LOGISTICS
2025-11-01,SUP-035,Supplier 035,Mexico,LATAM,PLT-03,Tokyo Precision,Japan,APAC,SMB,Germany,Maersk,1,1,1,1,1,100.0,100.0,100.0,LOGISTICS
2025-11-01,SUP-035,Supplier 035,Mexico,LATAM,PLT-03,Tokyo Precision,Japan,APAC,SMB,Singapore,DB Schenker,1,1,1,0,0,100.0,0.0,0.0,LOGISTICS
2025-11-01,SUP-035,Supplier 035,Mexico,LATAM,PLT-00,Shanghai Hub,China,APAC,SMB,USA,FedEx,1,1,0,1,0,0.0,100.0,0.0,LOGISTICS
2025-11-01,SUP-035,Supplier 035,Mexico,LATAM,PLT-03,Tokyo Precision,Japan,APAC,SMB,Singapore,DHL,1,1,0,1,0,0.0,100.0,0.0,LOGISTICS
2025-11-01,SUP-036,Supplier 036,Brazil,LATAM,PLT-02,Detroit Works,USA,NA,Enterprise,Singapore,Maersk,1,1,0,0,0,0.0,0.0,0.0,LOGISTICS
2025-11-01,SUP-036,Supplier 036,Brazil,LATAM,PLT-02,Detroit Works,USA,NA,Enterprise,Singapore,Kuehne+Nagel,1,1,1,0,0,100.0,0.0,0.0,LOGISTICS
2025-11-01,SUP-036,Supplier 036,Brazil,LATAM,PLT-07,Seoul Tech,South Korea,APAC,Government,Germany,DB Schenker,1,1,1,1,1,100.0,100.0,100.0,LOGISTICS
2025-11-01,SUP-036,Supplier 036,Brazil,LATAM,PLT-04,Chennai Forge,India,APAC,Government,UK,DB Schenker,1,1,0,0,0,0.0,0.0,0.0,LOGISTICS
2025-11-01,SUP-036,Supplier 036,Brazil,LATAM,PLT-01,Munich Center,Germany,EMEA,SMB,France,FedEx,1,1,0,1,0,0.0,100.0,0.0,LOGISTICS
2025-11-01,SUP-037,Supplier 037,South Korea,APAC,PLT-07,Seoul Tech,South Korea,APAC,Enterprise,Japan,Maersk,1,1,0,1,0,0.0,100.0,0.0,LOGISTICS
2025-11-01,SUP-037,Supplier 037,South Korea,APAC,PLT-00,Shanghai Hub,China,APAC,SMB,Japan,FedEx,1,1,0,1,0,0.0,100.0,0.0,LOGISTICS
2025-11-01,SUP-037,Supplier 037,South Korea,APAC,PLT-00,Shanghai Hub,China,APAC,SMB,Japan,Kuehne+Nagel,1,1,0,1,0,0.0,100.0,0.0,LOGISTICS
2025-11-01,SUP-037,Supplier 037,South Korea,APAC,PLT-02,Detroit Works,USA,NA,Government,Germany,DHL,1,2,2,1,1,100.0,50.0,50.0,LOGISTICS
2025-11-01,SUP-037,Supplier 037,South Korea,APAC,PLT-07,Seoul Tech,South Korea,APAC,Enterprise,Japan,DB Schenker,1,1,0,0,0,0.0,0.0,0.0,LOGISTICS
2025-11-01,SUP-037,Supplier 037,South Korea,APAC,PLT-06,Sao Paulo Ops,Brazil,LATAM,Enterprise,Germany,DHL,1,1,0,1,0,0.0,100.0,0.0,LOGISTICS
2025-11-01,SUP-038,Supplier 038,Taiwan,APAC,PLT-07,Seoul Tech,South Korea,APAC,SMB,Australia,FedEx,1,1,1,1,1,100.0,100.0,100.0,LOGISTICS
2025-11-01,SUP-038,Supplier 038,Taiwan,APAC,PLT-02,Detroit Works,USA,NA,SMB,Singapore,Maersk,1,1,1,0,0,100.0,0.0,0.0,LOGISTICS
2025-11-01,SUP-038,Supplier 038,Taiwan,APAC,PLT-00,Shanghai Hub,China,APAC,Government,USA,Kuehne+Nagel,1,1,1,1,1,100.0,100.0,100.0,LOGISTICS
2025-11-01,SUP-038,Supplier 038,Taiwan,APAC,PLT-03,Tokyo Precision,Japan,APAC,Enterprise,USA,FedEx,1,1,0,0,0,0.0,0.0,0.0,LOGISTICS
2025-11-01,SUP-038,Supplier 038,Taiwan,APAC,PLT-07,Seoul Tech,South Korea,APAC,SMB,Australia,DHL,1,1,0,0,0,0.0,0.0,0.0,LOGISTICS
2025-11-01,SUP-039,Supplier 039,Vietnam,APAC,PLT-02,Detroit Works,USA,NA,Government,Germany,DB Schenker,1,1,1,1,1,100.0,100.0,100.0,LOGISTICS
2025-11-01,SUP-039,Supplier 039,Vietnam,APAC,PLT-01,Munich Center,Germany,EMEA,Enterprise,Japan,DB Schenker,1,1,0,0,0,0.0,0.0,0.0,LOGISTICS
2025-11-01,SUP-039,Supplier 039,Vietnam,APAC,PLT-00,Shanghai Hub,China,APAC,Government,USA,DHL,1,1,0,1,0,0.0,100.0,0.0,LOGISTICS
2025-11-01,SUP-039,Supplier 039,Vietnam,APAC,PLT-09,Hanoi Assembly,Vietnam,APAC,Government,Australia,Kuehne+Nagel,1,1,0,1,0,0.0,100.0,0.0,LOGISTICS
2025-11-01,SUP-039,Supplier 039,Vietnam,APAC,PLT-01,Munich Center,Germany,EMEA,Enterprise,Canada,Kuehne+Nagel,1,1,0,0,0,0.0,0.0,0.0,LOGISTICS
2025-11-01,SUP-039,Supplier 039,Vietnam,APAC,PLT-09,Hanoi Assembly,Vietnam,APAC,Enterprise,USA,Maersk,1,1,0,1,0,0.0,100.0,0.0,LOGISTICS
2025-11-01,SUP-039,Supplier 039,Vietnam,APAC,PLT-07,Seoul Tech,South Korea,APAC,Enterprise,Japan,DHL,1,1,1,1,1,100.0,100.0,100.0,LOGISTICS
2025-11-01,SUP-039,Supplier 039,Vietnam,APAC,PLT-01,Munich Center,Germany,EMEA,SMB,Canada,FedEx,1,1,1,1,1,100.0,100.0,100.0,LOGISTICS
2025-11-01,SUP-039,Supplier 039,Vietnam,APAC,PLT-07,Seoul Tech,South Korea,APAC,Enterprise,Japan,Kuehne+Nagel,1,1,1,0,0,100.0,0.0,0.0,LOGISTICS
2025-11-01,SUP-039,Supplier 039,Vietnam,APAC,PLT-06,Sao Paulo Ops,Brazil,LATAM,Government,Australia,Kuehne+Nagel,1,1,1,1,1,100.0,100.0,100.0,LOGISTICS
2025-11-01,SUP-039,Supplier 039,Vietnam,APAC,PLT-09,Hanoi Assembly,Vietnam,APAC,Enterprise,USA,DB Schenker,1,1,0,0,0,0.0,0.0,0.0,LOGISTICS
2025-11-01,SUP-039,Supplier 039,Vietnam,APAC,PLT-03,Tokyo Precision,Japan,APAC,Enterprise,France,DB Schenker,1,1,1,0,0,100.0,0.0,0.0,LOGISTICS
2025-11-01,SUP-039,Supplier 039,Vietnam,APAC,PLT-07,Seoul Tech,South Korea,APAC,SMB,Japan,DB Schenker,1,1,0,1,0,0.0,100.0,0.0,LOGISTICS
2025-11-01,SUP-039,Supplier 039,Vietnam,APAC,PLT-03,Tokyo Precision,Japan,APAC,Enterprise,France,Maersk,1,1,1,0,0,100.0,0.0,0.0,LOGISTICS
2025-11-01,SUP-040,Supplier 040,China,APAC,PLT-05,Monterrey Plant,Mexico,LATAM,SMB,Australia,FedEx,1,1,1,1,1,100.0,100.0,100.0,LOGISTICS
2025-11-01,SUP-040,Supplier 040,China,APAC,PLT-02,Detroit Works,USA,NA,Government,USA,FedEx,1,1,0,0,0,0.0,0.0,0.0,LOGISTICS
2025-11-01,SUP-040,Supplier 040,China,APAC,PLT-06,Sao Paulo Ops,Brazil,LATAM,Enterprise,Germany,FedEx,1,1,1,1,1,100.0,100.0,100.0,LOGISTICS
2025-11-01,SUP-040,Supplier 040,China,APAC,PLT-03,Tokyo Precision,Japan,APAC,Government,Germany,Maersk,1,1,1,1,1,100.0,100.0,100.0,LOGISTICS
2025-11-01,SUP-040,Supplier 040,China,APAC,PLT-02,Detroit Works,USA,NA,SMB,Singapore,DHL,1,1,1,0,0,100.0,0.0,0.0,LOGISTICS
2025-11-01,SUP-040,Supplier 040,China,APAC,PLT-02,Detroit Works,USA,NA,Government,USA,Kuehne+Nagel,1,1,1,1,1,100.0,100.0,100.0,LOGISTICS
2025-11-01,SUP-041,Supplier 041,Germany,EMEA,PLT-08,Taipei Micro,Taiwan,APAC,Enterprise,Japan,DHL,1,1,1,1,1,100.0,100.0,100.0,LOGISTICS
2025-11-01,SUP-041,Supplier 041,Germany,EMEA,PLT-06,Sao Paulo Ops,Brazil,LATAM,Enterprise,Japan,FedEx,1,1,0,0,0,0.0,0.0,0.0,LOGISTICS
2025-11-01,SUP-041,Supplier 041,Germany,EMEA,PLT-03,Tokyo Precision,Japan,APAC,SMB,Canada,DB Schenker,1,1,1,0,0,100.0,0.0,0.0,LOGISTICS
2025-11-01,SUP-041,Supplier 041,Germany,EMEA,PLT-04,Chennai Forge,India,APAC,Enterprise,Australia,DB Schenker,1,1,1,1,1,100.0,100.0,100.0,LOGISTICS
2025-11-01,SUP-041,Supplier 041,Germany,EMEA,PLT-09,Hanoi Assembly,Vietnam,APAC,SMB,France,DB Schenker,1,1,1,1,1,100.0,100.0,100.0,LOGISTICS
2025-11-01,SUP-041,Supplier 041,Germany,EMEA,PLT-07,Seoul Tech,South Korea,APAC,Enterprise,Japan,Kuehne+Nagel,1,1,1,0,0,100.0,0.0,0.0,LOGISTICS
2025-11-01,SUP-041,Supplier 041,Germany,EMEA,PLT-07,Seoul Tech,South Korea,APAC,SMB,Australia,Kuehne+Nagel,1,1,1,0,0,100.0,0.0,0.0,LOGISTICS
2025-11-01,SUP-041,Supplier 041,Germany,EMEA,PLT-03,Tokyo Precision,Japan,APAC,SMB,Canada,DHL,1,1,1,1,1,100.0,100.0,100.0,LOGISTICS
2025-11-01,SUP-042,Supplier 042,USA,NA,PLT-04,Chennai Forge,India,APAC,SMB,UK,FedEx,1,1,1,1,1,100.0,100.0,100.0,LOGISTICS
2025-11-01,SUP-043,Supplier 043,Japan,APAC,PLT-05,Monterrey Plant,Mexico,LATAM,SMB,Singapore,Maersk,1,1,0,0,0,0.0,0.0,0.0,LOGISTICS
2025-11-01,SUP-043,Supplier 043,Japan,APAC,PLT-07,Seoul Tech,South Korea,APAC,SMB,Singapore,DB Schenker,1,1,1,0,0,100.0,0.0,0.0,LOGISTICS
2025-11-01,SUP-043,Supplier 043,Japan,APAC,PLT-09,Hanoi Assembly,Vietnam,APAC,SMB,Canada,UPS,1,1,1,1,1,100.0,100.0,100.0,LOGISTICS
2025-11-01,SUP-044,Supplier 044,India,APAC,PLT-03,Tokyo Precision,Japan,APAC,SMB,France,UPS,1,1,1,1,1,100.0,100.0,100.0,LOGISTICS
2025-11-01,SUP-044,Supplier 044,India,APAC,PLT-09,Hanoi Assembly,Vietnam,APAC,SMB,Singapore,UPS,1,1,0,1,0,0.0,100.0,0.0,LOGISTICS
2025-11-01,SUP-044,Supplier 044,India,APAC,PLT-03,Tokyo Precision,Japan,APAC,SMB,UK,FedEx,1,1,1,0,0,100.0,0.0,0.0,LOGISTICS
2025-11-01,SUP-044,Supplier 044,India,APAC,PLT-03,Tokyo Precision,Japan,APAC,SMB,UK,Kuehne+Nagel,1,1,1,0,0,100.0,0.0,0.0,LOGISTICS
2025-11-01,SUP-044,Supplier 044,India,APAC,PLT-04,Chennai Forge,India,APAC,SMB,Canada,UPS,1,1,1,1,1,100.0,100.0,100.0,LOGISTICS
2025-11-01,SUP-044,Supplier 044,India,APAC,PLT-05,Monterrey Plant,Mexico,LATAM,Government,USA,DB Schenker,1,1,1,1,1,100.0,100.0,100.0,LOGISTICS
2025-11-01,SUP-044,Supplier 044,India,APAC,PLT-09,Hanoi Assembly,Vietnam,APAC,Enterprise,Australia,Kuehne+Nagel,1,1,1,1,1,100.0,100.0,100.0,LOGISTICS
2025-11-01,SUP-044,Supplier 044,India,APAC,PLT-03,Tokyo Precision,Japan,APAC,SMB,France,DB Schenker,1,1,1,0,0,100.0,0.0,0.0,LOGISTICS
2025-11-01,SUP-045,Supplier 045,Mexico,LATAM,PLT-06,Sao Paulo Ops,Brazil,LATAM,SMB,USA,Maersk,1,1,1,1,1,100.0,100.0,100.0,LOGISTICS
2025-11-01,SUP-045,Supplier 045,Mexico,LATAM,PLT-05,Monterrey Plant,Mexico,LATAM,Government,Germany,DB Schenker,1,1,0,0,0,0.0,0.0,0.0,LOGISTICS
2025-11-01,SUP-045,Supplier 045,Mexico,LATAM,PLT-02,Detroit Works,USA,NA,Enterprise,France,DHL,1,1,1,1,1,100.0,100.0,100.0,LOGISTICS
2025-11-01,SUP-045,Supplier 045,Mexico,LATAM,PLT-00,Shanghai Hub,China,APAC,Enterprise,Canada,Maersk,1,1,1,1,1,100.0,100.0,100.0,LOGISTICS
2025-11-01,SUP-045,Supplier 045,Mexico,LATAM,PLT-07,Seoul Tech,South Korea,APAC,SMB,UK,DHL,1,1,1,1,1,100.0,100.0,100.0,LOGISTICS
2025-11-01,SUP-046,Supplier 046,Brazil,LATAM,PLT-08,Taipei Micro,Taiwan,APAC,SMB,Japan,Maersk,1,1,0,0,0,0.0,0.0,0.0,LOGISTICS
2025-11-01,SUP-046,Supplier 046,Brazil,LATAM,PLT-08,Taipei Micro,Taiwan,APAC,SMB,Japan,DB Schenker,1,1,0,0,0,0.0,0.0,0.0,LOGISTICS
2025-11-01,SUP-046,Supplier 046,Brazil,LATAM,PLT-09,Hanoi Assembly,Vietnam,APAC,SMB,Japan,FedEx,1,1,0,1,0,0.0,100.0,0.0,LOGISTICS
2025-11-01,SUP-047,Supplier 047,South Korea,APAC,PLT-07,Seoul Tech,South Korea,APAC,SMB,Australia,Maersk,1,1,1,1,1,100.0,100.0,100.0,LOGISTICS
2025-11-01,SUP-047,Supplier 047,South Korea,APAC,PLT-00,Shanghai Hub,China,APAC,SMB,Canada,FedEx,1,1,0,0,0,0.0,0.0,0.0,LOGISTICS
2025-11-01,SUP-047,Supplier 047,South Korea,APAC,PLT-09,Hanoi Assembly,Vietnam,APAC,Enterprise,Japan,DB Schenker,1,1,1,0,0,100.0,0.0,0.0,LOGISTICS
2025-11-01,SUP-047,Supplier 047,South Korea,APAC,PLT-07,Seoul Tech,South Korea,APAC,Enterprise,Australia,Maersk,1,1,1,1,1,100.0,100.0,100.0,LOGISTICS
2025-11-01,SUP-047,Supplier 047,South Korea,APAC,PLT-09,Hanoi Assembly,Vietnam,APAC,Enterprise,Japan,UPS,1,1,0,0,0,0.0,0.0,0.0,LOGISTICS
2025-11-01,SUP-048,Supplier 048,Taiwan,APAC,PLT-06,Sao Paulo Ops,Brazil,LATAM,SMB,Germany,Kuehne+Nagel,1,1,1,1,1,100.0,100.0,100.0,LOGISTICS
2025-11-01,SUP-048,Supplier 048,Taiwan,APAC,PLT-03,Tokyo Precision,Japan,APAC,SMB,Japan,DB Schenker,1,1,1,1,1,100.0,100.0,100.0,LOGISTICS
2025-11-01,SUP-048,Supplier 048,Taiwan,APAC,PLT-06,Sao Paulo Ops,Brazil,LATAM,SMB,Germany,UPS,1,1,0,0,0,0.0,0.0,0.0,LOGISTICS
2025-11-01,SUP-049,Supplier 049,Vietnam,APAC,PLT-00,Shanghai Hub,China,APAC,Enterprise,Germany,Maersk,1,1,0,0,0,0.0,0.0,0.0,LOGISTICS
2025-11-01,SUP-049,Supplier 049,Vietnam,APAC,PLT-04,Chennai Forge,India,APAC,Enterprise,Japan,UPS,1,1,1,1,1,100.0,100.0,100.0,LOGISTICS
2025-11-01,SUP-049,Supplier 049,Vietnam,APAC,PLT-00,Shanghai Hub,China,APAC,Enterprise,USA,DB Schenker,1,1,0,1,0,0.0,100.0,0.0,LOGISTICS
2025-11-01,SUP-049,Supplier 049,Vietnam,APAC,PLT-04,Chennai Forge,India,APAC,SMB,France,DB Schenker,1,1,0,0,0,0.0,0.0,0.0,LOGISTICS
2025-11-01,SUP-049,Supplier 049,Vietnam,APAC,PLT-06,Sao Paulo Ops,Brazil,LATAM,Government,UK,UPS,1,1,0,1,0,0.0,100.0,0.0,LOGISTICS
2025-11-01,SUP-049,Supplier 049,Vietnam,APAC,PLT-04,Chennai Forge,India,APAC,SMB,Australia,DB Schenker,1,1,1,0,0,100.0,0.0,0.0,LOGISTICS
2025-12-01,SUP-000,Supplier 000,China,APAC,PLT-01,Munich Center,Germany,EMEA,SMB,Singapore,FedEx,1,1,0,1,0,0.0,100.0,0.0,LOGISTICS
2025-12-01,SUP-000,Supplier 000,China,APAC,PLT-04,Chennai Forge,India,APAC,Enterprise,Japan,DHL,1,1,1,0,0,100.0,0.0,0.0,LOGISTICS
2025-12-01,SUP-000,Supplier 000,China,APAC,PLT-09,Hanoi Assembly,Vietnam,APAC,Government,Canada,DB Schenker,1,1,0,0,0,0.0,0.0,0.0,LOGISTICS
2025-12-01,SUP-000,Supplier 000,China,APAC,PLT-07,Seoul Tech,South Korea,APAC,Enterprise,Germany,Maersk,1,1,0,1,0,0.0,100.0,0.0,LOGISTICS
2025-12-01,SUP-000,Supplier 000,China,APAC,PLT-05,Monterrey Plant,Mexico,LATAM,Government,USA,UPS,1,1,1,1,1,100.0,100.0,100.0,LOGISTICS
2025-12-01,SUP-000,Supplier 000,China,APAC,PLT-02,Detroit Works,USA,NA,SMB,Australia,DB Schenker,1,1,1,1,1,100.0,100.0,100.0,LOGISTICS
2025-12-01,SUP-000,Supplier 000,China,APAC,PLT-01,Munich Center,Germany,EMEA,Enterprise,Canada,Kuehne+Nagel,1,1,1,1,1,100.0,100.0,100.0,LOGISTICS
2025-12-01,SUP-001,Supplier 001,Germany,EMEA,PLT-00,Shanghai Hub,China,APAC,SMB,USA,FedEx,1,1,0,1,0,0.0,100.0,0.0,LOGISTICS
2025-12-01,SUP-001,Supplier 001,Germany,EMEA,PLT-02,Detroit Works,USA,NA,Government,Australia,Maersk,1,1,1,1,1,100.0,100.0,100.0,LOGISTICS
2025-12-01,SUP-001,Supplier 001,Germany,EMEA,PLT-07,Seoul Tech,South Korea,APAC,Government,France,UPS,1,1,0,1,0,0.0,100.0,0.0,LOGISTICS
2025-12-01,SUP-001,Supplier 001,Germany,EMEA,PLT-01,Munich Center,Germany,EMEA,Government,Japan,DB Schenker,1,1,0,0,0,0.0,0.0,0.0,LOGISTICS
2025-12-01,SUP-001,Supplier 001,Germany,EMEA,PLT-02,Detroit Works,USA,NA,Government,Australia,DB Schenker,1,1,1,0,0,100.0,0.0,0.0,LOGISTICS
2025-12-01,SUP-001,Supplier 001,Germany,EMEA,PLT-09,Hanoi Assembly,Vietnam,APAC,Government,Singapore,DHL,1,1,0,1,0,0.0,100.0,0.0,LOGISTICS
2025-12-01,SUP-001,Supplier 001,Germany,EMEA,PLT-02,Detroit Works,USA,NA,SMB,Canada,FedEx,1,1,0,1,0,0.0,100.0,0.0,LOGISTICS
2025-12-01,SUP-001,Supplier 001,Germany,EMEA,PLT-06,Sao Paulo Ops,Brazil,LATAM,SMB,Germany,Maersk,1,1,0,0,0,0.0,0.0,0.0,LOGISTICS
2025-12-01,SUP-002,Supplier 002,USA,NA,PLT-04,Chennai Forge,India,APAC,Government,Germany,FedEx,1,1,0,1,0,0.0,100.0,0.0,LOGISTICS
2025-12-01,SUP-002,Supplier 002,USA,NA,PLT-09,Hanoi Assembly,Vietnam,APAC,SMB,Germany,DHL,1,1,1,1,1,100.0,100.0,100.0,LOGISTICS
2025-12-01,SUP-003,Supplier 003,Japan,APAC,PLT-06,Sao Paulo Ops,Brazil,LATAM,Government,Singapore,UPS,1,1,0,0,0,0.0,0.0,0.0,LOGISTICS
2025-12-01,SUP-003,Supplier 003,Japan,APAC,PLT-06,Sao Paulo Ops,Brazil,LATAM,Government,Germany,UPS,1,1,0,1,0,0.0,100.0,0.0,LOGISTICS
2025-12-01,SUP-004,Supplier 004,India,APAC,PLT-05,Monterrey Plant,Mexico,LATAM,SMB,USA,Maersk,1,1,1,1,1,100.0,100.0,100.0,LOGISTICS
2025-12-01,SUP-004,Supplier 004,India,APAC,PLT-05,Monterrey Plant,Mexico,LATAM,Enterprise,Canada,Maersk,1,1,0,1,0,0.0,100.0,0.0,LOGISTICS
2025-12-01,SUP-004,Supplier 004,India,APAC,PLT-08,Taipei Micro,Taiwan,APAC,Enterprise,Japan,DHL,1,1,0,1,0,0.0,100.0,0.0,LOGISTICS
2025-12-01,SUP-004,Supplier 004,India,APAC,PLT-08,Taipei Micro,Taiwan,APAC,SMB,Australia,DHL,1,1,1,1,1,100.0,100.0,100.0,LOGISTICS
2025-12-01,SUP-004,Supplier 004,India,APAC,PLT-04,Chennai Forge,India,APAC,SMB,Australia,FedEx,1,1,1,1,1,100.0,100.0,100.0,LOGISTICS
2025-12-01,SUP-005,Supplier 005,Mexico,LATAM,PLT-05,Monterrey Plant,Mexico,LATAM,Enterprise,Germany,FedEx,1,1,1,1,1,100.0,100.0,100.0,LOGISTICS
2025-12-01,SUP-005,Supplier 005,Mexico,LATAM,PLT-05,Monterrey Plant,Mexico,LATAM,Government,Australia,FedEx,1,1,1,0,0,100.0,0.0,0.0,LOGISTICS
2025-12-01,SUP-005,Supplier 005,Mexico,LATAM,PLT-04,Chennai Forge,India,APAC,Enterprise,USA,Maersk,1,1,0,0,0,0.0,0.0,0.0,LOGISTICS
2025-12-01,SUP-005,Supplier 005,Mexico,LATAM,PLT-02,Detroit Works,USA,NA,SMB,USA,DHL,1,1,0,1,0,0.0,100.0,0.0,LOGISTICS
2025-12-01,SUP-005,Supplier 005,Mexico,LATAM,PLT-02,Detroit Works,USA,NA,Enterprise,Canada,DHL,1,1,0,1,0,0.0,100.0,0.0,LOGISTICS
2025-12-01,SUP-005,Supplier 005,Mexico,LATAM,PLT-05,Monterrey Plant,Mexico,LATAM,Government,Australia,Maersk,1,1,0,1,0,0.0,100.0,0.0,LOGISTICS
2025-12-01,SUP-005,Supplier 005,Mexico,LATAM,PLT-02,Detroit Works,USA,NA,SMB,USA,FedEx,1,1,0,0,0,0.0,0.0,0.0,LOGISTICS
2025-12-01,SUP-005,Supplier 005,Mexico,LATAM,PLT-03,Tokyo Precision,Japan,APAC,Enterprise,Australia,Maersk,1,1,0,1,0,0.0,100.0,0.0,LOGISTICS
2025-12-01,SUP-005,Supplier 005,Mexico,LATAM,PLT-03,Tokyo Precision,Japan,APAC,SMB,France,FedEx,1,1,1,0,0,100.0,0.0,0.0,LOGISTICS
2025-12-01,SUP-005,Supplier 005,Mexico,LATAM,PLT-04,Chennai Forge,India,APAC,Government,UK,FedEx,1,1,0,0,0,0.0,0.0,0.0,LOGISTICS
2025-12-01,SUP-005,Supplier 005,Mexico,LATAM,PLT-06,Sao Paulo Ops,Brazil,LATAM,SMB,Australia,UPS,1,1,1,0,0,100.0,0.0,0.0,LOGISTICS
2025-12-01,SUP-005,Supplier 005,Mexico,LATAM,PLT-04,Chennai Forge,India,APAC,Enterprise,USA,FedEx,1,1,0,1,0,0.0,100.0,0.0,LOGISTICS
2025-12-01,SUP-005,Supplier 005,Mexico,LATAM,PLT-01,Munich Center,Germany,EMEA,SMB,France,UPS,1,1,1,1,1,100.0,100.0,100.0,LOGISTICS
2025-12-01,SUP-005,Supplier 005,Mexico,LATAM,PLT-00,Shanghai Hub,China,APAC,Enterprise,Canada,Maersk,1,1,1,1,1,100.0,100.0,100.0,LOGISTICS
2025-12-01,SUP-006,Supplier 006,Brazil,LATAM,PLT-06,Sao Paulo Ops,Brazil,LATAM,SMB,Germany,UPS,1,1,0,1,0,0.0,100.0,0.0,LOGISTICS
2025-12-01,SUP-006,Supplier 006,Brazil,LATAM,PLT-06,Sao Paulo Ops,Brazil,LATAM,SMB,Germany,Kuehne+Nagel,1,1,0,0,0,0.0,0.0,0.0,LOGISTICS
2025-12-01,SUP-006,Supplier 006,Brazil,LATAM,PLT-04,Chennai Forge,India,APAC,SMB,UK,DB Schenker,1,1,0,1,0,0.0,100.0,0.0,LOGISTICS
2025-12-01,SUP-006,Supplier 006,Brazil,LATAM,PLT-05,Monterrey Plant,Mexico,LATAM,SMB,Singapore,Maersk,1,1,1,1,1,100.0,100.0,100.0,LOGISTICS
2025-12-01,SUP-007,Supplier 007,South Korea,APAC,PLT-04,Chennai Forge,India,APAC,Government,Germany,Maersk,1,1,1,1,1,100.0,100.0,100.0,LOGISTICS
2025-12-01,SUP-007,Supplier 007,South Korea,APAC,PLT-03,Tokyo Precision,Japan,APAC,SMB,Japan,DB Schenker,1,1,1,1,1,100.0,100.0,100.0,LOGISTICS
2025-12-01,SUP-007,Supplier 007,South Korea,APAC,PLT-06,Sao Paulo Ops,Brazil,LATAM,Government,Singapore,FedEx,1,1,0,1,0,0.0,100.0,0.0,LOGISTICS
2025-12-01,SUP-007,Supplier 007,South Korea,APAC,PLT-04,Chennai Forge,India,APAC,Enterprise,Japan,DB Schenker,1,1,1,1,1,100.0,100.0,100.0,LOGISTICS
2025-12-01,SUP-007,Supplier 007,South Korea,APAC,PLT-01,Munich Center,Germany,EMEA,Enterprise,Canada,DHL,1,1,0,0,0,0.0,0.0,0.0,LOGISTICS
2025-12-01,SUP-007,Supplier 007,South Korea,APAC,PLT-04,Chennai Forge,India,APAC,Enterprise,Japan,UPS,1,1,1,0,0,100.0,0.0,0.0,LOGISTICS
2025-12-01,SUP-007,Supplier 007,South Korea,APAC,PLT-03,Tokyo Precision,Japan,APAC,SMB,Japan,UPS,1,1,0,0,0,0.0,0.0,0.0,LOGISTICS
2025-12-01,SUP-008,Supplier 008,Taiwan,APAC,PLT-01,Munich Center,Germany,EMEA,Enterprise,USA,DHL,1,1,0,1,0,0.0,100.0,0.0,LOGISTICS
2025-12-01,SUP-008,Supplier 008,Taiwan,APAC,PLT-09,Hanoi Assembly,Vietnam,APAC,SMB,USA,Kuehne+Nagel,1,1,1,0,0,100.0,0.0,0.0,LOGISTICS
2025-12-01,SUP-008,Supplier 008,Taiwan,APAC,PLT-09,Hanoi Assembly,Vietnam,APAC,Enterprise,Japan,DHL,1,1,1,1,1,100.0,100.0,100.0,LOGISTICS
2025-12-01,SUP-008,Supplier 008,Taiwan,APAC,PLT-06,Sao Paulo Ops,Brazil,LATAM,Government,Germany,UPS,1,1,1,0,0,100.0,0.0,0.0,LOGISTICS
2025-12-01,SUP-008,Supplier 008,Taiwan,APAC,PLT-03,Tokyo Precision,Japan,APAC,Government,UK,DHL,1,1,0,0,0,0.0,0.0,0.0,LOGISTICS
2025-12-01,SUP-008,Supplier 008,Taiwan,APAC,PLT-03,Tokyo Precision,Japan,APAC,Government,UK,Maersk,1,1,1,0,0,100.0,0.0,0.0,LOGISTICS
2025-12-01,SUP-008,Supplier 008,Taiwan,APAC,PLT-09,Hanoi Assembly,Vietnam,APAC,Government,Germany,FedEx,1,1,0,1,0,0.0,100.0,0.0,LOGISTICS
2025-12-01,SUP-008,Supplier 008,Taiwan,APAC,PLT-09,Hanoi Assembly,Vietnam,APAC,Government,Germany,Kuehne+Nagel,1,1,1,0,0,100.0,0.0,0.0,LOGISTICS
2025-12-01,SUP-008,Supplier 008,Taiwan,APAC,PLT-08,Taipei Micro,Taiwan,APAC,SMB,Canada,DHL,1,1,0,0,0,0.0,0.0,0.0,LOGISTICS
2025-12-01,SUP-008,Supplier 008,Taiwan,APAC,PLT-01,Munich Center,Germany,EMEA,Enterprise,Canada,UPS,1,1,0,1,0,0.0,100.0,0.0,LOGISTICS
2025-12-01,SUP-008,Supplier 008,Taiwan,APAC,PLT-04,Chennai Forge,India,APAC,SMB,Canada,Maersk,1,1,1,1,1,100.0,100.0,100.0,LOGISTICS
2025-12-01,SUP-008,Supplier 008,Taiwan,APAC,PLT-08,Taipei Micro,Taiwan,APAC,SMB,Canada,Kuehne+Nagel,1,1,0,0,0,0.0,0.0,0.0,LOGISTICS
2025-12-01,SUP-009,Supplier 009,Vietnam,APAC,PLT-09,Hanoi Assembly,Vietnam,APAC,Enterprise,Japan,Maersk,1,1,1,1,1,100.0,100.0,100.0,LOGISTICS
2025-12-01,SUP-009,Supplier 009,Vietnam,APAC,PLT-07,Seoul Tech,South Korea,APAC,Government,USA,Kuehne+Nagel,1,1,0,1,0,0.0,100.0,0.0,LOGISTICS
2025-12-01,SUP-009,Supplier 009,Vietnam,APAC,PLT-03,Tokyo Precision,Japan,APAC,Government,USA,Maersk,1,1,0,1,0,0.0,100.0,0.0,LOGISTICS
2025-12-01,SUP-009,Supplier 009,Vietnam,APAC,PLT-03,Tokyo Precision,Japan,APAC,Government,Singapore,FedEx,1,1,0,1,0,0.0,100.0,0.0,LOGISTICS
2025-12-01,SUP-009,Supplier 009,Vietnam,APAC,PLT-05,Monterrey Plant,Mexico,LATAM,SMB,Canada,UPS,1,1,0,0,0,0.0,0.0,0.0,LOGISTICS
2025-12-01,SUP-009,Supplier 009,Vietnam,APAC,PLT-04,Chennai Forge,India,APAC,Enterprise,UK,Kuehne+Nagel,1,1,0,1,0,0.0,100.0,0.0,LOGISTICS
2025-12-01,SUP-009,Supplier 009,Vietnam,APAC,PLT-00,Shanghai Hub,China,APAC,SMB,Japan,Maersk,1,1,0,0,0,0.0,0.0,0.0,LOGISTICS
2025-12-01,SUP-009,Supplier 009,Vietnam,APAC,PLT-04,Chennai Forge,India,APAC,Enterprise,UK,FedEx,1,1,0,0,0,0.0,0.0,0.0,LOGISTICS
2025-12-01,SUP-009,Supplier 009,Vietnam,APAC,PLT-05,Monterrey Plant,Mexico,LATAM,SMB,Canada,DB Schenker,1,1,1,1,1,100.0,100.0,100.0,LOGISTICS
2025-12-01,SUP-009,Supplier 009,Vietnam,APAC,PLT-08,Taipei Micro,Taiwan,APAC,Government,Japan,UPS,1,1,0,1,0,0.0,100.0,0.0,LOGISTICS
2025-12-01,SUP-009,Supplier 009,Vietnam,APAC,PLT-04,Chennai Forge,India,APAC,SMB,Germany,DB Schenker,1,1,1,1,1,100.0,100.0,100.0,LOGISTICS
2025-12-01,SUP-009,Supplier 009,Vietnam,APAC,PLT-00,Shanghai Hub,China,APAC,Enterprise,Japan,Kuehne+Nagel,1,1,1,1,1,100.0,100.0,100.0,LOGISTICS
2025-12-01,SUP-010,Supplier 010,China,APAC,PLT-07,Seoul Tech,South Korea,APAC,Enterprise,USA,UPS,1,1,1,0,0,100.0,0.0,0.0,LOGISTICS
2025-12-01,SUP-010,Supplier 010,China,APAC,PLT-08,Taipei Micro,Taiwan,APAC,Government,Australia,FedEx,1,1,0,1,0,0.0,100.0,0.0,LOGISTICS
2025-12-01,SUP-010,Supplier 010,China,APAC,PLT-01,Munich Center,Germany,EMEA,SMB,Germany,Kuehne+Nagel,1,1,0,0,0,0.0,0.0,0.0,LOGISTICS
2025-12-01,SUP-010,Supplier 010,China,APAC,PLT-06,Sao Paulo Ops,Brazil,LATAM,Enterprise,Canada,DHL,1,1,1,0,0,100.0,0.0,0.0,LOGISTICS
2025-12-01,SUP-010,Supplier 010,China,APAC,PLT-02,Detroit Works,USA,NA,SMB,USA,Maersk,1,1,0,1,0,0.0,100.0,0.0,LOGISTICS
2025-12-01,SUP-010,Supplier 010,China,APAC,PLT-09,Hanoi Assembly,Vietnam,APAC,SMB,Canada,Kuehne+Nagel,1,1,1,0,0,100.0,0.0,0.0,LOGISTICS
2025-12-01,SUP-010,Supplier 010,China,APAC,PLT-05,Monterrey Plant,Mexico,LATAM,SMB,UK,DHL,1,1,1,0,0,100.0,0.0,0.0,LOGISTICS
2025-12-01,SUP-010,Supplier 010,China,APAC,PLT-01,Munich Center,Germany,EMEA,SMB,Germany,FedEx,1,1,1,0,0,100.0,0.0,0.0,LOGISTICS
2025-12-01,SUP-010,Supplier 010,China,APAC,PLT-04,Chennai Forge,India,APAC,Government,Japan,DHL,1,1,0,1,0,0.0,100.0,0.0,LOGISTICS
2025-12-01,SUP-011,Supplier 011,Germany,EMEA,PLT-07,Seoul Tech,South Korea,APAC,SMB,UK,FedEx,1,1,1,1,1,100.0,100.0,100.0,LOGISTICS
2025-12-01,SUP-011,Supplier 011,Germany,EMEA,PLT-01,Munich Center,Germany,EMEA,SMB,Australia,Kuehne+Nagel,1,1,1,1,1,100.0,100.0,100.0,LOGISTICS
2025-12-01,SUP-011,Supplier 011,Germany,EMEA,PLT-03,Tokyo Precision,Japan,APAC,Government,France,DHL,1,1,0,1,0,0.0,100.0,0.0,LOGISTICS
2025-12-01,SUP-012,Supplier 012,USA,NA,PLT-00,Shanghai Hub,China,APAC,SMB,Japan,DHL,1,1,0,0,0,0.0,0.0,0.0,LOGISTICS
2025-12-01,SUP-012,Supplier 012,USA,NA,PLT-06,Sao Paulo Ops,Brazil,LATAM,SMB,Australia,DB Schenker,1,1,1,1,1,100.0,100.0,100.0,LOGISTICS
2025-12-01,SUP-012,Supplier 012,USA,NA,PLT-00,Shanghai Hub,China,APAC,SMB,Japan,DB Schenker,1,1,0,1,0,0.0,100.0,0.0,LOGISTICS
2025-12-01,SUP-013,Supplier 013,Japan,APAC,PLT-00,Shanghai Hub,China,APAC,Government,USA,Kuehne+Nagel,1,1,1,1,1,100.0,100.0,100.0,LOGISTICS
2025-12-01,SUP-013,Supplier 013,Japan,APAC,PLT-04,Chennai Forge,India,APAC,Enterprise,Canada,FedEx,1,1,0,1,0,0.0,100.0,0.0,LOGISTICS
2025-12-01,SUP-013,Supplier 013,Japan,APAC,PLT-09,Hanoi Assembly,Vietnam,APAC,SMB,Germany,DB Schenker,1,1,1,0,0,100.0,0.0,0.0,LOGISTICS
2025-12-01,SUP-013,Supplier 013,Japan,APAC,PLT-07,Seoul Tech,South Korea,APAC,SMB,Singapore,FedEx,1,1,1,1,1,100.0,100.0,100.0,LOGISTICS
2025-12-01,SUP-013,Supplier 013,Japan,APAC,PLT-00,Shanghai Hub,China,APAC,Enterprise,USA,Kuehne+Nagel,1,1,1,1,1,100.0,100.0,100.0,LOGISTICS
2025-12-01,SUP-013,Supplier 013,Japan,APAC,PLT-00,Shanghai Hub,China,APAC,Government,USA,DHL,1,1,1,0,0,100.0,0.0,0.0,LOGISTICS
2025-12-01,SUP-013,Supplier 013,Japan,APAC,PLT-05,Monterrey Plant,Mexico,LATAM,SMB,Singapore,DB Schenker,1,1,0,0,0,0.0,0.0,0.0,LOGISTICS
2025-12-01,SUP-014,Supplier 014,India,APAC,PLT-09,Hanoi Assembly,Vietnam,APAC,SMB,Canada,Maersk,1,1,1,1,1,100.0,100.0,100.0,LOGISTICS
2025-12-01,SUP-014,Supplier 014,India,APAC,PLT-06,Sao Paulo Ops,Brazil,LATAM,SMB,Singapore,DB Schenker,1,1,0,0,0,0.0,0.0,0.0,LOGISTICS
2025-12-01,SUP-014,Supplier 014,India,APAC,PLT-07,Seoul Tech,South Korea,APAC,SMB,Australia,DB Schenker,1,1,1,1,1,100.0,100.0,100.0,LOGISTICS
2025-12-01,SUP-014,Supplier 014,India,APAC,PLT-06,Sao Paulo Ops,Brazil,LATAM,SMB,France,Kuehne+Nagel,1,1,0,1,0,0.0,100.0,0.0,LOGISTICS
2025-12-01,SUP-014,Supplier 014,India,APAC,PLT-06,Sao Paulo Ops,Brazil,LATAM,SMB,Singapore,Maersk,1,1,1,1,1,100.0,100.0,100.0,LOGISTICS
2025-12-01,SUP-014,Supplier 014,India,APAC,PLT-09,Hanoi Assembly,Vietnam,APAC,SMB,Canada,DHL,1,1,0,0,0,0.0,0.0,0.0,LOGISTICS
2025-12-01,SUP-015,Supplier 015,Mexico,LATAM,PLT-01,Munich Center,Germany,EMEA,Government,Germany,UPS,1,1,0,0,0,0.0,0.0,0.0,LOGISTICS
2025-12-01,SUP-015,Supplier 015,Mexico,LATAM,PLT-06,Sao Paulo Ops,Brazil,LATAM,Government,Singapore,DHL,1,1,1,1,1,100.0,100.0,100.0,LOGISTICS
2025-12-01,SUP-016,Supplier 016,Brazil,LATAM,PLT-01,Munich Center,Germany,EMEA,Enterprise,Germany,FedEx,1,1,1,0,0,100.0,0.0,0.0,LOGISTICS
2025-12-01,SUP-016,Supplier 016,Brazil,LATAM,PLT-09,Hanoi Assembly,Vietnam,APAC,Government,UK,Kuehne+Nagel,1,1,0,0,0,0.0,0.0,0.0,LOGISTICS
2025-12-01,SUP-016,Supplier 016,Brazil,LATAM,PLT-02,Detroit Works,USA,NA,SMB,Canada,Kuehne+Nagel,1,1,0,0,0,0.0,0.0,0.0,LOGISTICS
2025-12-01,SUP-017,Supplier 017,South Korea,APAC,PLT-06,Sao Paulo Ops,Brazil,LATAM,Enterprise,Canada,FedEx,1,1,1,1,1,100.0,100.0,100.0,LOGISTICS
2025-12-01,SUP-017,Supplier 017,South Korea,APAC,PLT-00,Shanghai Hub,China,APAC,SMB,Germany,Kuehne+Nagel,1,1,0,0,0,0.0,0.0,0.0,LOGISTICS
2025-12-01,SUP-017,Supplier 017,South Korea,APAC,PLT-04,Chennai Forge,India,APAC,Enterprise,Japan,Maersk,1,1,0,0,0,0.0,0.0,0.0,LOGISTICS
2025-12-01,SUP-017,Supplier 017,South Korea,APAC,PLT-00,Shanghai Hub,China,APAC,SMB,Germany,DB Schenker,1,1,1,0,0,100.0,0.0,0.0,LOGISTICS
2025-12-01,SUP-017,Supplier 017,South Korea,APAC,PLT-04,Chennai Forge,India,APAC,Enterprise,Japan,Kuehne+Nagel,1,1,0,1,0,0.0,100.0,0.0,LOGISTICS
2025-12-01,SUP-017,Supplier 017,South Korea,APAC,PLT-03,Tokyo Precision,Japan,APAC,Government,France,Maersk,1,1,1,1,1,100.0,100.0,100.0,LOGISTICS
2025-12-01,SUP-018,Supplier 018,Taiwan,APAC,PLT-09,Hanoi Assembly,Vietnam,APAC,Government,Singapore,UPS,1,1,1,1,1,100.0,100.0,100.0,LOGISTICS
2025-12-01,SUP-018,Supplier 018,Taiwan,APAC,PLT-07,Seoul Tech,South Korea,APAC,Enterprise,Germany,Kuehne+Nagel,1,1,1,1,1,100.0,100.0,100.0,LOGISTICS
2025-12-01,SUP-018,Supplier 018,Taiwan,APAC,PLT-05,Monterrey Plant,Mexico,LATAM,SMB,Canada,DB Schenker,1,1,0,0,0,0.0,0.0,0.0,LOGISTICS
2025-12-01,SUP-018,Supplier 018,Taiwan,APAC,PLT-05,Monterrey Plant,Mexico,LATAM,SMB,UK,UPS,1,1,0,1,0,0.0,100.0,0.0,LOGISTICS
2025-12-01,SUP-018,Supplier 018,Taiwan,APAC,PLT-00,Shanghai Hub,China,APAC,SMB,Australia,FedEx,1,1,1,1,1,100.0,100.0,100.0,LOGISTICS
2025-12-01,SUP-019,Supplier 019,Vietnam,APAC,PLT-05,Monterrey Plant,Mexico,LATAM,SMB,Singapore,DB Schenker,1,1,0,0,0,0.0,0.0,0.0,LOGISTICS
2025-12-01,SUP-019,Supplier 019,Vietnam,APAC,PLT-03,Tokyo Precision,Japan,APAC,Enterprise,France,Maersk,1,1,0,1,0,0.0,100.0,0.0,LOGISTICS
2025-12-01,SUP-019,Supplier 019,Vietnam,APAC,PLT-09,Hanoi Assembly,Vietnam,APAC,Enterprise,Singapore,DHL,1,1,0,1,0,0.0,100.0,0.0,LOGISTICS
2025-12-01,SUP-019,Supplier 019,Vietnam,APAC,PLT-00,Shanghai Hub,China,APAC,SMB,Germany,DB Schenker,1,1,0,1,0,0.0,100.0,0.0,LOGISTICS
2025-12-01,SUP-019,Supplier 019,Vietnam,APAC,PLT-00,Shanghai Hub,China,APAC,SMB,UK,FedEx,1,1,1,1,1,100.0,100.0,100.0,LOGISTICS
2025-12-01,SUP-019,Supplier 019,Vietnam,APAC,PLT-05,Monterrey Plant,Mexico,LATAM,SMB,Singapore,Maersk,1,1,0,1,0,0.0,100.0,0.0,LOGISTICS
2025-12-01,SUP-019,Supplier 019,Vietnam,APAC,PLT-09,Hanoi Assembly,Vietnam,APAC,SMB,Germany,Maersk,1,1,0,0,0,0.0,0.0,0.0,LOGISTICS
2025-12-01,SUP-019,Supplier 019,Vietnam,APAC,PLT-08,Taipei Micro,Taiwan,APAC,Enterprise,Australia,DB Schenker,1,1,0,0,0,0.0,0.0,0.0,LOGISTICS
2025-12-01,SUP-020,Supplier 020,China,APAC,PLT-00,Shanghai Hub,China,APAC,SMB,Australia,DHL,1,1,0,1,0,0.0,100.0,0.0,LOGISTICS
2025-12-01,SUP-020,Supplier 020,China,APAC,PLT-02,Detroit Works,USA,NA,Enterprise,Germany,Kuehne+Nagel,1,1,0,1,0,0.0,100.0,0.0,LOGISTICS
2025-12-01,SUP-020,Supplier 020,China,APAC,PLT-01,Munich Center,Germany,EMEA,SMB,Canada,Kuehne+Nagel,1,1,0,1,0,0.0,100.0,0.0,LOGISTICS
2025-12-01,SUP-020,Supplier 020,China,APAC,PLT-02,Detroit Works,USA,NA,SMB,Germany,FedEx,1,1,0,1,0,0.0,100.0,0.0,LOGISTICS
2025-12-01,SUP-020,Supplier 020,China,APAC,PLT-05,Monterrey Plant,Mexico,LATAM,SMB,France,Kuehne+Nagel,1,1,1,0,0,100.0,0.0,0.0,LOGISTICS
2025-12-01,SUP-020,Supplier 020,China,APAC,PLT-06,Sao Paulo Ops,Brazil,LATAM,SMB,Singapore,DHL,1,1,1,1,1,100.0,100.0,100.0,LOGISTICS
2025-12-01,SUP-020,Supplier 020,China,APAC,PLT-08,Taipei Micro,Taiwan,APAC,SMB,Germany,UPS,1,1,0,1,0,0.0,100.0,0.0,LOGISTICS
2025-12-01,SUP-021,Supplier 021,Germany,EMEA,PLT-07,Seoul Tech,South Korea,APAC,Enterprise,Canada,Maersk,1,1,0,1,0,0.0,100.0,0.0,LOGISTICS
2025-12-01,SUP-021,Supplier 021,Germany,EMEA,PLT-02,Detroit Works,USA,NA,SMB,UK,DB Schenker,1,1,1,1,1,100.0,100.0,100.0,LOGISTICS
2025-12-01,SUP-021,Supplier 021,Germany,EMEA,PLT-07,Seoul Tech,South Korea,APAC,Enterprise,France,DB Schenker,1,1,1,1,1,100.0,100.0,100.0,LOGISTICS
2025-12-01,SUP-021,Supplier 021,Germany,EMEA,PLT-05,Monterrey Plant,Mexico,LATAM,SMB,Australia,UPS,1,1,1,0,0,100.0,0.0,0.0,LOGISTICS
2025-12-01,SUP-021,Supplier 021,Germany,EMEA,PLT-02,Detroit Works,USA,NA,SMB,Canada,Kuehne+Nagel,1,1,1,0,0,100.0,0.0,0.0,LOGISTICS
2025-12-01,SUP-021,Supplier 021,Germany,EMEA,PLT-05,Monterrey Plant,Mexico,LATAM,SMB,Australia,Maersk,1,1,1,1,1,100.0,100.0,100.0,LOGISTICS
2025-12-01,SUP-022,Supplier 022,USA,NA,PLT-03,Tokyo Precision,Japan,APAC,SMB,Australia,FedEx,1,1,0,1,0,0.0,100.0,0.0,LOGISTICS
2025-12-01,SUP-022,Supplier 022,USA,NA,PLT-00,Shanghai Hub,China,APAC,Government,UK,DB Schenker,1,1,0,0,0,0.0,0.0,0.0,LOGISTICS
2025-12-01,SUP-023,Supplier 023,Japan,APAC,PLT-07,Seoul Tech,South Korea,APAC,SMB,UK,DB Schenker,1,1,1,1,1,100.0,100.0,100.0,LOGISTICS
2025-12-01,SUP-023,Supplier 023,Japan,APAC,PLT-08,Taipei Micro,Taiwan,APAC,SMB,UK,DB Schenker,1,1,0,0,0,0.0,0.0,0.0,LOGISTICS
2025-12-01,SUP-023,Supplier 023,Japan,APAC,PLT-01,Munich Center,Germany,EMEA,Enterprise,Singapore,DHL,1,1,1,0,0,100.0,0.0,0.0,LOGISTICS
2025-12-01,SUP-023,Supplier 023,Japan,APAC,PLT-09,Hanoi Assembly,Vietnam,APAC,SMB,Australia,UPS,1,1,0,1,0,0.0,100.0,0.0,LOGISTICS
2025-12-01,SUP-023,Supplier 023,Japan,APAC,PLT-02,Detroit Works,USA,NA,Government,Canada,Kuehne+Nagel,1,2,2,1,1,100.0,50.0,50.0,LOGISTICS
2025-12-01,SUP-023,Supplier 023,Japan,APAC,PLT-00,Shanghai Hub,China,APAC,SMB,France,Kuehne+Nagel,1,1,1,1,1,100.0,100.0,100.0,LOGISTICS
2025-12-01,SUP-023,Supplier 023,Japan,APAC,PLT-06,Sao Paulo Ops,Brazil,LATAM,SMB,Singapore,DHL,1,1,1,1,1,100.0,100.0,100.0,LOGISTICS
2025-12-01,SUP-023,Supplier 023,Japan,APAC,PLT-03,Tokyo Precision,Japan,APAC,SMB,Canada,FedEx,1,1,1,1,1,100.0,100.0,100.0,LOGISTICS
2025-12-01,SUP-023,Supplier 023,Japan,APAC,PLT-09,Hanoi Assembly,Vietnam,APAC,Enterprise,UK,Maersk,1,1,0,1,0,0.0,100.0,0.0,LOGISTICS
2025-12-01,SUP-024,Supplier 024,India,APAC,PLT-08,Taipei Micro,Taiwan,APAC,SMB,Australia,DHL,1,1,0,0,0,0.0,0.0,0.0,LOGISTICS
2025-12-01,SUP-024,Supplier 024,India,APAC,PLT-00,Shanghai Hub,China,APAC,SMB,UK,Maersk,1,1,1,1,1,100.0,100.0,100.0,LOGISTICS
2025-12-01,SUP-024,Supplier 024,India,APAC,PLT-04,Chennai Forge,India,APAC,Government,USA,Maersk,1,1,1,1,1,100.0,100.0,100.0,LOGISTICS
2025-12-01,SUP-024,Supplier 024,India,APAC,PLT-09,Hanoi Assembly,Vietnam,APAC,SMB,UK,Kuehne+Nagel,1,1,1,0,0,100.0,0.0,0.0,LOGISTICS
2025-12-01,SUP-025,Supplier 025,Mexico,LATAM,PLT-05,Monterrey Plant,Mexico,LATAM,SMB,UK,DHL,1,1,0,1,0,0.0,100.0,0.0,LOGISTICS
2025-12-01,SUP-025,Supplier 025,Mexico,LATAM,PLT-03,Tokyo Precision,Japan,APAC,Government,Singapore,UPS,1,1,1,1,1,100.0,100.0,100.0,LOGISTICS
2025-12-01,SUP-025,Supplier 025,Mexico,LATAM,PLT-04,Chennai Forge,India,APAC,SMB,Australia,Maersk,1,1,0,1,0,0.0,100.0,0.0,LOGISTICS
2025-12-01,SUP-025,Supplier 025,Mexico,LATAM,PLT-04,Chennai Forge,India,APAC,Government,Germany,FedEx,1,1,1,0,0,100.0,0.0,0.0,LOGISTICS
2025-12-01,SUP-025,Supplier 025,Mexico,LATAM,PLT-00,Shanghai Hub,China,APAC,SMB,France,DHL,1,1,1,1,1,100.0,100.0,100.0,LOGISTICS
2025-12-01,SUP-026,Supplier 026,Brazil,LATAM,PLT-02,Detroit Works,USA,NA,SMB,Japan,DHL,1,1,0,1,0,0.0,100.0,0.0,LOGISTICS
2025-12-01,SUP-026,Supplier 026,Brazil,LATAM,PLT-02,Detroit Works,USA,NA,Government,Singapore,DB Schenker,1,1,0,1,0,0.0,100.0,0.0,LOGISTICS
2025-12-01,SUP-026,Supplier 026,Brazil,LATAM,PLT-08,Taipei Micro,Taiwan,APAC,SMB,Germany,Maersk,1,1,0,1,0,0.0,100.0,0.0,LOGISTICS
2025-12-01,SUP-026,Supplier 026,Brazil,LATAM,PLT-03,Tokyo Precision,Japan,APAC,Enterprise,Germany,DHL,1,1,0,1,0,0.0,100.0,0.0,LOGISTICS
2025-12-01,SUP-026,Supplier 026,Brazil,LATAM,PLT-04,Chennai Forge,India,APAC,SMB,Canada,Maersk,1,1,1,1,1,100.0,100.0,100.0,LOGISTICS
2025-12-01,SUP-026,Supplier 026,Brazil,LATAM,PLT-09,Hanoi Assembly,Vietnam,APAC,Enterprise,Singapore,Maersk,1,1,0,1,0,0.0,100.0,0.0,LOGISTICS
2025-12-01,SUP-026,Supplier 026,Brazil,LATAM,PLT-03,Tokyo Precision,Japan,APAC,Enterprise,Germany,Kuehne+Nagel,1,1,1,0,0,100.0,0.0,0.0,LOGISTICS
2025-12-01,SUP-027,Supplier 027,South Korea,APAC,PLT-02,Detroit Works,USA,NA,SMB,Germany,DB Schenker,1,1,1,1,1,100.0,100.0,100.0,LOGISTICS
2025-12-01,SUP-027,Supplier 027,South Korea,APAC,PLT-01,Munich Center,Germany,EMEA,SMB,France,Kuehne+Nagel,1,1,0,0,0,0.0,0.0,0.0,LOGISTICS
2025-12-01,SUP-027,Supplier 027,South Korea,APAC,PLT-03,Tokyo Precision,Japan,APAC,SMB,Singapore,DHL,1,1,1,1,1,100.0,100.0,100.0,LOGISTICS
2025-12-01,SUP-027,Supplier 027,South Korea,APAC,PLT-03,Tokyo Precision,Japan,APAC,Enterprise,Australia,Maersk,1,1,1,1,1,100.0,100.0,100.0,LOGISTICS
2025-12-01,SUP-027,Supplier 027,South Korea,APAC,PLT-01,Munich Center,Germany,EMEA,Enterprise,Canada,FedEx,1,1,1,1,1,100.0,100.0,100.0,LOGISTICS
2025-12-01,SUP-027,Supplier 027,South Korea,APAC,PLT-06,Sao Paulo Ops,Brazil,LATAM,Enterprise,Japan,DB Schenker,1,1,0,1,0,0.0,100.0,0.0,LOGISTICS
2025-12-01,SUP-028,Supplier 028,Taiwan,APAC,PLT-03,Tokyo Precision,Japan,APAC,SMB,Germany,DB Schenker,1,1,1,0,0,100.0,0.0,0.0,LOGISTICS
2025-12-01,SUP-028,Supplier 028,Taiwan,APAC,PLT-02,Detroit Works,USA,NA,Enterprise,USA,Kuehne+Nagel,1,1,0,0,0,0.0,0.0,0.0,LOGISTICS
2025-12-01,SUP-028,Supplier 028,Taiwan,APAC,PLT-03,Tokyo Precision,Japan,APAC,SMB,Germany,FedEx,1,1,0,1,0,0.0,100.0,0.0,LOGISTICS
2025-12-01,SUP-028,Supplier 028,Taiwan,APAC,PLT-00,Shanghai Hub,China,APAC,Government,USA,Kuehne+Nagel,1,1,1,1,1,100.0,100.0,100.0,LOGISTICS
2025-12-01,SUP-028,Supplier 028,Taiwan,APAC,PLT-00,Shanghai Hub,China,APAC,Government,Germany,Maersk,1,1,1,1,1,100.0,100.0,100.0,LOGISTICS
2025-12-01,SUP-028,Supplier 028,Taiwan,APAC,PLT-04,Chennai Forge,India,APAC,SMB,UK,Maersk,1,1,1,1,1,100.0,100.0,100.0,LOGISTICS
2025-12-01,SUP-028,Supplier 028,Taiwan,APAC,PLT-06,Sao Paulo Ops,Brazil,LATAM,SMB,Singapore,FedEx,1,1,1,1,1,100.0,100.0,100.0,LOGISTICS
2025-12-01,SUP-029,Supplier 029,Vietnam,APAC,PLT-06,Sao Paulo Ops,Brazil,LATAM,SMB,Canada,UPS,1,1,0,1,0,0.0,100.0,0.0,LOGISTICS
2025-12-01,SUP-029,Supplier 029,Vietnam,APAC,PLT-00,Shanghai Hub,China,APAC,SMB,Canada,UPS,1,1,0,1,0,0.0,100.0,0.0,LOGISTICS
2025-12-01,SUP-029,Supplier 029,Vietnam,APAC,PLT-07,Seoul Tech,South Korea,APAC,Government,USA,UPS,1,1,1,1,1,100.0,100.0,100.0,LOGISTICS
2025-12-01,SUP-029,Supplier 029,Vietnam,APAC,PLT-05,Monterrey Plant,Mexico,LATAM,Enterprise,Germany,Maersk,1,1,0,1,0,0.0,100.0,0.0,LOGISTICS
2025-12-01,SUP-029,Supplier 029,Vietnam,APAC,PLT-02,Detroit Works,USA,NA,Government,USA,Maersk,1,1,1,1,1,100.0,100.0,100.0,LOGISTICS
2025-12-01,SUP-029,Supplier 029,Vietnam,APAC,PLT-03,Tokyo Precision,Japan,APAC,SMB,UK,Maersk,1,1,0,1,0,0.0,100.0,0.0,LOGISTICS
2025-12-01,SUP-029,Supplier 029,Vietnam,APAC,PLT-04,Chennai Forge,India,APAC,Government,Germany,Kuehne+Nagel,1,1,0,0,0,0.0,0.0,0.0,LOGISTICS
2025-12-01,SUP-029,Supplier 029,Vietnam,APAC,PLT-00,Shanghai Hub,China,APAC,SMB,Singapore,Maersk,1,1,0,1,0,0.0,100.0,0.0,LOGISTICS
2025-12-01,SUP-029,Supplier 029,Vietnam,APAC,PLT-04,Chennai Forge,India,APAC,SMB,Canada,DB Schenker,1,1,0,1,0,0.0,100.0,0.0,LOGISTICS
2025-12-01,SUP-029,Supplier 029,Vietnam,APAC,PLT-06,Sao Paulo Ops,Brazil,LATAM,Enterprise,USA,Maersk,1,2,1,0,0,50.0,0.0,0.0,LOGISTICS
2025-12-01,SUP-029,Supplier 029,Vietnam,APAC,PLT-08,Taipei Micro,Taiwan,APAC,SMB,Canada,DB Schenker,1,1,0,1,0,0.0,100.0,0.0,LOGISTICS
2025-12-01,SUP-029,Supplier 029,Vietnam,APAC,PLT-00,Shanghai Hub,China,APAC,SMB,Singapore,DB Schenker,1,1,0,1,0,0.0,100.0,0.0,LOGISTICS
2025-12-01,SUP-029,Supplier 029,Vietnam,APAC,PLT-07,Seoul Tech,South Korea,APAC,Government,USA,FedEx,1,1,0,0,0,0.0,0.0,0.0,LOGISTICS
2025-12-01,SUP-030,Supplier 030,China,APAC,PLT-08,Taipei Micro,Taiwan,APAC,Government,Singapore,UPS,1,1,0,1,0,0.0,100.0,0.0,LOGISTICS
2025-12-01,SUP-030,Supplier 030,China,APAC,PLT-03,Tokyo Precision,Japan,APAC,Government,Germany,UPS,1,1,0,0,0,0.0,0.0,0.0,LOGISTICS
2025-12-01,SUP-030,Supplier 030,China,APAC,PLT-04,Chennai Forge,India,APAC,SMB,UK,UPS,1,1,0,1,0,0.0,100.0,0.0,LOGISTICS
2025-12-01,SUP-030,Supplier 030,China,APAC,PLT-09,Hanoi Assembly,Vietnam,APAC,Government,Germany,DHL,1,1,0,1,0,0.0,100.0,0.0,LOGISTICS
2025-12-01,SUP-030,Supplier 030,China,APAC,PLT-03,Tokyo Precision,Japan,APAC,SMB,Germany,FedEx,1,1,1,0,0,100.0,0.0,0.0,LOGISTICS
2025-12-01,SUP-031,Supplier 031,Germany,EMEA,PLT-05,Monterrey Plant,Mexico,LATAM,SMB,UK,DB Schenker,1,1,0,0,0,0.0,0.0,0.0,LOGISTICS
2025-12-01,SUP-031,Supplier 031,Germany,EMEA,PLT-05,Monterrey Plant,Mexico,LATAM,SMB,UK,Kuehne+Nagel,1,1,1,0,0,100.0,0.0,0.0,LOGISTICS
2025-12-01,SUP-031,Supplier 031,Germany,EMEA,PLT-02,Detroit Works,USA,NA,Enterprise,USA,UPS,1,1,1,1,1,100.0,100.0,100.0,LOGISTICS
2025-12-01,SUP-031,Supplier 031,Germany,EMEA,PLT-06,Sao Paulo Ops,Brazil,LATAM,SMB,Singapore,Kuehne+Nagel,1,1,1,1,1,100.0,100.0,100.0,LOGISTICS
2025-12-01,SUP-031,Supplier 031,Germany,EMEA,PLT-02,Detroit Works,USA,NA,Enterprise,USA,Kuehne+Nagel,1,1,0,0,0,0.0,0.0,0.0,LOGISTICS
2025-12-01,SUP-031,Supplier 031,Germany,EMEA,PLT-01,Munich Center,Germany,EMEA,SMB,Germany,DB Schenker,1,1,0,1,0,0.0,100.0,0.0,LOGISTICS
2025-12-01,SUP-032,Supplier 032,USA,NA,PLT-08,Taipei Micro,Taiwan,APAC,SMB,Singapore,Kuehne+Nagel,1,1,1,1,1,100.0,100.0,100.0,LOGISTICS
2025-12-01,SUP-032,Supplier 032,USA,NA,PLT-06,Sao Paulo Ops,Brazil,LATAM,Enterprise,France,UPS,1,1,1,1,1,100.0,100.0,100.0,LOGISTICS
2025-12-01,SUP-032,Supplier 032,USA,NA,PLT-08,Taipei Micro,Taiwan,APAC,SMB,Singapore,Maersk,1,1,0,0,0,0.0,0.0,0.0,LOGISTICS
2025-12-01,SUP-032,Supplier 032,USA,NA,PLT-08,Taipei Micro,Taiwan,APAC,SMB,Germany,FedEx,1,1,0,1,0,0.0,100.0,0.0,LOGISTICS
2025-12-01,SUP-033,Supplier 033,Japan,APAC,PLT-09,Hanoi Assembly,Vietnam,APAC,Government,Germany,UPS,1,2,1,1,1,50.0,50.0,50.0,LOGISTICS
2025-12-01,SUP-033,Supplier 033,Japan,APAC,PLT-08,Taipei Micro,Taiwan,APAC,Government,Canada,UPS,1,1,0,1,0,0.0,100.0,0.0,LOGISTICS
2025-12-01,SUP-033,Supplier 033,Japan,APAC,PLT-06,Sao Paulo Ops,Brazil,LATAM,Enterprise,UK,UPS,1,1,1,1,1,100.0,100.0,100.0,LOGISTICS
2025-12-01,SUP-033,Supplier 033,Japan,APAC,PLT-09,Hanoi Assembly,Vietnam,APAC,Enterprise,France,FedEx,1,1,1,1,1,100.0,100.0,100.0,LOGISTICS
2025-12-01,SUP-034,Supplier 034,India,APAC,PLT-04,Chennai Forge,India,APAC,Enterprise,France,Kuehne+Nagel,1,1,0,1,0,0.0,100.0,0.0,LOGISTICS
2025-12-01,SUP-034,Supplier 034,India,APAC,PLT-04,Chennai Forge,India,APAC,Enterprise,Japan,Kuehne+Nagel,1,1,0,1,0,0.0,100.0,0.0,LOGISTICS
2025-12-01,SUP-034,Supplier 034,India,APAC,PLT-03,Tokyo Precision,Japan,APAC,Government,USA,Maersk,1,1,0,0,0,0.0,0.0,0.0,LOGISTICS
2025-12-01,SUP-034,Supplier 034,India,APAC,PLT-01,Munich Center,Germany,EMEA,Enterprise,USA,Maersk,1,1,1,1,1,100.0,100.0,100.0,LOGISTICS
2025-12-01,SUP-035,Supplier 035,Mexico,LATAM,PLT-02,Detroit Works,USA,NA,Government,USA,DHL,1,1,0,1,0,0.0,100.0,0.0,LOGISTICS
2025-12-01,SUP-035,Supplier 035,Mexico,LATAM,PLT-02,Detroit Works,USA,NA,Government,USA,Maersk,1,1,1,0,0,100.0,0.0,0.0,LOGISTICS
2025-12-01,SUP-035,Supplier 035,Mexico,LATAM,PLT-03,Tokyo Precision,Japan,APAC,SMB,Australia,FedEx,1,1,1,1,1,100.0,100.0,100.0,LOGISTICS
2025-12-01,SUP-035,Supplier 035,Mexico,LATAM,PLT-02,Detroit Works,USA,NA,SMB,Canada,UPS,1,1,0,1,0,0.0,100.0,0.0,LOGISTICS
2025-12-01,SUP-035,Supplier 035,Mexico,LATAM,PLT-04,Chennai Forge,India,APAC,SMB,Australia,DHL,1,1,0,1,0,0.0,100.0,0.0,LOGISTICS
2025-12-01,SUP-035,Supplier 035,Mexico,LATAM,PLT-09,Hanoi Assembly,Vietnam,APAC,Government,Australia,UPS,1,1,0,1,0,0.0,100.0,0.0,LOGISTICS
2025-12-01,SUP-036,Supplier 036,Brazil,LATAM,PLT-03,Tokyo Precision,Japan,APAC,Enterprise,USA,DB Schenker,1,1,1,1,1,100.0,100.0,100.0,LOGISTICS
2025-12-01,SUP-036,Supplier 036,Brazil,LATAM,PLT-07,Seoul Tech,South Korea,APAC,SMB,Singapore,Maersk,1,1,0,1,0,0.0,100.0,0.0,LOGISTICS
2025-12-01,SUP-036,Supplier 036,Brazil,LATAM,PLT-00,Shanghai Hub,China,APAC,SMB,France,FedEx,1,1,1,0,0,100.0,0.0,0.0,LOGISTICS
2025-12-01,SUP-036,Supplier 036,Brazil,LATAM,PLT-00,Shanghai Hub,China,APAC,SMB,France,UPS,1,1,1,1,1,100.0,100.0,100.0,LOGISTICS
2025-12-01,SUP-037,Supplier 037,South Korea,APAC,PLT-01,Munich Center,Germany,EMEA,Enterprise,USA,DHL,1,1,1,0,0,100.0,0.0,0.0,LOGISTICS
2025-12-01,SUP-037,Supplier 037,South Korea,APAC,PLT-02,Detroit Works,USA,NA,Enterprise,Japan,DB Schenker,1,1,1,0,0,100.0,0.0,0.0,LOGISTICS
2025-12-01,SUP-037,Supplier 037,South Korea,APAC,PLT-02,Detroit Works,USA,NA,SMB,Japan,DB Schenker,1,1,0,1,0,0.0,100.0,0.0,LOGISTICS
2025-12-01,SUP-037,Supplier 037,South Korea,APAC,PLT-07,Seoul Tech,South Korea,APAC,Enterprise,Canada,DB Schenker,1,1,0,0,0,0.0,0.0,0.0,LOGISTICS
2025-12-01,SUP-038,Supplier 038,Taiwan,APAC,PLT-01,Munich Center,Germany,EMEA,Government,France,Kuehne+Nagel,1,1,1,1,1,100.0,100.0,100.0,LOGISTICS
2025-12-01,SUP-038,Supplier 038,Taiwan,APAC,PLT-00,Shanghai Hub,China,APAC,Government,Canada,DHL,1,2,2,0,0,100.0,0.0,0.0,LOGISTICS
2025-12-01,SUP-038,Supplier 038,Taiwan,APAC,PLT-02,Detroit Works,USA,NA,Enterprise,Australia,Maersk,1,1,0,1,0,0.0,100.0,0.0,LOGISTICS
2025-12-01,SUP-038,Supplier 038,Taiwan,APAC,PLT-03,Tokyo Precision,Japan,APAC,SMB,UK,Kuehne+Nagel,1,1,1,0,0,100.0,0.0,0.0,LOGISTICS
2025-12-01,SUP-038,Supplier 038,Taiwan,APAC,PLT-03,Tokyo Precision,Japan,APAC,SMB,UK,FedEx,1,1,0,1,0,0.0,100.0,0.0,LOGISTICS
2025-12-01,SUP-038,Supplier 038,Taiwan,APAC,PLT-05,Monterrey Plant,Mexico,LATAM,SMB,USA,DB Schenker,1,1,1,1,1,100.0,100.0,100.0,LOGISTICS
2025-12-01,SUP-038,Supplier 038,Taiwan,APAC,PLT-01,Munich Center,Germany,EMEA,SMB,Australia,DB Schenker,1,1,0,1,0,0.0,100.0,0.0,LOGISTICS
2025-12-01,SUP-039,Supplier 039,Vietnam,APAC,PLT-01,Munich Center,Germany,EMEA,SMB,Australia,DB Schenker,1,1,0,1,0,0.0,100.0,0.0,LOGISTICS
2025-12-01,SUP-039,Supplier 039,Vietnam,APAC,PLT-04,Chennai Forge,India,APAC,SMB,USA,FedEx,1,1,0,1,0,0.0,100.0,0.0,LOGISTICS
2025-12-01,SUP-039,Supplier 039,Vietnam,APAC,PLT-04,Chennai Forge,India,APAC,SMB,USA,DB Schenker,1,1,0,0,0,0.0,0.0,0.0,LOGISTICS
2025-12-01,SUP-039,Supplier 039,Vietnam,APAC,PLT-09,Hanoi Assembly,Vietnam,APAC,Government,Germany,Kuehne+Nagel,1,1,0,0,0,0.0,0.0,0.0,LOGISTICS
2025-12-01,SUP-039,Supplier 039,Vietnam,APAC,PLT-09,Hanoi Assembly,Vietnam,APAC,Government,USA,FedEx,1,1,1,0,0,100.0,0.0,0.0,LOGISTICS
2025-12-01,SUP-039,Supplier 039,Vietnam,APAC,PLT-08,Taipei Micro,Taiwan,APAC,SMB,Japan,DHL,1,1,1,0,0,100.0,0.0,0.0,LOGISTICS
2025-12-01,SUP-039,Supplier 039,Vietnam,APAC,PLT-09,Hanoi Assembly,Vietnam,APAC,Government,USA,DB Schenker,1,1,1,1,1,100.0,100.0,100.0,LOGISTICS
2025-12-01,SUP-039,Supplier 039,Vietnam,APAC,PLT-08,Taipei Micro,Taiwan,APAC,SMB,Japan,UPS,1,1,1,0,0,100.0,0.0,0.0,LOGISTICS
2025-12-01,SUP-040,Supplier 040,China,APAC,PLT-00,Shanghai Hub,China,APAC,SMB,France,DHL,1,1,1,0,0,100.0,0.0,0.0,LOGISTICS
2025-12-01,SUP-040,Supplier 040,China,APAC,PLT-02,Detroit Works,USA,NA,SMB,UK,DB Schenker,1,1,0,1,0,0.0,100.0,0.0,LOGISTICS
2025-12-01,SUP-040,Supplier 040,China,APAC,PLT-01,Munich Center,Germany,EMEA,Enterprise,Germany,DB Schenker,1,1,0,1,0,0.0,100.0,0.0,LOGISTICS
2025-12-01,SUP-040,Supplier 040,China,APAC,PLT-06,Sao Paulo Ops,Brazil,LATAM,SMB,UK,UPS,1,1,0,0,0,0.0,0.0,0.0,LOGISTICS
2025-12-01,SUP-040,Supplier 040,China,APAC,PLT-06,Sao Paulo Ops,Brazil,LATAM,SMB,UK,DB Schenker,1,1,0,1,0,0.0,100.0,0.0,LOGISTICS
2025-12-01,SUP-040,Supplier 040,China,APAC,PLT-03,Tokyo Precision,Japan,APAC,Government,USA,DHL,1,1,1,0,0,100.0,0.0,0.0,LOGISTICS
2025-12-01,SUP-041,Supplier 041,Germany,EMEA,PLT-06,Sao Paulo Ops,Brazil,LATAM,Enterprise,France,FedEx,1,1,1,1,1,100.0,100.0,100.0,LOGISTICS
2025-12-01,SUP-041,Supplier 041,Germany,EMEA,PLT-01,Munich Center,Germany,EMEA,SMB,Australia,DB Schenker,1,2,0,1,0,0.0,50.0,0.0,LOGISTICS
2025-12-01,SUP-041,Supplier 041,Germany,EMEA,PLT-06,Sao Paulo Ops,Brazil,LATAM,Enterprise,France,DHL,1,1,0,0,0,0.0,0.0,0.0,LOGISTICS
2025-12-01,SUP-041,Supplier 041,Germany,EMEA,PLT-03,Tokyo Precision,Japan,APAC,Government,USA,Maersk,1,1,0,1,0,0.0,100.0,0.0,LOGISTICS
2025-12-01,SUP-041,Supplier 041,Germany,EMEA,PLT-01,Munich Center,Germany,EMEA,Government,Germany,FedEx,1,1,0,0,0,0.0,0.0,0.0,LOGISTICS
2025-12-01,SUP-042,Supplier 042,USA,NA,PLT-01,Munich Center,Germany,EMEA,Government,Japan,UPS,1,1,0,0,0,0.0,0.0,0.0,LOGISTICS
2025-12-01,SUP-042,Supplier 042,USA,NA,PLT-00,Shanghai Hub,China,APAC,Enterprise,Singapore,FedEx,1,1,1,0,0,100.0,0.0,0.0,LOGISTICS
2025-12-01,SUP-042,Supplier 042,USA,NA,PLT-09,Hanoi Assembly,Vietnam,APAC,Government,Australia,Kuehne+Nagel,1,1,0,1,0,0.0,100.0,0.0,LOGISTICS
2025-12-01,SUP-042,Supplier 042,USA,NA,PLT-09,Hanoi Assembly,Vietnam,APAC,SMB,UK,FedEx,1,1,0,0,0,0.0,0.0,0.0,LOGISTICS
2025-12-01,SUP-042,Supplier 042,USA,NA,PLT-00,Shanghai Hub,China,APAC,SMB,Canada,Kuehne+Nagel,1,1,0,1,0,0.0,100.0,0.0,LOGISTICS
2025-12-01,SUP-042,Supplier 042,USA,NA,PLT-08,Taipei Micro,Taiwan,APAC,Government,Australia,Kuehne+Nagel,1,1,1,1,1,100.0,100.0,100.0,LOGISTICS
2025-12-01,SUP-042,Supplier 042,USA,NA,PLT-01,Munich Center,Germany,EMEA,SMB,UK,DHL,1,1,0,1,0,0.0,100.0,0.0,LOGISTICS
2025-12-01,SUP-042,Supplier 042,USA,NA,PLT-00,Shanghai Hub,China,APAC,Enterprise,Singapore,Maersk,1,1,0,0,0,0.0,0.0,0.0,LOGISTICS
2025-12-01,SUP-043,Supplier 043,Japan,APAC,PLT-07,Seoul Tech,South Korea,APAC,Enterprise,Germany,DB Schenker,1,1,0,0,0,0.0,0.0,0.0,LOGISTICS
2025-12-01,SUP-043,Supplier 043,Japan,APAC,PLT-07,Seoul Tech,South Korea,APAC,Enterprise,Germany,Maersk,1,1,1,0,0,100.0,0.0,0.0,LOGISTICS
2025-12-01,SUP-043,Supplier 043,Japan,APAC,PLT-05,Monterrey Plant,Mexico,LATAM,SMB,France,FedEx,1,1,0,0,0,0.0,0.0,0.0,LOGISTICS
2025-12-01,SUP-043,Supplier 043,Japan,APAC,PLT-01,Munich Center,Germany,EMEA,Government,Germany,DHL,1,1,1,1,1,100.0,100.0,100.0,LOGISTICS
2025-12-01,SUP-043,Supplier 043,Japan,APAC,PLT-06,Sao Paulo Ops,Brazil,LATAM,SMB,USA,DB Schenker,1,1,1,1,1,100.0,100.0,100.0,LOGISTICS
2025-12-01,SUP-043,Supplier 043,Japan,APAC,PLT-06,Sao Paulo Ops,Brazil,LATAM,SMB,France,Kuehne+Nagel,1,1,0,1,0,0.0,100.0,0.0,LOGISTICS
2025-12-01,SUP-043,Supplier 043,Japan,APAC,PLT-05,Monterrey Plant,Mexico,LATAM,Enterprise,USA,DHL,1,1,0,0,0,0.0,0.0,0.0,LOGISTICS
2025-12-01,SUP-043,Supplier 043,Japan,APAC,PLT-06,Sao Paulo Ops,Brazil,LATAM,SMB,UK,DHL,1,1,1,0,0,100.0,0.0,0.0,LOGISTICS
2025-12-01,SUP-043,Supplier 043,Japan,APAC,PLT-05,Monterrey Plant,Mexico,LATAM,Enterprise,USA,FedEx,1,1,1,0,0,100.0,0.0,0.0,LOGISTICS
2025-12-01,SUP-044,Supplier 044,India,APAC,PLT-02,Detroit Works,USA,NA,Enterprise,USA,UPS,1,1,1,0,0,100.0,0.0,0.0,LOGISTICS
2025-12-01,SUP-044,Supplier 044,India,APAC,PLT-05,Monterrey Plant,Mexico,LATAM,Government,Canada,UPS,1,1,0,1,0,0.0,100.0,0.0,LOGISTICS
2025-12-01,SUP-044,Supplier 044,India,APAC,PLT-05,Monterrey Plant,Mexico,LATAM,SMB,UK,Kuehne+Nagel,1,1,0,0,0,0.0,0.0,0.0,LOGISTICS
2025-12-01,SUP-044,Supplier 044,India,APAC,PLT-04,Chennai Forge,India,APAC,SMB,Germany,DHL,1,1,1,0,0,100.0,0.0,0.0,LOGISTICS
2025-12-01,SUP-045,Supplier 045,Mexico,LATAM,PLT-01,Munich Center,Germany,EMEA,SMB,Germany,FedEx,1,1,0,0,0,0.0,0.0,0.0,LOGISTICS
2025-12-01,SUP-045,Supplier 045,Mexico,LATAM,PLT-07,Seoul Tech,South Korea,APAC,SMB,UK,Maersk,1,1,0,1,0,0.0,100.0,0.0,LOGISTICS
2025-12-01,SUP-045,Supplier 045,Mexico,LATAM,PLT-09,Hanoi Assembly,Vietnam,APAC,Enterprise,Singapore,Maersk,1,1,1,0,0,100.0,0.0,0.0,LOGISTICS
2025-12-01,SUP-045,Supplier 045,Mexico,LATAM,PLT-03,Tokyo Precision,Japan,APAC,Enterprise,USA,UPS,1,1,1,1,1,100.0,100.0,100.0,LOGISTICS
2025-12-01,SUP-045,Supplier 045,Mexico,LATAM,PLT-08,Taipei Micro,Taiwan,APAC,Enterprise,France,FedEx,1,1,0,1,0,0.0,100.0,0.0,LOGISTICS
2025-12-01,SUP-045,Supplier 045,Mexico,LATAM,PLT-09,Hanoi Assembly,Vietnam,APAC,Enterprise,Singapore,Kuehne+Nagel,1,1,1,1,1,100.0,100.0,100.0,LOGISTICS
2025-12-01,SUP-046,Supplier 046,Brazil,LATAM,PLT-09,Hanoi Assembly,Vietnam,APAC,SMB,Australia,Kuehne+Nagel,1,2,1,0,0,50.0,0.0,0.0,LOGISTICS
2025-12-01,SUP-046,Supplier 046,Brazil,LATAM,PLT-02,Detroit Works,USA,NA,Government,Germany,FedEx,1,1,1,1,1,100.0,100.0,100.0,LOGISTICS
2025-12-01,SUP-046,Supplier 046,Brazil,LATAM,PLT-00,Shanghai Hub,China,APAC,Government,Australia,DHL,1,1,1,1,1,100.0,100.0,100.0,LOGISTICS
2025-12-01,SUP-046,Supplier 046,Brazil,LATAM,PLT-06,Sao Paulo Ops,Brazil,LATAM,SMB,UK,FedEx,1,1,0,1,0,0.0,100.0,0.0,LOGISTICS
2025-12-01,SUP-047,Supplier 047,South Korea,APAC,PLT-00,Shanghai Hub,China,APAC,Enterprise,UK,DHL,1,1,0,1,0,0.0,100.0,0.0,LOGISTICS
2025-12-01,SUP-047,Supplier 047,South Korea,APAC,PLT-00,Shanghai Hub,China,APAC,Enterprise,UK,DB Schenker,1,1,0,0,0,0.0,0.0,0.0,LOGISTICS
2025-12-01,SUP-047,Supplier 047,South Korea,APAC,PLT-07,Seoul Tech,South Korea,APAC,SMB,UK,UPS,1,1,1,1,1,100.0,100.0,100.0,LOGISTICS
2025-12-01,SUP-047,Supplier 047,South Korea,APAC,PLT-01,Munich Center,Germany,EMEA,Enterprise,Singapore,Maersk,1,1,0,1,0,0.0,100.0,0.0,LOGISTICS
2025-12-01,SUP-047,Supplier 047,South Korea,APAC,PLT-01,Munich Center,Germany,EMEA,Enterprise,Canada,FedEx,1,1,1,1,1,100.0,100.0,100.0,LOGISTICS
2025-12-01,SUP-047,Supplier 047,South Korea,APAC,PLT-07,Seoul Tech,South Korea,APAC,SMB,UK,Kuehne+Nagel,1,1,1,0,0,100.0,0.0,0.0,LOGISTICS
2025-12-01,SUP-047,Supplier 047,South Korea,APAC,PLT-06,Sao Paulo Ops,Brazil,LATAM,Enterprise,UK,Maersk,1,1,1,1,1,100.0,100.0,100.0,LOGISTICS
2025-12-01,SUP-048,Supplier 048,Taiwan,APAC,PLT-09,Hanoi Assembly,Vietnam,APAC,Enterprise,Australia,Kuehne+Nagel,1,1,1,0,0,100.0,0.0,0.0,LOGISTICS
2025-12-01,SUP-048,Supplier 048,Taiwan,APAC,PLT-04,Chennai Forge,India,APAC,SMB,Australia,Kuehne+Nagel,1,1,1,0,0,100.0,0.0,0.0,LOGISTICS
2025-12-01,SUP-048,Supplier 048,Taiwan,APAC,PLT-09,Hanoi Assembly,Vietnam,APAC,Government,Germany,Kuehne+Nagel,1,1,0,1,0,0.0,100.0,0.0,LOGISTICS
2025-12-01,SUP-048,Supplier 048,Taiwan,APAC,PLT-04,Chennai Forge,India,APAC,SMB,Australia,Maersk,1,1,0,0,0,0.0,0.0,0.0,LOGISTICS
2025-12-01,SUP-048,Supplier 048,Taiwan,APAC,PLT-02,Detroit Works,USA,NA,SMB,UK,DHL,1,1,0,1,0,0.0,100.0,0.0,LOGISTICS
2025-12-01,SUP-048,Supplier 048,Taiwan,APAC,PLT-04,Chennai Forge,India,APAC,SMB,Germany,Kuehne+Nagel,1,1,0,1,0,0.0,100.0,0.0,LOGISTICS
2025-12-01,SUP-048,Supplier 048,Taiwan,APAC,PLT-07,Seoul Tech,South Korea,APAC,SMB,Australia,Kuehne+Nagel,1,1,1,1,1,100.0,100.0,100.0,LOGISTICS
2025-12-01,SUP-049,Supplier 049,Vietnam,APAC,PLT-00,Shanghai Hub,China,APAC,Enterprise,USA,UPS,1,2,1,1,0,50.0,50.0,0.0,LOGISTICS
2025-12-01,SUP-049,Supplier 049,Vietnam,APAC,PLT-04,Chennai Forge,India,APAC,SMB,Canada,DHL,1,1,0,1,0,0.0,100.0,0.0,LOGISTICS
2025-12-01,SUP-049,Supplier 049,Vietnam,APAC,PLT-09,Hanoi Assembly,Vietnam,APAC,SMB,Singapore,UPS,1,1,0,1,0,0.0,100.0,0.0,LOGISTICS
2025-12-01,SUP-049,Supplier 049,Vietnam,APAC,PLT-04,Chennai Forge,India,APAC,Enterprise,USA,Maersk,1,1,0,1,0,0.0,100.0,0.0,LOGISTICS
2025-12-01,SUP-049,Supplier 049,Vietnam,APAC,PLT-04,Chennai Forge,India,APAC,Government,Australia,Kuehne+Nagel,1,1,0,1,0,0.0,100.0,0.0,LOGISTICS
2025-12-01,SUP-049,Supplier 049,Vietnam,APAC,PLT-01,Munich Center,Germany,EMEA,Enterprise,Germany,Kuehne+Nagel,1,1,0,1,0,0.0,100.0,0.0,LOGISTICS
2025-12-01,SUP-049,Supplier 049,Vietnam,APAC,PLT-05,Monterrey Plant,Mexico,LATAM,Government,Australia,DB Schenker,1,1,0,1,0,0.0,100.0,0.0,LOGISTICS
2025-12-01,SUP-049,Supplier 049,Vietnam,APAC,PLT-01,Munich Center,Germany,EMEA,Government,USA,DB Schenker,1,1,1,1,1,100.0,100.0,100.0,LOGISTICS
2026-01-01,SUP-000,Supplier 000,China,APAC,PLT-08,Taipei Micro,Taiwan,APAC,Enterprise,Japan,DB Schenker,1,1,0,1,0,0.0,100.0,0.0,LOGISTICS
2026-01-01,SUP-000,Supplier 000,China,APAC,PLT-03,Tokyo Precision,Japan,APAC,SMB,Germany,UPS,1,1,1,0,0,100.0,0.0,0.0,LOGISTICS
2026-01-01,SUP-000,Supplier 000,China,APAC,PLT-00,Shanghai Hub,China,APAC,SMB,Canada,UPS,1,1,1,1,1,100.0,100.0,100.0,LOGISTICS
2026-01-01,SUP-000,Supplier 000,China,APAC,PLT-00,Shanghai Hub,China,APAC,Government,Germany,DB Schenker,1,1,1,0,0,100.0,0.0,0.0,LOGISTICS
2026-01-01,SUP-000,Supplier 000,China,APAC,PLT-00,Shanghai Hub,China,APAC,Enterprise,Germany,DHL,1,1,0,1,0,0.0,100.0,0.0,LOGISTICS
2026-01-01,SUP-000,Supplier 000,China,APAC,PLT-06,Sao Paulo Ops,Brazil,LATAM,Government,Germany,Kuehne+Nagel,1,1,1,1,1,100.0,100.0,100.0,LOGISTICS
2026-01-01,SUP-000,Supplier 000,China,APAC,PLT-05,Monterrey Plant,Mexico,LATAM,SMB,USA,Kuehne+Nagel,1,1,1,1,1,100.0,100.0,100.0,LOGISTICS
2026-01-01,SUP-000,Supplier 000,China,APAC,PLT-00,Shanghai Hub,China,APAC,Government,Germany,Maersk,1,1,1,1,1,100.0,100.0,100.0,LOGISTICS
2026-01-01,SUP-000,Supplier 000,China,APAC,PLT-02,Detroit Works,USA,NA,Government,USA,DHL,1,1,1,1,1,100.0,100.0,100.0,LOGISTICS
2026-01-01,SUP-000,Supplier 000,China,APAC,PLT-03,Tokyo Precision,Japan,APAC,Government,Japan,Maersk,1,1,0,1,0,0.0,100.0,0.0,LOGISTICS
2026-01-01,SUP-000,Supplier 000,China,APAC,PLT-05,Monterrey Plant,Mexico,LATAM,SMB,USA,Maersk,1,1,0,0,0,0.0,0.0,0.0,LOGISTICS
2026-01-01,SUP-000,Supplier 000,China,APAC,PLT-00,Shanghai Hub,China,APAC,SMB,UK,FedEx,1,1,1,1,1,100.0,100.0,100.0,LOGISTICS
2026-01-01,SUP-001,Supplier 001,Germany,EMEA,PLT-01,Munich Center,Germany,EMEA,Government,UK,DB Schenker,1,1,1,0,0,100.0,0.0,0.0,LOGISTICS
2026-01-01,SUP-001,Supplier 001,Germany,EMEA,PLT-05,Monterrey Plant,Mexico,LATAM,Enterprise,Japan,UPS,1,1,0,0,0,0.0,0.0,0.0,LOGISTICS
2026-01-01,SUP-001,Supplier 001,Germany,EMEA,PLT-08,Taipei Micro,Taiwan,APAC,SMB,Japan,DB Schenker,1,1,0,1,0,0.0,100.0,0.0,LOGISTICS
2026-01-01,SUP-001,Supplier 001,Germany,EMEA,PLT-05,Monterrey Plant,Mexico,LATAM,Enterprise,Japan,Maersk,1,1,1,1,1,100.0,100.0,100.0,LOGISTICS
2026-01-01,SUP-001,Supplier 001,Germany,EMEA,PLT-02,Detroit Works,USA,NA,SMB,Australia,Maersk,1,1,1,1,1,100.0,100.0,100.0,LOGISTICS
2026-01-01,SUP-001,Supplier 001,Germany,EMEA,PLT-02,Detroit Works,USA,NA,SMB,Australia,DHL,1,1,0,0,0,0.0,0.0,0.0,LOGISTICS
2026-01-01,SUP-001,Supplier 001,Germany,EMEA,PLT-01,Munich Center,Germany,EMEA,Government,UK,Kuehne+Nagel,1,1,1,1,1,100.0,100.0,100.0,LOGISTICS
2026-01-01,SUP-001,Supplier 001,Germany,EMEA,PLT-02,Detroit Works,USA,NA,SMB,UK,Kuehne+Nagel,1,1,0,1,0,0.0,100.0,0.0,LOGISTICS
2026-01-01,SUP-002,Supplier 002,USA,NA,PLT-06,Sao Paulo Ops,Brazil,LATAM,Enterprise,France,UPS,1,1,1,0,0,100.0,0.0,0.0,LOGISTICS
2026-01-01,SUP-002,Supplier 002,USA,NA,PLT-07,Seoul Tech,South Korea,APAC,SMB,Japan,DHL,1,1,1,1,1,100.0,100.0,100.0,LOGISTICS
2026-01-01,SUP-003,Supplier 003,Japan,APAC,PLT-02,Detroit Works,USA,NA,Enterprise,Germany,UPS,1,1,0,0,0,0.0,0.0,0.0,LOGISTICS
2026-01-01,SUP-003,Supplier 003,Japan,APAC,PLT-00,Shanghai Hub,China,APAC,SMB,UK,DHL,1,1,1,1,1,100.0,100.0,100.0,LOGISTICS
2026-01-01,SUP-003,Supplier 003,Japan,APAC,PLT-02,Detroit Works,USA,NA,Government,USA,DHL,1,1,0,1,0,0.0,100.0,0.0,LOGISTICS
2026-01-01,SUP-003,Supplier 003,Japan,APAC,PLT-04,Chennai Forge,India,APAC,SMB,Canada,DHL,1,1,1,0,0,100.0,0.0,0.0,LOGISTICS
2026-01-01,SUP-003,Supplier 003,Japan,APAC,PLT-04,Chennai Forge,India,APAC,SMB,Canada,UPS,1,1,1,1,1,100.0,100.0,100.0,LOGISTICS
2026-01-01,SUP-004,Supplier 004,India,APAC,PLT-07,Seoul Tech,South Korea,APAC,Government,UK,DB Schenker,1,1,1,1,1,100.0,100.0,100.0,LOGISTICS
2026-01-01,SUP-004,Supplier 004,India,APAC,PLT-07,Seoul Tech,South Korea,APAC,Government,UK,Kuehne+Nagel,1,1,0,0,0,0.0,0.0,0.0,LOGISTICS
2026-01-01,SUP-004,Supplier 004,India,APAC,PLT-04,Chennai Forge,India,APAC,SMB,France,UPS,1,1,0,0,0,0.0,0.0,0.0,LOGISTICS
2026-01-01,SUP-004,Supplier 004,India,APAC,PLT-06,Sao Paulo Ops,Brazil,LATAM,Government,Japan,DHL,1,2,2,1,1,100.0,50.0,50.0,LOGISTICS
2026-01-01,SUP-005,Supplier 005,Mexico,LATAM,PLT-03,Tokyo Precision,Japan,APAC,Government,UK,DB Schenker,1,1,0,0,0,0.0,0.0,0.0,LOGISTICS
2026-01-01,SUP-005,Supplier 005,Mexico,LATAM,PLT-06,Sao Paulo Ops,Brazil,LATAM,Enterprise,Australia,Maersk,1,1,1,0,0,100.0,0.0,0.0,LOGISTICS
2026-01-01,SUP-005,Supplier 005,Mexico,LATAM,PLT-06,Sao Paulo Ops,Brazil,LATAM,SMB,Japan,UPS,1,1,1,1,1,100.0,100.0,100.0,LOGISTICS
2026-01-01,SUP-005,Supplier 005,Mexico,LATAM,PLT-07,Seoul Tech,South Korea,APAC,SMB,France,Maersk,1,1,0,0,0,0.0,0.0,0.0,LOGISTICS
2026-01-01,SUP-005,Supplier 005,Mexico,LATAM,PLT-06,Sao Paulo Ops,Brazil,LATAM,SMB,Japan,FedEx,1,1,0,0,0,0.0,0.0,0.0,LOGISTICS
2026-01-01,SUP-005,Supplier 005,Mexico,LATAM,PLT-07,Seoul Tech,South Korea,APAC,SMB,France,FedEx,1,1,0,0,0,0.0,0.0,0.0,LOGISTICS
2026-01-01,SUP-005,Supplier 005,Mexico,LATAM,PLT-00,Shanghai Hub,China,APAC,Enterprise,Japan,Maersk,1,1,1,1,1,100.0,100.0,100.0,LOGISTICS
2026-01-01,SUP-005,Supplier 005,Mexico,LATAM,PLT-06,Sao Paulo Ops,Brazil,LATAM,SMB,Japan,Kuehne+Nagel,1,1,0,1,0,0.0,100.0,0.0,LOGISTICS
2026-01-01,SUP-006,Supplier 006,Brazil,LATAM,PLT-04,Chennai Forge,India,APAC,Government,Japan,Maersk,1,1,1,1,1,100.0,100.0,100.0,LOGISTICS
2026-01-01,SUP-006,Supplier 006,Brazil,LATAM,PLT-02,Detroit Works,USA,NA,SMB,Canada,DB Schenker,1,1,1,1,1,100.0,100.0,100.0,LOGISTICS
2026-01-01,SUP-006,Supplier 006,Brazil,LATAM,PLT-04,Chennai Forge,India,APAC,SMB,Germany,Maersk,1,1,0,1,0,0.0,100.0,0.0,LOGISTICS
2026-01-01,SUP-006,Supplier 006,Brazil,LATAM,PLT-04,Chennai Forge,India,APAC,SMB,Germany,DB Schenker,1,1,1,0,0,100.0,0.0,0.0,LOGISTICS
2026-01-01,SUP-006,Supplier 006,Brazil,LATAM,PLT-03,Tokyo Precision,Japan,APAC,SMB,UK,UPS,1,1,0,1,0,0.0,100.0,0.0,LOGISTICS
2026-01-01,SUP-006,Supplier 006,Brazil,LATAM,PLT-02,Detroit Works,USA,NA,SMB,Japan,Kuehne+Nagel,1,1,0,0,0,0.0,0.0,0.0,LOGISTICS
2026-01-01,SUP-006,Supplier 006,Brazil,LATAM,PLT-03,Tokyo Precision,Japan,APAC,Government,Singapore,Maersk,1,1,1,1,1,100.0,100.0,100.0,LOGISTICS
2026-01-01,SUP-006,Supplier 006,Brazil,LATAM,PLT-04,Chennai Forge,India,APAC,SMB,Australia,UPS,1,1,0,1,0,0.0,100.0,0.0,LOGISTICS
2026-01-01,SUP-007,Supplier 007,South Korea,APAC,PLT-06,Sao Paulo Ops,Brazil,LATAM,Government,USA,Maersk,1,1,1,1,1,100.0,100.0,100.0,LOGISTICS
2026-01-01,SUP-007,Supplier 007,South Korea,APAC,PLT-08,Taipei Micro,Taiwan,APAC,Enterprise,France,Maersk,1,1,1,1,1,100.0,100.0,100.0,LOGISTICS
2026-01-01,SUP-007,Supplier 007,South Korea,APAC,PLT-07,Seoul Tech,South Korea,APAC,SMB,Japan,DHL,1,1,1,0,0,100.0,0.0,0.0,LOGISTICS
2026-01-01,SUP-007,Supplier 007,South Korea,APAC,PLT-02,Detroit Works,USA,NA,Enterprise,USA,DHL,1,1,1,1,1,100.0,100.0,100.0,LOGISTICS
2026-01-01,SUP-007,Supplier 007,South Korea,APAC,PLT-09,Hanoi Assembly,Vietnam,APAC,SMB,Germany,FedEx,1,1,1,1,1,100.0,100.0,100.0,LOGISTICS
2026-01-01,SUP-008,Supplier 008,Taiwan,APAC,PLT-05,Monterrey Plant,Mexico,LATAM,Enterprise,Australia,DB Schenker,1,1,1,0,0,100.0,0.0,0.0,LOGISTICS
2026-01-01,SUP-008,Supplier 008,Taiwan,APAC,PLT-05,Monterrey Plant,Mexico,LATAM,Enterprise,Australia,UPS,1,1,1,1,1,100.0,100.0,100.0,LOGISTICS
2026-01-01,SUP-008,Supplier 008,Taiwan,APAC,PLT-03,Tokyo Precision,Japan,APAC,SMB,UK,Kuehne+Nagel,1,1,1,0,0,100.0,0.0,0.0,LOGISTICS
2026-01-01,SUP-008,Supplier 008,Taiwan,APAC,PLT-08,Taipei Micro,Taiwan,APAC,SMB,Singapore,DHL,1,2,1,0,0,50.0,0.0,0.0,LOGISTICS
2026-01-01,SUP-008,Supplier 008,Taiwan,APAC,PLT-03,Tokyo Precision,Japan,APAC,SMB,USA,Kuehne+Nagel,1,1,1,1,1,100.0,100.0,100.0,LOGISTICS
2026-01-01,SUP-009,Supplier 009,Vietnam,APAC,PLT-01,Munich Center,Germany,EMEA,Government,Australia,DB Schenker,1,1,0,0,0,0.0,0.0,0.0,LOGISTICS
2026-01-01,SUP-009,Supplier 009,Vietnam,APAC,PLT-07,Seoul Tech,South Korea,APAC,SMB,UK,DB Schenker,1,1,0,1,0,0.0,100.0,0.0,LOGISTICS
2026-01-01,SUP-009,Supplier 009,Vietnam,APAC,PLT-09,Hanoi Assembly,Vietnam,APAC,Enterprise,Australia,DB Schenker,1,1,1,0,0,100.0,0.0,0.0,LOGISTICS
2026-01-01,SUP-009,Supplier 009,Vietnam,APAC,PLT-01,Munich Center,Germany,EMEA,Government,Australia,Kuehne+Nagel,1,1,0,0,0,0.0,0.0,0.0,LOGISTICS
2026-01-01,SUP-009,Supplier 009,Vietnam,APAC,PLT-06,Sao Paulo Ops,Brazil,LATAM,SMB,UK,Maersk,1,1,1,0,0,100.0,0.0,0.0,LOGISTICS
2026-01-01,SUP-009,Supplier 009,Vietnam,APAC,PLT-09,Hanoi Assembly,Vietnam,APAC,Enterprise,Australia,Maersk,1,1,1,1,1,100.0,100.0,100.0,LOGISTICS
2026-01-01,SUP-010,Supplier 010,China,APAC,PLT-08,Taipei Micro,Taiwan,APAC,SMB,Germany,FedEx,1,1,0,1,0,0.0,100.0,0.0,LOGISTICS
2026-01-01,SUP-010,Supplier 010,China,APAC,PLT-01,Munich Center,Germany,EMEA,Enterprise,Japan,DB Schenker,1,1,1,0,0,100.0,0.0,0.0,LOGISTICS
2026-01-01,SUP-010,Supplier 010,China,APAC,PLT-01,Munich Center,Germany,EMEA,Enterprise,Japan,Kuehne+Nagel,1,1,1,1,1,100.0,100.0,100.0,LOGISTICS
2026-01-01,SUP-011,Supplier 011,Germany,EMEA,PLT-08,Taipei Micro,Taiwan,APAC,SMB,Singapore,FedEx,1,1,0,0,0,0.0,0.0,0.0,LOGISTICS
2026-01-01,SUP-011,Supplier 011,Germany,EMEA,PLT-01,Munich Center,Germany,EMEA,Enterprise,Japan,DHL,1,1,1,1,1,100.0,100.0,100.0,LOGISTICS
2026-01-01,SUP-011,Supplier 011,Germany,EMEA,PLT-04,Chennai Forge,India,APAC,SMB,UK,UPS,1,1,1,0,0,100.0,0.0,0.0,LOGISTICS
2026-01-01,SUP-011,Supplier 011,Germany,EMEA,PLT-04,Chennai Forge,India,APAC,SMB,UK,Maersk,1,1,0,1,0,0.0,100.0,0.0,LOGISTICS
2026-01-01,SUP-011,Supplier 011,Germany,EMEA,PLT-08,Taipei Micro,Taiwan,APAC,SMB,Singapore,DHL,1,1,0,1,0,0.0,100.0,0.0,LOGISTICS
2026-01-01,SUP-011,Supplier 011,Germany,EMEA,PLT-02,Detroit Works,USA,NA,SMB,Singapore,Maersk,1,2,0,1,0,0.0,50.0,0.0,LOGISTICS
2026-01-01,SUP-012,Supplier 012,USA,NA,PLT-03,Tokyo Precision,Japan,APAC,Government,Australia,DHL,1,1,0,1,0,0.0,100.0,0.0,LOGISTICS
2026-01-01,SUP-012,Supplier 012,USA,NA,PLT-00,Shanghai Hub,China,APAC,SMB,UK,DB Schenker,1,1,0,1,0,0.0,100.0,0.0,LOGISTICS
2026-01-01,SUP-012,Supplier 012,USA,NA,PLT-07,Seoul Tech,South Korea,APAC,Enterprise,UK,FedEx,1,1,1,1,1,100.0,100.0,100.0,LOGISTICS
2026-01-01,SUP-013,Supplier 013,Japan,APAC,PLT-07,Seoul Tech,South Korea,APAC,SMB,UK,FedEx,1,1,1,1,1,100.0,100.0,100.0,LOGISTICS
2026-01-01,SUP-013,Supplier 013,Japan,APAC,PLT-08,Taipei Micro,Taiwan,APAC,Government,Canada,Maersk,1,1,1,1,1,100.0,100.0,100.0,LOGISTICS
2026-01-01,SUP-013,Supplier 013,Japan,APAC,PLT-01,Munich Center,Germany,EMEA,SMB,Singapore,FedEx,1,1,0,0,0,0.0,0.0,0.0,LOGISTICS
2026-01-01,SUP-013,Supplier 013,Japan,APAC,PLT-07,Seoul Tech,South Korea,APAC,SMB,France,Maersk,1,1,0,1,0,0.0,100.0,0.0,LOGISTICS
2026-01-01,SUP-013,Supplier 013,Japan,APAC,PLT-01,Munich Center,Germany,EMEA,Government,Japan,FedEx,1,1,1,0,0,100.0,0.0,0.0,LOGISTICS
2026-01-01,SUP-013,Supplier 013,Japan,APAC,PLT-09,Hanoi Assembly,Vietnam,APAC,SMB,Canada,Maersk,1,1,1,1,1,100.0,100.0,100.0,LOGISTICS
2026-01-01,SUP-014,Supplier 014,India,APAC,PLT-00,Shanghai Hub,China,APAC,SMB,Singapore,DHL,1,1,0,0,0,0.0,0.0,0.0,LOGISTICS
2026-01-01,SUP-014,Supplier 014,India,APAC,PLT-09,Hanoi Assembly,Vietnam,APAC,Government,Singapore,DB Schenker,1,1,0,1,0,0.0,100.0,0.0,LOGISTICS
2026-01-01,SUP-014,Supplier 014,India,APAC,PLT-03,Tokyo Precision,Japan,APAC,SMB,UK,FedEx,1,1,1,1,1,100.0,100.0,100.0,LOGISTICS
2026-01-01,SUP-014,Supplier 014,India,APAC,PLT-08,Taipei Micro,Taiwan,APAC,SMB,France,DB Schenker,1,1,1,1,1,100.0,100.0,100.0,LOGISTICS
2026-01-01,SUP-014,Supplier 014,India,APAC,PLT-03,Tokyo Precision,Japan,APAC,SMB,UK,DHL,1,1,0,0,0,0.0,0.0,0.0,LOGISTICS
2026-01-01,SUP-014,Supplier 014,India,APAC,PLT-02,Detroit Works,USA,NA,SMB,Singapore,DHL,1,1,0,0,0,0.0,0.0,0.0,LOGISTICS
2026-01-01,SUP-014,Supplier 014,India,APAC,PLT-08,Taipei Micro,Taiwan,APAC,Enterprise,Germany,UPS,1,1,1,1,1,100.0,100.0,100.0,LOGISTICS
2026-01-01,SUP-014,Supplier 014,India,APAC,PLT-09,Hanoi Assembly,Vietnam,APAC,SMB,USA,FedEx,1,1,1,1,1,100.0,100.0,100.0,LOGISTICS
2026-01-01,SUP-014,Supplier 014,India,APAC,PLT-02,Detroit Works,USA,NA,SMB,Canada,DB Schenker,1,1,1,0,0,100.0,0.0,0.0,LOGISTICS
2026-01-01,SUP-015,Supplier 015,Mexico,LATAM,PLT-09,Hanoi Assembly,Vietnam,APAC,Enterprise,USA,DB Schenker,1,1,1,1,1,100.0,100.0,100.0,LOGISTICS
2026-01-01,SUP-015,Supplier 015,Mexico,LATAM,PLT-00,Shanghai Hub,China,APAC,SMB,Canada,UPS,1,1,0,1,0,0.0,100.0,0.0,LOGISTICS
2026-01-01,SUP-015,Supplier 015,Mexico,LATAM,PLT-01,Munich Center,Germany,EMEA,Government,Japan,Maersk,1,1,1,0,0,100.0,0.0,0.0,LOGISTICS
2026-01-01,SUP-016,Supplier 016,Brazil,LATAM,PLT-05,Monterrey Plant,Mexico,LATAM,SMB,Germany,DHL,1,1,1,1,1,100.0,100.0,100.0,LOGISTICS
2026-01-01,SUP-016,Supplier 016,Brazil,LATAM,PLT-02,Detroit Works,USA,NA,Government,USA,Maersk,1,1,1,1,1,100.0,100.0,100.0,LOGISTICS
2026-01-01,SUP-016,Supplier 016,Brazil,LATAM,PLT-04,Chennai Forge,India,APAC,SMB,France,DHL,1,1,1,0,0,100.0,0.0,0.0,LOGISTICS
2026-01-01,SUP-016,Supplier 016,Brazil,LATAM,PLT-02,Detroit Works,USA,NA,SMB,USA,UPS,1,1,0,1,0,0.0,100.0,0.0,LOGISTICS
2026-01-01,SUP-017,Supplier 017,South Korea,APAC,PLT-01,Munich Center,Germany,EMEA,SMB,UK,Kuehne+Nagel,1,1,0,1,0,0.0,100.0,0.0,LOGISTICS
2026-01-01,SUP-017,Supplier 017,South Korea,APAC,PLT-01,Munich Center,Germany,EMEA,SMB,Australia,DB Schenker,1,1,0,1,0,0.0,100.0,0.0,LOGISTICS
2026-01-01,SUP-017,Supplier 017,South Korea,APAC,PLT-06,Sao Paulo Ops,Brazil,LATAM,SMB,Germany,UPS,1,1,1,0,0,100.0,0.0,0.0,LOGISTICS
2026-01-01,SUP-017,Supplier 017,South Korea,APAC,PLT-07,Seoul Tech,South Korea,APAC,Enterprise,Japan,DHL,1,1,1,1,1,100.0,100.0,100.0,LOGISTICS
2026-01-01,SUP-017,Supplier 017,South Korea,APAC,PLT-09,Hanoi Assembly,Vietnam,APAC,SMB,Germany,FedEx,1,1,0,1,0,0.0,100.0,0.0,LOGISTICS
2026-01-01,SUP-017,Supplier 017,South Korea,APAC,PLT-08,Taipei Micro,Taiwan,APAC,Enterprise,USA,Kuehne+Nagel,1,1,1,1,1,100.0,100.0,100.0,LOGISTICS
2026-01-01,SUP-017,Supplier 017,South Korea,APAC,PLT-09,Hanoi Assembly,Vietnam,APAC,SMB,Germany,DB Schenker,1,1,1,0,0,100.0,0.0,0.0,LOGISTICS
2026-01-01,SUP-017,Supplier 017,South Korea,APAC,PLT-07,Seoul Tech,South Korea,APAC,SMB,Australia,DB Schenker,1,1,0,1,0,0.0,100.0,0.0,LOGISTICS
2026-01-01,SUP-017,Supplier 017,South Korea,APAC,PLT-07,Seoul Tech,South Korea,APAC,SMB,Canada,UPS,1,1,1,0,0,100.0,0.0,0.0,LOGISTICS
2026-01-01,SUP-017,Supplier 017,South Korea,APAC,PLT-09,Hanoi Assembly,Vietnam,APAC,Enterprise,Germany,UPS,1,1,0,1,0,0.0,100.0,0.0,LOGISTICS
2026-01-01,SUP-017,Supplier 017,South Korea,APAC,PLT-04,Chennai Forge,India,APAC,SMB,Singapore,DHL,1,1,0,1,0,0.0,100.0,0.0,LOGISTICS
2026-01-01,SUP-018,Supplier 018,Taiwan,APAC,PLT-04,Chennai Forge,India,APAC,SMB,USA,FedEx,1,1,0,1,0,0.0,100.0,0.0,LOGISTICS
2026-01-01,SUP-018,Supplier 018,Taiwan,APAC,PLT-05,Monterrey Plant,Mexico,LATAM,Enterprise,Germany,Kuehne+Nagel,1,1,0,1,0,0.0,100.0,0.0,LOGISTICS
2026-01-01,SUP-018,Supplier 018,Taiwan,APAC,PLT-08,Taipei Micro,Taiwan,APAC,Government,USA,UPS,1,1,0,1,0,0.0,100.0,0.0,LOGISTICS
2026-01-01,SUP-018,Supplier 018,Taiwan,APAC,PLT-01,Munich Center,Germany,EMEA,SMB,Singapore,Kuehne+Nagel,1,1,1,1,1,100.0,100.0,100.0,LOGISTICS
2026-01-01,SUP-019,Supplier 019,Vietnam,APAC,PLT-04,Chennai Forge,India,APAC,SMB,UK,UPS,1,1,0,0,0,0.0,0.0,0.0,LOGISTICS
2026-01-01,SUP-019,Supplier 019,Vietnam,APAC,PLT-02,Detroit Works,USA,NA,Government,Australia,DHL,1,1,0,1,0,0.0,100.0,0.0,LOGISTICS
2026-01-01,SUP-019,Supplier 019,Vietnam,APAC,PLT-04,Chennai Forge,India,APAC,SMB,UK,Maersk,1,1,1,0,0,100.0,0.0,0.0,LOGISTICS
2026-01-01,SUP-019,Supplier 019,Vietnam,APAC,PLT-04,Chennai Forge,India,APAC,Enterprise,Japan,Maersk,1,1,1,1,1,100.0,100.0,100.0,LOGISTICS
2026-01-01,SUP-019,Supplier 019,Vietnam,APAC,PLT-09,Hanoi Assembly,Vietnam,APAC,SMB,UK,DHL,1,1,1,1,1,100.0,100.0,100.0,LOGISTICS
2026-01-01,SUP-019,Supplier 019,Vietnam,APAC,PLT-03,Tokyo Precision,Japan,APAC,SMB,Japan,UPS,1,1,1,0,0,100.0,0.0,0.0,LOGISTICS
2026-01-01,SUP-019,Supplier 019,Vietnam,APAC,PLT-07,Seoul Tech,South Korea,APAC,SMB,USA,UPS,1,1,0,1,0,0.0,100.0,0.0,LOGISTICS
2026-01-01,SUP-019,Supplier 019,Vietnam,APAC,PLT-06,Sao Paulo Ops,Brazil,LATAM,SMB,Australia,UPS,1,1,1,0,0,100.0,0.0,0.0,LOGISTICS
2026-01-01,SUP-019,Supplier 019,Vietnam,APAC,PLT-00,Shanghai Hub,China,APAC,SMB,USA,Kuehne+Nagel,1,1,0,0,0,0.0,0.0,0.0,LOGISTICS
2026-01-01,SUP-019,Supplier 019,Vietnam,APAC,PLT-01,Munich Center,Germany,EMEA,Government,Singapore,Maersk,1,1,0,1,0,0.0,100.0,0.0,LOGISTICS
2026-01-01,SUP-020,Supplier 020,China,APAC,PLT-01,Munich Center,Germany,EMEA,SMB,Australia,Maersk,1,1,0,0,0,0.0,0.0,0.0,LOGISTICS
2026-01-01,SUP-020,Supplier 020,China,APAC,PLT-03,Tokyo Precision,Japan,APAC,SMB,UK,DB Schenker,1,1,1,0,0,100.0,0.0,0.0,LOGISTICS
2026-01-01,SUP-020,Supplier 020,China,APAC,PLT-03,Tokyo Precision,Japan,APAC,SMB,UK,UPS,1,1,1,1,1,100.0,100.0,100.0,LOGISTICS
2026-01-01,SUP-020,Supplier 020,China,APAC,PLT-06,Sao Paulo Ops,Brazil,LATAM,SMB,France,UPS,1,1,1,1,1,100.0,100.0,100.0,LOGISTICS
2026-01-01,SUP-020,Supplier 020,China,APAC,PLT-05,Monterrey Plant,Mexico,LATAM,SMB,UK,Maersk,1,1,1,1,1,100.0,100.0,100.0,LOGISTICS
2026-01-01,SUP-020,Supplier 020,China,APAC,PLT-06,Sao Paulo Ops,Brazil,LATAM,SMB,Germany,DB Schenker,1,1,0,1,0,0.0,100.0,0.0,LOGISTICS
2026-01-01,SUP-020,Supplier 020,China,APAC,PLT-05,Monterrey Plant,Mexico,LATAM,SMB,UK,FedEx,1,1,1,0,0,100.0,0.0,0.0,LOGISTICS
2026-01-01,SUP-020,Supplier 020,China,APAC,PLT-01,Munich Center,Germany,EMEA,Government,Singapore,Kuehne+Nagel,1,1,1,1,1,100.0,100.0,100.0,LOGISTICS
2026-01-01,SUP-020,Supplier 020,China,APAC,PLT-01,Munich Center,Germany,EMEA,SMB,Canada,UPS,1,1,0,1,0,0.0,100.0,0.0,LOGISTICS
2026-01-01,SUP-021,Supplier 021,Germany,EMEA,PLT-05,Monterrey Plant,Mexico,LATAM,SMB,France,Maersk,1,1,1,1,1,100.0,100.0,100.0,LOGISTICS
2026-01-01,SUP-021,Supplier 021,Germany,EMEA,PLT-00,Shanghai Hub,China,APAC,Enterprise,France,DB Schenker,1,1,1,0,0,100.0,0.0,0.0,LOGISTICS
2026-01-01,SUP-021,Supplier 021,Germany,EMEA,PLT-07,Seoul Tech,South Korea,APAC,Enterprise,France,FedEx,1,1,0,0,0,0.0,0.0,0.0,LOGISTICS
2026-01-01,SUP-021,Supplier 021,Germany,EMEA,PLT-03,Tokyo Precision,Japan,APAC,Enterprise,Germany,DHL,1,1,0,1,0,0.0,100.0,0.0,LOGISTICS
2026-01-01,SUP-022,Supplier 022,USA,NA,PLT-05,Monterrey Plant,Mexico,LATAM,SMB,Singapore,DHL,1,1,1,1,1,100.0,100.0,100.0,LOGISTICS
2026-01-01,SUP-022,Supplier 022,USA,NA,PLT-03,Tokyo Precision,Japan,APAC,SMB,Japan,DB Schenker,1,1,0,1,0,0.0,100.0,0.0,LOGISTICS
2026-01-01,SUP-022,Supplier 022,USA,NA,PLT-01,Munich Center,Germany,EMEA,Enterprise,Japan,DHL,1,1,1,1,1,100.0,100.0,100.0,LOGISTICS
2026-01-01,SUP-022,Supplier 022,USA,NA,PLT-06,Sao Paulo Ops,Brazil,LATAM,SMB,USA,DHL,1,1,1,1,1,100.0,100.0,100.0,LOGISTICS
2026-01-01,SUP-022,Supplier 022,USA,NA,PLT-00,Shanghai Hub,China,APAC,Enterprise,Australia,DB Schenker,1,1,1,1,1,100.0,100.0,100.0,LOGISTICS
2026-01-01,SUP-022,Supplier 022,USA,NA,PLT-01,Munich Center,Germany,EMEA,Enterprise,USA,Maersk,1,2,1,1,1,50.0,50.0,50.0,LOGISTICS
2026-01-01,SUP-023,Supplier 023,Japan,APAC,PLT-05,Monterrey Plant,Mexico,LATAM,Enterprise,Japan,UPS,1,1,1,1,1,100.0,100.0,100.0,LOGISTICS
2026-01-01,SUP-023,Supplier 023,Japan,APAC,PLT-01,Munich Center,Germany,EMEA,Government,Germany,UPS,1,1,1,1,1,100.0,100.0,100.0,LOGISTICS
2026-01-01,SUP-023,Supplier 023,Japan,APAC,PLT-01,Munich Center,Germany,EMEA,Government,Germany,DB Schenker,1,1,1,0,0,100.0,0.0,0.0,LOGISTICS
2026-01-01,SUP-023,Supplier 023,Japan,APAC,PLT-07,Seoul Tech,South Korea,APAC,SMB,France,Kuehne+Nagel,1,1,1,1,1,100.0,100.0,100.0,LOGISTICS
2026-01-01,SUP-023,Supplier 023,Japan,APAC,PLT-01,Munich Center,Germany,EMEA,SMB,Australia,DB Schenker,1,1,0,0,0,0.0,0.0,0.0,LOGISTICS
2026-01-01,SUP-023,Supplier 023,Japan,APAC,PLT-01,Munich Center,Germany,EMEA,SMB,Australia,UPS,1,1,1,0,0,100.0,0.0,0.0,LOGISTICS
2026-01-01,SUP-023,Supplier 023,Japan,APAC,PLT-05,Monterrey Plant,Mexico,LATAM,SMB,UK,FedEx,1,1,1,0,0,100.0,0.0,0.0,LOGISTICS
2026-01-01,SUP-023,Supplier 023,Japan,APAC,PLT-04,Chennai Forge,India,APAC,SMB,UK,DB Schenker,1,1,1,0,0,100.0,0.0,0.0,LOGISTICS
2026-01-01,SUP-023,Supplier 023,Japan,APAC,PLT-04,Chennai Forge,India,APAC,Government,Canada,DHL,1,1,1,1,1,100.0,100.0,100.0,LOGISTICS
2026-01-01,SUP-023,Supplier 023,Japan,APAC,PLT-05,Monterrey Plant,Mexico,LATAM,Enterprise,Japan,DB Schenker,1,1,0,0,0,0.0,0.0,0.0,LOGISTICS
2026-01-01,SUP-023,Supplier 023,Japan,APAC,PLT-03,Tokyo Precision,Japan,APAC,SMB,Canada,Kuehne+Nagel,1,1,1,0,0,100.0,0.0,0.0,LOGISTICS
2026-01-01,SUP-024,Supplier 024,India,APAC,PLT-06,Sao Paulo Ops,Brazil,LATAM,SMB,Singapore,DHL,1,1,0,0,0,0.0,0.0,0.0,LOGISTICS
2026-01-01,SUP-024,Supplier 024,India,APAC,PLT-05,Monterrey Plant,Mexico,LATAM,SMB,Germany,FedEx,1,1,0,0,0,0.0,0.0,0.0,LOGISTICS
2026-01-01,SUP-024,Supplier 024,India,APAC,PLT-08,Taipei Micro,Taiwan,APAC,SMB,France,UPS,1,1,1,0,0,100.0,0.0,0.0,LOGISTICS
2026-01-01,SUP-024,Supplier 024,India,APAC,PLT-00,Shanghai Hub,China,APAC,SMB,Japan,FedEx,1,1,0,1,0,0.0,100.0,0.0,LOGISTICS
2026-01-01,SUP-025,Supplier 025,Mexico,LATAM,PLT-05,Monterrey Plant,Mexico,LATAM,Enterprise,Germany,Maersk,1,1,1,1,1,100.0,100.0,100.0,LOGISTICS
2026-01-01,SUP-025,Supplier 025,Mexico,LATAM,PLT-05,Monterrey Plant,Mexico,LATAM,Government,Singapore,Kuehne+Nagel,1,1,0,1,0,0.0,100.0,0.0,LOGISTICS
2026-01-01,SUP-025,Supplier 025,Mexico,LATAM,PLT-01,Munich Center,Germany,EMEA,Enterprise,Japan,FedEx,1,1,1,1,1,100.0,100.0,100.0,LOGISTICS
2026-01-01,SUP-025,Supplier 025,Mexico,LATAM,PLT-02,Detroit Works,USA,NA,Enterprise,UK,FedEx,1,2,1,0,0,50.0,0.0,0.0,LOGISTICS
2026-01-01,SUP-025,Supplier 025,Mexico,LATAM,PLT-05,Monterrey Plant,Mexico,LATAM,SMB,Singapore,FedEx,1,1,0,0,0,0.0,0.0,0.0,LOGISTICS
2026-01-01,SUP-025,Supplier 025,Mexico,LATAM,PLT-01,Munich Center,Germany,EMEA,Enterprise,France,Maersk,1,1,0,1,0,0.0,100.0,0.0,LOGISTICS
2026-01-01,SUP-025,Supplier 025,Mexico,LATAM,PLT-00,Shanghai Hub,China,APAC,SMB,Japan,FedEx,1,1,1,0,0,100.0,0.0,0.0,LOGISTICS
2026-01-01,SUP-025,Supplier 025,Mexico,LATAM,PLT-02,Detroit Works,USA,NA,SMB,USA,FedEx,1,1,1,1,1,100.0,100.0,100.0,LOGISTICS
2026-01-01,SUP-026,Supplier 026,Brazil,LATAM,PLT-02,Detroit Works,USA,NA,Enterprise,France,Kuehne+Nagel,1,1,1,0,0,100.0,0.0,0.0,LOGISTICS
2026-01-01,SUP-026,Supplier 026,Brazil,LATAM,PLT-03,Tokyo Precision,Japan,APAC,SMB,Singapore,UPS,1,1,1,1,1,100.0,100.0,100.0,LOGISTICS
2026-01-01,SUP-026,Supplier 026,Brazil,LATAM,PLT-09,Hanoi Assembly,Vietnam,APAC,SMB,Australia,Kuehne+Nagel,1,1,1,1,1,100.0,100.0,100.0,LOGISTICS
2026-01-01,SUP-026,Supplier 026,Brazil,LATAM,PLT-00,Shanghai Hub,China,APAC,Government,Australia,Maersk,1,1,0,0,0,0.0,0.0,0.0,LOGISTICS
2026-01-01,SUP-026,Supplier 026,Brazil,LATAM,PLT-06,Sao Paulo Ops,Brazil,LATAM,Enterprise,USA,Maersk,1,1,1,1,1,100.0,100.0,100.0,LOGISTICS
2026-01-01,SUP-026,Supplier 026,Brazil,LATAM,PLT-01,Munich Center,Germany,EMEA,SMB,UK,Maersk,1,1,1,0,0,100.0,0.0,0.0,LOGISTICS
2026-01-01,SUP-026,Supplier 026,Brazil,LATAM,PLT-02,Detroit Works,USA,NA,Enterprise,France,DB Schenker,1,1,1,0,0,100.0,0.0,0.0,LOGISTICS
2026-01-01,SUP-026,Supplier 026,Brazil,LATAM,PLT-08,Taipei Micro,Taiwan,APAC,Enterprise,Japan,FedEx,1,1,0,1,0,0.0,100.0,0.0,LOGISTICS
2026-01-01,SUP-026,Supplier 026,Brazil,LATAM,PLT-00,Shanghai Hub,China,APAC,Government,Australia,FedEx,1,1,1,1,1,100.0,100.0,100.0,LOGISTICS
2026-01-01,SUP-027,Supplier 027,South Korea,APAC,PLT-07,Seoul Tech,South Korea,APAC,SMB,Australia,Kuehne+Nagel,1,1,0,0,0,0.0,0.0,0.0,LOGISTICS
2026-01-01,SUP-027,Supplier 027,South Korea,APAC,PLT-06,Sao Paulo Ops,Brazil,LATAM,SMB,Canada,Kuehne+Nagel,1,1,1,1,1,100.0,100.0,100.0,LOGISTICS
2026-01-01,SUP-027,Supplier 027,South Korea,APAC,PLT-03,Tokyo Precision,Japan,APAC,SMB,Australia,UPS,1,1,0,0,0,0.0,0.0,0.0,LOGISTICS
2026-01-01,SUP-027,Supplier 027,South Korea,APAC,PLT-02,Detroit Works,USA,NA,Enterprise,France,DHL,1,1,1,1,1,100.0,100.0,100.0,LOGISTICS
2026-01-01,SUP-027,Supplier 027,South Korea,APAC,PLT-02,Detroit Works,USA,NA,Enterprise,France,Kuehne+Nagel,1,1,1,0,0,100.0,0.0,0.0,LOGISTICS
2026-01-01,SUP-027,Supplier 027,South Korea,APAC,PLT-09,Hanoi Assembly,Vietnam,APAC,Government,Germany,Maersk,1,1,1,1,1,100.0,100.0,100.0,LOGISTICS
2026-01-01,SUP-027,Supplier 027,South Korea,APAC,PLT-07,Seoul Tech,South Korea,APAC,SMB,Australia,DB Schenker,1,1,0,1,0,0.0,100.0,0.0,LOGISTICS
2026-01-01,SUP-027,Supplier 027,South Korea,APAC,PLT-09,Hanoi Assembly,Vietnam,APAC,SMB,USA,Kuehne+Nagel,1,1,1,1,1,100.0,100.0,100.0,LOGISTICS
2026-01-01,SUP-027,Supplier 027,South Korea,APAC,PLT-03,Tokyo Precision,Japan,APAC,SMB,Australia,DHL,1,1,1,0,0,100.0,0.0,0.0,LOGISTICS
2026-01-01,SUP-027,Supplier 027,South Korea,APAC,PLT-02,Detroit Works,USA,NA,SMB,France,FedEx,1,1,0,1,0,0.0,100.0,0.0,LOGISTICS
2026-01-01,SUP-027,Supplier 027,South Korea,APAC,PLT-01,Munich Center,Germany,EMEA,SMB,Singapore,UPS,1,1,1,1,1,100.0,100.0,100.0,LOGISTICS
2026-01-01,SUP-027,Supplier 027,South Korea,APAC,PLT-06,Sao Paulo Ops,Brazil,LATAM,Government,France,FedEx,1,1,1,0,0,100.0,0.0,0.0,LOGISTICS
2026-01-01,SUP-027,Supplier 027,South Korea,APAC,PLT-01,Munich Center,Germany,EMEA,SMB,Singapore,FedEx,1,1,0,0,0,0.0,0.0,0.0,LOGISTICS
2026-01-01,SUP-027,Supplier 027,South Korea,APAC,PLT-06,Sao Paulo Ops,Brazil,LATAM,SMB,Canada,DB Schenker,1,1,0,0,0,0.0,0.0,0.0,LOGISTICS
2026-01-01,SUP-028,Supplier 028,Taiwan,APAC,PLT-08,Taipei Micro,Taiwan,APAC,Government,USA,UPS,1,1,0,0,0,0.0,0.0,0.0,LOGISTICS
2026-01-01,SUP-028,Supplier 028,Taiwan,APAC,PLT-08,Taipei Micro,Taiwan,APAC,Enterprise,USA,Kuehne+Nagel,1,1,0,0,0,0.0,0.0,0.0,LOGISTICS
2026-01-01,SUP-028,Supplier 028,Taiwan,APAC,PLT-01,Munich Center,Germany,EMEA,Enterprise,Japan,DB Schenker,1,1,0,0,0,0.0,0.0,0.0,LOGISTICS
2026-01-01,SUP-028,Supplier 028,Taiwan,APAC,PLT-06,Sao Paulo Ops,Brazil,LATAM,Enterprise,USA,UPS,1,1,1,0,0,100.0,0.0,0.0,LOGISTICS
2026-01-01,SUP-028,Supplier 028,Taiwan,APAC,PLT-06,Sao Paulo Ops,Brazil,LATAM,SMB,USA,FedEx,1,1,1,1,1,100.0,100.0,100.0,LOGISTICS
2026-01-01,SUP-028,Supplier 028,Taiwan,APAC,PLT-08,Taipei Micro,Taiwan,APAC,Enterprise,Japan,DB Schenker,1,1,1,1,1,100.0,100.0,100.0,LOGISTICS
2026-01-01,SUP-028,Supplier 028,Taiwan,APAC,PLT-08,Taipei Micro,Taiwan,APAC,Enterprise,USA,DHL,1,1,0,0,0,0.0,0.0,0.0,LOGISTICS
2026-01-01,SUP-029,Supplier 029,Vietnam,APAC,PLT-00,Shanghai Hub,China,APAC,SMB,Germany,DB Schenker,1,1,0,1,0,0.0,100.0,0.0,LOGISTICS
2026-01-01,SUP-029,Supplier 029,Vietnam,APAC,PLT-08,Taipei Micro,Taiwan,APAC,Enterprise,France,UPS,1,1,0,1,0,0.0,100.0,0.0,LOGISTICS
2026-01-01,SUP-029,Supplier 029,Vietnam,APAC,PLT-08,Taipei Micro,Taiwan,APAC,Enterprise,France,DHL,1,1,0,0,0,0.0,0.0,0.0,LOGISTICS
2026-01-01,SUP-030,Supplier 030,China,APAC,PLT-07,Seoul Tech,South Korea,APAC,Enterprise,France,UPS,1,1,0,1,0,0.0,100.0,0.0,LOGISTICS
2026-01-01,SUP-030,Supplier 030,China,APAC,PLT-09,Hanoi Assembly,Vietnam,APAC,Enterprise,Japan,UPS,1,1,0,0,0,0.0,0.0,0.0,LOGISTICS
2026-01-01,SUP-030,Supplier 030,China,APAC,PLT-01,Munich Center,Germany,EMEA,Enterprise,Singapore,DB Schenker,1,1,1,1,1,100.0,100.0,100.0,LOGISTICS
2026-01-01,SUP-030,Supplier 030,China,APAC,PLT-08,Taipei Micro,Taiwan,APAC,Enterprise,USA,DB Schenker,1,2,1,1,1,50.0,50.0,50.0,LOGISTICS
2026-01-01,SUP-030,Supplier 030,China,APAC,PLT-05,Monterrey Plant,Mexico,LATAM,Government,USA,DHL,1,1,0,1,0,0.0,100.0,0.0,LOGISTICS
2026-01-01,SUP-030,Supplier 030,China,APAC,PLT-02,Detroit Works,USA,NA,SMB,France,DB Schenker,1,1,1,0,0,100.0,0.0,0.0,LOGISTICS
2026-01-01,SUP-030,Supplier 030,China,APAC,PLT-01,Munich Center,Germany,EMEA,SMB,Australia,DHL,1,1,0,0,0,0.0,0.0,0.0,LOGISTICS
2026-01-01,SUP-030,Supplier 030,China,APAC,PLT-02,Detroit Works,USA,NA,Government,USA,FedEx,1,1,1,1,1,100.0,100.0,100.0,LOGISTICS
2026-01-01,SUP-030,Supplier 030,China,APAC,PLT-08,Taipei Micro,Taiwan,APAC,SMB,Australia,Maersk,1,1,1,1,1,100.0,100.0,100.0,LOGISTICS
2026-01-01,SUP-031,Supplier 031,Germany,EMEA,PLT-08,Taipei Micro,Taiwan,APAC,Government,Singapore,Maersk,1,1,1,0,0,100.0,0.0,0.0,LOGISTICS
2026-01-01,SUP-031,Supplier 031,Germany,EMEA,PLT-08,Taipei Micro,Taiwan,APAC,Government,Singapore,UPS,1,1,0,1,0,0.0,100.0,0.0,LOGISTICS
2026-01-01,SUP-031,Supplier 031,Germany,EMEA,PLT-06,Sao Paulo Ops,Brazil,LATAM,SMB,France,FedEx,1,2,1,0,0,50.0,0.0,0.0,LOGISTICS
2026-01-01,SUP-031,Supplier 031,Germany,EMEA,PLT-05,Monterrey Plant,Mexico,LATAM,Enterprise,Canada,DHL,1,1,0,1,0,0.0,100.0,0.0,LOGISTICS
2026-01-01,SUP-031,Supplier 031,Germany,EMEA,PLT-09,Hanoi Assembly,Vietnam,APAC,Enterprise,Singapore,DHL,1,1,1,0,0,100.0,0.0,0.0,LOGISTICS
2026-01-01,SUP-032,Supplier 032,USA,NA,PLT-08,Taipei Micro,Taiwan,APAC,Enterprise,France,Kuehne+Nagel,1,1,0,0,0,0.0,0.0,0.0,LOGISTICS
2026-01-01,SUP-032,Supplier 032,USA,NA,PLT-04,Chennai Forge,India,APAC,SMB,France,FedEx,1,1,1,0,0,100.0,0.0,0.0,LOGISTICS
2026-01-01,SUP-032,Supplier 032,USA,NA,PLT-03,Tokyo Precision,Japan,APAC,Enterprise,Singapore,DB Schenker,1,1,1,1,1,100.0,100.0,100.0,LOGISTICS
2026-01-01,SUP-032,Supplier 032,USA,NA,PLT-09,Hanoi Assembly,Vietnam,APAC,Enterprise,Japan,DHL,1,1,0,1,0,0.0,100.0,0.0,LOGISTICS
2026-01-01,SUP-032,Supplier 032,USA,NA,PLT-06,Sao Paulo Ops,Brazil,LATAM,Enterprise,Germany,UPS,1,1,1,1,1,100.0,100.0,100.0,LOGISTICS
2026-01-01,SUP-032,Supplier 032,USA,NA,PLT-02,Detroit Works,USA,NA,SMB,UK,UPS,1,1,0,0,0,0.0,0.0,0.0,LOGISTICS
2026-01-01,SUP-033,Supplier 033,Japan,APAC,PLT-05,Monterrey Plant,Mexico,LATAM,SMB,Japan,FedEx,1,1,1,0,0,100.0,0.0,0.0,LOGISTICS
2026-01-01,SUP-033,Supplier 033,Japan,APAC,PLT-00,Shanghai Hub,China,APAC,Enterprise,USA,Kuehne+Nagel,1,1,1,1,1,100.0,100.0,100.0,LOGISTICS
2026-01-01,SUP-033,Supplier 033,Japan,APAC,PLT-05,Monterrey Plant,Mexico,LATAM,SMB,Japan,Kuehne+Nagel,1,1,1,0,0,100.0,0.0,0.0,LOGISTICS
2026-01-01,SUP-033,Supplier 033,Japan,APAC,PLT-05,Monterrey Plant,Mexico,LATAM,SMB,Australia,Kuehne+Nagel,1,1,0,1,0,0.0,100.0,0.0,LOGISTICS
2026-01-01,SUP-033,Supplier 033,Japan,APAC,PLT-02,Detroit Works,USA,NA,Government,Australia,Maersk,1,1,0,0,0,0.0,0.0,0.0,LOGISTICS
2026-01-01,SUP-033,Supplier 033,Japan,APAC,PLT-02,Detroit Works,USA,NA,Enterprise,USA,Maersk,1,1,0,1,0,0.0,100.0,0.0,LOGISTICS
2026-01-01,SUP-033,Supplier 033,Japan,APAC,PLT-01,Munich Center,Germany,EMEA,Government,Australia,DB Schenker,1,1,0,0,0,0.0,0.0,0.0,LOGISTICS
2026-01-01,SUP-033,Supplier 033,Japan,APAC,PLT-03,Tokyo Precision,Japan,APAC,SMB,Germany,Maersk,1,1,0,1,0,0.0,100.0,0.0,LOGISTICS
2026-01-01,SUP-034,Supplier 034,India,APAC,PLT-02,Detroit Works,USA,NA,Government,Germany,Maersk,1,1,1,0,0,100.0,0.0,0.0,LOGISTICS
2026-01-01,SUP-034,Supplier 034,India,APAC,PLT-02,Detroit Works,USA,NA,SMB,Germany,Maersk,1,1,1,1,1,100.0,100.0,100.0,LOGISTICS
2026-01-01,SUP-034,Supplier 034,India,APAC,PLT-02,Detroit Works,USA,NA,Government,Germany,FedEx,1,1,0,1,0,0.0,100.0,0.0,LOGISTICS
2026-01-01,SUP-034,Supplier 034,India,APAC,PLT-06,Sao Paulo Ops,Brazil,LATAM,SMB,Singapore,Maersk,1,1,1,0,0,100.0,0.0,0.0,LOGISTICS
2026-01-01,SUP-034,Supplier 034,India,APAC,PLT-00,Shanghai Hub,China,APAC,Enterprise,USA,Kuehne+Nagel,1,1,1,0,0,100.0,0.0,0.0,LOGISTICS
2026-01-01,SUP-035,Supplier 035,Mexico,LATAM,PLT-08,Taipei Micro,Taiwan,APAC,Government,USA,Kuehne+Nagel,1,1,0,1,0,0.0,100.0,0.0,LOGISTICS
2026-01-01,SUP-035,Supplier 035,Mexico,LATAM,PLT-04,Chennai Forge,India,APAC,Enterprise,Canada,DHL,1,1,1,1,1,100.0,100.0,100.0,LOGISTICS
2026-01-01,SUP-035,Supplier 035,Mexico,LATAM,PLT-02,Detroit Works,USA,NA,Enterprise,Japan,FedEx,1,1,0,1,0,0.0,100.0,0.0,LOGISTICS
2026-01-01,SUP-035,Supplier 035,Mexico,LATAM,PLT-07,Seoul Tech,South Korea,APAC,SMB,Australia,Kuehne+Nagel,1,1,1,0,0,100.0,0.0,0.0,LOGISTICS
2026-01-01,SUP-036,Supplier 036,Brazil,LATAM,PLT-06,Sao Paulo Ops,Brazil,LATAM,SMB,Canada,Kuehne+Nagel,1,1,1,1,1,100.0,100.0,100.0,LOGISTICS
2026-01-01,SUP-037,Supplier 037,South Korea,APAC,PLT-00,Shanghai Hub,China,APAC,SMB,UK,DHL,1,1,0,1,0,0.0,100.0,0.0,LOGISTICS
2026-01-01,SUP-037,Supplier 037,South Korea,APAC,PLT-04,Chennai Forge,India,APAC,Enterprise,Germany,UPS,1,1,1,1,1,100.0,100.0,100.0,LOGISTICS
2026-01-01,SUP-037,Supplier 037,South Korea,APAC,PLT-07,Seoul Tech,South Korea,APAC,Government,Germany,Kuehne+Nagel,1,1,1,1,1,100.0,100.0,100.0,LOGISTICS
2026-01-01,SUP-037,Supplier 037,South Korea,APAC,PLT-00,Shanghai Hub,China,APAC,SMB,France,FedEx,1,1,0,0,0,0.0,0.0,0.0,LOGISTICS
2026-01-01,SUP-037,Supplier 037,South Korea,APAC,PLT-06,Sao Paulo Ops,Brazil,LATAM,SMB,Singapore,DB Schenker,1,1,1,0,0,100.0,0.0,0.0,LOGISTICS
2026-01-01,SUP-038,Supplier 038,Taiwan,APAC,PLT-01,Munich Center,Germany,EMEA,Enterprise,France,Kuehne+Nagel,1,1,0,1,0,0.0,100.0,0.0,LOGISTICS
2026-01-01,SUP-038,Supplier 038,Taiwan,APAC,PLT-09,Hanoi Assembly,Vietnam,APAC,SMB,France,UPS,1,1,1,0,0,100.0,0.0,0.0,LOGISTICS
2026-01-01,SUP-038,Supplier 038,Taiwan,APAC,PLT-03,Tokyo Precision,Japan,APAC,Enterprise,Singapore,DHL,1,1,0,1,0,0.0,100.0,0.0,LOGISTICS
2026-01-01,SUP-038,Supplier 038,Taiwan,APAC,PLT-01,Munich Center,Germany,EMEA,Enterprise,Canada,Maersk,1,1,1,0,0,100.0,0.0,0.0,LOGISTICS
2026-01-01,SUP-038,Supplier 038,Taiwan,APAC,PLT-01,Munich Center,Germany,EMEA,Enterprise,Canada,UPS,1,1,0,0,0,0.0,0.0,0.0,LOGISTICS
2026-01-01,SUP-038,Supplier 038,Taiwan,APAC,PLT-04,Chennai Forge,India,APAC,SMB,Japan,UPS,1,1,1,1,1,100.0,100.0,100.0,LOGISTICS
2026-01-01,SUP-038,Supplier 038,Taiwan,APAC,PLT-09,Hanoi Assembly,Vietnam,APAC,SMB,Australia,UPS,1,1,0,1,0,0.0,100.0,0.0,LOGISTICS
2026-01-01,SUP-038,Supplier 038,Taiwan,APAC,PLT-09,Hanoi Assembly,Vietnam,APAC,SMB,Australia,Kuehne+Nagel,1,1,0,0,0,0.0,0.0,0.0,LOGISTICS
2026-01-01,SUP-038,Supplier 038,Taiwan,APAC,PLT-00,Shanghai Hub,China,APAC,Enterprise,Australia,Kuehne+Nagel,1,1,1,1,1,100.0,100.0,100.0,LOGISTICS
2026-01-01,SUP-039,Supplier 039,Vietnam,APAC,PLT-02,Detroit Works,USA,NA,SMB,Singapore,Maersk,1,1,1,1,1,100.0,100.0,100.0,LOGISTICS
2026-01-01,SUP-039,Supplier 039,Vietnam,APAC,PLT-05,Monterrey Plant,Mexico,LATAM,Enterprise,Australia,UPS,1,1,0,1,0,0.0,100.0,0.0,LOGISTICS
2026-01-01,SUP-039,Supplier 039,Vietnam,APAC,PLT-07,Seoul Tech,South Korea,APAC,SMB,Australia,Kuehne+Nagel,1,1,0,1,0,0.0,100.0,0.0,LOGISTICS
2026-01-01,SUP-039,Supplier 039,Vietnam,APAC,PLT-06,Sao Paulo Ops,Brazil,LATAM,Government,Australia,DB Schenker,1,1,0,1,0,0.0,100.0,0.0,LOGISTICS
2026-01-01,SUP-039,Supplier 039,Vietnam,APAC,PLT-04,Chennai Forge,India,APAC,SMB,France,DB Schenker,1,1,0,1,0,0.0,100.0,0.0,LOGISTICS
2026-01-01,SUP-039,Supplier 039,Vietnam,APAC,PLT-04,Chennai Forge,India,APAC,Enterprise,UK,Maersk,1,1,0,1,0,0.0,100.0,0.0,LOGISTICS
2026-01-01,SUP-039,Supplier 039,Vietnam,APAC,PLT-04,Chennai Forge,India,APAC,SMB,France,FedEx,1,1,0,0,0,0.0,0.0,0.0,LOGISTICS
2026-01-01,SUP-040,Supplier 040,China,APAC,PLT-07,Seoul Tech,South Korea,APAC,Government,Germany,Kuehne+Nagel,1,1,1,1,1,100.0,100.0,100.0,LOGISTICS
2026-01-01,SUP-040,Supplier 040,China,APAC,PLT-04,Chennai Forge,India,APAC,Government,France,Kuehne+Nagel,1,1,0,0,0,0.0,0.0,0.0,LOGISTICS
2026-01-01,SUP-040,Supplier 040,China,APAC,PLT-00,Shanghai Hub,China,APAC,Enterprise,Japan,FedEx,1,1,0,1,0,0.0,100.0,0.0,LOGISTICS
2026-01-01,SUP-040,Supplier 040,China,APAC,PLT-03,Tokyo Precision,Japan,APAC,Government,UK,FedEx,1,1,1,1,1,100.0,100.0,100.0,LOGISTICS
2026-01-01,SUP-040,Supplier 040,China,APAC,PLT-03,Tokyo Precision,Japan,APAC,Government,UK,Kuehne+Nagel,1,1,1,0,0,100.0,0.0,0.0,LOGISTICS
2026-01-01,SUP-041,Supplier 041,Germany,EMEA,PLT-05,Monterrey Plant,Mexico,LATAM,SMB,Canada,FedEx,1,1,0,1,0,0.0,100.0,0.0,LOGISTICS
2026-01-01,SUP-041,Supplier 041,Germany,EMEA,PLT-08,Taipei Micro,Taiwan,APAC,SMB,UK,DB Schenker,1,1,1,0,0,100.0,0.0,0.0,LOGISTICS
2026-01-01,SUP-041,Supplier 041,Germany,EMEA,PLT-00,Shanghai Hub,China,APAC,SMB,France,UPS,1,1,1,0,0,100.0,0.0,0.0,LOGISTICS
2026-01-01,SUP-041,Supplier 041,Germany,EMEA,PLT-00,Shanghai Hub,China,APAC,SMB,France,Kuehne+Nagel,1,1,1,0,0,100.0,0.0,0.0,LOGISTICS
2026-01-01,SUP-041,Supplier 041,Germany,EMEA,PLT-07,Seoul Tech,South Korea,APAC,SMB,UK,DHL,1,1,1,1,1,100.0,100.0,100.0,LOGISTICS
2026-01-01,SUP-042,Supplier 042,USA,NA,PLT-06,Sao Paulo Ops,Brazil,LATAM,Enterprise,France,DB Schenker,1,1,0,0,0,0.0,0.0,0.0,LOGISTICS
2026-01-01,SUP-042,Supplier 042,USA,NA,PLT-05,Monterrey Plant,Mexico,LATAM,Enterprise,Canada,DHL,1,1,1,1,1,100.0,100.0,100.0,LOGISTICS
2026-01-01,SUP-042,Supplier 042,USA,NA,PLT-01,Munich Center,Germany,EMEA,SMB,Australia,UPS,1,1,1,1,1,100.0,100.0,100.0,LOGISTICS
2026-01-01,SUP-042,Supplier 042,USA,NA,PLT-09,Hanoi Assembly,Vietnam,APAC,Enterprise,Australia,DHL,1,1,0,1,0,0.0,100.0,0.0,LOGISTICS
2026-01-01,SUP-042,Supplier 042,USA,NA,PLT-06,Sao Paulo Ops,Brazil,LATAM,SMB,Canada,Maersk,1,1,0,1,0,0.0,100.0,0.0,LOGISTICS
2026-01-01,SUP-043,Supplier 043,Japan,APAC,PLT-07,Seoul Tech,South Korea,APAC,Enterprise,Canada,FedEx,1,1,0,1,0,0.0,100.0,0.0,LOGISTICS
2026-01-01,SUP-043,Supplier 043,Japan,APAC,PLT-01,Munich Center,Germany,EMEA,Government,Australia,Maersk,1,1,1,0,0,100.0,0.0,0.0,LOGISTICS
2026-01-01,SUP-043,Supplier 043,Japan,APAC,PLT-08,Taipei Micro,Taiwan,APAC,Government,USA,FedEx,1,1,1,0,0,100.0,0.0,0.0,LOGISTICS
2026-01-01,SUP-043,Supplier 043,Japan,APAC,PLT-03,Tokyo Precision,Japan,APAC,SMB,Singapore,FedEx,1,1,0,1,0,0.0,100.0,0.0,LOGISTICS
2026-01-01,SUP-043,Supplier 043,Japan,APAC,PLT-07,Seoul Tech,South Korea,APAC,Enterprise,Canada,Maersk,1,1,0,0,0,0.0,0.0,0.0,LOGISTICS
2026-01-01,SUP-044,Supplier 044,India,APAC,PLT-04,Chennai Forge,India,APAC,SMB,USA,Kuehne+Nagel,1,1,0,0,0,0.0,0.0,0.0,LOGISTICS
2026-01-01,SUP-044,Supplier 044,India,APAC,PLT-05,Monterrey Plant,Mexico,LATAM,SMB,UK,Maersk,1,1,1,1,1,100.0,100.0,100.0,LOGISTICS
2026-01-01,SUP-044,Supplier 044,India,APAC,PLT-08,Taipei Micro,Taiwan,APAC,Enterprise,Japan,Kuehne+Nagel,1,1,0,1,0,0.0,100.0,0.0,LOGISTICS
2026-01-01,SUP-044,Supplier 044,India,APAC,PLT-01,Munich Center,Germany,EMEA,Enterprise,Australia,FedEx,1,1,0,1,0,0.0,100.0,0.0,LOGISTICS
2026-01-01,SUP-044,Supplier 044,India,APAC,PLT-06,Sao Paulo Ops,Brazil,LATAM,SMB,Japan,FedEx,1,1,1,1,1,100.0,100.0,100.0,LOGISTICS
2026-01-01,SUP-044,Supplier 044,India,APAC,PLT-05,Monterrey Plant,Mexico,LATAM,SMB,UK,DHL,1,1,0,0,0,0.0,0.0,0.0,LOGISTICS
2026-01-01,SUP-044,Supplier 044,India,APAC,PLT-06,Sao Paulo Ops,Brazil,LATAM,Enterprise,Canada,FedEx,1,1,1,1,1,100.0,100.0,100.0,LOGISTICS
2026-01-01,SUP-044,Supplier 044,India,APAC,PLT-05,Monterrey Plant,Mexico,LATAM,SMB,Canada,UPS,1,1,1,0,0,100.0,0.0,0.0,LOGISTICS
2026-01-01,SUP-045,Supplier 045,Mexico,LATAM,PLT-07,Seoul Tech,South Korea,APAC,SMB,Singapore,FedEx,1,1,0,1,0,0.0,100.0,0.0,LOGISTICS
2026-01-01,SUP-045,Supplier 045,Mexico,LATAM,PLT-07,Seoul Tech,South Korea,APAC,SMB,UK,UPS,1,1,0,1,0,0.0,100.0,0.0,LOGISTICS
2026-01-01,SUP-045,Supplier 045,Mexico,LATAM,PLT-07,Seoul Tech,South Korea,APAC,SMB,Australia,Kuehne+Nagel,1,1,0,1,0,0.0,100.0,0.0,LOGISTICS
2026-01-01,SUP-045,Supplier 045,Mexico,LATAM,PLT-08,Taipei Micro,Taiwan,APAC,Government,UK,DB Schenker,1,1,1,1,1,100.0,100.0,100.0,LOGISTICS
2026-01-01,SUP-045,Supplier 045,Mexico,LATAM,PLT-08,Taipei Micro,Taiwan,APAC,SMB,Australia,Maersk,1,1,0,0,0,0.0,0.0,0.0,LOGISTICS
2026-01-01,SUP-045,Supplier 045,Mexico,LATAM,PLT-01,Munich Center,Germany,EMEA,SMB,France,FedEx,1,1,0,1,0,0.0,100.0,0.0,LOGISTICS
2026-01-01,SUP-045,Supplier 045,Mexico,LATAM,PLT-00,Shanghai Hub,China,APAC,SMB,Singapore,DHL,1,1,0,1,0,0.0,100.0,0.0,LOGISTICS
2026-01-01,SUP-046,Supplier 046,Brazil,LATAM,PLT-03,Tokyo Precision,Japan,APAC,SMB,France,UPS,1,1,1,1,1,100.0,100.0,100.0,LOGISTICS
2026-01-01,SUP-046,Supplier 046,Brazil,LATAM,PLT-07,Seoul Tech,South Korea,APAC,Enterprise,USA,FedEx,1,1,0,1,0,0.0,100.0,0.0,LOGISTICS
2026-01-01,SUP-046,Supplier 046,Brazil,LATAM,PLT-02,Detroit Works,USA,NA,SMB,Australia,DHL,1,1,0,1,0,0.0,100.0,0.0,LOGISTICS
2026-01-01,SUP-046,Supplier 046,Brazil,LATAM,PLT-05,Monterrey Plant,Mexico,LATAM,Government,Australia,DHL,1,1,1,1,1,100.0,100.0,100.0,LOGISTICS
2026-01-01,SUP-046,Supplier 046,Brazil,LATAM,PLT-07,Seoul Tech,South Korea,APAC,SMB,UK,DB Schenker,1,1,0,1,0,0.0,100.0,0.0,LOGISTICS
2026-01-01,SUP-046,Supplier 046,Brazil,LATAM,PLT-03,Tokyo Precision,Japan,APAC,Government,Germany,DB Schenker,1,1,0,1,0,0.0,100.0,0.0,LOGISTICS
2026-01-01,SUP-046,Supplier 046,Brazil,LATAM,PLT-04,Chennai Forge,India,APAC,SMB,Australia,Kuehne+Nagel,1,1,0,1,0,0.0,100.0,0.0,LOGISTICS
2026-01-01,SUP-046,Supplier 046,Brazil,LATAM,PLT-04,Chennai Forge,India,APAC,SMB,Australia,FedEx,1,1,1,0,0,100.0,0.0,0.0,LOGISTICS
2026-01-01,SUP-046,Supplier 046,Brazil,LATAM,PLT-05,Monterrey Plant,Mexico,LATAM,SMB,Singapore,DHL,1,1,0,1,0,0.0,100.0,0.0,LOGISTICS
2026-01-01,SUP-046,Supplier 046,Brazil,LATAM,PLT-07,Seoul Tech,South Korea,APAC,Enterprise,USA,DHL,1,1,1,0,0,100.0,0.0,0.0,LOGISTICS
2026-01-01,SUP-047,Supplier 047,South Korea,APAC,PLT-03,Tokyo Precision,Japan,APAC,Government,France,Kuehne+Nagel,1,1,0,1,0,0.0,100.0,0.0,LOGISTICS
2026-01-01,SUP-047,Supplier 047,South Korea,APAC,PLT-03,Tokyo Precision,Japan,APAC,Government,Australia,Kuehne+Nagel,1,1,0,1,0,0.0,100.0,0.0,LOGISTICS
2026-01-01,SUP-047,Supplier 047,South Korea,APAC,PLT-04,Chennai Forge,India,APAC,Government,Singapore,UPS,1,2,1,1,1,50.0,50.0,50.0,LOGISTICS
2026-01-01,SUP-047,Supplier 047,South Korea,APAC,PLT-03,Tokyo Precision,Japan,APAC,Government,France,DHL,1,1,1,0,0,100.0,0.0,0.0,LOGISTICS
2026-01-01,SUP-047,Supplier 047,South Korea,APAC,PLT-03,Tokyo Precision,Japan,APAC,SMB,Germany,DB Schenker,1,1,1,1,1,100.0,100.0,100.0,LOGISTICS
2026-01-01,SUP-047,Supplier 047,South Korea,APAC,PLT-03,Tokyo Precision,Japan,APAC,Government,Australia,DB Schenker,1,1,0,0,0,0.0,0.0,0.0,LOGISTICS
2026-01-01,SUP-047,Supplier 047,South Korea,APAC,PLT-04,Chennai Forge,India,APAC,SMB,USA,FedEx,1,1,0,1,0,0.0,100.0,0.0,LOGISTICS
2026-01-01,SUP-047,Supplier 047,South Korea,APAC,PLT-04,Chennai Forge,India,APAC,SMB,UK,Kuehne+Nagel,1,1,0,1,0,0.0,100.0,0.0,LOGISTICS
2026-01-01,SUP-047,Supplier 047,South Korea,APAC,PLT-08,Taipei Micro,Taiwan,APAC,Government,Germany,Maersk,1,1,1,0,0,100.0,0.0,0.0,LOGISTICS
2026-01-01,SUP-047,Supplier 047,South Korea,APAC,PLT-06,Sao Paulo Ops,Brazil,LATAM,Government,Australia,DHL,1,1,1,1,1,100.0,100.0,100.0,LOGISTICS
2026-01-01,SUP-048,Supplier 048,Taiwan,APAC,PLT-02,Detroit Works,USA,NA,Government,Germany,Kuehne+Nagel,1,1,1,0,0,100.0,0.0,0.0,LOGISTICS
2026-01-01,SUP-048,Supplier 048,Taiwan,APAC,PLT-07,Seoul Tech,South Korea,APAC,SMB,Canada,DHL,1,1,1,0,0,100.0,0.0,0.0,LOGISTICS
2026-01-01,SUP-048,Supplier 048,Taiwan,APAC,PLT-04,Chennai Forge,India,APAC,SMB,Singapore,Maersk,1,1,0,1,0,0.0,100.0,0.0,LOGISTICS
2026-01-01,SUP-049,Supplier 049,Vietnam,APAC,PLT-08,Taipei Micro,Taiwan,APAC,SMB,USA,FedEx,1,1,1,1,1,100.0,100.0,100.0,LOGISTICS
2026-01-01,SUP-049,Supplier 049,Vietnam,APAC,PLT-08,Taipei Micro,Taiwan,APAC,SMB,USA,DHL,1,1,0,0,0,0.0,0.0,0.0,LOGISTICS
2026-01-01,SUP-049,Supplier 049,Vietnam,APAC,PLT-03,Tokyo Precision,Japan,APAC,Enterprise,Japan,DB Schenker,1,1,0,1,0,0.0,100.0,0.0,LOGISTICS
2026-01-01,SUP-049,Supplier 049,Vietnam,APAC,PLT-00,Shanghai Hub,China,APAC,Enterprise,USA,DHL,1,1,0,0,0,0.0,0.0,0.0,LOGISTICS
2026-01-01,SUP-049,Supplier 049,Vietnam,APAC,PLT-09,Hanoi Assembly,Vietnam,APAC,SMB,Germany,DHL,1,1,0,0,0,0.0,0.0,0.0,LOGISTICS
2026-01-01,SUP-049,Supplier 049,Vietnam,APAC,PLT-00,Shanghai Hub,China,APAC,SMB,Singapore,DB Schenker,1,1,1,1,1,100.0,100.0,100.0,LOGISTICS
2026-01-01,SUP-049,Supplier 049,Vietnam,APAC,PLT-01,Munich Center,Germany,EMEA,Enterprise,USA,Maersk,1,1,0,0,0,0.0,0.0,0.0,LOGISTICS
2026-01-01,SUP-049,Supplier 049,Vietnam,APAC,PLT-05,Monterrey Plant,Mexico,LATAM,Government,Canada,Kuehne+Nagel,1,1,0,1,0,0.0,100.0,0.0,LOGISTICS
2026-01-01,SUP-049,Supplier 049,Vietnam,APAC,PLT-01,Munich Center,Germany,EMEA,Enterprise,USA,FedEx,1,1,0,0,0,0.0,0.0,0.0,LOGISTICS
2026-01-01,SUP-049,Supplier 049,Vietnam,APAC,PLT-00,Shanghai Hub,China,APAC,Enterprise,USA,DB Schenker,1,1,1,1,1,100.0,100.0,100.0,LOGISTICS
2026-01-01,SUP-049,Supplier 049,Vietnam,APAC,PLT-03,Tokyo Precision,Japan,APAC,Enterprise,Japan,Maersk,1,1,1,0,0,100.0,0.0,0.0,LOGISTICS
2026-02-01,SUP-000,Supplier 000,China,APAC,PLT-08,Taipei Micro,Taiwan,APAC,Government,Germany,Kuehne+Nagel,1,1,0,0,0,0.0,0.0,0.0,LOGISTICS
2026-02-01,SUP-000,Supplier 000,China,APAC,PLT-06,Sao Paulo Ops,Brazil,LATAM,SMB,Singapore,DB Schenker,1,1,1,1,1,100.0,100.0,100.0,LOGISTICS
2026-02-01,SUP-000,Supplier 000,China,APAC,PLT-01,Munich Center,Germany,EMEA,Government,Canada,FedEx,1,1,1,0,0,100.0,0.0,0.0,LOGISTICS
2026-02-01,SUP-000,Supplier 000,China,APAC,PLT-09,Hanoi Assembly,Vietnam,APAC,Government,Germany,Kuehne+Nagel,1,1,0,0,0,0.0,0.0,0.0,LOGISTICS
2026-02-01,SUP-000,Supplier 000,China,APAC,PLT-04,Chennai Forge,India,APAC,Enterprise,USA,DB Schenker,1,1,0,1,0,0.0,100.0,0.0,LOGISTICS
2026-02-01,SUP-000,Supplier 000,China,APAC,PLT-03,Tokyo Precision,Japan,APAC,Government,USA,DB Schenker,1,1,0,1,0,0.0,100.0,0.0,LOGISTICS
2026-02-01,SUP-000,Supplier 000,China,APAC,PLT-06,Sao Paulo Ops,Brazil,LATAM,Enterprise,France,DHL,1,1,0,1,0,0.0,100.0,0.0,LOGISTICS
2026-02-01,SUP-000,Supplier 000,China,APAC,PLT-07,Seoul Tech,South Korea,APAC,SMB,USA,Kuehne+Nagel,1,1,0,1,0,0.0,100.0,0.0,LOGISTICS
2026-02-01,SUP-000,Supplier 000,China,APAC,PLT-05,Monterrey Plant,Mexico,LATAM,SMB,UK,DB Schenker,1,1,0,1,0,0.0,100.0,0.0,LOGISTICS
2026-02-01,SUP-001,Supplier 001,Germany,EMEA,PLT-02,Detroit Works,USA,NA,Government,Germany,UPS,1,1,1,1,1,100.0,100.0,100.0,LOGISTICS
2026-02-01,SUP-001,Supplier 001,Germany,EMEA,PLT-05,Monterrey Plant,Mexico,LATAM,Enterprise,Japan,UPS,1,1,1,0,0,100.0,0.0,0.0,LOGISTICS
2026-02-01,SUP-001,Supplier 001,Germany,EMEA,PLT-02,Detroit Works,USA,NA,Enterprise,Canada,Kuehne+Nagel,1,1,0,1,0,0.0,100.0,0.0,LOGISTICS
2026-02-01,SUP-001,Supplier 001,Germany,EMEA,PLT-08,Taipei Micro,Taiwan,APAC,SMB,Australia,DB Schenker,1,1,1,1,1,100.0,100.0,100.0,LOGISTICS
2026-02-01,SUP-001,Supplier 001,Germany,EMEA,PLT-07,Seoul Tech,South Korea,APAC,Government,USA,Kuehne+Nagel,1,1,0,1,0,0.0,100.0,0.0,LOGISTICS
2026-02-01,SUP-001,Supplier 001,Germany,EMEA,PLT-03,Tokyo Precision,Japan,APAC,Enterprise,Germany,DB Schenker,1,1,1,0,0,100.0,0.0,0.0,LOGISTICS
2026-02-01,SUP-002,Supplier 002,USA,NA,PLT-07,Seoul Tech,South Korea,APAC,Enterprise,France,Kuehne+Nagel,1,1,0,1,0,0.0,100.0,0.0,LOGISTICS
2026-02-01,SUP-002,Supplier 002,USA,NA,PLT-06,Sao Paulo Ops,Brazil,LATAM,Government,USA,DHL,1,1,1,1,1,100.0,100.0,100.0,LOGISTICS
2026-02-01,SUP-002,Supplier 002,USA,NA,PLT-03,Tokyo Precision,Japan,APAC,SMB,Japan,FedEx,1,1,1,0,0,100.0,0.0,0.0,LOGISTICS
2026-02-01,SUP-002,Supplier 002,USA,NA,PLT-07,Seoul Tech,South Korea,APAC,Enterprise,France,DHL,1,1,0,0,0,0.0,0.0,0.0,LOGISTICS
2026-02-01,SUP-003,Supplier 003,Japan,APAC,PLT-02,Detroit Works,USA,NA,Enterprise,Australia,Maersk,1,1,0,1,0,0.0,100.0,0.0,LOGISTICS
2026-02-01,SUP-003,Supplier 003,Japan,APAC,PLT-07,Seoul Tech,South Korea,APAC,Enterprise,Japan,Kuehne+Nagel,1,1,0,0,0,0.0,0.0,0.0,LOGISTICS
2026-02-01,SUP-003,Supplier 003,Japan,APAC,PLT-04,Chennai Forge,India,APAC,Enterprise,UK,Maersk,1,1,1,0,0,100.0,0.0,0.0,LOGISTICS
2026-02-01,SUP-003,Supplier 003,Japan,APAC,PLT-07,Seoul Tech,South Korea,APAC,Enterprise,Japan,DB Schenker,1,1,0,0,0,0.0,0.0,0.0,LOGISTICS
2026-02-01,SUP-003,Supplier 003,Japan,APAC,PLT-05,Monterrey Plant,Mexico,LATAM,Government,UK,Maersk,1,1,0,1,0,0.0,100.0,0.0,LOGISTICS
2026-02-01,SUP-004,Supplier 004,India,APAC,PLT-02,Detroit Works,USA,NA,Enterprise,USA,Kuehne+Nagel,1,1,0,0,0,0.0,0.0,0.0,LOGISTICS
2026-02-01,SUP-004,Supplier 004,India,APAC,PLT-07,Seoul Tech,South Korea,APAC,SMB,Germany,FedEx,1,1,1,1,1,100.0,100.0,100.0,LOGISTICS
2026-02-01,SUP-004,Supplier 004,India,APAC,PLT-00,Shanghai Hub,China,APAC,Government,Germany,UPS,1,1,1,1,1,100.0,100.0,100.0,LOGISTICS
2026-02-01,SUP-004,Supplier 004,India,APAC,PLT-08,Taipei Micro,Taiwan,APAC,Enterprise,Australia,FedEx,1,1,0,1,0,0.0,100.0,0.0,LOGISTICS
2026-02-01,SUP-004,Supplier 004,India,APAC,PLT-01,Munich Center,Germany,EMEA,Enterprise,Australia,DHL,1,1,1,0,0,100.0,0.0,0.0,LOGISTICS
2026-02-01,SUP-004,Supplier 004,India,APAC,PLT-02,Detroit Works,USA,NA,Government,USA,Kuehne+Nagel,1,1,0,1,0,0.0,100.0,0.0,LOGISTICS
2026-02-01,SUP-004,Supplier 004,India,APAC,PLT-03,Tokyo Precision,Japan,APAC,Enterprise,Germany,UPS,1,1,0,1,0,0.0,100.0,0.0,LOGISTICS
2026-02-01,SUP-004,Supplier 004,India,APAC,PLT-09,Hanoi Assembly,Vietnam,APAC,Enterprise,Japan,Kuehne+Nagel,1,1,1,1,1,100.0,100.0,100.0,LOGISTICS
2026-02-01,SUP-004,Supplier 004,India,APAC,PLT-07,Seoul Tech,South Korea,APAC,SMB,UK,DB Schenker,1,1,1,1,1,100.0,100.0,100.0,LOGISTICS
2026-02-01,SUP-004,Supplier 004,India,APAC,PLT-00,Shanghai Hub,China,APAC,Government,Germany,FedEx,1,1,0,0,0,0.0,0.0,0.0,LOGISTICS
2026-02-01,SUP-004,Supplier 004,India,APAC,PLT-08,Taipei Micro,Taiwan,APAC,SMB,France,Kuehne+Nagel,1,1,0,0,0,0.0,0.0,0.0,LOGISTICS
2026-02-01,SUP-004,Supplier 004,India,APAC,PLT-03,Tokyo Precision,Japan,APAC,Enterprise,Australia,UPS,1,1,0,0,0,0.0,0.0,0.0,LOGISTICS
2026-02-01,SUP-004,Supplier 004,India,APAC,PLT-09,Hanoi Assembly,Vietnam,APAC,SMB,Canada,Kuehne+Nagel,1,1,1,1,1,100.0,100.0,100.0,LOGISTICS
2026-02-01,SUP-004,Supplier 004,India,APAC,PLT-08,Taipei Micro,Taiwan,APAC,SMB,France,DHL,1,1,1,1,1,100.0,100.0,100.0,LOGISTICS
2026-02-01,SUP-005,Supplier 005,Mexico,LATAM,PLT-08,Taipei Micro,Taiwan,APAC,Enterprise,Canada,DB Schenker,1,1,0,0,0,0.0,0.0,0.0,LOGISTICS
2026-02-01,SUP-005,Supplier 005,Mexico,LATAM,PLT-08,Taipei Micro,Taiwan,APAC,SMB,UK,DHL,1,1,0,1,0,0.0,100.0,0.0,LOGISTICS
2026-02-01,SUP-005,Supplier 005,Mexico,LATAM,PLT-06,Sao Paulo Ops,Brazil,LATAM,SMB,Canada,Maersk,1,1,0,1,0,0.0,100.0,0.0,LOGISTICS
2026-02-01,SUP-005,Supplier 005,Mexico,LATAM,PLT-04,Chennai Forge,India,APAC,Enterprise,France,DB Schenker,1,1,1,1,1,100.0,100.0,100.0,LOGISTICS
2026-02-01,SUP-005,Supplier 005,Mexico,LATAM,PLT-08,Taipei Micro,Taiwan,APAC,SMB,USA,UPS,1,1,1,1,1,100.0,100.0,100.0,LOGISTICS
2026-02-01,SUP-005,Supplier 005,Mexico,LATAM,PLT-03,Tokyo Precision,Japan,APAC,SMB,Singapore,Kuehne+Nagel,1,1,1,1,1,100.0,100.0,100.0,LOGISTICS
2026-02-01,SUP-005,Supplier 005,Mexico,LATAM,PLT-02,Detroit Works,USA,NA,SMB,Germany,Maersk,1,1,0,1,0,0.0,100.0,0.0,LOGISTICS
2026-02-01,SUP-005,Supplier 005,Mexico,LATAM,PLT-01,Munich Center,Germany,EMEA,SMB,USA,DHL,1,2,0,1,0,0.0,50.0,0.0,LOGISTICS
2026-02-01,SUP-005,Supplier 005,Mexico,LATAM,PLT-06,Sao Paulo Ops,Brazil,LATAM,SMB,Singapore,FedEx,1,1,0,1,0,0.0,100.0,0.0,LOGISTICS
2026-02-01,SUP-005,Supplier 005,Mexico,LATAM,PLT-00,Shanghai Hub,China,APAC,Government,USA,UPS,1,1,0,1,0,0.0,100.0,0.0,LOGISTICS
2026-02-01,SUP-005,Supplier 005,Mexico,LATAM,PLT-01,Munich Center,Germany,EMEA,Enterprise,Germany,Maersk,1,1,0,1,0,0.0,100.0,0.0,LOGISTICS
2026-02-01,SUP-005,Supplier 005,Mexico,LATAM,PLT-08,Taipei Micro,Taiwan,APAC,Enterprise,Canada,FedEx,1,1,0,0,0,0.0,0.0,0.0,LOGISTICS
2026-02-01,SUP-006,Supplier 006,Brazil,LATAM,PLT-05,Monterrey Plant,Mexico,LATAM,Government,Australia,FedEx,1,1,1,0,0,100.0,0.0,0.0,LOGISTICS
2026-02-01,SUP-006,Supplier 006,Brazil,LATAM,PLT-07,Seoul Tech,South Korea,APAC,Government,Canada,FedEx,1,1,0,1,0,0.0,100.0,0.0,LOGISTICS
2026-02-01,SUP-006,Supplier 006,Brazil,LATAM,PLT-05,Monterrey Plant,Mexico,LATAM,Enterprise,Canada,DB Schenker,1,1,0,0,0,0.0,0.0,0.0,LOGISTICS
2026-02-01,SUP-006,Supplier 006,Brazil,LATAM,PLT-02,Detroit Works,USA,NA,Enterprise,France,Kuehne+Nagel,1,1,0,1,0,0.0,100.0,0.0,LOGISTICS
2026-02-01,SUP-006,Supplier 006,Brazil,LATAM,PLT-05,Monterrey Plant,Mexico,LATAM,Government,Australia,DHL,1,1,1,0,0,100.0,0.0,0.0,LOGISTICS
2026-02-01,SUP-006,Supplier 006,Brazil,LATAM,PLT-08,Taipei Micro,Taiwan,APAC,Government,Germany,DHL,1,1,0,1,0,0.0,100.0,0.0,LOGISTICS
2026-02-01,SUP-007,Supplier 007,South Korea,APAC,PLT-01,Munich Center,Germany,EMEA,Enterprise,Singapore,FedEx,1,1,1,1,1,100.0,100.0,100.0,LOGISTICS
2026-02-01,SUP-007,Supplier 007,South Korea,APAC,PLT-08,Taipei Micro,Taiwan,APAC,Enterprise,USA,FedEx,1,1,0,1,0,0.0,100.0,0.0,LOGISTICS
2026-02-01,SUP-007,Supplier 007,South Korea,APAC,PLT-01,Munich Center,Germany,EMEA,Enterprise,Germany,FedEx,1,1,0,1,0,0.0,100.0,0.0,LOGISTICS
2026-02-01,SUP-007,Supplier 007,South Korea,APAC,PLT-07,Seoul Tech,South Korea,APAC,SMB,Australia,DHL,1,1,1,1,1,100.0,100.0,100.0,LOGISTICS
2026-02-01,SUP-007,Supplier 007,South Korea,APAC,PLT-08,Taipei Micro,Taiwan,APAC,SMB,USA,Maersk,1,1,1,1,1,100.0,100.0,100.0,LOGISTICS
2026-02-01,SUP-007,Supplier 007,South Korea,APAC,PLT-00,Shanghai Hub,China,APAC,SMB,UK,Kuehne+Nagel,1,1,0,1,0,0.0,100.0,0.0,LOGISTICS
2026-02-01,SUP-007,Supplier 007,South Korea,APAC,PLT-08,Taipei Micro,Taiwan,APAC,SMB,Singapore,UPS,1,1,1,1,1,100.0,100.0,100.0,LOGISTICS
2026-02-01,SUP-008,Supplier 008,Taiwan,APAC,PLT-01,Munich Center,Germany,EMEA,Enterprise,USA,UPS,1,1,0,1,0,0.0,100.0,0.0,LOGISTICS
2026-02-01,SUP-008,Supplier 008,Taiwan,APAC,PLT-09,Hanoi Assembly,Vietnam,APAC,Government,USA,DHL,1,1,0,1,0,0.0,100.0,0.0,LOGISTICS
2026-02-01,SUP-008,Supplier 008,Taiwan,APAC,PLT-01,Munich Center,Germany,EMEA,Enterprise,USA,DB Schenker,1,1,0,0,0,0.0,0.0,0.0,LOGISTICS
2026-02-01,SUP-008,Supplier 008,Taiwan,APAC,PLT-03,Tokyo Precision,Japan,APAC,Government,UK,UPS,1,1,0,1,0,0.0,100.0,0.0,LOGISTICS
2026-02-01,SUP-008,Supplier 008,Taiwan,APAC,PLT-01,Munich Center,Germany,EMEA,SMB,Japan,Maersk,1,1,0,1,0,0.0,100.0,0.0,LOGISTICS
2026-02-01,SUP-008,Supplier 008,Taiwan,APAC,PLT-07,Seoul Tech,South Korea,APAC,SMB,France,DHL,1,1,0,0,0,0.0,0.0,0.0,LOGISTICS
2026-02-01,SUP-008,Supplier 008,Taiwan,APAC,PLT-00,Shanghai Hub,China,APAC,Enterprise,France,Maersk,1,1,1,1,1,100.0,100.0,100.0,LOGISTICS
2026-02-01,SUP-008,Supplier 008,Taiwan,APAC,PLT-03,Tokyo Precision,Japan,APAC,SMB,Singapore,Kuehne+Nagel,1,1,0,0,0,0.0,0.0,0.0,LOGISTICS
2026-02-01,SUP-008,Supplier 008,Taiwan,APAC,PLT-03,Tokyo Precision,Japan,APAC,SMB,Singapore,FedEx,1,1,0,1,0,0.0,100.0,0.0,LOGISTICS
2026-02-01,SUP-008,Supplier 008,Taiwan,APAC,PLT-09,Hanoi Assembly,Vietnam,APAC,Government,USA,UPS,1,1,1,0,0,100.0,0.0,0.0,LOGISTICS
2026-02-01,SUP-008,Supplier 008,Taiwan,APAC,PLT-07,Seoul Tech,South Korea,APAC,SMB,France,FedEx,1,1,0,0,0,0.0,0.0,0.0,LOGISTICS
2026-02-01,SUP-008,Supplier 008,Taiwan,APAC,PLT-04,Chennai Forge,India,APAC,SMB,USA,FedEx,1,1,0,1,0,0.0,100.0,0.0,LOGISTICS
2026-02-01,SUP-008,Supplier 008,Taiwan,APAC,PLT-08,Taipei Micro,Taiwan,APAC,SMB,Australia,DB Schenker,1,1,1,1,1,100.0,100.0,100.0,LOGISTICS
2026-02-01,SUP-009,Supplier 009,Vietnam,APAC,PLT-03,Tokyo Precision,Japan,APAC,Government,UK,FedEx,1,1,1,0,0,100.0,0.0,0.0,LOGISTICS
2026-02-01,SUP-009,Supplier 009,Vietnam,APAC,PLT-07,Seoul Tech,South Korea,APAC,SMB,Japan,Kuehne+Nagel,1,1,1,1,1,100.0,100.0,100.0,LOGISTICS
2026-02-01,SUP-010,Supplier 010,China,APAC,PLT-07,Seoul Tech,South Korea,APAC,Enterprise,Germany,UPS,1,1,1,1,1,100.0,100.0,100.0,LOGISTICS
2026-02-01,SUP-010,Supplier 010,China,APAC,PLT-01,Munich Center,Germany,EMEA,SMB,Germany,Maersk,1,1,0,1,0,0.0,100.0,0.0,LOGISTICS
2026-02-01,SUP-010,Supplier 010,China,APAC,PLT-06,Sao Paulo Ops,Brazil,LATAM,Government,USA,UPS,1,1,1,0,0,100.0,0.0,0.0,LOGISTICS
2026-02-01,SUP-011,Supplier 011,Germany,EMEA,PLT-02,Detroit Works,USA,NA,SMB,UK,DHL,1,1,0,1,0,0.0,100.0,0.0,LOGISTICS
2026-02-01,SUP-011,Supplier 011,Germany,EMEA,PLT-09,Hanoi Assembly,Vietnam,APAC,Enterprise,Australia,FedEx,1,1,0,1,0,0.0,100.0,0.0,LOGISTICS
2026-02-01,SUP-011,Supplier 011,Germany,EMEA,PLT-04,Chennai Forge,India,APAC,Enterprise,Japan,UPS,1,1,0,0,0,0.0,0.0,0.0,LOGISTICS
2026-02-01,SUP-011,Supplier 011,Germany,EMEA,PLT-04,Chennai Forge,India,APAC,Enterprise,Japan,Maersk,1,1,1,1,1,100.0,100.0,100.0,LOGISTICS
2026-02-01,SUP-011,Supplier 011,Germany,EMEA,PLT-09,Hanoi Assembly,Vietnam,APAC,SMB,Canada,Maersk,1,1,1,1,1,100.0,100.0,100.0,LOGISTICS
2026-02-01,SUP-011,Supplier 011,Germany,EMEA,PLT-09,Hanoi Assembly,Vietnam,APAC,SMB,Australia,FedEx,1,1,1,1,1,100.0,100.0,100.0,LOGISTICS
2026-02-01,SUP-011,Supplier 011,Germany,EMEA,PLT-01,Munich Center,Germany,EMEA,Enterprise,USA,DB Schenker,1,2,0,1,0,0.0,50.0,0.0,LOGISTICS
2026-02-01,SUP-012,Supplier 012,USA,NA,PLT-04,Chennai Forge,India,APAC,Government,Germany,FedEx,1,1,0,1,0,0.0,100.0,0.0,LOGISTICS
2026-02-01,SUP-012,Supplier 012,USA,NA,PLT-01,Munich Center,Germany,EMEA,SMB,Singapore,Kuehne+Nagel,1,1,0,1,0,0.0,100.0,0.0,LOGISTICS
2026-02-01,SUP-012,Supplier 012,USA,NA,PLT-06,Sao Paulo Ops,Brazil,LATAM,Enterprise,Canada,DHL,1,1,0,1,0,0.0,100.0,0.0,LOGISTICS
2026-02-01,SUP-012,Supplier 012,USA,NA,PLT-07,Seoul Tech,South Korea,APAC,SMB,Singapore,UPS,1,2,1,0,0,50.0,0.0,0.0,LOGISTICS
2026-02-01,SUP-012,Supplier 012,USA,NA,PLT-06,Sao Paulo Ops,Brazil,LATAM,Enterprise,USA,FedEx,1,1,1,0,0,100.0,0.0,0.0,LOGISTICS
2026-02-01,SUP-012,Supplier 012,USA,NA,PLT-05,Monterrey Plant,Mexico,LATAM,SMB,Singapore,UPS,1,1,0,1,0,0.0,100.0,0.0,LOGISTICS
2026-02-01,SUP-012,Supplier 012,USA,NA,PLT-09,Hanoi Assembly,Vietnam,APAC,Enterprise,France,DB Schenker,1,1,1,0,0,100.0,0.0,0.0,LOGISTICS
2026-02-01,SUP-013,Supplier 013,Japan,APAC,PLT-05,Monterrey Plant,Mexico,LATAM,SMB,UK,FedEx,1,1,1,1,1,100.0,100.0,100.0,LOGISTICS
2026-02-01,SUP-013,Supplier 013,Japan,APAC,PLT-03,Tokyo Precision,Japan,APAC,SMB,France,UPS,1,1,1,1,1,100.0,100.0,100.0,LOGISTICS
2026-02-01,SUP-013,Supplier 013,Japan,APAC,PLT-09,Hanoi Assembly,Vietnam,APAC,SMB,UK,DB Schenker,1,1,0,1,0,0.0,100.0,0.0,LOGISTICS
2026-02-01,SUP-013,Supplier 013,Japan,APAC,PLT-01,Munich Center,Germany,EMEA,SMB,UK,FedEx,1,2,1,1,1,50.0,50.0,50.0,LOGISTICS
2026-02-01,SUP-013,Supplier 013,Japan,APAC,PLT-03,Tokyo Precision,Japan,APAC,Enterprise,Canada,Kuehne+Nagel,1,1,1,1,1,100.0,100.0,100.0,LOGISTICS
2026-02-01,SUP-013,Supplier 013,Japan,APAC,PLT-08,Taipei Micro,Taiwan,APAC,SMB,Singapore,Kuehne+Nagel,1,1,0,0,0,0.0,0.0,0.0,LOGISTICS
2026-02-01,SUP-013,Supplier 013,Japan,APAC,PLT-08,Taipei Micro,Taiwan,APAC,SMB,Singapore,DHL,1,1,1,1,1,100.0,100.0,100.0,LOGISTICS
2026-02-01,SUP-013,Supplier 013,Japan,APAC,PLT-04,Chennai Forge,India,APAC,SMB,France,Maersk,1,1,0,1,0,0.0,100.0,0.0,LOGISTICS
2026-02-01,SUP-013,Supplier 013,Japan,APAC,PLT-03,Tokyo Precision,Japan,APAC,SMB,France,DHL,1,1,0,0,0,0.0,0.0,0.0,LOGISTICS
2026-02-01,SUP-013,Supplier 013,Japan,APAC,PLT-05,Monterrey Plant,Mexico,LATAM,Enterprise,UK,Kuehne+Nagel,1,1,1,1,1,100.0,100.0,100.0,LOGISTICS
2026-02-01,SUP-013,Supplier 013,Japan,APAC,PLT-09,Hanoi Assembly,Vietnam,APAC,SMB,UK,Maersk,1,1,0,0,0,0.0,0.0,0.0,LOGISTICS
2026-02-01,SUP-014,Supplier 014,India,APAC,PLT-01,Munich Center,Germany,EMEA,SMB,Canada,DB Schenker,1,1,1,1,1,100.0,100.0,100.0,LOGISTICS
2026-02-01,SUP-014,Supplier 014,India,APAC,PLT-02,Detroit Works,USA,NA,Government,Germany,UPS,1,1,0,1,0,0.0,100.0,0.0,LOGISTICS
2026-02-01,SUP-014,Supplier 014,India,APAC,PLT-06,Sao Paulo Ops,Brazil,LATAM,Enterprise,Germany,UPS,1,1,0,1,0,0.0,100.0,0.0,LOGISTICS
2026-02-01,SUP-014,Supplier 014,India,APAC,PLT-02,Detroit Works,USA,NA,Government,Germany,Kuehne+Nagel,1,1,1,0,0,100.0,0.0,0.0,LOGISTICS
2026-02-01,SUP-014,Supplier 014,India,APAC,PLT-00,Shanghai Hub,China,APAC,SMB,Singapore,Maersk,1,1,1,1,1,100.0,100.0,100.0,LOGISTICS
2026-02-01,SUP-014,Supplier 014,India,APAC,PLT-00,Shanghai Hub,China,APAC,SMB,France,FedEx,1,1,0,0,0,0.0,0.0,0.0,LOGISTICS
2026-02-01,SUP-014,Supplier 014,India,APAC,PLT-00,Shanghai Hub,China,APAC,SMB,France,DHL,1,1,1,1,1,100.0,100.0,100.0,LOGISTICS
2026-02-01,SUP-014,Supplier 014,India,APAC,PLT-03,Tokyo Precision,Japan,APAC,Enterprise,Australia,Kuehne+Nagel,1,1,1,0,0,100.0,0.0,0.0,LOGISTICS
2026-02-01,SUP-014,Supplier 014,India,APAC,PLT-03,Tokyo Precision,Japan,APAC,Enterprise,Australia,DHL,1,1,0,0,0,0.0,0.0,0.0,LOGISTICS
2026-02-01,SUP-014,Supplier 014,India,APAC,PLT-09,Hanoi Assembly,Vietnam,APAC,Government,Singapore,Maersk,1,1,0,1,0,0.0,100.0,0.0,LOGISTICS
2026-02-01,SUP-014,Supplier 014,India,APAC,PLT-09,Hanoi Assembly,Vietnam,APAC,Enterprise,Germany,DHL,1,1,0,1,0,0.0,100.0,0.0,LOGISTICS
2026-02-01,SUP-015,Supplier 015,Mexico,LATAM,PLT-08,Taipei Micro,Taiwan,APAC,Enterprise,Germany,Kuehne+Nagel,1,1,0,1,0,0.0,100.0,0.0,LOGISTICS
2026-02-01,SUP-015,Supplier 015,Mexico,LATAM,PLT-05,Monterrey Plant,Mexico,LATAM,SMB,USA,DB Schenker,1,1,0,0,0,0.0,0.0,0.0,LOGISTICS
2026-02-01,SUP-015,Supplier 015,Mexico,LATAM,PLT-05,Monterrey Plant,Mexico,LATAM,SMB,USA,FedEx,1,1,1,1,1,100.0,100.0,100.0,LOGISTICS
2026-02-01,SUP-016,Supplier 016,Brazil,LATAM,PLT-00,Shanghai Hub,China,APAC,Government,Canada,UPS,1,1,0,1,0,0.0,100.0,0.0,LOGISTICS
2026-02-01,SUP-016,Supplier 016,Brazil,LATAM,PLT-05,Monterrey Plant,Mexico,LATAM,Enterprise,Japan,FedEx,1,1,0,1,0,0.0,100.0,0.0,LOGISTICS
2026-02-01,SUP-016,Supplier 016,Brazil,LATAM,PLT-04,Chennai Forge,India,APAC,Government,Canada,Kuehne+Nagel,1,1,0,0,0,0.0,0.0,0.0,LOGISTICS
2026-02-01,SUP-016,Supplier 016,Brazil,LATAM,PLT-03,Tokyo Precision,Japan,APAC,SMB,Canada,UPS,1,1,0,1,0,0.0,100.0,0.0,LOGISTICS
2026-02-01,SUP-016,Supplier 016,Brazil,LATAM,PLT-03,Tokyo Precision,Japan,APAC,SMB,Germany,UPS,1,1,1,0,0,100.0,0.0,0.0,LOGISTICS
2026-02-01,SUP-016,Supplier 016,Brazil,LATAM,PLT-05,Monterrey Plant,Mexico,LATAM,Enterprise,Canada,UPS,1,1,1,1,1,100.0,100.0,100.0,LOGISTICS
2026-02-01,SUP-017,Supplier 017,South Korea,APAC,PLT-05,Monterrey Plant,Mexico,LATAM,SMB,Japan,Maersk,1,1,0,1,0,0.0,100.0,0.0,LOGISTICS
2026-02-01,SUP-017,Supplier 017,South Korea,APAC,PLT-09,Hanoi Assembly,Vietnam,APAC,Government,USA,DB Schenker,1,1,1,1,1,100.0,100.0,100.0,LOGISTICS
2026-02-01,SUP-017,Supplier 017,South Korea,APAC,PLT-04,Chennai Forge,India,APAC,SMB,Canada,DHL,1,1,0,1,0,0.0,100.0,0.0,LOGISTICS
2026-02-01,SUP-017,Supplier 017,South Korea,APAC,PLT-07,Seoul Tech,South Korea,APAC,SMB,Germany,DB Schenker,1,2,1,1,1,50.0,50.0,50.0,LOGISTICS
2026-02-01,SUP-018,Supplier 018,Taiwan,APAC,PLT-08,Taipei Micro,Taiwan,APAC,Enterprise,UK,Kuehne+Nagel,1,1,0,0,0,0.0,0.0,0.0,LOGISTICS
2026-02-01,SUP-018,Supplier 018,Taiwan,APAC,PLT-09,Hanoi Assembly,Vietnam,APAC,Government,USA,Maersk,1,1,0,1,0,0.0,100.0,0.0,LOGISTICS
2026-02-01,SUP-018,Supplier 018,Taiwan,APAC,PLT-05,Monterrey Plant,Mexico,LATAM,Government,Canada,DHL,1,1,0,1,0,0.0,100.0,0.0,LOGISTICS
2026-02-01,SUP-018,Supplier 018,Taiwan,APAC,PLT-09,Hanoi Assembly,Vietnam,APAC,SMB,Japan,UPS,1,1,0,1,0,0.0,100.0,0.0,LOGISTICS
2026-02-01,SUP-018,Supplier 018,Taiwan,APAC,PLT-08,Taipei Micro,Taiwan,APAC,Enterprise,UK,Maersk,1,1,0,0,0,0.0,0.0,0.0,LOGISTICS
2026-02-01,SUP-018,Supplier 018,Taiwan,APAC,PLT-08,Taipei Micro,Taiwan,APAC,SMB,Australia,Maersk,1,1,0,0,0,0.0,0.0,0.0,LOGISTICS
2026-02-01,SUP-018,Supplier 018,Taiwan,APAC,PLT-06,Sao Paulo Ops,Brazil,LATAM,SMB,UK,FedEx,1,1,1,1,1,100.0,100.0,100.0,LOGISTICS
2026-02-01,SUP-018,Supplier 018,Taiwan,APAC,PLT-06,Sao Paulo Ops,Brazil,LATAM,Enterprise,Canada,DHL,1,1,1,1,1,100.0,100.0,100.0,LOGISTICS
2026-02-01,SUP-018,Supplier 018,Taiwan,APAC,PLT-00,Shanghai Hub,China,APAC,SMB,Canada,FedEx,1,1,0,0,0,0.0,0.0,0.0,LOGISTICS
2026-02-01,SUP-018,Supplier 018,Taiwan,APAC,PLT-08,Taipei Micro,Taiwan,APAC,SMB,Australia,UPS,1,1,1,1,1,100.0,100.0,100.0,LOGISTICS
2026-02-01,SUP-018,Supplier 018,Taiwan,APAC,PLT-00,Shanghai Hub,China,APAC,SMB,Canada,DHL,1,1,0,1,0,0.0,100.0,0.0,LOGISTICS
2026-02-01,SUP-018,Supplier 018,Taiwan,APAC,PLT-06,Sao Paulo Ops,Brazil,LATAM,SMB,UK,DB Schenker,1,1,1,0,0,100.0,0.0,0.0,LOGISTICS
2026-02-01,SUP-019,Supplier 019,Vietnam,APAC,PLT-07,Seoul Tech,South Korea,APAC,Government,USA,DHL,1,1,1,1,1,100.0,100.0,100.0,LOGISTICS
2026-02-01,SUP-019,Supplier 019,Vietnam,APAC,PLT-00,Shanghai Hub,China,APAC,Enterprise,Germany,Kuehne+Nagel,1,1,0,1,0,0.0,100.0,0.0,LOGISTICS
2026-02-01,SUP-019,Supplier 019,Vietnam,APAC,PLT-07,Seoul Tech,South Korea,APAC,SMB,Canada,DHL,1,1,1,1,1,100.0,100.0,100.0,LOGISTICS
2026-02-01,SUP-019,Supplier 019,Vietnam,APAC,PLT-02,Detroit Works,USA,NA,Enterprise,France,Maersk,1,1,0,1,0,0.0,100.0,0.0,LOGISTICS
2026-02-01,SUP-020,Supplier 020,China,APAC,PLT-03,Tokyo Precision,Japan,APAC,Enterprise,USA,FedEx,1,1,1,1,1,100.0,100.0,100.0,LOGISTICS
2026-02-01,SUP-020,Supplier 020,China,APAC,PLT-09,Hanoi Assembly,Vietnam,APAC,Government,Australia,UPS,1,1,1,1,1,100.0,100.0,100.0,LOGISTICS
2026-02-01,SUP-020,Supplier 020,China,APAC,PLT-08,Taipei Micro,Taiwan,APAC,Government,Singapore,Maersk,1,1,1,1,1,100.0,100.0,100.0,LOGISTICS
2026-02-01,SUP-021,Supplier 021,Germany,EMEA,PLT-01,Munich Center,Germany,EMEA,SMB,Singapore,DHL,1,1,1,1,1,100.0,100.0,100.0,LOGISTICS
2026-02-01,SUP-021,Supplier 021,Germany,EMEA,PLT-02,Detroit Works,USA,NA,Enterprise,Singapore,DHL,1,1,0,0,0,0.0,0.0,0.0,LOGISTICS
2026-02-01,SUP-021,Supplier 021,Germany,EMEA,PLT-00,Shanghai Hub,China,APAC,SMB,France,Kuehne+Nagel,1,1,0,1,0,0.0,100.0,0.0,LOGISTICS
2026-02-01,SUP-021,Supplier 021,Germany,EMEA,PLT-03,Tokyo Precision,Japan,APAC,SMB,USA,FedEx,1,1,0,1,0,0.0,100.0,0.0,LOGISTICS
2026-02-01,SUP-021,Supplier 021,Germany,EMEA,PLT-00,Shanghai Hub,China,APAC,SMB,Singapore,UPS,1,1,0,1,0,0.0,100.0,0.0,LOGISTICS
2026-02-01,SUP-021,Supplier 021,Germany,EMEA,PLT-05,Monterrey Plant,Mexico,LATAM,Government,USA,FedEx,1,1,1,1,1,100.0,100.0,100.0,LOGISTICS
2026-02-01,SUP-021,Supplier 021,Germany,EMEA,PLT-00,Shanghai Hub,China,APAC,SMB,France,DB Schenker,1,1,0,1,0,0.0,100.0,0.0,LOGISTICS
2026-02-01,SUP-022,Supplier 022,USA,NA,PLT-06,Sao Paulo Ops,Brazil,LATAM,Government,Canada,DHL,1,1,1,0,0,100.0,0.0,0.0,LOGISTICS
2026-02-01,SUP-022,Supplier 022,USA,NA,PLT-01,Munich Center,Germany,EMEA,Enterprise,Canada,FedEx,1,1,1,1,1,100.0,100.0,100.0,LOGISTICS
2026-02-01,SUP-022,Supplier 022,USA,NA,PLT-00,Shanghai Hub,China,APAC,Enterprise,Canada,UPS,1,1,1,1,1,100.0,100.0,100.0,LOGISTICS
2026-02-01,SUP-022,Supplier 022,USA,NA,PLT-07,Seoul Tech,South Korea,APAC,Government,France,DB Schenker,1,1,0,0,0,0.0,0.0,0.0,LOGISTICS
2026-02-01,SUP-022,Supplier 022,USA,NA,PLT-07,Seoul Tech,South Korea,APAC,Government,Canada,Kuehne+Nagel,1,1,0,1,0,0.0,100.0,0.0,LOGISTICS
2026-02-01,SUP-022,Supplier 022,USA,NA,PLT-08,Taipei Micro,Taiwan,APAC,SMB,Australia,DHL,1,1,1,1,1,100.0,100.0,100.0,LOGISTICS
2026-02-01,SUP-022,Supplier 022,USA,NA,PLT-09,Hanoi Assembly,Vietnam,APAC,SMB,Singapore,Kuehne+Nagel,1,1,0,1,0,0.0,100.0,0.0,LOGISTICS
2026-02-01,SUP-022,Supplier 022,USA,NA,PLT-01,Munich Center,Germany,EMEA,Enterprise,Canada,DHL,1,1,0,0,0,0.0,0.0,0.0,LOGISTICS
2026-02-01,SUP-022,Supplier 022,USA,NA,PLT-07,Seoul Tech,South Korea,APAC,Government,Canada,FedEx,1,1,1,1,1,100.0,100.0,100.0,LOGISTICS
2026-02-01,SUP-022,Supplier 022,USA,NA,PLT-02,Detroit Works,USA,NA,SMB,Australia,Kuehne+Nagel,1,1,1,0,0,100.0,0.0,0.0,LOGISTICS
2026-02-01,SUP-022,Supplier 022,USA,NA,PLT-08,Taipei Micro,Taiwan,APAC,Enterprise,Canada,UPS,1,1,1,1,1,100.0,100.0,100.0,LOGISTICS
2026-02-01,SUP-022,Supplier 022,USA,NA,PLT-07,Seoul Tech,South Korea,APAC,Enterprise,Japan,DB Schenker,1,1,0,1,0,0.0,100.0,0.0,LOGISTICS
2026-02-01,SUP-022,Supplier 022,USA,NA,PLT-08,Taipei Micro,Taiwan,APAC,Enterprise,Canada,Kuehne+Nagel,1,1,0,0,0,0.0,0.0,0.0,LOGISTICS
2026-02-01,SUP-023,Supplier 023,Japan,APAC,PLT-05,Monterrey Plant,Mexico,LATAM,SMB,Canada,DB Schenker,1,1,1,0,0,100.0,0.0,0.0,LOGISTICS
2026-02-01,SUP-023,Supplier 023,Japan,APAC,PLT-02,Detroit Works,USA,NA,Enterprise,France,UPS,1,1,0,0,0,0.0,0.0,0.0,LOGISTICS
2026-02-01,SUP-024,Supplier 024,India,APAC,PLT-08,Taipei Micro,Taiwan,APAC,SMB,Singapore,Kuehne+Nagel,1,1,0,1,0,0.0,100.0,0.0,LOGISTICS
2026-02-01,SUP-024,Supplier 024,India,APAC,PLT-06,Sao Paulo Ops,Brazil,LATAM,Enterprise,Germany,DHL,1,1,0,1,0,0.0,100.0,0.0,LOGISTICS
2026-02-01,SUP-024,Supplier 024,India,APAC,PLT-04,Chennai Forge,India,APAC,Enterprise,Germany,DB Schenker,1,1,1,1,1,100.0,100.0,100.0,LOGISTICS
2026-02-01,SUP-024,Supplier 024,India,APAC,PLT-02,Detroit Works,USA,NA,SMB,UK,Kuehne+Nagel,1,1,1,1,1,100.0,100.0,100.0,LOGISTICS
2026-02-01,SUP-024,Supplier 024,India,APAC,PLT-00,Shanghai Hub,China,APAC,SMB,Japan,UPS,1,1,1,1,1,100.0,100.0,100.0,LOGISTICS
2026-02-01,SUP-024,Supplier 024,India,APAC,PLT-00,Shanghai Hub,China,APAC,Enterprise,Japan,UPS,1,1,0,1,0,0.0,100.0,0.0,LOGISTICS
2026-02-01,SUP-024,Supplier 024,India,APAC,PLT-08,Taipei Micro,Taiwan,APAC,SMB,Singapore,DHL,1,1,1,0,0,100.0,0.0,0.0,LOGISTICS
2026-02-01,SUP-024,Supplier 024,India,APAC,PLT-00,Shanghai Hub,China,APAC,Enterprise,UK,Kuehne+Nagel,1,1,0,1,0,0.0,100.0,0.0,LOGISTICS
2026-02-01,SUP-025,Supplier 025,Mexico,LATAM,PLT-03,Tokyo Precision,Japan,APAC,Enterprise,France,DHL,1,1,0,1,0,0.0,100.0,0.0,LOGISTICS
2026-02-01,SUP-025,Supplier 025,Mexico,LATAM,PLT-02,Detroit Works,USA,NA,Enterprise,Canada,UPS,1,2,1,0,0,50.0,0.0,0.0,LOGISTICS
2026-02-01,SUP-025,Supplier 025,Mexico,LATAM,PLT-04,Chennai Forge,India,APAC,SMB,UK,FedEx,1,1,0,0,0,0.0,0.0,0.0,LOGISTICS
2026-02-01,SUP-025,Supplier 025,Mexico,LATAM,PLT-03,Tokyo Precision,Japan,APAC,Enterprise,France,Kuehne+Nagel,1,1,1,0,0,100.0,0.0,0.0,LOGISTICS
2026-02-01,SUP-025,Supplier 025,Mexico,LATAM,PLT-07,Seoul Tech,South Korea,APAC,SMB,UK,Maersk,1,1,1,1,1,100.0,100.0,100.0,LOGISTICS
2026-02-01,SUP-025,Supplier 025,Mexico,LATAM,PLT-09,Hanoi Assembly,Vietnam,APAC,Enterprise,Canada,Maersk,1,1,1,0,0,100.0,0.0,0.0,LOGISTICS
2026-02-01,SUP-026,Supplier 026,Brazil,LATAM,PLT-06,Sao Paulo Ops,Brazil,LATAM,SMB,Germany,UPS,1,1,1,0,0,100.0,0.0,0.0,LOGISTICS
2026-02-01,SUP-026,Supplier 026,Brazil,LATAM,PLT-03,Tokyo Precision,Japan,APAC,Enterprise,Japan,Kuehne+Nagel,1,1,0,1,0,0.0,100.0,0.0,LOGISTICS
2026-02-01,SUP-026,Supplier 026,Brazil,LATAM,PLT-03,Tokyo Precision,Japan,APAC,Enterprise,Japan,DB Schenker,1,1,0,0,0,0.0,0.0,0.0,LOGISTICS
2026-02-01,SUP-026,Supplier 026,Brazil,LATAM,PLT-06,Sao Paulo Ops,Brazil,LATAM,SMB,UK,DB Schenker,1,1,1,1,1,100.0,100.0,100.0,LOGISTICS
2026-02-01,SUP-026,Supplier 026,Brazil,LATAM,PLT-04,Chennai Forge,India,APAC,SMB,Germany,Maersk,1,1,0,1,0,0.0,100.0,0.0,LOGISTICS
2026-02-01,SUP-026,Supplier 026,Brazil,LATAM,PLT-06,Sao Paulo Ops,Brazil,LATAM,Government,Canada,DHL,1,1,1,0,0,100.0,0.0,0.0,LOGISTICS
2026-02-01,SUP-027,Supplier 027,South Korea,APAC,PLT-04,Chennai Forge,India,APAC,SMB,UK,DHL,1,1,1,1,1,100.0,100.0,100.0,LOGISTICS
2026-02-01,SUP-027,Supplier 027,South Korea,APAC,PLT-05,Monterrey Plant,Mexico,LATAM,Enterprise,Japan,FedEx,2,2,0,1,0,0.0,50.0,0.0,LOGISTICS
2026-02-01,SUP-027,Supplier 027,South Korea,APAC,PLT-06,Sao Paulo Ops,Brazil,LATAM,Government,Germany,FedEx,1,1,0,1,0,0.0,100.0,0.0,LOGISTICS
2026-02-01,SUP-027,Supplier 027,South Korea,APAC,PLT-02,Detroit Works,USA,NA,Government,Australia,DHL,1,1,0,1,0,0.0,100.0,0.0,LOGISTICS
2026-02-01,SUP-028,Supplier 028,Taiwan,APAC,PLT-05,Monterrey Plant,Mexico,LATAM,Enterprise,Germany,Maersk,1,1,0,1,0,0.0,100.0,0.0,LOGISTICS
2026-02-01,SUP-028,Supplier 028,Taiwan,APAC,PLT-05,Monterrey Plant,Mexico,LATAM,SMB,USA,UPS,1,1,1,1,1,100.0,100.0,100.0,LOGISTICS
2026-02-01,SUP-028,Supplier 028,Taiwan,APAC,PLT-07,Seoul Tech,South Korea,APAC,SMB,Australia,UPS,1,1,0,1,0,0.0,100.0,0.0,LOGISTICS
2026-02-01,SUP-028,Supplier 028,Taiwan,APAC,PLT-05,Monterrey Plant,Mexico,LATAM,Enterprise,France,FedEx,1,1,0,1,0,0.0,100.0,0.0,LOGISTICS
2026-02-01,SUP-028,Supplier 028,Taiwan,APAC,PLT-09,Hanoi Assembly,Vietnam,APAC,SMB,Australia,FedEx,1,1,1,0,0,100.0,0.0,0.0,LOGISTICS
2026-02-01,SUP-028,Supplier 028,Taiwan,APAC,PLT-00,Shanghai Hub,China,APAC,Enterprise,France,Kuehne+Nagel,1,1,0,1,0,0.0,100.0,0.0,LOGISTICS
2026-02-01,SUP-028,Supplier 028,Taiwan,APAC,PLT-01,Munich Center,Germany,EMEA,Enterprise,Germany,DB Schenker,1,1,0,1,0,0.0,100.0,0.0,LOGISTICS
2026-02-01,SUP-029,Supplier 029,Vietnam,APAC,PLT-04,Chennai Forge,India,APAC,SMB,Australia,FedEx,1,1,0,0,0,0.0,0.0,0.0,LOGISTICS
2026-02-01,SUP-029,Supplier 029,Vietnam,APAC,PLT-02,Detroit Works,USA,NA,SMB,Australia,UPS,1,1,0,1,0,0.0,100.0,0.0,LOGISTICS
2026-02-01,SUP-029,Supplier 029,Vietnam,APAC,PLT-05,Monterrey Plant,Mexico,LATAM,Enterprise,Germany,DB Schenker,1,1,1,1,1,100.0,100.0,100.0,LOGISTICS
2026-02-01,SUP-029,Supplier 029,Vietnam,APAC,PLT-09,Hanoi Assembly,Vietnam,APAC,Government,Germany,Maersk,1,1,0,0,0,0.0,0.0,0.0,LOGISTICS
2026-02-01,SUP-029,Supplier 029,Vietnam,APAC,PLT-02,Detroit Works,USA,NA,SMB,Singapore,DHL,1,1,0,1,0,0.0,100.0,0.0,LOGISTICS
2026-02-01,SUP-029,Supplier 029,Vietnam,APAC,PLT-09,Hanoi Assembly,Vietnam,APAC,SMB,UK,DB Schenker,1,1,1,0,0,100.0,0.0,0.0,LOGISTICS
2026-02-01,SUP-029,Supplier 029,Vietnam,APAC,PLT-08,Taipei Micro,Taiwan,APAC,SMB,Germany,Maersk,1,1,0,1,0,0.0,100.0,0.0,LOGISTICS
2026-02-01,SUP-029,Supplier 029,Vietnam,APAC,PLT-07,Seoul Tech,South Korea,APAC,SMB,Germany,DB Schenker,1,1,1,0,0,100.0,0.0,0.0,LOGISTICS
2026-02-01,SUP-029,Supplier 029,Vietnam,APAC,PLT-04,Chennai Forge,India,APAC,SMB,Australia,DB Schenker,1,1,0,0,0,0.0,0.0,0.0,LOGISTICS
2026-02-01,SUP-030,Supplier 030,China,APAC,PLT-01,Munich Center,Germany,EMEA,Government,Japan,UPS,1,1,1,1,1,100.0,100.0,100.0,LOGISTICS
2026-02-01,SUP-030,Supplier 030,China,APAC,PLT-03,Tokyo Precision,Japan,APAC,SMB,Singapore,DHL,1,1,1,1,1,100.0,100.0,100.0,LOGISTICS
2026-02-01,SUP-030,Supplier 030,China,APAC,PLT-07,Seoul Tech,South Korea,APAC,Enterprise,France,UPS,1,1,0,0,0,0.0,0.0,0.0,LOGISTICS
2026-02-01,SUP-030,Supplier 030,China,APAC,PLT-03,Tokyo Precision,Japan,APAC,SMB,Singapore,FedEx,1,1,1,0,0,100.0,0.0,0.0,LOGISTICS
2026-02-01,SUP-030,Supplier 030,China,APAC,PLT-08,Taipei Micro,Taiwan,APAC,Government,Germany,DB Schenker,1,1,1,1,1,100.0,100.0,100.0,LOGISTICS
2026-02-01,SUP-030,Supplier 030,China,APAC,PLT-05,Monterrey Plant,Mexico,LATAM,Government,France,FedEx,1,1,1,0,0,100.0,0.0,0.0,LOGISTICS
2026-02-01,SUP-030,Supplier 030,China,APAC,PLT-04,Chennai Forge,India,APAC,SMB,Japan,UPS,1,1,0,1,0,0.0,100.0,0.0,LOGISTICS
2026-02-01,SUP-031,Supplier 031,Germany,EMEA,PLT-02,Detroit Works,USA,NA,Enterprise,Japan,UPS,1,1,1,0,0,100.0,0.0,0.0,LOGISTICS
2026-02-01,SUP-031,Supplier 031,Germany,EMEA,PLT-01,Munich Center,Germany,EMEA,SMB,Singapore,DHL,1,1,0,1,0,0.0,100.0,0.0,LOGISTICS
2026-02-01,SUP-031,Supplier 031,Germany,EMEA,PLT-06,Sao Paulo Ops,Brazil,LATAM,Government,Germany,UPS,1,1,0,1,0,0.0,100.0,0.0,LOGISTICS
2026-02-01,SUP-031,Supplier 031,Germany,EMEA,PLT-07,Seoul Tech,South Korea,APAC,Enterprise,Japan,FedEx,1,1,1,1,1,100.0,100.0,100.0,LOGISTICS
2026-02-01,SUP-031,Supplier 031,Germany,EMEA,PLT-04,Chennai Forge,India,APAC,Government,Germany,Kuehne+Nagel,1,1,1,1,1,100.0,100.0,100.0,LOGISTICS
2026-02-01,SUP-031,Supplier 031,Germany,EMEA,PLT-01,Munich Center,Germany,EMEA,SMB,Singapore,DB Schenker,1,1,0,0,0,0.0,0.0,0.0,LOGISTICS
2026-02-01,SUP-031,Supplier 031,Germany,EMEA,PLT-08,Taipei Micro,Taiwan,APAC,Enterprise,USA,DHL,1,1,0,1,0,0.0,100.0,0.0,LOGISTICS
2026-02-01,SUP-031,Supplier 031,Germany,EMEA,PLT-03,Tokyo Precision,Japan,APAC,SMB,Canada,Kuehne+Nagel,1,1,0,1,0,0.0,100.0,0.0,LOGISTICS
2026-02-01,SUP-031,Supplier 031,Germany,EMEA,PLT-07,Seoul Tech,South Korea,APAC,Enterprise,Japan,Maersk,1,1,0,0,0,0.0,0.0,0.0,LOGISTICS
2026-02-01,SUP-031,Supplier 031,Germany,EMEA,PLT-06,Sao Paulo Ops,Brazil,LATAM,Government,Germany,DB Schenker,1,1,1,0,0,100.0,0.0,0.0,LOGISTICS
2026-02-01,SUP-031,Supplier 031,Germany,EMEA,PLT-03,Tokyo Precision,Japan,APAC,Government,Japan,Kuehne+Nagel,1,1,1,0,0,100.0,0.0,0.0,LOGISTICS
2026-02-01,SUP-031,Supplier 031,Germany,EMEA,PLT-00,Shanghai Hub,China,APAC,Enterprise,France,DHL,1,1,0,0,0,0.0,0.0,0.0,LOGISTICS
2026-02-01,SUP-032,Supplier 032,USA,NA,PLT-04,Chennai Forge,India,APAC,Government,UK,Maersk,1,1,1,1,1,100.0,100.0,100.0,LOGISTICS
2026-02-01,SUP-032,Supplier 032,USA,NA,PLT-07,Seoul Tech,South Korea,APAC,Enterprise,UK,Kuehne+Nagel,1,1,0,1,0,0.0,100.0,0.0,LOGISTICS
2026-02-01,SUP-032,Supplier 032,USA,NA,PLT-05,Monterrey Plant,Mexico,LATAM,SMB,Germany,UPS,1,1,1,1,1,100.0,100.0,100.0,LOGISTICS
2026-02-01,SUP-032,Supplier 032,USA,NA,PLT-08,Taipei Micro,Taiwan,APAC,Government,Germany,Maersk,1,1,0,1,0,0.0,100.0,0.0,LOGISTICS
2026-02-01,SUP-032,Supplier 032,USA,NA,PLT-02,Detroit Works,USA,NA,Enterprise,USA,Maersk,1,1,1,1,1,100.0,100.0,100.0,LOGISTICS
2026-02-01,SUP-032,Supplier 032,USA,NA,PLT-06,Sao Paulo Ops,Brazil,LATAM,SMB,Japan,DHL,1,1,1,1,1,100.0,100.0,100.0,LOGISTICS
2026-02-01,SUP-032,Supplier 032,USA,NA,PLT-02,Detroit Works,USA,NA,Enterprise,Japan,UPS,1,1,0,1,0,0.0,100.0,0.0,LOGISTICS
2026-02-01,SUP-033,Supplier 033,Japan,APAC,PLT-04,Chennai Forge,India,APAC,Enterprise,Japan,FedEx,1,1,0,1,0,0.0,100.0,0.0,LOGISTICS
2026-02-01,SUP-033,Supplier 033,Japan,APAC,PLT-05,Monterrey Plant,Mexico,LATAM,SMB,Germany,Maersk,1,1,0,1,0,0.0,100.0,0.0,LOGISTICS
2026-02-01,SUP-033,Supplier 033,Japan,APAC,PLT-07,Seoul Tech,South Korea,APAC,Enterprise,France,FedEx,1,1,1,0,0,100.0,0.0,0.0,LOGISTICS
2026-02-01,SUP-033,Supplier 033,Japan,APAC,PLT-06,Sao Paulo Ops,Brazil,LATAM,SMB,Singapore,FedEx,1,1,0,1,0,0.0,100.0,0.0,LOGISTICS
2026-02-01,SUP-033,Supplier 033,Japan,APAC,PLT-08,Taipei Micro,Taiwan,APAC,SMB,Germany,DB Schenker,1,1,0,1,0,0.0,100.0,0.0,LOGISTICS
2026-02-01,SUP-033,Supplier 033,Japan,APAC,PLT-06,Sao Paulo Ops,Brazil,LATAM,SMB,Australia,DB Schenker,1,1,1,0,0,100.0,0.0,0.0,LOGISTICS
2026-02-01,SUP-034,Supplier 034,India,APAC,PLT-03,Tokyo Precision,Japan,APAC,SMB,France,DB Schenker,1,1,0,1,0,0.0,100.0,0.0,LOGISTICS
2026-02-01,SUP-034,Supplier 034,India,APAC,PLT-09,Hanoi Assembly,Vietnam,APAC,Government,France,Kuehne+Nagel,1,1,0,1,0,0.0,100.0,0.0,LOGISTICS
2026-02-01,SUP-034,Supplier 034,India,APAC,PLT-09,Hanoi Assembly,Vietnam,APAC,SMB,Japan,DB Schenker,1,2,2,1,1,100.0,50.0,50.0,LOGISTICS
2026-02-01,SUP-034,Supplier 034,India,APAC,PLT-01,Munich Center,Germany,EMEA,SMB,Singapore,DHL,1,1,0,1,0,0.0,100.0,0.0,LOGISTICS
2026-02-01,SUP-035,Supplier 035,Mexico,LATAM,PLT-07,Seoul Tech,South Korea,APAC,Government,USA,FedEx,1,1,0,0,0,0.0,0.0,0.0,LOGISTICS
2026-02-01,SUP-035,Supplier 035,Mexico,LATAM,PLT-01,Munich Center,Germany,EMEA,SMB,Australia,DHL,1,1,1,1,1,100.0,100.0,100.0,LOGISTICS
2026-02-01,SUP-035,Supplier 035,Mexico,LATAM,PLT-01,Munich Center,Germany,EMEA,SMB,Australia,FedEx,1,1,1,0,0,100.0,0.0,0.0,LOGISTICS
2026-02-01,SUP-035,Supplier 035,Mexico,LATAM,PLT-00,Shanghai Hub,China,APAC,Government,Germany,FedEx,1,1,1,1,1,100.0,100.0,100.0,LOGISTICS
2026-02-01,SUP-035,Supplier 035,Mexico,LATAM,PLT-01,Munich Center,Germany,EMEA,SMB,Japan,Maersk,1,1,0,1,0,0.0,100.0,0.0,LOGISTICS
2026-02-01,SUP-035,Supplier 035,Mexico,LATAM,PLT-00,Shanghai Hub,China,APAC,Government,Germany,DB Schenker,1,1,1,1,1,100.0,100.0,100.0,LOGISTICS
2026-02-01,SUP-035,Supplier 035,Mexico,LATAM,PLT-05,Monterrey Plant,Mexico,LATAM,Government,Germany,Maersk,1,2,2,0,0,100.0,0.0,0.0,LOGISTICS
2026-02-01,SUP-035,Supplier 035,Mexico,LATAM,PLT-04,Chennai Forge,India,APAC,Enterprise,Canada,Maersk,1,1,1,0,0,100.0,0.0,0.0,LOGISTICS
2026-02-01,SUP-035,Supplier 035,Mexico,LATAM,PLT-03,Tokyo Precision,Japan,APAC,Government,Germany,DHL,1,1,1,1,1,100.0,100.0,100.0,LOGISTICS
2026-02-01,SUP-035,Supplier 035,Mexico,LATAM,PLT-03,Tokyo Precision,Japan,APAC,SMB,Singapore,DB Schenker,1,1,0,1,0,0.0,100.0,0.0,LOGISTICS
2026-02-01,SUP-035,Supplier 035,Mexico,LATAM,PLT-05,Monterrey Plant,Mexico,LATAM,SMB,USA,UPS,1,1,0,1,0,0.0,100.0,0.0,LOGISTICS
2026-02-01,SUP-036,Supplier 036,Brazil,LATAM,PLT-05,Monterrey Plant,Mexico,LATAM,SMB,Germany,Maersk,1,1,0,1,0,0.0,100.0,0.0,LOGISTICS
2026-02-01,SUP-036,Supplier 036,Brazil,LATAM,PLT-03,Tokyo Precision,Japan,APAC,Enterprise,Canada,Maersk,1,1,0,1,0,0.0,100.0,0.0,LOGISTICS
2026-02-01,SUP-036,Supplier 036,Brazil,LATAM,PLT-05,Monterrey Plant,Mexico,LATAM,SMB,Germany,DHL,1,1,1,0,0,100.0,0.0,0.0,LOGISTICS
2026-02-01,SUP-036,Supplier 036,Brazil,LATAM,PLT-06,Sao Paulo Ops,Brazil,LATAM,SMB,France,DB Schenker,1,1,0,1,0,0.0,100.0,0.0,LOGISTICS
2026-02-01,SUP-036,Supplier 036,Brazil,LATAM,PLT-03,Tokyo Precision,Japan,APAC,Government,USA,DB Schenker,1,1,0,0,0,0.0,0.0,0.0,LOGISTICS
2026-02-01,SUP-037,Supplier 037,South Korea,APAC,PLT-07,Seoul Tech,South Korea,APAC,SMB,Japan,FedEx,1,1,1,1,1,100.0,100.0,100.0,LOGISTICS
2026-02-01,SUP-037,Supplier 037,South Korea,APAC,PLT-04,Chennai Forge,India,APAC,Government,Singapore,Kuehne+Nagel,1,1,1,1,1,100.0,100.0,100.0,LOGISTICS
2026-02-01,SUP-037,Supplier 037,South Korea,APAC,PLT-02,Detroit Works,USA,NA,SMB,Australia,DHL,1,1,0,1,0,0.0,100.0,0.0,LOGISTICS
2026-02-01,SUP-037,Supplier 037,South Korea,APAC,PLT-04,Chennai Forge,India,APAC,SMB,France,UPS,1,1,0,1,0,0.0,100.0,0.0,LOGISTICS
2026-02-01,SUP-038,Supplier 038,Taiwan,APAC,PLT-02,Detroit Works,USA,NA,Government,Germany,Kuehne+Nagel,1,1,1,1,1,100.0,100.0,100.0,LOGISTICS
2026-02-01,SUP-038,Supplier 038,Taiwan,APAC,PLT-02,Detroit Works,USA,NA,Enterprise,Canada,DB Schenker,1,1,0,0,0,0.0,0.0,0.0,LOGISTICS
2026-02-01,SUP-038,Supplier 038,Taiwan,APAC,PLT-00,Shanghai Hub,China,APAC,Enterprise,Germany,FedEx,1,1,1,1,1,100.0,100.0,100.0,LOGISTICS
2026-02-01,SUP-038,Supplier 038,Taiwan,APAC,PLT-02,Detroit Works,USA,NA,Enterprise,Canada,Kuehne+Nagel,1,1,1,1,1,100.0,100.0,100.0,LOGISTICS
2026-02-01,SUP-038,Supplier 038,Taiwan,APAC,PLT-03,Tokyo Precision,Japan,APAC,SMB,Singapore,UPS,1,1,1,1,1,100.0,100.0,100.0,LOGISTICS
2026-02-01,SUP-038,Supplier 038,Taiwan,APAC,PLT-02,Detroit Works,USA,NA,Government,Germany,DHL,1,1,0,0,0,0.0,0.0,0.0,LOGISTICS
2026-02-01,SUP-038,Supplier 038,Taiwan,APAC,PLT-04,Chennai Forge,India,APAC,SMB,USA,Kuehne+Nagel,1,1,1,0,0,100.0,0.0,0.0,LOGISTICS
2026-02-01,SUP-038,Supplier 038,Taiwan,APAC,PLT-05,Monterrey Plant,Mexico,LATAM,Enterprise,Japan,Maersk,1,1,0,1,0,0.0,100.0,0.0,LOGISTICS
2026-02-01,SUP-039,Supplier 039,Vietnam,APAC,PLT-08,Taipei Micro,Taiwan,APAC,SMB,Germany,UPS,1,1,1,1,1,100.0,100.0,100.0,LOGISTICS
2026-02-01,SUP-039,Supplier 039,Vietnam,APAC,PLT-05,Monterrey Plant,Mexico,LATAM,SMB,Canada,DB Schenker,1,1,0,0,0,0.0,0.0,0.0,LOGISTICS
2026-02-01,SUP-039,Supplier 039,Vietnam,APAC,PLT-03,Tokyo Precision,Japan,APAC,Enterprise,Australia,Kuehne+Nagel,1,1,1,1,1,100.0,100.0,100.0,LOGISTICS
2026-02-01,SUP-039,Supplier 039,Vietnam,APAC,PLT-06,Sao Paulo Ops,Brazil,LATAM,SMB,Singapore,Kuehne+Nagel,1,1,1,0,0,100.0,0.0,0.0,LOGISTICS
2026-02-01,SUP-039,Supplier 039,Vietnam,APAC,PLT-09,Hanoi Assembly,Vietnam,APAC,SMB,Australia,DB Schenker,1,1,0,0,0,0.0,0.0,0.0,LOGISTICS
2026-02-01,SUP-039,Supplier 039,Vietnam,APAC,PLT-04,Chennai Forge,India,APAC,Enterprise,France,UPS,1,1,0,1,0,0.0,100.0,0.0,LOGISTICS
2026-02-01,SUP-039,Supplier 039,Vietnam,APAC,PLT-07,Seoul Tech,South Korea,APAC,Enterprise,Canada,UPS,1,1,1,1,1,100.0,100.0,100.0,LOGISTICS
2026-02-01,SUP-039,Supplier 039,Vietnam,APAC,PLT-00,Shanghai Hub,China,APAC,SMB,France,DHL,1,2,1,1,0,50.0,50.0,0.0,LOGISTICS
2026-02-01,SUP-039,Supplier 039,Vietnam,APAC,PLT-06,Sao Paulo Ops,Brazil,LATAM,SMB,Singapore,DB Schenker,1,1,1,1,1,100.0,100.0,100.0,LOGISTICS
2026-02-01,SUP-039,Supplier 039,Vietnam,APAC,PLT-03,Tokyo Precision,Japan,APAC,Enterprise,Australia,DHL,1,1,1,0,0,100.0,0.0,0.0,LOGISTICS
2026-02-01,SUP-039,Supplier 039,Vietnam,APAC,PLT-05,Monterrey Plant,Mexico,LATAM,SMB,Canada,Maersk,1,1,0,0,0,0.0,0.0,0.0,LOGISTICS
2026-02-01,SUP-040,Supplier 040,China,APAC,PLT-07,Seoul Tech,South Korea,APAC,SMB,UK,Maersk,1,1,1,0,0,100.0,0.0,0.0,LOGISTICS
2026-02-01,SUP-040,Supplier 040,China,APAC,PLT-06,Sao Paulo Ops,Brazil,LATAM,SMB,Canada,DB Schenker,1,1,0,0,0,0.0,0.0,0.0,LOGISTICS
2026-02-01,SUP-040,Supplier 040,China,APAC,PLT-07,Seoul Tech,South Korea,APAC,SMB,UK,Kuehne+Nagel,1,1,0,1,0,0.0,100.0,0.0,LOGISTICS
2026-02-01,SUP-040,Supplier 040,China,APAC,PLT-05,Monterrey Plant,Mexico,LATAM,Government,Japan,DB Schenker,1,1,0,1,0,0.0,100.0,0.0,LOGISTICS
2026-02-01,SUP-040,Supplier 040,China,APAC,PLT-07,Seoul Tech,South Korea,APAC,SMB,Japan,Maersk,1,2,0,0,0,0.0,0.0,0.0,LOGISTICS
2026-02-01,SUP-040,Supplier 040,China,APAC,PLT-03,Tokyo Precision,Japan,APAC,Enterprise,Japan,UPS,1,1,1,1,1,100.0,100.0,100.0,LOGISTICS
2026-02-01,SUP-040,Supplier 040,China,APAC,PLT-00,Shanghai Hub,China,APAC,Enterprise,USA,DHL,1,1,0,1,0,0.0,100.0,0.0,LOGISTICS
2026-02-01,SUP-041,Supplier 041,Germany,EMEA,PLT-07,Seoul Tech,South Korea,APAC,Government,Germany,DB Schenker,1,1,0,0,0,0.0,0.0,0.0,LOGISTICS
2026-02-01,SUP-041,Supplier 041,Germany,EMEA,PLT-07,Seoul Tech,South Korea,APAC,Government,UK,FedEx,1,1,0,1,0,0.0,100.0,0.0,LOGISTICS
2026-02-01,SUP-041,Supplier 041,Germany,EMEA,PLT-03,Tokyo Precision,Japan,APAC,SMB,UK,FedEx,1,1,0,1,0,0.0,100.0,0.0,LOGISTICS
2026-02-01,SUP-041,Supplier 041,Germany,EMEA,PLT-07,Seoul Tech,South Korea,APAC,Government,Germany,Maersk,1,1,1,1,1,100.0,100.0,100.0,LOGISTICS
2026-02-01,SUP-041,Supplier 041,Germany,EMEA,PLT-07,Seoul Tech,South Korea,APAC,Government,Canada,Maersk,1,1,1,0,0,100.0,0.0,0.0,LOGISTICS
2026-02-01,SUP-041,Supplier 041,Germany,EMEA,PLT-09,Hanoi Assembly,Vietnam,APAC,Enterprise,USA,DB Schenker,1,1,0,1,0,0.0,100.0,0.0,LOGISTICS
2026-02-01,SUP-042,Supplier 042,USA,NA,PLT-05,Monterrey Plant,Mexico,LATAM,Enterprise,France,Kuehne+Nagel,1,1,1,1,1,100.0,100.0,100.0,LOGISTICS
2026-02-01,SUP-042,Supplier 042,USA,NA,PLT-07,Seoul Tech,South Korea,APAC,SMB,Singapore,Maersk,1,1,1,1,1,100.0,100.0,100.0,LOGISTICS
2026-02-01,SUP-042,Supplier 042,USA,NA,PLT-02,Detroit Works,USA,NA,SMB,UK,DHL,1,1,0,0,0,0.0,0.0,0.0,LOGISTICS
2026-02-01,SUP-042,Supplier 042,USA,NA,PLT-03,Tokyo Precision,Japan,APAC,Government,Canada,Kuehne+Nagel,1,1,1,1,1,100.0,100.0,100.0,LOGISTICS
2026-02-01,SUP-042,Supplier 042,USA,NA,PLT-09,Hanoi Assembly,Vietnam,APAC,Government,Canada,Maersk,1,1,1,1,1,100.0,100.0,100.0,LOGISTICS
2026-02-01,SUP-042,Supplier 042,USA,NA,PLT-07,Seoul Tech,South Korea,APAC,SMB,Singapore,DHL,1,1,0,1,0,0.0,100.0,0.0,LOGISTICS
2026-02-01,SUP-042,Supplier 042,USA,NA,PLT-02,Detroit Works,USA,NA,SMB,UK,DB Schenker,1,1,1,1,1,100.0,100.0,100.0,LOGISTICS
2026-02-01,SUP-042,Supplier 042,USA,NA,PLT-01,Munich Center,Germany,EMEA,Enterprise,Japan,DB Schenker,1,1,1,0,0,100.0,0.0,0.0,LOGISTICS
2026-02-01,SUP-042,Supplier 042,USA,NA,PLT-05,Monterrey Plant,Mexico,LATAM,SMB,UK,DHL,1,1,1,0,0,100.0,0.0,0.0,LOGISTICS
2026-02-01,SUP-042,Supplier 042,USA,NA,PLT-01,Munich Center,Germany,EMEA,Enterprise,Japan,Maersk,1,1,0,1,0,0.0,100.0,0.0,LOGISTICS
2026-02-01,SUP-043,Supplier 043,Japan,APAC,PLT-01,Munich Center,Germany,EMEA,SMB,Australia,Kuehne+Nagel,1,1,1,0,0,100.0,0.0,0.0,LOGISTICS
2026-02-01,SUP-043,Supplier 043,Japan,APAC,PLT-08,Taipei Micro,Taiwan,APAC,SMB,UK,Kuehne+Nagel,1,1,1,0,0,100.0,0.0,0.0,LOGISTICS
2026-02-01,SUP-043,Supplier 043,Japan,APAC,PLT-04,Chennai Forge,India,APAC,Enterprise,USA,Kuehne+Nagel,1,1,0,0,0,0.0,0.0,0.0,LOGISTICS
2026-02-01,SUP-043,Supplier 043,Japan,APAC,PLT-08,Taipei Micro,Taiwan,APAC,SMB,Australia,FedEx,1,1,1,1,1,100.0,100.0,100.0,LOGISTICS
2026-02-01,SUP-043,Supplier 043,Japan,APAC,PLT-08,Taipei Micro,Taiwan,APAC,SMB,Australia,UPS,1,1,0,0,0,0.0,0.0,0.0,LOGISTICS
2026-02-01,SUP-043,Supplier 043,Japan,APAC,PLT-06,Sao Paulo Ops,Brazil,LATAM,Enterprise,Germany,DB Schenker,1,1,1,1,1,100.0,100.0,100.0,LOGISTICS
2026-02-01,SUP-043,Supplier 043,Japan,APAC,PLT-04,Chennai Forge,India,APAC,SMB,UK,Kuehne+Nagel,1,1,0,1,0,0.0,100.0,0.0,LOGISTICS
2026-02-01,SUP-043,Supplier 043,Japan,APAC,PLT-06,Sao Paulo Ops,Brazil,LATAM,Enterprise,Singapore,Maersk,1,1,1,1,1,100.0,100.0,100.0,LOGISTICS
2026-02-01,SUP-043,Supplier 043,Japan,APAC,PLT-01,Munich Center,Germany,EMEA,SMB,Australia,DHL,1,1,1,1,1,100.0,100.0,100.0,LOGISTICS
2026-02-01,SUP-044,Supplier 044,India,APAC,PLT-08,Taipei Micro,Taiwan,APAC,SMB,Germany,UPS,1,1,0,1,0,0.0,100.0,0.0,LOGISTICS
2026-02-01,SUP-044,Supplier 044,India,APAC,PLT-07,Seoul Tech,South Korea,APAC,Enterprise,Singapore,DHL,1,1,1,1,1,100.0,100.0,100.0,LOGISTICS
2026-02-01,SUP-044,Supplier 044,India,APAC,PLT-08,Taipei Micro,Taiwan,APAC,SMB,Germany,DHL,1,1,0,0,0,0.0,0.0,0.0,LOGISTICS
2026-02-01,SUP-045,Supplier 045,Mexico,LATAM,PLT-03,Tokyo Precision,Japan,APAC,SMB,Singapore,DB Schenker,1,1,0,0,0,0.0,0.0,0.0,LOGISTICS
2026-02-01,SUP-045,Supplier 045,Mexico,LATAM,PLT-02,Detroit Works,USA,NA,SMB,Singapore,DHL,1,1,1,1,1,100.0,100.0,100.0,LOGISTICS
2026-02-01,SUP-045,Supplier 045,Mexico,LATAM,PLT-00,Shanghai Hub,China,APAC,SMB,Germany,UPS,1,1,1,0,0,100.0,0.0,0.0,LOGISTICS
2026-02-01,SUP-045,Supplier 045,Mexico,LATAM,PLT-00,Shanghai Hub,China,APAC,SMB,Singapore,UPS,1,1,1,1,1,100.0,100.0,100.0,LOGISTICS
2026-02-01,SUP-045,Supplier 045,Mexico,LATAM,PLT-02,Detroit Works,USA,NA,SMB,Germany,FedEx,1,1,0,1,0,0.0,100.0,0.0,LOGISTICS
2026-02-01,SUP-045,Supplier 045,Mexico,LATAM,PLT-09,Hanoi Assembly,Vietnam,APAC,SMB,Japan,DHL,1,1,1,0,0,100.0,0.0,0.0,LOGISTICS
2026-02-01,SUP-045,Supplier 045,Mexico,LATAM,PLT-01,Munich Center,Germany,EMEA,SMB,Australia,DB Schenker,1,1,0,0,0,0.0,0.0,0.0,LOGISTICS
2026-02-01,SUP-045,Supplier 045,Mexico,LATAM,PLT-09,Hanoi Assembly,Vietnam,APAC,Enterprise,France,FedEx,1,1,1,0,0,100.0,0.0,0.0,LOGISTICS
2026-02-01,SUP-045,Supplier 045,Mexico,LATAM,PLT-04,Chennai Forge,India,APAC,SMB,France,DB Schenker,1,1,1,1,1,100.0,100.0,100.0,LOGISTICS
2026-02-01,SUP-045,Supplier 045,Mexico,LATAM,PLT-02,Detroit Works,USA,NA,SMB,Germany,Maersk,1,1,1,0,0,100.0,0.0,0.0,LOGISTICS
2026-02-01,SUP-046,Supplier 046,Brazil,LATAM,PLT-08,Taipei Micro,Taiwan,APAC,SMB,USA,DHL,1,1,0,0,0,0.0,0.0,0.0,LOGISTICS
2026-02-01,SUP-046,Supplier 046,Brazil,LATAM,PLT-08,Taipei Micro,Taiwan,APAC,SMB,France,DHL,1,1,1,1,1,100.0,100.0,100.0,LOGISTICS
2026-02-01,SUP-046,Supplier 046,Brazil,LATAM,PLT-02,Detroit Works,USA,NA,Government,France,FedEx,1,1,1,1,1,100.0,100.0,100.0,LOGISTICS
2026-02-01,SUP-046,Supplier 046,Brazil,LATAM,PLT-08,Taipei Micro,Taiwan,APAC,SMB,USA,Maersk,1,1,0,1,0,0.0,100.0,0.0,LOGISTICS
2026-02-01,SUP-046,Supplier 046,Brazil,LATAM,PLT-06,Sao Paulo Ops,Brazil,LATAM,SMB,Singapore,Kuehne+Nagel,1,1,1,0,0,100.0,0.0,0.0,LOGISTICS
2026-02-01,SUP-046,Supplier 046,Brazil,LATAM,PLT-03,Tokyo Precision,Japan,APAC,Enterprise,Australia,DHL,1,1,1,1,1,100.0,100.0,100.0,LOGISTICS
2026-02-01,SUP-047,Supplier 047,South Korea,APAC,PLT-09,Hanoi Assembly,Vietnam,APAC,SMB,UK,Maersk,1,1,0,1,0,0.0,100.0,0.0,LOGISTICS
2026-02-01,SUP-047,Supplier 047,South Korea,APAC,PLT-02,Detroit Works,USA,NA,SMB,UK,FedEx,1,1,1,0,0,100.0,0.0,0.0,LOGISTICS
2026-02-01,SUP-047,Supplier 047,South Korea,APAC,PLT-09,Hanoi Assembly,Vietnam,APAC,Enterprise,USA,DHL,1,1,0,1,0,0.0,100.0,0.0,LOGISTICS
2026-02-01,SUP-047,Supplier 047,South Korea,APAC,PLT-06,Sao Paulo Ops,Brazil,LATAM,SMB,Australia,DHL,1,1,1,1,1,100.0,100.0,100.0,LOGISTICS
2026-02-01,SUP-047,Supplier 047,South Korea,APAC,PLT-07,Seoul Tech,South Korea,APAC,SMB,Japan,DHL,1,1,0,0,0,0.0,0.0,0.0,LOGISTICS
2026-02-01,SUP-048,Supplier 048,Taiwan,APAC,PLT-07,Seoul Tech,South Korea,APAC,Government,France,Maersk,1,1,1,0,0,100.0,0.0,0.0,LOGISTICS
2026-02-01,SUP-048,Supplier 048,Taiwan,APAC,PLT-09,Hanoi Assembly,Vietnam,APAC,Government,USA,DHL,1,1,0,1,0,0.0,100.0,0.0,LOGISTICS
2026-02-01,SUP-048,Supplier 048,Taiwan,APAC,PLT-03,Tokyo Precision,Japan,APAC,Enterprise,Japan,FedEx,1,1,0,1,0,0.0,100.0,0.0,LOGISTICS
2026-02-01,SUP-048,Supplier 048,Taiwan,APAC,PLT-09,Hanoi Assembly,Vietnam,APAC,Government,USA,FedEx,1,1,1,0,0,100.0,0.0,0.0,LOGISTICS
2026-02-01,SUP-048,Supplier 048,Taiwan,APAC,PLT-03,Tokyo Precision,Japan,APAC,Enterprise,USA,DB Schenker,1,1,0,0,0,0.0,0.0,0.0,LOGISTICS
2026-02-01,SUP-049,Supplier 049,Vietnam,APAC,PLT-06,Sao Paulo Ops,Brazil,LATAM,SMB,Japan,DHL,1,1,0,1,0,0.0,100.0,0.0,LOGISTICS
2026-02-01,SUP-049,Supplier 049,Vietnam,APAC,PLT-08,Taipei Micro,Taiwan,APAC,SMB,UK,FedEx,1,1,1,1,1,100.0,100.0,100.0,LOGISTICS
2026-02-01,SUP-049,Supplier 049,Vietnam,APAC,PLT-06,Sao Paulo Ops,Brazil,LATAM,SMB,Singapore,DB Schenker,1,1,0,0,0,0.0,0.0,0.0,LOGISTICS
2026-02-01,SUP-049,Supplier 049,Vietnam,APAC,PLT-09,Hanoi Assembly,Vietnam,APAC,SMB,UK,Maersk,1,1,1,0,0,100.0,0.0,0.0,LOGISTICS
2026-02-01,SUP-049,Supplier 049,Vietnam,APAC,PLT-00,Shanghai Hub,China,APAC,Government,Germany,UPS,1,1,0,1,0,0.0,100.0,0.0,LOGISTICS
2026-03-01,SUP-000,Supplier 000,China,APAC,PLT-03,Tokyo Precision,Japan,APAC,SMB,UK,Kuehne+Nagel,1,1,0,1,0,0.0,100.0,0.0,LOGISTICS
2026-03-01,SUP-000,Supplier 000,China,APAC,PLT-02,Detroit Works,USA,NA,SMB,Australia,FedEx,1,1,1,0,0,100.0,0.0,0.0,LOGISTICS
2026-03-01,SUP-000,Supplier 000,China,APAC,PLT-04,Chennai Forge,India,APAC,SMB,France,DHL,1,1,1,0,0,100.0,0.0,0.0,LOGISTICS
2026-03-01,SUP-000,Supplier 000,China,APAC,PLT-09,Hanoi Assembly,Vietnam,APAC,Enterprise,Japan,FedEx,1,1,0,0,0,0.0,0.0,0.0,LOGISTICS
2026-03-01,SUP-000,Supplier 000,China,APAC,PLT-02,Detroit Works,USA,NA,SMB,Australia,Kuehne+Nagel,1,1,1,0,0,100.0,0.0,0.0,LOGISTICS
2026-03-01,SUP-000,Supplier 000,China,APAC,PLT-02,Detroit Works,USA,NA,SMB,UK,FedEx,1,1,0,1,0,0.0,100.0,0.0,LOGISTICS
2026-03-01,SUP-000,Supplier 000,China,APAC,PLT-09,Hanoi Assembly,Vietnam,APAC,Enterprise,Japan,Maersk,1,1,0,1,0,0.0,100.0,0.0,LOGISTICS
2026-03-01,SUP-000,Supplier 000,China,APAC,PLT-02,Detroit Works,USA,NA,SMB,UK,DB Schenker,1,1,0,0,0,0.0,0.0,0.0,LOGISTICS
2026-03-01,SUP-001,Supplier 001,Germany,EMEA,PLT-01,Munich Center,Germany,EMEA,Government,Germany,DHL,1,1,1,0,0,100.0,0.0,0.0,LOGISTICS
2026-03-01,SUP-001,Supplier 001,Germany,EMEA,PLT-03,Tokyo Precision,Japan,APAC,Enterprise,France,DHL,1,1,1,0,0,100.0,0.0,0.0,LOGISTICS
2026-03-01,SUP-001,Supplier 001,Germany,EMEA,PLT-03,Tokyo Precision,Japan,APAC,Enterprise,France,DB Schenker,1,1,0,1,0,0.0,100.0,0.0,LOGISTICS
2026-03-01,SUP-001,Supplier 001,Germany,EMEA,PLT-01,Munich Center,Germany,EMEA,Enterprise,Canada,DHL,1,1,0,1,0,0.0,100.0,0.0,LOGISTICS
2026-03-01,SUP-001,Supplier 001,Germany,EMEA,PLT-07,Seoul Tech,South Korea,APAC,Government,UK,UPS,1,1,1,0,0,100.0,0.0,0.0,LOGISTICS
2026-03-01,SUP-001,Supplier 001,Germany,EMEA,PLT-01,Munich Center,Germany,EMEA,Government,Germany,UPS,1,1,0,0,0,0.0,0.0,0.0,LOGISTICS
2026-03-01,SUP-002,Supplier 002,USA,NA,PLT-05,Monterrey Plant,Mexico,LATAM,Enterprise,Singapore,DB Schenker,1,1,1,0,0,100.0,0.0,0.0,LOGISTICS
2026-03-01,SUP-002,Supplier 002,USA,NA,PLT-09,Hanoi Assembly,Vietnam,APAC,Government,Singapore,Maersk,1,1,1,1,1,100.0,100.0,100.0,LOGISTICS
2026-03-01,SUP-002,Supplier 002,USA,NA,PLT-00,Shanghai Hub,China,APAC,Enterprise,USA,Kuehne+Nagel,1,1,0,1,0,0.0,100.0,0.0,LOGISTICS
2026-03-01,SUP-003,Supplier 003,Japan,APAC,PLT-01,Munich Center,Germany,EMEA,SMB,Singapore,Maersk,1,1,1,0,0,100.0,0.0,0.0,LOGISTICS
2026-03-01,SUP-003,Supplier 003,Japan,APAC,PLT-07,Seoul Tech,South Korea,APAC,Enterprise,Japan,UPS,1,1,0,0,0,0.0,0.0,0.0,LOGISTICS
2026-03-01,SUP-003,Supplier 003,Japan,APAC,PLT-08,Taipei Micro,Taiwan,APAC,SMB,UK,UPS,1,1,0,1,0,0.0,100.0,0.0,LOGISTICS
2026-03-01,SUP-003,Supplier 003,Japan,APAC,PLT-01,Munich Center,Germany,EMEA,SMB,Singapore,DHL,1,1,0,0,0,0.0,0.0,0.0,LOGISTICS
2026-03-01,SUP-003,Supplier 003,Japan,APAC,PLT-05,Monterrey Plant,Mexico,LATAM,SMB,Germany,DHL,1,1,1,1,1,100.0,100.0,100.0,LOGISTICS
2026-03-01,SUP-003,Supplier 003,Japan,APAC,PLT-08,Taipei Micro,Taiwan,APAC,SMB,Australia,DB Schenker,1,1,0,0,0,0.0,0.0,0.0,LOGISTICS
2026-03-01,SUP-003,Supplier 003,Japan,APAC,PLT-09,Hanoi Assembly,Vietnam,APAC,Enterprise,Singapore,DHL,1,1,1,0,0,100.0,0.0,0.0,LOGISTICS
2026-03-01,SUP-004,Supplier 004,India,APAC,PLT-04,Chennai Forge,India,APAC,SMB,Germany,Maersk,1,1,0,0,0,0.0,0.0,0.0,LOGISTICS
2026-03-01,SUP-004,Supplier 004,India,APAC,PLT-03,Tokyo Precision,Japan,APAC,SMB,Canada,DHL,1,1,0,0,0,0.0,0.0,0.0,LOGISTICS
2026-03-01,SUP-004,Supplier 004,India,APAC,PLT-06,Sao Paulo Ops,Brazil,LATAM,Government,Singapore,FedEx,1,1,0,1,0,0.0,100.0,0.0,LOGISTICS
2026-03-01,SUP-004,Supplier 004,India,APAC,PLT-03,Tokyo Precision,Japan,APAC,SMB,USA,FedEx,1,1,0,1,0,0.0,100.0,0.0,LOGISTICS
2026-03-01,SUP-004,Supplier 004,India,APAC,PLT-05,Monterrey Plant,Mexico,LATAM,Government,Canada,Maersk,1,1,1,1,1,100.0,100.0,100.0,LOGISTICS
2026-03-01,SUP-004,Supplier 004,India,APAC,PLT-09,Hanoi Assembly,Vietnam,APAC,SMB,Germany,DB Schenker,1,1,0,1,0,0.0,100.0,0.0,LOGISTICS
2026-03-01,SUP-005,Supplier 005,Mexico,LATAM,PLT-09,Hanoi Assembly,Vietnam,APAC,SMB,Germany,Maersk,1,1,0,1,0,0.0,100.0,0.0,LOGISTICS
2026-03-01,SUP-005,Supplier 005,Mexico,LATAM,PLT-04,Chennai Forge,India,APAC,Enterprise,Canada,DB Schenker,1,1,0,1,0,0.0,100.0,0.0,LOGISTICS
2026-03-01,SUP-005,Supplier 005,Mexico,LATAM,PLT-03,Tokyo Precision,Japan,APAC,Enterprise,Canada,UPS,1,1,1,1,1,100.0,100.0,100.0,LOGISTICS
2026-03-01,SUP-006,Supplier 006,Brazil,LATAM,PLT-05,Monterrey Plant,Mexico,LATAM,Enterprise,Japan,FedEx,1,1,0,0,0,0.0,0.0,0.0,LOGISTICS
2026-03-01,SUP-006,Supplier 006,Brazil,LATAM,PLT-01,Munich Center,Germany,EMEA,SMB,USA,Kuehne+Nagel,1,1,0,1,0,0.0,100.0,0.0,LOGISTICS
2026-03-01,SUP-006,Supplier 006,Brazil,LATAM,PLT-00,Shanghai Hub,China,APAC,Government,Australia,Maersk,1,1,0,1,0,0.0,100.0,0.0,LOGISTICS
2026-03-01,SUP-006,Supplier 006,Brazil,LATAM,PLT-01,Munich Center,Germany,EMEA,Government,France,FedEx,1,1,0,1,0,0.0,100.0,0.0,LOGISTICS
2026-03-01,SUP-006,Supplier 006,Brazil,LATAM,PLT-05,Monterrey Plant,Mexico,LATAM,Government,France,UPS,1,1,0,1,0,0.0,100.0,0.0,LOGISTICS
2026-03-01,SUP-006,Supplier 006,Brazil,LATAM,PLT-08,Taipei Micro,Taiwan,APAC,Enterprise,USA,UPS,1,1,0,1,0,0.0,100.0,0.0,LOGISTICS
2026-03-01,SUP-006,Supplier 006,Brazil,LATAM,PLT-03,Tokyo Precision,Japan,APAC,SMB,Australia,Maersk,1,1,0,0,0,0.0,0.0,0.0,LOGISTICS
2026-03-01,SUP-006,Supplier 006,Brazil,LATAM,PLT-08,Taipei Micro,Taiwan,APAC,Enterprise,Japan,DHL,1,1,0,1,0,0.0,100.0,0.0,LOGISTICS
2026-03-01,SUP-007,Supplier 007,South Korea,APAC,PLT-05,Monterrey Plant,Mexico,LATAM,SMB,France,Kuehne+Nagel,1,1,0,1,0,0.0,100.0,0.0,LOGISTICS
2026-03-01,SUP-007,Supplier 007,South Korea,APAC,PLT-04,Chennai Forge,India,APAC,SMB,Singapore,FedEx,1,1,1,0,0,100.0,0.0,0.0,LOGISTICS
2026-03-01,SUP-007,Supplier 007,South Korea,APAC,PLT-08,Taipei Micro,Taiwan,APAC,SMB,Germany,Kuehne+Nagel,1,1,1,0,0,100.0,0.0,0.0,LOGISTICS
2026-03-01,SUP-007,Supplier 007,South Korea,APAC,PLT-08,Taipei Micro,Taiwan,APAC,SMB,Germany,UPS,1,1,1,1,1,100.0,100.0,100.0,LOGISTICS
2026-03-01,SUP-008,Supplier 008,Taiwan,APAC,PLT-06,Sao Paulo Ops,Brazil,LATAM,SMB,UK,FedEx,1,1,0,0,0,0.0,0.0,0.0,LOGISTICS
2026-03-01,SUP-008,Supplier 008,Taiwan,APAC,PLT-01,Munich Center,Germany,EMEA,SMB,France,DHL,1,1,0,1,0,0.0,100.0,0.0,LOGISTICS
2026-03-01,SUP-008,Supplier 008,Taiwan,APAC,PLT-08,Taipei Micro,Taiwan,APAC,SMB,Australia,DB Schenker,1,1,1,0,0,100.0,0.0,0.0,LOGISTICS
2026-03-01,SUP-008,Supplier 008,Taiwan,APAC,PLT-09,Hanoi Assembly,Vietnam,APAC,SMB,Canada,Kuehne+Nagel,1,1,1,1,1,100.0,100.0,100.0,LOGISTICS
2026-03-01,SUP-008,Supplier 008,Taiwan,APAC,PLT-03,Tokyo Precision,Japan,APAC,SMB,Singapore,FedEx,1,1,1,1,1,100.0,100.0,100.0,LOGISTICS
2026-03-01,SUP-008,Supplier 008,Taiwan,APAC,PLT-09,Hanoi Assembly,Vietnam,APAC,SMB,UK,UPS,1,1,0,0,0,0.0,0.0,0.0,LOGISTICS
2026-03-01,SUP-008,Supplier 008,Taiwan,APAC,PLT-01,Munich Center,Germany,EMEA,Enterprise,Japan,Kuehne+Nagel,1,1,1,1,1,100.0,100.0,100.0,LOGISTICS
2026-03-01,SUP-009,Supplier 009,Vietnam,APAC,PLT-01,Munich Center,Germany,EMEA,SMB,Australia,Kuehne+Nagel,1,1,1,0,0,100.0,0.0,0.0,LOGISTICS
2026-03-01,SUP-009,Supplier 009,Vietnam,APAC,PLT-08,Taipei Micro,Taiwan,APAC,Enterprise,USA,DHL,1,1,1,0,0,100.0,0.0,0.0,LOGISTICS
2026-03-01,SUP-009,Supplier 009,Vietnam,APAC,PLT-01,Munich Center,Germany,EMEA,Enterprise,Japan,DHL,1,1,1,1,1,100.0,100.0,100.0,LOGISTICS
2026-03-01,SUP-009,Supplier 009,Vietnam,APAC,PLT-04,Chennai Forge,India,APAC,Enterprise,France,DHL,1,1,1,0,0,100.0,0.0,0.0,LOGISTICS
2026-03-01,SUP-009,Supplier 009,Vietnam,APAC,PLT-08,Taipei Micro,Taiwan,APAC,Enterprise,USA,FedEx,1,1,0,1,0,0.0,100.0,0.0,LOGISTICS
2026-03-01,SUP-009,Supplier 009,Vietnam,APAC,PLT-09,Hanoi Assembly,Vietnam,APAC,Government,UK,DHL,1,1,0,0,0,0.0,0.0,0.0,LOGISTICS
2026-03-01,SUP-009,Supplier 009,Vietnam,APAC,PLT-06,Sao Paulo Ops,Brazil,LATAM,Enterprise,USA,DHL,1,1,1,0,0,100.0,0.0,0.0,LOGISTICS
2026-03-01,SUP-009,Supplier 009,Vietnam,APAC,PLT-07,Seoul Tech,South Korea,APAC,SMB,UK,DB Schenker,1,1,0,1,0,0.0,100.0,0.0,LOGISTICS
2026-03-01,SUP-009,Supplier 009,Vietnam,APAC,PLT-01,Munich Center,Germany,EMEA,Enterprise,Singapore,Maersk,1,1,0,0,0,0.0,0.0,0.0,LOGISTICS
2026-03-01,SUP-009,Supplier 009,Vietnam,APAC,PLT-08,Taipei Micro,Taiwan,APAC,Government,Japan,Maersk,1,1,1,1,1,100.0,100.0,100.0,LOGISTICS
2026-03-01,SUP-009,Supplier 009,Vietnam,APAC,PLT-01,Munich Center,Germany,EMEA,Enterprise,Singapore,UPS,1,1,1,1,1,100.0,100.0,100.0,LOGISTICS
2026-03-01,SUP-009,Supplier 009,Vietnam,APAC,PLT-00,Shanghai Hub,China,APAC,SMB,France,DHL,1,1,1,1,1,100.0,100.0,100.0,LOGISTICS
2026-03-01,SUP-009,Supplier 009,Vietnam,APAC,PLT-08,Taipei Micro,Taiwan,APAC,Enterprise,USA,DB Schenker,1,1,1,0,0,100.0,0.0,0.0,LOGISTICS
2026-03-01,SUP-010,Supplier 010,China,APAC,PLT-08,Taipei Micro,Taiwan,APAC,SMB,Australia,FedEx,1,1,1,0,0,100.0,0.0,0.0,LOGISTICS
2026-03-01,SUP-010,Supplier 010,China,APAC,PLT-00,Shanghai Hub,China,APAC,SMB,Australia,Kuehne+Nagel,1,1,1,1,1,100.0,100.0,100.0,LOGISTICS
2026-03-01,SUP-010,Supplier 010,China,APAC,PLT-08,Taipei Micro,Taiwan,APAC,Government,Germany,DB Schenker,1,1,0,1,0,0.0,100.0,0.0,LOGISTICS
2026-03-01,SUP-010,Supplier 010,China,APAC,PLT-01,Munich Center,Germany,EMEA,Government,Germany,DB Schenker,1,1,1,0,0,100.0,0.0,0.0,LOGISTICS
2026-03-01,SUP-010,Supplier 010,China,APAC,PLT-07,Seoul Tech,South Korea,APAC,SMB,USA,DB Schenker,1,1,1,1,1,100.0,100.0,100.0,LOGISTICS
2026-03-01,SUP-010,Supplier 010,China,APAC,PLT-07,Seoul Tech,South Korea,APAC,SMB,USA,DHL,1,1,0,0,0,0.0,0.0,0.0,LOGISTICS
2026-03-01,SUP-010,Supplier 010,China,APAC,PLT-01,Munich Center,Germany,EMEA,Government,Germany,Kuehne+Nagel,1,1,0,1,0,0.0,100.0,0.0,LOGISTICS
2026-03-01,SUP-010,Supplier 010,China,APAC,PLT-02,Detroit Works,USA,NA,Government,France,DHL,1,2,1,1,1,50.0,50.0,50.0,LOGISTICS
2026-03-01,SUP-010,Supplier 010,China,APAC,PLT-08,Taipei Micro,Taiwan,APAC,SMB,Australia,UPS,1,1,0,0,0,0.0,0.0,0.0,LOGISTICS
2026-03-01,SUP-011,Supplier 011,Germany,EMEA,PLT-06,Sao Paulo Ops,Brazil,LATAM,Government,Germany,FedEx,1,1,0,0,0,0.0,0.0,0.0,LOGISTICS
2026-03-01,SUP-011,Supplier 011,Germany,EMEA,PLT-07,Seoul Tech,South Korea,APAC,Enterprise,Japan,FedEx,1,1,0,1,0,0.0,100.0,0.0,LOGISTICS
2026-03-01,SUP-011,Supplier 011,Germany,EMEA,PLT-06,Sao Paulo Ops,Brazil,LATAM,Government,Germany,Kuehne+Nagel,1,1,0,0,0,0.0,0.0,0.0,LOGISTICS
2026-03-01,SUP-011,Supplier 011,Germany,EMEA,PLT-07,Seoul Tech,South Korea,APAC,SMB,Australia,UPS,1,1,1,1,1,100.0,100.0,100.0,LOGISTICS
2026-03-01,SUP-011,Supplier 011,Germany,EMEA,PLT-09,Hanoi Assembly,Vietnam,APAC,SMB,USA,Maersk,1,1,0,0,0,0.0,0.0,0.0,LOGISTICS
2026-03-01,SUP-011,Supplier 011,Germany,EMEA,PLT-09,Hanoi Assembly,Vietnam,APAC,SMB,USA,DHL,1,1,1,1,1,100.0,100.0,100.0,LOGISTICS
2026-03-01,SUP-012,Supplier 012,USA,NA,PLT-02,Detroit Works,USA,NA,Enterprise,Germany,DHL,1,1,0,0,0,0.0,0.0,0.0,LOGISTICS
2026-03-01,SUP-012,Supplier 012,USA,NA,PLT-07,Seoul Tech,South Korea,APAC,Government,Germany,Maersk,1,1,1,1,1,100.0,100.0,100.0,LOGISTICS
2026-03-01,SUP-012,Supplier 012,USA,NA,PLT-02,Detroit Works,USA,NA,SMB,France,DB Schenker,1,1,0,1,0,0.0,100.0,0.0,LOGISTICS
2026-03-01,SUP-012,Supplier 012,USA,NA,PLT-09,Hanoi Assembly,Vietnam,APAC,Enterprise,France,Kuehne+Nagel,1,2,2,0,0,100.0,0.0,0.0,LOGISTICS
2026-03-01,SUP-012,Supplier 012,USA,NA,PLT-06,Sao Paulo Ops,Brazil,LATAM,SMB,Japan,UPS,1,1,0,1,0,0.0,100.0,0.0,LOGISTICS
2026-03-01,SUP-012,Supplier 012,USA,NA,PLT-01,Munich Center,Germany,EMEA,Enterprise,Germany,FedEx,1,1,0,0,0,0.0,0.0,0.0,LOGISTICS
2026-03-01,SUP-012,Supplier 012,USA,NA,PLT-02,Detroit Works,USA,NA,Enterprise,Germany,UPS,1,1,0,1,0,0.0,100.0,0.0,LOGISTICS
2026-03-01,SUP-012,Supplier 012,USA,NA,PLT-07,Seoul Tech,South Korea,APAC,Enterprise,Australia,Kuehne+Nagel,1,1,1,0,0,100.0,0.0,0.0,LOGISTICS
2026-03-01,SUP-012,Supplier 012,USA,NA,PLT-01,Munich Center,Germany,EMEA,Enterprise,Germany,Kuehne+Nagel,1,1,1,0,0,100.0,0.0,0.0,LOGISTICS
2026-03-01,SUP-012,Supplier 012,USA,NA,PLT-01,Munich Center,Germany,EMEA,Government,USA,DHL,1,1,0,1,0,0.0,100.0,0.0,LOGISTICS
2026-03-01,SUP-012,Supplier 012,USA,NA,PLT-07,Seoul Tech,South Korea,APAC,Enterprise,Australia,Maersk,1,1,1,0,0,100.0,0.0,0.0,LOGISTICS
2026-03-01,SUP-012,Supplier 012,USA,NA,PLT-07,Seoul Tech,South Korea,APAC,Government,Germany,FedEx,1,1,1,0,0,100.0,0.0,0.0,LOGISTICS
2026-03-01,SUP-012,Supplier 012,USA,NA,PLT-02,Detroit Works,USA,NA,Enterprise,Japan,FedEx,1,1,0,1,0,0.0,100.0,0.0,LOGISTICS
2026-03-01,SUP-013,Supplier 013,Japan,APAC,PLT-07,Seoul Tech,South Korea,APAC,SMB,Singapore,DB Schenker,1,1,1,0,0,100.0,0.0,0.0,LOGISTICS
2026-03-01,SUP-013,Supplier 013,Japan,APAC,PLT-00,Shanghai Hub,China,APAC,Enterprise,Japan,DHL,1,1,1,0,0,100.0,0.0,0.0,LOGISTICS
2026-03-01,SUP-013,Supplier 013,Japan,APAC,PLT-09,Hanoi Assembly,Vietnam,APAC,SMB,Canada,DB Schenker,1,1,1,1,1,100.0,100.0,100.0,LOGISTICS
2026-03-01,SUP-013,Supplier 013,Japan,APAC,PLT-02,Detroit Works,USA,NA,Government,France,DB Schenker,1,1,0,1,0,0.0,100.0,0.0,LOGISTICS
2026-03-01,SUP-013,Supplier 013,Japan,APAC,PLT-07,Seoul Tech,South Korea,APAC,SMB,Australia,DHL,1,1,0,1,0,0.0,100.0,0.0,LOGISTICS
2026-03-01,SUP-013,Supplier 013,Japan,APAC,PLT-02,Detroit Works,USA,NA,SMB,UK,DB Schenker,1,1,0,1,0,0.0,100.0,0.0,LOGISTICS
2026-03-01,SUP-013,Supplier 013,Japan,APAC,PLT-02,Detroit Works,USA,NA,Government,France,FedEx,1,1,1,0,0,100.0,0.0,0.0,LOGISTICS
2026-03-01,SUP-013,Supplier 013,Japan,APAC,PLT-08,Taipei Micro,Taiwan,APAC,Enterprise,USA,Maersk,1,1,0,0,0,0.0,0.0,0.0,LOGISTICS
2026-03-01,SUP-014,Supplier 014,India,APAC,PLT-03,Tokyo Precision,Japan,APAC,SMB,UK,FedEx,1,1,0,1,0,0.0,100.0,0.0,LOGISTICS
2026-03-01,SUP-014,Supplier 014,India,APAC,PLT-05,Monterrey Plant,Mexico,LATAM,SMB,Germany,DB Schenker,1,1,0,1,0,0.0,100.0,0.0,LOGISTICS
2026-03-01,SUP-014,Supplier 014,India,APAC,PLT-07,Seoul Tech,South Korea,APAC,Government,Australia,Kuehne+Nagel,1,1,0,0,0,0.0,0.0,0.0,LOGISTICS
2026-03-01,SUP-014,Supplier 014,India,APAC,PLT-02,Detroit Works,USA,NA,Enterprise,Australia,Maersk,1,2,2,0,0,100.0,0.0,0.0,LOGISTICS
2026-03-01,SUP-014,Supplier 014,India,APAC,PLT-01,Munich Center,Germany,EMEA,Government,Australia,Kuehne+Nagel,1,1,1,1,1,100.0,100.0,100.0,LOGISTICS
2026-03-01,SUP-015,Supplier 015,Mexico,LATAM,PLT-08,Taipei Micro,Taiwan,APAC,Government,USA,Kuehne+Nagel,1,1,1,1,1,100.0,100.0,100.0,LOGISTICS
2026-03-01,SUP-015,Supplier 015,Mexico,LATAM,PLT-08,Taipei Micro,Taiwan,APAC,SMB,USA,DHL,1,1,0,1,0,0.0,100.0,0.0,LOGISTICS
2026-03-01,SUP-015,Supplier 015,Mexico,LATAM,PLT-02,Detroit Works,USA,NA,SMB,Canada,DB Schenker,1,1,0,1,0,0.0,100.0,0.0,LOGISTICS
2026-03-01,SUP-015,Supplier 015,Mexico,LATAM,PLT-09,Hanoi Assembly,Vietnam,APAC,SMB,UK,DHL,1,1,0,0,0,0.0,0.0,0.0,LOGISTICS
2026-03-01,SUP-015,Supplier 015,Mexico,LATAM,PLT-02,Detroit Works,USA,NA,Enterprise,Canada,DHL,1,1,0,1,0,0.0,100.0,0.0,LOGISTICS
2026-03-01,SUP-015,Supplier 015,Mexico,LATAM,PLT-00,Shanghai Hub,China,APAC,SMB,France,DB Schenker,1,1,1,1,1,100.0,100.0,100.0,LOGISTICS
2026-03-01,SUP-015,Supplier 015,Mexico,LATAM,PLT-08,Taipei Micro,Taiwan,APAC,SMB,Japan,FedEx,1,2,2,0,0,100.0,0.0,0.0,LOGISTICS
2026-03-01,SUP-016,Supplier 016,Brazil,LATAM,PLT-05,Monterrey Plant,Mexico,LATAM,SMB,Singapore,UPS,1,1,0,1,0,0.0,100.0,0.0,LOGISTICS
2026-03-01,SUP-016,Supplier 016,Brazil,LATAM,PLT-03,Tokyo Precision,Japan,APAC,Government,Australia,Maersk,1,1,0,0,0,0.0,0.0,0.0,LOGISTICS
2026-03-01,SUP-016,Supplier 016,Brazil,LATAM,PLT-04,Chennai Forge,India,APAC,SMB,Germany,Kuehne+Nagel,1,1,1,1,1,100.0,100.0,100.0,LOGISTICS
2026-03-01,SUP-016,Supplier 016,Brazil,LATAM,PLT-01,Munich Center,Germany,EMEA,Enterprise,France,Maersk,1,1,1,1,1,100.0,100.0,100.0,LOGISTICS
2026-03-01,SUP-016,Supplier 016,Brazil,LATAM,PLT-06,Sao Paulo Ops,Brazil,LATAM,Government,Germany,DB Schenker,1,1,0,0,0,0.0,0.0,0.0,LOGISTICS
2026-03-01,SUP-016,Supplier 016,Brazil,LATAM,PLT-09,Hanoi Assembly,Vietnam,APAC,Enterprise,France,UPS,2,2,0,1,0,0.0,50.0,0.0,LOGISTICS
2026-03-01,SUP-016,Supplier 016,Brazil,LATAM,PLT-03,Tokyo Precision,Japan,APAC,Government,Australia,UPS,1,1,1,0,0,100.0,0.0,0.0,LOGISTICS
2026-03-01,SUP-016,Supplier 016,Brazil,LATAM,PLT-09,Hanoi Assembly,Vietnam,APAC,Enterprise,France,DHL,1,1,0,1,0,0.0,100.0,0.0,LOGISTICS
2026-03-01,SUP-017,Supplier 017,South Korea,APAC,PLT-01,Munich Center,Germany,EMEA,SMB,Japan,UPS,1,1,0,0,0,0.0,0.0,0.0,LOGISTICS
2026-03-01,SUP-017,Supplier 017,South Korea,APAC,PLT-02,Detroit Works,USA,NA,SMB,Singapore,Kuehne+Nagel,1,1,1,0,0,100.0,0.0,0.0,LOGISTICS
2026-03-01,SUP-017,Supplier 017,South Korea,APAC,PLT-01,Munich Center,Germany,EMEA,SMB,Japan,Maersk,1,1,1,1,1,100.0,100.0,100.0,LOGISTICS
2026-03-01,SUP-017,Supplier 017,South Korea,APAC,PLT-04,Chennai Forge,India,APAC,SMB,Australia,Kuehne+Nagel,1,1,1,1,1,100.0,100.0,100.0,LOGISTICS
2026-03-01,SUP-017,Supplier 017,South Korea,APAC,PLT-06,Sao Paulo Ops,Brazil,LATAM,Government,Singapore,Maersk,1,1,0,0,0,0.0,0.0,0.0,LOGISTICS
2026-03-01,SUP-018,Supplier 018,Taiwan,APAC,PLT-02,Detroit Works,USA,NA,Enterprise,USA,UPS,1,1,0,0,0,0.0,0.0,0.0,LOGISTICS
2026-03-01,SUP-018,Supplier 018,Taiwan,APAC,PLT-06,Sao Paulo Ops,Brazil,LATAM,Enterprise,Germany,DB Schenker,1,1,0,1,0,0.0,100.0,0.0,LOGISTICS
2026-03-01,SUP-018,Supplier 018,Taiwan,APAC,PLT-00,Shanghai Hub,China,APAC,SMB,Australia,UPS,1,1,1,1,1,100.0,100.0,100.0,LOGISTICS
2026-03-01,SUP-018,Supplier 018,Taiwan,APAC,PLT-04,Chennai Forge,India,APAC,SMB,France,Kuehne+Nagel,1,1,0,0,0,0.0,0.0,0.0,LOGISTICS
2026-03-01,SUP-018,Supplier 018,Taiwan,APAC,PLT-03,Tokyo Precision,Japan,APAC,SMB,Germany,DB Schenker,1,1,0,1,0,0.0,100.0,0.0,LOGISTICS
2026-03-01,SUP-019,Supplier 019,Vietnam,APAC,PLT-09,Hanoi Assembly,Vietnam,APAC,Government,USA,DHL,1,1,0,1,0,0.0,100.0,0.0,LOGISTICS
2026-03-01,SUP-019,Supplier 019,Vietnam,APAC,PLT-00,Shanghai Hub,China,APAC,SMB,Germany,DB Schenker,1,1,1,1,1,100.0,100.0,100.0,LOGISTICS
2026-03-01,SUP-019,Supplier 019,Vietnam,APAC,PLT-03,Tokyo Precision,Japan,APAC,Government,Germany,UPS,1,1,1,1,1,100.0,100.0,100.0,LOGISTICS
2026-03-01,SUP-020,Supplier 020,China,APAC,PLT-06,Sao Paulo Ops,Brazil,LATAM,SMB,UK,DB Schenker,1,1,1,0,0,100.0,0.0,0.0,LOGISTICS
2026-03-01,SUP-020,Supplier 020,China,APAC,PLT-06,Sao Paulo Ops,Brazil,LATAM,Enterprise,Canada,DB Schenker,1,1,1,0,0,100.0,0.0,0.0,LOGISTICS
2026-03-01,SUP-020,Supplier 020,China,APAC,PLT-04,Chennai Forge,India,APAC,SMB,France,Kuehne+Nagel,1,1,0,1,0,0.0,100.0,0.0,LOGISTICS
2026-03-01,SUP-020,Supplier 020,China,APAC,PLT-04,Chennai Forge,India,APAC,Government,Canada,DB Schenker,1,1,1,1,1,100.0,100.0,100.0,LOGISTICS
2026-03-01,SUP-020,Supplier 020,China,APAC,PLT-08,Taipei Micro,Taiwan,APAC,SMB,USA,Kuehne+Nagel,1,1,1,1,1,100.0,100.0,100.0,LOGISTICS
2026-03-01,SUP-020,Supplier 020,China,APAC,PLT-01,Munich Center,Germany,EMEA,Enterprise,USA,UPS,1,1,1,1,1,100.0,100.0,100.0,LOGISTICS
2026-03-01,SUP-020,Supplier 020,China,APAC,PLT-06,Sao Paulo Ops,Brazil,LATAM,SMB,UK,DHL,1,1,1,1,1,100.0,100.0,100.0,LOGISTICS
2026-03-01,SUP-021,Supplier 021,Germany,EMEA,PLT-02,Detroit Works,USA,NA,Government,Germany,DHL,1,1,0,1,0,0.0,100.0,0.0,LOGISTICS
2026-03-01,SUP-021,Supplier 021,Germany,EMEA,PLT-00,Shanghai Hub,China,APAC,Government,USA,DHL,1,1,0,1,0,0.0,100.0,0.0,LOGISTICS
2026-03-01,SUP-021,Supplier 021,Germany,EMEA,PLT-04,Chennai Forge,India,APAC,Government,USA,UPS,1,1,0,1,0,0.0,100.0,0.0,LOGISTICS
2026-03-01,SUP-022,Supplier 022,USA,NA,PLT-08,Taipei Micro,Taiwan,APAC,Enterprise,UK,Kuehne+Nagel,1,1,1,1,1,100.0,100.0,100.0,LOGISTICS
2026-03-01,SUP-022,Supplier 022,USA,NA,PLT-08,Taipei Micro,Taiwan,APAC,Enterprise,UK,UPS,1,1,1,0,0,100.0,0.0,0.0,LOGISTICS
2026-03-01,SUP-022,Supplier 022,USA,NA,PLT-02,Detroit Works,USA,NA,SMB,USA,DB Schenker,1,1,1,1,1,100.0,100.0,100.0,LOGISTICS
2026-03-01,SUP-022,Supplier 022,USA,NA,PLT-01,Munich Center,Germany,EMEA,SMB,Singapore,Maersk,1,1,1,0,0,100.0,0.0,0.0,LOGISTICS
2026-03-01,SUP-022,Supplier 022,USA,NA,PLT-04,Chennai Forge,India,APAC,SMB,Australia,DB Schenker,1,1,1,1,1,100.0,100.0,100.0,LOGISTICS
2026-03-01,SUP-022,Supplier 022,USA,NA,PLT-04,Chennai Forge,India,APAC,Enterprise,UK,DHL,1,1,1,1,1,100.0,100.0,100.0,LOGISTICS
2026-03-01,SUP-022,Supplier 022,USA,NA,PLT-07,Seoul Tech,South Korea,APAC,Enterprise,Germany,UPS,1,1,0,1,0,0.0,100.0,0.0,LOGISTICS
2026-03-01,SUP-022,Supplier 022,USA,NA,PLT-01,Munich Center,Germany,EMEA,Enterprise,Japan,DHL,1,1,1,1,1,100.0,100.0,100.0,LOGISTICS
2026-03-01,SUP-022,Supplier 022,USA,NA,PLT-08,Taipei Micro,Taiwan,APAC,SMB,Australia,DB Schenker,1,1,0,0,0,0.0,0.0,0.0,LOGISTICS
2026-03-01,SUP-022,Supplier 022,USA,NA,PLT-01,Munich Center,Germany,EMEA,SMB,Singapore,Kuehne+Nagel,1,1,0,0,0,0.0,0.0,0.0,LOGISTICS
2026-03-01,SUP-022,Supplier 022,USA,NA,PLT-06,Sao Paulo Ops,Brazil,LATAM,SMB,Australia,DHL,1,1,0,1,0,0.0,100.0,0.0,LOGISTICS
2026-03-01,SUP-022,Supplier 022,USA,NA,PLT-07,Seoul Tech,South Korea,APAC,SMB,France,DHL,1,1,1,0,0,100.0,0.0,0.0,LOGISTICS
2026-03-01,SUP-023,Supplier 023,Japan,APAC,PLT-01,Munich Center,Germany,EMEA,SMB,Australia,DB Schenker,1,1,1,1,1,100.0,100.0,100.0,LOGISTICS
2026-03-01,SUP-023,Supplier 023,Japan,APAC,PLT-08,Taipei Micro,Taiwan,APAC,Enterprise,Germany,UPS,1,1,0,1,0,0.0,100.0,0.0,LOGISTICS
2026-03-01,SUP-023,Supplier 023,Japan,APAC,PLT-08,Taipei Micro,Taiwan,APAC,Enterprise,Germany,FedEx,1,1,0,0,0,0.0,0.0,0.0,LOGISTICS
2026-03-01,SUP-024,Supplier 024,India,APAC,PLT-06,Sao Paulo Ops,Brazil,LATAM,SMB,Australia,Kuehne+Nagel,1,1,0,0,0,0.0,0.0,0.0,LOGISTICS
2026-03-01,SUP-024,Supplier 024,India,APAC,PLT-02,Detroit Works,USA,NA,Enterprise,Japan,Maersk,1,1,0,1,0,0.0,100.0,0.0,LOGISTICS
2026-03-01,SUP-024,Supplier 024,India,APAC,PLT-07,Seoul Tech,South Korea,APAC,SMB,USA,FedEx,1,1,1,0,0,100.0,0.0,0.0,LOGISTICS
2026-03-01,SUP-024,Supplier 024,India,APAC,PLT-08,Taipei Micro,Taiwan,APAC,Enterprise,France,Maersk,1,1,0,1,0,0.0,100.0,0.0,LOGISTICS
2026-03-01,SUP-024,Supplier 024,India,APAC,PLT-04,Chennai Forge,India,APAC,SMB,France,Maersk,1,1,0,0,0,0.0,0.0,0.0,LOGISTICS
2026-03-01,SUP-024,Supplier 024,India,APAC,PLT-07,Seoul Tech,South Korea,APAC,SMB,USA,UPS,1,1,0,1,0,0.0,100.0,0.0,LOGISTICS
2026-03-01,SUP-025,Supplier 025,Mexico,LATAM,PLT-04,Chennai Forge,India,APAC,Government,USA,Kuehne+Nagel,1,1,0,1,0,0.0,100.0,0.0,LOGISTICS
2026-03-01,SUP-025,Supplier 025,Mexico,LATAM,PLT-00,Shanghai Hub,China,APAC,Enterprise,Japan,UPS,1,1,0,1,0,0.0,100.0,0.0,LOGISTICS
2026-03-01,SUP-025,Supplier 025,Mexico,LATAM,PLT-03,Tokyo Precision,Japan,APAC,SMB,Canada,DHL,1,1,1,0,0,100.0,0.0,0.0,LOGISTICS
2026-03-01,SUP-025,Supplier 025,Mexico,LATAM,PLT-03,Tokyo Precision,Japan,APAC,SMB,Australia,Kuehne+Nagel,1,1,0,0,0,0.0,0.0,0.0,LOGISTICS
2026-03-01,SUP-025,Supplier 025,Mexico,LATAM,PLT-03,Tokyo Precision,Japan,APAC,Enterprise,France,DHL,1,2,1,1,0,50.0,50.0,0.0,LOGISTICS
2026-03-01,SUP-025,Supplier 025,Mexico,LATAM,PLT-03,Tokyo Precision,Japan,APAC,SMB,Canada,FedEx,1,1,0,1,0,0.0,100.0,0.0,LOGISTICS
2026-03-01,SUP-025,Supplier 025,Mexico,LATAM,PLT-03,Tokyo Precision,Japan,APAC,SMB,Australia,FedEx,1,1,0,0,0,0.0,0.0,0.0,LOGISTICS
2026-03-01,SUP-026,Supplier 026,Brazil,LATAM,PLT-02,Detroit Works,USA,NA,SMB,Japan,DHL,1,1,1,0,0,100.0,0.0,0.0,LOGISTICS
2026-03-01,SUP-026,Supplier 026,Brazil,LATAM,PLT-04,Chennai Forge,India,APAC,SMB,UK,UPS,1,1,0,0,0,0.0,0.0,0.0,LOGISTICS
2026-03-01,SUP-026,Supplier 026,Brazil,LATAM,PLT-08,Taipei Micro,Taiwan,APAC,SMB,France,Maersk,1,1,0,0,0,0.0,0.0,0.0,LOGISTICS
2026-03-01,SUP-026,Supplier 026,Brazil,LATAM,PLT-04,Chennai Forge,India,APAC,SMB,UK,FedEx,1,1,1,0,0,100.0,0.0,0.0,LOGISTICS
2026-03-01,SUP-026,Supplier 026,Brazil,LATAM,PLT-00,Shanghai Hub,China,APAC,Enterprise,UK,DB Schenker,1,1,0,1,0,0.0,100.0,0.0,LOGISTICS
2026-03-01,SUP-026,Supplier 026,Brazil,LATAM,PLT-00,Shanghai Hub,China,APAC,Enterprise,UK,FedEx,1,1,1,0,0,100.0,0.0,0.0,LOGISTICS
2026-03-01,SUP-027,Supplier 027,South Korea,APAC,PLT-09,Hanoi Assembly,Vietnam,APAC,Government,Singapore,DB Schenker,1,1,1,1,1,100.0,100.0,100.0,LOGISTICS
2026-03-01,SUP-027,Supplier 027,South Korea,APAC,PLT-09,Hanoi Assembly,Vietnam,APAC,Enterprise,USA,Kuehne+Nagel,1,1,1,1,1,100.0,100.0,100.0,LOGISTICS
2026-03-01,SUP-027,Supplier 027,South Korea,APAC,PLT-04,Chennai Forge,India,APAC,SMB,Japan,UPS,1,1,1,0,0,100.0,0.0,0.0,LOGISTICS
2026-03-01,SUP-027,Supplier 027,South Korea,APAC,PLT-05,Monterrey Plant,Mexico,LATAM,SMB,UK,Kuehne+Nagel,1,1,1,1,1,100.0,100.0,100.0,LOGISTICS
2026-03-01,SUP-027,Supplier 027,South Korea,APAC,PLT-08,Taipei Micro,Taiwan,APAC,Government,Germany,Kuehne+Nagel,1,1,0,0,0,0.0,0.0,0.0,LOGISTICS
2026-03-01,SUP-027,Supplier 027,South Korea,APAC,PLT-08,Taipei Micro,Taiwan,APAC,SMB,Germany,DB Schenker,1,1,1,1,1,100.0,100.0,100.0,LOGISTICS
2026-03-01,SUP-027,Supplier 027,South Korea,APAC,PLT-08,Taipei Micro,Taiwan,APAC,Government,Germany,DHL,1,1,0,0,0,0.0,0.0,0.0,LOGISTICS
2026-03-01,SUP-027,Supplier 027,South Korea,APAC,PLT-00,Shanghai Hub,China,APAC,Enterprise,Canada,DHL,1,1,1,1,1,100.0,100.0,100.0,LOGISTICS
2026-03-01,SUP-028,Supplier 028,Taiwan,APAC,PLT-06,Sao Paulo Ops,Brazil,LATAM,Enterprise,UK,DHL,1,1,1,0,0,100.0,0.0,0.0,LOGISTICS
2026-03-01,SUP-028,Supplier 028,Taiwan,APAC,PLT-01,Munich Center,Germany,EMEA,SMB,UK,FedEx,1,1,0,1,0,0.0,100.0,0.0,LOGISTICS
2026-03-01,SUP-028,Supplier 028,Taiwan,APAC,PLT-06,Sao Paulo Ops,Brazil,LATAM,Enterprise,UK,Kuehne+Nagel,1,1,1,0,0,100.0,0.0,0.0,LOGISTICS
2026-03-01,SUP-028,Supplier 028,Taiwan,APAC,PLT-06,Sao Paulo Ops,Brazil,LATAM,SMB,France,Kuehne+Nagel,1,1,1,1,1,100.0,100.0,100.0,LOGISTICS
2026-03-01,SUP-028,Supplier 028,Taiwan,APAC,PLT-06,Sao Paulo Ops,Brazil,LATAM,SMB,Canada,DHL,1,1,1,1,1,100.0,100.0,100.0,LOGISTICS
2026-03-01,SUP-028,Supplier 028,Taiwan,APAC,PLT-09,Hanoi Assembly,Vietnam,APAC,Government,USA,UPS,1,1,1,0,0,100.0,0.0,0.0,LOGISTICS
2026-03-01,SUP-029,Supplier 029,Vietnam,APAC,PLT-07,Seoul Tech,South Korea,APAC,Enterprise,Canada,Maersk,1,1,0,1,0,0.0,100.0,0.0,LOGISTICS
2026-03-01,SUP-029,Supplier 029,Vietnam,APAC,PLT-02,Detroit Works,USA,NA,SMB,Germany,DB Schenker,1,1,0,0,0,0.0,0.0,0.0,LOGISTICS
2026-03-01,SUP-029,Supplier 029,Vietnam,APAC,PLT-03,Tokyo Precision,Japan,APAC,SMB,Japan,Kuehne+Nagel,1,1,0,0,0,0.0,0.0,0.0,LOGISTICS
2026-03-01,SUP-029,Supplier 029,Vietnam,APAC,PLT-03,Tokyo Precision,Japan,APAC,SMB,Australia,Maersk,1,1,1,1,1,100.0,100.0,100.0,LOGISTICS
2026-03-01,SUP-029,Supplier 029,Vietnam,APAC,PLT-03,Tokyo Precision,Japan,APAC,SMB,Japan,Maersk,1,1,1,1,1,100.0,100.0,100.0,LOGISTICS
2026-03-01,SUP-029,Supplier 029,Vietnam,APAC,PLT-02,Detroit Works,USA,NA,SMB,Germany,UPS,1,1,0,1,0,0.0,100.0,0.0,LOGISTICS
2026-03-01,SUP-029,Supplier 029,Vietnam,APAC,PLT-07,Seoul Tech,South Korea,APAC,SMB,France,Maersk,1,1,0,1,0,0.0,100.0,0.0,LOGISTICS
2026-03-01,SUP-030,Supplier 030,China,APAC,PLT-00,Shanghai Hub,China,APAC,SMB,Australia,UPS,1,1,1,0,0,100.0,0.0,0.0,LOGISTICS
2026-03-01,SUP-030,Supplier 030,China,APAC,PLT-07,Seoul Tech,South Korea,APAC,Enterprise,Germany,Kuehne+Nagel,1,1,0,1,0,0.0,100.0,0.0,LOGISTICS
2026-03-01,SUP-030,Supplier 030,China,APAC,PLT-07,Seoul Tech,South Korea,APAC,SMB,France,UPS,1,1,1,1,1,100.0,100.0,100.0,LOGISTICS
2026-03-01,SUP-030,Supplier 030,China,APAC,PLT-04,Chennai Forge,India,APAC,Government,France,DHL,1,1,1,1,1,100.0,100.0,100.0,LOGISTICS
2026-03-01,SUP-030,Supplier 030,China,APAC,PLT-07,Seoul Tech,South Korea,APAC,Enterprise,Germany,DHL,1,1,0,0,0,0.0,0.0,0.0,LOGISTICS
2026-03-01,SUP-030,Supplier 030,China,APAC,PLT-09,Hanoi Assembly,Vietnam,APAC,SMB,Singapore,DHL,1,1,0,1,0,0.0,100.0,0.0,LOGISTICS
2026-03-01,SUP-031,Supplier 031,Germany,EMEA,PLT-04,Chennai Forge,India,APAC,SMB,Germany,Maersk,1,1,1,0,0,100.0,0.0,0.0,LOGISTICS
2026-03-01,SUP-031,Supplier 031,Germany,EMEA,PLT-08,Taipei Micro,Taiwan,APAC,SMB,UK,UPS,1,1,0,0,0,0.0,0.0,0.0,LOGISTICS
2026-03-01,SUP-031,Supplier 031,Germany,EMEA,PLT-01,Munich Center,Germany,EMEA,Enterprise,UK,DB Schenker,1,1,1,0,0,100.0,0.0,0.0,LOGISTICS
2026-03-01,SUP-031,Supplier 031,Germany,EMEA,PLT-06,Sao Paulo Ops,Brazil,LATAM,Enterprise,Germany,UPS,1,1,0,1,0,0.0,100.0,0.0,LOGISTICS
2026-03-01,SUP-031,Supplier 031,Germany,EMEA,PLT-08,Taipei Micro,Taiwan,APAC,SMB,Australia,DB Schenker,1,1,1,0,0,100.0,0.0,0.0,LOGISTICS
2026-03-01,SUP-031,Supplier 031,Germany,EMEA,PLT-08,Taipei Micro,Taiwan,APAC,SMB,Germany,DB Schenker,1,1,1,1,1,100.0,100.0,100.0,LOGISTICS
2026-03-01,SUP-031,Supplier 031,Germany,EMEA,PLT-05,Monterrey Plant,Mexico,LATAM,SMB,Japan,Kuehne+Nagel,1,1,1,1,1,100.0,100.0,100.0,LOGISTICS
2026-03-01,SUP-031,Supplier 031,Germany,EMEA,PLT-02,Detroit Works,USA,NA,Enterprise,Canada,Maersk,1,1,0,1,0,0.0,100.0,0.0,LOGISTICS
2026-03-01,SUP-031,Supplier 031,Germany,EMEA,PLT-00,Shanghai Hub,China,APAC,Enterprise,USA,UPS,1,1,0,0,0,0.0,0.0,0.0,LOGISTICS
2026-03-01,SUP-032,Supplier 032,USA,NA,PLT-06,Sao Paulo Ops,Brazil,LATAM,Enterprise,Japan,DB Schenker,1,1,1,0,0,100.0,0.0,0.0,LOGISTICS
2026-03-01,SUP-032,Supplier 032,USA,NA,PLT-07,Seoul Tech,South Korea,APAC,Government,Canada,Maersk,1,1,0,1,0,0.0,100.0,0.0,LOGISTICS
2026-03-01,SUP-032,Supplier 032,USA,NA,PLT-04,Chennai Forge,India,APAC,Enterprise,France,DHL,1,1,0,0,0,0.0,0.0,0.0,LOGISTICS
2026-03-01,SUP-032,Supplier 032,USA,NA,PLT-04,Chennai Forge,India,APAC,Enterprise,France,DB Schenker,1,1,0,1,0,0.0,100.0,0.0,LOGISTICS
2026-03-01,SUP-032,Supplier 032,USA,NA,PLT-05,Monterrey Plant,Mexico,LATAM,Enterprise,Japan,Kuehne+Nagel,1,1,0,1,0,0.0,100.0,0.0,LOGISTICS
2026-03-01,SUP-032,Supplier 032,USA,NA,PLT-07,Seoul Tech,South Korea,APAC,Government,Canada,DHL,1,1,0,0,0,0.0,0.0,0.0,LOGISTICS
2026-03-01,SUP-032,Supplier 032,USA,NA,PLT-01,Munich Center,Germany,EMEA,SMB,USA,Maersk,1,2,1,1,0,50.0,50.0,0.0,LOGISTICS
2026-03-01,SUP-033,Supplier 033,Japan,APAC,PLT-05,Monterrey Plant,Mexico,LATAM,Enterprise,Canada,UPS,1,1,1,1,1,100.0,100.0,100.0,LOGISTICS
2026-03-01,SUP-033,Supplier 033,Japan,APAC,PLT-03,Tokyo Precision,Japan,APAC,Enterprise,Canada,DHL,1,1,0,1,0,0.0,100.0,0.0,LOGISTICS
2026-03-01,SUP-033,Supplier 033,Japan,APAC,PLT-01,Munich Center,Germany,EMEA,Enterprise,Japan,Kuehne+Nagel,1,1,0,1,0,0.0,100.0,0.0,LOGISTICS
2026-03-01,SUP-033,Supplier 033,Japan,APAC,PLT-03,Tokyo Precision,Japan,APAC,Enterprise,Canada,FedEx,1,1,0,0,0,0.0,0.0,0.0,LOGISTICS
2026-03-01,SUP-033,Supplier 033,Japan,APAC,PLT-06,Sao Paulo Ops,Brazil,LATAM,SMB,France,DB Schenker,1,1,1,0,0,100.0,0.0,0.0,LOGISTICS
2026-03-01,SUP-033,Supplier 033,Japan,APAC,PLT-05,Monterrey Plant,Mexico,LATAM,Enterprise,Canada,Kuehne+Nagel,1,1,1,1,1,100.0,100.0,100.0,LOGISTICS
2026-03-01,SUP-033,Supplier 033,Japan,APAC,PLT-08,Taipei Micro,Taiwan,APAC,SMB,Germany,DB Schenker,1,1,0,0,0,0.0,0.0,0.0,LOGISTICS
2026-03-01,SUP-033,Supplier 033,Japan,APAC,PLT-01,Munich Center,Germany,EMEA,Government,France,UPS,1,1,1,1,1,100.0,100.0,100.0,LOGISTICS
2026-03-01,SUP-034,Supplier 034,India,APAC,PLT-00,Shanghai Hub,China,APAC,SMB,Japan,UPS,1,1,0,1,0,0.0,100.0,0.0,LOGISTICS
2026-03-01,SUP-034,Supplier 034,India,APAC,PLT-06,Sao Paulo Ops,Brazil,LATAM,SMB,Canada,DB Schenker,1,1,0,1,0,0.0,100.0,0.0,LOGISTICS
2026-03-01,SUP-034,Supplier 034,India,APAC,PLT-00,Shanghai Hub,China,APAC,SMB,Japan,DB Schenker,1,1,0,0,0,0.0,0.0,0.0,LOGISTICS
2026-03-01,SUP-034,Supplier 034,India,APAC,PLT-08,Taipei Micro,Taiwan,APAC,SMB,Canada,DHL,1,2,1,0,0,50.0,0.0,0.0,LOGISTICS
2026-03-01,SUP-034,Supplier 034,India,APAC,PLT-00,Shanghai Hub,China,APAC,Government,UK,Maersk,1,1,0,1,0,0.0,100.0,0.0,LOGISTICS
2026-03-01,SUP-034,Supplier 034,India,APAC,PLT-02,Detroit Works,USA,NA,Enterprise,USA,UPS,1,1,0,0,0,0.0,0.0,0.0,LOGISTICS
2026-03-01,SUP-034,Supplier 034,India,APAC,PLT-05,Monterrey Plant,Mexico,LATAM,SMB,Australia,UPS,1,1,1,0,0,100.0,0.0,0.0,LOGISTICS
2026-03-01,SUP-034,Supplier 034,India,APAC,PLT-02,Detroit Works,USA,NA,Enterprise,USA,DHL,1,1,0,1,0,0.0,100.0,0.0,LOGISTICS
2026-03-01,SUP-035,Supplier 035,Mexico,LATAM,PLT-00,Shanghai Hub,China,APAC,SMB,Japan,Maersk,1,1,0,1,0,0.0,100.0,0.0,LOGISTICS
2026-03-01,SUP-035,Supplier 035,Mexico,LATAM,PLT-08,Taipei Micro,Taiwan,APAC,SMB,Canada,Maersk,1,1,0,1,0,0.0,100.0,0.0,LOGISTICS
2026-03-01,SUP-035,Supplier 035,Mexico,LATAM,PLT-00,Shanghai Hub,China,APAC,SMB,Singapore,FedEx,1,1,0,1,0,0.0,100.0,0.0,LOGISTICS
2026-03-01,SUP-035,Supplier 035,Mexico,LATAM,PLT-03,Tokyo Precision,Japan,APAC,Government,USA,DHL,1,1,0,0,0,0.0,0.0,0.0,LOGISTICS
2026-03-01,SUP-035,Supplier 035,Mexico,LATAM,PLT-01,Munich Center,Germany,EMEA,Government,USA,Maersk,1,1,0,0,0,0.0,0.0,0.0,LOGISTICS
2026-03-01,SUP-035,Supplier 035,Mexico,LATAM,PLT-06,Sao Paulo Ops,Brazil,LATAM,SMB,Singapore,Kuehne+Nagel,1,1,0,1,0,0.0,100.0,0.0,LOGISTICS
2026-03-01,SUP-035,Supplier 035,Mexico,LATAM,PLT-00,Shanghai Hub,China,APAC,SMB,Singapore,UPS,1,1,1,0,0,100.0,0.0,0.0,LOGISTICS
2026-03-01,SUP-035,Supplier 035,Mexico,LATAM,PLT-03,Tokyo Precision,Japan,APAC,Government,USA,Maersk,1,1,1,1,1,100.0,100.0,100.0,LOGISTICS
2026-03-01,SUP-035,Supplier 035,Mexico,LATAM,PLT-07,Seoul Tech,South Korea,APAC,SMB,Singapore,Maersk,1,1,0,1,0,0.0,100.0,0.0,LOGISTICS
2026-03-01,SUP-035,Supplier 035,Mexico,LATAM,PLT-07,Seoul Tech,South Korea,APAC,SMB,Singapore,DHL,1,1,0,0,0,0.0,0.0,0.0,LOGISTICS
2026-03-01,SUP-035,Supplier 035,Mexico,LATAM,PLT-08,Taipei Micro,Taiwan,APAC,SMB,Canada,FedEx,1,2,1,1,1,50.0,50.0,50.0,LOGISTICS
2026-03-01,SUP-035,Supplier 035,Mexico,LATAM,PLT-06,Sao Paulo Ops,Brazil,LATAM,SMB,Japan,UPS,1,1,1,1,1,100.0,100.0,100.0,LOGISTICS
2026-03-01,SUP-036,Supplier 036,Brazil,LATAM,PLT-02,Detroit Works,USA,NA,SMB,UK,UPS,1,1,1,1,1,100.0,100.0,100.0,LOGISTICS
2026-03-01,SUP-036,Supplier 036,Brazil,LATAM,PLT-02,Detroit Works,USA,NA,Enterprise,Germany,DB Schenker,1,1,0,1,0,0.0,100.0,0.0,LOGISTICS
2026-03-01,SUP-036,Supplier 036,Brazil,LATAM,PLT-00,Shanghai Hub,China,APAC,Enterprise,USA,Kuehne+Nagel,2,2,0,2,0,0.0,100.0,0.0,LOGISTICS
2026-03-01,SUP-036,Supplier 036,Brazil,LATAM,PLT-02,Detroit Works,USA,NA,Enterprise,Germany,Kuehne+Nagel,1,1,0,0,0,0.0,0.0,0.0,LOGISTICS
2026-03-01,SUP-036,Supplier 036,Brazil,LATAM,PLT-02,Detroit Works,USA,NA,SMB,UK,DHL,1,1,0,0,0,0.0,0.0,0.0,LOGISTICS
2026-03-01,SUP-036,Supplier 036,Brazil,LATAM,PLT-04,Chennai Forge,India,APAC,Government,Germany,UPS,1,1,1,0,0,100.0,0.0,0.0,LOGISTICS
2026-03-01,SUP-036,Supplier 036,Brazil,LATAM,PLT-07,Seoul Tech,South Korea,APAC,SMB,Singapore,Kuehne+Nagel,1,1,1,0,0,100.0,0.0,0.0,LOGISTICS
2026-03-01,SUP-036,Supplier 036,Brazil,LATAM,PLT-04,Chennai Forge,India,APAC,Government,Germany,Kuehne+Nagel,1,1,1,1,1,100.0,100.0,100.0,LOGISTICS
2026-03-01,SUP-036,Supplier 036,Brazil,LATAM,PLT-02,Detroit Works,USA,NA,Government,Germany,FedEx,1,1,1,1,1,100.0,100.0,100.0,LOGISTICS
2026-03-01,SUP-036,Supplier 036,Brazil,LATAM,PLT-03,Tokyo Precision,Japan,APAC,SMB,Singapore,Kuehne+Nagel,1,1,0,0,0,0.0,0.0,0.0,LOGISTICS
2026-03-01,SUP-037,Supplier 037,South Korea,APAC,PLT-04,Chennai Forge,India,APAC,Government,USA,UPS,1,1,0,0,0,0.0,0.0,0.0,LOGISTICS
2026-03-01,SUP-037,Supplier 037,South Korea,APAC,PLT-01,Munich Center,Germany,EMEA,SMB,Canada,UPS,1,1,0,1,0,0.0,100.0,0.0,LOGISTICS
2026-03-01,SUP-037,Supplier 037,South Korea,APAC,PLT-01,Munich Center,Germany,EMEA,SMB,Canada,DHL,1,1,0,0,0,0.0,0.0,0.0,LOGISTICS
2026-03-01,SUP-037,Supplier 037,South Korea,APAC,PLT-04,Chennai Forge,India,APAC,Government,Singapore,UPS,1,1,1,1,1,100.0,100.0,100.0,LOGISTICS
2026-03-01,SUP-037,Supplier 037,South Korea,APAC,PLT-00,Shanghai Hub,China,APAC,SMB,Australia,DHL,1,1,1,0,0,100.0,0.0,0.0,LOGISTICS
2026-03-01,SUP-038,Supplier 038,Taiwan,APAC,PLT-08,Taipei Micro,Taiwan,APAC,SMB,Singapore,DHL,1,1,0,1,0,0.0,100.0,0.0,LOGISTICS
2026-03-01,SUP-038,Supplier 038,Taiwan,APAC,PLT-06,Sao Paulo Ops,Brazil,LATAM,SMB,Australia,Kuehne+Nagel,1,1,1,1,1,100.0,100.0,100.0,LOGISTICS
2026-03-01,SUP-038,Supplier 038,Taiwan,APAC,PLT-02,Detroit Works,USA,NA,SMB,France,DHL,1,1,1,1,1,100.0,100.0,100.0,LOGISTICS
2026-03-01,SUP-038,Supplier 038,Taiwan,APAC,PLT-07,Seoul Tech,South Korea,APAC,SMB,Australia,Maersk,1,1,1,1,1,100.0,100.0,100.0,LOGISTICS
2026-03-01,SUP-038,Supplier 038,Taiwan,APAC,PLT-09,Hanoi Assembly,Vietnam,APAC,SMB,Singapore,DHL,1,2,0,1,0,0.0,50.0,0.0,LOGISTICS
2026-03-01,SUP-038,Supplier 038,Taiwan,APAC,PLT-02,Detroit Works,USA,NA,SMB,Canada,DHL,1,1,1,0,0,100.0,0.0,0.0,LOGISTICS
2026-03-01,SUP-038,Supplier 038,Taiwan,APAC,PLT-08,Taipei Micro,Taiwan,APAC,SMB,Singapore,DB Schenker,1,1,0,0,0,0.0,0.0,0.0,LOGISTICS
2026-03-01,SUP-038,Supplier 038,Taiwan,APAC,PLT-09,Hanoi Assembly,Vietnam,APAC,SMB,UK,Maersk,1,1,0,0,0,0.0,0.0,0.0,LOGISTICS
2026-03-01,SUP-039,Supplier 039,Vietnam,APAC,PLT-09,Hanoi Assembly,Vietnam,APAC,SMB,France,FedEx,1,1,0,1,0,0.0,100.0,0.0,LOGISTICS
2026-03-01,SUP-039,Supplier 039,Vietnam,APAC,PLT-06,Sao Paulo Ops,Brazil,LATAM,SMB,France,Kuehne+Nagel,1,1,0,0,0,0.0,0.0,0.0,LOGISTICS
2026-03-01,SUP-039,Supplier 039,Vietnam,APAC,PLT-06,Sao Paulo Ops,Brazil,LATAM,SMB,Japan,FedEx,1,1,0,1,0,0.0,100.0,0.0,LOGISTICS
2026-03-01,SUP-040,Supplier 040,China,APAC,PLT-04,Chennai Forge,India,APAC,SMB,Australia,DB Schenker,1,1,0,1,0,0.0,100.0,0.0,LOGISTICS
2026-03-01,SUP-040,Supplier 040,China,APAC,PLT-00,Shanghai Hub,China,APAC,SMB,Japan,DB Schenker,1,1,1,0,0,100.0,0.0,0.0,LOGISTICS
2026-03-01,SUP-040,Supplier 040,China,APAC,PLT-03,Tokyo Precision,Japan,APAC,Government,Australia,DHL,1,1,0,1,0,0.0,100.0,0.0,LOGISTICS
2026-03-01,SUP-040,Supplier 040,China,APAC,PLT-00,Shanghai Hub,China,APAC,SMB,Japan,DHL,1,1,1,1,1,100.0,100.0,100.0,LOGISTICS
2026-03-01,SUP-041,Supplier 041,Germany,EMEA,PLT-00,Shanghai Hub,China,APAC,SMB,Australia,Kuehne+Nagel,1,1,0,1,0,0.0,100.0,0.0,LOGISTICS
2026-03-01,SUP-041,Supplier 041,Germany,EMEA,PLT-02,Detroit Works,USA,NA,SMB,Australia,DHL,1,1,1,1,1,100.0,100.0,100.0,LOGISTICS
2026-03-01,SUP-041,Supplier 041,Germany,EMEA,PLT-05,Monterrey Plant,Mexico,LATAM,Government,USA,Kuehne+Nagel,1,1,0,1,0,0.0,100.0,0.0,LOGISTICS
2026-03-01,SUP-041,Supplier 041,Germany,EMEA,PLT-00,Shanghai Hub,China,APAC,SMB,France,FedEx,1,1,0,1,0,0.0,100.0,0.0,LOGISTICS
2026-03-01,SUP-041,Supplier 041,Germany,EMEA,PLT-02,Detroit Works,USA,NA,SMB,Singapore,DB Schenker,1,1,1,0,0,100.0,0.0,0.0,LOGISTICS
2026-03-01,SUP-042,Supplier 042,USA,NA,PLT-04,Chennai Forge,India,APAC,Government,Germany,FedEx,1,1,1,0,0,100.0,0.0,0.0,LOGISTICS
2026-03-01,SUP-042,Supplier 042,USA,NA,PLT-06,Sao Paulo Ops,Brazil,LATAM,SMB,Canada,Kuehne+Nagel,1,1,0,1,0,0.0,100.0,0.0,LOGISTICS
2026-03-01,SUP-042,Supplier 042,USA,NA,PLT-05,Monterrey Plant,Mexico,LATAM,Enterprise,UK,DB Schenker,1,1,1,1,1,100.0,100.0,100.0,LOGISTICS
2026-03-01,SUP-042,Supplier 042,USA,NA,PLT-02,Detroit Works,USA,NA,Enterprise,Canada,DB Schenker,1,1,1,1,1,100.0,100.0,100.0,LOGISTICS
2026-03-01,SUP-042,Supplier 042,USA,NA,PLT-05,Monterrey Plant,Mexico,LATAM,SMB,USA,FedEx,1,1,0,0,0,0.0,0.0,0.0,LOGISTICS
2026-03-01,SUP-042,Supplier 042,USA,NA,PLT-04,Chennai Forge,India,APAC,SMB,Australia,DHL,1,1,0,1,0,0.0,100.0,0.0,LOGISTICS
2026-03-01,SUP-043,Supplier 043,Japan,APAC,PLT-08,Taipei Micro,Taiwan,APAC,Government,Germany,UPS,1,1,0,0,0,0.0,0.0,0.0,LOGISTICS
2026-03-01,SUP-043,Supplier 043,Japan,APAC,PLT-06,Sao Paulo Ops,Brazil,LATAM,Enterprise,France,Maersk,1,1,0,0,0,0.0,0.0,0.0,LOGISTICS
2026-03-01,SUP-043,Supplier 043,Japan,APAC,PLT-08,Taipei Micro,Taiwan,APAC,Government,Germany,DHL,1,1,1,0,0,100.0,0.0,0.0,LOGISTICS
2026-03-01,SUP-043,Supplier 043,Japan,APAC,PLT-03,Tokyo Precision,Japan,APAC,Government,Australia,UPS,1,1,0,0,0,0.0,0.0,0.0,LOGISTICS
2026-03-01,SUP-043,Supplier 043,Japan,APAC,PLT-06,Sao Paulo Ops,Brazil,LATAM,Government,USA,UPS,1,1,1,1,1,100.0,100.0,100.0,LOGISTICS
2026-03-01,SUP-043,Supplier 043,Japan,APAC,PLT-01,Munich Center,Germany,EMEA,Enterprise,Canada,UPS,1,1,1,0,0,100.0,0.0,0.0,LOGISTICS
2026-03-01,SUP-043,Supplier 043,Japan,APAC,PLT-07,Seoul Tech,South Korea,APAC,Government,Canada,UPS,1,1,0,1,0,0.0,100.0,0.0,LOGISTICS
2026-03-01,SUP-043,Supplier 043,Japan,APAC,PLT-03,Tokyo Precision,Japan,APAC,Enterprise,Canada,DHL,1,1,1,1,1,100.0,100.0,100.0,LOGISTICS
2026-03-01,SUP-043,Supplier 043,Japan,APAC,PLT-01,Munich Center,Germany,EMEA,Enterprise,Canada,Maersk,1,1,0,1,0,0.0,100.0,0.0,LOGISTICS
2026-03-01,SUP-043,Supplier 043,Japan,APAC,PLT-03,Tokyo Precision,Japan,APAC,SMB,Japan,Maersk,1,1,0,1,0,0.0,100.0,0.0,LOGISTICS
2026-03-01,SUP-043,Supplier 043,Japan,APAC,PLT-04,Chennai Forge,India,APAC,Government,Australia,Kuehne+Nagel,1,1,0,1,0,0.0,100.0,0.0,LOGISTICS
2026-03-01,SUP-043,Supplier 043,Japan,APAC,PLT-00,Shanghai Hub,China,APAC,SMB,Australia,Maersk,1,1,0,1,0,0.0,100.0,0.0,LOGISTICS
2026-03-01,SUP-044,Supplier 044,India,APAC,PLT-02,Detroit Works,USA,NA,SMB,Singapore,DHL,1,1,0,1,0,0.0,100.0,0.0,LOGISTICS
2026-03-01,SUP-044,Supplier 044,India,APAC,PLT-09,Hanoi Assembly,Vietnam,APAC,Enterprise,Germany,Kuehne+Nagel,1,1,0,1,0,0.0,100.0,0.0,LOGISTICS
2026-03-01,SUP-044,Supplier 044,India,APAC,PLT-03,Tokyo Precision,Japan,APAC,Government,France,Maersk,1,1,0,1,0,0.0,100.0,0.0,LOGISTICS
2026-03-01,SUP-044,Supplier 044,India,APAC,PLT-02,Detroit Works,USA,NA,SMB,Japan,UPS,1,1,0,1,0,0.0,100.0,0.0,LOGISTICS
2026-03-01,SUP-044,Supplier 044,India,APAC,PLT-06,Sao Paulo Ops,Brazil,LATAM,SMB,Singapore,FedEx,1,1,1,0,0,100.0,0.0,0.0,LOGISTICS
2026-03-01,SUP-044,Supplier 044,India,APAC,PLT-06,Sao Paulo Ops,Brazil,LATAM,SMB,Singapore,DHL,1,1,0,1,0,0.0,100.0,0.0,LOGISTICS
2026-03-01,SUP-045,Supplier 045,Mexico,LATAM,PLT-02,Detroit Works,USA,NA,Government,Canada,UPS,1,1,0,1,0,0.0,100.0,0.0,LOGISTICS
2026-03-01,SUP-045,Supplier 045,Mexico,LATAM,PLT-08,Taipei Micro,Taiwan,APAC,SMB,Canada,FedEx,1,1,1,1,1,100.0,100.0,100.0,LOGISTICS
2026-03-01,SUP-045,Supplier 045,Mexico,LATAM,PLT-04,Chennai Forge,India,APAC,SMB,UK,DHL,1,1,0,1,0,0.0,100.0,0.0,LOGISTICS
2026-03-01,SUP-045,Supplier 045,Mexico,LATAM,PLT-04,Chennai Forge,India,APAC,SMB,Germany,DB Schenker,1,1,1,1,1,100.0,100.0,100.0,LOGISTICS
2026-03-01,SUP-045,Supplier 045,Mexico,LATAM,PLT-00,Shanghai Hub,China,APAC,Government,Germany,Maersk,1,1,1,0,0,100.0,0.0,0.0,LOGISTICS
2026-03-01,SUP-045,Supplier 045,Mexico,LATAM,PLT-00,Shanghai Hub,China,APAC,Government,France,UPS,1,1,1,1,1,100.0,100.0,100.0,LOGISTICS
2026-03-01,SUP-045,Supplier 045,Mexico,LATAM,PLT-02,Detroit Works,USA,NA,SMB,UK,DB Schenker,1,1,0,0,0,0.0,0.0,0.0,LOGISTICS
2026-03-01,SUP-045,Supplier 045,Mexico,LATAM,PLT-03,Tokyo Precision,Japan,APAC,SMB,France,Maersk,1,2,0,0,0,0.0,0.0,0.0,LOGISTICS
2026-03-01,SUP-045,Supplier 045,Mexico,LATAM,PLT-08,Taipei Micro,Taiwan,APAC,SMB,France,FedEx,1,2,1,1,1,50.0,50.0,50.0,LOGISTICS
2026-03-01,SUP-045,Supplier 045,Mexico,LATAM,PLT-00,Shanghai Hub,China,APAC,Government,Germany,DB Schenker,1,1,1,1,1,100.0,100.0,100.0,LOGISTICS
2026-03-01,SUP-045,Supplier 045,Mexico,LATAM,PLT-07,Seoul Tech,South Korea,APAC,Government,France,FedEx,1,1,0,1,0,0.0,100.0,0.0,LOGISTICS
2026-03-01,SUP-046,Supplier 046,Brazil,LATAM,PLT-01,Munich Center,Germany,EMEA,SMB,Japan,FedEx,1,1,1,1,1,100.0,100.0,100.0,LOGISTICS
2026-03-01,SUP-046,Supplier 046,Brazil,LATAM,PLT-07,Seoul Tech,South Korea,APAC,Government,Japan,Kuehne+Nagel,1,1,1,1,1,100.0,100.0,100.0,LOGISTICS
2026-03-01,SUP-046,Supplier 046,Brazil,LATAM,PLT-05,Monterrey Plant,Mexico,LATAM,Government,Japan,DB Schenker,1,1,0,1,0,0.0,100.0,0.0,LOGISTICS
2026-03-01,SUP-046,Supplier 046,Brazil,LATAM,PLT-05,Monterrey Plant,Mexico,LATAM,Enterprise,Japan,DHL,1,1,0,0,0,0.0,0.0,0.0,LOGISTICS
2026-03-01,SUP-046,Supplier 046,Brazil,LATAM,PLT-01,Munich Center,Germany,EMEA,SMB,Canada,Maersk,1,1,0,1,0,0.0,100.0,0.0,LOGISTICS
2026-03-01,SUP-046,Supplier 046,Brazil,LATAM,PLT-05,Monterrey Plant,Mexico,LATAM,Government,Japan,UPS,1,1,1,0,0,100.0,0.0,0.0,LOGISTICS
2026-03-01,SUP-046,Supplier 046,Brazil,LATAM,PLT-05,Monterrey Plant,Mexico,LATAM,Enterprise,Japan,Maersk,1,1,0,1,0,0.0,100.0,0.0,LOGISTICS
2026-03-01,SUP-046,Supplier 046,Brazil,LATAM,PLT-01,Munich Center,Germany,EMEA,SMB,Canada,FedEx,1,1,1,0,0,100.0,0.0,0.0,LOGISTICS
2026-03-01,SUP-046,Supplier 046,Brazil,LATAM,PLT-04,Chennai Forge,India,APAC,Enterprise,Canada,DB Schenker,1,1,0,0,0,0.0,0.0,0.0,LOGISTICS
2026-03-01,SUP-046,Supplier 046,Brazil,LATAM,PLT-06,Sao Paulo Ops,Brazil,LATAM,Government,Japan,Maersk,1,2,0,0,0,0.0,0.0,0.0,LOGISTICS
2026-03-01,SUP-046,Supplier 046,Brazil,LATAM,PLT-04,Chennai Forge,India,APAC,Enterprise,Canada,Maersk,1,1,1,0,0,100.0,0.0,0.0,LOGISTICS
2026-03-01,SUP-047,Supplier 047,South Korea,APAC,PLT-05,Monterrey Plant,Mexico,LATAM,Government,UK,Maersk,1,1,0,1,0,0.0,100.0,0.0,LOGISTICS
2026-03-01,SUP-047,Supplier 047,South Korea,APAC,PLT-09,Hanoi Assembly,Vietnam,APAC,Government,USA,DB Schenker,1,1,1,1,1,100.0,100.0,100.0,LOGISTICS
2026-03-01,SUP-047,Supplier 047,South Korea,APAC,PLT-02,Detroit Works,USA,NA,SMB,Australia,Maersk,1,1,1,1,1,100.0,100.0,100.0,LOGISTICS
2026-03-01,SUP-047,Supplier 047,South Korea,APAC,PLT-09,Hanoi Assembly,Vietnam,APAC,Government,USA,FedEx,2,2,1,1,1,50.0,50.0,50.0,LOGISTICS
2026-03-01,SUP-047,Supplier 047,South Korea,APAC,PLT-03,Tokyo Precision,Japan,APAC,SMB,France,Maersk,1,1,0,0,0,0.0,0.0,0.0,LOGISTICS
2026-03-01,SUP-047,Supplier 047,South Korea,APAC,PLT-03,Tokyo Precision,Japan,APAC,SMB,Australia,UPS,1,1,0,1,0,0.0,100.0,0.0,LOGISTICS
2026-03-01,SUP-047,Supplier 047,South Korea,APAC,PLT-03,Tokyo Precision,Japan,APAC,SMB,Germany,DB Schenker,1,1,1,1,1,100.0,100.0,100.0,LOGISTICS
2026-03-01,SUP-047,Supplier 047,South Korea,APAC,PLT-03,Tokyo Precision,Japan,APAC,SMB,Australia,DHL,1,1,0,0,0,0.0,0.0,0.0,LOGISTICS
2026-03-01,SUP-047,Supplier 047,South Korea,APAC,PLT-06,Sao Paulo Ops,Brazil,LATAM,SMB,USA,Maersk,1,1,0,1,0,0.0,100.0,0.0,LOGISTICS
2026-03-01,SUP-048,Supplier 048,Taiwan,APAC,PLT-02,Detroit Works,USA,NA,SMB,USA,FedEx,1,1,0,1,0,0.0,100.0,0.0,LOGISTICS
2026-03-01,SUP-048,Supplier 048,Taiwan,APAC,PLT-06,Sao Paulo Ops,Brazil,LATAM,Enterprise,Japan,FedEx,1,1,1,1,1,100.0,100.0,100.0,LOGISTICS
2026-03-01,SUP-048,Supplier 048,Taiwan,APAC,PLT-02,Detroit Works,USA,NA,SMB,USA,UPS,1,1,0,0,0,0.0,0.0,0.0,LOGISTICS
2026-03-01,SUP-048,Supplier 048,Taiwan,APAC,PLT-03,Tokyo Precision,Japan,APAC,Government,France,DB Schenker,1,1,0,1,0,0.0,100.0,0.0,LOGISTICS
2026-03-01,SUP-048,Supplier 048,Taiwan,APAC,PLT-03,Tokyo Precision,Japan,APAC,SMB,Singapore,FedEx,1,1,0,0,0,0.0,0.0,0.0,LOGISTICS
2026-03-01,SUP-048,Supplier 048,Taiwan,APAC,PLT-05,Monterrey Plant,Mexico,LATAM,Enterprise,France,FedEx,1,1,1,1,1,100.0,100.0,100.0,LOGISTICS
2026-03-01,SUP-048,Supplier 048,Taiwan,APAC,PLT-00,Shanghai Hub,China,APAC,Enterprise,Japan,DHL,1,1,1,1,1,100.0,100.0,100.0,LOGISTICS
2026-03-01,SUP-048,Supplier 048,Taiwan,APAC,PLT-09,Hanoi Assembly,Vietnam,APAC,SMB,USA,FedEx,1,1,1,1,1,100.0,100.0,100.0,LOGISTICS
2026-03-01,SUP-049,Supplier 049,Vietnam,APAC,PLT-06,Sao Paulo Ops,Brazil,LATAM,SMB,UK,DHL,1,1,1,0,0,100.0,0.0,0.0,LOGISTICS
2026-03-01,SUP-049,Supplier 049,Vietnam,APAC,PLT-06,Sao Paulo Ops,Brazil,LATAM,Government,USA,Maersk,1,1,0,1,0,0.0,100.0,0.0,LOGISTICS
2026-03-01,SUP-049,Supplier 049,Vietnam,APAC,PLT-09,Hanoi Assembly,Vietnam,APAC,SMB,USA,DB Schenker,1,1,1,1,1,100.0,100.0,100.0,LOGISTICS
2026-03-01,SUP-049,Supplier 049,Vietnam,APAC,PLT-08,Taipei Micro,Taiwan,APAC,Enterprise,Japan,DB Schenker,1,1,0,1,0,0.0,100.0,0.0,LOGISTICS
2026-03-01,SUP-049,Supplier 049,Vietnam,APAC,PLT-09,Hanoi Assembly,Vietnam,APAC,SMB,USA,Maersk,1,1,0,0,0,0.0,0.0,0.0,LOGISTICS
2026-03-01,SUP-049,Supplier 049,Vietnam,APAC,PLT-02,Detroit Works,USA,NA,Government,UK,UPS,1,1,1,1,1,100.0,100.0,100.0,LOGISTICS
2026-03-01,SUP-049,Supplier 049,Vietnam,APAC,PLT-02,Detroit Works,USA,NA,SMB,Japan,Kuehne+Nagel,1,1,1,1,1,100.0,100.0,100.0,LOGISTICS
2026-04-01,SUP-000,Supplier 000,China,APAC,PLT-05,Monterrey Plant,Mexico,LATAM,Enterprise,Germany,Kuehne+Nagel,1,2,0,1,0,0.0,50.0,0.0,LOGISTICS
2026-04-01,SUP-000,Supplier 000,China,APAC,PLT-05,Monterrey Plant,Mexico,LATAM,Enterprise,Australia,DHL,1,1,1,0,0,100.0,0.0,0.0,LOGISTICS
2026-04-01,SUP-000,Supplier 000,China,APAC,PLT-05,Monterrey Plant,Mexico,LATAM,Enterprise,USA,Kuehne+Nagel,1,1,0,1,0,0.0,100.0,0.0,LOGISTICS
2026-04-01,SUP-000,Supplier 000,China,APAC,PLT-09,Hanoi Assembly,Vietnam,APAC,Enterprise,USA,Maersk,1,1,1,1,1,100.0,100.0,100.0,LOGISTICS
2026-04-01,SUP-000,Supplier 000,China,APAC,PLT-04,Chennai Forge,India,APAC,SMB,Germany,DHL,1,1,0,0,0,0.0,0.0,0.0,LOGISTICS
2026-04-01,SUP-000,Supplier 000,China,APAC,PLT-00,Shanghai Hub,China,APAC,Enterprise,Australia,DHL,1,1,1,1,1,100.0,100.0,100.0,LOGISTICS
2026-04-01,SUP-000,Supplier 000,China,APAC,PLT-00,Shanghai Hub,China,APAC,Enterprise,Australia,Maersk,1,1,0,0,0,0.0,0.0,0.0,LOGISTICS
2026-04-01,SUP-000,Supplier 000,China,APAC,PLT-05,Monterrey Plant,Mexico,LATAM,SMB,Singapore,DHL,1,2,1,1,1,50.0,50.0,50.0,LOGISTICS
2026-04-01,SUP-000,Supplier 000,China,APAC,PLT-04,Chennai Forge,India,APAC,SMB,Japan,Kuehne+Nagel,1,1,0,1,0,0.0,100.0,0.0,LOGISTICS
2026-04-01,SUP-001,Supplier 001,Germany,EMEA,PLT-06,Sao Paulo Ops,Brazil,LATAM,Enterprise,Japan,DB Schenker,1,1,0,1,0,0.0,100.0,0.0,LOGISTICS
2026-04-01,SUP-001,Supplier 001,Germany,EMEA,PLT-07,Seoul Tech,South Korea,APAC,Government,Singapore,DB Schenker,1,1,1,1,1,100.0,100.0,100.0,LOGISTICS
2026-04-01,SUP-001,Supplier 001,Germany,EMEA,PLT-01,Munich Center,Germany,EMEA,SMB,UK,Maersk,1,1,0,1,0,0.0,100.0,0.0,LOGISTICS
2026-04-01,SUP-001,Supplier 001,Germany,EMEA,PLT-00,Shanghai Hub,China,APAC,Enterprise,USA,Kuehne+Nagel,1,1,1,0,0,100.0,0.0,0.0,LOGISTICS
2026-04-01,SUP-001,Supplier 001,Germany,EMEA,PLT-00,Shanghai Hub,China,APAC,Enterprise,USA,DB Schenker,1,1,1,1,1,100.0,100.0,100.0,LOGISTICS
2026-04-01,SUP-001,Supplier 001,Germany,EMEA,PLT-04,Chennai Forge,India,APAC,Enterprise,Singapore,DB Schenker,1,1,1,1,1,100.0,100.0,100.0,LOGISTICS
2026-04-01,SUP-002,Supplier 002,USA,NA,PLT-05,Monterrey Plant,Mexico,LATAM,Enterprise,Australia,Kuehne+Nagel,1,1,0,1,0,0.0,100.0,0.0,LOGISTICS
2026-04-01,SUP-002,Supplier 002,USA,NA,PLT-05,Monterrey Plant,Mexico,LATAM,Enterprise,Australia,FedEx,1,1,1,0,0,100.0,0.0,0.0,LOGISTICS
2026-04-01,SUP-002,Supplier 002,USA,NA,PLT-07,Seoul Tech,South Korea,APAC,Enterprise,UK,Kuehne+Nagel,1,1,0,0,0,0.0,0.0,0.0,LOGISTICS
2026-04-01,SUP-002,Supplier 002,USA,NA,PLT-02,Detroit Works,USA,NA,Enterprise,USA,DB Schenker,1,1,1,0,0,100.0,0.0,0.0,LOGISTICS
2026-04-01,SUP-002,Supplier 002,USA,NA,PLT-02,Detroit Works,USA,NA,Enterprise,USA,UPS,1,1,1,1,1,100.0,100.0,100.0,LOGISTICS
2026-04-01,SUP-002,Supplier 002,USA,NA,PLT-05,Monterrey Plant,Mexico,LATAM,SMB,UK,DB Schenker,1,1,0,1,0,0.0,100.0,0.0,LOGISTICS
2026-04-01,SUP-003,Supplier 003,Japan,APAC,PLT-07,Seoul Tech,South Korea,APAC,SMB,Singapore,DHL,1,1,0,1,0,0.0,100.0,0.0,LOGISTICS
2026-04-01,SUP-003,Supplier 003,Japan,APAC,PLT-03,Tokyo Precision,Japan,APAC,SMB,France,UPS,1,1,0,1,0,0.0,100.0,0.0,LOGISTICS
2026-04-01,SUP-003,Supplier 003,Japan,APAC,PLT-05,Monterrey Plant,Mexico,LATAM,Enterprise,Canada,DHL,1,1,0,1,0,0.0,100.0,0.0,LOGISTICS
2026-04-01,SUP-003,Supplier 003,Japan,APAC,PLT-02,Detroit Works,USA,NA,Government,Germany,DHL,1,1,0,1,0,0.0,100.0,0.0,LOGISTICS
2026-04-01,SUP-003,Supplier 003,Japan,APAC,PLT-08,Taipei Micro,Taiwan,APAC,SMB,UK,DB Schenker,1,1,0,1,0,0.0,100.0,0.0,LOGISTICS
2026-04-01,SUP-003,Supplier 003,Japan,APAC,PLT-04,Chennai Forge,India,APAC,SMB,Japan,Maersk,1,1,0,1,0,0.0,100.0,0.0,LOGISTICS
2026-04-01,SUP-003,Supplier 003,Japan,APAC,PLT-03,Tokyo Precision,Japan,APAC,SMB,France,FedEx,1,1,0,0,0,0.0,0.0,0.0,LOGISTICS
2026-04-01,SUP-003,Supplier 003,Japan,APAC,PLT-06,Sao Paulo Ops,Brazil,LATAM,Enterprise,USA,Maersk,1,1,1,1,1,100.0,100.0,100.0,LOGISTICS
2026-04-01,SUP-003,Supplier 003,Japan,APAC,PLT-05,Monterrey Plant,Mexico,LATAM,SMB,Japan,Kuehne+Nagel,1,1,1,0,0,100.0,0.0,0.0,LOGISTICS
2026-04-01,SUP-003,Supplier 003,Japan,APAC,PLT-07,Seoul Tech,South Korea,APAC,SMB,Australia,Maersk,1,1,1,1,1,100.0,100.0,100.0,LOGISTICS
2026-04-01,SUP-004,Supplier 004,India,APAC,PLT-02,Detroit Works,USA,NA,Government,Germany,UPS,1,1,1,1,1,100.0,100.0,100.0,LOGISTICS
2026-04-01,SUP-004,Supplier 004,India,APAC,PLT-05,Monterrey Plant,Mexico,LATAM,SMB,Canada,Kuehne+Nagel,1,1,0,0,0,0.0,0.0,0.0,LOGISTICS
2026-04-01,SUP-004,Supplier 004,India,APAC,PLT-09,Hanoi Assembly,Vietnam,APAC,SMB,Australia,UPS,1,1,1,1,1,100.0,100.0,100.0,LOGISTICS
2026-04-01,SUP-004,Supplier 004,India,APAC,PLT-06,Sao Paulo Ops,Brazil,LATAM,Enterprise,Japan,Maersk,1,1,0,1,0,0.0,100.0,0.0,LOGISTICS
2026-04-01,SUP-004,Supplier 004,India,APAC,PLT-07,Seoul Tech,South Korea,APAC,Enterprise,France,Kuehne+Nagel,1,1,0,0,0,0.0,0.0,0.0,LOGISTICS
2026-04-01,SUP-005,Supplier 005,Mexico,LATAM,PLT-04,Chennai Forge,India,APAC,Enterprise,France,Kuehne+Nagel,1,1,1,1,1,100.0,100.0,100.0,LOGISTICS
2026-04-01,SUP-005,Supplier 005,Mexico,LATAM,PLT-07,Seoul Tech,South Korea,APAC,Enterprise,Canada,DB Schenker,1,1,1,0,0,100.0,0.0,0.0,LOGISTICS
2026-04-01,SUP-005,Supplier 005,Mexico,LATAM,PLT-03,Tokyo Precision,Japan,APAC,SMB,Canada,FedEx,1,1,0,1,0,0.0,100.0,0.0,LOGISTICS
2026-04-01,SUP-005,Supplier 005,Mexico,LATAM,PLT-07,Seoul Tech,South Korea,APAC,Enterprise,Canada,Kuehne+Nagel,1,1,1,1,1,100.0,100.0,100.0,LOGISTICS
2026-04-01,SUP-005,Supplier 005,Mexico,LATAM,PLT-09,Hanoi Assembly,Vietnam,APAC,Enterprise,Japan,UPS,1,1,0,0,0,0.0,0.0,0.0,LOGISTICS
2026-04-01,SUP-005,Supplier 005,Mexico,LATAM,PLT-09,Hanoi Assembly,Vietnam,APAC,SMB,USA,Maersk,1,1,1,1,1,100.0,100.0,100.0,LOGISTICS
2026-04-01,SUP-005,Supplier 005,Mexico,LATAM,PLT-09,Hanoi Assembly,Vietnam,APAC,Enterprise,Japan,FedEx,1,1,0,1,0,0.0,100.0,0.0,LOGISTICS
2026-04-01,SUP-006,Supplier 006,Brazil,LATAM,PLT-04,Chennai Forge,India,APAC,Government,Australia,Maersk,1,1,1,1,1,100.0,100.0,100.0,LOGISTICS
2026-04-01,SUP-006,Supplier 006,Brazil,LATAM,PLT-08,Taipei Micro,Taiwan,APAC,Enterprise,Singapore,Maersk,1,1,1,0,0,100.0,0.0,0.0,LOGISTICS
2026-04-01,SUP-006,Supplier 006,Brazil,LATAM,PLT-04,Chennai Forge,India,APAC,Government,Australia,FedEx,1,1,0,0,0,0.0,0.0,0.0,LOGISTICS
2026-04-01,SUP-006,Supplier 006,Brazil,LATAM,PLT-08,Taipei Micro,Taiwan,APAC,Enterprise,Singapore,DB Schenker,1,1,1,0,0,100.0,0.0,0.0,LOGISTICS
2026-04-01,SUP-006,Supplier 006,Brazil,LATAM,PLT-05,Monterrey Plant,Mexico,LATAM,SMB,UK,FedEx,1,1,1,1,1,100.0,100.0,100.0,LOGISTICS
2026-04-01,SUP-007,Supplier 007,South Korea,APAC,PLT-04,Chennai Forge,India,APAC,SMB,Canada,Kuehne+Nagel,1,1,0,1,0,0.0,100.0,0.0,LOGISTICS
2026-04-01,SUP-007,Supplier 007,South Korea,APAC,PLT-01,Munich Center,Germany,EMEA,SMB,Canada,Maersk,1,1,0,1,0,0.0,100.0,0.0,LOGISTICS
2026-04-01,SUP-007,Supplier 007,South Korea,APAC,PLT-04,Chennai Forge,India,APAC,SMB,Australia,DHL,1,1,0,1,0,0.0,100.0,0.0,LOGISTICS
2026-04-01,SUP-007,Supplier 007,South Korea,APAC,PLT-09,Hanoi Assembly,Vietnam,APAC,Enterprise,USA,Maersk,1,1,1,1,1,100.0,100.0,100.0,LOGISTICS
2026-04-01,SUP-007,Supplier 007,South Korea,APAC,PLT-01,Munich Center,Germany,EMEA,Enterprise,Canada,DB Schenker,1,2,0,0,0,0.0,0.0,0.0,LOGISTICS
2026-04-01,SUP-007,Supplier 007,South Korea,APAC,PLT-04,Chennai Forge,India,APAC,Government,UK,UPS,1,1,0,1,0,0.0,100.0,0.0,LOGISTICS
2026-04-01,SUP-008,Supplier 008,Taiwan,APAC,PLT-08,Taipei Micro,Taiwan,APAC,Enterprise,USA,Maersk,1,1,1,1,1,100.0,100.0,100.0,LOGISTICS
2026-04-01,SUP-008,Supplier 008,Taiwan,APAC,PLT-08,Taipei Micro,Taiwan,APAC,Enterprise,USA,UPS,1,1,0,0,0,0.0,0.0,0.0,LOGISTICS
2026-04-01,SUP-008,Supplier 008,Taiwan,APAC,PLT-02,Detroit Works,USA,NA,SMB,Canada,UPS,1,1,0,1,0,0.0,100.0,0.0,LOGISTICS
2026-04-01,SUP-008,Supplier 008,Taiwan,APAC,PLT-00,Shanghai Hub,China,APAC,Enterprise,Japan,Maersk,1,1,0,1,0,0.0,100.0,0.0,LOGISTICS
2026-04-01,SUP-008,Supplier 008,Taiwan,APAC,PLT-02,Detroit Works,USA,NA,SMB,Australia,UPS,1,1,0,0,0,0.0,0.0,0.0,LOGISTICS
2026-04-01,SUP-009,Supplier 009,Vietnam,APAC,PLT-09,Hanoi Assembly,Vietnam,APAC,SMB,Australia,UPS,1,1,1,0,0,100.0,0.0,0.0,LOGISTICS
2026-04-01,SUP-009,Supplier 009,Vietnam,APAC,PLT-03,Tokyo Precision,Japan,APAC,SMB,Canada,DB Schenker,1,1,0,0,0,0.0,0.0,0.0,LOGISTICS
2026-04-01,SUP-009,Supplier 009,Vietnam,APAC,PLT-00,Shanghai Hub,China,APAC,SMB,Japan,DB Schenker,1,1,1,0,0,100.0,0.0,0.0,LOGISTICS
2026-04-01,SUP-009,Supplier 009,Vietnam,APAC,PLT-00,Shanghai Hub,China,APAC,SMB,Japan,UPS,2,2,2,1,1,100.0,50.0,50.0,LOGISTICS
2026-04-01,SUP-010,Supplier 010,China,APAC,PLT-05,Monterrey Plant,Mexico,LATAM,SMB,UK,UPS,1,1,1,0,0,100.0,0.0,0.0,LOGISTICS
2026-04-01,SUP-010,Supplier 010,China,APAC,PLT-04,Chennai Forge,India,APAC,Enterprise,Germany,Kuehne+Nagel,1,1,1,0,0,100.0,0.0,0.0,LOGISTICS
2026-04-01,SUP-010,Supplier 010,China,APAC,PLT-02,Detroit Works,USA,NA,Enterprise,Germany,DHL,1,1,1,1,1,100.0,100.0,100.0,LOGISTICS
2026-04-01,SUP-010,Supplier 010,China,APAC,PLT-08,Taipei Micro,Taiwan,APAC,Enterprise,USA,Maersk,1,1,1,1,1,100.0,100.0,100.0,LOGISTICS
2026-04-01,SUP-010,Supplier 010,China,APAC,PLT-03,Tokyo Precision,Japan,APAC,Enterprise,Japan,UPS,1,1,0,1,0,0.0,100.0,0.0,LOGISTICS
2026-04-01,SUP-010,Supplier 010,China,APAC,PLT-05,Monterrey Plant,Mexico,LATAM,SMB,UK,DHL,1,1,0,1,0,0.0,100.0,0.0,LOGISTICS
2026-04-01,SUP-010,Supplier 010,China,APAC,PLT-09,Hanoi Assembly,Vietnam,APAC,SMB,USA,Kuehne+Nagel,1,1,0,0,0,0.0,0.0,0.0,LOGISTICS
2026-04-01,SUP-010,Supplier 010,China,APAC,PLT-05,Monterrey Plant,Mexico,LATAM,Enterprise,Germany,FedEx,1,1,0,0,0,0.0,0.0,0.0,LOGISTICS
2026-04-01,SUP-010,Supplier 010,China,APAC,PLT-03,Tokyo Precision,Japan,APAC,SMB,Canada,DHL,1,1,0,1,0,0.0,100.0,0.0,LOGISTICS
2026-04-01,SUP-010,Supplier 010,China,APAC,PLT-02,Detroit Works,USA,NA,SMB,France,DHL,1,2,1,0,0,50.0,0.0,0.0,LOGISTICS
2026-04-01,SUP-011,Supplier 011,Germany,EMEA,PLT-00,Shanghai Hub,China,APAC,Enterprise,USA,DHL,1,1,1,0,0,100.0,0.0,0.0,LOGISTICS
2026-04-01,SUP-011,Supplier 011,Germany,EMEA,PLT-07,Seoul Tech,South Korea,APAC,SMB,Germany,Maersk,1,1,1,1,1,100.0,100.0,100.0,LOGISTICS
2026-04-01,SUP-011,Supplier 011,Germany,EMEA,PLT-08,Taipei Micro,Taiwan,APAC,SMB,UK,Maersk,1,1,0,1,0,0.0,100.0,0.0,LOGISTICS
2026-04-01,SUP-011,Supplier 011,Germany,EMEA,PLT-01,Munich Center,Germany,EMEA,SMB,Canada,DB Schenker,1,1,0,1,0,0.0,100.0,0.0,LOGISTICS
2026-04-01,SUP-011,Supplier 011,Germany,EMEA,PLT-05,Monterrey Plant,Mexico,LATAM,Government,Singapore,UPS,1,1,0,1,0,0.0,100.0,0.0,LOGISTICS
2026-04-01,SUP-011,Supplier 011,Germany,EMEA,PLT-05,Monterrey Plant,Mexico,LATAM,SMB,UK,FedEx,1,1,1,1,1,100.0,100.0,100.0,LOGISTICS
2026-04-01,SUP-011,Supplier 011,Germany,EMEA,PLT-04,Chennai Forge,India,APAC,Enterprise,Germany,DHL,1,1,0,1,0,0.0,100.0,0.0,LOGISTICS
2026-04-01,SUP-011,Supplier 011,Germany,EMEA,PLT-08,Taipei Micro,Taiwan,APAC,SMB,UK,FedEx,1,1,1,0,0,100.0,0.0,0.0,LOGISTICS
2026-04-01,SUP-011,Supplier 011,Germany,EMEA,PLT-00,Shanghai Hub,China,APAC,Enterprise,USA,UPS,1,1,1,1,1,100.0,100.0,100.0,LOGISTICS
2026-04-01,SUP-011,Supplier 011,Germany,EMEA,PLT-08,Taipei Micro,Taiwan,APAC,Enterprise,Germany,Kuehne+Nagel,1,1,0,1,0,0.0,100.0,0.0,LOGISTICS
2026-04-01,SUP-011,Supplier 011,Germany,EMEA,PLT-08,Taipei Micro,Taiwan,APAC,Enterprise,Germany,Maersk,1,1,1,0,0,100.0,0.0,0.0,LOGISTICS
2026-04-01,SUP-011,Supplier 011,Germany,EMEA,PLT-08,Taipei Micro,Taiwan,APAC,Government,Canada,FedEx,1,1,1,1,1,100.0,100.0,100.0,LOGISTICS
2026-04-01,SUP-011,Supplier 011,Germany,EMEA,PLT-00,Shanghai Hub,China,APAC,SMB,Canada,DHL,1,1,0,0,0,0.0,0.0,0.0,LOGISTICS
2026-04-01,SUP-012,Supplier 012,USA,NA,PLT-00,Shanghai Hub,China,APAC,Government,USA,DHL,1,1,1,1,1,100.0,100.0,100.0,LOGISTICS
2026-04-01,SUP-012,Supplier 012,USA,NA,PLT-03,Tokyo Precision,Japan,APAC,SMB,USA,UPS,1,1,1,1,1,100.0,100.0,100.0,LOGISTICS
2026-04-01,SUP-012,Supplier 012,USA,NA,PLT-00,Shanghai Hub,China,APAC,SMB,Germany,FedEx,1,1,0,1,0,0.0,100.0,0.0,LOGISTICS
2026-04-01,SUP-012,Supplier 012,USA,NA,PLT-08,Taipei Micro,Taiwan,APAC,SMB,UK,FedEx,1,2,2,1,1,100.0,50.0,50.0,LOGISTICS
2026-04-01,SUP-012,Supplier 012,USA,NA,PLT-00,Shanghai Hub,China,APAC,Enterprise,UK,FedEx,1,1,0,1,0,0.0,100.0,0.0,LOGISTICS
2026-04-01,SUP-012,Supplier 012,USA,NA,PLT-00,Shanghai Hub,China,APAC,SMB,Germany,Maersk,1,1,1,0,0,100.0,0.0,0.0,LOGISTICS
2026-04-01,SUP-012,Supplier 012,USA,NA,PLT-06,Sao Paulo Ops,Brazil,LATAM,SMB,USA,Kuehne+Nagel,1,1,0,1,0,0.0,100.0,0.0,LOGISTICS
2026-04-01,SUP-012,Supplier 012,USA,NA,PLT-09,Hanoi Assembly,Vietnam,APAC,Government,UK,Kuehne+Nagel,1,1,0,1,0,0.0,100.0,0.0,LOGISTICS
2026-04-01,SUP-012,Supplier 012,USA,NA,PLT-04,Chennai Forge,India,APAC,SMB,Canada,Maersk,1,1,0,1,0,0.0,100.0,0.0,LOGISTICS
2026-04-01,SUP-012,Supplier 012,USA,NA,PLT-07,Seoul Tech,South Korea,APAC,SMB,UK,UPS,1,1,1,0,0,100.0,0.0,0.0,LOGISTICS
2026-04-01,SUP-012,Supplier 012,USA,NA,PLT-09,Hanoi Assembly,Vietnam,APAC,Enterprise,UK,FedEx,1,1,0,0,0,0.0,0.0,0.0,LOGISTICS
2026-04-01,SUP-013,Supplier 013,Japan,APAC,PLT-04,Chennai Forge,India,APAC,Enterprise,Australia,DHL,1,1,0,1,0,0.0,100.0,0.0,LOGISTICS
2026-04-01,SUP-013,Supplier 013,Japan,APAC,PLT-09,Hanoi Assembly,Vietnam,APAC,Government,USA,Maersk,1,2,0,1,0,0.0,50.0,0.0,LOGISTICS
2026-04-01,SUP-013,Supplier 013,Japan,APAC,PLT-06,Sao Paulo Ops,Brazil,LATAM,Enterprise,France,UPS,1,1,1,0,0,100.0,0.0,0.0,LOGISTICS
2026-04-01,SUP-014,Supplier 014,India,APAC,PLT-06,Sao Paulo Ops,Brazil,LATAM,SMB,Germany,DB Schenker,1,1,1,1,1,100.0,100.0,100.0,LOGISTICS
2026-04-01,SUP-014,Supplier 014,India,APAC,PLT-07,Seoul Tech,South Korea,APAC,Government,USA,DB Schenker,1,1,0,1,0,0.0,100.0,0.0,LOGISTICS
2026-04-01,SUP-014,Supplier 014,India,APAC,PLT-00,Shanghai Hub,China,APAC,SMB,Canada,Kuehne+Nagel,1,1,1,0,0,100.0,0.0,0.0,LOGISTICS
2026-04-01,SUP-014,Supplier 014,India,APAC,PLT-04,Chennai Forge,India,APAC,SMB,Australia,Kuehne+Nagel,1,1,1,1,1,100.0,100.0,100.0,LOGISTICS
2026-04-01,SUP-014,Supplier 014,India,APAC,PLT-02,Detroit Works,USA,NA,Government,Japan,Kuehne+Nagel,1,1,1,1,1,100.0,100.0,100.0,LOGISTICS
2026-04-01,SUP-014,Supplier 014,India,APAC,PLT-01,Munich Center,Germany,EMEA,Enterprise,Australia,Kuehne+Nagel,1,1,1,0,0,100.0,0.0,0.0,LOGISTICS
2026-04-01,SUP-014,Supplier 014,India,APAC,PLT-06,Sao Paulo Ops,Brazil,LATAM,SMB,Japan,FedEx,1,1,0,1,0,0.0,100.0,0.0,LOGISTICS
2026-04-01,SUP-014,Supplier 014,India,APAC,PLT-00,Shanghai Hub,China,APAC,SMB,Germany,DB Schenker,1,1,0,1,0,0.0,100.0,0.0,LOGISTICS
2026-04-01,SUP-014,Supplier 014,India,APAC,PLT-01,Munich Center,Germany,EMEA,Enterprise,Australia,UPS,1,1,1,1,1,100.0,100.0,100.0,LOGISTICS
2026-04-01,SUP-015,Supplier 015,Mexico,LATAM,PLT-09,Hanoi Assembly,Vietnam,APAC,SMB,UK,Kuehne+Nagel,1,1,1,1,1,100.0,100.0,100.0,LOGISTICS
2026-04-01,SUP-015,Supplier 015,Mexico,LATAM,PLT-04,Chennai Forge,India,APAC,SMB,USA,Kuehne+Nagel,1,1,0,1,0,0.0,100.0,0.0,LOGISTICS
2026-04-01,SUP-015,Supplier 015,Mexico,LATAM,PLT-04,Chennai Forge,India,APAC,SMB,USA,DHL,1,1,0,0,0,0.0,0.0,0.0,LOGISTICS
2026-04-01,SUP-015,Supplier 015,Mexico,LATAM,PLT-02,Detroit Works,USA,NA,SMB,Japan,FedEx,1,1,1,1,1,100.0,100.0,100.0,LOGISTICS
2026-04-01,SUP-015,Supplier 015,Mexico,LATAM,PLT-09,Hanoi Assembly,Vietnam,APAC,Enterprise,USA,Kuehne+Nagel,1,1,0,0,0,0.0,0.0,0.0,LOGISTICS
2026-04-01,SUP-015,Supplier 015,Mexico,LATAM,PLT-01,Munich Center,Germany,EMEA,SMB,France,DB Schenker,1,1,1,1,1,100.0,100.0,100.0,LOGISTICS
2026-04-01,SUP-015,Supplier 015,Mexico,LATAM,PLT-02,Detroit Works,USA,NA,SMB,UK,DHL,2,2,0,1,0,0.0,50.0,0.0,LOGISTICS
2026-04-01,SUP-015,Supplier 015,Mexico,LATAM,PLT-09,Hanoi Assembly,Vietnam,APAC,Enterprise,Australia,FedEx,1,1,0,1,0,0.0,100.0,0.0,LOGISTICS
2026-04-01,SUP-015,Supplier 015,Mexico,LATAM,PLT-02,Detroit Works,USA,NA,SMB,UK,DB Schenker,1,1,0,1,0,0.0,100.0,0.0,LOGISTICS
2026-04-01,SUP-016,Supplier 016,Brazil,LATAM,PLT-04,Chennai Forge,India,APAC,Government,Germany,DB Schenker,1,1,1,0,0,100.0,0.0,0.0,LOGISTICS
2026-04-01,SUP-016,Supplier 016,Brazil,LATAM,PLT-05,Monterrey Plant,Mexico,LATAM,SMB,Australia,FedEx,1,1,0,1,0,0.0,100.0,0.0,LOGISTICS
2026-04-01,SUP-016,Supplier 016,Brazil,LATAM,PLT-02,Detroit Works,USA,NA,SMB,USA,DHL,1,1,0,1,0,0.0,100.0,0.0,LOGISTICS
2026-04-01,SUP-016,Supplier 016,Brazil,LATAM,PLT-05,Monterrey Plant,Mexico,LATAM,SMB,Australia,DHL,1,1,0,0,0,0.0,0.0,0.0,LOGISTICS
2026-04-01,SUP-016,Supplier 016,Brazil,LATAM,PLT-03,Tokyo Precision,Japan,APAC,SMB,Canada,DHL,1,1,0,1,0,0.0,100.0,0.0,LOGISTICS
2026-04-01,SUP-016,Supplier 016,Brazil,LATAM,PLT-04,Chennai Forge,India,APAC,Government,Germany,Maersk,1,1,0,1,0,0.0,100.0,0.0,LOGISTICS
2026-04-01,SUP-016,Supplier 016,Brazil,LATAM,PLT-05,Monterrey Plant,Mexico,LATAM,Enterprise,Japan,DHL,1,1,1,1,1,100.0,100.0,100.0,LOGISTICS
2026-04-01,SUP-016,Supplier 016,Brazil,LATAM,PLT-05,Monterrey Plant,Mexico,LATAM,Government,France,UPS,1,1,1,1,1,100.0,100.0,100.0,LOGISTICS
2026-04-01,SUP-017,Supplier 017,South Korea,APAC,PLT-02,Detroit Works,USA,NA,SMB,UK,DHL,1,1,1,0,0,100.0,0.0,0.0,LOGISTICS
2026-04-01,SUP-017,Supplier 017,South Korea,APAC,PLT-04,Chennai Forge,India,APAC,Enterprise,Japan,DB Schenker,1,1,0,1,0,0.0,100.0,0.0,LOGISTICS
2026-04-01,SUP-017,Supplier 017,South Korea,APAC,PLT-06,Sao Paulo Ops,Brazil,LATAM,Government,USA,UPS,1,1,0,1,0,0.0,100.0,0.0,LOGISTICS
2026-04-01,SUP-017,Supplier 017,South Korea,APAC,PLT-01,Munich Center,Germany,EMEA,SMB,UK,DB Schenker,1,1,0,0,0,0.0,0.0,0.0,LOGISTICS
2026-04-01,SUP-017,Supplier 017,South Korea,APAC,PLT-01,Munich Center,Germany,EMEA,SMB,Singapore,Maersk,1,1,0,0,0,0.0,0.0,0.0,LOGISTICS
2026-04-01,SUP-017,Supplier 017,South Korea,APAC,PLT-08,Taipei Micro,Taiwan,APAC,SMB,Singapore,Maersk,1,1,0,1,0,0.0,100.0,0.0,LOGISTICS
2026-04-01,SUP-017,Supplier 017,South Korea,APAC,PLT-07,Seoul Tech,South Korea,APAC,SMB,Japan,FedEx,1,1,1,1,1,100.0,100.0,100.0,LOGISTICS
2026-04-01,SUP-017,Supplier 017,South Korea,APAC,PLT-01,Munich Center,Germany,EMEA,SMB,UK,Kuehne+Nagel,1,1,1,1,1,100.0,100.0,100.0,LOGISTICS
2026-04-01,SUP-017,Supplier 017,South Korea,APAC,PLT-02,Detroit Works,USA,NA,SMB,UK,UPS,1,1,1,1,1,100.0,100.0,100.0,LOGISTICS
2026-04-01,SUP-018,Supplier 018,Taiwan,APAC,PLT-09,Hanoi Assembly,Vietnam,APAC,Enterprise,France,DHL,1,1,1,1,1,100.0,100.0,100.0,LOGISTICS
2026-04-01,SUP-018,Supplier 018,Taiwan,APAC,PLT-00,Shanghai Hub,China,APAC,SMB,Germany,DB Schenker,1,1,0,1,0,0.0,100.0,0.0,LOGISTICS
2026-04-01,SUP-018,Supplier 018,Taiwan,APAC,PLT-09,Hanoi Assembly,Vietnam,APAC,Enterprise,Singapore,Kuehne+Nagel,1,1,1,0,0,100.0,0.0,0.0,LOGISTICS
2026-04-01,SUP-018,Supplier 018,Taiwan,APAC,PLT-02,Detroit Works,USA,NA,Government,USA,Maersk,1,1,0,1,0,0.0,100.0,0.0,LOGISTICS
2026-04-01,SUP-018,Supplier 018,Taiwan,APAC,PLT-07,Seoul Tech,South Korea,APAC,Enterprise,USA,UPS,1,1,0,1,0,0.0,100.0,0.0,LOGISTICS
2026-04-01,SUP-018,Supplier 018,Taiwan,APAC,PLT-00,Shanghai Hub,China,APAC,SMB,Singapore,DB Schenker,1,1,0,0,0,0.0,0.0,0.0,LOGISTICS
2026-04-01,SUP-018,Supplier 018,Taiwan,APAC,PLT-06,Sao Paulo Ops,Brazil,LATAM,SMB,France,FedEx,1,1,1,1,1,100.0,100.0,100.0,LOGISTICS
2026-04-01,SUP-018,Supplier 018,Taiwan,APAC,PLT-07,Seoul Tech,South Korea,APAC,SMB,Japan,Kuehne+Nagel,1,1,0,0,0,0.0,0.0,0.0,LOGISTICS
2026-04-01,SUP-018,Supplier 018,Taiwan,APAC,PLT-06,Sao Paulo Ops,Brazil,LATAM,SMB,Australia,UPS,1,1,1,1,1,100.0,100.0,100.0,LOGISTICS
2026-04-01,SUP-019,Supplier 019,Vietnam,APAC,PLT-05,Monterrey Plant,Mexico,LATAM,SMB,UK,Maersk,1,2,1,0,0,50.0,0.0,0.0,LOGISTICS
2026-04-01,SUP-019,Supplier 019,Vietnam,APAC,PLT-08,Taipei Micro,Taiwan,APAC,Enterprise,Japan,Maersk,1,1,1,0,0,100.0,0.0,0.0,LOGISTICS
2026-04-01,SUP-019,Supplier 019,Vietnam,APAC,PLT-02,Detroit Works,USA,NA,Government,Japan,UPS,1,1,0,0,0,0.0,0.0,0.0,LOGISTICS
2026-04-01,SUP-019,Supplier 019,Vietnam,APAC,PLT-01,Munich Center,Germany,EMEA,Enterprise,Singapore,DB Schenker,1,1,0,1,0,0.0,100.0,0.0,LOGISTICS
2026-04-01,SUP-019,Supplier 019,Vietnam,APAC,PLT-02,Detroit Works,USA,NA,Government,Japan,DHL,1,1,0,0,0,0.0,0.0,0.0,LOGISTICS
2026-04-01,SUP-019,Supplier 019,Vietnam,APAC,PLT-01,Munich Center,Germany,EMEA,Enterprise,Canada,FedEx,1,1,1,0,0,100.0,0.0,0.0,LOGISTICS
2026-04-01,SUP-020,Supplier 020,China,APAC,PLT-07,Seoul Tech,South Korea,APAC,SMB,USA,Kuehne+Nagel,1,1,0,1,0,0.0,100.0,0.0,LOGISTICS
2026-04-01,SUP-020,Supplier 020,China,APAC,PLT-07,Seoul Tech,South Korea,APAC,SMB,USA,FedEx,1,1,0,0,0,0.0,0.0,0.0,LOGISTICS
2026-04-01,SUP-020,Supplier 020,China,APAC,PLT-09,Hanoi Assembly,Vietnam,APAC,SMB,Japan,FedEx,1,1,1,1,1,100.0,100.0,100.0,LOGISTICS
2026-04-01,SUP-020,Supplier 020,China,APAC,PLT-08,Taipei Micro,Taiwan,APAC,Government,Australia,Maersk,1,1,0,1,0,0.0,100.0,0.0,LOGISTICS
2026-04-01,SUP-021,Supplier 021,Germany,EMEA,PLT-07,Seoul Tech,South Korea,APAC,Government,Canada,Kuehne+Nagel,1,1,1,0,0,100.0,0.0,0.0,LOGISTICS
2026-04-01,SUP-021,Supplier 021,Germany,EMEA,PLT-07,Seoul Tech,South Korea,APAC,Government,Canada,Maersk,1,1,1,0,0,100.0,0.0,0.0,LOGISTICS
2026-04-01,SUP-021,Supplier 021,Germany,EMEA,PLT-03,Tokyo Precision,Japan,APAC,SMB,Germany,Kuehne+Nagel,1,1,1,1,1,100.0,100.0,100.0,LOGISTICS
2026-04-01,SUP-022,Supplier 022,USA,NA,PLT-06,Sao Paulo Ops,Brazil,LATAM,Government,Germany,DB Schenker,1,1,0,1,0,0.0,100.0,0.0,LOGISTICS
2026-04-01,SUP-022,Supplier 022,USA,NA,PLT-02,Detroit Works,USA,NA,SMB,USA,Kuehne+Nagel,1,1,0,1,0,0.0,100.0,0.0,LOGISTICS
2026-04-01,SUP-022,Supplier 022,USA,NA,PLT-00,Shanghai Hub,China,APAC,SMB,UK,FedEx,1,1,0,1,0,0.0,100.0,0.0,LOGISTICS
2026-04-01,SUP-022,Supplier 022,USA,NA,PLT-04,Chennai Forge,India,APAC,Enterprise,UK,DB Schenker,1,1,1,1,1,100.0,100.0,100.0,LOGISTICS
2026-04-01,SUP-022,Supplier 022,USA,NA,PLT-03,Tokyo Precision,Japan,APAC,SMB,Australia,Kuehne+Nagel,1,1,1,1,1,100.0,100.0,100.0,LOGISTICS
2026-04-01,SUP-022,Supplier 022,USA,NA,PLT-03,Tokyo Precision,Japan,APAC,SMB,Singapore,DB Schenker,1,1,0,1,0,0.0,100.0,0.0,LOGISTICS
2026-04-01,SUP-022,Supplier 022,USA,NA,PLT-00,Shanghai Hub,China,APAC,SMB,UK,Kuehne+Nagel,1,1,0,0,0,0.0,0.0,0.0,LOGISTICS
2026-04-01,SUP-023,Supplier 023,Japan,APAC,PLT-06,Sao Paulo Ops,Brazil,LATAM,Enterprise,Canada,FedEx,1,1,1,1,1,100.0,100.0,100.0,LOGISTICS
2026-04-01,SUP-023,Supplier 023,Japan,APAC,PLT-04,Chennai Forge,India,APAC,SMB,Canada,UPS,1,1,1,1,1,100.0,100.0,100.0,LOGISTICS
2026-04-01,SUP-023,Supplier 023,Japan,APAC,PLT-07,Seoul Tech,South Korea,APAC,SMB,Germany,Maersk,1,1,1,1,1,100.0,100.0,100.0,LOGISTICS
2026-04-01,SUP-023,Supplier 023,Japan,APAC,PLT-07,Seoul Tech,South Korea,APAC,Enterprise,USA,Maersk,1,1,0,1,0,0.0,100.0,0.0,LOGISTICS
2026-04-01,SUP-023,Supplier 023,Japan,APAC,PLT-07,Seoul Tech,South Korea,APAC,SMB,Germany,FedEx,1,1,0,0,0,0.0,0.0,0.0,LOGISTICS
2026-04-01,SUP-023,Supplier 023,Japan,APAC,PLT-05,Monterrey Plant,Mexico,LATAM,SMB,Singapore,DHL,1,1,1,1,1,100.0,100.0,100.0,LOGISTICS
2026-04-01,SUP-024,Supplier 024,India,APAC,PLT-08,Taipei Micro,Taiwan,APAC,SMB,Australia,FedEx,1,1,0,1,0,0.0,100.0,0.0,LOGISTICS
2026-04-01,SUP-024,Supplier 024,India,APAC,PLT-01,Munich Center,Germany,EMEA,SMB,UK,DHL,1,1,0,1,0,0.0,100.0,0.0,LOGISTICS
2026-04-01,SUP-024,Supplier 024,India,APAC,PLT-00,Shanghai Hub,China,APAC,SMB,Australia,DHL,1,1,1,0,0,100.0,0.0,0.0,LOGISTICS
2026-04-01,SUP-024,Supplier 024,India,APAC,PLT-02,Detroit Works,USA,NA,Government,UK,FedEx,1,1,1,1,1,100.0,100.0,100.0,LOGISTICS
2026-04-01,SUP-024,Supplier 024,India,APAC,PLT-09,Hanoi Assembly,Vietnam,APAC,SMB,Singapore,Maersk,1,1,1,0,0,100.0,0.0,0.0,LOGISTICS
2026-04-01,SUP-024,Supplier 024,India,APAC,PLT-08,Taipei Micro,Taiwan,APAC,SMB,Australia,Maersk,1,1,1,0,0,100.0,0.0,0.0,LOGISTICS
2026-04-01,SUP-024,Supplier 024,India,APAC,PLT-07,Seoul Tech,South Korea,APAC,SMB,Australia,DHL,1,1,0,1,0,0.0,100.0,0.0,LOGISTICS
2026-04-01,SUP-024,Supplier 024,India,APAC,PLT-02,Detroit Works,USA,NA,Enterprise,France,DB Schenker,1,1,0,0,0,0.0,0.0,0.0,LOGISTICS
2026-04-01,SUP-024,Supplier 024,India,APAC,PLT-03,Tokyo Precision,Japan,APAC,Enterprise,Germany,Maersk,1,1,0,1,0,0.0,100.0,0.0,LOGISTICS
2026-04-01,SUP-024,Supplier 024,India,APAC,PLT-02,Detroit Works,USA,NA,Enterprise,France,DHL,1,1,1,0,0,100.0,0.0,0.0,LOGISTICS
2026-04-01,SUP-025,Supplier 025,Mexico,LATAM,PLT-02,Detroit Works,USA,NA,Government,Germany,FedEx,1,1,1,1,1,100.0,100.0,100.0,LOGISTICS
2026-04-01,SUP-025,Supplier 025,Mexico,LATAM,PLT-00,Shanghai Hub,China,APAC,Government,Germany,UPS,1,1,1,0,0,100.0,0.0,0.0,LOGISTICS
2026-04-01,SUP-025,Supplier 025,Mexico,LATAM,PLT-01,Munich Center,Germany,EMEA,Government,Canada,DB Schenker,1,1,1,1,1,100.0,100.0,100.0,LOGISTICS
2026-04-01,SUP-025,Supplier 025,Mexico,LATAM,PLT-00,Shanghai Hub,China,APAC,Government,Germany,Kuehne+Nagel,1,1,1,1,1,100.0,100.0,100.0,LOGISTICS
2026-04-01,SUP-025,Supplier 025,Mexico,LATAM,PLT-04,Chennai Forge,India,APAC,SMB,UK,DHL,1,2,1,1,0,50.0,50.0,0.0,LOGISTICS
2026-04-01,SUP-025,Supplier 025,Mexico,LATAM,PLT-01,Munich Center,Germany,EMEA,Government,USA,DHL,1,1,0,0,0,0.0,0.0,0.0,LOGISTICS
2026-04-01,SUP-026,Supplier 026,Brazil,LATAM,PLT-07,Seoul Tech,South Korea,APAC,SMB,UK,Kuehne+Nagel,1,1,0,0,0,0.0,0.0,0.0,LOGISTICS
2026-04-01,SUP-026,Supplier 026,Brazil,LATAM,PLT-00,Shanghai Hub,China,APAC,Enterprise,Germany,UPS,1,1,0,0,0,0.0,0.0,0.0,LOGISTICS
2026-04-01,SUP-026,Supplier 026,Brazil,LATAM,PLT-00,Shanghai Hub,China,APAC,Enterprise,Canada,UPS,1,1,1,1,1,100.0,100.0,100.0,LOGISTICS
2026-04-01,SUP-026,Supplier 026,Brazil,LATAM,PLT-02,Detroit Works,USA,NA,Enterprise,Japan,DB Schenker,1,1,0,1,0,0.0,100.0,0.0,LOGISTICS
2026-04-01,SUP-026,Supplier 026,Brazil,LATAM,PLT-04,Chennai Forge,India,APAC,Enterprise,France,DB Schenker,1,1,0,1,0,0.0,100.0,0.0,LOGISTICS
2026-04-01,SUP-026,Supplier 026,Brazil,LATAM,PLT-09,Hanoi Assembly,Vietnam,APAC,SMB,France,Maersk,1,1,1,1,1,100.0,100.0,100.0,LOGISTICS
2026-04-01,SUP-026,Supplier 026,Brazil,LATAM,PLT-01,Munich Center,Germany,EMEA,Enterprise,Japan,Maersk,1,1,1,1,1,100.0,100.0,100.0,LOGISTICS
2026-04-01,SUP-026,Supplier 026,Brazil,LATAM,PLT-00,Shanghai Hub,China,APAC,Enterprise,Germany,DHL,1,1,1,1,1,100.0,100.0,100.0,LOGISTICS
2026-04-01,SUP-026,Supplier 026,Brazil,LATAM,PLT-00,Shanghai Hub,China,APAC,Enterprise,Germany,FedEx,1,1,0,0,0,0.0,0.0,0.0,LOGISTICS
2026-04-01,SUP-027,Supplier 027,South Korea,APAC,PLT-06,Sao Paulo Ops,Brazil,LATAM,SMB,Canada,FedEx,1,1,1,0,0,100.0,0.0,0.0,LOGISTICS
2026-04-01,SUP-027,Supplier 027,South Korea,APAC,PLT-08,Taipei Micro,Taiwan,APAC,Government,Australia,Maersk,1,1,1,0,0,100.0,0.0,0.0,LOGISTICS
2026-04-01,SUP-027,Supplier 027,South Korea,APAC,PLT-07,Seoul Tech,South Korea,APAC,SMB,Singapore,DHL,1,1,1,0,0,100.0,0.0,0.0,LOGISTICS
2026-04-01,SUP-027,Supplier 027,South Korea,APAC,PLT-07,Seoul Tech,South Korea,APAC,SMB,France,Maersk,1,1,0,0,0,0.0,0.0,0.0,LOGISTICS
2026-04-01,SUP-027,Supplier 027,South Korea,APAC,PLT-01,Munich Center,Germany,EMEA,Enterprise,UK,FedEx,1,1,1,0,0,100.0,0.0,0.0,LOGISTICS
2026-04-01,SUP-027,Supplier 027,South Korea,APAC,PLT-06,Sao Paulo Ops,Brazil,LATAM,SMB,Canada,DB Schenker,1,1,1,1,1,100.0,100.0,100.0,LOGISTICS
2026-04-01,SUP-027,Supplier 027,South Korea,APAC,PLT-06,Sao Paulo Ops,Brazil,LATAM,SMB,UK,Maersk,1,1,0,1,0,0.0,100.0,0.0,LOGISTICS
2026-04-01,SUP-027,Supplier 027,South Korea,APAC,PLT-02,Detroit Works,USA,NA,SMB,Japan,Kuehne+Nagel,1,1,0,0,0,0.0,0.0,0.0,LOGISTICS
2026-04-01,SUP-027,Supplier 027,South Korea,APAC,PLT-03,Tokyo Precision,Japan,APAC,SMB,Germany,FedEx,1,1,0,1,0,0.0,100.0,0.0,LOGISTICS
2026-04-01,SUP-027,Supplier 027,South Korea,APAC,PLT-05,Monterrey Plant,Mexico,LATAM,SMB,UK,Maersk,1,1,1,1,1,100.0,100.0,100.0,LOGISTICS
2026-04-01,SUP-027,Supplier 027,South Korea,APAC,PLT-01,Munich Center,Germany,EMEA,Government,France,FedEx,1,1,0,1,0,0.0,100.0,0.0,LOGISTICS
2026-04-01,SUP-028,Supplier 028,Taiwan,APAC,PLT-00,Shanghai Hub,China,APAC,SMB,Singapore,FedEx,1,1,0,1,0,0.0,100.0,0.0,LOGISTICS
2026-04-01,SUP-028,Supplier 028,Taiwan,APAC,PLT-00,Shanghai Hub,China,APAC,SMB,Singapore,Maersk,1,1,0,0,0,0.0,0.0,0.0,LOGISTICS
2026-04-01,SUP-028,Supplier 028,Taiwan,APAC,PLT-08,Taipei Micro,Taiwan,APAC,SMB,France,Kuehne+Nagel,1,1,0,0,0,0.0,0.0,0.0,LOGISTICS
2026-04-01,SUP-028,Supplier 028,Taiwan,APAC,PLT-06,Sao Paulo Ops,Brazil,LATAM,SMB,Japan,UPS,1,1,1,1,1,100.0,100.0,100.0,LOGISTICS
2026-04-01,SUP-029,Supplier 029,Vietnam,APAC,PLT-09,Hanoi Assembly,Vietnam,APAC,SMB,UK,DB Schenker,1,1,1,1,1,100.0,100.0,100.0,LOGISTICS
2026-04-01,SUP-029,Supplier 029,Vietnam,APAC,PLT-04,Chennai Forge,India,APAC,SMB,France,DB Schenker,1,1,0,1,0,0.0,100.0,0.0,LOGISTICS
2026-04-01,SUP-029,Supplier 029,Vietnam,APAC,PLT-02,Detroit Works,USA,NA,SMB,France,Kuehne+Nagel,1,1,1,0,0,100.0,0.0,0.0,LOGISTICS
2026-04-01,SUP-029,Supplier 029,Vietnam,APAC,PLT-03,Tokyo Precision,Japan,APAC,SMB,Singapore,Maersk,1,1,0,1,0,0.0,100.0,0.0,LOGISTICS
2026-04-01,SUP-029,Supplier 029,Vietnam,APAC,PLT-04,Chennai Forge,India,APAC,SMB,Canada,FedEx,1,1,1,0,0,100.0,0.0,0.0,LOGISTICS
2026-04-01,SUP-030,Supplier 030,China,APAC,PLT-09,Hanoi Assembly,Vietnam,APAC,Enterprise,Japan,DB Schenker,1,1,0,1,0,0.0,100.0,0.0,LOGISTICS
2026-04-01,SUP-030,Supplier 030,China,APAC,PLT-07,Seoul Tech,South Korea,APAC,Government,France,UPS,1,1,1,1,1,100.0,100.0,100.0,LOGISTICS
2026-04-01,SUP-030,Supplier 030,China,APAC,PLT-07,Seoul Tech,South Korea,APAC,SMB,Germany,DHL,1,1,0,0,0,0.0,0.0,0.0,LOGISTICS
2026-04-01,SUP-030,Supplier 030,China,APAC,PLT-01,Munich Center,Germany,EMEA,Enterprise,France,UPS,1,1,0,0,0,0.0,0.0,0.0,LOGISTICS
2026-04-01,SUP-030,Supplier 030,China,APAC,PLT-01,Munich Center,Germany,EMEA,Enterprise,USA,DHL,1,1,0,1,0,0.0,100.0,0.0,LOGISTICS
2026-04-01,SUP-030,Supplier 030,China,APAC,PLT-07,Seoul Tech,South Korea,APAC,SMB,Germany,FedEx,1,1,0,0,0,0.0,0.0,0.0,LOGISTICS
2026-04-01,SUP-030,Supplier 030,China,APAC,PLT-05,Monterrey Plant,Mexico,LATAM,Enterprise,Germany,UPS,1,1,0,1,0,0.0,100.0,0.0,LOGISTICS
2026-04-01,SUP-030,Supplier 030,China,APAC,PLT-01,Munich Center,Germany,EMEA,Enterprise,Japan,Kuehne+Nagel,1,1,0,0,0,0.0,0.0,0.0,LOGISTICS
2026-04-01,SUP-030,Supplier 030,China,APAC,PLT-01,Munich Center,Germany,EMEA,Enterprise,Japan,Maersk,1,1,1,0,0,100.0,0.0,0.0,LOGISTICS
2026-04-01,SUP-030,Supplier 030,China,APAC,PLT-06,Sao Paulo Ops,Brazil,LATAM,Enterprise,France,Maersk,1,1,1,1,1,100.0,100.0,100.0,LOGISTICS
2026-04-01,SUP-030,Supplier 030,China,APAC,PLT-06,Sao Paulo Ops,Brazil,LATAM,Enterprise,France,UPS,1,1,0,0,0,0.0,0.0,0.0,LOGISTICS
2026-04-01,SUP-030,Supplier 030,China,APAC,PLT-01,Munich Center,Germany,EMEA,Enterprise,France,DHL,1,1,0,1,0,0.0,100.0,0.0,LOGISTICS
2026-04-01,SUP-031,Supplier 031,Germany,EMEA,PLT-07,Seoul Tech,South Korea,APAC,Enterprise,Japan,Maersk,1,1,0,0,0,0.0,0.0,0.0,LOGISTICS
2026-04-01,SUP-031,Supplier 031,Germany,EMEA,PLT-02,Detroit Works,USA,NA,SMB,Canada,Maersk,1,1,0,1,0,0.0,100.0,0.0,LOGISTICS
2026-04-01,SUP-031,Supplier 031,Germany,EMEA,PLT-07,Seoul Tech,South Korea,APAC,Enterprise,Canada,UPS,1,1,0,0,0,0.0,0.0,0.0,LOGISTICS
2026-04-01,SUP-031,Supplier 031,Germany,EMEA,PLT-09,Hanoi Assembly,Vietnam,APAC,Government,Australia,FedEx,1,1,0,1,0,0.0,100.0,0.0,LOGISTICS
2026-04-01,SUP-031,Supplier 031,Germany,EMEA,PLT-00,Shanghai Hub,China,APAC,SMB,USA,Kuehne+Nagel,1,1,0,1,0,0.0,100.0,0.0,LOGISTICS
2026-04-01,SUP-031,Supplier 031,Germany,EMEA,PLT-02,Detroit Works,USA,NA,SMB,Canada,Kuehne+Nagel,1,1,0,1,0,0.0,100.0,0.0,LOGISTICS
2026-04-01,SUP-031,Supplier 031,Germany,EMEA,PLT-03,Tokyo Precision,Japan,APAC,SMB,France,FedEx,1,1,0,1,0,0.0,100.0,0.0,LOGISTICS
2026-04-01,SUP-031,Supplier 031,Germany,EMEA,PLT-03,Tokyo Precision,Japan,APAC,SMB,Japan,Maersk,1,1,0,0,0,0.0,0.0,0.0,LOGISTICS
2026-04-01,SUP-032,Supplier 032,USA,NA,PLT-02,Detroit Works,USA,NA,Enterprise,France,Maersk,1,1,1,1,1,100.0,100.0,100.0,LOGISTICS
2026-04-01,SUP-032,Supplier 032,USA,NA,PLT-00,Shanghai Hub,China,APAC,Government,Australia,Kuehne+Nagel,1,1,0,0,0,0.0,0.0,0.0,LOGISTICS
2026-04-01,SUP-032,Supplier 032,USA,NA,PLT-03,Tokyo Precision,Japan,APAC,SMB,Singapore,FedEx,1,1,0,1,0,0.0,100.0,0.0,LOGISTICS
2026-04-01,SUP-032,Supplier 032,USA,NA,PLT-02,Detroit Works,USA,NA,SMB,France,UPS,1,1,1,0,0,100.0,0.0,0.0,LOGISTICS
2026-04-01,SUP-032,Supplier 032,USA,NA,PLT-03,Tokyo Precision,Japan,APAC,Enterprise,France,Kuehne+Nagel,1,1,1,1,1,100.0,100.0,100.0,LOGISTICS
2026-04-01,SUP-032,Supplier 032,USA,NA,PLT-00,Shanghai Hub,China,APAC,Government,Australia,DHL,1,1,0,0,0,0.0,0.0,0.0,LOGISTICS
2026-04-01,SUP-032,Supplier 032,USA,NA,PLT-08,Taipei Micro,Taiwan,APAC,Government,France,DB Schenker,1,1,1,1,1,100.0,100.0,100.0,LOGISTICS
2026-04-01,SUP-032,Supplier 032,USA,NA,PLT-04,Chennai Forge,India,APAC,Enterprise,Singapore,DHL,1,1,0,1,0,0.0,100.0,0.0,LOGISTICS
2026-04-01,SUP-033,Supplier 033,Japan,APAC,PLT-02,Detroit Works,USA,NA,SMB,USA,UPS,1,1,0,1,0,0.0,100.0,0.0,LOGISTICS
2026-04-01,SUP-033,Supplier 033,Japan,APAC,PLT-03,Tokyo Precision,Japan,APAC,Enterprise,Japan,Maersk,1,1,0,1,0,0.0,100.0,0.0,LOGISTICS
2026-04-01,SUP-034,Supplier 034,India,APAC,PLT-05,Monterrey Plant,Mexico,LATAM,SMB,Australia,Kuehne+Nagel,1,1,1,0,0,100.0,0.0,0.0,LOGISTICS
2026-04-01,SUP-034,Supplier 034,India,APAC,PLT-07,Seoul Tech,South Korea,APAC,SMB,Germany,Maersk,1,1,0,1,0,0.0,100.0,0.0,LOGISTICS
2026-04-01,SUP-034,Supplier 034,India,APAC,PLT-07,Seoul Tech,South Korea,APAC,Enterprise,USA,DHL,1,1,0,1,0,0.0,100.0,0.0,LOGISTICS
2026-04-01,SUP-034,Supplier 034,India,APAC,PLT-06,Sao Paulo Ops,Brazil,LATAM,SMB,France,DB Schenker,1,1,0,0,0,0.0,0.0,0.0,LOGISTICS
2026-04-01,SUP-035,Supplier 035,Mexico,LATAM,PLT-07,Seoul Tech,South Korea,APAC,Government,Japan,UPS,1,1,0,1,0,0.0,100.0,0.0,LOGISTICS
2026-04-01,SUP-035,Supplier 035,Mexico,LATAM,PLT-05,Monterrey Plant,Mexico,LATAM,SMB,UK,DHL,1,1,1,1,1,100.0,100.0,100.0,LOGISTICS
2026-04-01,SUP-035,Supplier 035,Mexico,LATAM,PLT-09,Hanoi Assembly,Vietnam,APAC,SMB,France,FedEx,1,1,0,0,0,0.0,0.0,0.0,LOGISTICS
2026-04-01,SUP-035,Supplier 035,Mexico,LATAM,PLT-09,Hanoi Assembly,Vietnam,APAC,SMB,Canada,DB Schenker,1,1,0,0,0,0.0,0.0,0.0,LOGISTICS
2026-04-01,SUP-035,Supplier 035,Mexico,LATAM,PLT-07,Seoul Tech,South Korea,APAC,SMB,Germany,DB Schenker,1,1,0,0,0,0.0,0.0,0.0,LOGISTICS
2026-04-01,SUP-035,Supplier 035,Mexico,LATAM,PLT-07,Seoul Tech,South Korea,APAC,Enterprise,UK,FedEx,1,1,0,1,0,0.0,100.0,0.0,LOGISTICS
2026-04-01,SUP-035,Supplier 035,Mexico,LATAM,PLT-05,Monterrey Plant,Mexico,LATAM,SMB,Australia,DB Schenker,1,1,1,0,0,100.0,0.0,0.0,LOGISTICS
2026-04-01,SUP-035,Supplier 035,Mexico,LATAM,PLT-05,Monterrey Plant,Mexico,LATAM,SMB,France,DB Schenker,1,1,1,1,1,100.0,100.0,100.0,LOGISTICS
2026-04-01,SUP-036,Supplier 036,Brazil,LATAM,PLT-09,Hanoi Assembly,Vietnam,APAC,Enterprise,Japan,FedEx,1,1,1,1,1,100.0,100.0,100.0,LOGISTICS
2026-04-01,SUP-036,Supplier 036,Brazil,LATAM,PLT-06,Sao Paulo Ops,Brazil,LATAM,SMB,Australia,Maersk,1,1,1,0,0,100.0,0.0,0.0,LOGISTICS
2026-04-01,SUP-036,Supplier 036,Brazil,LATAM,PLT-00,Shanghai Hub,China,APAC,SMB,USA,Kuehne+Nagel,1,1,0,1,0,0.0,100.0,0.0,LOGISTICS
2026-04-01,SUP-036,Supplier 036,Brazil,LATAM,PLT-00,Shanghai Hub,China,APAC,SMB,Japan,Kuehne+Nagel,1,1,0,0,0,0.0,0.0,0.0,LOGISTICS
2026-04-01,SUP-037,Supplier 037,South Korea,APAC,PLT-09,Hanoi Assembly,Vietnam,APAC,SMB,France,DHL,1,1,1,1,1,100.0,100.0,100.0,LOGISTICS
2026-04-01,SUP-037,Supplier 037,South Korea,APAC,PLT-09,Hanoi Assembly,Vietnam,APAC,SMB,France,Kuehne+Nagel,1,1,1,0,0,100.0,0.0,0.0,LOGISTICS
2026-04-01,SUP-037,Supplier 037,South Korea,APAC,PLT-08,Taipei Micro,Taiwan,APAC,SMB,Singapore,Kuehne+Nagel,1,1,0,1,0,0.0,100.0,0.0,LOGISTICS
2026-04-01,SUP-037,Supplier 037,South Korea,APAC,PLT-03,Tokyo Precision,Japan,APAC,Government,Germany,DB Schenker,1,1,0,1,0,0.0,100.0,0.0,LOGISTICS
2026-04-01,SUP-037,Supplier 037,South Korea,APAC,PLT-09,Hanoi Assembly,Vietnam,APAC,SMB,USA,UPS,1,1,0,1,0,0.0,100.0,0.0,LOGISTICS
2026-04-01,SUP-037,Supplier 037,South Korea,APAC,PLT-01,Munich Center,Germany,EMEA,SMB,USA,DB Schenker,1,1,0,0,0,0.0,0.0,0.0,LOGISTICS
2026-04-01,SUP-037,Supplier 037,South Korea,APAC,PLT-07,Seoul Tech,South Korea,APAC,SMB,USA,Kuehne+Nagel,1,1,1,0,0,100.0,0.0,0.0,LOGISTICS
2026-04-01,SUP-038,Supplier 038,Taiwan,APAC,PLT-09,Hanoi Assembly,Vietnam,APAC,SMB,Canada,DHL,1,1,0,0,0,0.0,0.0,0.0,LOGISTICS
2026-04-01,SUP-038,Supplier 038,Taiwan,APAC,PLT-07,Seoul Tech,South Korea,APAC,SMB,Australia,DHL,1,1,0,1,0,0.0,100.0,0.0,LOGISTICS
2026-04-01,SUP-038,Supplier 038,Taiwan,APAC,PLT-09,Hanoi Assembly,Vietnam,APAC,Government,Germany,FedEx,1,1,0,0,0,0.0,0.0,0.0,LOGISTICS
2026-04-01,SUP-038,Supplier 038,Taiwan,APAC,PLT-09,Hanoi Assembly,Vietnam,APAC,Government,Germany,Kuehne+Nagel,1,1,1,1,1,100.0,100.0,100.0,LOGISTICS
2026-04-01,SUP-038,Supplier 038,Taiwan,APAC,PLT-00,Shanghai Hub,China,APAC,SMB,Australia,Kuehne+Nagel,1,1,0,0,0,0.0,0.0,0.0,LOGISTICS
2026-04-01,SUP-038,Supplier 038,Taiwan,APAC,PLT-05,Monterrey Plant,Mexico,LATAM,SMB,Singapore,FedEx,1,1,0,0,0,0.0,0.0,0.0,LOGISTICS
2026-04-01,SUP-039,Supplier 039,Vietnam,APAC,PLT-09,Hanoi Assembly,Vietnam,APAC,Government,Germany,UPS,1,1,0,0,0,0.0,0.0,0.0,LOGISTICS
2026-04-01,SUP-039,Supplier 039,Vietnam,APAC,PLT-07,Seoul Tech,South Korea,APAC,Government,Singapore,Kuehne+Nagel,1,1,1,1,1,100.0,100.0,100.0,LOGISTICS
2026-04-01,SUP-039,Supplier 039,Vietnam,APAC,PLT-09,Hanoi Assembly,Vietnam,APAC,Government,Germany,Kuehne+Nagel,1,1,1,1,1,100.0,100.0,100.0,LOGISTICS
2026-04-01,SUP-039,Supplier 039,Vietnam,APAC,PLT-05,Monterrey Plant,Mexico,LATAM,SMB,USA,FedEx,1,1,1,1,1,100.0,100.0,100.0,LOGISTICS
2026-04-01,SUP-039,Supplier 039,Vietnam,APAC,PLT-01,Munich Center,Germany,EMEA,SMB,UK,Kuehne+Nagel,1,1,1,1,1,100.0,100.0,100.0,LOGISTICS
2026-04-01,SUP-040,Supplier 040,China,APAC,PLT-02,Detroit Works,USA,NA,Government,Singapore,DHL,1,1,0,0,0,0.0,0.0,0.0,LOGISTICS
2026-04-01,SUP-040,Supplier 040,China,APAC,PLT-02,Detroit Works,USA,NA,Government,Singapore,UPS,1,1,0,1,0,0.0,100.0,0.0,LOGISTICS
2026-04-01,SUP-040,Supplier 040,China,APAC,PLT-07,Seoul Tech,South Korea,APAC,Enterprise,France,Kuehne+Nagel,1,1,0,1,0,0.0,100.0,0.0,LOGISTICS
2026-04-01,SUP-040,Supplier 040,China,APAC,PLT-07,Seoul Tech,South Korea,APAC,SMB,Japan,FedEx,1,1,0,1,0,0.0,100.0,0.0,LOGISTICS
2026-04-01,SUP-040,Supplier 040,China,APAC,PLT-05,Monterrey Plant,Mexico,LATAM,Enterprise,Japan,UPS,1,1,0,0,0,0.0,0.0,0.0,LOGISTICS
2026-04-01,SUP-040,Supplier 040,China,APAC,PLT-06,Sao Paulo Ops,Brazil,LATAM,Enterprise,Canada,DB Schenker,1,1,1,1,1,100.0,100.0,100.0,LOGISTICS
2026-04-01,SUP-041,Supplier 041,Germany,EMEA,PLT-07,Seoul Tech,South Korea,APAC,SMB,Singapore,FedEx,1,1,0,1,0,0.0,100.0,0.0,LOGISTICS
2026-04-01,SUP-041,Supplier 041,Germany,EMEA,PLT-07,Seoul Tech,South Korea,APAC,SMB,Singapore,UPS,1,1,1,0,0,100.0,0.0,0.0,LOGISTICS
2026-04-01,SUP-041,Supplier 041,Germany,EMEA,PLT-06,Sao Paulo Ops,Brazil,LATAM,Enterprise,USA,DHL,1,1,0,0,0,0.0,0.0,0.0,LOGISTICS
2026-04-01,SUP-042,Supplier 042,USA,NA,PLT-08,Taipei Micro,Taiwan,APAC,Enterprise,Canada,Maersk,1,1,1,0,0,100.0,0.0,0.0,LOGISTICS
2026-04-01,SUP-042,Supplier 042,USA,NA,PLT-08,Taipei Micro,Taiwan,APAC,Enterprise,Canada,DB Schenker,1,1,1,1,1,100.0,100.0,100.0,LOGISTICS
2026-04-01,SUP-042,Supplier 042,USA,NA,PLT-03,Tokyo Precision,Japan,APAC,SMB,Singapore,UPS,1,1,1,1,1,100.0,100.0,100.0,LOGISTICS
2026-04-01,SUP-042,Supplier 042,USA,NA,PLT-06,Sao Paulo Ops,Brazil,LATAM,SMB,Canada,FedEx,1,1,1,1,1,100.0,100.0,100.0,LOGISTICS
2026-04-01,SUP-042,Supplier 042,USA,NA,PLT-04,Chennai Forge,India,APAC,Enterprise,Germany,DHL,1,1,0,1,0,0.0,100.0,0.0,LOGISTICS
2026-04-01,SUP-043,Supplier 043,Japan,APAC,PLT-03,Tokyo Precision,Japan,APAC,Government,Singapore,Kuehne+Nagel,1,1,1,0,0,100.0,0.0,0.0,LOGISTICS
2026-04-01,SUP-043,Supplier 043,Japan,APAC,PLT-09,Hanoi Assembly,Vietnam,APAC,Government,Singapore,DHL,1,1,1,0,0,100.0,0.0,0.0,LOGISTICS
2026-04-01,SUP-043,Supplier 043,Japan,APAC,PLT-05,Monterrey Plant,Mexico,LATAM,SMB,France,Kuehne+Nagel,1,1,1,1,1,100.0,100.0,100.0,LOGISTICS
2026-04-01,SUP-043,Supplier 043,Japan,APAC,PLT-03,Tokyo Precision,Japan,APAC,Government,USA,DHL,1,1,0,0,0,0.0,0.0,0.0,LOGISTICS
2026-04-01,SUP-043,Supplier 043,Japan,APAC,PLT-03,Tokyo Precision,Japan,APAC,Government,USA,Kuehne+Nagel,1,1,1,1,1,100.0,100.0,100.0,LOGISTICS
2026-04-01,SUP-043,Supplier 043,Japan,APAC,PLT-05,Monterrey Plant,Mexico,LATAM,SMB,France,FedEx,1,1,1,0,0,100.0,0.0,0.0,LOGISTICS
2026-04-01,SUP-043,Supplier 043,Japan,APAC,PLT-03,Tokyo Precision,Japan,APAC,Government,Singapore,DHL,1,1,0,1,0,0.0,100.0,0.0,LOGISTICS
2026-04-01,SUP-043,Supplier 043,Japan,APAC,PLT-02,Detroit Works,USA,NA,Enterprise,France,FedEx,1,1,0,1,0,0.0,100.0,0.0,LOGISTICS
2026-04-01,SUP-044,Supplier 044,India,APAC,PLT-06,Sao Paulo Ops,Brazil,LATAM,Enterprise,USA,DHL,1,1,1,1,1,100.0,100.0,100.0,LOGISTICS
2026-04-01,SUP-044,Supplier 044,India,APAC,PLT-00,Shanghai Hub,China,APAC,SMB,Canada,DHL,1,1,0,1,0,0.0,100.0,0.0,LOGISTICS
2026-04-01,SUP-044,Supplier 044,India,APAC,PLT-09,Hanoi Assembly,Vietnam,APAC,SMB,USA,DHL,1,1,1,1,1,100.0,100.0,100.0,LOGISTICS
2026-04-01,SUP-044,Supplier 044,India,APAC,PLT-03,Tokyo Precision,Japan,APAC,SMB,Singapore,Kuehne+Nagel,1,1,1,1,1,100.0,100.0,100.0,LOGISTICS
2026-04-01,SUP-044,Supplier 044,India,APAC,PLT-04,Chennai Forge,India,APAC,Enterprise,Canada,FedEx,1,1,0,1,0,0.0,100.0,0.0,LOGISTICS
2026-04-01,SUP-044,Supplier 044,India,APAC,PLT-00,Shanghai Hub,China,APAC,SMB,UK,UPS,1,1,0,0,0,0.0,0.0,0.0,LOGISTICS
2026-04-01,SUP-045,Supplier 045,Mexico,LATAM,PLT-04,Chennai Forge,India,APAC,SMB,UK,Maersk,1,1,0,1,0,0.0,100.0,0.0,LOGISTICS
2026-04-01,SUP-045,Supplier 045,Mexico,LATAM,PLT-07,Seoul Tech,South Korea,APAC,Government,Singapore,Kuehne+Nagel,1,1,1,1,1,100.0,100.0,100.0,LOGISTICS
2026-04-01,SUP-045,Supplier 045,Mexico,LATAM,PLT-01,Munich Center,Germany,EMEA,Enterprise,Japan,UPS,1,1,1,1,1,100.0,100.0,100.0,LOGISTICS
2026-04-01,SUP-045,Supplier 045,Mexico,LATAM,PLT-01,Munich Center,Germany,EMEA,Enterprise,Germany,Kuehne+Nagel,1,1,0,1,0,0.0,100.0,0.0,LOGISTICS
2026-04-01,SUP-046,Supplier 046,Brazil,LATAM,PLT-04,Chennai Forge,India,APAC,SMB,Canada,FedEx,1,1,1,0,0,100.0,0.0,0.0,LOGISTICS
2026-04-01,SUP-046,Supplier 046,Brazil,LATAM,PLT-01,Munich Center,Germany,EMEA,SMB,UK,DB Schenker,1,1,0,0,0,0.0,0.0,0.0,LOGISTICS
2026-04-01,SUP-046,Supplier 046,Brazil,LATAM,PLT-04,Chennai Forge,India,APAC,SMB,Canada,Kuehne+Nagel,1,1,0,1,0,0.0,100.0,0.0,LOGISTICS
2026-04-01,SUP-046,Supplier 046,Brazil,LATAM,PLT-03,Tokyo Precision,Japan,APAC,SMB,Singapore,UPS,1,1,0,0,0,0.0,0.0,0.0,LOGISTICS
2026-04-01,SUP-046,Supplier 046,Brazil,LATAM,PLT-01,Munich Center,Germany,EMEA,Enterprise,USA,UPS,1,1,0,0,0,0.0,0.0,0.0,LOGISTICS
2026-04-01,SUP-046,Supplier 046,Brazil,LATAM,PLT-08,Taipei Micro,Taiwan,APAC,Enterprise,USA,UPS,1,1,1,0,0,100.0,0.0,0.0,LOGISTICS
2026-04-01,SUP-046,Supplier 046,Brazil,LATAM,PLT-03,Tokyo Precision,Japan,APAC,SMB,Singapore,DB Schenker,1,1,0,0,0,0.0,0.0,0.0,LOGISTICS
2026-04-01,SUP-047,Supplier 047,South Korea,APAC,PLT-07,Seoul Tech,South Korea,APAC,SMB,Japan,Maersk,1,1,0,0,0,0.0,0.0,0.0,LOGISTICS
2026-04-01,SUP-047,Supplier 047,South Korea,APAC,PLT-07,Seoul Tech,South Korea,APAC,SMB,UK,DB Schenker,1,1,0,1,0,0.0,100.0,0.0,LOGISTICS
2026-04-01,SUP-047,Supplier 047,South Korea,APAC,PLT-05,Monterrey Plant,Mexico,LATAM,SMB,Australia,DHL,1,1,1,1,1,100.0,100.0,100.0,LOGISTICS
2026-04-01,SUP-047,Supplier 047,South Korea,APAC,PLT-07,Seoul Tech,South Korea,APAC,Government,Japan,DHL,1,1,1,0,0,100.0,0.0,0.0,LOGISTICS
2026-04-01,SUP-047,Supplier 047,South Korea,APAC,PLT-07,Seoul Tech,South Korea,APAC,SMB,Japan,FedEx,1,1,0,1,0,0.0,100.0,0.0,LOGISTICS
2026-04-01,SUP-047,Supplier 047,South Korea,APAC,PLT-01,Munich Center,Germany,EMEA,SMB,UK,DHL,1,1,0,1,0,0.0,100.0,0.0,LOGISTICS
2026-04-01,SUP-048,Supplier 048,Taiwan,APAC,PLT-03,Tokyo Precision,Japan,APAC,SMB,Canada,DHL,1,1,1,0,0,100.0,0.0,0.0,LOGISTICS
2026-04-01,SUP-048,Supplier 048,Taiwan,APAC,PLT-05,Monterrey Plant,Mexico,LATAM,SMB,Germany,DHL,1,1,0,1,0,0.0,100.0,0.0,LOGISTICS
2026-04-01,SUP-048,Supplier 048,Taiwan,APAC,PLT-05,Monterrey Plant,Mexico,LATAM,SMB,Australia,UPS,1,1,1,1,1,100.0,100.0,100.0,LOGISTICS
2026-04-01,SUP-048,Supplier 048,Taiwan,APAC,PLT-03,Tokyo Precision,Japan,APAC,SMB,Canada,UPS,1,1,0,1,0,0.0,100.0,0.0,LOGISTICS
2026-04-01,SUP-048,Supplier 048,Taiwan,APAC,PLT-07,Seoul Tech,South Korea,APAC,SMB,Germany,DHL,1,1,0,1,0,0.0,100.0,0.0,LOGISTICS
2026-04-01,SUP-048,Supplier 048,Taiwan,APAC,PLT-03,Tokyo Precision,Japan,APAC,SMB,France,DHL,1,1,0,1,0,0.0,100.0,0.0,LOGISTICS
2026-04-01,SUP-048,Supplier 048,Taiwan,APAC,PLT-02,Detroit Works,USA,NA,SMB,UK,DHL,1,1,0,1,0,0.0,100.0,0.0,LOGISTICS
2026-04-01,SUP-048,Supplier 048,Taiwan,APAC,PLT-00,Shanghai Hub,China,APAC,SMB,Germany,Kuehne+Nagel,1,1,1,1,1,100.0,100.0,100.0,LOGISTICS
2026-04-01,SUP-048,Supplier 048,Taiwan,APAC,PLT-04,Chennai Forge,India,APAC,Enterprise,Japan,UPS,1,1,0,1,0,0.0,100.0,0.0,LOGISTICS
2026-04-01,SUP-049,Supplier 049,Vietnam,APAC,PLT-01,Munich Center,Germany,EMEA,SMB,USA,FedEx,1,1,1,1,1,100.0,100.0,100.0,LOGISTICS
2026-04-01,SUP-049,Supplier 049,Vietnam,APAC,PLT-04,Chennai Forge,India,APAC,SMB,UK,UPS,1,1,1,1,1,100.0,100.0,100.0,LOGISTICS
2026-04-01,SUP-049,Supplier 049,Vietnam,APAC,PLT-03,Tokyo Precision,Japan,APAC,Enterprise,USA,FedEx,1,1,0,1,0,0.0,100.0,0.0,LOGISTICS
2026-04-01,SUP-049,Supplier 049,Vietnam,APAC,PLT-03,Tokyo Precision,Japan,APAC,Government,Canada,FedEx,1,1,1,0,0,100.0,0.0,0.0,LOGISTICS
2026-05-01,SUP-000,Supplier 000,China,APAC,PLT-04,Chennai Forge,India,APAC,SMB,Singapore,DHL,1,2,2,1,1,100.0,50.0,50.0,LOGISTICS
2026-05-01,SUP-000,Supplier 000,China,APAC,PLT-09,Hanoi Assembly,Vietnam,APAC,Government,Germany,FedEx,1,1,0,1,0,0.0,100.0,0.0,LOGISTICS
2026-05-01,SUP-000,Supplier 000,China,APAC,PLT-05,Monterrey Plant,Mexico,LATAM,SMB,Canada,DHL,1,1,0,1,0,0.0,100.0,0.0,LOGISTICS
2026-05-01,SUP-000,Supplier 000,China,APAC,PLT-00,Shanghai Hub,China,APAC,SMB,Australia,DB Schenker,1,1,0,0,0,0.0,0.0,0.0,LOGISTICS
2026-05-01,SUP-001,Supplier 001,Germany,EMEA,PLT-00,Shanghai Hub,China,APAC,SMB,Australia,Kuehne+Nagel,1,1,0,1,0,0.0,100.0,0.0,LOGISTICS
2026-05-01,SUP-001,Supplier 001,Germany,EMEA,PLT-08,Taipei Micro,Taiwan,APAC,SMB,Australia,DHL,1,1,1,1,1,100.0,100.0,100.0,LOGISTICS
2026-05-01,SUP-001,Supplier 001,Germany,EMEA,PLT-07,Seoul Tech,South Korea,APAC,Government,USA,DB Schenker,1,1,1,1,1,100.0,100.0,100.0,LOGISTICS
2026-05-01,SUP-001,Supplier 001,Germany,EMEA,PLT-05,Monterrey Plant,Mexico,LATAM,Enterprise,Germany,FedEx,1,1,0,0,0,0.0,0.0,0.0,LOGISTICS
2026-05-01,SUP-001,Supplier 001,Germany,EMEA,PLT-07,Seoul Tech,South Korea,APAC,Government,Germany,DHL,1,1,0,1,0,0.0,100.0,0.0,LOGISTICS
2026-05-01,SUP-001,Supplier 001,Germany,EMEA,PLT-02,Detroit Works,USA,NA,Government,USA,DHL,1,1,0,1,0,0.0,100.0,0.0,LOGISTICS
2026-05-01,SUP-002,Supplier 002,USA,NA,PLT-02,Detroit Works,USA,NA,SMB,UK,DHL,1,1,1,1,1,100.0,100.0,100.0,LOGISTICS
2026-05-01,SUP-002,Supplier 002,USA,NA,PLT-07,Seoul Tech,South Korea,APAC,SMB,Germany,DHL,1,1,1,0,0,100.0,0.0,0.0,LOGISTICS
2026-05-01,SUP-002,Supplier 002,USA,NA,PLT-09,Hanoi Assembly,Vietnam,APAC,Government,Japan,Maersk,1,1,0,1,0,0.0,100.0,0.0,LOGISTICS
2026-05-01,SUP-002,Supplier 002,USA,NA,PLT-05,Monterrey Plant,Mexico,LATAM,SMB,Germany,FedEx,1,1,0,0,0,0.0,0.0,0.0,LOGISTICS
2026-05-01,SUP-002,Supplier 002,USA,NA,PLT-07,Seoul Tech,South Korea,APAC,SMB,Germany,Maersk,1,1,0,0,0,0.0,0.0,0.0,LOGISTICS
2026-05-01,SUP-002,Supplier 002,USA,NA,PLT-02,Detroit Works,USA,NA,Government,USA,DHL,1,1,1,1,1,100.0,100.0,100.0,LOGISTICS
2026-05-01,SUP-002,Supplier 002,USA,NA,PLT-02,Detroit Works,USA,NA,SMB,Australia,UPS,1,1,0,0,0,0.0,0.0,0.0,LOGISTICS
2026-05-01,SUP-002,Supplier 002,USA,NA,PLT-09,Hanoi Assembly,Vietnam,APAC,Government,Singapore,Kuehne+Nagel,1,1,1,0,0,100.0,0.0,0.0,LOGISTICS
2026-05-01,SUP-002,Supplier 002,USA,NA,PLT-09,Hanoi Assembly,Vietnam,APAC,Enterprise,Singapore,UPS,1,2,1,1,0,50.0,50.0,0.0,LOGISTICS
2026-05-01,SUP-003,Supplier 003,Japan,APAC,PLT-01,Munich Center,Germany,EMEA,Enterprise,Japan,Kuehne+Nagel,1,1,1,1,1,100.0,100.0,100.0,LOGISTICS
2026-05-01,SUP-003,Supplier 003,Japan,APAC,PLT-05,Monterrey Plant,Mexico,LATAM,SMB,Germany,DB Schenker,1,2,2,1,1,100.0,50.0,50.0,LOGISTICS
2026-05-01,SUP-003,Supplier 003,Japan,APAC,PLT-08,Taipei Micro,Taiwan,APAC,SMB,UK,DB Schenker,1,1,1,1,1,100.0,100.0,100.0,LOGISTICS
2026-05-01,SUP-003,Supplier 003,Japan,APAC,PLT-04,Chennai Forge,India,APAC,Enterprise,France,UPS,1,1,0,0,0,0.0,0.0,0.0,LOGISTICS
2026-05-01,SUP-003,Supplier 003,Japan,APAC,PLT-08,Taipei Micro,Taiwan,APAC,SMB,Australia,UPS,1,1,0,0,0,0.0,0.0,0.0,LOGISTICS
2026-05-01,SUP-003,Supplier 003,Japan,APAC,PLT-04,Chennai Forge,India,APAC,Enterprise,France,FedEx,1,1,1,0,0,100.0,0.0,0.0,LOGISTICS
2026-05-01,SUP-003,Supplier 003,Japan,APAC,PLT-09,Hanoi Assembly,Vietnam,APAC,SMB,Singapore,DB Schenker,1,1,1,1,1,100.0,100.0,100.0,LOGISTICS
2026-05-01,SUP-003,Supplier 003,Japan,APAC,PLT-06,Sao Paulo Ops,Brazil,LATAM,Government,Germany,Kuehne+Nagel,1,1,0,0,0,0.0,0.0,0.0,LOGISTICS
2026-05-01,SUP-003,Supplier 003,Japan,APAC,PLT-02,Detroit Works,USA,NA,Enterprise,France,FedEx,1,1,0,0,0,0.0,0.0,0.0,LOGISTICS
2026-05-01,SUP-003,Supplier 003,Japan,APAC,PLT-08,Taipei Micro,Taiwan,APAC,Government,Australia,Kuehne+Nagel,1,1,0,1,0,0.0,100.0,0.0,LOGISTICS
2026-05-01,SUP-003,Supplier 003,Japan,APAC,PLT-02,Detroit Works,USA,NA,Enterprise,Germany,Maersk,1,1,0,1,0,0.0,100.0,0.0,LOGISTICS
2026-05-01,SUP-003,Supplier 003,Japan,APAC,PLT-09,Hanoi Assembly,Vietnam,APAC,SMB,Singapore,UPS,1,1,0,0,0,0.0,0.0,0.0,LOGISTICS
2026-05-01,SUP-004,Supplier 004,India,APAC,PLT-08,Taipei Micro,Taiwan,APAC,Government,Australia,UPS,1,1,0,1,0,0.0,100.0,0.0,LOGISTICS
2026-05-01,SUP-004,Supplier 004,India,APAC,PLT-02,Detroit Works,USA,NA,Government,Germany,Maersk,1,1,0,1,0,0.0,100.0,0.0,LOGISTICS
2026-05-01,SUP-004,Supplier 004,India,APAC,PLT-03,Tokyo Precision,Japan,APAC,Government,France,DHL,1,1,1,1,1,100.0,100.0,100.0,LOGISTICS
2026-05-01,SUP-004,Supplier 004,India,APAC,PLT-02,Detroit Works,USA,NA,Government,Germany,DHL,1,1,0,0,0,0.0,0.0,0.0,LOGISTICS
2026-05-01,SUP-004,Supplier 004,India,APAC,PLT-08,Taipei Micro,Taiwan,APAC,Government,Australia,DB Schenker,1,1,1,1,1,100.0,100.0,100.0,LOGISTICS
2026-05-01,SUP-004,Supplier 004,India,APAC,PLT-03,Tokyo Precision,Japan,APAC,SMB,Australia,UPS,1,1,1,0,0,100.0,0.0,0.0,LOGISTICS
2026-05-01,SUP-005,Supplier 005,Mexico,LATAM,PLT-01,Munich Center,Germany,EMEA,Government,Australia,Maersk,1,1,1,1,1,100.0,100.0,100.0,LOGISTICS
2026-05-01,SUP-005,Supplier 005,Mexico,LATAM,PLT-01,Munich Center,Germany,EMEA,Government,Germany,DB Schenker,1,1,0,0,0,0.0,0.0,0.0,LOGISTICS
2026-05-01,SUP-005,Supplier 005,Mexico,LATAM,PLT-02,Detroit Works,USA,NA,SMB,Germany,DB Schenker,1,1,0,0,0,0.0,0.0,0.0,LOGISTICS
2026-05-01,SUP-005,Supplier 005,Mexico,LATAM,PLT-04,Chennai Forge,India,APAC,SMB,France,DB Schenker,1,1,1,0,0,100.0,0.0,0.0,LOGISTICS
2026-05-01,SUP-005,Supplier 005,Mexico,LATAM,PLT-02,Detroit Works,USA,NA,SMB,Germany,DHL,1,1,1,0,0,100.0,0.0,0.0,LOGISTICS
2026-05-01,SUP-005,Supplier 005,Mexico,LATAM,PLT-06,Sao Paulo Ops,Brazil,LATAM,Government,Germany,FedEx,1,1,0,1,0,0.0,100.0,0.0,LOGISTICS
2026-05-01,SUP-005,Supplier 005,Mexico,LATAM,PLT-01,Munich Center,Germany,EMEA,Enterprise,Germany,DB Schenker,1,1,0,1,0,0.0,100.0,0.0,LOGISTICS
2026-05-01,SUP-006,Supplier 006,Brazil,LATAM,PLT-01,Munich Center,Germany,EMEA,SMB,Singapore,Maersk,1,1,1,1,1,100.0,100.0,100.0,LOGISTICS
2026-05-01,SUP-006,Supplier 006,Brazil,LATAM,PLT-02,Detroit Works,USA,NA,SMB,USA,Kuehne+Nagel,1,2,1,1,1,50.0,50.0,50.0,LOGISTICS
2026-05-01,SUP-006,Supplier 006,Brazil,LATAM,PLT-08,Taipei Micro,Taiwan,APAC,Enterprise,USA,Kuehne+Nagel,1,1,0,1,0,0.0,100.0,0.0,LOGISTICS
2026-05-01,SUP-006,Supplier 006,Brazil,LATAM,PLT-04,Chennai Forge,India,APAC,Government,Germany,Kuehne+Nagel,1,1,1,0,0,100.0,0.0,0.0,LOGISTICS
2026-05-01,SUP-006,Supplier 006,Brazil,LATAM,PLT-08,Taipei Micro,Taiwan,APAC,Government,Germany,Maersk,1,1,0,0,0,0.0,0.0,0.0,LOGISTICS
2026-05-01,SUP-006,Supplier 006,Brazil,LATAM,PLT-01,Munich Center,Germany,EMEA,SMB,Singapore,DB Schenker,1,1,0,0,0,0.0,0.0,0.0,LOGISTICS
2026-05-01,SUP-007,Supplier 007,South Korea,APAC,PLT-00,Shanghai Hub,China,APAC,SMB,Australia,DHL,1,1,0,1,0,0.0,100.0,0.0,LOGISTICS
2026-05-01,SUP-007,Supplier 007,South Korea,APAC,PLT-00,Shanghai Hub,China,APAC,Enterprise,Japan,Maersk,1,1,0,0,0,0.0,0.0,0.0,LOGISTICS
2026-05-01,SUP-007,Supplier 007,South Korea,APAC,PLT-04,Chennai Forge,India,APAC,Enterprise,Germany,Maersk,1,1,1,1,1,100.0,100.0,100.0,LOGISTICS
2026-05-01,SUP-007,Supplier 007,South Korea,APAC,PLT-04,Chennai Forge,India,APAC,Enterprise,Germany,UPS,1,1,0,0,0,0.0,0.0,0.0,LOGISTICS
2026-05-01,SUP-007,Supplier 007,South Korea,APAC,PLT-00,Shanghai Hub,China,APAC,Enterprise,Japan,DHL,1,1,0,1,0,0.0,100.0,0.0,LOGISTICS
2026-05-01,SUP-007,Supplier 007,South Korea,APAC,PLT-09,Hanoi Assembly,Vietnam,APAC,Enterprise,Japan,FedEx,1,1,1,1,1,100.0,100.0,100.0,LOGISTICS
2026-05-01,SUP-007,Supplier 007,South Korea,APAC,PLT-05,Monterrey Plant,Mexico,LATAM,SMB,Japan,DB Schenker,1,1,1,0,0,100.0,0.0,0.0,LOGISTICS
2026-05-01,SUP-007,Supplier 007,South Korea,APAC,PLT-05,Monterrey Plant,Mexico,LATAM,SMB,Singapore,UPS,1,1,0,1,0,0.0,100.0,0.0,LOGISTICS
2026-05-01,SUP-007,Supplier 007,South Korea,APAC,PLT-05,Monterrey Plant,Mexico,LATAM,SMB,Japan,DHL,1,1,1,0,0,100.0,0.0,0.0,LOGISTICS
2026-05-01,SUP-008,Supplier 008,Taiwan,APAC,PLT-06,Sao Paulo Ops,Brazil,LATAM,Enterprise,Japan,UPS,1,1,0,0,0,0.0,0.0,0.0,LOGISTICS
2026-05-01,SUP-008,Supplier 008,Taiwan,APAC,PLT-00,Shanghai Hub,China,APAC,SMB,Australia,Maersk,1,1,0,0,0,0.0,0.0,0.0,LOGISTICS
2026-05-01,SUP-008,Supplier 008,Taiwan,APAC,PLT-01,Munich Center,Germany,EMEA,SMB,Singapore,FedEx,1,1,1,0,0,100.0,0.0,0.0,LOGISTICS
2026-05-01,SUP-008,Supplier 008,Taiwan,APAC,PLT-01,Munich Center,Germany,EMEA,SMB,Singapore,Kuehne+Nagel,1,1,0,1,0,0.0,100.0,0.0,LOGISTICS
2026-05-01,SUP-008,Supplier 008,Taiwan,APAC,PLT-04,Chennai Forge,India,APAC,SMB,France,Kuehne+Nagel,1,1,0,1,0,0.0,100.0,0.0,LOGISTICS
2026-05-01,SUP-008,Supplier 008,Taiwan,APAC,PLT-00,Shanghai Hub,China,APAC,SMB,Australia,DHL,1,1,0,0,0,0.0,0.0,0.0,LOGISTICS
2026-05-01,SUP-008,Supplier 008,Taiwan,APAC,PLT-05,Monterrey Plant,Mexico,LATAM,SMB,UK,DB Schenker,1,1,1,1,1,100.0,100.0,100.0,LOGISTICS
2026-05-01,SUP-009,Supplier 009,Vietnam,APAC,PLT-04,Chennai Forge,India,APAC,SMB,France,DB Schenker,1,1,1,1,1,100.0,100.0,100.0,LOGISTICS
2026-05-01,SUP-009,Supplier 009,Vietnam,APAC,PLT-01,Munich Center,Germany,EMEA,SMB,Australia,Maersk,1,1,1,0,0,100.0,0.0,0.0,LOGISTICS
2026-05-01,SUP-009,Supplier 009,Vietnam,APAC,PLT-08,Taipei Micro,Taiwan,APAC,SMB,Japan,Maersk,1,1,0,0,0,0.0,0.0,0.0,LOGISTICS
2026-05-01,SUP-009,Supplier 009,Vietnam,APAC,PLT-08,Taipei Micro,Taiwan,APAC,SMB,Japan,FedEx,1,1,1,0,0,100.0,0.0,0.0,LOGISTICS
2026-05-01,SUP-009,Supplier 009,Vietnam,APAC,PLT-06,Sao Paulo Ops,Brazil,LATAM,SMB,UK,Maersk,1,1,1,1,1,100.0,100.0,100.0,LOGISTICS
2026-05-01,SUP-009,Supplier 009,Vietnam,APAC,PLT-05,Monterrey Plant,Mexico,LATAM,SMB,UK,DHL,1,1,1,1,1,100.0,100.0,100.0,LOGISTICS
2026-05-01,SUP-009,Supplier 009,Vietnam,APAC,PLT-01,Munich Center,Germany,EMEA,Enterprise,USA,FedEx,1,1,1,1,1,100.0,100.0,100.0,LOGISTICS
2026-05-01,SUP-009,Supplier 009,Vietnam,APAC,PLT-05,Monterrey Plant,Mexico,LATAM,SMB,France,UPS,1,1,0,1,0,0.0,100.0,0.0,LOGISTICS
2026-05-01,SUP-009,Supplier 009,Vietnam,APAC,PLT-05,Monterrey Plant,Mexico,LATAM,SMB,UK,DB Schenker,1,1,0,0,0,0.0,0.0,0.0,LOGISTICS
2026-05-01,SUP-009,Supplier 009,Vietnam,APAC,PLT-01,Munich Center,Germany,EMEA,Enterprise,Canada,FedEx,1,1,0,0,0,0.0,0.0,0.0,LOGISTICS
2026-05-01,SUP-009,Supplier 009,Vietnam,APAC,PLT-09,Hanoi Assembly,Vietnam,APAC,Enterprise,Japan,Maersk,1,1,0,1,0,0.0,100.0,0.0,LOGISTICS
2026-05-01,SUP-010,Supplier 010,China,APAC,PLT-09,Hanoi Assembly,Vietnam,APAC,SMB,UK,DHL,1,1,0,0,0,0.0,0.0,0.0,LOGISTICS
2026-05-01,SUP-010,Supplier 010,China,APAC,PLT-04,Chennai Forge,India,APAC,Enterprise,Germany,DHL,1,1,0,1,0,0.0,100.0,0.0,LOGISTICS
2026-05-01,SUP-010,Supplier 010,China,APAC,PLT-03,Tokyo Precision,Japan,APAC,Enterprise,Australia,UPS,1,1,0,1,0,0.0,100.0,0.0,LOGISTICS
2026-05-01,SUP-010,Supplier 010,China,APAC,PLT-04,Chennai Forge,India,APAC,SMB,Singapore,UPS,1,1,1,1,1,100.0,100.0,100.0,LOGISTICS
2026-05-01,SUP-010,Supplier 010,China,APAC,PLT-03,Tokyo Precision,Japan,APAC,Government,USA,Maersk,1,1,0,1,0,0.0,100.0,0.0,LOGISTICS
2026-05-01,SUP-010,Supplier 010,China,APAC,PLT-00,Shanghai Hub,China,APAC,SMB,Germany,UPS,1,1,1,0,0,100.0,0.0,0.0,LOGISTICS
2026-05-01,SUP-010,Supplier 010,China,APAC,PLT-00,Shanghai Hub,China,APAC,Government,Australia,DB Schenker,1,1,0,1,0,0.0,100.0,0.0,LOGISTICS
2026-05-01,SUP-010,Supplier 010,China,APAC,PLT-06,Sao Paulo Ops,Brazil,LATAM,Enterprise,France,FedEx,1,1,1,1,1,100.0,100.0,100.0,LOGISTICS
2026-05-01,SUP-011,Supplier 011,Germany,EMEA,PLT-03,Tokyo Precision,Japan,APAC,SMB,France,UPS,1,1,0,1,0,0.0,100.0,0.0,LOGISTICS
2026-05-01,SUP-011,Supplier 011,Germany,EMEA,PLT-00,Shanghai Hub,China,APAC,Government,USA,DHL,1,2,0,1,0,0.0,50.0,0.0,LOGISTICS
2026-05-01,SUP-011,Supplier 011,Germany,EMEA,PLT-03,Tokyo Precision,Japan,APAC,SMB,USA,Maersk,1,1,1,0,0,100.0,0.0,0.0,LOGISTICS
2026-05-01,SUP-011,Supplier 011,Germany,EMEA,PLT-05,Monterrey Plant,Mexico,LATAM,Enterprise,France,FedEx,1,1,0,0,0,0.0,0.0,0.0,LOGISTICS
2026-05-01,SUP-011,Supplier 011,Germany,EMEA,PLT-07,Seoul Tech,South Korea,APAC,SMB,USA,UPS,1,1,0,1,0,0.0,100.0,0.0,LOGISTICS
2026-05-01,SUP-011,Supplier 011,Germany,EMEA,PLT-05,Monterrey Plant,Mexico,LATAM,SMB,Germany,Maersk,1,1,0,0,0,0.0,0.0,0.0,LOGISTICS
2026-05-01,SUP-011,Supplier 011,Germany,EMEA,PLT-07,Seoul Tech,South Korea,APAC,SMB,Australia,DB Schenker,1,1,0,1,0,0.0,100.0,0.0,LOGISTICS
2026-05-01,SUP-011,Supplier 011,Germany,EMEA,PLT-03,Tokyo Precision,Japan,APAC,SMB,France,Maersk,1,1,0,1,0,0.0,100.0,0.0,LOGISTICS
2026-05-01,SUP-012,Supplier 012,USA,NA,PLT-08,Taipei Micro,Taiwan,APAC,SMB,Germany,DHL,1,1,0,1,0,0.0,100.0,0.0,LOGISTICS
2026-05-01,SUP-012,Supplier 012,USA,NA,PLT-02,Detroit Works,USA,NA,Government,Singapore,DB Schenker,1,1,1,0,0,100.0,0.0,0.0,LOGISTICS
2026-05-01,SUP-012,Supplier 012,USA,NA,PLT-06,Sao Paulo Ops,Brazil,LATAM,SMB,Canada,Kuehne+Nagel,1,1,0,1,0,0.0,100.0,0.0,LOGISTICS
2026-05-01,SUP-012,Supplier 012,USA,NA,PLT-08,Taipei Micro,Taiwan,APAC,SMB,Japan,Maersk,1,1,0,1,0,0.0,100.0,0.0,LOGISTICS
2026-05-01,SUP-012,Supplier 012,USA,NA,PLT-03,Tokyo Precision,Japan,APAC,Enterprise,Canada,DB Schenker,1,1,0,1,0,0.0,100.0,0.0,LOGISTICS
2026-05-01,SUP-012,Supplier 012,USA,NA,PLT-09,Hanoi Assembly,Vietnam,APAC,SMB,Canada,DHL,1,1,1,1,1,100.0,100.0,100.0,LOGISTICS
2026-05-01,SUP-013,Supplier 013,Japan,APAC,PLT-03,Tokyo Precision,Japan,APAC,Government,Singapore,FedEx,1,1,0,0,0,0.0,0.0,0.0,LOGISTICS
2026-05-01,SUP-013,Supplier 013,Japan,APAC,PLT-00,Shanghai Hub,China,APAC,Enterprise,France,DHL,1,1,0,1,0,0.0,100.0,0.0,LOGISTICS
2026-05-01,SUP-013,Supplier 013,Japan,APAC,PLT-03,Tokyo Precision,Japan,APAC,SMB,UK,Maersk,1,1,0,1,0,0.0,100.0,0.0,LOGISTICS
2026-05-01,SUP-013,Supplier 013,Japan,APAC,PLT-06,Sao Paulo Ops,Brazil,LATAM,Enterprise,USA,FedEx,1,1,0,0,0,0.0,0.0,0.0,LOGISTICS
2026-05-01,SUP-013,Supplier 013,Japan,APAC,PLT-05,Monterrey Plant,Mexico,LATAM,SMB,Singapore,UPS,1,2,1,1,1,50.0,50.0,50.0,LOGISTICS
2026-05-01,SUP-013,Supplier 013,Japan,APAC,PLT-01,Munich Center,Germany,EMEA,Enterprise,Canada,DB Schenker,1,1,1,0,0,100.0,0.0,0.0,LOGISTICS
2026-05-01,SUP-013,Supplier 013,Japan,APAC,PLT-06,Sao Paulo Ops,Brazil,LATAM,SMB,Germany,Maersk,1,1,0,0,0,0.0,0.0,0.0,LOGISTICS
2026-05-01,SUP-014,Supplier 014,India,APAC,PLT-03,Tokyo Precision,Japan,APAC,Enterprise,France,FedEx,1,1,0,0,0,0.0,0.0,0.0,LOGISTICS
2026-05-01,SUP-014,Supplier 014,India,APAC,PLT-03,Tokyo Precision,Japan,APAC,Enterprise,Canada,Maersk,1,1,1,0,0,100.0,0.0,0.0,LOGISTICS
2026-05-01,SUP-014,Supplier 014,India,APAC,PLT-05,Monterrey Plant,Mexico,LATAM,SMB,France,DB Schenker,1,2,2,0,0,100.0,0.0,0.0,LOGISTICS
2026-05-01,SUP-014,Supplier 014,India,APAC,PLT-06,Sao Paulo Ops,Brazil,LATAM,SMB,Singapore,DB Schenker,1,1,1,1,1,100.0,100.0,100.0,LOGISTICS
2026-05-01,SUP-014,Supplier 014,India,APAC,PLT-02,Detroit Works,USA,NA,Government,USA,Kuehne+Nagel,1,1,1,1,1,100.0,100.0,100.0,LOGISTICS
2026-05-01,SUP-015,Supplier 015,Mexico,LATAM,PLT-06,Sao Paulo Ops,Brazil,LATAM,Enterprise,Australia,DHL,1,1,0,1,0,0.0,100.0,0.0,LOGISTICS
2026-05-01,SUP-016,Supplier 016,Brazil,LATAM,PLT-00,Shanghai Hub,China,APAC,SMB,Canada,DHL,1,1,1,0,0,100.0,0.0,0.0,LOGISTICS
2026-05-01,SUP-016,Supplier 016,Brazil,LATAM,PLT-00,Shanghai Hub,China,APAC,Enterprise,France,FedEx,1,1,0,1,0,0.0,100.0,0.0,LOGISTICS
2026-05-01,SUP-016,Supplier 016,Brazil,LATAM,PLT-07,Seoul Tech,South Korea,APAC,SMB,UK,FedEx,1,1,1,1,1,100.0,100.0,100.0,LOGISTICS
2026-05-01,SUP-016,Supplier 016,Brazil,LATAM,PLT-09,Hanoi Assembly,Vietnam,APAC,Government,Japan,DB Schenker,1,1,0,0,0,0.0,0.0,0.0,LOGISTICS
2026-05-01,SUP-016,Supplier 016,Brazil,LATAM,PLT-05,Monterrey Plant,Mexico,LATAM,SMB,Germany,Maersk,2,2,0,2,0,0.0,100.0,0.0,LOGISTICS
2026-05-01,SUP-017,Supplier 017,South Korea,APAC,PLT-05,Monterrey Plant,Mexico,LATAM,SMB,USA,FedEx,1,1,0,0,0,0.0,0.0,0.0,LOGISTICS
2026-05-01,SUP-017,Supplier 017,South Korea,APAC,PLT-01,Munich Center,Germany,EMEA,SMB,Singapore,DHL,1,1,0,1,0,0.0,100.0,0.0,LOGISTICS
2026-05-01,SUP-017,Supplier 017,South Korea,APAC,PLT-06,Sao Paulo Ops,Brazil,LATAM,SMB,Singapore,Kuehne+Nagel,1,1,0,1,0,0.0,100.0,0.0,LOGISTICS
2026-05-01,SUP-017,Supplier 017,South Korea,APAC,PLT-05,Monterrey Plant,Mexico,LATAM,SMB,Canada,UPS,1,1,1,1,1,100.0,100.0,100.0,LOGISTICS
2026-05-01,SUP-017,Supplier 017,South Korea,APAC,PLT-05,Monterrey Plant,Mexico,LATAM,SMB,USA,Kuehne+Nagel,1,1,1,1,1,100.0,100.0,100.0,LOGISTICS
2026-05-01,SUP-018,Supplier 018,Taiwan,APAC,PLT-00,Shanghai Hub,China,APAC,Enterprise,France,UPS,1,1,0,1,0,0.0,100.0,0.0,LOGISTICS
2026-05-01,SUP-018,Supplier 018,Taiwan,APAC,PLT-07,Seoul Tech,South Korea,APAC,Government,Germany,DHL,1,1,0,1,0,0.0,100.0,0.0,LOGISTICS
2026-05-01,SUP-018,Supplier 018,Taiwan,APAC,PLT-08,Taipei Micro,Taiwan,APAC,Enterprise,Canada,DHL,1,1,1,1,1,100.0,100.0,100.0,LOGISTICS
2026-05-01,SUP-018,Supplier 018,Taiwan,APAC,PLT-00,Shanghai Hub,China,APAC,Government,Germany,FedEx,1,1,0,0,0,0.0,0.0,0.0,LOGISTICS
2026-05-01,SUP-018,Supplier 018,Taiwan,APAC,PLT-07,Seoul Tech,South Korea,APAC,Enterprise,Germany,UPS,1,1,0,1,0,0.0,100.0,0.0,LOGISTICS
2026-05-01,SUP-018,Supplier 018,Taiwan,APAC,PLT-04,Chennai Forge,India,APAC,Enterprise,USA,FedEx,1,1,0,0,0,0.0,0.0,0.0,LOGISTICS
2026-05-01,SUP-018,Supplier 018,Taiwan,APAC,PLT-07,Seoul Tech,South Korea,APAC,Government,Germany,DB Schenker,1,1,0,0,0,0.0,0.0,0.0,LOGISTICS
2026-05-01,SUP-018,Supplier 018,Taiwan,APAC,PLT-01,Munich Center,Germany,EMEA,SMB,Singapore,UPS,1,1,0,1,0,0.0,100.0,0.0,LOGISTICS
2026-05-01,SUP-019,Supplier 019,Vietnam,APAC,PLT-02,Detroit Works,USA,NA,SMB,USA,DB Schenker,1,1,1,0,0,100.0,0.0,0.0,LOGISTICS
2026-05-01,SUP-019,Supplier 019,Vietnam,APAC,PLT-04,Chennai Forge,India,APAC,SMB,Australia,Kuehne+Nagel,1,1,0,1,0,0.0,100.0,0.0,LOGISTICS
2026-05-01,SUP-019,Supplier 019,Vietnam,APAC,PLT-02,Detroit Works,USA,NA,SMB,USA,FedEx,1,1,0,1,0,0.0,100.0,0.0,LOGISTICS
2026-05-01,SUP-020,Supplier 020,China,APAC,PLT-09,Hanoi Assembly,Vietnam,APAC,SMB,Australia,Kuehne+Nagel,1,1,0,0,0,0.0,0.0,0.0,LOGISTICS
2026-05-01,SUP-020,Supplier 020,China,APAC,PLT-09,Hanoi Assembly,Vietnam,APAC,SMB,Australia,DHL,1,1,1,1,1,100.0,100.0,100.0,LOGISTICS
2026-05-01,SUP-020,Supplier 020,China,APAC,PLT-03,Tokyo Precision,Japan,APAC,SMB,Germany,Kuehne+Nagel,1,1,0,0,0,0.0,0.0,0.0,LOGISTICS
2026-05-01,SUP-020,Supplier 020,China,APAC,PLT-03,Tokyo Precision,Japan,APAC,Government,Canada,DB Schenker,1,1,1,1,1,100.0,100.0,100.0,LOGISTICS
2026-05-01,SUP-020,Supplier 020,China,APAC,PLT-09,Hanoi Assembly,Vietnam,APAC,SMB,Australia,DB Schenker,2,2,1,0,0,50.0,0.0,0.0,LOGISTICS
2026-05-01,SUP-020,Supplier 020,China,APAC,PLT-09,Hanoi Assembly,Vietnam,APAC,Government,Germany,DB Schenker,1,1,0,0,0,0.0,0.0,0.0,LOGISTICS
2026-05-01,SUP-020,Supplier 020,China,APAC,PLT-08,Taipei Micro,Taiwan,APAC,SMB,France,Kuehne+Nagel,1,1,1,1,1,100.0,100.0,100.0,LOGISTICS
2026-05-01,SUP-020,Supplier 020,China,APAC,PLT-09,Hanoi Assembly,Vietnam,APAC,Enterprise,Canada,DHL,1,1,0,1,0,0.0,100.0,0.0,LOGISTICS
2026-05-01,SUP-020,Supplier 020,China,APAC,PLT-09,Hanoi Assembly,Vietnam,APAC,Government,Singapore,UPS,1,1,1,0,0,100.0,0.0,0.0,LOGISTICS
2026-05-01,SUP-021,Supplier 021,Germany,EMEA,PLT-02,Detroit Works,USA,NA,SMB,UK,FedEx,1,1,0,1,0,0.0,100.0,0.0,LOGISTICS
2026-05-01,SUP-021,Supplier 021,Germany,EMEA,PLT-00,Shanghai Hub,China,APAC,SMB,Germany,DB Schenker,1,1,0,1,0,0.0,100.0,0.0,LOGISTICS
2026-05-01,SUP-021,Supplier 021,Germany,EMEA,PLT-09,Hanoi Assembly,Vietnam,APAC,Government,Canada,DHL,1,1,1,1,1,100.0,100.0,100.0,LOGISTICS
2026-05-01,SUP-021,Supplier 021,Germany,EMEA,PLT-04,Chennai Forge,India,APAC,Enterprise,Japan,UPS,1,1,0,1,0,0.0,100.0,0.0,LOGISTICS
2026-05-01,SUP-021,Supplier 021,Germany,EMEA,PLT-01,Munich Center,Germany,EMEA,Enterprise,USA,UPS,1,1,1,1,1,100.0,100.0,100.0,LOGISTICS
2026-05-01,SUP-022,Supplier 022,USA,NA,PLT-07,Seoul Tech,South Korea,APAC,SMB,Singapore,DHL,1,1,0,0,0,0.0,0.0,0.0,LOGISTICS
2026-05-01,SUP-022,Supplier 022,USA,NA,PLT-00,Shanghai Hub,China,APAC,Enterprise,USA,Kuehne+Nagel,1,1,1,1,1,100.0,100.0,100.0,LOGISTICS
2026-05-01,SUP-022,Supplier 022,USA,NA,PLT-03,Tokyo Precision,Japan,APAC,Government,Germany,DHL,1,1,0,1,0,0.0,100.0,0.0,LOGISTICS
2026-05-01,SUP-022,Supplier 022,USA,NA,PLT-00,Shanghai Hub,China,APAC,Enterprise,USA,Maersk,1,1,0,1,0,0.0,100.0,0.0,LOGISTICS
2026-05-01,SUP-022,Supplier 022,USA,NA,PLT-05,Monterrey Plant,Mexico,LATAM,Government,Australia,DB Schenker,1,2,1,1,1,50.0,50.0,50.0,LOGISTICS
2026-05-01,SUP-022,Supplier 022,USA,NA,PLT-07,Seoul Tech,South Korea,APAC,SMB,Singapore,FedEx,1,1,1,1,1,100.0,100.0,100.0,LOGISTICS
2026-05-01,SUP-022,Supplier 022,USA,NA,PLT-00,Shanghai Hub,China,APAC,SMB,Singapore,FedEx,1,1,1,0,0,100.0,0.0,0.0,LOGISTICS
2026-05-01,SUP-024,Supplier 024,India,APAC,PLT-03,Tokyo Precision,Japan,APAC,Government,UK,UPS,1,1,0,1,0,0.0,100.0,0.0,LOGISTICS
2026-05-01,SUP-024,Supplier 024,India,APAC,PLT-02,Detroit Works,USA,NA,Enterprise,UK,DHL,1,1,0,1,0,0.0,100.0,0.0,LOGISTICS
2026-05-01,SUP-024,Supplier 024,India,APAC,PLT-08,Taipei Micro,Taiwan,APAC,SMB,USA,UPS,1,1,0,1,0,0.0,100.0,0.0,LOGISTICS
2026-05-01,SUP-024,Supplier 024,India,APAC,PLT-06,Sao Paulo Ops,Brazil,LATAM,Enterprise,Germany,Maersk,1,1,1,1,1,100.0,100.0,100.0,LOGISTICS
2026-05-01,SUP-024,Supplier 024,India,APAC,PLT-05,Monterrey Plant,Mexico,LATAM,Enterprise,USA,DB Schenker,1,1,1,1,1,100.0,100.0,100.0,LOGISTICS
2026-05-01,SUP-024,Supplier 024,India,APAC,PLT-06,Sao Paulo Ops,Brazil,LATAM,Enterprise,Germany,DHL,1,1,1,0,0,100.0,0.0,0.0,LOGISTICS
2026-05-01,SUP-024,Supplier 024,India,APAC,PLT-00,Shanghai Hub,China,APAC,Government,USA,UPS,1,1,0,0,0,0.0,0.0,0.0,LOGISTICS
2026-05-01,SUP-024,Supplier 024,India,APAC,PLT-08,Taipei Micro,Taiwan,APAC,SMB,USA,Maersk,1,1,1,0,0,100.0,0.0,0.0,LOGISTICS
2026-05-01,SUP-024,Supplier 024,India,APAC,PLT-03,Tokyo Precision,Japan,APAC,SMB,Australia,DB Schenker,1,1,0,1,0,0.0,100.0,0.0,LOGISTICS
2026-05-01,SUP-025,Supplier 025,Mexico,LATAM,PLT-07,Seoul Tech,South Korea,APAC,SMB,Australia,FedEx,1,1,0,1,0,0.0,100.0,0.0,LOGISTICS
2026-05-01,SUP-025,Supplier 025,Mexico,LATAM,PLT-04,Chennai Forge,India,APAC,Government,Germany,Maersk,1,1,0,1,0,0.0,100.0,0.0,LOGISTICS
2026-05-01,SUP-025,Supplier 025,Mexico,LATAM,PLT-03,Tokyo Precision,Japan,APAC,Enterprise,UK,Maersk,1,1,0,1,0,0.0,100.0,0.0,LOGISTICS
2026-05-01,SUP-025,Supplier 025,Mexico,LATAM,PLT-07,Seoul Tech,South Korea,APAC,SMB,USA,DHL,1,1,1,1,1,100.0,100.0,100.0,LOGISTICS
2026-05-01,SUP-025,Supplier 025,Mexico,LATAM,PLT-08,Taipei Micro,Taiwan,APAC,SMB,Japan,FedEx,1,1,0,0,0,0.0,0.0,0.0,LOGISTICS
2026-05-01,SUP-025,Supplier 025,Mexico,LATAM,PLT-08,Taipei Micro,Taiwan,APAC,SMB,Japan,Kuehne+Nagel,1,1,1,0,0,100.0,0.0,0.0,LOGISTICS
2026-05-01,SUP-025,Supplier 025,Mexico,LATAM,PLT-07,Seoul Tech,South Korea,APAC,SMB,Australia,DB Schenker,1,1,0,0,0,0.0,0.0,0.0,LOGISTICS
2026-05-01,SUP-025,Supplier 025,Mexico,LATAM,PLT-01,Munich Center,Germany,EMEA,SMB,Singapore,Maersk,1,1,0,1,0,0.0,100.0,0.0,LOGISTICS
2026-05-01,SUP-025,Supplier 025,Mexico,LATAM,PLT-01,Munich Center,Germany,EMEA,Enterprise,USA,DHL,1,1,1,1,1,100.0,100.0,100.0,LOGISTICS
2026-05-01,SUP-025,Supplier 025,Mexico,LATAM,PLT-08,Taipei Micro,Taiwan,APAC,Government,Singapore,Kuehne+Nagel,1,1,1,0,0,100.0,0.0,0.0,LOGISTICS
2026-05-01,SUP-025,Supplier 025,Mexico,LATAM,PLT-08,Taipei Micro,Taiwan,APAC,Government,Singapore,FedEx,1,1,0,1,0,0.0,100.0,0.0,LOGISTICS
2026-05-01,SUP-025,Supplier 025,Mexico,LATAM,PLT-01,Munich Center,Germany,EMEA,Enterprise,USA,Kuehne+Nagel,1,1,1,0,0,100.0,0.0,0.0,LOGISTICS
2026-05-01,SUP-025,Supplier 025,Mexico,LATAM,PLT-08,Taipei Micro,Taiwan,APAC,Government,USA,Maersk,1,1,0,0,0,0.0,0.0,0.0,LOGISTICS
2026-05-01,SUP-026,Supplier 026,Brazil,LATAM,PLT-09,Hanoi Assembly,Vietnam,APAC,SMB,Canada,FedEx,1,1,1,1,1,100.0,100.0,100.0,LOGISTICS
2026-05-01,SUP-026,Supplier 026,Brazil,LATAM,PLT-05,Monterrey Plant,Mexico,LATAM,Enterprise,France,DB Schenker,1,1,0,0,0,0.0,0.0,0.0,LOGISTICS
2026-05-01,SUP-026,Supplier 026,Brazil,LATAM,PLT-09,Hanoi Assembly,Vietnam,APAC,Enterprise,USA,DHL,1,1,1,0,0,100.0,0.0,0.0,LOGISTICS
2026-05-01,SUP-026,Supplier 026,Brazil,LATAM,PLT-09,Hanoi Assembly,Vietnam,APAC,Enterprise,USA,Maersk,1,1,1,1,1,100.0,100.0,100.0,LOGISTICS
2026-05-01,SUP-026,Supplier 026,Brazil,LATAM,PLT-05,Monterrey Plant,Mexico,LATAM,Enterprise,France,UPS,1,1,0,1,0,0.0,100.0,0.0,LOGISTICS
2026-05-01,SUP-026,Supplier 026,Brazil,LATAM,PLT-04,Chennai Forge,India,APAC,Enterprise,USA,DB Schenker,1,1,0,1,0,0.0,100.0,0.0,LOGISTICS
2026-05-01,SUP-026,Supplier 026,Brazil,LATAM,PLT-08,Taipei Micro,Taiwan,APAC,SMB,UK,FedEx,1,1,1,1,1,100.0,100.0,100.0,LOGISTICS
2026-05-01,SUP-026,Supplier 026,Brazil,LATAM,PLT-08,Taipei Micro,Taiwan,APAC,SMB,Australia,UPS,1,1,0,0,0,0.0,0.0,0.0,LOGISTICS
2026-05-01,SUP-027,Supplier 027,South Korea,APAC,PLT-07,Seoul Tech,South Korea,APAC,Government,Germany,FedEx,1,1,0,1,0,0.0,100.0,0.0,LOGISTICS
2026-05-01,SUP-027,Supplier 027,South Korea,APAC,PLT-02,Detroit Works,USA,NA,Enterprise,Canada,UPS,1,1,1,1,1,100.0,100.0,100.0,LOGISTICS
2026-05-01,SUP-027,Supplier 027,South Korea,APAC,PLT-07,Seoul Tech,South Korea,APAC,Government,Germany,UPS,1,1,0,0,0,0.0,0.0,0.0,LOGISTICS
2026-05-01,SUP-028,Supplier 028,Taiwan,APAC,PLT-02,Detroit Works,USA,NA,Enterprise,USA,Maersk,1,1,1,1,1,100.0,100.0,100.0,LOGISTICS
2026-05-01,SUP-028,Supplier 028,Taiwan,APAC,PLT-00,Shanghai Hub,China,APAC,SMB,UK,FedEx,1,1,0,0,0,0.0,0.0,0.0,LOGISTICS
2026-05-01,SUP-028,Supplier 028,Taiwan,APAC,PLT-00,Shanghai Hub,China,APAC,SMB,UK,Maersk,1,1,0,1,0,0.0,100.0,0.0,LOGISTICS
2026-05-01,SUP-028,Supplier 028,Taiwan,APAC,PLT-06,Sao Paulo Ops,Brazil,LATAM,Enterprise,USA,DHL,1,1,0,0,0,0.0,0.0,0.0,LOGISTICS
2026-05-01,SUP-029,Supplier 029,Vietnam,APAC,PLT-02,Detroit Works,USA,NA,Enterprise,Germany,FedEx,1,1,1,0,0,100.0,0.0,0.0,LOGISTICS
2026-05-01,SUP-029,Supplier 029,Vietnam,APAC,PLT-03,Tokyo Precision,Japan,APAC,SMB,Germany,UPS,1,1,1,1,1,100.0,100.0,100.0,LOGISTICS
2026-05-01,SUP-029,Supplier 029,Vietnam,APAC,PLT-02,Detroit Works,USA,NA,SMB,UK,DHL,1,1,1,0,0,100.0,0.0,0.0,LOGISTICS
2026-05-01,SUP-030,Supplier 030,China,APAC,PLT-09,Hanoi Assembly,Vietnam,APAC,Government,Canada,UPS,1,1,1,1,1,100.0,100.0,100.0,LOGISTICS
2026-05-01,SUP-030,Supplier 030,China,APAC,PLT-03,Tokyo Precision,Japan,APAC,Enterprise,UK,Maersk,1,1,0,0,0,0.0,0.0,0.0,LOGISTICS
2026-05-01,SUP-030,Supplier 030,China,APAC,PLT-05,Monterrey Plant,Mexico,LATAM,Enterprise,Germany,FedEx,1,1,1,1,1,100.0,100.0,100.0,LOGISTICS
2026-05-01,SUP-030,Supplier 030,China,APAC,PLT-08,Taipei Micro,Taiwan,APAC,SMB,Singapore,DB Schenker,1,1,0,1,0,0.0,100.0,0.0,LOGISTICS
2026-05-01,SUP-030,Supplier 030,China,APAC,PLT-01,Munich Center,Germany,EMEA,Enterprise,USA,Maersk,1,1,0,1,0,0.0,100.0,0.0,LOGISTICS
2026-05-01,SUP-030,Supplier 030,China,APAC,PLT-08,Taipei Micro,Taiwan,APAC,Enterprise,Japan,DHL,1,1,1,1,1,100.0,100.0,100.0,LOGISTICS
2026-05-01,SUP-030,Supplier 030,China,APAC,PLT-03,Tokyo Precision,Japan,APAC,SMB,France,DHL,1,1,0,1,0,0.0,100.0,0.0,LOGISTICS
2026-05-01,SUP-030,Supplier 030,China,APAC,PLT-06,Sao Paulo Ops,Brazil,LATAM,SMB,Singapore,DHL,1,1,1,1,1,100.0,100.0,100.0,LOGISTICS
2026-05-01,SUP-030,Supplier 030,China,APAC,PLT-09,Hanoi Assembly,Vietnam,APAC,Enterprise,Germany,DHL,1,1,1,1,1,100.0,100.0,100.0,LOGISTICS
2026-05-01,SUP-030,Supplier 030,China,APAC,PLT-03,Tokyo Precision,Japan,APAC,Enterprise,Singapore,Kuehne+Nagel,1,1,0,1,0,0.0,100.0,0.0,LOGISTICS
2026-05-01,SUP-030,Supplier 030,China,APAC,PLT-00,Shanghai Hub,China,APAC,Enterprise,USA,Maersk,1,1,1,0,0,100.0,0.0,0.0,LOGISTICS
2026-05-01,SUP-031,Supplier 031,Germany,EMEA,PLT-04,Chennai Forge,India,APAC,Government,Japan,FedEx,1,1,0,0,0,0.0,0.0,0.0,LOGISTICS
2026-05-01,SUP-031,Supplier 031,Germany,EMEA,PLT-06,Sao Paulo Ops,Brazil,LATAM,SMB,Germany,DB Schenker,1,2,1,0,0,50.0,0.0,0.0,LOGISTICS
2026-05-01,SUP-031,Supplier 031,Germany,EMEA,PLT-04,Chennai Forge,India,APAC,Government,Japan,Maersk,1,1,1,1,1,100.0,100.0,100.0,LOGISTICS
2026-05-01,SUP-031,Supplier 031,Germany,EMEA,PLT-01,Munich Center,Germany,EMEA,Enterprise,USA,FedEx,1,1,1,1,1,100.0,100.0,100.0,LOGISTICS
2026-05-01,SUP-031,Supplier 031,Germany,EMEA,PLT-04,Chennai Forge,India,APAC,SMB,Australia,UPS,1,1,0,0,0,0.0,0.0,0.0,LOGISTICS
2026-05-01,SUP-031,Supplier 031,Germany,EMEA,PLT-04,Chennai Forge,India,APAC,SMB,Canada,DHL,1,1,0,0,0,0.0,0.0,0.0,LOGISTICS
2026-05-01,SUP-031,Supplier 031,Germany,EMEA,PLT-02,Detroit Works,USA,NA,Enterprise,UK,UPS,1,1,1,1,1,100.0,100.0,100.0,LOGISTICS
2026-05-01,SUP-032,Supplier 032,USA,NA,PLT-01,Munich Center,Germany,EMEA,Enterprise,Australia,Maersk,1,1,0,1,0,0.0,100.0,0.0,LOGISTICS
2026-05-01,SUP-032,Supplier 032,USA,NA,PLT-07,Seoul Tech,South Korea,APAC,Government,Japan,DHL,1,1,0,0,0,0.0,0.0,0.0,LOGISTICS
2026-05-01,SUP-032,Supplier 032,USA,NA,PLT-04,Chennai Forge,India,APAC,Government,France,FedEx,1,1,0,1,0,0.0,100.0,0.0,LOGISTICS
2026-05-01,SUP-032,Supplier 032,USA,NA,PLT-00,Shanghai Hub,China,APAC,SMB,Germany,Maersk,1,1,0,1,0,0.0,100.0,0.0,LOGISTICS
2026-05-01,SUP-033,Supplier 033,Japan,APAC,PLT-01,Munich Center,Germany,EMEA,Government,France,Kuehne+Nagel,1,1,1,0,0,100.0,0.0,0.0,LOGISTICS
2026-05-01,SUP-033,Supplier 033,Japan,APAC,PLT-01,Munich Center,Germany,EMEA,SMB,Canada,Kuehne+Nagel,1,1,0,0,0,0.0,0.0,0.0,LOGISTICS
2026-05-01,SUP-033,Supplier 033,Japan,APAC,PLT-09,Hanoi Assembly,Vietnam,APAC,Enterprise,USA,DB Schenker,1,1,0,1,0,0.0,100.0,0.0,LOGISTICS
2026-05-01,SUP-033,Supplier 033,Japan,APAC,PLT-09,Hanoi Assembly,Vietnam,APAC,Government,UK,FedEx,1,1,0,0,0,0.0,0.0,0.0,LOGISTICS
2026-05-01,SUP-034,Supplier 034,India,APAC,PLT-03,Tokyo Precision,Japan,APAC,Government,USA,UPS,1,1,1,1,1,100.0,100.0,100.0,LOGISTICS
2026-05-01,SUP-034,Supplier 034,India,APAC,PLT-02,Detroit Works,USA,NA,SMB,UK,DB Schenker,1,1,1,0,0,100.0,0.0,0.0,LOGISTICS
2026-05-01,SUP-034,Supplier 034,India,APAC,PLT-02,Detroit Works,USA,NA,SMB,UK,Maersk,1,1,1,1,1,100.0,100.0,100.0,LOGISTICS
2026-05-01,SUP-034,Supplier 034,India,APAC,PLT-02,Detroit Works,USA,NA,SMB,Australia,DHL,1,1,1,1,1,100.0,100.0,100.0,LOGISTICS
2026-05-01,SUP-034,Supplier 034,India,APAC,PLT-07,Seoul Tech,South Korea,APAC,SMB,Germany,Kuehne+Nagel,1,1,1,0,0,100.0,0.0,0.0,LOGISTICS
2026-05-01,SUP-035,Supplier 035,Mexico,LATAM,PLT-00,Shanghai Hub,China,APAC,Government,Canada,Maersk,1,1,0,1,0,0.0,100.0,0.0,LOGISTICS
2026-05-01,SUP-035,Supplier 035,Mexico,LATAM,PLT-09,Hanoi Assembly,Vietnam,APAC,Government,Germany,DB Schenker,1,1,0,1,0,0.0,100.0,0.0,LOGISTICS
2026-05-01,SUP-035,Supplier 035,Mexico,LATAM,PLT-06,Sao Paulo Ops,Brazil,LATAM,Enterprise,Canada,DHL,1,1,0,1,0,0.0,100.0,0.0,LOGISTICS
2026-05-01,SUP-035,Supplier 035,Mexico,LATAM,PLT-02,Detroit Works,USA,NA,Government,Australia,DB Schenker,1,1,0,1,0,0.0,100.0,0.0,LOGISTICS
2026-05-01,SUP-035,Supplier 035,Mexico,LATAM,PLT-08,Taipei Micro,Taiwan,APAC,Enterprise,Canada,Maersk,1,1,1,1,1,100.0,100.0,100.0,LOGISTICS
2026-05-01,SUP-035,Supplier 035,Mexico,LATAM,PLT-02,Detroit Works,USA,NA,SMB,Germany,Maersk,1,1,1,0,0,100.0,0.0,0.0,LOGISTICS
2026-05-01,SUP-035,Supplier 035,Mexico,LATAM,PLT-03,Tokyo Precision,Japan,APAC,SMB,Germany,UPS,1,1,1,1,1,100.0,100.0,100.0,LOGISTICS
2026-05-01,SUP-035,Supplier 035,Mexico,LATAM,PLT-01,Munich Center,Germany,EMEA,SMB,France,DHL,1,1,0,1,0,0.0,100.0,0.0,LOGISTICS
2026-05-01,SUP-035,Supplier 035,Mexico,LATAM,PLT-04,Chennai Forge,India,APAC,SMB,Canada,DHL,1,1,0,1,0,0.0,100.0,0.0,LOGISTICS
2026-05-01,SUP-035,Supplier 035,Mexico,LATAM,PLT-03,Tokyo Precision,Japan,APAC,SMB,Singapore,UPS,1,1,1,0,0,100.0,0.0,0.0,LOGISTICS
2026-05-01,SUP-036,Supplier 036,Brazil,LATAM,PLT-03,Tokyo Precision,Japan,APAC,Government,Germany,Kuehne+Nagel,1,1,1,1,1,100.0,100.0,100.0,LOGISTICS
2026-05-01,SUP-036,Supplier 036,Brazil,LATAM,PLT-05,Monterrey Plant,Mexico,LATAM,Enterprise,USA,Kuehne+Nagel,1,1,0,1,0,0.0,100.0,0.0,LOGISTICS
2026-05-01,SUP-036,Supplier 036,Brazil,LATAM,PLT-08,Taipei Micro,Taiwan,APAC,SMB,UK,Kuehne+Nagel,1,1,1,1,1,100.0,100.0,100.0,LOGISTICS
2026-05-01,SUP-036,Supplier 036,Brazil,LATAM,PLT-04,Chennai Forge,India,APAC,Government,Japan,Maersk,1,1,0,1,0,0.0,100.0,0.0,LOGISTICS
2026-05-01,SUP-036,Supplier 036,Brazil,LATAM,PLT-00,Shanghai Hub,China,APAC,Enterprise,Canada,Maersk,1,1,1,0,0,100.0,0.0,0.0,LOGISTICS
2026-05-01,SUP-037,Supplier 037,South Korea,APAC,PLT-03,Tokyo Precision,Japan,APAC,Government,Australia,DHL,1,1,1,0,0,100.0,0.0,0.0,LOGISTICS
2026-05-01,SUP-037,Supplier 037,South Korea,APAC,PLT-08,Taipei Micro,Taiwan,APAC,Enterprise,Japan,Maersk,1,1,0,1,0,0.0,100.0,0.0,LOGISTICS
2026-05-01,SUP-037,Supplier 037,South Korea,APAC,PLT-00,Shanghai Hub,China,APAC,SMB,Japan,Kuehne+Nagel,1,1,1,1,1,100.0,100.0,100.0,LOGISTICS
2026-05-01,SUP-037,Supplier 037,South Korea,APAC,PLT-00,Shanghai Hub,China,APAC,SMB,Singapore,UPS,1,1,0,0,0,0.0,0.0,0.0,LOGISTICS
2026-05-01,SUP-037,Supplier 037,South Korea,APAC,PLT-03,Tokyo Precision,Japan,APAC,Government,Australia,FedEx,1,1,1,1,1,100.0,100.0,100.0,LOGISTICS
2026-05-01,SUP-037,Supplier 037,South Korea,APAC,PLT-01,Munich Center,Germany,EMEA,SMB,France,FedEx,1,1,0,1,0,0.0,100.0,0.0,LOGISTICS
2026-05-01,SUP-037,Supplier 037,South Korea,APAC,PLT-00,Shanghai Hub,China,APAC,SMB,Singapore,Kuehne+Nagel,1,1,0,1,0,0.0,100.0,0.0,LOGISTICS
2026-05-01,SUP-037,Supplier 037,South Korea,APAC,PLT-00,Shanghai Hub,China,APAC,Government,France,Kuehne+Nagel,1,1,1,0,0,100.0,0.0,0.0,LOGISTICS
2026-05-01,SUP-037,Supplier 037,South Korea,APAC,PLT-03,Tokyo Precision,Japan,APAC,SMB,UK,DB Schenker,1,1,0,0,0,0.0,0.0,0.0,LOGISTICS
2026-05-01,SUP-037,Supplier 037,South Korea,APAC,PLT-09,Hanoi Assembly,Vietnam,APAC,Government,Canada,DB Schenker,1,1,0,1,0,0.0,100.0,0.0,LOGISTICS
2026-05-01,SUP-037,Supplier 037,South Korea,APAC,PLT-00,Shanghai Hub,China,APAC,SMB,Japan,UPS,1,1,0,0,0,0.0,0.0,0.0,LOGISTICS
2026-05-01,SUP-037,Supplier 037,South Korea,APAC,PLT-01,Munich Center,Germany,EMEA,SMB,Australia,Kuehne+Nagel,1,2,1,0,0,50.0,0.0,0.0,LOGISTICS
2026-05-01,SUP-038,Supplier 038,Taiwan,APAC,PLT-02,Detroit Works,USA,NA,SMB,Australia,UPS,1,1,0,1,0,0.0,100.0,0.0,LOGISTICS
2026-05-01,SUP-038,Supplier 038,Taiwan,APAC,PLT-06,Sao Paulo Ops,Brazil,LATAM,Enterprise,Canada,DB Schenker,1,1,0,1,0,0.0,100.0,0.0,LOGISTICS
2026-05-01,SUP-038,Supplier 038,Taiwan,APAC,PLT-09,Hanoi Assembly,Vietnam,APAC,Enterprise,Australia,Kuehne+Nagel,1,1,1,0,0,100.0,0.0,0.0,LOGISTICS
2026-05-01,SUP-038,Supplier 038,Taiwan,APAC,PLT-05,Monterrey Plant,Mexico,LATAM,SMB,UK,UPS,1,1,0,1,0,0.0,100.0,0.0,LOGISTICS
2026-05-01,SUP-038,Supplier 038,Taiwan,APAC,PLT-06,Sao Paulo Ops,Brazil,LATAM,SMB,France,DHL,1,1,1,1,1,100.0,100.0,100.0,LOGISTICS
2026-05-01,SUP-039,Supplier 039,Vietnam,APAC,PLT-07,Seoul Tech,South Korea,APAC,SMB,Canada,DHL,1,1,0,1,0,0.0,100.0,0.0,LOGISTICS
2026-05-01,SUP-039,Supplier 039,Vietnam,APAC,PLT-08,Taipei Micro,Taiwan,APAC,SMB,Germany,DB Schenker,1,1,0,1,0,0.0,100.0,0.0,LOGISTICS
2026-05-01,SUP-039,Supplier 039,Vietnam,APAC,PLT-00,Shanghai Hub,China,APAC,SMB,Germany,DB Schenker,1,1,0,0,0,0.0,0.0,0.0,LOGISTICS
2026-05-01,SUP-039,Supplier 039,Vietnam,APAC,PLT-00,Shanghai Hub,China,APAC,SMB,Germany,Kuehne+Nagel,1,1,0,1,0,0.0,100.0,0.0,LOGISTICS
2026-05-01,SUP-039,Supplier 039,Vietnam,APAC,PLT-03,Tokyo Precision,Japan,APAC,SMB,France,Kuehne+Nagel,1,1,0,0,0,0.0,0.0,0.0,LOGISTICS
2026-05-01,SUP-039,Supplier 039,Vietnam,APAC,PLT-03,Tokyo Precision,Japan,APAC,SMB,Germany,Maersk,1,1,0,1,0,0.0,100.0,0.0,LOGISTICS
2026-05-01,SUP-040,Supplier 040,China,APAC,PLT-09,Hanoi Assembly,Vietnam,APAC,SMB,UK,Maersk,1,1,1,1,1,100.0,100.0,100.0,LOGISTICS
2026-05-01,SUP-040,Supplier 040,China,APAC,PLT-02,Detroit Works,USA,NA,SMB,Singapore,DB Schenker,1,1,1,1,1,100.0,100.0,100.0,LOGISTICS
2026-05-01,SUP-040,Supplier 040,China,APAC,PLT-09,Hanoi Assembly,Vietnam,APAC,Enterprise,Canada,FedEx,1,1,0,1,0,0.0,100.0,0.0,LOGISTICS
2026-05-01,SUP-040,Supplier 040,China,APAC,PLT-02,Detroit Works,USA,NA,Enterprise,Japan,FedEx,1,1,1,1,1,100.0,100.0,100.0,LOGISTICS
2026-05-01,SUP-040,Supplier 040,China,APAC,PLT-09,Hanoi Assembly,Vietnam,APAC,Enterprise,Canada,DHL,1,1,1,0,0,100.0,0.0,0.0,LOGISTICS
2026-05-01,SUP-040,Supplier 040,China,APAC,PLT-04,Chennai Forge,India,APAC,SMB,Australia,DHL,1,1,1,1,1,100.0,100.0,100.0,LOGISTICS
2026-05-01,SUP-041,Supplier 041,Germany,EMEA,PLT-01,Munich Center,Germany,EMEA,Government,Germany,Maersk,1,1,1,1,1,100.0,100.0,100.0,LOGISTICS
2026-05-01,SUP-041,Supplier 041,Germany,EMEA,PLT-07,Seoul Tech,South Korea,APAC,SMB,Singapore,Kuehne+Nagel,1,1,1,1,1,100.0,100.0,100.0,LOGISTICS
2026-05-01,SUP-041,Supplier 041,Germany,EMEA,PLT-00,Shanghai Hub,China,APAC,SMB,Germany,Maersk,1,1,1,1,1,100.0,100.0,100.0,LOGISTICS
2026-05-01,SUP-041,Supplier 041,Germany,EMEA,PLT-00,Shanghai Hub,China,APAC,SMB,UK,DHL,1,1,0,1,0,0.0,100.0,0.0,LOGISTICS
2026-05-01,SUP-041,Supplier 041,Germany,EMEA,PLT-09,Hanoi Assembly,Vietnam,APAC,SMB,Canada,DB Schenker,1,1,0,1,0,0.0,100.0,0.0,LOGISTICS
2026-05-01,SUP-041,Supplier 041,Germany,EMEA,PLT-00,Shanghai Hub,China,APAC,Enterprise,France,Maersk,1,1,1,1,1,100.0,100.0,100.0,LOGISTICS
2026-05-01,SUP-041,Supplier 041,Germany,EMEA,PLT-05,Monterrey Plant,Mexico,LATAM,Government,Canada,Kuehne+Nagel,1,1,0,0,0,0.0,0.0,0.0,LOGISTICS
2026-05-01,SUP-041,Supplier 041,Germany,EMEA,PLT-01,Munich Center,Germany,EMEA,SMB,Canada,UPS,1,1,0,1,0,0.0,100.0,0.0,LOGISTICS
2026-05-01,SUP-041,Supplier 041,Germany,EMEA,PLT-00,Shanghai Hub,China,APAC,SMB,UK,Kuehne+Nagel,1,1,1,1,1,100.0,100.0,100.0,LOGISTICS
2026-05-01,SUP-042,Supplier 042,USA,NA,PLT-09,Hanoi Assembly,Vietnam,APAC,SMB,Singapore,Kuehne+Nagel,1,1,0,1,0,0.0,100.0,0.0,LOGISTICS
2026-05-01,SUP-042,Supplier 042,USA,NA,PLT-00,Shanghai Hub,China,APAC,Government,UK,Kuehne+Nagel,1,1,1,1,1,100.0,100.0,100.0,LOGISTICS
2026-05-01,SUP-042,Supplier 042,USA,NA,PLT-05,Monterrey Plant,Mexico,LATAM,SMB,USA,Kuehne+Nagel,1,1,1,1,1,100.0,100.0,100.0,LOGISTICS
2026-05-01,SUP-042,Supplier 042,USA,NA,PLT-05,Monterrey Plant,Mexico,LATAM,SMB,UK,DB Schenker,1,1,0,1,0,0.0,100.0,0.0,LOGISTICS
2026-05-01,SUP-042,Supplier 042,USA,NA,PLT-00,Shanghai Hub,China,APAC,Enterprise,Canada,UPS,1,1,1,0,0,100.0,0.0,0.0,LOGISTICS
2026-05-01,SUP-042,Supplier 042,USA,NA,PLT-08,Taipei Micro,Taiwan,APAC,SMB,Singapore,UPS,1,1,0,0,0,0.0,0.0,0.0,LOGISTICS
2026-05-01,SUP-042,Supplier 042,USA,NA,PLT-05,Monterrey Plant,Mexico,LATAM,SMB,USA,DHL,1,1,1,0,0,100.0,0.0,0.0,LOGISTICS
2026-05-01,SUP-042,Supplier 042,USA,NA,PLT-01,Munich Center,Germany,EMEA,Enterprise,Japan,FedEx,1,1,1,1,1,100.0,100.0,100.0,LOGISTICS
2026-05-01,SUP-042,Supplier 042,USA,NA,PLT-04,Chennai Forge,India,APAC,Enterprise,USA,Maersk,1,1,1,1,1,100.0,100.0,100.0,LOGISTICS
2026-05-01,SUP-042,Supplier 042,USA,NA,PLT-00,Shanghai Hub,China,APAC,Enterprise,Canada,FedEx,1,1,1,0,0,100.0,0.0,0.0,LOGISTICS
2026-05-01,SUP-043,Supplier 043,Japan,APAC,PLT-03,Tokyo Precision,Japan,APAC,Enterprise,Germany,FedEx,1,1,1,0,0,100.0,0.0,0.0,LOGISTICS
2026-05-01,SUP-043,Supplier 043,Japan,APAC,PLT-03,Tokyo Precision,Japan,APAC,Enterprise,France,Kuehne+Nagel,1,1,0,0,0,0.0,0.0,0.0,LOGISTICS
2026-05-01,SUP-043,Supplier 043,Japan,APAC,PLT-02,Detroit Works,USA,NA,SMB,Australia,Maersk,1,1,1,0,0,100.0,0.0,0.0,LOGISTICS
2026-05-01,SUP-043,Supplier 043,Japan,APAC,PLT-06,Sao Paulo Ops,Brazil,LATAM,Enterprise,Japan,DHL,1,1,0,1,0,0.0,100.0,0.0,LOGISTICS
2026-05-01,SUP-043,Supplier 043,Japan,APAC,PLT-07,Seoul Tech,South Korea,APAC,SMB,Singapore,UPS,1,1,1,0,0,100.0,0.0,0.0,LOGISTICS
2026-05-01,SUP-044,Supplier 044,India,APAC,PLT-07,Seoul Tech,South Korea,APAC,SMB,Australia,DHL,1,1,1,0,0,100.0,0.0,0.0,LOGISTICS
2026-05-01,SUP-044,Supplier 044,India,APAC,PLT-00,Shanghai Hub,China,APAC,Enterprise,Singapore,UPS,1,1,0,1,0,0.0,100.0,0.0,LOGISTICS
2026-05-01,SUP-044,Supplier 044,India,APAC,PLT-05,Monterrey Plant,Mexico,LATAM,SMB,USA,FedEx,1,1,0,1,0,0.0,100.0,0.0,LOGISTICS
2026-05-01,SUP-044,Supplier 044,India,APAC,PLT-07,Seoul Tech,South Korea,APAC,SMB,Australia,Maersk,1,1,1,1,1,100.0,100.0,100.0,LOGISTICS
2026-05-01,SUP-044,Supplier 044,India,APAC,PLT-07,Seoul Tech,South Korea,APAC,Enterprise,Canada,DHL,1,1,0,1,0,0.0,100.0,0.0,LOGISTICS
2026-05-01,SUP-044,Supplier 044,India,APAC,PLT-06,Sao Paulo Ops,Brazil,LATAM,SMB,Canada,FedEx,1,1,1,1,1,100.0,100.0,100.0,LOGISTICS
2026-05-01,SUP-044,Supplier 044,India,APAC,PLT-00,Shanghai Hub,China,APAC,SMB,Canada,FedEx,1,1,0,1,0,0.0,100.0,0.0,LOGISTICS
2026-05-01,SUP-044,Supplier 044,India,APAC,PLT-09,Hanoi Assembly,Vietnam,APAC,Enterprise,USA,DHL,1,2,1,0,0,50.0,0.0,0.0,LOGISTICS
2026-05-01,SUP-044,Supplier 044,India,APAC,PLT-07,Seoul Tech,South Korea,APAC,Enterprise,Canada,UPS,1,1,0,0,0,0.0,0.0,0.0,LOGISTICS
2026-05-01,SUP-044,Supplier 044,India,APAC,PLT-03,Tokyo Precision,Japan,APAC,Government,Australia,FedEx,1,1,0,1,0,0.0,100.0,0.0,LOGISTICS
2026-05-01,SUP-044,Supplier 044,India,APAC,PLT-02,Detroit Works,USA,NA,SMB,UK,FedEx,1,1,1,1,1,100.0,100.0,100.0,LOGISTICS
2026-05-01,SUP-044,Supplier 044,India,APAC,PLT-00,Shanghai Hub,China,APAC,SMB,Canada,DHL,1,1,1,0,0,100.0,0.0,0.0,LOGISTICS
2026-05-01,SUP-045,Supplier 045,Mexico,LATAM,PLT-07,Seoul Tech,South Korea,APAC,Government,Germany,Maersk,1,1,1,1,1,100.0,100.0,100.0,LOGISTICS
2026-05-01,SUP-045,Supplier 045,Mexico,LATAM,PLT-09,Hanoi Assembly,Vietnam,APAC,Enterprise,USA,DHL,1,1,0,1,0,0.0,100.0,0.0,LOGISTICS
2026-05-01,SUP-045,Supplier 045,Mexico,LATAM,PLT-01,Munich Center,Germany,EMEA,Enterprise,Germany,Maersk,1,1,1,1,1,100.0,100.0,100.0,LOGISTICS
2026-05-01,SUP-046,Supplier 046,Brazil,LATAM,PLT-06,Sao Paulo Ops,Brazil,LATAM,SMB,UK,Kuehne+Nagel,1,1,1,1,1,100.0,100.0,100.0,LOGISTICS
2026-05-01,SUP-046,Supplier 046,Brazil,LATAM,PLT-04,Chennai Forge,India,APAC,SMB,Singapore,DHL,1,2,2,0,0,100.0,0.0,0.0,LOGISTICS
2026-05-01,SUP-046,Supplier 046,Brazil,LATAM,PLT-04,Chennai Forge,India,APAC,SMB,France,DHL,1,2,2,1,1,100.0,50.0,50.0,LOGISTICS
2026-05-01,SUP-046,Supplier 046,Brazil,LATAM,PLT-06,Sao Paulo Ops,Brazil,LATAM,SMB,Canada,UPS,1,1,1,0,0,100.0,0.0,0.0,LOGISTICS
2026-05-01,SUP-046,Supplier 046,Brazil,LATAM,PLT-02,Detroit Works,USA,NA,SMB,Australia,DB Schenker,1,1,0,1,0,0.0,100.0,0.0,LOGISTICS
2026-05-01,SUP-046,Supplier 046,Brazil,LATAM,PLT-08,Taipei Micro,Taiwan,APAC,Enterprise,France,Maersk,1,1,1,1,1,100.0,100.0,100.0,LOGISTICS
2026-05-01,SUP-047,Supplier 047,South Korea,APAC,PLT-00,Shanghai Hub,China,APAC,Government,Australia,Kuehne+Nagel,1,1,0,1,0,0.0,100.0,0.0,LOGISTICS
2026-05-01,SUP-047,Supplier 047,South Korea,APAC,PLT-06,Sao Paulo Ops,Brazil,LATAM,Enterprise,Australia,UPS,1,1,1,0,0,100.0,0.0,0.0,LOGISTICS
2026-05-01,SUP-047,Supplier 047,South Korea,APAC,PLT-06,Sao Paulo Ops,Brazil,LATAM,Enterprise,Australia,DB Schenker,1,1,1,0,0,100.0,0.0,0.0,LOGISTICS
2026-05-01,SUP-047,Supplier 047,South Korea,APAC,PLT-00,Shanghai Hub,China,APAC,Government,Japan,FedEx,1,1,0,1,0,0.0,100.0,0.0,LOGISTICS
2026-05-01,SUP-047,Supplier 047,South Korea,APAC,PLT-05,Monterrey Plant,Mexico,LATAM,SMB,Singapore,DB Schenker,1,1,0,0,0,0.0,0.0,0.0,LOGISTICS
2026-05-01,SUP-047,Supplier 047,South Korea,APAC,PLT-05,Monterrey Plant,Mexico,LATAM,SMB,Singapore,UPS,1,1,1,1,1,100.0,100.0,100.0,LOGISTICS
2026-05-01,SUP-048,Supplier 048,Taiwan,APAC,PLT-02,Detroit Works,USA,NA,Government,Australia,Kuehne+Nagel,1,1,0,1,0,0.0,100.0,0.0,LOGISTICS
2026-05-01,SUP-048,Supplier 048,Taiwan,APAC,PLT-07,Seoul Tech,South Korea,APAC,Government,USA,UPS,1,1,1,0,0,100.0,0.0,0.0,LOGISTICS
2026-05-01,SUP-048,Supplier 048,Taiwan,APAC,PLT-03,Tokyo Precision,Japan,APAC,SMB,Singapore,UPS,1,1,0,1,0,0.0,100.0,0.0,LOGISTICS
2026-05-01,SUP-048,Supplier 048,Taiwan,APAC,PLT-07,Seoul Tech,South Korea,APAC,Government,USA,DHL,1,1,0,0,0,0.0,0.0,0.0,LOGISTICS
2026-05-01,SUP-048,Supplier 048,Taiwan,APAC,PLT-00,Shanghai Hub,China,APAC,Government,Australia,DB Schenker,1,1,0,1,0,0.0,100.0,0.0,LOGISTICS
2026-05-01,SUP-049,Supplier 049,Vietnam,APAC,PLT-05,Monterrey Plant,Mexico,LATAM,SMB,USA,Kuehne+Nagel,1,2,1,1,1,50.0,50.0,50.0,LOGISTICS
2026-05-01,SUP-049,Supplier 049,Vietnam,APAC,PLT-04,Chennai Forge,India,APAC,SMB,Japan,Kuehne+Nagel,1,1,0,1,0,0.0,100.0,0.0,LOGISTICS
2026-05-01,SUP-049,Supplier 049,Vietnam,APAC,PLT-08,Taipei Micro,Taiwan,APAC,Government,USA,DHL,1,1,1,1,1,100.0,100.0,100.0,LOGISTICS
2026-05-01,SUP-049,Supplier 049,Vietnam,APAC,PLT-09,Hanoi Assembly,Vietnam,APAC,SMB,Singapore,FedEx,1,1,1,1,1,100.0,100.0,100.0,LOGISTICS
2026-06-01,SUP-000,Supplier 000,China,APAC,PLT-08,Taipei Micro,Taiwan,APAC,SMB,France,UPS,1,1,1,1,1,100.0,100.0,100.0,LOGISTICS
2026-06-01,SUP-000,Supplier 000,China,APAC,PLT-02,Detroit Works,USA,NA,SMB,Japan,DHL,1,1,0,0,0,0.0,0.0,0.0,LOGISTICS
2026-06-01,SUP-000,Supplier 000,China,APAC,PLT-01,Munich Center,Germany,EMEA,SMB,Canada,UPS,1,1,0,1,0,0.0,100.0,0.0,LOGISTICS
2026-06-01,SUP-000,Supplier 000,China,APAC,PLT-05,Monterrey Plant,Mexico,LATAM,Enterprise,Japan,UPS,1,1,1,1,1,100.0,100.0,100.0,LOGISTICS
2026-06-01,SUP-001,Supplier 001,Germany,EMEA,PLT-03,Tokyo Precision,Japan,APAC,SMB,Japan,Kuehne+Nagel,1,1,1,1,1,100.0,100.0,100.0,LOGISTICS
2026-06-01,SUP-001,Supplier 001,Germany,EMEA,PLT-00,Shanghai Hub,China,APAC,SMB,Australia,FedEx,1,1,0,0,0,0.0,0.0,0.0,LOGISTICS
2026-06-01,SUP-001,Supplier 001,Germany,EMEA,PLT-07,Seoul Tech,South Korea,APAC,Enterprise,France,DHL,1,1,1,1,1,100.0,100.0,100.0,LOGISTICS
2026-06-01,SUP-001,Supplier 001,Germany,EMEA,PLT-09,Hanoi Assembly,Vietnam,APAC,Government,Germany,DB Schenker,1,2,2,0,0,100.0,0.0,0.0,LOGISTICS
2026-06-01,SUP-001,Supplier 001,Germany,EMEA,PLT-04,Chennai Forge,India,APAC,Enterprise,Canada,Maersk,1,1,0,0,0,0.0,0.0,0.0,LOGISTICS
2026-06-01,SUP-001,Supplier 001,Germany,EMEA,PLT-00,Shanghai Hub,China,APAC,SMB,Australia,Kuehne+Nagel,1,1,1,0,0,100.0,0.0,0.0,LOGISTICS
2026-06-01,SUP-001,Supplier 001,Germany,EMEA,PLT-07,Seoul Tech,South Korea,APAC,Enterprise,France,UPS,1,1,0,0,0,0.0,0.0,0.0,LOGISTICS
2026-06-01,SUP-001,Supplier 001,Germany,EMEA,PLT-06,Sao Paulo Ops,Brazil,LATAM,Enterprise,USA,Kuehne+Nagel,1,1,1,1,1,100.0,100.0,100.0,LOGISTICS
2026-06-01,SUP-001,Supplier 001,Germany,EMEA,PLT-04,Chennai Forge,India,APAC,Enterprise,Germany,Kuehne+Nagel,1,1,1,0,0,100.0,0.0,0.0,LOGISTICS
2026-06-01,SUP-001,Supplier 001,Germany,EMEA,PLT-02,Detroit Works,USA,NA,Government,Singapore,Kuehne+Nagel,1,1,0,1,0,0.0,100.0,0.0,LOGISTICS
2026-06-01,SUP-001,Supplier 001,Germany,EMEA,PLT-04,Chennai Forge,India,APAC,Enterprise,Canada,Kuehne+Nagel,1,1,1,0,0,100.0,0.0,0.0,LOGISTICS
2026-06-01,SUP-001,Supplier 001,Germany,EMEA,PLT-00,Shanghai Hub,China,APAC,SMB,Germany,Kuehne+Nagel,1,1,0,1,0,0.0,100.0,0.0,LOGISTICS
2026-06-01,SUP-002,Supplier 002,USA,NA,PLT-02,Detroit Works,USA,NA,SMB,Singapore,DHL,1,1,1,0,0,100.0,0.0,0.0,LOGISTICS
2026-06-01,SUP-002,Supplier 002,USA,NA,PLT-02,Detroit Works,USA,NA,SMB,Singapore,UPS,1,1,0,0,0,0.0,0.0,0.0,LOGISTICS
2026-06-01,SUP-002,Supplier 002,USA,NA,PLT-03,Tokyo Precision,Japan,APAC,Enterprise,Germany,Kuehne+Nagel,1,1,0,1,0,0.0,100.0,0.0,LOGISTICS
2026-06-01,SUP-002,Supplier 002,USA,NA,PLT-03,Tokyo Precision,Japan,APAC,Enterprise,Germany,DB Schenker,1,1,0,0,0,0.0,0.0,0.0,LOGISTICS
2026-06-01,SUP-002,Supplier 002,USA,NA,PLT-04,Chennai Forge,India,APAC,SMB,Germany,FedEx,1,1,1,1,1,100.0,100.0,100.0,LOGISTICS
2026-06-01,SUP-002,Supplier 002,USA,NA,PLT-09,Hanoi Assembly,Vietnam,APAC,SMB,Canada,UPS,1,1,0,1,0,0.0,100.0,0.0,LOGISTICS
2026-06-01,SUP-002,Supplier 002,USA,NA,PLT-02,Detroit Works,USA,NA,SMB,Germany,Kuehne+Nagel,1,1,0,0,0,0.0,0.0,0.0,LOGISTICS
2026-06-01,SUP-002,Supplier 002,USA,NA,PLT-02,Detroit Works,USA,NA,SMB,Germany,FedEx,1,1,1,1,1,100.0,100.0,100.0,LOGISTICS
2026-06-01,SUP-003,Supplier 003,Japan,APAC,PLT-00,Shanghai Hub,China,APAC,SMB,Singapore,DHL,1,1,0,1,0,0.0,100.0,0.0,LOGISTICS
2026-06-01,SUP-003,Supplier 003,Japan,APAC,PLT-00,Shanghai Hub,China,APAC,Enterprise,USA,Maersk,1,1,1,0,0,100.0,0.0,0.0,LOGISTICS
2026-06-01,SUP-003,Supplier 003,Japan,APAC,PLT-00,Shanghai Hub,China,APAC,Enterprise,USA,FedEx,1,1,1,0,0,100.0,0.0,0.0,LOGISTICS
2026-06-01,SUP-003,Supplier 003,Japan,APAC,PLT-06,Sao Paulo Ops,Brazil,LATAM,Enterprise,Singapore,Kuehne+Nagel,1,1,0,1,0,0.0,100.0,0.0,LOGISTICS
2026-06-01,SUP-003,Supplier 003,Japan,APAC,PLT-06,Sao Paulo Ops,Brazil,LATAM,SMB,Australia,DHL,1,1,1,1,1,100.0,100.0,100.0,LOGISTICS
2026-06-01,SUP-003,Supplier 003,Japan,APAC,PLT-08,Taipei Micro,Taiwan,APAC,Enterprise,UK,UPS,1,1,0,1,0,0.0,100.0,0.0,LOGISTICS
2026-06-01,SUP-004,Supplier 004,India,APAC,PLT-09,Hanoi Assembly,Vietnam,APAC,SMB,UK,DB Schenker,1,1,0,1,0,0.0,100.0,0.0,LOGISTICS
2026-06-01,SUP-004,Supplier 004,India,APAC,PLT-05,Monterrey Plant,Mexico,LATAM,Enterprise,Japan,DB Schenker,1,1,0,1,0,0.0,100.0,0.0,LOGISTICS
2026-06-01,SUP-004,Supplier 004,India,APAC,PLT-00,Shanghai Hub,China,APAC,Enterprise,Canada,Kuehne+Nagel,1,1,0,0,0,0.0,0.0,0.0,LOGISTICS
2026-06-01,SUP-004,Supplier 004,India,APAC,PLT-05,Monterrey Plant,Mexico,LATAM,SMB,Canada,Kuehne+Nagel,1,1,0,0,0,0.0,0.0,0.0,LOGISTICS
2026-06-01,SUP-004,Supplier 004,India,APAC,PLT-06,Sao Paulo Ops,Brazil,LATAM,Government,France,FedEx,1,1,1,1,1,100.0,100.0,100.0,LOGISTICS
2026-06-01,SUP-004,Supplier 004,India,APAC,PLT-09,Hanoi Assembly,Vietnam,APAC,Government,USA,Kuehne+Nagel,1,1,0,1,0,0.0,100.0,0.0,LOGISTICS
2026-06-01,SUP-004,Supplier 004,India,APAC,PLT-07,Seoul Tech,South Korea,APAC,Enterprise,France,Kuehne+Nagel,1,1,0,1,0,0.0,100.0,0.0,LOGISTICS
2026-06-01,SUP-004,Supplier 004,India,APAC,PLT-07,Seoul Tech,South Korea,APAC,Enterprise,France,DHL,1,1,1,0,0,100.0,0.0,0.0,LOGISTICS
2026-06-01,SUP-004,Supplier 004,India,APAC,PLT-06,Sao Paulo Ops,Brazil,LATAM,Government,France,Maersk,1,1,0,0,0,0.0,0.0,0.0,LOGISTICS
2026-06-01,SUP-005,Supplier 005,Mexico,LATAM,PLT-05,Monterrey Plant,Mexico,LATAM,Enterprise,UK,Maersk,1,1,1,0,0,100.0,0.0,0.0,LOGISTICS
2026-06-01,SUP-005,Supplier 005,Mexico,LATAM,PLT-07,Seoul Tech,South Korea,APAC,SMB,Australia,DHL,1,1,0,1,0,0.0,100.0,0.0,LOGISTICS
2026-06-01,SUP-006,Supplier 006,Brazil,LATAM,PLT-01,Munich Center,Germany,EMEA,Enterprise,Australia,FedEx,1,1,0,0,0,0.0,0.0,0.0,LOGISTICS
2026-06-01,SUP-006,Supplier 006,Brazil,LATAM,PLT-02,Detroit Works,USA,NA,Government,France,UPS,1,1,1,0,0,100.0,0.0,0.0,LOGISTICS
2026-06-01,SUP-006,Supplier 006,Brazil,LATAM,PLT-04,Chennai Forge,India,APAC,Enterprise,Germany,DHL,1,1,1,1,1,100.0,100.0,100.0,LOGISTICS
2026-06-01,SUP-006,Supplier 006,Brazil,LATAM,PLT-01,Munich Center,Germany,EMEA,SMB,UK,UPS,1,1,1,1,1,100.0,100.0,100.0,LOGISTICS
2026-06-01,SUP-006,Supplier 006,Brazil,LATAM,PLT-08,Taipei Micro,Taiwan,APAC,SMB,Japan,Maersk,1,1,0,1,0,0.0,100.0,0.0,LOGISTICS
2026-06-01,SUP-006,Supplier 006,Brazil,LATAM,PLT-04,Chennai Forge,India,APAC,Enterprise,France,DB Schenker,1,1,1,1,1,100.0,100.0,100.0,LOGISTICS
2026-06-01,SUP-006,Supplier 006,Brazil,LATAM,PLT-05,Monterrey Plant,Mexico,LATAM,Enterprise,Japan,FedEx,1,1,0,1,0,0.0,100.0,0.0,LOGISTICS
2026-06-01,SUP-006,Supplier 006,Brazil,LATAM,PLT-05,Monterrey Plant,Mexico,LATAM,Enterprise,USA,DB Schenker,1,1,1,1,1,100.0,100.0,100.0,LOGISTICS
2026-06-01,SUP-006,Supplier 006,Brazil,LATAM,PLT-07,Seoul Tech,South Korea,APAC,Enterprise,UK,Kuehne+Nagel,1,1,0,1,0,0.0,100.0,0.0,LOGISTICS
2026-06-01,SUP-007,Supplier 007,South Korea,APAC,PLT-06,Sao Paulo Ops,Brazil,LATAM,Enterprise,Canada,Kuehne+Nagel,1,1,0,1,0,0.0,100.0,0.0,LOGISTICS
2026-06-01,SUP-007,Supplier 007,South Korea,APAC,PLT-05,Monterrey Plant,Mexico,LATAM,SMB,Singapore,DHL,1,1,1,1,1,100.0,100.0,100.0,LOGISTICS
2026-06-01,SUP-007,Supplier 007,South Korea,APAC,PLT-02,Detroit Works,USA,NA,SMB,Canada,DHL,1,1,0,1,0,0.0,100.0,0.0,LOGISTICS
2026-06-01,SUP-007,Supplier 007,South Korea,APAC,PLT-04,Chennai Forge,India,APAC,Enterprise,Australia,Maersk,1,1,1,0,0,100.0,0.0,0.0,LOGISTICS
2026-06-01,SUP-008,Supplier 008,Taiwan,APAC,PLT-05,Monterrey Plant,Mexico,LATAM,SMB,France,DB Schenker,1,1,0,1,0,0.0,100.0,0.0,LOGISTICS
2026-06-01,SUP-008,Supplier 008,Taiwan,APAC,PLT-06,Sao Paulo Ops,Brazil,LATAM,SMB,Singapore,FedEx,1,1,0,1,0,0.0,100.0,0.0,LOGISTICS
2026-06-01,SUP-008,Supplier 008,Taiwan,APAC,PLT-01,Munich Center,Germany,EMEA,SMB,Germany,DHL,1,1,0,1,0,0.0,100.0,0.0,LOGISTICS
2026-06-01,SUP-008,Supplier 008,Taiwan,APAC,PLT-03,Tokyo Precision,Japan,APAC,SMB,USA,Kuehne+Nagel,1,1,1,1,1,100.0,100.0,100.0,LOGISTICS
2026-06-01,SUP-009,Supplier 009,Vietnam,APAC,PLT-03,Tokyo Precision,Japan,APAC,SMB,UK,DHL,1,1,0,1,0,0.0,100.0,0.0,LOGISTICS
2026-06-01,SUP-009,Supplier 009,Vietnam,APAC,PLT-05,Monterrey Plant,Mexico,LATAM,Enterprise,Singapore,DB Schenker,1,1,0,0,0,0.0,0.0,0.0,LOGISTICS
2026-06-01,SUP-009,Supplier 009,Vietnam,APAC,PLT-09,Hanoi Assembly,Vietnam,APAC,Government,USA,Maersk,1,1,0,1,0,0.0,100.0,0.0,LOGISTICS
2026-06-01,SUP-009,Supplier 009,Vietnam,APAC,PLT-07,Seoul Tech,South Korea,APAC,Enterprise,Japan,FedEx,1,1,1,1,1,100.0,100.0,100.0,LOGISTICS
2026-06-01,SUP-009,Supplier 009,Vietnam,APAC,PLT-02,Detroit Works,USA,NA,SMB,UK,UPS,1,1,1,0,0,100.0,0.0,0.0,LOGISTICS
2026-06-01,SUP-009,Supplier 009,Vietnam,APAC,PLT-02,Detroit Works,USA,NA,SMB,UK,Kuehne+Nagel,1,1,1,1,1,100.0,100.0,100.0,LOGISTICS
2026-06-01,SUP-009,Supplier 009,Vietnam,APAC,PLT-00,Shanghai Hub,China,APAC,SMB,Australia,DHL,1,1,1,0,0,100.0,0.0,0.0,LOGISTICS
2026-06-01,SUP-009,Supplier 009,Vietnam,APAC,PLT-05,Monterrey Plant,Mexico,LATAM,Enterprise,France,Kuehne+Nagel,1,1,1,1,1,100.0,100.0,100.0,LOGISTICS
2026-06-01,SUP-009,Supplier 009,Vietnam,APAC,PLT-04,Chennai Forge,India,APAC,SMB,Japan,Maersk,1,1,1,0,0,100.0,0.0,0.0,LOGISTICS
2026-06-01,SUP-009,Supplier 009,Vietnam,APAC,PLT-04,Chennai Forge,India,APAC,SMB,Japan,FedEx,1,1,1,0,0,100.0,0.0,0.0,LOGISTICS
2026-06-01,SUP-010,Supplier 010,China,APAC,PLT-05,Monterrey Plant,Mexico,LATAM,Enterprise,Germany,Kuehne+Nagel,1,1,1,1,1,100.0,100.0,100.0,LOGISTICS
2026-06-01,SUP-010,Supplier 010,China,APAC,PLT-01,Munich Center,Germany,EMEA,Enterprise,UK,Kuehne+Nagel,1,1,0,1,0,0.0,100.0,0.0,LOGISTICS
2026-06-01,SUP-011,Supplier 011,Germany,EMEA,PLT-03,Tokyo Precision,Japan,APAC,SMB,Germany,DHL,1,1,1,0,0,100.0,0.0,0.0,LOGISTICS
2026-06-01,SUP-011,Supplier 011,Germany,EMEA,PLT-08,Taipei Micro,Taiwan,APAC,Government,Germany,DHL,1,1,0,1,0,0.0,100.0,0.0,LOGISTICS
2026-06-01,SUP-011,Supplier 011,Germany,EMEA,PLT-03,Tokyo Precision,Japan,APAC,SMB,Germany,DB Schenker,1,1,1,0,0,100.0,0.0,0.0,LOGISTICS
2026-06-01,SUP-011,Supplier 011,Germany,EMEA,PLT-01,Munich Center,Germany,EMEA,Enterprise,France,FedEx,1,1,0,1,0,0.0,100.0,0.0,LOGISTICS
2026-06-01,SUP-011,Supplier 011,Germany,EMEA,PLT-01,Munich Center,Germany,EMEA,SMB,USA,Maersk,1,1,0,1,0,0.0,100.0,0.0,LOGISTICS
2026-06-01,SUP-011,Supplier 011,Germany,EMEA,PLT-01,Munich Center,Germany,EMEA,Enterprise,France,DHL,2,2,0,1,0,0.0,50.0,0.0,LOGISTICS
2026-06-01,SUP-012,Supplier 012,USA,NA,PLT-00,Shanghai Hub,China,APAC,Enterprise,Singapore,Kuehne+Nagel,1,2,1,1,1,50.0,50.0,50.0,LOGISTICS
2026-06-01,SUP-012,Supplier 012,USA,NA,PLT-03,Tokyo Precision,Japan,APAC,SMB,Canada,FedEx,1,1,1,0,0,100.0,0.0,0.0,LOGISTICS
2026-06-01,SUP-012,Supplier 012,USA,NA,PLT-04,Chennai Forge,India,APAC,SMB,Australia,Maersk,1,1,0,1,0,0.0,100.0,0.0,LOGISTICS
2026-06-01,SUP-012,Supplier 012,USA,NA,PLT-07,Seoul Tech,South Korea,APAC,SMB,Canada,Maersk,1,1,1,1,1,100.0,100.0,100.0,LOGISTICS
2026-06-01,SUP-012,Supplier 012,USA,NA,PLT-02,Detroit Works,USA,NA,Enterprise,France,DHL,1,1,0,0,0,0.0,0.0,0.0,LOGISTICS
2026-06-01,SUP-012,Supplier 012,USA,NA,PLT-07,Seoul Tech,South Korea,APAC,SMB,Germany,DB Schenker,1,1,1,0,0,100.0,0.0,0.0,LOGISTICS
2026-06-01,SUP-012,Supplier 012,USA,NA,PLT-07,Seoul Tech,South Korea,APAC,SMB,Germany,DHL,1,1,0,1,0,0.0,100.0,0.0,LOGISTICS
2026-06-01,SUP-012,Supplier 012,USA,NA,PLT-04,Chennai Forge,India,APAC,SMB,Australia,DHL,1,1,1,0,0,100.0,0.0,0.0,LOGISTICS
2026-06-01,SUP-012,Supplier 012,USA,NA,PLT-03,Tokyo Precision,Japan,APAC,SMB,Canada,UPS,1,1,1,0,0,100.0,0.0,0.0,LOGISTICS
2026-06-01,SUP-012,Supplier 012,USA,NA,PLT-01,Munich Center,Germany,EMEA,SMB,Canada,DB Schenker,1,1,1,1,1,100.0,100.0,100.0,LOGISTICS
2026-06-01,SUP-013,Supplier 013,Japan,APAC,PLT-01,Munich Center,Germany,EMEA,Government,UK,DHL,1,1,0,0,0,0.0,0.0,0.0,LOGISTICS
2026-06-01,SUP-013,Supplier 013,Japan,APAC,PLT-02,Detroit Works,USA,NA,Enterprise,France,Kuehne+Nagel,1,1,0,1,0,0.0,100.0,0.0,LOGISTICS
2026-06-01,SUP-013,Supplier 013,Japan,APAC,PLT-05,Monterrey Plant,Mexico,LATAM,SMB,France,DHL,1,1,0,1,0,0.0,100.0,0.0,LOGISTICS
2026-06-01,SUP-013,Supplier 013,Japan,APAC,PLT-04,Chennai Forge,India,APAC,Government,UK,Kuehne+Nagel,1,1,0,0,0,0.0,0.0,0.0,LOGISTICS
2026-06-01,SUP-013,Supplier 013,Japan,APAC,PLT-04,Chennai Forge,India,APAC,Government,UK,DHL,1,1,0,1,0,0.0,100.0,0.0,LOGISTICS
2026-06-01,SUP-013,Supplier 013,Japan,APAC,PLT-08,Taipei Micro,Taiwan,APAC,Enterprise,Germany,FedEx,1,1,1,1,1,100.0,100.0,100.0,LOGISTICS
2026-06-01,SUP-013,Supplier 013,Japan,APAC,PLT-04,Chennai Forge,India,APAC,SMB,Australia,DHL,1,1,0,1,0,0.0,100.0,0.0,LOGISTICS
2026-06-01,SUP-013,Supplier 013,Japan,APAC,PLT-06,Sao Paulo Ops,Brazil,LATAM,Government,Australia,FedEx,1,1,1,0,0,100.0,0.0,0.0,LOGISTICS
2026-06-01,SUP-014,Supplier 014,India,APAC,PLT-01,Munich Center,Germany,EMEA,Enterprise,France,Kuehne+Nagel,1,1,0,0,0,0.0,0.0,0.0,LOGISTICS
2026-06-01,SUP-014,Supplier 014,India,APAC,PLT-04,Chennai Forge,India,APAC,Government,Singapore,UPS,1,1,0,1,0,0.0,100.0,0.0,LOGISTICS
2026-06-01,SUP-014,Supplier 014,India,APAC,PLT-08,Taipei Micro,Taiwan,APAC,Enterprise,Japan,DHL,1,1,0,1,0,0.0,100.0,0.0,LOGISTICS
2026-06-01,SUP-014,Supplier 014,India,APAC,PLT-01,Munich Center,Germany,EMEA,Enterprise,France,Maersk,1,1,0,1,0,0.0,100.0,0.0,LOGISTICS
2026-06-01,SUP-014,Supplier 014,India,APAC,PLT-09,Hanoi Assembly,Vietnam,APAC,SMB,France,DB Schenker,1,1,0,1,0,0.0,100.0,0.0,LOGISTICS
2026-06-01,SUP-015,Supplier 015,Mexico,LATAM,PLT-02,Detroit Works,USA,NA,Enterprise,USA,FedEx,1,1,0,0,0,0.0,0.0,0.0,LOGISTICS
2026-06-01,SUP-015,Supplier 015,Mexico,LATAM,PLT-08,Taipei Micro,Taiwan,APAC,SMB,Germany,UPS,1,1,1,1,1,100.0,100.0,100.0,LOGISTICS
2026-06-01,SUP-015,Supplier 015,Mexico,LATAM,PLT-02,Detroit Works,USA,NA,SMB,UK,UPS,1,1,0,0,0,0.0,0.0,0.0,LOGISTICS
2026-06-01,SUP-015,Supplier 015,Mexico,LATAM,PLT-06,Sao Paulo Ops,Brazil,LATAM,Government,Germany,FedEx,1,1,0,1,0,0.0,100.0,0.0,LOGISTICS
2026-06-01,SUP-015,Supplier 015,Mexico,LATAM,PLT-02,Detroit Works,USA,NA,Enterprise,France,DHL,1,1,1,1,1,100.0,100.0,100.0,LOGISTICS
2026-06-01,SUP-015,Supplier 015,Mexico,LATAM,PLT-09,Hanoi Assembly,Vietnam,APAC,SMB,Canada,FedEx,1,1,1,0,0,100.0,0.0,0.0,LOGISTICS
2026-06-01,SUP-015,Supplier 015,Mexico,LATAM,PLT-09,Hanoi Assembly,Vietnam,APAC,SMB,Canada,DHL,1,1,1,0,0,100.0,0.0,0.0,LOGISTICS
2026-06-01,SUP-016,Supplier 016,Brazil,LATAM,PLT-03,Tokyo Precision,Japan,APAC,Enterprise,Germany,UPS,1,1,1,1,1,100.0,100.0,100.0,LOGISTICS
2026-06-01,SUP-016,Supplier 016,Brazil,LATAM,PLT-06,Sao Paulo Ops,Brazil,LATAM,Government,Germany,FedEx,1,1,1,1,1,100.0,100.0,100.0,LOGISTICS
2026-06-01,SUP-017,Supplier 017,South Korea,APAC,PLT-03,Tokyo Precision,Japan,APAC,SMB,Germany,UPS,1,1,0,1,0,0.0,100.0,0.0,LOGISTICS
2026-06-01,SUP-017,Supplier 017,South Korea,APAC,PLT-03,Tokyo Precision,Japan,APAC,SMB,Germany,FedEx,1,1,1,0,0,100.0,0.0,0.0,LOGISTICS
2026-06-01,SUP-017,Supplier 017,South Korea,APAC,PLT-05,Monterrey Plant,Mexico,LATAM,Enterprise,Australia,UPS,1,1,0,1,0,0.0,100.0,0.0,LOGISTICS
2026-06-01,SUP-017,Supplier 017,South Korea,APAC,PLT-03,Tokyo Precision,Japan,APAC,Enterprise,France,DHL,1,1,1,1,1,100.0,100.0,100.0,LOGISTICS
2026-06-01,SUP-017,Supplier 017,South Korea,APAC,PLT-04,Chennai Forge,India,APAC,SMB,UK,FedEx,1,1,0,1,0,0.0,100.0,0.0,LOGISTICS
2026-06-01,SUP-018,Supplier 018,Taiwan,APAC,PLT-00,Shanghai Hub,China,APAC,Enterprise,Japan,DHL,1,1,0,1,0,0.0,100.0,0.0,LOGISTICS
2026-06-01,SUP-018,Supplier 018,Taiwan,APAC,PLT-00,Shanghai Hub,China,APAC,Enterprise,Japan,FedEx,1,1,1,0,0,100.0,0.0,0.0,LOGISTICS
2026-06-01,SUP-018,Supplier 018,Taiwan,APAC,PLT-00,Shanghai Hub,China,APAC,Government,France,Kuehne+Nagel,1,1,1,1,1,100.0,100.0,100.0,LOGISTICS
2026-06-01,SUP-018,Supplier 018,Taiwan,APAC,PLT-06,Sao Paulo Ops,Brazil,LATAM,SMB,UK,DB Schenker,1,1,0,0,0,0.0,0.0,0.0,LOGISTICS
2026-06-01,SUP-018,Supplier 018,Taiwan,APAC,PLT-01,Munich Center,Germany,EMEA,SMB,Japan,DHL,1,1,1,1,1,100.0,100.0,100.0,LOGISTICS
2026-06-01,SUP-018,Supplier 018,Taiwan,APAC,PLT-03,Tokyo Precision,Japan,APAC,SMB,Australia,Maersk,1,1,0,1,0,0.0,100.0,0.0,LOGISTICS
2026-06-01,SUP-018,Supplier 018,Taiwan,APAC,PLT-03,Tokyo Precision,Japan,APAC,Enterprise,Singapore,DHL,1,1,0,1,0,0.0,100.0,0.0,LOGISTICS
2026-06-01,SUP-018,Supplier 018,Taiwan,APAC,PLT-04,Chennai Forge,India,APAC,SMB,Canada,UPS,1,1,1,1,1,100.0,100.0,100.0,LOGISTICS
2026-06-01,SUP-018,Supplier 018,Taiwan,APAC,PLT-07,Seoul Tech,South Korea,APAC,Government,UK,Kuehne+Nagel,1,1,1,1,1,100.0,100.0,100.0,LOGISTICS
2026-06-01,SUP-018,Supplier 018,Taiwan,APAC,PLT-01,Munich Center,Germany,EMEA,SMB,Japan,Maersk,1,1,1,0,0,100.0,0.0,0.0,LOGISTICS
2026-06-01,SUP-018,Supplier 018,Taiwan,APAC,PLT-00,Shanghai Hub,China,APAC,Government,France,DHL,1,1,1,0,0,100.0,0.0,0.0,LOGISTICS
2026-06-01,SUP-018,Supplier 018,Taiwan,APAC,PLT-03,Tokyo Precision,Japan,APAC,Enterprise,Singapore,UPS,1,1,1,0,0,100.0,0.0,0.0,LOGISTICS
2026-06-01,SUP-019,Supplier 019,Vietnam,APAC,PLT-00,Shanghai Hub,China,APAC,SMB,Germany,Kuehne+Nagel,1,1,0,1,0,0.0,100.0,0.0,LOGISTICS
2026-06-01,SUP-019,Supplier 019,Vietnam,APAC,PLT-01,Munich Center,Germany,EMEA,SMB,USA,Kuehne+Nagel,1,1,1,1,1,100.0,100.0,100.0,LOGISTICS
2026-06-01,SUP-019,Supplier 019,Vietnam,APAC,PLT-03,Tokyo Precision,Japan,APAC,Enterprise,USA,FedEx,1,1,0,1,0,0.0,100.0,0.0,LOGISTICS
2026-06-01,SUP-019,Supplier 019,Vietnam,APAC,PLT-03,Tokyo Precision,Japan,APAC,Enterprise,USA,Maersk,1,1,0,1,0,0.0,100.0,0.0,LOGISTICS
2026-06-01,SUP-019,Supplier 019,Vietnam,APAC,PLT-05,Monterrey Plant,Mexico,LATAM,SMB,Germany,Maersk,1,1,1,1,1,100.0,100.0,100.0,LOGISTICS
2026-06-01,SUP-020,Supplier 020,China,APAC,PLT-06,Sao Paulo Ops,Brazil,LATAM,SMB,UK,DHL,1,1,0,1,0,0.0,100.0,0.0,LOGISTICS
2026-06-01,SUP-020,Supplier 020,China,APAC,PLT-09,Hanoi Assembly,Vietnam,APAC,Enterprise,Germany,Maersk,1,1,0,1,0,0.0,100.0,0.0,LOGISTICS
2026-06-01,SUP-021,Supplier 021,Germany,EMEA,PLT-04,Chennai Forge,India,APAC,SMB,France,DHL,1,1,0,0,0,0.0,0.0,0.0,LOGISTICS
2026-06-01,SUP-021,Supplier 021,Germany,EMEA,PLT-09,Hanoi Assembly,Vietnam,APAC,Enterprise,Canada,Maersk,1,1,0,1,0,0.0,100.0,0.0,LOGISTICS
2026-06-01,SUP-021,Supplier 021,Germany,EMEA,PLT-08,Taipei Micro,Taiwan,APAC,SMB,Singapore,DHL,1,1,1,1,1,100.0,100.0,100.0,LOGISTICS
2026-06-01,SUP-021,Supplier 021,Germany,EMEA,PLT-01,Munich Center,Germany,EMEA,Enterprise,Japan,Maersk,1,1,0,1,0,0.0,100.0,0.0,LOGISTICS
2026-06-01,SUP-021,Supplier 021,Germany,EMEA,PLT-06,Sao Paulo Ops,Brazil,LATAM,SMB,Germany,DHL,1,1,0,1,0,0.0,100.0,0.0,LOGISTICS
2026-06-01,SUP-022,Supplier 022,USA,NA,PLT-06,Sao Paulo Ops,Brazil,LATAM,Government,USA,Maersk,1,1,0,0,0,0.0,0.0,0.0,LOGISTICS
2026-06-01,SUP-022,Supplier 022,USA,NA,PLT-04,Chennai Forge,India,APAC,SMB,Singapore,DHL,1,1,0,0,0,0.0,0.0,0.0,LOGISTICS
2026-06-01,SUP-022,Supplier 022,USA,NA,PLT-01,Munich Center,Germany,EMEA,SMB,Australia,FedEx,1,1,0,0,0,0.0,0.0,0.0,LOGISTICS
2026-06-01,SUP-022,Supplier 022,USA,NA,PLT-04,Chennai Forge,India,APAC,SMB,Singapore,Maersk,1,1,0,0,0,0.0,0.0,0.0,LOGISTICS
2026-06-01,SUP-022,Supplier 022,USA,NA,PLT-00,Shanghai Hub,China,APAC,SMB,France,Kuehne+Nagel,1,1,1,1,1,100.0,100.0,100.0,LOGISTICS
2026-06-01,SUP-022,Supplier 022,USA,NA,PLT-01,Munich Center,Germany,EMEA,SMB,Australia,Maersk,1,1,0,0,0,0.0,0.0,0.0,LOGISTICS
2026-06-01,SUP-023,Supplier 023,Japan,APAC,PLT-04,Chennai Forge,India,APAC,Enterprise,USA,Maersk,1,1,1,1,1,100.0,100.0,100.0,LOGISTICS
2026-06-01,SUP-023,Supplier 023,Japan,APAC,PLT-02,Detroit Works,USA,NA,SMB,Singapore,Kuehne+Nagel,1,1,1,0,0,100.0,0.0,0.0,LOGISTICS
2026-06-01,SUP-023,Supplier 023,Japan,APAC,PLT-06,Sao Paulo Ops,Brazil,LATAM,Enterprise,Japan,DB Schenker,1,2,0,0,0,0.0,0.0,0.0,LOGISTICS
2026-06-01,SUP-024,Supplier 024,India,APAC,PLT-06,Sao Paulo Ops,Brazil,LATAM,SMB,France,Kuehne+Nagel,1,1,1,1,1,100.0,100.0,100.0,LOGISTICS
2026-06-01,SUP-024,Supplier 024,India,APAC,PLT-09,Hanoi Assembly,Vietnam,APAC,Government,Singapore,FedEx,1,1,1,0,0,100.0,0.0,0.0,LOGISTICS
2026-06-01,SUP-025,Supplier 025,Mexico,LATAM,PLT-07,Seoul Tech,South Korea,APAC,SMB,Canada,Maersk,1,1,1,1,1,100.0,100.0,100.0,LOGISTICS
2026-06-01,SUP-025,Supplier 025,Mexico,LATAM,PLT-01,Munich Center,Germany,EMEA,Enterprise,Canada,UPS,1,1,1,0,0,100.0,0.0,0.0,LOGISTICS
2026-06-01,SUP-025,Supplier 025,Mexico,LATAM,PLT-00,Shanghai Hub,China,APAC,Government,France,FedEx,1,1,0,1,0,0.0,100.0,0.0,LOGISTICS
2026-06-01,SUP-025,Supplier 025,Mexico,LATAM,PLT-04,Chennai Forge,India,APAC,SMB,Australia,FedEx,1,1,1,1,1,100.0,100.0,100.0,LOGISTICS
2026-06-01,SUP-025,Supplier 025,Mexico,LATAM,PLT-01,Munich Center,Germany,EMEA,SMB,UK,DB Schenker,1,1,0,0,0,0.0,0.0,0.0,LOGISTICS
2026-06-01,SUP-025,Supplier 025,Mexico,LATAM,PLT-08,Taipei Micro,Taiwan,APAC,Government,Germany,Kuehne+Nagel,1,1,0,1,0,0.0,100.0,0.0,LOGISTICS
2026-06-01,SUP-025,Supplier 025,Mexico,LATAM,PLT-08,Taipei Micro,Taiwan,APAC,SMB,Singapore,UPS,1,1,0,1,0,0.0,100.0,0.0,LOGISTICS
2026-06-01,SUP-026,Supplier 026,Brazil,LATAM,PLT-06,Sao Paulo Ops,Brazil,LATAM,SMB,Germany,FedEx,1,1,0,1,0,0.0,100.0,0.0,LOGISTICS
2026-06-01,SUP-026,Supplier 026,Brazil,LATAM,PLT-08,Taipei Micro,Taiwan,APAC,SMB,France,DHL,1,1,0,1,0,0.0,100.0,0.0,LOGISTICS
2026-06-01,SUP-026,Supplier 026,Brazil,LATAM,PLT-02,Detroit Works,USA,NA,Government,Germany,DB Schenker,1,1,1,1,1,100.0,100.0,100.0,LOGISTICS
2026-06-01,SUP-026,Supplier 026,Brazil,LATAM,PLT-05,Monterrey Plant,Mexico,LATAM,SMB,Canada,Kuehne+Nagel,1,1,0,1,0,0.0,100.0,0.0,LOGISTICS
2026-06-01,SUP-026,Supplier 026,Brazil,LATAM,PLT-09,Hanoi Assembly,Vietnam,APAC,SMB,Canada,Maersk,1,1,0,1,0,0.0,100.0,0.0,LOGISTICS
2026-06-01,SUP-026,Supplier 026,Brazil,LATAM,PLT-09,Hanoi Assembly,Vietnam,APAC,SMB,France,DB Schenker,1,1,1,1,1,100.0,100.0,100.0,LOGISTICS
2026-06-01,SUP-026,Supplier 026,Brazil,LATAM,PLT-06,Sao Paulo Ops,Brazil,LATAM,Government,Canada,UPS,1,1,1,0,0,100.0,0.0,0.0,LOGISTICS
2026-06-01,SUP-026,Supplier 026,Brazil,LATAM,PLT-09,Hanoi Assembly,Vietnam,APAC,SMB,Singapore,Maersk,1,1,1,1,1,100.0,100.0,100.0,LOGISTICS
2026-06-01,SUP-026,Supplier 026,Brazil,LATAM,PLT-06,Sao Paulo Ops,Brazil,LATAM,SMB,France,DB Schenker,1,1,1,0,0,100.0,0.0,0.0,LOGISTICS
2026-06-01,SUP-026,Supplier 026,Brazil,LATAM,PLT-00,Shanghai Hub,China,APAC,Enterprise,USA,Maersk,1,1,0,1,0,0.0,100.0,0.0,LOGISTICS
2026-06-01,SUP-026,Supplier 026,Brazil,LATAM,PLT-06,Sao Paulo Ops,Brazil,LATAM,SMB,France,DHL,1,1,0,0,0,0.0,0.0,0.0,LOGISTICS
2026-06-01,SUP-027,Supplier 027,South Korea,APAC,PLT-05,Monterrey Plant,Mexico,LATAM,SMB,Singapore,DB Schenker,1,1,0,1,0,0.0,100.0,0.0,LOGISTICS
2026-06-01,SUP-027,Supplier 027,South Korea,APAC,PLT-02,Detroit Works,USA,NA,Government,Germany,Maersk,1,1,0,1,0,0.0,100.0,0.0,LOGISTICS
2026-06-01,SUP-027,Supplier 027,South Korea,APAC,PLT-04,Chennai Forge,India,APAC,Government,Japan,UPS,1,1,1,1,1,100.0,100.0,100.0,LOGISTICS
2026-06-01,SUP-027,Supplier 027,South Korea,APAC,PLT-09,Hanoi Assembly,Vietnam,APAC,Enterprise,Singapore,Maersk,1,1,1,1,1,100.0,100.0,100.0,LOGISTICS
2026-06-01,SUP-027,Supplier 027,South Korea,APAC,PLT-05,Monterrey Plant,Mexico,LATAM,SMB,Canada,DHL,1,1,1,1,1,100.0,100.0,100.0,LOGISTICS
2026-06-01,SUP-027,Supplier 027,South Korea,APAC,PLT-05,Monterrey Plant,Mexico,LATAM,SMB,Singapore,Maersk,1,1,1,1,1,100.0,100.0,100.0,LOGISTICS
2026-06-01,SUP-028,Supplier 028,Taiwan,APAC,PLT-05,Monterrey Plant,Mexico,LATAM,SMB,Germany,DB Schenker,1,1,1,0,0,100.0,0.0,0.0,LOGISTICS
2026-06-01,SUP-028,Supplier 028,Taiwan,APAC,PLT-05,Monterrey Plant,Mexico,LATAM,SMB,Canada,DB Schenker,1,1,1,1,1,100.0,100.0,100.0,LOGISTICS
2026-06-01,SUP-028,Supplier 028,Taiwan,APAC,PLT-01,Munich Center,Germany,EMEA,SMB,Australia,DHL,1,1,1,0,0,100.0,0.0,0.0,LOGISTICS
2026-06-01,SUP-028,Supplier 028,Taiwan,APAC,PLT-04,Chennai Forge,India,APAC,Enterprise,USA,UPS,1,1,1,1,1,100.0,100.0,100.0,LOGISTICS
2026-06-01,SUP-028,Supplier 028,Taiwan,APAC,PLT-01,Munich Center,Germany,EMEA,SMB,Australia,Kuehne+Nagel,1,1,0,1,0,0.0,100.0,0.0,LOGISTICS
2026-06-01,SUP-028,Supplier 028,Taiwan,APAC,PLT-08,Taipei Micro,Taiwan,APAC,Government,France,DHL,1,1,1,0,0,100.0,0.0,0.0,LOGISTICS
2026-06-01,SUP-028,Supplier 028,Taiwan,APAC,PLT-06,Sao Paulo Ops,Brazil,LATAM,SMB,Australia,Kuehne+Nagel,1,1,1,1,1,100.0,100.0,100.0,LOGISTICS
2026-06-01,SUP-028,Supplier 028,Taiwan,APAC,PLT-05,Monterrey Plant,Mexico,LATAM,SMB,Germany,Maersk,1,1,0,0,0,0.0,0.0,0.0,LOGISTICS
2026-06-01,SUP-028,Supplier 028,Taiwan,APAC,PLT-07,Seoul Tech,South Korea,APAC,SMB,Canada,Kuehne+Nagel,1,1,0,1,0,0.0,100.0,0.0,LOGISTICS
2026-06-01,SUP-029,Supplier 029,Vietnam,APAC,PLT-01,Munich Center,Germany,EMEA,SMB,Singapore,FedEx,1,1,0,1,0,0.0,100.0,0.0,LOGISTICS
2026-06-01,SUP-029,Supplier 029,Vietnam,APAC,PLT-06,Sao Paulo Ops,Brazil,LATAM,SMB,Australia,DB Schenker,1,1,0,1,0,0.0,100.0,0.0,LOGISTICS
2026-06-01,SUP-029,Supplier 029,Vietnam,APAC,PLT-01,Munich Center,Germany,EMEA,Enterprise,Japan,Maersk,1,1,0,0,0,0.0,0.0,0.0,LOGISTICS
2026-06-01,SUP-029,Supplier 029,Vietnam,APAC,PLT-05,Monterrey Plant,Mexico,LATAM,Enterprise,Germany,FedEx,1,1,0,1,0,0.0,100.0,0.0,LOGISTICS
2026-06-01,SUP-029,Supplier 029,Vietnam,APAC,PLT-09,Hanoi Assembly,Vietnam,APAC,Government,USA,Maersk,1,1,0,1,0,0.0,100.0,0.0,LOGISTICS
2026-06-01,SUP-029,Supplier 029,Vietnam,APAC,PLT-05,Monterrey Plant,Mexico,LATAM,Government,Germany,Kuehne+Nagel,1,1,0,1,0,0.0,100.0,0.0,LOGISTICS
2026-06-01,SUP-029,Supplier 029,Vietnam,APAC,PLT-03,Tokyo Precision,Japan,APAC,SMB,UK,DHL,1,1,1,1,1,100.0,100.0,100.0,LOGISTICS
2026-06-01,SUP-029,Supplier 029,Vietnam,APAC,PLT-06,Sao Paulo Ops,Brazil,LATAM,SMB,Canada,DB Schenker,1,1,0,1,0,0.0,100.0,0.0,LOGISTICS
2026-06-01,SUP-030,Supplier 030,China,APAC,PLT-05,Monterrey Plant,Mexico,LATAM,Enterprise,Germany,Maersk,1,1,0,1,0,0.0,100.0,0.0,LOGISTICS
2026-06-01,SUP-030,Supplier 030,China,APAC,PLT-00,Shanghai Hub,China,APAC,Enterprise,Singapore,FedEx,1,1,0,0,0,0.0,0.0,0.0,LOGISTICS
2026-06-01,SUP-030,Supplier 030,China,APAC,PLT-08,Taipei Micro,Taiwan,APAC,Enterprise,France,DHL,1,1,1,0,0,100.0,0.0,0.0,LOGISTICS
2026-06-01,SUP-030,Supplier 030,China,APAC,PLT-07,Seoul Tech,South Korea,APAC,Government,USA,Maersk,1,1,0,0,0,0.0,0.0,0.0,LOGISTICS
2026-06-01,SUP-030,Supplier 030,China,APAC,PLT-00,Shanghai Hub,China,APAC,Enterprise,Singapore,DB Schenker,1,1,1,0,0,100.0,0.0,0.0,LOGISTICS
2026-06-01,SUP-030,Supplier 030,China,APAC,PLT-08,Taipei Micro,Taiwan,APAC,Enterprise,France,Maersk,1,1,0,1,0,0.0,100.0,0.0,LOGISTICS
2026-06-01,SUP-030,Supplier 030,China,APAC,PLT-09,Hanoi Assembly,Vietnam,APAC,Government,USA,Maersk,1,1,0,1,0,0.0,100.0,0.0,LOGISTICS
2026-06-01,SUP-031,Supplier 031,Germany,EMEA,PLT-06,Sao Paulo Ops,Brazil,LATAM,SMB,Germany,DB Schenker,1,1,0,0,0,0.0,0.0,0.0,LOGISTICS
2026-06-01,SUP-031,Supplier 031,Germany,EMEA,PLT-05,Monterrey Plant,Mexico,LATAM,Government,Japan,DB Schenker,1,1,0,0,0,0.0,0.0,0.0,LOGISTICS
2026-06-01,SUP-031,Supplier 031,Germany,EMEA,PLT-03,Tokyo Precision,Japan,APAC,SMB,Canada,Maersk,1,1,0,1,0,0.0,100.0,0.0,LOGISTICS
2026-06-01,SUP-031,Supplier 031,Germany,EMEA,PLT-06,Sao Paulo Ops,Brazil,LATAM,SMB,Germany,Kuehne+Nagel,1,1,1,1,1,100.0,100.0,100.0,LOGISTICS
2026-06-01,SUP-031,Supplier 031,Germany,EMEA,PLT-09,Hanoi Assembly,Vietnam,APAC,SMB,USA,DB Schenker,1,1,1,0,0,100.0,0.0,0.0,LOGISTICS
2026-06-01,SUP-031,Supplier 031,Germany,EMEA,PLT-03,Tokyo Precision,Japan,APAC,SMB,USA,DB Schenker,1,1,0,1,0,0.0,100.0,0.0,LOGISTICS
2026-06-01,SUP-031,Supplier 031,Germany,EMEA,PLT-00,Shanghai Hub,China,APAC,SMB,UK,DHL,1,1,0,1,0,0.0,100.0,0.0,LOGISTICS
2026-06-01,SUP-031,Supplier 031,Germany,EMEA,PLT-05,Monterrey Plant,Mexico,LATAM,Government,Japan,Maersk,1,1,1,1,1,100.0,100.0,100.0,LOGISTICS
2026-06-01,SUP-032,Supplier 032,USA,NA,PLT-07,Seoul Tech,South Korea,APAC,SMB,UK,Maersk,1,1,0,0,0,0.0,0.0,0.0,LOGISTICS
2026-06-01,SUP-032,Supplier 032,USA,NA,PLT-05,Monterrey Plant,Mexico,LATAM,Enterprise,France,DHL,1,1,0,0,0,0.0,0.0,0.0,LOGISTICS
2026-06-01,SUP-032,Supplier 032,USA,NA,PLT-04,Chennai Forge,India,APAC,SMB,Germany,Maersk,1,1,1,1,1,100.0,100.0,100.0,LOGISTICS
2026-06-01,SUP-032,Supplier 032,USA,NA,PLT-09,Hanoi Assembly,Vietnam,APAC,Enterprise,Australia,DB Schenker,1,1,1,0,0,100.0,0.0,0.0,LOGISTICS
2026-06-01,SUP-032,Supplier 032,USA,NA,PLT-05,Monterrey Plant,Mexico,LATAM,Enterprise,France,FedEx,1,1,1,0,0,100.0,0.0,0.0,LOGISTICS
2026-06-01,SUP-032,Supplier 032,USA,NA,PLT-02,Detroit Works,USA,NA,Enterprise,UK,DB Schenker,1,1,1,1,1,100.0,100.0,100.0,LOGISTICS
2026-06-01,SUP-033,Supplier 033,Japan,APAC,PLT-04,Chennai Forge,India,APAC,SMB,UK,DB Schenker,1,1,0,0,0,0.0,0.0,0.0,LOGISTICS
2026-06-01,SUP-033,Supplier 033,Japan,APAC,PLT-04,Chennai Forge,India,APAC,SMB,UK,UPS,1,1,0,0,0,0.0,0.0,0.0,LOGISTICS
2026-06-01,SUP-033,Supplier 033,Japan,APAC,PLT-05,Monterrey Plant,Mexico,LATAM,SMB,France,Kuehne+Nagel,1,1,0,0,0,0.0,0.0,0.0,LOGISTICS
2026-06-01,SUP-033,Supplier 033,Japan,APAC,PLT-07,Seoul Tech,South Korea,APAC,SMB,Canada,UPS,1,1,0,0,0,0.0,0.0,0.0,LOGISTICS
2026-06-01,SUP-034,Supplier 034,India,APAC,PLT-09,Hanoi Assembly,Vietnam,APAC,SMB,Canada,Kuehne+Nagel,1,1,1,1,1,100.0,100.0,100.0,LOGISTICS
2026-06-01,SUP-034,Supplier 034,India,APAC,PLT-00,Shanghai Hub,China,APAC,Enterprise,Singapore,UPS,1,1,1,0,0,100.0,0.0,0.0,LOGISTICS
2026-06-01,SUP-034,Supplier 034,India,APAC,PLT-00,Shanghai Hub,China,APAC,Government,USA,Kuehne+Nagel,1,1,0,1,0,0.0,100.0,0.0,LOGISTICS
2026-06-01,SUP-034,Supplier 034,India,APAC,PLT-04,Chennai Forge,India,APAC,Enterprise,USA,DB Schenker,1,1,0,0,0,0.0,0.0,0.0,LOGISTICS
2026-06-01,SUP-034,Supplier 034,India,APAC,PLT-00,Shanghai Hub,China,APAC,Enterprise,Singapore,FedEx,1,1,0,0,0,0.0,0.0,0.0,LOGISTICS
2026-06-01,SUP-035,Supplier 035,Mexico,LATAM,PLT-01,Munich Center,Germany,EMEA,SMB,Australia,FedEx,1,1,1,0,0,100.0,0.0,0.0,LOGISTICS
2026-06-01,SUP-035,Supplier 035,Mexico,LATAM,PLT-06,Sao Paulo Ops,Brazil,LATAM,Enterprise,France,DB Schenker,1,1,1,1,1,100.0,100.0,100.0,LOGISTICS
2026-06-01,SUP-035,Supplier 035,Mexico,LATAM,PLT-04,Chennai Forge,India,APAC,Government,Singapore,DB Schenker,1,1,0,1,0,0.0,100.0,0.0,LOGISTICS
2026-06-01,SUP-035,Supplier 035,Mexico,LATAM,PLT-06,Sao Paulo Ops,Brazil,LATAM,Enterprise,France,DHL,1,1,1,0,0,100.0,0.0,0.0,LOGISTICS
2026-06-01,SUP-035,Supplier 035,Mexico,LATAM,PLT-06,Sao Paulo Ops,Brazil,LATAM,Government,France,FedEx,1,1,0,1,0,0.0,100.0,0.0,LOGISTICS
2026-06-01,SUP-035,Supplier 035,Mexico,LATAM,PLT-06,Sao Paulo Ops,Brazil,LATAM,Government,France,DHL,1,1,1,0,0,100.0,0.0,0.0,LOGISTICS
2026-06-01,SUP-035,Supplier 035,Mexico,LATAM,PLT-06,Sao Paulo Ops,Brazil,LATAM,SMB,Australia,Maersk,1,1,1,1,1,100.0,100.0,100.0,LOGISTICS
2026-06-01,SUP-035,Supplier 035,Mexico,LATAM,PLT-00,Shanghai Hub,China,APAC,Enterprise,Canada,DB Schenker,1,1,0,1,0,0.0,100.0,0.0,LOGISTICS
2026-06-01,SUP-035,Supplier 035,Mexico,LATAM,PLT-07,Seoul Tech,South Korea,APAC,Government,Germany,DB Schenker,1,1,1,1,1,100.0,100.0,100.0,LOGISTICS
2026-06-01,SUP-035,Supplier 035,Mexico,LATAM,PLT-01,Munich Center,Germany,EMEA,SMB,Australia,DHL,1,1,0,0,0,0.0,0.0,0.0,LOGISTICS
2026-06-01,SUP-035,Supplier 035,Mexico,LATAM,PLT-01,Munich Center,Germany,EMEA,Enterprise,Canada,Kuehne+Nagel,1,1,0,1,0,0.0,100.0,0.0,LOGISTICS
2026-06-01,SUP-035,Supplier 035,Mexico,LATAM,PLT-06,Sao Paulo Ops,Brazil,LATAM,Government,UK,DB Schenker,1,1,0,1,0,0.0,100.0,0.0,LOGISTICS
2026-06-01,SUP-036,Supplier 036,Brazil,LATAM,PLT-00,Shanghai Hub,China,APAC,Government,USA,Maersk,1,1,1,0,0,100.0,0.0,0.0,LOGISTICS
2026-06-01,SUP-036,Supplier 036,Brazil,LATAM,PLT-02,Detroit Works,USA,NA,SMB,France,FedEx,1,1,0,1,0,0.0,100.0,0.0,LOGISTICS
2026-06-01,SUP-036,Supplier 036,Brazil,LATAM,PLT-00,Shanghai Hub,China,APAC,Enterprise,USA,UPS,1,1,0,1,0,0.0,100.0,0.0,LOGISTICS
2026-06-01,SUP-036,Supplier 036,Brazil,LATAM,PLT-02,Detroit Works,USA,NA,Government,France,FedEx,1,1,1,1,1,100.0,100.0,100.0,LOGISTICS
2026-06-01,SUP-036,Supplier 036,Brazil,LATAM,PLT-04,Chennai Forge,India,APAC,SMB,Singapore,Kuehne+Nagel,1,1,1,1,1,100.0,100.0,100.0,LOGISTICS
2026-06-01,SUP-036,Supplier 036,Brazil,LATAM,PLT-01,Munich Center,Germany,EMEA,Government,USA,DHL,1,1,1,1,1,100.0,100.0,100.0,LOGISTICS
2026-06-01,SUP-036,Supplier 036,Brazil,LATAM,PLT-04,Chennai Forge,India,APAC,Enterprise,USA,Kuehne+Nagel,1,1,0,1,0,0.0,100.0,0.0,LOGISTICS
2026-06-01,SUP-036,Supplier 036,Brazil,LATAM,PLT-04,Chennai Forge,India,APAC,SMB,Australia,Kuehne+Nagel,1,2,1,0,0,50.0,0.0,0.0,LOGISTICS
2026-06-01,SUP-036,Supplier 036,Brazil,LATAM,PLT-00,Shanghai Hub,China,APAC,Government,USA,DB Schenker,1,1,0,1,0,0.0,100.0,0.0,LOGISTICS
2026-06-01,SUP-036,Supplier 036,Brazil,LATAM,PLT-09,Hanoi Assembly,Vietnam,APAC,Enterprise,Australia,UPS,1,1,0,1,0,0.0,100.0,0.0,LOGISTICS
2026-06-01,SUP-036,Supplier 036,Brazil,LATAM,PLT-05,Monterrey Plant,Mexico,LATAM,SMB,Japan,FedEx,1,1,1,1,1,100.0,100.0,100.0,LOGISTICS
2026-06-01,SUP-036,Supplier 036,Brazil,LATAM,PLT-07,Seoul Tech,South Korea,APAC,Enterprise,USA,DHL,1,1,1,0,0,100.0,0.0,0.0,LOGISTICS
2026-06-01,SUP-037,Supplier 037,South Korea,APAC,PLT-02,Detroit Works,USA,NA,SMB,UK,DB Schenker,1,1,1,1,1,100.0,100.0,100.0,LOGISTICS
2026-06-01,SUP-037,Supplier 037,South Korea,APAC,PLT-04,Chennai Forge,India,APAC,SMB,Australia,Kuehne+Nagel,1,1,0,1,0,0.0,100.0,0.0,LOGISTICS
2026-06-01,SUP-037,Supplier 037,South Korea,APAC,PLT-03,Tokyo Precision,Japan,APAC,SMB,France,DB Schenker,1,1,0,1,0,0.0,100.0,0.0,LOGISTICS
2026-06-01,SUP-037,Supplier 037,South Korea,APAC,PLT-01,Munich Center,Germany,EMEA,SMB,France,Maersk,1,1,1,1,1,100.0,100.0,100.0,LOGISTICS
2026-06-01,SUP-037,Supplier 037,South Korea,APAC,PLT-08,Taipei Micro,Taiwan,APAC,SMB,Singapore,UPS,1,1,0,0,0,0.0,0.0,0.0,LOGISTICS
2026-06-01,SUP-037,Supplier 037,South Korea,APAC,PLT-04,Chennai Forge,India,APAC,SMB,Canada,DB Schenker,1,1,0,1,0,0.0,100.0,0.0,LOGISTICS
2026-06-01,SUP-037,Supplier 037,South Korea,APAC,PLT-06,Sao Paulo Ops,Brazil,LATAM,SMB,Australia,DB Schenker,1,1,1,1,1,100.0,100.0,100.0,LOGISTICS
2026-06-01,SUP-037,Supplier 037,South Korea,APAC,PLT-02,Detroit Works,USA,NA,SMB,UK,FedEx,1,1,1,0,0,100.0,0.0,0.0,LOGISTICS
2026-06-01,SUP-038,Supplier 038,Taiwan,APAC,PLT-06,Sao Paulo Ops,Brazil,LATAM,SMB,Canada,DHL,1,1,1,1,1,100.0,100.0,100.0,LOGISTICS
2026-06-01,SUP-038,Supplier 038,Taiwan,APAC,PLT-06,Sao Paulo Ops,Brazil,LATAM,Enterprise,USA,Kuehne+Nagel,1,1,1,1,1,100.0,100.0,100.0,LOGISTICS
2026-06-01,SUP-038,Supplier 038,Taiwan,APAC,PLT-02,Detroit Works,USA,NA,Government,Australia,FedEx,1,1,1,0,0,100.0,0.0,0.0,LOGISTICS
2026-06-01,SUP-038,Supplier 038,Taiwan,APAC,PLT-05,Monterrey Plant,Mexico,LATAM,SMB,Singapore,UPS,1,1,1,1,1,100.0,100.0,100.0,LOGISTICS
2026-06-01,SUP-039,Supplier 039,Vietnam,APAC,PLT-06,Sao Paulo Ops,Brazil,LATAM,SMB,Singapore,UPS,1,1,0,1,0,0.0,100.0,0.0,LOGISTICS
2026-06-01,SUP-039,Supplier 039,Vietnam,APAC,PLT-02,Detroit Works,USA,NA,Enterprise,Australia,DHL,1,1,0,1,0,0.0,100.0,0.0,LOGISTICS
2026-06-01,SUP-039,Supplier 039,Vietnam,APAC,PLT-09,Hanoi Assembly,Vietnam,APAC,Enterprise,Japan,DB Schenker,1,1,0,1,0,0.0,100.0,0.0,LOGISTICS
2026-06-01,SUP-039,Supplier 039,Vietnam,APAC,PLT-08,Taipei Micro,Taiwan,APAC,Government,Singapore,DHL,1,1,1,0,0,100.0,0.0,0.0,LOGISTICS
2026-06-01,SUP-039,Supplier 039,Vietnam,APAC,PLT-08,Taipei Micro,Taiwan,APAC,Government,Singapore,FedEx,1,1,1,0,0,100.0,0.0,0.0,LOGISTICS
2026-06-01,SUP-039,Supplier 039,Vietnam,APAC,PLT-02,Detroit Works,USA,NA,SMB,France,DHL,1,1,0,1,0,0.0,100.0,0.0,LOGISTICS
2026-06-01,SUP-039,Supplier 039,Vietnam,APAC,PLT-05,Monterrey Plant,Mexico,LATAM,Government,Germany,Kuehne+Nagel,1,1,0,1,0,0.0,100.0,0.0,LOGISTICS
2026-06-01,SUP-039,Supplier 039,Vietnam,APAC,PLT-02,Detroit Works,USA,NA,SMB,France,Kuehne+Nagel,1,1,1,0,0,100.0,0.0,0.0,LOGISTICS
2026-06-01,SUP-039,Supplier 039,Vietnam,APAC,PLT-08,Taipei Micro,Taiwan,APAC,SMB,Germany,FedEx,1,1,0,1,0,0.0,100.0,0.0,LOGISTICS
2026-06-01,SUP-039,Supplier 039,Vietnam,APAC,PLT-01,Munich Center,Germany,EMEA,SMB,UK,Maersk,1,1,1,0,0,100.0,0.0,0.0,LOGISTICS
2026-06-01,SUP-039,Supplier 039,Vietnam,APAC,PLT-09,Hanoi Assembly,Vietnam,APAC,Enterprise,Japan,DHL,1,1,1,0,0,100.0,0.0,0.0,LOGISTICS
2026-06-01,SUP-039,Supplier 039,Vietnam,APAC,PLT-04,Chennai Forge,India,APAC,Enterprise,Canada,FedEx,1,1,0,1,0,0.0,100.0,0.0,LOGISTICS
2026-06-01,SUP-040,Supplier 040,China,APAC,PLT-08,Taipei Micro,Taiwan,APAC,SMB,Australia,Maersk,1,1,1,0,0,100.0,0.0,0.0,LOGISTICS
2026-06-01,SUP-040,Supplier 040,China,APAC,PLT-02,Detroit Works,USA,NA,SMB,USA,UPS,1,1,1,1,1,100.0,100.0,100.0,LOGISTICS
2026-06-01,SUP-040,Supplier 040,China,APAC,PLT-02,Detroit Works,USA,NA,Enterprise,France,Maersk,1,1,0,1,0,0.0,100.0,0.0,LOGISTICS
2026-06-01,SUP-040,Supplier 040,China,APAC,PLT-02,Detroit Works,USA,NA,Enterprise,Germany,UPS,1,1,1,0,0,100.0,0.0,0.0,LOGISTICS
2026-06-01,SUP-040,Supplier 040,China,APAC,PLT-02,Detroit Works,USA,NA,Enterprise,Germany,DB Schenker,1,1,0,1,0,0.0,100.0,0.0,LOGISTICS
2026-06-01,SUP-040,Supplier 040,China,APAC,PLT-08,Taipei Micro,Taiwan,APAC,SMB,Australia,DHL,1,1,0,1,0,0.0,100.0,0.0,LOGISTICS
2026-06-01,SUP-040,Supplier 040,China,APAC,PLT-08,Taipei Micro,Taiwan,APAC,SMB,UK,Maersk,1,1,0,0,0,0.0,0.0,0.0,LOGISTICS
2026-06-01,SUP-041,Supplier 041,Germany,EMEA,PLT-02,Detroit Works,USA,NA,SMB,Germany,FedEx,1,1,0,1,0,0.0,100.0,0.0,LOGISTICS
2026-06-01,SUP-041,Supplier 041,Germany,EMEA,PLT-09,Hanoi Assembly,Vietnam,APAC,SMB,Australia,UPS,1,1,0,1,0,0.0,100.0,0.0,LOGISTICS
2026-06-01,SUP-041,Supplier 041,Germany,EMEA,PLT-09,Hanoi Assembly,Vietnam,APAC,SMB,UK,Kuehne+Nagel,1,1,0,1,0,0.0,100.0,0.0,LOGISTICS
2026-06-01,SUP-041,Supplier 041,Germany,EMEA,PLT-01,Munich Center,Germany,EMEA,SMB,Germany,DHL,1,1,1,1,1,100.0,100.0,100.0,LOGISTICS
2026-06-01,SUP-041,Supplier 041,Germany,EMEA,PLT-05,Monterrey Plant,Mexico,LATAM,SMB,Canada,FedEx,1,1,0,1,0,0.0,100.0,0.0,LOGISTICS
2026-06-01,SUP-042,Supplier 042,USA,NA,PLT-08,Taipei Micro,Taiwan,APAC,SMB,USA,DHL,1,1,1,1,1,100.0,100.0,100.0,LOGISTICS
2026-06-01,SUP-042,Supplier 042,USA,NA,PLT-00,Shanghai Hub,China,APAC,Enterprise,Germany,UPS,1,1,1,1,1,100.0,100.0,100.0,LOGISTICS
2026-06-01,SUP-042,Supplier 042,USA,NA,PLT-05,Monterrey Plant,Mexico,LATAM,SMB,Germany,DHL,1,1,1,1,1,100.0,100.0,100.0,LOGISTICS
2026-06-01,SUP-042,Supplier 042,USA,NA,PLT-09,Hanoi Assembly,Vietnam,APAC,Government,Singapore,DB Schenker,1,1,1,1,1,100.0,100.0,100.0,LOGISTICS
2026-06-01,SUP-042,Supplier 042,USA,NA,PLT-02,Detroit Works,USA,NA,Enterprise,Germany,DHL,1,1,1,1,1,100.0,100.0,100.0,LOGISTICS
2026-06-01,SUP-042,Supplier 042,USA,NA,PLT-09,Hanoi Assembly,Vietnam,APAC,Government,Canada,Maersk,1,1,1,0,0,100.0,0.0,0.0,LOGISTICS
2026-06-01,SUP-043,Supplier 043,Japan,APAC,PLT-00,Shanghai Hub,China,APAC,SMB,Australia,UPS,1,1,1,0,0,100.0,0.0,0.0,LOGISTICS
2026-06-01,SUP-043,Supplier 043,Japan,APAC,PLT-08,Taipei Micro,Taiwan,APAC,SMB,Canada,DB Schenker,1,1,0,1,0,0.0,100.0,0.0,LOGISTICS
2026-06-01,SUP-043,Supplier 043,Japan,APAC,PLT-03,Tokyo Precision,Japan,APAC,SMB,Singapore,Maersk,1,1,1,0,0,100.0,0.0,0.0,LOGISTICS
2026-06-01,SUP-043,Supplier 043,Japan,APAC,PLT-05,Monterrey Plant,Mexico,LATAM,Enterprise,USA,Maersk,1,1,1,0,0,100.0,0.0,0.0,LOGISTICS
2026-06-01,SUP-043,Supplier 043,Japan,APAC,PLT-00,Shanghai Hub,China,APAC,Enterprise,USA,UPS,1,1,0,0,0,0.0,0.0,0.0,LOGISTICS
2026-06-01,SUP-043,Supplier 043,Japan,APAC,PLT-09,Hanoi Assembly,Vietnam,APAC,Enterprise,USA,FedEx,1,1,0,1,0,0.0,100.0,0.0,LOGISTICS
2026-06-01,SUP-043,Supplier 043,Japan,APAC,PLT-04,Chennai Forge,India,APAC,Government,Canada,Maersk,1,1,1,1,1,100.0,100.0,100.0,LOGISTICS
2026-06-01,SUP-043,Supplier 043,Japan,APAC,PLT-07,Seoul Tech,South Korea,APAC,Government,Japan,DB Schenker,1,1,1,0,0,100.0,0.0,0.0,LOGISTICS
2026-06-01,SUP-043,Supplier 043,Japan,APAC,PLT-03,Tokyo Precision,Japan,APAC,SMB,Singapore,Kuehne+Nagel,1,1,1,1,1,100.0,100.0,100.0,LOGISTICS
2026-06-01,SUP-043,Supplier 043,Japan,APAC,PLT-00,Shanghai Hub,China,APAC,SMB,Australia,DHL,1,1,0,0,0,0.0,0.0,0.0,LOGISTICS
2026-06-01,SUP-043,Supplier 043,Japan,APAC,PLT-06,Sao Paulo Ops,Brazil,LATAM,SMB,USA,DHL,1,1,0,1,0,0.0,100.0,0.0,LOGISTICS
2026-06-01,SUP-044,Supplier 044,India,APAC,PLT-01,Munich Center,Germany,EMEA,Government,Germany,UPS,1,1,0,1,0,0.0,100.0,0.0,LOGISTICS
2026-06-01,SUP-044,Supplier 044,India,APAC,PLT-08,Taipei Micro,Taiwan,APAC,Enterprise,Canada,Maersk,1,1,0,1,0,0.0,100.0,0.0,LOGISTICS
2026-06-01,SUP-044,Supplier 044,India,APAC,PLT-09,Hanoi Assembly,Vietnam,APAC,SMB,Singapore,DB Schenker,1,1,0,1,0,0.0,100.0,0.0,LOGISTICS
2026-06-01,SUP-045,Supplier 045,Mexico,LATAM,PLT-00,Shanghai Hub,China,APAC,SMB,France,Maersk,1,1,0,1,0,0.0,100.0,0.0,LOGISTICS
2026-06-01,SUP-045,Supplier 045,Mexico,LATAM,PLT-07,Seoul Tech,South Korea,APAC,SMB,Japan,DHL,1,1,0,1,0,0.0,100.0,0.0,LOGISTICS
2026-06-01,SUP-045,Supplier 045,Mexico,LATAM,PLT-06,Sao Paulo Ops,Brazil,LATAM,Enterprise,UK,FedEx,1,1,1,1,1,100.0,100.0,100.0,LOGISTICS
2026-06-01,SUP-045,Supplier 045,Mexico,LATAM,PLT-08,Taipei Micro,Taiwan,APAC,Government,Canada,Kuehne+Nagel,1,1,1,1,1,100.0,100.0,100.0,LOGISTICS
2026-06-01,SUP-045,Supplier 045,Mexico,LATAM,PLT-03,Tokyo Precision,Japan,APAC,Government,Japan,FedEx,1,1,1,1,1,100.0,100.0,100.0,LOGISTICS
2026-06-01,SUP-045,Supplier 045,Mexico,LATAM,PLT-02,Detroit Works,USA,NA,Enterprise,Japan,DHL,1,1,0,1,0,0.0,100.0,0.0,LOGISTICS
2026-06-01,SUP-045,Supplier 045,Mexico,LATAM,PLT-08,Taipei Micro,Taiwan,APAC,Government,France,UPS,1,1,1,1,1,100.0,100.0,100.0,LOGISTICS
2026-06-01,SUP-045,Supplier 045,Mexico,LATAM,PLT-00,Shanghai Hub,China,APAC,SMB,France,DHL,1,1,1,1,1,100.0,100.0,100.0,LOGISTICS
2026-06-01,SUP-045,Supplier 045,Mexico,LATAM,PLT-02,Detroit Works,USA,NA,SMB,Japan,UPS,1,1,1,1,1,100.0,100.0,100.0,LOGISTICS
2026-06-01,SUP-045,Supplier 045,Mexico,LATAM,PLT-02,Detroit Works,USA,NA,SMB,Japan,Maersk,1,1,0,0,0,0.0,0.0,0.0,LOGISTICS
2026-06-01,SUP-046,Supplier 046,Brazil,LATAM,PLT-02,Detroit Works,USA,NA,Enterprise,USA,Kuehne+Nagel,1,1,1,1,1,100.0,100.0,100.0,LOGISTICS
2026-06-01,SUP-046,Supplier 046,Brazil,LATAM,PLT-00,Shanghai Hub,China,APAC,SMB,Singapore,DHL,1,1,1,0,0,100.0,0.0,0.0,LOGISTICS
2026-06-01,SUP-046,Supplier 046,Brazil,LATAM,PLT-02,Detroit Works,USA,NA,Enterprise,Germany,Kuehne+Nagel,1,1,1,0,0,100.0,0.0,0.0,LOGISTICS
2026-06-01,SUP-046,Supplier 046,Brazil,LATAM,PLT-00,Shanghai Hub,China,APAC,SMB,Singapore,Kuehne+Nagel,1,1,0,1,0,0.0,100.0,0.0,LOGISTICS
2026-06-01,SUP-046,Supplier 046,Brazil,LATAM,PLT-02,Detroit Works,USA,NA,Enterprise,Germany,FedEx,1,1,1,0,0,100.0,0.0,0.0,LOGISTICS
2026-06-01,SUP-046,Supplier 046,Brazil,LATAM,PLT-02,Detroit Works,USA,NA,SMB,Japan,DHL,1,1,0,0,0,0.0,0.0,0.0,LOGISTICS
2026-06-01,SUP-046,Supplier 046,Brazil,LATAM,PLT-00,Shanghai Hub,China,APAC,Enterprise,France,UPS,1,1,1,1,1,100.0,100.0,100.0,LOGISTICS
2026-06-01,SUP-046,Supplier 046,Brazil,LATAM,PLT-00,Shanghai Hub,China,APAC,Enterprise,France,Maersk,1,1,1,0,0,100.0,0.0,0.0,LOGISTICS
2026-06-01,SUP-047,Supplier 047,South Korea,APAC,PLT-06,Sao Paulo Ops,Brazil,LATAM,Enterprise,Canada,Maersk,1,1,1,1,1,100.0,100.0,100.0,LOGISTICS
2026-06-01,SUP-047,Supplier 047,South Korea,APAC,PLT-07,Seoul Tech,South Korea,APAC,Government,France,DB Schenker,1,1,0,1,0,0.0,100.0,0.0,LOGISTICS
2026-06-01,SUP-048,Supplier 048,Taiwan,APAC,PLT-05,Monterrey Plant,Mexico,LATAM,SMB,France,Kuehne+Nagel,1,1,1,1,1,100.0,100.0,100.0,LOGISTICS
2026-06-01,SUP-048,Supplier 048,Taiwan,APAC,PLT-01,Munich Center,Germany,EMEA,Enterprise,Canada,DHL,1,1,0,1,0,0.0,100.0,0.0,LOGISTICS
2026-06-01,SUP-048,Supplier 048,Taiwan,APAC,PLT-06,Sao Paulo Ops,Brazil,LATAM,Enterprise,USA,DHL,1,1,0,0,0,0.0,0.0,0.0,LOGISTICS
2026-06-01,SUP-048,Supplier 048,Taiwan,APAC,PLT-06,Sao Paulo Ops,Brazil,LATAM,Government,Singapore,FedEx,1,1,1,1,1,100.0,100.0,100.0,LOGISTICS
2026-06-01,SUP-048,Supplier 048,Taiwan,APAC,PLT-01,Munich Center,Germany,EMEA,SMB,Singapore,DHL,1,1,0,1,0,0.0,100.0,0.0,LOGISTICS
2026-06-01,SUP-048,Supplier 048,Taiwan,APAC,PLT-00,Shanghai Hub,China,APAC,Government,USA,UPS,1,1,0,0,0,0.0,0.0,0.0,LOGISTICS
2026-06-01,SUP-049,Supplier 049,Vietnam,APAC,PLT-06,Sao Paulo Ops,Brazil,LATAM,SMB,Germany,DHL,1,1,0,0,0,0.0,0.0,0.0,LOGISTICS
2026-06-01,SUP-049,Supplier 049,Vietnam,APAC,PLT-03,Tokyo Precision,Japan,APAC,SMB,France,Maersk,1,1,1,0,0,100.0,0.0,0.0,LOGISTICS
2026-06-01,SUP-049,Supplier 049,Vietnam,APAC,PLT-03,Tokyo Precision,Japan,APAC,SMB,France,DB Schenker,1,1,0,0,0,0.0,0.0,0.0,LOGISTICS
2026-06-01,SUP-049,Supplier 049,Vietnam,APAC,PLT-08,Taipei Micro,Taiwan,APAC,SMB,Germany,DB Schenker,1,1,0,1,0,0.0,100.0,0.0,LOGISTICS
2026-06-01,SUP-049,Supplier 049,Vietnam,APAC,PLT-06,Sao Paulo Ops,Brazil,LATAM,SMB,Germany,FedEx,1,1,0,1,0,0.0,100.0,0.0,LOGISTICS
2026-07-01,SUP-000,Supplier 000,China,APAC,PLT-02,Detroit Works,USA,NA,SMB,France,FedEx,1,1,1,1,1,100.0,100.0,100.0,LOGISTICS
2026-07-01,SUP-000,Supplier 000,China,APAC,PLT-04,Chennai Forge,India,APAC,Government,USA,FedEx,1,1,1,1,1,100.0,100.0,100.0,LOGISTICS
2026-07-01,SUP-000,Supplier 000,China,APAC,PLT-01,Munich Center,Germany,EMEA,Government,Germany,FedEx,1,1,0,0,0,0.0,0.0,0.0,LOGISTICS
2026-07-01,SUP-000,Supplier 000,China,APAC,PLT-09,Hanoi Assembly,Vietnam,APAC,SMB,Australia,DHL,1,1,1,0,0,100.0,0.0,0.0,LOGISTICS
2026-07-01,SUP-000,Supplier 000,China,APAC,PLT-09,Hanoi Assembly,Vietnam,APAC,Government,Singapore,DHL,1,1,0,0,0,0.0,0.0,0.0,LOGISTICS
2026-07-01,SUP-000,Supplier 000,China,APAC,PLT-09,Hanoi Assembly,Vietnam,APAC,SMB,Australia,DB Schenker,1,1,1,1,1,100.0,100.0,100.0,LOGISTICS
2026-07-01,SUP-000,Supplier 000,China,APAC,PLT-09,Hanoi Assembly,Vietnam,APAC,Government,Singapore,Maersk,1,1,1,0,0,100.0,0.0,0.0,LOGISTICS
2026-07-01,SUP-000,Supplier 000,China,APAC,PLT-06,Sao Paulo Ops,Brazil,LATAM,Enterprise,Japan,Kuehne+Nagel,1,1,0,0,0,0.0,0.0,0.0,LOGISTICS
2026-07-01,SUP-000,Supplier 000,China,APAC,PLT-00,Shanghai Hub,China,APAC,SMB,Germany,FedEx,1,1,0,1,0,0.0,100.0,0.0,LOGISTICS
2026-07-01,SUP-000,Supplier 000,China,APAC,PLT-01,Munich Center,Germany,EMEA,Government,Germany,UPS,1,1,0,1,0,0.0,100.0,0.0,LOGISTICS
2026-07-01,SUP-000,Supplier 000,China,APAC,PLT-09,Hanoi Assembly,Vietnam,APAC,SMB,UK,DHL,1,1,0,1,0,0.0,100.0,0.0,LOGISTICS
2026-07-01,SUP-000,Supplier 000,China,APAC,PLT-06,Sao Paulo Ops,Brazil,LATAM,SMB,Canada,FedEx,1,1,0,1,0,0.0,100.0,0.0,LOGISTICS
2026-07-01,SUP-000,Supplier 000,China,APAC,PLT-04,Chennai Forge,India,APAC,SMB,Australia,DHL,1,1,1,1,1,100.0,100.0,100.0,LOGISTICS
2026-07-01,SUP-000,Supplier 000,China,APAC,PLT-05,Monterrey Plant,Mexico,LATAM,Government,Germany,Kuehne+Nagel,1,1,1,1,1,100.0,100.0,100.0,LOGISTICS
2026-07-01,SUP-001,Supplier 001,Germany,EMEA,PLT-03,Tokyo Precision,Japan,APAC,SMB,France,Kuehne+Nagel,1,1,1,0,0,100.0,0.0,0.0,LOGISTICS
2026-07-01,SUP-001,Supplier 001,Germany,EMEA,PLT-04,Chennai Forge,India,APAC,Government,Canada,Maersk,1,1,1,0,0,100.0,0.0,0.0,LOGISTICS
2026-07-01,SUP-001,Supplier 001,Germany,EMEA,PLT-03,Tokyo Precision,Japan,APAC,SMB,France,UPS,1,1,1,1,1,100.0,100.0,100.0,LOGISTICS
2026-07-01,SUP-001,Supplier 001,Germany,EMEA,PLT-03,Tokyo Precision,Japan,APAC,Government,France,UPS,1,2,1,1,1,50.0,50.0,50.0,LOGISTICS
2026-07-01,SUP-001,Supplier 001,Germany,EMEA,PLT-00,Shanghai Hub,China,APAC,Government,USA,Kuehne+Nagel,1,1,0,1,0,0.0,100.0,0.0,LOGISTICS
2026-07-01,SUP-001,Supplier 001,Germany,EMEA,PLT-05,Monterrey Plant,Mexico,LATAM,SMB,Singapore,DHL,1,1,0,1,0,0.0,100.0,0.0,LOGISTICS
2026-07-01,SUP-001,Supplier 001,Germany,EMEA,PLT-00,Shanghai Hub,China,APAC,Government,USA,Maersk,1,1,0,0,0,0.0,0.0,0.0,LOGISTICS
2026-07-01,SUP-001,Supplier 001,Germany,EMEA,PLT-01,Munich Center,Germany,EMEA,Government,UK,UPS,1,1,0,1,0,0.0,100.0,0.0,LOGISTICS
2026-07-01,SUP-002,Supplier 002,USA,NA,PLT-08,Taipei Micro,Taiwan,APAC,Enterprise,Japan,Maersk,1,1,1,1,1,100.0,100.0,100.0,LOGISTICS
2026-07-01,SUP-002,Supplier 002,USA,NA,PLT-08,Taipei Micro,Taiwan,APAC,Enterprise,Japan,DHL,1,1,0,0,0,0.0,0.0,0.0,LOGISTICS
2026-07-01,SUP-002,Supplier 002,USA,NA,PLT-05,Monterrey Plant,Mexico,LATAM,Government,France,FedEx,1,1,0,1,0,0.0,100.0,0.0,LOGISTICS
2026-07-01,SUP-002,Supplier 002,USA,NA,PLT-06,Sao Paulo Ops,Brazil,LATAM,Enterprise,USA,UPS,1,1,0,1,0,0.0,100.0,0.0,LOGISTICS
2026-07-01,SUP-002,Supplier 002,USA,NA,PLT-03,Tokyo Precision,Japan,APAC,SMB,Germany,UPS,1,1,0,0,0,0.0,0.0,0.0,LOGISTICS
2026-07-01,SUP-002,Supplier 002,USA,NA,PLT-05,Monterrey Plant,Mexico,LATAM,SMB,France,FedEx,1,1,1,1,1,100.0,100.0,100.0,LOGISTICS
2026-07-01,SUP-002,Supplier 002,USA,NA,PLT-04,Chennai Forge,India,APAC,Enterprise,Japan,Maersk,1,1,1,0,0,100.0,0.0,0.0,LOGISTICS
2026-07-01,SUP-002,Supplier 002,USA,NA,PLT-04,Chennai Forge,India,APAC,SMB,Australia,FedEx,1,1,1,1,1,100.0,100.0,100.0,LOGISTICS
2026-07-01,SUP-002,Supplier 002,USA,NA,PLT-04,Chennai Forge,India,APAC,Enterprise,Japan,DHL,1,1,0,0,0,0.0,0.0,0.0,LOGISTICS
2026-07-01,SUP-002,Supplier 002,USA,NA,PLT-03,Tokyo Precision,Japan,APAC,SMB,Germany,DHL,1,1,1,0,0,100.0,0.0,0.0,LOGISTICS
2026-07-01,SUP-002,Supplier 002,USA,NA,PLT-00,Shanghai Hub,China,APAC,Government,Germany,Maersk,1,1,0,1,0,0.0,100.0,0.0,LOGISTICS
2026-07-01,SUP-003,Supplier 003,Japan,APAC,PLT-03,Tokyo Precision,Japan,APAC,SMB,Japan,FedEx,1,1,0,1,0,0.0,100.0,0.0,LOGISTICS
2026-07-01,SUP-003,Supplier 003,Japan,APAC,PLT-07,Seoul Tech,South Korea,APAC,SMB,Japan,Kuehne+Nagel,1,1,0,0,0,0.0,0.0,0.0,LOGISTICS
2026-07-01,SUP-003,Supplier 003,Japan,APAC,PLT-06,Sao Paulo Ops,Brazil,LATAM,SMB,France,DHL,1,1,0,0,0,0.0,0.0,0.0,LOGISTICS
2026-07-01,SUP-003,Supplier 003,Japan,APAC,PLT-07,Seoul Tech,South Korea,APAC,SMB,Germany,DHL,1,1,0,1,0,0.0,100.0,0.0,LOGISTICS
2026-07-01,SUP-003,Supplier 003,Japan,APAC,PLT-03,Tokyo Precision,Japan,APAC,SMB,Japan,Kuehne+Nagel,1,1,1,0,0,100.0,0.0,0.0,LOGISTICS
2026-07-01,SUP-003,Supplier 003,Japan,APAC,PLT-09,Hanoi Assembly,Vietnam,APAC,Enterprise,Singapore,Kuehne+Nagel,1,1,1,1,1,100.0,100.0,100.0,LOGISTICS
2026-07-01,SUP-003,Supplier 003,Japan,APAC,PLT-07,Seoul Tech,South Korea,APAC,Enterprise,Australia,DHL,1,1,1,0,0,100.0,0.0,0.0,LOGISTICS
2026-07-01,SUP-003,Supplier 003,Japan,APAC,PLT-06,Sao Paulo Ops,Brazil,LATAM,SMB,France,FedEx,1,1,0,0,0,0.0,0.0,0.0,LOGISTICS
2026-07-01,SUP-003,Supplier 003,Japan,APAC,PLT-00,Shanghai Hub,China,APAC,Enterprise,USA,Kuehne+Nagel,1,1,1,1,1,100.0,100.0,100.0,LOGISTICS
2026-07-01,SUP-003,Supplier 003,Japan,APAC,PLT-06,Sao Paulo Ops,Brazil,LATAM,SMB,Singapore,DHL,1,1,1,0,0,100.0,0.0,0.0,LOGISTICS
2026-07-01,SUP-003,Supplier 003,Japan,APAC,PLT-06,Sao Paulo Ops,Brazil,LATAM,SMB,Singapore,Kuehne+Nagel,1,1,0,1,0,0.0,100.0,0.0,LOGISTICS
2026-07-01,SUP-004,Supplier 004,India,APAC,PLT-08,Taipei Micro,Taiwan,APAC,Enterprise,Australia,UPS,1,1,0,1,0,0.0,100.0,0.0,LOGISTICS
2026-07-01,SUP-004,Supplier 004,India,APAC,PLT-08,Taipei Micro,Taiwan,APAC,Enterprise,Australia,Kuehne+Nagel,1,1,1,0,0,100.0,0.0,0.0,LOGISTICS
2026-07-01,SUP-004,Supplier 004,India,APAC,PLT-07,Seoul Tech,South Korea,APAC,SMB,France,DB Schenker,1,1,0,1,0,0.0,100.0,0.0,LOGISTICS
2026-07-01,SUP-004,Supplier 004,India,APAC,PLT-05,Monterrey Plant,Mexico,LATAM,SMB,Australia,DB Schenker,1,1,1,0,0,100.0,0.0,0.0,LOGISTICS
2026-07-01,SUP-004,Supplier 004,India,APAC,PLT-05,Monterrey Plant,Mexico,LATAM,Enterprise,Germany,Kuehne+Nagel,1,1,0,0,0,0.0,0.0,0.0,LOGISTICS
2026-07-01,SUP-004,Supplier 004,India,APAC,PLT-01,Munich Center,Germany,EMEA,Enterprise,UK,Maersk,1,1,0,1,0,0.0,100.0,0.0,LOGISTICS
2026-07-01,SUP-004,Supplier 004,India,APAC,PLT-08,Taipei Micro,Taiwan,APAC,Enterprise,UK,Maersk,1,1,0,1,0,0.0,100.0,0.0,LOGISTICS
2026-07-01,SUP-004,Supplier 004,India,APAC,PLT-05,Monterrey Plant,Mexico,LATAM,Enterprise,Germany,FedEx,1,1,1,1,1,100.0,100.0,100.0,LOGISTICS
2026-07-01,SUP-004,Supplier 004,India,APAC,PLT-05,Monterrey Plant,Mexico,LATAM,Government,Germany,FedEx,1,1,0,0,0,0.0,0.0,0.0,LOGISTICS
2026-07-01,SUP-004,Supplier 004,India,APAC,PLT-09,Hanoi Assembly,Vietnam,APAC,Enterprise,France,DB Schenker,1,1,0,1,0,0.0,100.0,0.0,LOGISTICS
2026-07-01,SUP-005,Supplier 005,Mexico,LATAM,PLT-06,Sao Paulo Ops,Brazil,LATAM,SMB,France,Maersk,1,1,1,0,0,100.0,0.0,0.0,LOGISTICS
2026-07-01,SUP-005,Supplier 005,Mexico,LATAM,PLT-06,Sao Paulo Ops,Brazil,LATAM,SMB,France,UPS,1,1,0,1,0,0.0,100.0,0.0,LOGISTICS
2026-07-01,SUP-005,Supplier 005,Mexico,LATAM,PLT-01,Munich Center,Germany,EMEA,SMB,Singapore,FedEx,1,1,0,0,0,0.0,0.0,0.0,LOGISTICS
2026-07-01,SUP-005,Supplier 005,Mexico,LATAM,PLT-05,Monterrey Plant,Mexico,LATAM,Enterprise,Germany,DHL,1,2,0,1,0,0.0,50.0,0.0,LOGISTICS
2026-07-01,SUP-005,Supplier 005,Mexico,LATAM,PLT-05,Monterrey Plant,Mexico,LATAM,SMB,Germany,Maersk,1,1,1,0,0,100.0,0.0,0.0,LOGISTICS
2026-07-01,SUP-005,Supplier 005,Mexico,LATAM,PLT-07,Seoul Tech,South Korea,APAC,Enterprise,Japan,DHL,1,1,0,1,0,0.0,100.0,0.0,LOGISTICS
2026-07-01,SUP-005,Supplier 005,Mexico,LATAM,PLT-04,Chennai Forge,India,APAC,SMB,UK,FedEx,1,1,1,1,1,100.0,100.0,100.0,LOGISTICS
2026-07-01,SUP-005,Supplier 005,Mexico,LATAM,PLT-03,Tokyo Precision,Japan,APAC,SMB,Australia,DHL,1,1,0,1,0,0.0,100.0,0.0,LOGISTICS
2026-07-01,SUP-005,Supplier 005,Mexico,LATAM,PLT-08,Taipei Micro,Taiwan,APAC,Government,Singapore,UPS,1,1,0,0,0,0.0,0.0,0.0,LOGISTICS
2026-07-01,SUP-006,Supplier 006,Brazil,LATAM,PLT-08,Taipei Micro,Taiwan,APAC,Enterprise,Germany,FedEx,1,1,0,0,0,0.0,0.0,0.0,LOGISTICS
2026-07-01,SUP-006,Supplier 006,Brazil,LATAM,PLT-07,Seoul Tech,South Korea,APAC,Government,Japan,DHL,1,1,0,1,0,0.0,100.0,0.0,LOGISTICS
2026-07-01,SUP-006,Supplier 006,Brazil,LATAM,PLT-00,Shanghai Hub,China,APAC,SMB,France,DHL,1,1,1,0,0,100.0,0.0,0.0,LOGISTICS
2026-07-01,SUP-006,Supplier 006,Brazil,LATAM,PLT-08,Taipei Micro,Taiwan,APAC,Government,Germany,FedEx,1,1,1,1,1,100.0,100.0,100.0,LOGISTICS
2026-07-01,SUP-006,Supplier 006,Brazil,LATAM,PLT-08,Taipei Micro,Taiwan,APAC,Enterprise,Germany,Kuehne+Nagel,1,1,0,0,0,0.0,0.0,0.0,LOGISTICS
2026-07-01,SUP-006,Supplier 006,Brazil,LATAM,PLT-00,Shanghai Hub,China,APAC,Enterprise,Japan,Kuehne+Nagel,1,1,0,1,0,0.0,100.0,0.0,LOGISTICS
2026-07-01,SUP-006,Supplier 006,Brazil,LATAM,PLT-00,Shanghai Hub,China,APAC,Enterprise,Japan,DHL,1,1,1,0,0,100.0,0.0,0.0,LOGISTICS
2026-07-01,SUP-006,Supplier 006,Brazil,LATAM,PLT-02,Detroit Works,USA,NA,SMB,Singapore,Maersk,1,1,0,1,0,0.0,100.0,0.0,LOGISTICS
2026-07-01,SUP-006,Supplier 006,Brazil,LATAM,PLT-08,Taipei Micro,Taiwan,APAC,Government,Germany,DHL,1,1,1,0,0,100.0,0.0,0.0,LOGISTICS
2026-07-01,SUP-007,Supplier 007,South Korea,APAC,PLT-04,Chennai Forge,India,APAC,Enterprise,Singapore,DB Schenker,1,2,1,0,0,50.0,0.0,0.0,LOGISTICS
2026-07-01,SUP-007,Supplier 007,South Korea,APAC,PLT-09,Hanoi Assembly,Vietnam,APAC,Enterprise,Canada,DB Schenker,1,1,1,1,1,100.0,100.0,100.0,LOGISTICS
2026-07-01,SUP-007,Supplier 007,South Korea,APAC,PLT-05,Monterrey Plant,Mexico,LATAM,Government,USA,DB Schenker,1,2,2,1,1,100.0,50.0,50.0,LOGISTICS
2026-07-01,SUP-007,Supplier 007,South Korea,APAC,PLT-06,Sao Paulo Ops,Brazil,LATAM,Enterprise,UK,Kuehne+Nagel,1,1,0,0,0,0.0,0.0,0.0,LOGISTICS
2026-07-01,SUP-007,Supplier 007,South Korea,APAC,PLT-09,Hanoi Assembly,Vietnam,APAC,Government,USA,DHL,1,1,1,0,0,100.0,0.0,0.0,LOGISTICS
2026-07-01,SUP-007,Supplier 007,South Korea,APAC,PLT-04,Chennai Forge,India,APAC,SMB,Germany,UPS,1,1,0,1,0,0.0,100.0,0.0,LOGISTICS
2026-07-01,SUP-008,Supplier 008,Taiwan,APAC,PLT-07,Seoul Tech,South Korea,APAC,SMB,UK,Maersk,1,1,0,1,0,0.0,100.0,0.0,LOGISTICS
2026-07-01,SUP-008,Supplier 008,Taiwan,APAC,PLT-08,Taipei Micro,Taiwan,APAC,Enterprise,France,DB Schenker,1,1,1,1,1,100.0,100.0,100.0,LOGISTICS
2026-07-01,SUP-008,Supplier 008,Taiwan,APAC,PLT-08,Taipei Micro,Taiwan,APAC,Government,Australia,DB Schenker,1,1,0,1,0,0.0,100.0,0.0,LOGISTICS
2026-07-01,SUP-008,Supplier 008,Taiwan,APAC,PLT-05,Monterrey Plant,Mexico,LATAM,Enterprise,Canada,UPS,1,1,1,1,1,100.0,100.0,100.0,LOGISTICS
2026-07-01,SUP-008,Supplier 008,Taiwan,APAC,PLT-09,Hanoi Assembly,Vietnam,APAC,SMB,Canada,DHL,1,1,1,1,1,100.0,100.0,100.0,LOGISTICS
2026-07-01,SUP-008,Supplier 008,Taiwan,APAC,PLT-02,Detroit Works,USA,NA,Enterprise,France,DHL,1,1,0,0,0,0.0,0.0,0.0,LOGISTICS
2026-07-01,SUP-008,Supplier 008,Taiwan,APAC,PLT-02,Detroit Works,USA,NA,Enterprise,France,FedEx,1,1,0,0,0,0.0,0.0,0.0,LOGISTICS
2026-07-01,SUP-009,Supplier 009,Vietnam,APAC,PLT-06,Sao Paulo Ops,Brazil,LATAM,Enterprise,France,DHL,1,1,0,0,0,0.0,0.0,0.0,LOGISTICS
2026-07-01,SUP-009,Supplier 009,Vietnam,APAC,PLT-06,Sao Paulo Ops,Brazil,LATAM,Enterprise,France,Kuehne+Nagel,1,1,0,0,0,0.0,0.0,0.0,LOGISTICS
2026-07-01,SUP-009,Supplier 009,Vietnam,APAC,PLT-09,Hanoi Assembly,Vietnam,APAC,Enterprise,UK,Maersk,1,1,1,1,1,100.0,100.0,100.0,LOGISTICS
2026-07-01,SUP-009,Supplier 009,Vietnam,APAC,PLT-04,Chennai Forge,India,APAC,SMB,Australia,FedEx,1,1,0,0,0,0.0,0.0,0.0,LOGISTICS
2026-07-01,SUP-009,Supplier 009,Vietnam,APAC,PLT-04,Chennai Forge,India,APAC,SMB,UK,Kuehne+Nagel,1,1,1,1,1,100.0,100.0,100.0,LOGISTICS
2026-07-01,SUP-009,Supplier 009,Vietnam,APAC,PLT-09,Hanoi Assembly,Vietnam,APAC,SMB,France,Kuehne+Nagel,1,1,1,0,0,100.0,0.0,0.0,LOGISTICS
2026-07-01,SUP-009,Supplier 009,Vietnam,APAC,PLT-00,Shanghai Hub,China,APAC,Enterprise,Germany,Maersk,1,1,0,1,0,0.0,100.0,0.0,LOGISTICS
2026-07-01,SUP-009,Supplier 009,Vietnam,APAC,PLT-09,Hanoi Assembly,Vietnam,APAC,SMB,France,FedEx,1,1,1,1,1,100.0,100.0,100.0,LOGISTICS
2026-07-01,SUP-009,Supplier 009,Vietnam,APAC,PLT-09,Hanoi Assembly,Vietnam,APAC,Enterprise,UK,DB Schenker,1,1,1,0,0,100.0,0.0,0.0,LOGISTICS
2026-07-01,SUP-009,Supplier 009,Vietnam,APAC,PLT-00,Shanghai Hub,China,APAC,SMB,Singapore,Kuehne+Nagel,1,1,1,1,1,100.0,100.0,100.0,LOGISTICS
2026-07-01,SUP-009,Supplier 009,Vietnam,APAC,PLT-07,Seoul Tech,South Korea,APAC,Enterprise,Canada,DHL,1,1,0,1,0,0.0,100.0,0.0,LOGISTICS
2026-07-01,SUP-009,Supplier 009,Vietnam,APAC,PLT-00,Shanghai Hub,China,APAC,SMB,Singapore,Maersk,1,1,1,0,0,100.0,0.0,0.0,LOGISTICS
2026-07-01,SUP-009,Supplier 009,Vietnam,APAC,PLT-04,Chennai Forge,India,APAC,SMB,Australia,Maersk,1,1,1,0,0,100.0,0.0,0.0,LOGISTICS
2026-07-01,SUP-010,Supplier 010,China,APAC,PLT-02,Detroit Works,USA,NA,SMB,France,Maersk,1,1,0,1,0,0.0,100.0,0.0,LOGISTICS
2026-07-01,SUP-010,Supplier 010,China,APAC,PLT-04,Chennai Forge,India,APAC,Enterprise,Australia,Kuehne+Nagel,1,1,0,0,0,0.0,0.0,0.0,LOGISTICS
2026-07-01,SUP-010,Supplier 010,China,APAC,PLT-01,Munich Center,Germany,EMEA,Enterprise,Japan,UPS,1,1,0,1,0,0.0,100.0,0.0,LOGISTICS
2026-07-01,SUP-010,Supplier 010,China,APAC,PLT-06,Sao Paulo Ops,Brazil,LATAM,Government,Australia,Kuehne+Nagel,1,1,0,1,0,0.0,100.0,0.0,LOGISTICS
2026-07-01,SUP-010,Supplier 010,China,APAC,PLT-07,Seoul Tech,South Korea,APAC,SMB,USA,DHL,1,1,0,1,0,0.0,100.0,0.0,LOGISTICS
2026-07-01,SUP-010,Supplier 010,China,APAC,PLT-04,Chennai Forge,India,APAC,Enterprise,Australia,DHL,1,1,1,0,0,100.0,0.0,0.0,LOGISTICS
2026-07-01,SUP-010,Supplier 010,China,APAC,PLT-08,Taipei Micro,Taiwan,APAC,SMB,France,UPS,1,1,1,0,0,100.0,0.0,0.0,LOGISTICS
2026-07-01,SUP-010,Supplier 010,China,APAC,PLT-06,Sao Paulo Ops,Brazil,LATAM,Enterprise,Canada,FedEx,1,1,1,0,0,100.0,0.0,0.0,LOGISTICS
2026-07-01,SUP-010,Supplier 010,China,APAC,PLT-08,Taipei Micro,Taiwan,APAC,SMB,France,DB Schenker,1,1,0,0,0,0.0,0.0,0.0,LOGISTICS
2026-07-01,SUP-010,Supplier 010,China,APAC,PLT-07,Seoul Tech,South Korea,APAC,Enterprise,USA,Maersk,1,1,0,1,0,0.0,100.0,0.0,LOGISTICS
2026-07-01,SUP-010,Supplier 010,China,APAC,PLT-04,Chennai Forge,India,APAC,SMB,France,DB Schenker,1,1,0,1,0,0.0,100.0,0.0,LOGISTICS
2026-07-01,SUP-010,Supplier 010,China,APAC,PLT-04,Chennai Forge,India,APAC,SMB,France,FedEx,1,1,1,0,0,100.0,0.0,0.0,LOGISTICS
2026-07-01,SUP-011,Supplier 011,Germany,EMEA,PLT-03,Tokyo Precision,Japan,APAC,SMB,Japan,FedEx,1,1,0,0,0,0.0,0.0,0.0,LOGISTICS
2026-07-01,SUP-011,Supplier 011,Germany,EMEA,PLT-01,Munich Center,Germany,EMEA,Government,Canada,UPS,1,1,1,1,1,100.0,100.0,100.0,LOGISTICS
2026-07-01,SUP-011,Supplier 011,Germany,EMEA,PLT-09,Hanoi Assembly,Vietnam,APAC,SMB,Singapore,DHL,1,1,1,1,1,100.0,100.0,100.0,LOGISTICS
2026-07-01,SUP-011,Supplier 011,Germany,EMEA,PLT-03,Tokyo Precision,Japan,APAC,SMB,USA,DHL,1,1,1,1,1,100.0,100.0,100.0,LOGISTICS
2026-07-01,SUP-012,Supplier 012,USA,NA,PLT-00,Shanghai Hub,China,APAC,SMB,France,Kuehne+Nagel,1,1,0,1,0,0.0,100.0,0.0,LOGISTICS
2026-07-01,SUP-012,Supplier 012,USA,NA,PLT-07,Seoul Tech,South Korea,APAC,Government,Australia,UPS,1,1,0,1,0,0.0,100.0,0.0,LOGISTICS
2026-07-01,SUP-012,Supplier 012,USA,NA,PLT-04,Chennai Forge,India,APAC,SMB,UK,DB Schenker,1,1,1,0,0,100.0,0.0,0.0,LOGISTICS
2026-07-01,SUP-012,Supplier 012,USA,NA,PLT-05,Monterrey Plant,Mexico,LATAM,Enterprise,Australia,DB Schenker,1,1,1,1,1,100.0,100.0,100.0,LOGISTICS
2026-07-01,SUP-012,Supplier 012,USA,NA,PLT-03,Tokyo Precision,Japan,APAC,SMB,France,Maersk,1,1,0,1,0,0.0,100.0,0.0,LOGISTICS
2026-07-01,SUP-012,Supplier 012,USA,NA,PLT-05,Monterrey Plant,Mexico,LATAM,Enterprise,Australia,DHL,1,1,0,0,0,0.0,0.0,0.0,LOGISTICS
2026-07-01,SUP-012,Supplier 012,USA,NA,PLT-00,Shanghai Hub,China,APAC,SMB,France,DHL,1,1,1,0,0,100.0,0.0,0.0,LOGISTICS
2026-07-01,SUP-012,Supplier 012,USA,NA,PLT-00,Shanghai Hub,China,APAC,Enterprise,Japan,FedEx,1,1,1,1,1,100.0,100.0,100.0,LOGISTICS
2026-07-01,SUP-012,Supplier 012,USA,NA,PLT-00,Shanghai Hub,China,APAC,SMB,France,FedEx,1,1,1,0,0,100.0,0.0,0.0,LOGISTICS
2026-07-01,SUP-013,Supplier 013,Japan,APAC,PLT-03,Tokyo Precision,Japan,APAC,Government,Singapore,DHL,1,2,1,1,0,50.0,50.0,0.0,LOGISTICS
2026-07-01,SUP-013,Supplier 013,Japan,APAC,PLT-06,Sao Paulo Ops,Brazil,LATAM,SMB,Australia,Maersk,1,1,0,0,0,0.0,0.0,0.0,LOGISTICS
2026-07-01,SUP-013,Supplier 013,Japan,APAC,PLT-06,Sao Paulo Ops,Brazil,LATAM,SMB,Australia,FedEx,1,1,1,0,0,100.0,0.0,0.0,LOGISTICS
2026-07-01,SUP-013,Supplier 013,Japan,APAC,PLT-03,Tokyo Precision,Japan,APAC,SMB,Singapore,DB Schenker,1,1,0,1,0,0.0,100.0,0.0,LOGISTICS
2026-07-01,SUP-013,Supplier 013,Japan,APAC,PLT-09,Hanoi Assembly,Vietnam,APAC,Government,USA,Maersk,1,1,0,0,0,0.0,0.0,0.0,LOGISTICS
2026-07-01,SUP-013,Supplier 013,Japan,APAC,PLT-09,Hanoi Assembly,Vietnam,APAC,Government,USA,UPS,1,1,1,1,1,100.0,100.0,100.0,LOGISTICS
2026-07-01,SUP-013,Supplier 013,Japan,APAC,PLT-06,Sao Paulo Ops,Brazil,LATAM,Enterprise,Japan,Maersk,1,1,0,0,0,0.0,0.0,0.0,LOGISTICS
2026-07-01,SUP-013,Supplier 013,Japan,APAC,PLT-02,Detroit Works,USA,NA,Enterprise,France,FedEx,1,1,0,1,0,0.0,100.0,0.0,LOGISTICS
2026-07-01,SUP-013,Supplier 013,Japan,APAC,PLT-03,Tokyo Precision,Japan,APAC,Government,USA,UPS,1,1,1,1,1,100.0,100.0,100.0,LOGISTICS
2026-07-01,SUP-014,Supplier 014,India,APAC,PLT-09,Hanoi Assembly,Vietnam,APAC,SMB,Singapore,FedEx,1,1,1,0,0,100.0,0.0,0.0,LOGISTICS
2026-07-01,SUP-014,Supplier 014,India,APAC,PLT-03,Tokyo Precision,Japan,APAC,Government,Canada,Kuehne+Nagel,1,1,1,1,1,100.0,100.0,100.0,LOGISTICS
2026-07-01,SUP-014,Supplier 014,India,APAC,PLT-08,Taipei Micro,Taiwan,APAC,SMB,Australia,DB Schenker,1,1,1,1,1,100.0,100.0,100.0,LOGISTICS
2026-07-01,SUP-014,Supplier 014,India,APAC,PLT-08,Taipei Micro,Taiwan,APAC,SMB,Australia,Maersk,1,1,1,0,0,100.0,0.0,0.0,LOGISTICS
2026-07-01,SUP-015,Supplier 015,Mexico,LATAM,PLT-03,Tokyo Precision,Japan,APAC,Government,USA,DHL,1,1,0,1,0,0.0,100.0,0.0,LOGISTICS
2026-07-01,SUP-015,Supplier 015,Mexico,LATAM,PLT-09,Hanoi Assembly,Vietnam,APAC,Enterprise,Japan,Maersk,1,1,1,1,1,100.0,100.0,100.0,LOGISTICS
2026-07-01,SUP-015,Supplier 015,Mexico,LATAM,PLT-00,Shanghai Hub,China,APAC,Enterprise,Japan,DHL,1,1,0,1,0,0.0,100.0,0.0,LOGISTICS
2026-07-01,SUP-015,Supplier 015,Mexico,LATAM,PLT-07,Seoul Tech,South Korea,APAC,Enterprise,France,Kuehne+Nagel,1,1,1,1,1,100.0,100.0,100.0,LOGISTICS
2026-07-01,SUP-015,Supplier 015,Mexico,LATAM,PLT-05,Monterrey Plant,Mexico,LATAM,Government,Germany,DHL,1,1,1,1,1,100.0,100.0,100.0,LOGISTICS
2026-07-01,SUP-015,Supplier 015,Mexico,LATAM,PLT-08,Taipei Micro,Taiwan,APAC,Government,USA,FedEx,1,1,1,1,1,100.0,100.0,100.0,LOGISTICS
2026-07-01,SUP-015,Supplier 015,Mexico,LATAM,PLT-00,Shanghai Hub,China,APAC,SMB,Singapore,Maersk,1,1,0,0,0,0.0,0.0,0.0,LOGISTICS
2026-07-01,SUP-016,Supplier 016,Brazil,LATAM,PLT-07,Seoul Tech,South Korea,APAC,SMB,Singapore,Kuehne+Nagel,1,1,1,0,0,100.0,0.0,0.0,LOGISTICS
2026-07-01,SUP-016,Supplier 016,Brazil,LATAM,PLT-07,Seoul Tech,South Korea,APAC,SMB,Singapore,FedEx,1,1,1,0,0,100.0,0.0,0.0,LOGISTICS
2026-07-01,SUP-017,Supplier 017,South Korea,APAC,PLT-07,Seoul Tech,South Korea,APAC,SMB,France,DHL,1,1,0,1,0,0.0,100.0,0.0,LOGISTICS
2026-07-01,SUP-017,Supplier 017,South Korea,APAC,PLT-05,Monterrey Plant,Mexico,LATAM,Government,France,FedEx,1,1,0,0,0,0.0,0.0,0.0,LOGISTICS
2026-07-01,SUP-017,Supplier 017,South Korea,APAC,PLT-07,Seoul Tech,South Korea,APAC,SMB,Singapore,DB Schenker,1,2,0,0,0,0.0,0.0,0.0,LOGISTICS
2026-07-01,SUP-017,Supplier 017,South Korea,APAC,PLT-00,Shanghai Hub,China,APAC,Enterprise,France,FedEx,1,1,1,0,0,100.0,0.0,0.0,LOGISTICS
2026-07-01,SUP-017,Supplier 017,South Korea,APAC,PLT-05,Monterrey Plant,Mexico,LATAM,Government,Australia,Maersk,1,1,0,1,0,0.0,100.0,0.0,LOGISTICS
2026-07-01,SUP-017,Supplier 017,South Korea,APAC,PLT-05,Monterrey Plant,Mexico,LATAM,Enterprise,Germany,FedEx,1,1,1,1,1,100.0,100.0,100.0,LOGISTICS
2026-07-01,SUP-017,Supplier 017,South Korea,APAC,PLT-09,Hanoi Assembly,Vietnam,APAC,Enterprise,Canada,UPS,1,1,0,1,0,0.0,100.0,0.0,LOGISTICS
2026-07-01,SUP-017,Supplier 017,South Korea,APAC,PLT-00,Shanghai Hub,China,APAC,Enterprise,France,DHL,1,1,1,1,1,100.0,100.0,100.0,LOGISTICS
2026-07-01,SUP-017,Supplier 017,South Korea,APAC,PLT-08,Taipei Micro,Taiwan,APAC,SMB,UK,Maersk,1,1,1,0,0,100.0,0.0,0.0,LOGISTICS
2026-07-01,SUP-017,Supplier 017,South Korea,APAC,PLT-08,Taipei Micro,Taiwan,APAC,SMB,UK,DHL,1,1,0,1,0,0.0,100.0,0.0,LOGISTICS
2026-07-01,SUP-018,Supplier 018,Taiwan,APAC,PLT-06,Sao Paulo Ops,Brazil,LATAM,SMB,Germany,DHL,1,1,1,0,0,100.0,0.0,0.0,LOGISTICS
2026-07-01,SUP-018,Supplier 018,Taiwan,APAC,PLT-06,Sao Paulo Ops,Brazil,LATAM,SMB,Germany,Maersk,1,1,0,1,0,0.0,100.0,0.0,LOGISTICS
2026-07-01,SUP-018,Supplier 018,Taiwan,APAC,PLT-09,Hanoi Assembly,Vietnam,APAC,Enterprise,Japan,DB Schenker,1,1,1,0,0,100.0,0.0,0.0,LOGISTICS
2026-07-01,SUP-018,Supplier 018,Taiwan,APAC,PLT-09,Hanoi Assembly,Vietnam,APAC,Enterprise,Japan,Maersk,1,1,0,1,0,0.0,100.0,0.0,LOGISTICS
2026-07-01,SUP-018,Supplier 018,Taiwan,APAC,PLT-06,Sao Paulo Ops,Brazil,LATAM,SMB,Singapore,FedEx,1,1,1,1,1,100.0,100.0,100.0,LOGISTICS
2026-07-01,SUP-019,Supplier 019,Vietnam,APAC,PLT-03,Tokyo Precision,Japan,APAC,Government,USA,DB Schenker,1,1,1,1,1,100.0,100.0,100.0,LOGISTICS
2026-07-01,SUP-019,Supplier 019,Vietnam,APAC,PLT-07,Seoul Tech,South Korea,APAC,Enterprise,USA,Maersk,1,1,0,0,0,0.0,0.0,0.0,LOGISTICS
2026-07-01,SUP-019,Supplier 019,Vietnam,APAC,PLT-00,Shanghai Hub,China,APAC,SMB,UK,UPS,1,1,0,0,0,0.0,0.0,0.0,LOGISTICS
2026-07-01,SUP-019,Supplier 019,Vietnam,APAC,PLT-07,Seoul Tech,South Korea,APAC,Enterprise,USA,DHL,1,1,0,0,0,0.0,0.0,0.0,LOGISTICS
2026-07-01,SUP-019,Supplier 019,Vietnam,APAC,PLT-00,Shanghai Hub,China,APAC,SMB,UK,DHL,1,1,0,0,0,0.0,0.0,0.0,LOGISTICS
2026-07-01,SUP-019,Supplier 019,Vietnam,APAC,PLT-03,Tokyo Precision,Japan,APAC,SMB,Germany,UPS,1,1,0,1,0,0.0,100.0,0.0,LOGISTICS
2026-07-01,SUP-019,Supplier 019,Vietnam,APAC,PLT-06,Sao Paulo Ops,Brazil,LATAM,SMB,Canada,Kuehne+Nagel,1,1,1,1,1,100.0,100.0,100.0,LOGISTICS
2026-07-01,SUP-020,Supplier 020,China,APAC,PLT-01,Munich Center,Germany,EMEA,Government,USA,Maersk,1,1,0,0,0,0.0,0.0,0.0,LOGISTICS
2026-07-01,SUP-020,Supplier 020,China,APAC,PLT-00,Shanghai Hub,China,APAC,Government,Canada,UPS,1,1,0,0,0,0.0,0.0,0.0,LOGISTICS
2026-07-01,SUP-020,Supplier 020,China,APAC,PLT-09,Hanoi Assembly,Vietnam,APAC,SMB,UK,UPS,1,1,1,1,1,100.0,100.0,100.0,LOGISTICS
2026-07-01,SUP-020,Supplier 020,China,APAC,PLT-01,Munich Center,Germany,EMEA,Government,USA,UPS,1,1,0,1,0,0.0,100.0,0.0,LOGISTICS
2026-07-01,SUP-020,Supplier 020,China,APAC,PLT-00,Shanghai Hub,China,APAC,Government,Canada,Maersk,1,1,0,0,0,0.0,0.0,0.0,LOGISTICS
2026-07-01,SUP-021,Supplier 021,Germany,EMEA,PLT-04,Chennai Forge,India,APAC,SMB,Singapore,DHL,1,1,1,1,1,100.0,100.0,100.0,LOGISTICS
2026-07-01,SUP-021,Supplier 021,Germany,EMEA,PLT-07,Seoul Tech,South Korea,APAC,SMB,Singapore,FedEx,1,1,1,0,0,100.0,0.0,0.0,LOGISTICS
2026-07-01,SUP-021,Supplier 021,Germany,EMEA,PLT-06,Sao Paulo Ops,Brazil,LATAM,Enterprise,USA,DHL,1,1,0,1,0,0.0,100.0,0.0,LOGISTICS
2026-07-01,SUP-022,Supplier 022,USA,NA,PLT-00,Shanghai Hub,China,APAC,SMB,Australia,DHL,1,1,1,1,1,100.0,100.0,100.0,LOGISTICS
2026-07-01,SUP-022,Supplier 022,USA,NA,PLT-01,Munich Center,Germany,EMEA,Government,Germany,Maersk,1,2,2,0,0,100.0,0.0,0.0,LOGISTICS
2026-07-01,SUP-022,Supplier 022,USA,NA,PLT-00,Shanghai Hub,China,APAC,Enterprise,Canada,FedEx,1,1,1,0,0,100.0,0.0,0.0,LOGISTICS
2026-07-01,SUP-022,Supplier 022,USA,NA,PLT-01,Munich Center,Germany,EMEA,Government,Germany,DHL,1,1,0,1,0,0.0,100.0,0.0,LOGISTICS
2026-07-01,SUP-022,Supplier 022,USA,NA,PLT-08,Taipei Micro,Taiwan,APAC,Enterprise,Germany,UPS,1,1,0,0,0,0.0,0.0,0.0,LOGISTICS
2026-07-01,SUP-022,Supplier 022,USA,NA,PLT-08,Taipei Micro,Taiwan,APAC,Enterprise,Germany,FedEx,1,1,1,1,1,100.0,100.0,100.0,LOGISTICS
2026-07-01,SUP-023,Supplier 023,Japan,APAC,PLT-00,Shanghai Hub,China,APAC,Enterprise,Germany,UPS,1,1,1,0,0,100.0,0.0,0.0,LOGISTICS
2026-07-01,SUP-023,Supplier 023,Japan,APAC,PLT-00,Shanghai Hub,China,APAC,Enterprise,Germany,Maersk,1,1,1,1,1,100.0,100.0,100.0,LOGISTICS
2026-07-01,SUP-023,Supplier 023,Japan,APAC,PLT-00,Shanghai Hub,China,APAC,SMB,UK,Kuehne+Nagel,1,1,0,1,0,0.0,100.0,0.0,LOGISTICS
2026-07-01,SUP-023,Supplier 023,Japan,APAC,PLT-05,Monterrey Plant,Mexico,LATAM,Government,USA,DHL,1,1,1,1,1,100.0,100.0,100.0,LOGISTICS
2026-07-01,SUP-023,Supplier 023,Japan,APAC,PLT-09,Hanoi Assembly,Vietnam,APAC,Government,Australia,DHL,1,1,0,0,0,0.0,0.0,0.0,LOGISTICS
2026-07-01,SUP-024,Supplier 024,India,APAC,PLT-08,Taipei Micro,Taiwan,APAC,Government,Japan,Kuehne+Nagel,1,1,1,0,0,100.0,0.0,0.0,LOGISTICS
2026-07-01,SUP-024,Supplier 024,India,APAC,PLT-06,Sao Paulo Ops,Brazil,LATAM,Government,Singapore,FedEx,1,1,0,1,0,0.0,100.0,0.0,LOGISTICS
2026-07-01,SUP-024,Supplier 024,India,APAC,PLT-00,Shanghai Hub,China,APAC,Government,USA,DHL,1,1,0,1,0,0.0,100.0,0.0,LOGISTICS
2026-07-01,SUP-024,Supplier 024,India,APAC,PLT-09,Hanoi Assembly,Vietnam,APAC,SMB,Australia,Maersk,1,1,0,1,0,0.0,100.0,0.0,LOGISTICS
2026-07-01,SUP-024,Supplier 024,India,APAC,PLT-05,Monterrey Plant,Mexico,LATAM,SMB,Japan,DB Schenker,1,1,0,1,0,0.0,100.0,0.0,LOGISTICS
2026-07-01,SUP-024,Supplier 024,India,APAC,PLT-09,Hanoi Assembly,Vietnam,APAC,SMB,Australia,FedEx,1,1,1,0,0,100.0,0.0,0.0,LOGISTICS
2026-07-01,SUP-024,Supplier 024,India,APAC,PLT-05,Monterrey Plant,Mexico,LATAM,SMB,Canada,FedEx,1,1,0,1,0,0.0,100.0,0.0,LOGISTICS
2026-07-01,SUP-024,Supplier 024,India,APAC,PLT-03,Tokyo Precision,Japan,APAC,Government,France,Maersk,1,1,1,0,0,100.0,0.0,0.0,LOGISTICS
2026-07-01,SUP-024,Supplier 024,India,APAC,PLT-07,Seoul Tech,South Korea,APAC,Enterprise,Canada,FedEx,1,1,1,1,1,100.0,100.0,100.0,LOGISTICS
2026-07-01,SUP-024,Supplier 024,India,APAC,PLT-03,Tokyo Precision,Japan,APAC,Government,France,DHL,1,1,0,1,0,0.0,100.0,0.0,LOGISTICS
2026-07-01,SUP-025,Supplier 025,Mexico,LATAM,PLT-05,Monterrey Plant,Mexico,LATAM,Enterprise,Germany,DHL,1,1,1,1,1,100.0,100.0,100.0,LOGISTICS
2026-07-01,SUP-025,Supplier 025,Mexico,LATAM,PLT-05,Monterrey Plant,Mexico,LATAM,SMB,UK,DHL,1,1,0,1,0,0.0,100.0,0.0,LOGISTICS
2026-07-01,SUP-025,Supplier 025,Mexico,LATAM,PLT-03,Tokyo Precision,Japan,APAC,Government,Japan,Maersk,1,1,0,0,0,0.0,0.0,0.0,LOGISTICS
2026-07-01,SUP-025,Supplier 025,Mexico,LATAM,PLT-05,Monterrey Plant,Mexico,LATAM,SMB,UK,DB Schenker,1,1,0,0,0,0.0,0.0,0.0,LOGISTICS
2026-07-01,SUP-025,Supplier 025,Mexico,LATAM,PLT-04,Chennai Forge,India,APAC,Government,Germany,UPS,1,1,1,1,1,100.0,100.0,100.0,LOGISTICS
2026-07-01,SUP-026,Supplier 026,Brazil,LATAM,PLT-01,Munich Center,Germany,EMEA,SMB,France,Maersk,1,1,1,1,1,100.0,100.0,100.0,LOGISTICS
2026-07-01,SUP-026,Supplier 026,Brazil,LATAM,PLT-02,Detroit Works,USA,NA,SMB,UK,FedEx,1,2,0,1,0,0.0,50.0,0.0,LOGISTICS
2026-07-01,SUP-026,Supplier 026,Brazil,LATAM,PLT-02,Detroit Works,USA,NA,SMB,France,Kuehne+Nagel,1,1,1,1,1,100.0,100.0,100.0,LOGISTICS
2026-07-01,SUP-026,Supplier 026,Brazil,LATAM,PLT-00,Shanghai Hub,China,APAC,SMB,Germany,UPS,1,1,1,0,0,100.0,0.0,0.0,LOGISTICS
2026-07-01,SUP-026,Supplier 026,Brazil,LATAM,PLT-02,Detroit Works,USA,NA,SMB,France,UPS,1,1,0,0,0,0.0,0.0,0.0,LOGISTICS
2026-07-01,SUP-026,Supplier 026,Brazil,LATAM,PLT-05,Monterrey Plant,Mexico,LATAM,SMB,Australia,UPS,1,1,1,0,0,100.0,0.0,0.0,LOGISTICS
2026-07-01,SUP-027,Supplier 027,South Korea,APAC,PLT-03,Tokyo Precision,Japan,APAC,Government,Germany,DHL,1,1,1,1,1,100.0,100.0,100.0,LOGISTICS
2026-07-01,SUP-027,Supplier 027,South Korea,APAC,PLT-09,Hanoi Assembly,Vietnam,APAC,Enterprise,France,UPS,1,1,1,0,0,100.0,0.0,0.0,LOGISTICS
2026-07-01,SUP-027,Supplier 027,South Korea,APAC,PLT-05,Monterrey Plant,Mexico,LATAM,Government,Singapore,DB Schenker,1,1,1,0,0,100.0,0.0,0.0,LOGISTICS
2026-07-01,SUP-027,Supplier 027,South Korea,APAC,PLT-00,Shanghai Hub,China,APAC,Government,UK,FedEx,1,1,0,1,0,0.0,100.0,0.0,LOGISTICS
2026-07-01,SUP-027,Supplier 027,South Korea,APAC,PLT-08,Taipei Micro,Taiwan,APAC,Enterprise,Germany,UPS,1,1,0,1,0,0.0,100.0,0.0,LOGISTICS
2026-07-01,SUP-027,Supplier 027,South Korea,APAC,PLT-07,Seoul Tech,South Korea,APAC,Enterprise,USA,Maersk,1,1,0,0,0,0.0,0.0,0.0,LOGISTICS
2026-07-01,SUP-027,Supplier 027,South Korea,APAC,PLT-03,Tokyo Precision,Japan,APAC,Government,Germany,Maersk,1,1,1,0,0,100.0,0.0,0.0,LOGISTICS
2026-07-01,SUP-027,Supplier 027,South Korea,APAC,PLT-00,Shanghai Hub,China,APAC,Enterprise,Singapore,Maersk,1,1,1,1,1,100.0,100.0,100.0,LOGISTICS
2026-07-01,SUP-028,Supplier 028,Taiwan,APAC,PLT-00,Shanghai Hub,China,APAC,SMB,UK,DB Schenker,1,1,0,1,0,0.0,100.0,0.0,LOGISTICS
2026-07-01,SUP-028,Supplier 028,Taiwan,APAC,PLT-05,Monterrey Plant,Mexico,LATAM,Enterprise,Japan,DB Schenker,1,1,1,0,0,100.0,0.0,0.0,LOGISTICS
2026-07-01,SUP-028,Supplier 028,Taiwan,APAC,PLT-07,Seoul Tech,South Korea,APAC,Government,Japan,FedEx,1,1,0,1,0,0.0,100.0,0.0,LOGISTICS
2026-07-01,SUP-028,Supplier 028,Taiwan,APAC,PLT-07,Seoul Tech,South Korea,APAC,Enterprise,Japan,Kuehne+Nagel,1,1,0,1,0,0.0,100.0,0.0,LOGISTICS
2026-07-01,SUP-028,Supplier 028,Taiwan,APAC,PLT-00,Shanghai Hub,China,APAC,SMB,Singapore,Kuehne+Nagel,1,1,0,1,0,0.0,100.0,0.0,LOGISTICS
2026-07-01,SUP-028,Supplier 028,Taiwan,APAC,PLT-05,Monterrey Plant,Mexico,LATAM,Enterprise,Japan,UPS,1,1,0,0,0,0.0,0.0,0.0,LOGISTICS
2026-07-01,SUP-028,Supplier 028,Taiwan,APAC,PLT-02,Detroit Works,USA,NA,SMB,Singapore,FedEx,1,1,1,1,1,100.0,100.0,100.0,LOGISTICS
2026-07-01,SUP-029,Supplier 029,Vietnam,APAC,PLT-08,Taipei Micro,Taiwan,APAC,Enterprise,Canada,DHL,1,1,0,1,0,0.0,100.0,0.0,LOGISTICS
2026-07-01,SUP-029,Supplier 029,Vietnam,APAC,PLT-00,Shanghai Hub,China,APAC,Enterprise,USA,DB Schenker,1,1,0,1,0,0.0,100.0,0.0,LOGISTICS
2026-07-01,SUP-029,Supplier 029,Vietnam,APAC,PLT-02,Detroit Works,USA,NA,SMB,Germany,Maersk,1,1,1,0,0,100.0,0.0,0.0,LOGISTICS
2026-07-01,SUP-029,Supplier 029,Vietnam,APAC,PLT-08,Taipei Micro,Taiwan,APAC,Enterprise,USA,UPS,1,1,0,0,0,0.0,0.0,0.0,LOGISTICS
2026-07-01,SUP-029,Supplier 029,Vietnam,APAC,PLT-05,Monterrey Plant,Mexico,LATAM,SMB,Singapore,FedEx,1,1,0,0,0,0.0,0.0,0.0,LOGISTICS
2026-07-01,SUP-030,Supplier 030,China,APAC,PLT-03,Tokyo Precision,Japan,APAC,SMB,Canada,DB Schenker,1,1,0,1,0,0.0,100.0,0.0,LOGISTICS
2026-07-01,SUP-030,Supplier 030,China,APAC,PLT-05,Monterrey Plant,Mexico,LATAM,Enterprise,USA,FedEx,1,1,0,1,0,0.0,100.0,0.0,LOGISTICS
2026-07-01,SUP-030,Supplier 030,China,APAC,PLT-05,Monterrey Plant,Mexico,LATAM,Enterprise,USA,DHL,1,1,0,0,0,0.0,0.0,0.0,LOGISTICS
2026-07-01,SUP-030,Supplier 030,China,APAC,PLT-02,Detroit Works,USA,NA,SMB,France,UPS,1,2,0,1,0,0.0,50.0,0.0,LOGISTICS
2026-07-01,SUP-030,Supplier 030,China,APAC,PLT-07,Seoul Tech,South Korea,APAC,Government,Germany,DB Schenker,1,1,0,0,0,0.0,0.0,0.0,LOGISTICS
2026-07-01,SUP-030,Supplier 030,China,APAC,PLT-05,Monterrey Plant,Mexico,LATAM,SMB,UK,Kuehne+Nagel,1,1,0,0,0,0.0,0.0,0.0,LOGISTICS
2026-07-01,SUP-030,Supplier 030,China,APAC,PLT-09,Hanoi Assembly,Vietnam,APAC,Enterprise,Australia,DB Schenker,1,1,0,0,0,0.0,0.0,0.0,LOGISTICS
2026-07-01,SUP-030,Supplier 030,China,APAC,PLT-09,Hanoi Assembly,Vietnam,APAC,Enterprise,Australia,UPS,1,1,0,0,0,0.0,0.0,0.0,LOGISTICS
2026-07-01,SUP-030,Supplier 030,China,APAC,PLT-03,Tokyo Precision,Japan,APAC,SMB,Canada,Kuehne+Nagel,1,1,0,0,0,0.0,0.0,0.0,LOGISTICS
2026-07-01,SUP-031,Supplier 031,Germany,EMEA,PLT-09,Hanoi Assembly,Vietnam,APAC,SMB,Australia,Maersk,1,1,1,1,1,100.0,100.0,100.0,LOGISTICS
2026-07-01,SUP-031,Supplier 031,Germany,EMEA,PLT-02,Detroit Works,USA,NA,Government,Germany,Maersk,1,1,0,1,0,0.0,100.0,0.0,LOGISTICS
2026-07-01,SUP-031,Supplier 031,Germany,EMEA,PLT-01,Munich Center,Germany,EMEA,Enterprise,UK,FedEx,1,1,1,0,0,100.0,0.0,0.0,LOGISTICS
2026-07-01,SUP-031,Supplier 031,Germany,EMEA,PLT-08,Taipei Micro,Taiwan,APAC,SMB,France,UPS,1,1,1,1,1,100.0,100.0,100.0,LOGISTICS
2026-07-01,SUP-031,Supplier 031,Germany,EMEA,PLT-01,Munich Center,Germany,EMEA,Enterprise,UK,DB Schenker,1,1,0,0,0,0.0,0.0,0.0,LOGISTICS
2026-07-01,SUP-031,Supplier 031,Germany,EMEA,PLT-08,Taipei Micro,Taiwan,APAC,SMB,Singapore,Kuehne+Nagel,1,1,1,0,0,100.0,0.0,0.0,LOGISTICS
2026-07-01,SUP-031,Supplier 031,Germany,EMEA,PLT-08,Taipei Micro,Taiwan,APAC,Government,Singapore,Maersk,1,1,0,0,0,0.0,0.0,0.0,LOGISTICS
2026-07-01,SUP-031,Supplier 031,Germany,EMEA,PLT-02,Detroit Works,USA,NA,SMB,Canada,Kuehne+Nagel,1,2,2,0,0,100.0,0.0,0.0,LOGISTICS
2026-07-01,SUP-032,Supplier 032,USA,NA,PLT-08,Taipei Micro,Taiwan,APAC,Enterprise,Japan,DB Schenker,1,1,1,1,1,100.0,100.0,100.0,LOGISTICS
2026-07-01,SUP-032,Supplier 032,USA,NA,PLT-08,Taipei Micro,Taiwan,APAC,Enterprise,Japan,Kuehne+Nagel,1,1,1,0,0,100.0,0.0,0.0,LOGISTICS
2026-07-01,SUP-032,Supplier 032,USA,NA,PLT-07,Seoul Tech,South Korea,APAC,Government,Canada,Kuehne+Nagel,1,1,0,1,0,0.0,100.0,0.0,LOGISTICS
2026-07-01,SUP-032,Supplier 032,USA,NA,PLT-02,Detroit Works,USA,NA,SMB,France,UPS,1,1,0,1,0,0.0,100.0,0.0,LOGISTICS
2026-07-01,SUP-032,Supplier 032,USA,NA,PLT-01,Munich Center,Germany,EMEA,SMB,USA,DHL,1,1,1,0,0,100.0,0.0,0.0,LOGISTICS
2026-07-01,SUP-032,Supplier 032,USA,NA,PLT-07,Seoul Tech,South Korea,APAC,Enterprise,Australia,UPS,1,1,0,1,0,0.0,100.0,0.0,LOGISTICS
2026-07-01,SUP-032,Supplier 032,USA,NA,PLT-02,Detroit Works,USA,NA,SMB,Singapore,Maersk,1,1,0,1,0,0.0,100.0,0.0,LOGISTICS
2026-07-01,SUP-032,Supplier 032,USA,NA,PLT-01,Munich Center,Germany,EMEA,SMB,USA,FedEx,1,1,1,0,0,100.0,0.0,0.0,LOGISTICS
2026-07-01,SUP-033,Supplier 033,Japan,APAC,PLT-06,Sao Paulo Ops,Brazil,LATAM,Government,Germany,FedEx,1,1,0,1,0,0.0,100.0,0.0,LOGISTICS
2026-07-01,SUP-033,Supplier 033,Japan,APAC,PLT-00,Shanghai Hub,China,APAC,SMB,Singapore,Kuehne+Nagel,1,1,0,1,0,0.0,100.0,0.0,LOGISTICS
2026-07-01,SUP-033,Supplier 033,Japan,APAC,PLT-03,Tokyo Precision,Japan,APAC,SMB,USA,UPS,1,1,1,1,1,100.0,100.0,100.0,LOGISTICS
2026-07-01,SUP-033,Supplier 033,Japan,APAC,PLT-09,Hanoi Assembly,Vietnam,APAC,SMB,UK,FedEx,1,1,0,0,0,0.0,0.0,0.0,LOGISTICS
2026-07-01,SUP-033,Supplier 033,Japan,APAC,PLT-09,Hanoi Assembly,Vietnam,APAC,SMB,UK,Maersk,1,1,0,1,0,0.0,100.0,0.0,LOGISTICS
2026-07-01,SUP-033,Supplier 033,Japan,APAC,PLT-01,Munich Center,Germany,EMEA,SMB,Germany,DB Schenker,1,1,0,1,0,0.0,100.0,0.0,LOGISTICS
2026-07-01,SUP-033,Supplier 033,Japan,APAC,PLT-06,Sao Paulo Ops,Brazil,LATAM,Government,Germany,Maersk,1,1,1,0,0,100.0,0.0,0.0,LOGISTICS
2026-07-01,SUP-034,Supplier 034,India,APAC,PLT-07,Seoul Tech,South Korea,APAC,Government,Germany,FedEx,1,1,0,0,0,0.0,0.0,0.0,LOGISTICS
2026-07-01,SUP-034,Supplier 034,India,APAC,PLT-09,Hanoi Assembly,Vietnam,APAC,SMB,UK,UPS,1,1,1,0,0,100.0,0.0,0.0,LOGISTICS
2026-07-01,SUP-034,Supplier 034,India,APAC,PLT-07,Seoul Tech,South Korea,APAC,Government,Germany,Kuehne+Nagel,1,1,0,0,0,0.0,0.0,0.0,LOGISTICS
2026-07-01,SUP-034,Supplier 034,India,APAC,PLT-02,Detroit Works,USA,NA,SMB,Australia,UPS,1,1,1,0,0,100.0,0.0,0.0,LOGISTICS
2026-07-01,SUP-035,Supplier 035,Mexico,LATAM,PLT-01,Munich Center,Germany,EMEA,Enterprise,France,Maersk,1,1,1,0,0,100.0,0.0,0.0,LOGISTICS
2026-07-01,SUP-035,Supplier 035,Mexico,LATAM,PLT-05,Monterrey Plant,Mexico,LATAM,SMB,Singapore,Kuehne+Nagel,1,1,1,0,0,100.0,0.0,0.0,LOGISTICS
2026-07-01,SUP-035,Supplier 035,Mexico,LATAM,PLT-06,Sao Paulo Ops,Brazil,LATAM,Enterprise,USA,DB Schenker,1,1,1,1,1,100.0,100.0,100.0,LOGISTICS
2026-07-01,SUP-035,Supplier 035,Mexico,LATAM,PLT-09,Hanoi Assembly,Vietnam,APAC,Government,Japan,FedEx,1,1,1,1,1,100.0,100.0,100.0,LOGISTICS
2026-07-01,SUP-035,Supplier 035,Mexico,LATAM,PLT-03,Tokyo Precision,Japan,APAC,SMB,Canada,Kuehne+Nagel,1,1,0,0,0,0.0,0.0,0.0,LOGISTICS
2026-07-01,SUP-035,Supplier 035,Mexico,LATAM,PLT-04,Chennai Forge,India,APAC,SMB,Canada,DHL,1,1,0,1,0,0.0,100.0,0.0,LOGISTICS
2026-07-01,SUP-035,Supplier 035,Mexico,LATAM,PLT-08,Taipei Micro,Taiwan,APAC,Enterprise,USA,Maersk,1,1,0,1,0,0.0,100.0,0.0,LOGISTICS
2026-07-01,SUP-035,Supplier 035,Mexico,LATAM,PLT-01,Munich Center,Germany,EMEA,Government,Singapore,Maersk,1,1,0,0,0,0.0,0.0,0.0,LOGISTICS
2026-07-01,SUP-036,Supplier 036,Brazil,LATAM,PLT-07,Seoul Tech,South Korea,APAC,SMB,France,FedEx,1,1,0,1,0,0.0,100.0,0.0,LOGISTICS
2026-07-01,SUP-036,Supplier 036,Brazil,LATAM,PLT-09,Hanoi Assembly,Vietnam,APAC,Government,Germany,DHL,1,1,0,1,0,0.0,100.0,0.0,LOGISTICS
2026-07-01,SUP-036,Supplier 036,Brazil,LATAM,PLT-08,Taipei Micro,Taiwan,APAC,Government,Singapore,DHL,1,1,0,1,0,0.0,100.0,0.0,LOGISTICS
2026-07-01,SUP-036,Supplier 036,Brazil,LATAM,PLT-07,Seoul Tech,South Korea,APAC,Government,France,UPS,1,1,0,0,0,0.0,0.0,0.0,LOGISTICS
2026-07-01,SUP-036,Supplier 036,Brazil,LATAM,PLT-08,Taipei Micro,Taiwan,APAC,Government,Singapore,UPS,1,1,0,0,0,0.0,0.0,0.0,LOGISTICS
2026-07-01,SUP-036,Supplier 036,Brazil,LATAM,PLT-03,Tokyo Precision,Japan,APAC,SMB,Singapore,Kuehne+Nagel,1,1,0,1,0,0.0,100.0,0.0,LOGISTICS
2026-07-01,SUP-036,Supplier 036,Brazil,LATAM,PLT-05,Monterrey Plant,Mexico,LATAM,SMB,Australia,DHL,1,1,0,1,0,0.0,100.0,0.0,LOGISTICS
2026-07-01,SUP-036,Supplier 036,Brazil,LATAM,PLT-07,Seoul Tech,South Korea,APAC,Government,France,Maersk,1,1,1,0,0,100.0,0.0,0.0,LOGISTICS
2026-07-01,SUP-037,Supplier 037,South Korea,APAC,PLT-04,Chennai Forge,India,APAC,Enterprise,Germany,UPS,1,1,0,0,0,0.0,0.0,0.0,LOGISTICS
2026-07-01,SUP-037,Supplier 037,South Korea,APAC,PLT-04,Chennai Forge,India,APAC,SMB,France,Maersk,1,1,0,0,0,0.0,0.0,0.0,LOGISTICS
2026-07-01,SUP-037,Supplier 037,South Korea,APAC,PLT-04,Chennai Forge,India,APAC,SMB,Germany,UPS,1,1,0,1,0,0.0,100.0,0.0,LOGISTICS
2026-07-01,SUP-037,Supplier 037,South Korea,APAC,PLT-07,Seoul Tech,South Korea,APAC,SMB,Canada,FedEx,1,1,1,0,0,100.0,0.0,0.0,LOGISTICS
2026-07-01,SUP-037,Supplier 037,South Korea,APAC,PLT-09,Hanoi Assembly,Vietnam,APAC,Enterprise,Australia,Kuehne+Nagel,1,1,0,1,0,0.0,100.0,0.0,LOGISTICS
2026-07-01,SUP-037,Supplier 037,South Korea,APAC,PLT-05,Monterrey Plant,Mexico,LATAM,SMB,USA,DB Schenker,1,1,0,1,0,0.0,100.0,0.0,LOGISTICS
2026-07-01,SUP-038,Supplier 038,Taiwan,APAC,PLT-00,Shanghai Hub,China,APAC,Government,USA,Kuehne+Nagel,1,1,1,1,1,100.0,100.0,100.0,LOGISTICS
2026-07-01,SUP-038,Supplier 038,Taiwan,APAC,PLT-01,Munich Center,Germany,EMEA,Enterprise,Singapore,UPS,1,1,1,1,1,100.0,100.0,100.0,LOGISTICS
2026-07-01,SUP-038,Supplier 038,Taiwan,APAC,PLT-04,Chennai Forge,India,APAC,SMB,Singapore,Maersk,1,1,0,1,0,0.0,100.0,0.0,LOGISTICS
2026-07-01,SUP-038,Supplier 038,Taiwan,APAC,PLT-06,Sao Paulo Ops,Brazil,LATAM,Enterprise,Australia,Maersk,1,1,0,1,0,0.0,100.0,0.0,LOGISTICS
2026-07-01,SUP-038,Supplier 038,Taiwan,APAC,PLT-07,Seoul Tech,South Korea,APAC,Enterprise,Canada,Kuehne+Nagel,1,1,0,0,0,0.0,0.0,0.0,LOGISTICS
2026-07-01,SUP-038,Supplier 038,Taiwan,APAC,PLT-00,Shanghai Hub,China,APAC,Government,Germany,Maersk,1,1,0,1,0,0.0,100.0,0.0,LOGISTICS
2026-07-01,SUP-038,Supplier 038,Taiwan,APAC,PLT-00,Shanghai Hub,China,APAC,Enterprise,Japan,FedEx,1,1,1,0,0,100.0,0.0,0.0,LOGISTICS
2026-07-01,SUP-038,Supplier 038,Taiwan,APAC,PLT-07,Seoul Tech,South Korea,APAC,Enterprise,Canada,Maersk,1,1,1,1,1,100.0,100.0,100.0,LOGISTICS
2026-07-01,SUP-038,Supplier 038,Taiwan,APAC,PLT-02,Detroit Works,USA,NA,SMB,Singapore,Maersk,1,1,0,1,0,0.0,100.0,0.0,LOGISTICS
2026-07-01,SUP-038,Supplier 038,Taiwan,APAC,PLT-06,Sao Paulo Ops,Brazil,LATAM,Government,Singapore,Maersk,1,1,1,0,0,100.0,0.0,0.0,LOGISTICS
2026-07-01,SUP-039,Supplier 039,Vietnam,APAC,PLT-00,Shanghai Hub,China,APAC,Government,Japan,Kuehne+Nagel,1,1,1,1,1,100.0,100.0,100.0,LOGISTICS
2026-07-01,SUP-039,Supplier 039,Vietnam,APAC,PLT-02,Detroit Works,USA,NA,SMB,Australia,UPS,1,1,0,1,0,0.0,100.0,0.0,LOGISTICS
2026-07-01,SUP-040,Supplier 040,China,APAC,PLT-01,Munich Center,Germany,EMEA,SMB,Germany,Kuehne+Nagel,1,1,1,1,1,100.0,100.0,100.0,LOGISTICS
2026-07-01,SUP-040,Supplier 040,China,APAC,PLT-03,Tokyo Precision,Japan,APAC,SMB,Canada,DHL,1,1,0,0,0,0.0,0.0,0.0,LOGISTICS
2026-07-01,SUP-040,Supplier 040,China,APAC,PLT-06,Sao Paulo Ops,Brazil,LATAM,SMB,Australia,UPS,1,1,0,1,0,0.0,100.0,0.0,LOGISTICS
2026-07-01,SUP-040,Supplier 040,China,APAC,PLT-07,Seoul Tech,South Korea,APAC,SMB,France,Kuehne+Nagel,1,1,1,0,0,100.0,0.0,0.0,LOGISTICS
2026-07-01,SUP-040,Supplier 040,China,APAC,PLT-00,Shanghai Hub,China,APAC,SMB,UK,DHL,1,1,0,1,0,0.0,100.0,0.0,LOGISTICS
2026-07-01,SUP-040,Supplier 040,China,APAC,PLT-03,Tokyo Precision,Japan,APAC,SMB,Canada,Kuehne+Nagel,1,1,1,1,1,100.0,100.0,100.0,LOGISTICS
2026-07-01,SUP-040,Supplier 040,China,APAC,PLT-02,Detroit Works,USA,NA,SMB,Germany,Maersk,1,1,0,0,0,0.0,0.0,0.0,LOGISTICS
2026-07-01,SUP-041,Supplier 041,Germany,EMEA,PLT-04,Chennai Forge,India,APAC,SMB,Germany,DB Schenker,1,1,1,1,1,100.0,100.0,100.0,LOGISTICS
2026-07-01,SUP-041,Supplier 041,Germany,EMEA,PLT-00,Shanghai Hub,China,APAC,SMB,USA,UPS,1,1,0,0,0,0.0,0.0,0.0,LOGISTICS
2026-07-01,SUP-041,Supplier 041,Germany,EMEA,PLT-00,Shanghai Hub,China,APAC,Enterprise,Canada,DHL,1,1,0,1,0,0.0,100.0,0.0,LOGISTICS
2026-07-01,SUP-041,Supplier 041,Germany,EMEA,PLT-01,Munich Center,Germany,EMEA,Government,UK,DB Schenker,1,1,0,1,0,0.0,100.0,0.0,LOGISTICS
2026-07-01,SUP-041,Supplier 041,Germany,EMEA,PLT-03,Tokyo Precision,Japan,APAC,SMB,Singapore,Kuehne+Nagel,1,2,1,1,1,50.0,50.0,50.0,LOGISTICS
2026-07-01,SUP-041,Supplier 041,Germany,EMEA,PLT-01,Munich Center,Germany,EMEA,SMB,Canada,DB Schenker,1,1,1,1,1,100.0,100.0,100.0,LOGISTICS
2026-07-01,SUP-041,Supplier 041,Germany,EMEA,PLT-06,Sao Paulo Ops,Brazil,LATAM,Enterprise,Canada,Maersk,1,1,0,1,0,0.0,100.0,0.0,LOGISTICS
2026-07-01,SUP-041,Supplier 041,Germany,EMEA,PLT-09,Hanoi Assembly,Vietnam,APAC,Government,Japan,Kuehne+Nagel,1,1,0,1,0,0.0,100.0,0.0,LOGISTICS
2026-07-01,SUP-041,Supplier 041,Germany,EMEA,PLT-01,Munich Center,Germany,EMEA,SMB,UK,FedEx,1,1,1,0,0,100.0,0.0,0.0,LOGISTICS
2026-07-01,SUP-041,Supplier 041,Germany,EMEA,PLT-00,Shanghai Hub,China,APAC,SMB,USA,FedEx,1,1,0,1,0,0.0,100.0,0.0,LOGISTICS
2026-07-01,SUP-041,Supplier 041,Germany,EMEA,PLT-09,Hanoi Assembly,Vietnam,APAC,Government,Japan,DHL,1,1,0,0,0,0.0,0.0,0.0,LOGISTICS
2026-07-01,SUP-042,Supplier 042,USA,NA,PLT-09,Hanoi Assembly,Vietnam,APAC,SMB,Canada,Maersk,1,1,0,1,0,0.0,100.0,0.0,LOGISTICS
2026-07-01,SUP-042,Supplier 042,USA,NA,PLT-09,Hanoi Assembly,Vietnam,APAC,SMB,Canada,FedEx,1,1,1,0,0,100.0,0.0,0.0,LOGISTICS
2026-07-01,SUP-042,Supplier 042,USA,NA,PLT-09,Hanoi Assembly,Vietnam,APAC,SMB,Singapore,Kuehne+Nagel,1,1,0,0,0,0.0,0.0,0.0,LOGISTICS
2026-07-01,SUP-042,Supplier 042,USA,NA,PLT-06,Sao Paulo Ops,Brazil,LATAM,Enterprise,Australia,DB Schenker,1,1,1,1,1,100.0,100.0,100.0,LOGISTICS
2026-07-01,SUP-043,Supplier 043,Japan,APAC,PLT-06,Sao Paulo Ops,Brazil,LATAM,Government,Germany,DB Schenker,1,1,1,1,1,100.0,100.0,100.0,LOGISTICS
2026-07-01,SUP-043,Supplier 043,Japan,APAC,PLT-06,Sao Paulo Ops,Brazil,LATAM,Government,Germany,Maersk,1,1,1,0,0,100.0,0.0,0.0,LOGISTICS
2026-07-01,SUP-043,Supplier 043,Japan,APAC,PLT-04,Chennai Forge,India,APAC,SMB,Singapore,DB Schenker,1,1,0,1,0,0.0,100.0,0.0,LOGISTICS
2026-07-01,SUP-043,Supplier 043,Japan,APAC,PLT-01,Munich Center,Germany,EMEA,Enterprise,USA,FedEx,1,1,0,1,0,0.0,100.0,0.0,LOGISTICS
2026-07-01,SUP-044,Supplier 044,India,APAC,PLT-07,Seoul Tech,South Korea,APAC,Enterprise,UK,DB Schenker,1,1,0,1,0,0.0,100.0,0.0,LOGISTICS
2026-07-01,SUP-044,Supplier 044,India,APAC,PLT-01,Munich Center,Germany,EMEA,SMB,UK,UPS,1,1,1,0,0,100.0,0.0,0.0,LOGISTICS
2026-07-01,SUP-044,Supplier 044,India,APAC,PLT-06,Sao Paulo Ops,Brazil,LATAM,SMB,UK,UPS,1,1,0,0,0,0.0,0.0,0.0,LOGISTICS
2026-07-01,SUP-044,Supplier 044,India,APAC,PLT-05,Monterrey Plant,Mexico,LATAM,SMB,Germany,DB Schenker,1,1,0,0,0,0.0,0.0,0.0,LOGISTICS
2026-07-01,SUP-044,Supplier 044,India,APAC,PLT-07,Seoul Tech,South Korea,APAC,Government,Germany,UPS,1,1,0,0,0,0.0,0.0,0.0,LOGISTICS
2026-07-01,SUP-044,Supplier 044,India,APAC,PLT-07,Seoul Tech,South Korea,APAC,SMB,Canada,Kuehne+Nagel,1,1,0,0,0,0.0,0.0,0.0,LOGISTICS
2026-07-01,SUP-044,Supplier 044,India,APAC,PLT-06,Sao Paulo Ops,Brazil,LATAM,Enterprise,USA,UPS,1,1,0,0,0,0.0,0.0,0.0,LOGISTICS
2026-07-01,SUP-044,Supplier 044,India,APAC,PLT-02,Detroit Works,USA,NA,SMB,Australia,FedEx,1,1,0,0,0,0.0,0.0,0.0,LOGISTICS
2026-07-01,SUP-044,Supplier 044,India,APAC,PLT-06,Sao Paulo Ops,Brazil,LATAM,SMB,UK,DB Schenker,1,1,1,1,1,100.0,100.0,100.0,LOGISTICS
2026-07-01,SUP-044,Supplier 044,India,APAC,PLT-07,Seoul Tech,South Korea,APAC,SMB,Canada,DB Schenker,1,1,0,0,0,0.0,0.0,0.0,LOGISTICS
2026-07-01,SUP-044,Supplier 044,India,APAC,PLT-06,Sao Paulo Ops,Brazil,LATAM,Government,Canada,Kuehne+Nagel,1,1,0,1,0,0.0,100.0,0.0,LOGISTICS
2026-07-01,SUP-044,Supplier 044,India,APAC,PLT-01,Munich Center,Germany,EMEA,SMB,UK,FedEx,1,1,0,0,0,0.0,0.0,0.0,LOGISTICS
2026-07-01,SUP-045,Supplier 045,Mexico,LATAM,PLT-00,Shanghai Hub,China,APAC,SMB,Germany,FedEx,1,1,0,0,0,0.0,0.0,0.0,LOGISTICS
2026-07-01,SUP-045,Supplier 045,Mexico,LATAM,PLT-02,Detroit Works,USA,NA,SMB,USA,Kuehne+Nagel,1,1,1,1,1,100.0,100.0,100.0,LOGISTICS
2026-07-01,SUP-046,Supplier 046,Brazil,LATAM,PLT-08,Taipei Micro,Taiwan,APAC,Enterprise,USA,Kuehne+Nagel,1,1,1,1,1,100.0,100.0,100.0,LOGISTICS
2026-07-01,SUP-046,Supplier 046,Brazil,LATAM,PLT-03,Tokyo Precision,Japan,APAC,Enterprise,Japan,DHL,1,1,1,0,0,100.0,0.0,0.0,LOGISTICS
2026-07-01,SUP-046,Supplier 046,Brazil,LATAM,PLT-06,Sao Paulo Ops,Brazil,LATAM,Enterprise,USA,DB Schenker,1,1,1,1,1,100.0,100.0,100.0,LOGISTICS
2026-07-01,SUP-046,Supplier 046,Brazil,LATAM,PLT-01,Munich Center,Germany,EMEA,Enterprise,Japan,DB Schenker,1,1,1,0,0,100.0,0.0,0.0,LOGISTICS
2026-07-01,SUP-046,Supplier 046,Brazil,LATAM,PLT-09,Hanoi Assembly,Vietnam,APAC,SMB,Australia,Maersk,1,1,1,1,1,100.0,100.0,100.0,LOGISTICS
2026-07-01,SUP-046,Supplier 046,Brazil,LATAM,PLT-05,Monterrey Plant,Mexico,LATAM,Government,Canada,Maersk,1,2,0,1,0,0.0,50.0,0.0,LOGISTICS
2026-07-01,SUP-046,Supplier 046,Brazil,LATAM,PLT-06,Sao Paulo Ops,Brazil,LATAM,Enterprise,USA,FedEx,1,1,1,0,0,100.0,0.0,0.0,LOGISTICS
2026-07-01,SUP-046,Supplier 046,Brazil,LATAM,PLT-03,Tokyo Precision,Japan,APAC,Enterprise,UK,UPS,1,1,0,1,0,0.0,100.0,0.0,LOGISTICS
2026-07-01,SUP-047,Supplier 047,South Korea,APAC,PLT-08,Taipei Micro,Taiwan,APAC,Government,Singapore,FedEx,1,1,1,1,1,100.0,100.0,100.0,LOGISTICS
2026-07-01,SUP-047,Supplier 047,South Korea,APAC,PLT-09,Hanoi Assembly,Vietnam,APAC,SMB,Australia,FedEx,1,1,1,1,1,100.0,100.0,100.0,LOGISTICS
2026-07-01,SUP-047,Supplier 047,South Korea,APAC,PLT-02,Detroit Works,USA,NA,Enterprise,Canada,Kuehne+Nagel,1,1,1,0,0,100.0,0.0,0.0,LOGISTICS
2026-07-01,SUP-047,Supplier 047,South Korea,APAC,PLT-05,Monterrey Plant,Mexico,LATAM,Government,USA,Kuehne+Nagel,1,1,0,1,0,0.0,100.0,0.0,LOGISTICS
2026-07-01,SUP-047,Supplier 047,South Korea,APAC,PLT-07,Seoul Tech,South Korea,APAC,Government,USA,Maersk,1,1,1,1,1,100.0,100.0,100.0,LOGISTICS
2026-07-01,SUP-047,Supplier 047,South Korea,APAC,PLT-02,Detroit Works,USA,NA,Enterprise,Canada,Maersk,1,1,0,1,0,0.0,100.0,0.0,LOGISTICS
2026-07-01,SUP-047,Supplier 047,South Korea,APAC,PLT-01,Munich Center,Germany,EMEA,Enterprise,Germany,FedEx,1,1,0,0,0,0.0,0.0,0.0,LOGISTICS
2026-07-01,SUP-048,Supplier 048,Taiwan,APAC,PLT-07,Seoul Tech,South Korea,APAC,Enterprise,Japan,Kuehne+Nagel,1,1,1,0,0,100.0,0.0,0.0,LOGISTICS
2026-07-01,SUP-048,Supplier 048,Taiwan,APAC,PLT-03,Tokyo Precision,Japan,APAC,Government,Germany,Maersk,1,1,0,1,0,0.0,100.0,0.0,LOGISTICS
2026-07-01,SUP-048,Supplier 048,Taiwan,APAC,PLT-07,Seoul Tech,South Korea,APAC,SMB,Australia,UPS,1,1,0,1,0,0.0,100.0,0.0,LOGISTICS
2026-07-01,SUP-049,Supplier 049,Vietnam,APAC,PLT-08,Taipei Micro,Taiwan,APAC,Enterprise,Germany,DHL,1,1,0,1,0,0.0,100.0,0.0,LOGISTICS
2026-07-01,SUP-049,Supplier 049,Vietnam,APAC,PLT-05,Monterrey Plant,Mexico,LATAM,Government,Germany,Kuehne+Nagel,1,1,0,0,0,0.0,0.0,0.0,LOGISTICS
2026-07-01,SUP-049,Supplier 049,Vietnam,APAC,PLT-08,Taipei Micro,Taiwan,APAC,Enterprise,Germany,Maersk,1,1,0,0,0,0.0,0.0,0.0,LOGISTICS
2026-07-01,SUP-049,Supplier 049,Vietnam,APAC,PLT-04,Chennai Forge,India,APAC,SMB,Germany,Maersk,1,1,0,1,0,0.0,100.0,0.0,LOGISTICS
2026-07-01,SUP-049,Supplier 049,Vietnam,APAC,PLT-09,Hanoi Assembly,Vietnam,APAC,Enterprise,UK,FedEx,1,1,0,0,0,0.0,0.0,0.0,LOGISTICS
2026-07-01,SUP-049,Supplier 049,Vietnam,APAC,PLT-05,Monterrey Plant,Mexico,LATAM,Government,Germany,DHL,1,1,0,0,0,0.0,0.0,0.0,LOGISTICS
2026-07-01,SUP-049,Supplier 049,Vietnam,APAC,PLT-04,Chennai Forge,India,APAC,SMB,Japan,UPS,1,1,0,0,0,0.0,0.0,0.0,LOGISTICS
2026-07-01,SUP-049,Supplier 049,Vietnam,APAC,PLT-04,Chennai Forge,India,APAC,SMB,Japan,Maersk,1,1,0,1,0,0.0,100.0,0.0,LOGISTICS
2026-08-01,SUP-000,Supplier 000,China,APAC,PLT-09,Hanoi Assembly,Vietnam,APAC,SMB,Australia,UPS,1,1,1,1,1,100.0,100.0,100.0,LOGISTICS
2026-08-01,SUP-000,Supplier 000,China,APAC,PLT-02,Detroit Works,USA,NA,SMB,Canada,Maersk,1,1,1,1,1,100.0,100.0,100.0,LOGISTICS
2026-08-01,SUP-000,Supplier 000,China,APAC,PLT-09,Hanoi Assembly,Vietnam,APAC,SMB,Australia,DB Schenker,1,1,1,0,0,100.0,0.0,0.0,LOGISTICS
2026-08-01,SUP-000,Supplier 000,China,APAC,PLT-06,Sao Paulo Ops,Brazil,LATAM,SMB,France,Maersk,1,1,0,1,0,0.0,100.0,0.0,LOGISTICS
2026-08-01,SUP-000,Supplier 000,China,APAC,PLT-00,Shanghai Hub,China,APAC,Enterprise,France,UPS,1,1,1,1,1,100.0,100.0,100.0,LOGISTICS
2026-08-01,SUP-000,Supplier 000,China,APAC,PLT-05,Monterrey Plant,Mexico,LATAM,Government,Germany,DB Schenker,1,1,0,1,0,0.0,100.0,0.0,LOGISTICS
2026-08-01,SUP-000,Supplier 000,China,APAC,PLT-05,Monterrey Plant,Mexico,LATAM,Government,Germany,DHL,1,1,1,0,0,100.0,0.0,0.0,LOGISTICS
2026-08-01,SUP-000,Supplier 000,China,APAC,PLT-07,Seoul Tech,South Korea,APAC,Enterprise,Germany,FedEx,1,1,1,1,1,100.0,100.0,100.0,LOGISTICS
2026-08-01,SUP-001,Supplier 001,Germany,EMEA,PLT-01,Munich Center,Germany,EMEA,SMB,Australia,DB Schenker,1,1,1,0,0,100.0,0.0,0.0,LOGISTICS
2026-08-01,SUP-001,Supplier 001,Germany,EMEA,PLT-01,Munich Center,Germany,EMEA,SMB,Australia,DHL,1,1,0,0,0,0.0,0.0,0.0,LOGISTICS
2026-08-01,SUP-001,Supplier 001,Germany,EMEA,PLT-04,Chennai Forge,India,APAC,SMB,Australia,FedEx,1,1,0,1,0,0.0,100.0,0.0,LOGISTICS
2026-08-01,SUP-001,Supplier 001,Germany,EMEA,PLT-04,Chennai Forge,India,APAC,SMB,Canada,UPS,1,1,0,0,0,0.0,0.0,0.0,LOGISTICS
2026-08-01,SUP-001,Supplier 001,Germany,EMEA,PLT-05,Monterrey Plant,Mexico,LATAM,SMB,Australia,UPS,1,1,1,0,0,100.0,0.0,0.0,LOGISTICS
2026-08-01,SUP-001,Supplier 001,Germany,EMEA,PLT-00,Shanghai Hub,China,APAC,Government,USA,Kuehne+Nagel,1,1,1,0,0,100.0,0.0,0.0,LOGISTICS
2026-08-01,SUP-001,Supplier 001,Germany,EMEA,PLT-01,Munich Center,Germany,EMEA,SMB,Singapore,DHL,1,1,1,1,1,100.0,100.0,100.0,LOGISTICS
2026-08-01,SUP-001,Supplier 001,Germany,EMEA,PLT-07,Seoul Tech,South Korea,APAC,Government,Canada,DB Schenker,1,1,1,1,1,100.0,100.0,100.0,LOGISTICS
2026-08-01,SUP-001,Supplier 001,Germany,EMEA,PLT-00,Shanghai Hub,China,APAC,Enterprise,Germany,DB Schenker,1,1,1,1,1,100.0,100.0,100.0,LOGISTICS
2026-08-01,SUP-001,Supplier 001,Germany,EMEA,PLT-05,Monterrey Plant,Mexico,LATAM,SMB,Australia,Maersk,1,1,1,1,1,100.0,100.0,100.0,LOGISTICS
2026-08-01,SUP-001,Supplier 001,Germany,EMEA,PLT-09,Hanoi Assembly,Vietnam,APAC,SMB,Australia,DHL,1,1,0,1,0,0.0,100.0,0.0,LOGISTICS
2026-08-01,SUP-002,Supplier 002,USA,NA,PLT-04,Chennai Forge,India,APAC,Government,Germany,Maersk,1,1,1,1,1,100.0,100.0,100.0,LOGISTICS
2026-08-01,SUP-002,Supplier 002,USA,NA,PLT-09,Hanoi Assembly,Vietnam,APAC,Enterprise,USA,DB Schenker,1,1,0,0,0,0.0,0.0,0.0,LOGISTICS
2026-08-01,SUP-002,Supplier 002,USA,NA,PLT-01,Munich Center,Germany,EMEA,SMB,UK,Kuehne+Nagel,1,1,0,1,0,0.0,100.0,0.0,LOGISTICS
2026-08-01,SUP-002,Supplier 002,USA,NA,PLT-03,Tokyo Precision,Japan,APAC,Enterprise,Singapore,Kuehne+Nagel,1,2,2,1,1,100.0,50.0,50.0,LOGISTICS
2026-08-01,SUP-002,Supplier 002,USA,NA,PLT-09,Hanoi Assembly,Vietnam,APAC,SMB,Australia,DB Schenker,1,2,2,0,0,100.0,0.0,0.0,LOGISTICS
2026-08-01,SUP-003,Supplier 003,Japan,APAC,PLT-06,Sao Paulo Ops,Brazil,LATAM,SMB,France,Maersk,1,1,0,1,0,0.0,100.0,0.0,LOGISTICS
2026-08-01,SUP-003,Supplier 003,Japan,APAC,PLT-05,Monterrey Plant,Mexico,LATAM,SMB,UK,UPS,1,1,0,0,0,0.0,0.0,0.0,LOGISTICS
2026-08-01,SUP-003,Supplier 003,Japan,APAC,PLT-08,Taipei Micro,Taiwan,APAC,Government,Germany,FedEx,1,1,0,1,0,0.0,100.0,0.0,LOGISTICS
2026-08-01,SUP-003,Supplier 003,Japan,APAC,PLT-08,Taipei Micro,Taiwan,APAC,SMB,UK,FedEx,1,1,1,0,0,100.0,0.0,0.0,LOGISTICS
2026-08-01,SUP-003,Supplier 003,Japan,APAC,PLT-05,Monterrey Plant,Mexico,LATAM,Government,Germany,DHL,1,2,0,1,0,0.0,50.0,0.0,LOGISTICS
2026-08-01,SUP-003,Supplier 003,Japan,APAC,PLT-07,Seoul Tech,South Korea,APAC,SMB,Canada,DB Schenker,1,1,0,0,0,0.0,0.0,0.0,LOGISTICS
2026-08-01,SUP-003,Supplier 003,Japan,APAC,PLT-08,Taipei Micro,Taiwan,APAC,SMB,Germany,Kuehne+Nagel,1,1,0,1,0,0.0,100.0,0.0,LOGISTICS
2026-08-01,SUP-004,Supplier 004,India,APAC,PLT-08,Taipei Micro,Taiwan,APAC,SMB,Singapore,UPS,1,1,1,1,1,100.0,100.0,100.0,LOGISTICS
2026-08-01,SUP-004,Supplier 004,India,APAC,PLT-04,Chennai Forge,India,APAC,Enterprise,Australia,FedEx,1,1,1,1,1,100.0,100.0,100.0,LOGISTICS
2026-08-01,SUP-004,Supplier 004,India,APAC,PLT-04,Chennai Forge,India,APAC,Government,Japan,UPS,1,1,0,0,0,0.0,0.0,0.0,LOGISTICS
2026-08-01,SUP-004,Supplier 004,India,APAC,PLT-09,Hanoi Assembly,Vietnam,APAC,SMB,Singapore,Kuehne+Nagel,1,1,1,0,0,100.0,0.0,0.0,LOGISTICS
2026-08-01,SUP-004,Supplier 004,India,APAC,PLT-04,Chennai Forge,India,APAC,Enterprise,Canada,UPS,1,1,1,0,0,100.0,0.0,0.0,LOGISTICS
2026-08-01,SUP-004,Supplier 004,India,APAC,PLT-07,Seoul Tech,South Korea,APAC,Enterprise,France,DHL,1,1,1,1,1,100.0,100.0,100.0,LOGISTICS
2026-08-01,SUP-004,Supplier 004,India,APAC,PLT-08,Taipei Micro,Taiwan,APAC,SMB,France,Kuehne+Nagel,1,1,0,0,0,0.0,0.0,0.0,LOGISTICS
2026-08-01,SUP-004,Supplier 004,India,APAC,PLT-06,Sao Paulo Ops,Brazil,LATAM,SMB,Germany,Kuehne+Nagel,1,1,0,1,0,0.0,100.0,0.0,LOGISTICS
2026-08-01,SUP-004,Supplier 004,India,APAC,PLT-08,Taipei Micro,Taiwan,APAC,SMB,France,Maersk,1,1,1,1,1,100.0,100.0,100.0,LOGISTICS
2026-08-01,SUP-004,Supplier 004,India,APAC,PLT-06,Sao Paulo Ops,Brazil,LATAM,SMB,Germany,DHL,1,1,1,0,0,100.0,0.0,0.0,LOGISTICS
2026-08-01,SUP-005,Supplier 005,Mexico,LATAM,PLT-06,Sao Paulo Ops,Brazil,LATAM,SMB,Singapore,UPS,1,1,1,1,1,100.0,100.0,100.0,LOGISTICS
2026-08-01,SUP-005,Supplier 005,Mexico,LATAM,PLT-08,Taipei Micro,Taiwan,APAC,SMB,Singapore,UPS,1,1,0,1,0,0.0,100.0,0.0,LOGISTICS
2026-08-01,SUP-005,Supplier 005,Mexico,LATAM,PLT-00,Shanghai Hub,China,APAC,Enterprise,USA,DHL,1,1,1,1,1,100.0,100.0,100.0,LOGISTICS
2026-08-01,SUP-005,Supplier 005,Mexico,LATAM,PLT-02,Detroit Works,USA,NA,SMB,Australia,DB Schenker,1,1,0,0,0,0.0,0.0,0.0,LOGISTICS
2026-08-01,SUP-005,Supplier 005,Mexico,LATAM,PLT-09,Hanoi Assembly,Vietnam,APAC,Enterprise,UK,Kuehne+Nagel,1,1,1,1,1,100.0,100.0,100.0,LOGISTICS
2026-08-01,SUP-005,Supplier 005,Mexico,LATAM,PLT-06,Sao Paulo Ops,Brazil,LATAM,SMB,Singapore,FedEx,1,1,1,0,0,100.0,0.0,0.0,LOGISTICS
2026-08-01,SUP-005,Supplier 005,Mexico,LATAM,PLT-03,Tokyo Precision,Japan,APAC,SMB,USA,UPS,1,1,0,1,0,0.0,100.0,0.0,LOGISTICS
2026-08-01,SUP-005,Supplier 005,Mexico,LATAM,PLT-08,Taipei Micro,Taiwan,APAC,Enterprise,USA,Maersk,1,2,2,1,1,100.0,50.0,50.0,LOGISTICS
2026-08-01,SUP-006,Supplier 006,Brazil,LATAM,PLT-04,Chennai Forge,India,APAC,Enterprise,Japan,DHL,1,1,0,1,0,0.0,100.0,0.0,LOGISTICS
2026-08-01,SUP-006,Supplier 006,Brazil,LATAM,PLT-04,Chennai Forge,India,APAC,Enterprise,Canada,Maersk,1,1,1,1,1,100.0,100.0,100.0,LOGISTICS
2026-08-01,SUP-006,Supplier 006,Brazil,LATAM,PLT-01,Munich Center,Germany,EMEA,SMB,UK,DHL,1,1,1,0,0,100.0,0.0,0.0,LOGISTICS
2026-08-01,SUP-007,Supplier 007,South Korea,APAC,PLT-09,Hanoi Assembly,Vietnam,APAC,SMB,Canada,Maersk,1,1,1,1,1,100.0,100.0,100.0,LOGISTICS
2026-08-01,SUP-007,Supplier 007,South Korea,APAC,PLT-09,Hanoi Assembly,Vietnam,APAC,Government,Canada,FedEx,1,1,0,1,0,0.0,100.0,0.0,LOGISTICS
2026-08-01,SUP-007,Supplier 007,South Korea,APAC,PLT-01,Munich Center,Germany,EMEA,SMB,Australia,UPS,1,1,1,1,1,100.0,100.0,100.0,LOGISTICS
2026-08-01,SUP-007,Supplier 007,South Korea,APAC,PLT-01,Munich Center,Germany,EMEA,Enterprise,Germany,FedEx,1,1,1,0,0,100.0,0.0,0.0,LOGISTICS
2026-08-01,SUP-007,Supplier 007,South Korea,APAC,PLT-00,Shanghai Hub,China,APAC,Enterprise,Germany,DB Schenker,1,1,0,0,0,0.0,0.0,0.0,LOGISTICS
2026-08-01,SUP-007,Supplier 007,South Korea,APAC,PLT-01,Munich Center,Germany,EMEA,SMB,UK,DB Schenker,1,1,0,1,0,0.0,100.0,0.0,LOGISTICS
2026-08-01,SUP-008,Supplier 008,Taiwan,APAC,PLT-05,Monterrey Plant,Mexico,LATAM,SMB,Canada,UPS,1,1,1,1,1,100.0,100.0,100.0,LOGISTICS
2026-08-01,SUP-008,Supplier 008,Taiwan,APAC,PLT-03,Tokyo Precision,Japan,APAC,SMB,Canada,DHL,1,1,1,1,1,100.0,100.0,100.0,LOGISTICS
2026-08-01,SUP-008,Supplier 008,Taiwan,APAC,PLT-09,Hanoi Assembly,Vietnam,APAC,Government,Singapore,DB Schenker,1,1,0,1,0,0.0,100.0,0.0,LOGISTICS
2026-08-01,SUP-009,Supplier 009,Vietnam,APAC,PLT-05,Monterrey Plant,Mexico,LATAM,Enterprise,Germany,DHL,1,1,1,1,1,100.0,100.0,100.0,LOGISTICS
2026-08-01,SUP-009,Supplier 009,Vietnam,APAC,PLT-08,Taipei Micro,Taiwan,APAC,SMB,France,FedEx,1,1,1,1,1,100.0,100.0,100.0,LOGISTICS
2026-08-01,SUP-009,Supplier 009,Vietnam,APAC,PLT-05,Monterrey Plant,Mexico,LATAM,SMB,UK,Kuehne+Nagel,1,1,1,1,1,100.0,100.0,100.0,LOGISTICS
2026-08-01,SUP-009,Supplier 009,Vietnam,APAC,PLT-08,Taipei Micro,Taiwan,APAC,SMB,UK,DB Schenker,1,1,0,0,0,0.0,0.0,0.0,LOGISTICS
2026-08-01,SUP-009,Supplier 009,Vietnam,APAC,PLT-05,Monterrey Plant,Mexico,LATAM,SMB,UK,FedEx,1,1,1,0,0,100.0,0.0,0.0,LOGISTICS
2026-08-01,SUP-010,Supplier 010,China,APAC,PLT-07,Seoul Tech,South Korea,APAC,Enterprise,Canada,UPS,1,1,0,1,0,0.0,100.0,0.0,LOGISTICS
2026-08-01,SUP-010,Supplier 010,China,APAC,PLT-09,Hanoi Assembly,Vietnam,APAC,SMB,Singapore,FedEx,1,1,1,0,0,100.0,0.0,0.0,LOGISTICS
2026-08-01,SUP-010,Supplier 010,China,APAC,PLT-02,Detroit Works,USA,NA,SMB,France,Maersk,1,1,0,1,0,0.0,100.0,0.0,LOGISTICS
2026-08-01,SUP-010,Supplier 010,China,APAC,PLT-09,Hanoi Assembly,Vietnam,APAC,SMB,Singapore,Kuehne+Nagel,1,1,0,0,0,0.0,0.0,0.0,LOGISTICS
2026-08-01,SUP-010,Supplier 010,China,APAC,PLT-08,Taipei Micro,Taiwan,APAC,SMB,UK,UPS,1,1,0,0,0,0.0,0.0,0.0,LOGISTICS
2026-08-01,SUP-010,Supplier 010,China,APAC,PLT-09,Hanoi Assembly,Vietnam,APAC,SMB,Japan,DB Schenker,1,1,0,0,0,0.0,0.0,0.0,LOGISTICS
2026-08-01,SUP-010,Supplier 010,China,APAC,PLT-09,Hanoi Assembly,Vietnam,APAC,SMB,Japan,Kuehne+Nagel,1,1,1,1,1,100.0,100.0,100.0,LOGISTICS
2026-08-01,SUP-010,Supplier 010,China,APAC,PLT-06,Sao Paulo Ops,Brazil,LATAM,Enterprise,Germany,FedEx,1,1,1,0,0,100.0,0.0,0.0,LOGISTICS
2026-08-01,SUP-010,Supplier 010,China,APAC,PLT-09,Hanoi Assembly,Vietnam,APAC,Enterprise,Japan,UPS,1,1,0,1,0,0.0,100.0,0.0,LOGISTICS
2026-08-01,SUP-010,Supplier 010,China,APAC,PLT-08,Taipei Micro,Taiwan,APAC,SMB,UK,DB Schenker,1,1,1,1,1,100.0,100.0,100.0,LOGISTICS
2026-08-01,SUP-010,Supplier 010,China,APAC,PLT-02,Detroit Works,USA,NA,Enterprise,France,Kuehne+Nagel,1,1,0,0,0,0.0,0.0,0.0,LOGISTICS
2026-08-01,SUP-010,Supplier 010,China,APAC,PLT-07,Seoul Tech,South Korea,APAC,Enterprise,Germany,Kuehne+Nagel,1,1,1,1,1,100.0,100.0,100.0,LOGISTICS
2026-08-01,SUP-011,Supplier 011,Germany,EMEA,PLT-01,Munich Center,Germany,EMEA,Government,Japan,Kuehne+Nagel,1,1,0,1,0,0.0,100.0,0.0,LOGISTICS
2026-08-01,SUP-011,Supplier 011,Germany,EMEA,PLT-06,Sao Paulo Ops,Brazil,LATAM,Enterprise,USA,UPS,1,1,1,1,1,100.0,100.0,100.0,LOGISTICS
2026-08-01,SUP-011,Supplier 011,Germany,EMEA,PLT-00,Shanghai Hub,China,APAC,SMB,Singapore,FedEx,1,1,1,0,0,100.0,0.0,0.0,LOGISTICS
2026-08-01,SUP-011,Supplier 011,Germany,EMEA,PLT-02,Detroit Works,USA,NA,Enterprise,Germany,Kuehne+Nagel,1,1,0,1,0,0.0,100.0,0.0,LOGISTICS
2026-08-01,SUP-012,Supplier 012,USA,NA,PLT-08,Taipei Micro,Taiwan,APAC,SMB,Australia,Maersk,1,1,1,1,1,100.0,100.0,100.0,LOGISTICS
2026-08-01,SUP-012,Supplier 012,USA,NA,PLT-01,Munich Center,Germany,EMEA,SMB,Japan,DHL,1,1,0,1,0,0.0,100.0,0.0,LOGISTICS
2026-08-01,SUP-012,Supplier 012,USA,NA,PLT-06,Sao Paulo Ops,Brazil,LATAM,Enterprise,Singapore,DB Schenker,1,1,1,1,1,100.0,100.0,100.0,LOGISTICS
2026-08-01,SUP-012,Supplier 012,USA,NA,PLT-09,Hanoi Assembly,Vietnam,APAC,SMB,Singapore,FedEx,1,1,0,0,0,0.0,0.0,0.0,LOGISTICS
2026-08-01,SUP-012,Supplier 012,USA,NA,PLT-02,Detroit Works,USA,NA,Government,Australia,Kuehne+Nagel,1,1,1,1,1,100.0,100.0,100.0,LOGISTICS
2026-08-01,SUP-012,Supplier 012,USA,NA,PLT-02,Detroit Works,USA,NA,Government,Australia,UPS,1,1,0,0,0,0.0,0.0,0.0,LOGISTICS
2026-08-01,SUP-012,Supplier 012,USA,NA,PLT-09,Hanoi Assembly,Vietnam,APAC,SMB,Singapore,DB Schenker,1,1,0,0,0,0.0,0.0,0.0,LOGISTICS
2026-08-01,SUP-013,Supplier 013,Japan,APAC,PLT-01,Munich Center,Germany,EMEA,Enterprise,France,FedEx,1,1,1,0,0,100.0,0.0,0.0,LOGISTICS
2026-08-01,SUP-013,Supplier 013,Japan,APAC,PLT-09,Hanoi Assembly,Vietnam,APAC,Enterprise,Japan,DB Schenker,1,1,0,1,0,0.0,100.0,0.0,LOGISTICS
2026-08-01,SUP-013,Supplier 013,Japan,APAC,PLT-02,Detroit Works,USA,NA,Government,Germany,Kuehne+Nagel,1,1,1,0,0,100.0,0.0,0.0,LOGISTICS
2026-08-01,SUP-013,Supplier 013,Japan,APAC,PLT-09,Hanoi Assembly,Vietnam,APAC,Government,USA,Kuehne+Nagel,1,1,0,1,0,0.0,100.0,0.0,LOGISTICS
2026-08-01,SUP-013,Supplier 013,Japan,APAC,PLT-07,Seoul Tech,South Korea,APAC,SMB,USA,Maersk,1,1,1,1,1,100.0,100.0,100.0,LOGISTICS
2026-08-01,SUP-013,Supplier 013,Japan,APAC,PLT-09,Hanoi Assembly,Vietnam,APAC,SMB,UK,UPS,1,1,1,1,1,100.0,100.0,100.0,LOGISTICS
2026-08-01,SUP-013,Supplier 013,Japan,APAC,PLT-00,Shanghai Hub,China,APAC,Government,Germany,FedEx,1,1,1,1,1,100.0,100.0,100.0,LOGISTICS
2026-08-01,SUP-014,Supplier 014,India,APAC,PLT-04,Chennai Forge,India,APAC,Enterprise,Japan,Kuehne+Nagel,1,1,0,1,0,0.0,100.0,0.0,LOGISTICS
2026-08-01,SUP-014,Supplier 014,India,APAC,PLT-08,Taipei Micro,Taiwan,APAC,SMB,Japan,UPS,1,1,1,0,0,100.0,0.0,0.0,LOGISTICS
2026-08-01,SUP-014,Supplier 014,India,APAC,PLT-02,Detroit Works,USA,NA,SMB,Singapore,Kuehne+Nagel,1,1,0,0,0,0.0,0.0,0.0,LOGISTICS
2026-08-01,SUP-014,Supplier 014,India,APAC,PLT-08,Taipei Micro,Taiwan,APAC,SMB,Japan,DHL,1,1,1,1,1,100.0,100.0,100.0,LOGISTICS
2026-08-01,SUP-014,Supplier 014,India,APAC,PLT-00,Shanghai Hub,China,APAC,Enterprise,USA,UPS,1,1,0,0,0,0.0,0.0,0.0,LOGISTICS
2026-08-01,SUP-014,Supplier 014,India,APAC,PLT-08,Taipei Micro,Taiwan,APAC,SMB,UK,FedEx,1,2,1,1,1,50.0,50.0,50.0,LOGISTICS
2026-08-01,SUP-014,Supplier 014,India,APAC,PLT-05,Monterrey Plant,Mexico,LATAM,SMB,USA,Maersk,1,1,1,1,1,100.0,100.0,100.0,LOGISTICS
2026-08-01,SUP-014,Supplier 014,India,APAC,PLT-00,Shanghai Hub,China,APAC,Enterprise,USA,Kuehne+Nagel,1,1,0,1,0,0.0,100.0,0.0,LOGISTICS
2026-08-01,SUP-015,Supplier 015,Mexico,LATAM,PLT-00,Shanghai Hub,China,APAC,Enterprise,Germany,UPS,1,1,0,1,0,0.0,100.0,0.0,LOGISTICS
2026-08-01,SUP-015,Supplier 015,Mexico,LATAM,PLT-00,Shanghai Hub,China,APAC,Enterprise,Japan,Kuehne+Nagel,1,1,0,1,0,0.0,100.0,0.0,LOGISTICS
2026-08-01,SUP-015,Supplier 015,Mexico,LATAM,PLT-06,Sao Paulo Ops,Brazil,LATAM,Enterprise,UK,FedEx,1,1,1,0,0,100.0,0.0,0.0,LOGISTICS
2026-08-01,SUP-015,Supplier 015,Mexico,LATAM,PLT-01,Munich Center,Germany,EMEA,Enterprise,Australia,UPS,1,1,0,1,0,0.0,100.0,0.0,LOGISTICS
2026-08-01,SUP-015,Supplier 015,Mexico,LATAM,PLT-00,Shanghai Hub,China,APAC,Enterprise,UK,Kuehne+Nagel,1,1,0,1,0,0.0,100.0,0.0,LOGISTICS
2026-08-01,SUP-015,Supplier 015,Mexico,LATAM,PLT-06,Sao Paulo Ops,Brazil,LATAM,Enterprise,UK,Kuehne+Nagel,1,1,1,1,1,100.0,100.0,100.0,LOGISTICS
2026-08-01,SUP-015,Supplier 015,Mexico,LATAM,PLT-03,Tokyo Precision,Japan,APAC,Government,Japan,Kuehne+Nagel,1,1,1,1,1,100.0,100.0,100.0,LOGISTICS
2026-08-01,SUP-015,Supplier 015,Mexico,LATAM,PLT-00,Shanghai Hub,China,APAC,Enterprise,Japan,Maersk,1,1,0,0,0,0.0,0.0,0.0,LOGISTICS
2026-08-01,SUP-015,Supplier 015,Mexico,LATAM,PLT-03,Tokyo Precision,Japan,APAC,SMB,UK,DB Schenker,1,1,0,0,0,0.0,0.0,0.0,LOGISTICS
2026-08-01,SUP-016,Supplier 016,Brazil,LATAM,PLT-06,Sao Paulo Ops,Brazil,LATAM,SMB,Australia,Kuehne+Nagel,1,1,1,0,0,100.0,0.0,0.0,LOGISTICS
2026-08-01,SUP-016,Supplier 016,Brazil,LATAM,PLT-05,Monterrey Plant,Mexico,LATAM,SMB,UK,Kuehne+Nagel,1,1,0,1,0,0.0,100.0,0.0,LOGISTICS
2026-08-01,SUP-016,Supplier 016,Brazil,LATAM,PLT-07,Seoul Tech,South Korea,APAC,Government,Singapore,DHL,1,1,1,0,0,100.0,0.0,0.0,LOGISTICS
2026-08-01,SUP-016,Supplier 016,Brazil,LATAM,PLT-06,Sao Paulo Ops,Brazil,LATAM,SMB,Australia,DHL,1,1,1,0,0,100.0,0.0,0.0,LOGISTICS
2026-08-01,SUP-016,Supplier 016,Brazil,LATAM,PLT-06,Sao Paulo Ops,Brazil,LATAM,SMB,Germany,FedEx,1,1,0,0,0,0.0,0.0,0.0,LOGISTICS
2026-08-01,SUP-016,Supplier 016,Brazil,LATAM,PLT-02,Detroit Works,USA,NA,SMB,Japan,DB Schenker,1,1,1,1,1,100.0,100.0,100.0,LOGISTICS
2026-08-01,SUP-016,Supplier 016,Brazil,LATAM,PLT-09,Hanoi Assembly,Vietnam,APAC,Government,USA,UPS,1,1,1,1,1,100.0,100.0,100.0,LOGISTICS
2026-08-01,SUP-016,Supplier 016,Brazil,LATAM,PLT-06,Sao Paulo Ops,Brazil,LATAM,SMB,Germany,DHL,1,1,1,0,0,100.0,0.0,0.0,LOGISTICS
2026-08-01,SUP-016,Supplier 016,Brazil,LATAM,PLT-04,Chennai Forge,India,APAC,Enterprise,USA,Kuehne+Nagel,1,1,0,1,0,0.0,100.0,0.0,LOGISTICS
2026-08-01,SUP-016,Supplier 016,Brazil,LATAM,PLT-04,Chennai Forge,India,APAC,SMB,Singapore,FedEx,1,1,0,1,0,0.0,100.0,0.0,LOGISTICS
2026-08-01,SUP-017,Supplier 017,South Korea,APAC,PLT-02,Detroit Works,USA,NA,Government,Australia,Kuehne+Nagel,1,1,0,1,0,0.0,100.0,0.0,LOGISTICS
2026-08-01,SUP-017,Supplier 017,South Korea,APAC,PLT-07,Seoul Tech,South Korea,APAC,Enterprise,USA,Kuehne+Nagel,1,1,0,1,0,0.0,100.0,0.0,LOGISTICS
2026-08-01,SUP-017,Supplier 017,South Korea,APAC,PLT-09,Hanoi Assembly,Vietnam,APAC,Government,Australia,Kuehne+Nagel,1,1,1,1,1,100.0,100.0,100.0,LOGISTICS
2026-08-01,SUP-017,Supplier 017,South Korea,APAC,PLT-08,Taipei Micro,Taiwan,APAC,Government,France,UPS,1,1,0,0,0,0.0,0.0,0.0,LOGISTICS
2026-08-01,SUP-017,Supplier 017,South Korea,APAC,PLT-01,Munich Center,Germany,EMEA,SMB,Canada,Kuehne+Nagel,1,1,1,1,1,100.0,100.0,100.0,LOGISTICS
2026-08-01,SUP-017,Supplier 017,South Korea,APAC,PLT-06,Sao Paulo Ops,Brazil,LATAM,SMB,Germany,UPS,1,1,0,0,0,0.0,0.0,0.0,LOGISTICS
2026-08-01,SUP-017,Supplier 017,South Korea,APAC,PLT-08,Taipei Micro,Taiwan,APAC,Government,France,DHL,1,1,0,0,0,0.0,0.0,0.0,LOGISTICS
2026-08-01,SUP-017,Supplier 017,South Korea,APAC,PLT-08,Taipei Micro,Taiwan,APAC,SMB,Singapore,DB Schenker,1,1,0,0,0,0.0,0.0,0.0,LOGISTICS
2026-08-01,SUP-018,Supplier 018,Taiwan,APAC,PLT-08,Taipei Micro,Taiwan,APAC,SMB,Canada,FedEx,1,1,1,1,1,100.0,100.0,100.0,LOGISTICS
2026-08-01,SUP-018,Supplier 018,Taiwan,APAC,PLT-02,Detroit Works,USA,NA,SMB,UK,UPS,1,1,0,0,0,0.0,0.0,0.0,LOGISTICS
2026-08-01,SUP-018,Supplier 018,Taiwan,APAC,PLT-03,Tokyo Precision,Japan,APAC,Government,USA,Maersk,1,1,0,0,0,0.0,0.0,0.0,LOGISTICS
2026-08-01,SUP-018,Supplier 018,Taiwan,APAC,PLT-01,Munich Center,Germany,EMEA,SMB,Australia,Kuehne+Nagel,1,1,0,1,0,0.0,100.0,0.0,LOGISTICS
2026-08-01,SUP-018,Supplier 018,Taiwan,APAC,PLT-02,Detroit Works,USA,NA,Government,USA,UPS,1,1,0,1,0,0.0,100.0,0.0,LOGISTICS
2026-08-01,SUP-019,Supplier 019,Vietnam,APAC,PLT-08,Taipei Micro,Taiwan,APAC,Enterprise,France,Kuehne+Nagel,1,1,0,1,0,0.0,100.0,0.0,LOGISTICS
2026-08-01,SUP-019,Supplier 019,Vietnam,APAC,PLT-05,Monterrey Plant,Mexico,LATAM,Enterprise,Germany,DB Schenker,1,1,0,1,0,0.0,100.0,0.0,LOGISTICS
2026-08-01,SUP-019,Supplier 019,Vietnam,APAC,PLT-08,Taipei Micro,Taiwan,APAC,Enterprise,USA,Maersk,1,1,1,0,0,100.0,0.0,0.0,LOGISTICS
2026-08-01,SUP-019,Supplier 019,Vietnam,APAC,PLT-01,Munich Center,Germany,EMEA,Enterprise,France,Kuehne+Nagel,1,1,1,1,1,100.0,100.0,100.0,LOGISTICS
2026-08-01,SUP-019,Supplier 019,Vietnam,APAC,PLT-07,Seoul Tech,South Korea,APAC,SMB,Canada,DB Schenker,1,1,0,1,0,0.0,100.0,0.0,LOGISTICS
2026-08-01,SUP-019,Supplier 019,Vietnam,APAC,PLT-08,Taipei Micro,Taiwan,APAC,Enterprise,USA,FedEx,1,1,1,1,1,100.0,100.0,100.0,LOGISTICS
2026-08-01,SUP-019,Supplier 019,Vietnam,APAC,PLT-02,Detroit Works,USA,NA,SMB,Singapore,DB Schenker,1,1,0,1,0,0.0,100.0,0.0,LOGISTICS
2026-08-01,SUP-019,Supplier 019,Vietnam,APAC,PLT-03,Tokyo Precision,Japan,APAC,SMB,Germany,FedEx,1,1,0,1,0,0.0,100.0,0.0,LOGISTICS
2026-08-01,SUP-019,Supplier 019,Vietnam,APAC,PLT-05,Monterrey Plant,Mexico,LATAM,Enterprise,Germany,FedEx,1,1,0,0,0,0.0,0.0,0.0,LOGISTICS
2026-08-01,SUP-019,Supplier 019,Vietnam,APAC,PLT-01,Munich Center,Germany,EMEA,Enterprise,Germany,DB Schenker,1,1,1,0,0,100.0,0.0,0.0,LOGISTICS
2026-08-01,SUP-019,Supplier 019,Vietnam,APAC,PLT-08,Taipei Micro,Taiwan,APAC,SMB,Canada,UPS,1,1,0,1,0,0.0,100.0,0.0,LOGISTICS
2026-08-01,SUP-019,Supplier 019,Vietnam,APAC,PLT-05,Monterrey Plant,Mexico,LATAM,SMB,UK,Maersk,1,1,0,1,0,0.0,100.0,0.0,LOGISTICS
2026-08-01,SUP-020,Supplier 020,China,APAC,PLT-00,Shanghai Hub,China,APAC,Government,Germany,DHL,1,1,1,0,0,100.0,0.0,0.0,LOGISTICS
2026-08-01,SUP-020,Supplier 020,China,APAC,PLT-05,Monterrey Plant,Mexico,LATAM,SMB,France,UPS,1,1,1,1,1,100.0,100.0,100.0,LOGISTICS
2026-08-01,SUP-020,Supplier 020,China,APAC,PLT-07,Seoul Tech,South Korea,APAC,SMB,Australia,DHL,1,1,0,1,0,0.0,100.0,0.0,LOGISTICS
2026-08-01,SUP-020,Supplier 020,China,APAC,PLT-01,Munich Center,Germany,EMEA,SMB,France,FedEx,1,2,1,1,0,50.0,50.0,0.0,LOGISTICS
2026-08-01,SUP-020,Supplier 020,China,APAC,PLT-01,Munich Center,Germany,EMEA,SMB,Japan,Maersk,1,1,1,1,1,100.0,100.0,100.0,LOGISTICS
2026-08-01,SUP-020,Supplier 020,China,APAC,PLT-08,Taipei Micro,Taiwan,APAC,SMB,Japan,DHL,1,1,0,0,0,0.0,0.0,0.0,LOGISTICS
2026-08-01,SUP-020,Supplier 020,China,APAC,PLT-08,Taipei Micro,Taiwan,APAC,Enterprise,Germany,DB Schenker,1,1,0,1,0,0.0,100.0,0.0,LOGISTICS
2026-08-01,SUP-020,Supplier 020,China,APAC,PLT-08,Taipei Micro,Taiwan,APAC,SMB,Japan,UPS,1,1,0,1,0,0.0,100.0,0.0,LOGISTICS
2026-08-01,SUP-020,Supplier 020,China,APAC,PLT-04,Chennai Forge,India,APAC,Government,USA,DB Schenker,1,1,0,0,0,0.0,0.0,0.0,LOGISTICS
2026-08-01,SUP-021,Supplier 021,Germany,EMEA,PLT-06,Sao Paulo Ops,Brazil,LATAM,SMB,Australia,DHL,1,1,1,1,1,100.0,100.0,100.0,LOGISTICS
2026-08-01,SUP-021,Supplier 021,Germany,EMEA,PLT-06,Sao Paulo Ops,Brazil,LATAM,Enterprise,USA,FedEx,1,1,1,0,0,100.0,0.0,0.0,LOGISTICS
2026-08-01,SUP-021,Supplier 021,Germany,EMEA,PLT-06,Sao Paulo Ops,Brazil,LATAM,Enterprise,USA,DHL,1,1,0,1,0,0.0,100.0,0.0,LOGISTICS
2026-08-01,SUP-021,Supplier 021,Germany,EMEA,PLT-08,Taipei Micro,Taiwan,APAC,Government,Australia,Maersk,1,1,1,1,1,100.0,100.0,100.0,LOGISTICS
2026-08-01,SUP-022,Supplier 022,USA,NA,PLT-09,Hanoi Assembly,Vietnam,APAC,Enterprise,Japan,Maersk,1,1,1,1,1,100.0,100.0,100.0,LOGISTICS
2026-08-01,SUP-022,Supplier 022,USA,NA,PLT-00,Shanghai Hub,China,APAC,SMB,Germany,FedEx,1,1,0,0,0,0.0,0.0,0.0,LOGISTICS
2026-08-01,SUP-022,Supplier 022,USA,NA,PLT-03,Tokyo Precision,Japan,APAC,SMB,UK,UPS,1,1,0,0,0,0.0,0.0,0.0,LOGISTICS
2026-08-01,SUP-022,Supplier 022,USA,NA,PLT-01,Munich Center,Germany,EMEA,SMB,Germany,UPS,1,1,1,1,1,100.0,100.0,100.0,LOGISTICS
2026-08-01,SUP-022,Supplier 022,USA,NA,PLT-07,Seoul Tech,South Korea,APAC,Enterprise,USA,Maersk,1,1,0,1,0,0.0,100.0,0.0,LOGISTICS
2026-08-01,SUP-022,Supplier 022,USA,NA,PLT-05,Monterrey Plant,Mexico,LATAM,Government,Singapore,Maersk,1,1,0,0,0,0.0,0.0,0.0,LOGISTICS
2026-08-01,SUP-022,Supplier 022,USA,NA,PLT-05,Monterrey Plant,Mexico,LATAM,Government,Singapore,UPS,1,1,0,0,0,0.0,0.0,0.0,LOGISTICS
2026-08-01,SUP-022,Supplier 022,USA,NA,PLT-01,Munich Center,Germany,EMEA,Enterprise,Germany,Kuehne+Nagel,1,1,1,0,0,100.0,0.0,0.0,LOGISTICS
2026-08-01,SUP-022,Supplier 022,USA,NA,PLT-05,Monterrey Plant,Mexico,LATAM,SMB,Singapore,DB Schenker,1,1,0,0,0,0.0,0.0,0.0,LOGISTICS
2026-08-01,SUP-022,Supplier 022,USA,NA,PLT-02,Detroit Works,USA,NA,Enterprise,USA,UPS,1,1,1,0,0,100.0,0.0,0.0,LOGISTICS
2026-08-01,SUP-022,Supplier 022,USA,NA,PLT-09,Hanoi Assembly,Vietnam,APAC,SMB,Japan,DB Schenker,1,1,0,0,0,0.0,0.0,0.0,LOGISTICS
2026-08-01,SUP-022,Supplier 022,USA,NA,PLT-02,Detroit Works,USA,NA,Enterprise,USA,FedEx,1,1,1,0,0,100.0,0.0,0.0,LOGISTICS
2026-08-01,SUP-022,Supplier 022,USA,NA,PLT-09,Hanoi Assembly,Vietnam,APAC,SMB,USA,DHL,1,1,1,1,1,100.0,100.0,100.0,LOGISTICS
2026-08-01,SUP-023,Supplier 023,Japan,APAC,PLT-02,Detroit Works,USA,NA,SMB,France,FedEx,1,1,1,0,0,100.0,0.0,0.0,LOGISTICS
2026-08-01,SUP-023,Supplier 023,Japan,APAC,PLT-02,Detroit Works,USA,NA,Government,Germany,Maersk,1,1,1,1,1,100.0,100.0,100.0,LOGISTICS
2026-08-01,SUP-023,Supplier 023,Japan,APAC,PLT-02,Detroit Works,USA,NA,Government,France,Kuehne+Nagel,1,1,0,0,0,0.0,0.0,0.0,LOGISTICS
2026-08-01,SUP-023,Supplier 023,Japan,APAC,PLT-08,Taipei Micro,Taiwan,APAC,SMB,France,DB Schenker,1,1,0,1,0,0.0,100.0,0.0,LOGISTICS
2026-08-01,SUP-023,Supplier 023,Japan,APAC,PLT-04,Chennai Forge,India,APAC,SMB,Germany,DB Schenker,1,1,0,1,0,0.0,100.0,0.0,LOGISTICS
2026-08-01,SUP-023,Supplier 023,Japan,APAC,PLT-03,Tokyo Precision,Japan,APAC,SMB,USA,Kuehne+Nagel,1,1,1,1,1,100.0,100.0,100.0,LOGISTICS
2026-08-01,SUP-023,Supplier 023,Japan,APAC,PLT-08,Taipei Micro,Taiwan,APAC,SMB,Japan,DB Schenker,1,1,1,0,0,100.0,0.0,0.0,LOGISTICS
2026-08-01,SUP-023,Supplier 023,Japan,APAC,PLT-02,Detroit Works,USA,NA,Enterprise,USA,UPS,1,1,1,1,1,100.0,100.0,100.0,LOGISTICS
2026-08-01,SUP-023,Supplier 023,Japan,APAC,PLT-02,Detroit Works,USA,NA,Government,France,Maersk,1,1,1,0,0,100.0,0.0,0.0,LOGISTICS
2026-08-01,SUP-024,Supplier 024,India,APAC,PLT-07,Seoul Tech,South Korea,APAC,Government,UK,DHL,1,1,1,1,1,100.0,100.0,100.0,LOGISTICS
2026-08-01,SUP-024,Supplier 024,India,APAC,PLT-04,Chennai Forge,India,APAC,Government,France,FedEx,1,1,0,1,0,0.0,100.0,0.0,LOGISTICS
2026-08-01,SUP-024,Supplier 024,India,APAC,PLT-08,Taipei Micro,Taiwan,APAC,SMB,Germany,FedEx,1,1,0,1,0,0.0,100.0,0.0,LOGISTICS
2026-08-01,SUP-024,Supplier 024,India,APAC,PLT-07,Seoul Tech,South Korea,APAC,SMB,Germany,Kuehne+Nagel,1,1,1,0,0,100.0,0.0,0.0,LOGISTICS
2026-08-01,SUP-024,Supplier 024,India,APAC,PLT-01,Munich Center,Germany,EMEA,SMB,Canada,UPS,1,2,0,1,0,0.0,50.0,0.0,LOGISTICS
2026-08-01,SUP-024,Supplier 024,India,APAC,PLT-08,Taipei Micro,Taiwan,APAC,Enterprise,Canada,DB Schenker,1,1,1,0,0,100.0,0.0,0.0,LOGISTICS
2026-08-01,SUP-024,Supplier 024,India,APAC,PLT-02,Detroit Works,USA,NA,SMB,Germany,UPS,1,1,0,1,0,0.0,100.0,0.0,LOGISTICS
2026-08-01,SUP-024,Supplier 024,India,APAC,PLT-08,Taipei Micro,Taiwan,APAC,SMB,Australia,DB Schenker,1,1,1,1,1,100.0,100.0,100.0,LOGISTICS
2026-08-01,SUP-024,Supplier 024,India,APAC,PLT-00,Shanghai Hub,China,APAC,Enterprise,USA,FedEx,1,1,1,1,1,100.0,100.0,100.0,LOGISTICS
2026-08-01,SUP-025,Supplier 025,Mexico,LATAM,PLT-02,Detroit Works,USA,NA,Government,Australia,DB Schenker,1,1,0,1,0,0.0,100.0,0.0,LOGISTICS
2026-08-01,SUP-025,Supplier 025,Mexico,LATAM,PLT-01,Munich Center,Germany,EMEA,Government,Japan,Kuehne+Nagel,1,1,1,0,0,100.0,0.0,0.0,LOGISTICS
2026-08-01,SUP-025,Supplier 025,Mexico,LATAM,PLT-06,Sao Paulo Ops,Brazil,LATAM,SMB,Singapore,DHL,1,1,0,1,0,0.0,100.0,0.0,LOGISTICS
2026-08-01,SUP-025,Supplier 025,Mexico,LATAM,PLT-07,Seoul Tech,South Korea,APAC,SMB,Singapore,Maersk,1,1,1,0,0,100.0,0.0,0.0,LOGISTICS
2026-08-01,SUP-025,Supplier 025,Mexico,LATAM,PLT-00,Shanghai Hub,China,APAC,Government,Germany,Maersk,1,1,1,1,1,100.0,100.0,100.0,LOGISTICS
2026-08-01,SUP-025,Supplier 025,Mexico,LATAM,PLT-00,Shanghai Hub,China,APAC,Enterprise,Canada,DB Schenker,1,1,0,0,0,0.0,0.0,0.0,LOGISTICS
2026-08-01,SUP-025,Supplier 025,Mexico,LATAM,PLT-01,Munich Center,Germany,EMEA,Government,Japan,DB Schenker,1,1,1,1,1,100.0,100.0,100.0,LOGISTICS
2026-08-01,SUP-025,Supplier 025,Mexico,LATAM,PLT-03,Tokyo Precision,Japan,APAC,Enterprise,USA,Kuehne+Nagel,1,1,1,1,1,100.0,100.0,100.0,LOGISTICS
2026-08-01,SUP-025,Supplier 025,Mexico,LATAM,PLT-06,Sao Paulo Ops,Brazil,LATAM,Government,USA,Kuehne+Nagel,1,1,0,1,0,0.0,100.0,0.0,LOGISTICS
2026-08-01,SUP-025,Supplier 025,Mexico,LATAM,PLT-06,Sao Paulo Ops,Brazil,LATAM,Enterprise,Japan,Maersk,1,1,0,1,0,0.0,100.0,0.0,LOGISTICS
2026-08-01,SUP-025,Supplier 025,Mexico,LATAM,PLT-02,Detroit Works,USA,NA,Government,Germany,DHL,1,1,1,1,1,100.0,100.0,100.0,LOGISTICS
2026-08-01,SUP-026,Supplier 026,Brazil,LATAM,PLT-01,Munich Center,Germany,EMEA,Government,Germany,DHL,1,1,1,1,1,100.0,100.0,100.0,LOGISTICS
2026-08-01,SUP-026,Supplier 026,Brazil,LATAM,PLT-01,Munich Center,Germany,EMEA,Government,Canada,DB Schenker,1,1,1,1,1,100.0,100.0,100.0,LOGISTICS
2026-08-01,SUP-026,Supplier 026,Brazil,LATAM,PLT-06,Sao Paulo Ops,Brazil,LATAM,Enterprise,Japan,DB Schenker,1,1,1,1,1,100.0,100.0,100.0,LOGISTICS
2026-08-01,SUP-026,Supplier 026,Brazil,LATAM,PLT-07,Seoul Tech,South Korea,APAC,SMB,France,Maersk,1,1,0,1,0,0.0,100.0,0.0,LOGISTICS
2026-08-01,SUP-026,Supplier 026,Brazil,LATAM,PLT-01,Munich Center,Germany,EMEA,Government,Germany,UPS,1,1,0,0,0,0.0,0.0,0.0,LOGISTICS
2026-08-01,SUP-026,Supplier 026,Brazil,LATAM,PLT-09,Hanoi Assembly,Vietnam,APAC,Enterprise,Japan,FedEx,1,1,0,1,0,0.0,100.0,0.0,LOGISTICS
2026-08-01,SUP-026,Supplier 026,Brazil,LATAM,PLT-05,Monterrey Plant,Mexico,LATAM,SMB,UK,UPS,1,2,2,1,1,100.0,50.0,50.0,LOGISTICS
2026-08-01,SUP-026,Supplier 026,Brazil,LATAM,PLT-04,Chennai Forge,India,APAC,SMB,USA,DB Schenker,1,1,1,1,1,100.0,100.0,100.0,LOGISTICS
2026-08-01,SUP-026,Supplier 026,Brazil,LATAM,PLT-06,Sao Paulo Ops,Brazil,LATAM,Enterprise,Japan,Maersk,1,1,0,0,0,0.0,0.0,0.0,LOGISTICS
2026-08-01,SUP-027,Supplier 027,South Korea,APAC,PLT-07,Seoul Tech,South Korea,APAC,Enterprise,Australia,UPS,1,1,0,0,0,0.0,0.0,0.0,LOGISTICS
2026-08-01,SUP-027,Supplier 027,South Korea,APAC,PLT-01,Munich Center,Germany,EMEA,SMB,Canada,FedEx,1,1,1,1,1,100.0,100.0,100.0,LOGISTICS
2026-08-01,SUP-027,Supplier 027,South Korea,APAC,PLT-00,Shanghai Hub,China,APAC,SMB,UK,DHL,1,1,1,1,1,100.0,100.0,100.0,LOGISTICS
2026-08-01,SUP-027,Supplier 027,South Korea,APAC,PLT-08,Taipei Micro,Taiwan,APAC,SMB,Singapore,Maersk,1,1,1,1,1,100.0,100.0,100.0,LOGISTICS
2026-08-01,SUP-027,Supplier 027,South Korea,APAC,PLT-03,Tokyo Precision,Japan,APAC,Enterprise,Japan,UPS,1,1,1,1,1,100.0,100.0,100.0,LOGISTICS
2026-08-01,SUP-027,Supplier 027,South Korea,APAC,PLT-07,Seoul Tech,South Korea,APAC,Enterprise,Australia,DB Schenker,1,1,0,0,0,0.0,0.0,0.0,LOGISTICS
2026-08-01,SUP-028,Supplier 028,Taiwan,APAC,PLT-04,Chennai Forge,India,APAC,Government,Canada,DHL,1,1,0,1,0,0.0,100.0,0.0,LOGISTICS
2026-08-01,SUP-028,Supplier 028,Taiwan,APAC,PLT-06,Sao Paulo Ops,Brazil,LATAM,Government,Canada,DB Schenker,1,1,1,0,0,100.0,0.0,0.0,LOGISTICS
2026-08-01,SUP-028,Supplier 028,Taiwan,APAC,PLT-04,Chennai Forge,India,APAC,Enterprise,Germany,Kuehne+Nagel,1,1,1,0,0,100.0,0.0,0.0,LOGISTICS
2026-08-01,SUP-028,Supplier 028,Taiwan,APAC,PLT-04,Chennai Forge,India,APAC,Enterprise,Germany,UPS,1,1,0,0,0,0.0,0.0,0.0,LOGISTICS
2026-08-01,SUP-028,Supplier 028,Taiwan,APAC,PLT-04,Chennai Forge,India,APAC,SMB,France,DHL,1,1,1,0,0,100.0,0.0,0.0,LOGISTICS
2026-08-01,SUP-028,Supplier 028,Taiwan,APAC,PLT-07,Seoul Tech,South Korea,APAC,Enterprise,Japan,DHL,1,1,1,0,0,100.0,0.0,0.0,LOGISTICS
2026-08-01,SUP-028,Supplier 028,Taiwan,APAC,PLT-09,Hanoi Assembly,Vietnam,APAC,SMB,Australia,DHL,1,1,0,1,0,0.0,100.0,0.0,LOGISTICS
2026-08-01,SUP-029,Supplier 029,Vietnam,APAC,PLT-05,Monterrey Plant,Mexico,LATAM,SMB,UK,UPS,1,1,0,0,0,0.0,0.0,0.0,LOGISTICS
2026-08-01,SUP-029,Supplier 029,Vietnam,APAC,PLT-05,Monterrey Plant,Mexico,LATAM,SMB,Canada,DB Schenker,1,1,1,1,1,100.0,100.0,100.0,LOGISTICS
2026-08-01,SUP-029,Supplier 029,Vietnam,APAC,PLT-07,Seoul Tech,South Korea,APAC,SMB,UK,DB Schenker,1,1,0,1,0,0.0,100.0,0.0,LOGISTICS
2026-08-01,SUP-029,Supplier 029,Vietnam,APAC,PLT-03,Tokyo Precision,Japan,APAC,SMB,UK,UPS,1,1,0,1,0,0.0,100.0,0.0,LOGISTICS
2026-08-01,SUP-029,Supplier 029,Vietnam,APAC,PLT-05,Monterrey Plant,Mexico,LATAM,SMB,UK,DB Schenker,1,1,0,0,0,0.0,0.0,0.0,LOGISTICS
2026-08-01,SUP-029,Supplier 029,Vietnam,APAC,PLT-00,Shanghai Hub,China,APAC,Enterprise,Canada,DHL,1,1,0,1,0,0.0,100.0,0.0,LOGISTICS
2026-08-01,SUP-029,Supplier 029,Vietnam,APAC,PLT-03,Tokyo Precision,Japan,APAC,SMB,Australia,DHL,1,1,1,1,1,100.0,100.0,100.0,LOGISTICS
2026-08-01,SUP-029,Supplier 029,Vietnam,APAC,PLT-08,Taipei Micro,Taiwan,APAC,Enterprise,Australia,Maersk,1,1,0,1,0,0.0,100.0,0.0,LOGISTICS
2026-08-01,SUP-029,Supplier 029,Vietnam,APAC,PLT-09,Hanoi Assembly,Vietnam,APAC,Government,Japan,DB Schenker,1,1,1,1,1,100.0,100.0,100.0,LOGISTICS
2026-08-01,SUP-029,Supplier 029,Vietnam,APAC,PLT-00,Shanghai Hub,China,APAC,SMB,Canada,UPS,1,1,1,1,1,100.0,100.0,100.0,LOGISTICS
2026-08-01,SUP-030,Supplier 030,China,APAC,PLT-05,Monterrey Plant,Mexico,LATAM,Enterprise,France,FedEx,1,1,1,1,1,100.0,100.0,100.0,LOGISTICS
2026-08-01,SUP-030,Supplier 030,China,APAC,PLT-02,Detroit Works,USA,NA,Government,Australia,DB Schenker,1,1,0,1,0,0.0,100.0,0.0,LOGISTICS
2026-08-01,SUP-030,Supplier 030,China,APAC,PLT-08,Taipei Micro,Taiwan,APAC,Enterprise,Japan,Kuehne+Nagel,1,1,1,1,1,100.0,100.0,100.0,LOGISTICS
2026-08-01,SUP-030,Supplier 030,China,APAC,PLT-08,Taipei Micro,Taiwan,APAC,Enterprise,Japan,DB Schenker,1,1,1,0,0,100.0,0.0,0.0,LOGISTICS
2026-08-01,SUP-031,Supplier 031,Germany,EMEA,PLT-07,Seoul Tech,South Korea,APAC,Enterprise,Germany,UPS,1,1,1,1,1,100.0,100.0,100.0,LOGISTICS
2026-08-01,SUP-031,Supplier 031,Germany,EMEA,PLT-02,Detroit Works,USA,NA,Enterprise,Germany,Maersk,1,1,0,1,0,0.0,100.0,0.0,LOGISTICS
2026-08-01,SUP-031,Supplier 031,Germany,EMEA,PLT-08,Taipei Micro,Taiwan,APAC,Government,Japan,Maersk,1,1,1,1,1,100.0,100.0,100.0,LOGISTICS
2026-08-01,SUP-032,Supplier 032,USA,NA,PLT-07,Seoul Tech,South Korea,APAC,Enterprise,Canada,DB Schenker,1,1,1,1,1,100.0,100.0,100.0,LOGISTICS
2026-08-01,SUP-032,Supplier 032,USA,NA,PLT-04,Chennai Forge,India,APAC,SMB,UK,Kuehne+Nagel,1,1,1,1,1,100.0,100.0,100.0,LOGISTICS
2026-08-01,SUP-032,Supplier 032,USA,NA,PLT-09,Hanoi Assembly,Vietnam,APAC,Enterprise,Japan,Maersk,1,1,0,1,0,0.0,100.0,0.0,LOGISTICS
2026-08-01,SUP-032,Supplier 032,USA,NA,PLT-05,Monterrey Plant,Mexico,LATAM,Enterprise,Germany,FedEx,1,1,1,1,1,100.0,100.0,100.0,LOGISTICS
2026-08-01,SUP-033,Supplier 033,Japan,APAC,PLT-08,Taipei Micro,Taiwan,APAC,Government,Singapore,UPS,1,1,0,1,0,0.0,100.0,0.0,LOGISTICS
2026-08-01,SUP-033,Supplier 033,Japan,APAC,PLT-09,Hanoi Assembly,Vietnam,APAC,SMB,Singapore,Maersk,1,1,1,0,0,100.0,0.0,0.0,LOGISTICS
2026-08-01,SUP-033,Supplier 033,Japan,APAC,PLT-02,Detroit Works,USA,NA,Government,Germany,Maersk,1,1,0,0,0,0.0,0.0,0.0,LOGISTICS
2026-08-01,SUP-033,Supplier 033,Japan,APAC,PLT-03,Tokyo Precision,Japan,APAC,SMB,Singapore,DHL,1,1,0,1,0,0.0,100.0,0.0,LOGISTICS
2026-08-01,SUP-033,Supplier 033,Japan,APAC,PLT-01,Munich Center,Germany,EMEA,SMB,Australia,Maersk,1,1,0,1,0,0.0,100.0,0.0,LOGISTICS
2026-08-01,SUP-033,Supplier 033,Japan,APAC,PLT-04,Chennai Forge,India,APAC,SMB,Japan,DB Schenker,1,1,0,1,0,0.0,100.0,0.0,LOGISTICS
2026-08-01,SUP-034,Supplier 034,India,APAC,PLT-06,Sao Paulo Ops,Brazil,LATAM,SMB,UK,UPS,1,1,1,0,0,100.0,0.0,0.0,LOGISTICS
2026-08-01,SUP-034,Supplier 034,India,APAC,PLT-03,Tokyo Precision,Japan,APAC,SMB,USA,UPS,1,1,1,1,1,100.0,100.0,100.0,LOGISTICS
2026-08-01,SUP-034,Supplier 034,India,APAC,PLT-00,Shanghai Hub,China,APAC,SMB,UK,Kuehne+Nagel,1,1,1,0,0,100.0,0.0,0.0,LOGISTICS
2026-08-01,SUP-034,Supplier 034,India,APAC,PLT-06,Sao Paulo Ops,Brazil,LATAM,Enterprise,USA,FedEx,1,1,1,1,1,100.0,100.0,100.0,LOGISTICS
2026-08-01,SUP-034,Supplier 034,India,APAC,PLT-03,Tokyo Precision,Japan,APAC,SMB,USA,Kuehne+Nagel,1,1,0,0,0,0.0,0.0,0.0,LOGISTICS
2026-08-01,SUP-034,Supplier 034,India,APAC,PLT-01,Munich Center,Germany,EMEA,Enterprise,France,FedEx,1,1,1,0,0,100.0,0.0,0.0,LOGISTICS
2026-08-01,SUP-034,Supplier 034,India,APAC,PLT-02,Detroit Works,USA,NA,SMB,Singapore,DHL,1,1,1,1,1,100.0,100.0,100.0,LOGISTICS
2026-08-01,SUP-034,Supplier 034,India,APAC,PLT-01,Munich Center,Germany,EMEA,Enterprise,Canada,DHL,1,1,1,1,1,100.0,100.0,100.0,LOGISTICS
2026-08-01,SUP-034,Supplier 034,India,APAC,PLT-07,Seoul Tech,South Korea,APAC,SMB,Singapore,DB Schenker,1,1,1,1,1,100.0,100.0,100.0,LOGISTICS
2026-08-01,SUP-035,Supplier 035,Mexico,LATAM,PLT-07,Seoul Tech,South Korea,APAC,SMB,Canada,UPS,1,1,1,1,1,100.0,100.0,100.0,LOGISTICS
2026-08-01,SUP-035,Supplier 035,Mexico,LATAM,PLT-03,Tokyo Precision,Japan,APAC,SMB,Singapore,DB Schenker,1,1,0,1,0,0.0,100.0,0.0,LOGISTICS
2026-08-01,SUP-035,Supplier 035,Mexico,LATAM,PLT-04,Chennai Forge,India,APAC,Enterprise,USA,FedEx,1,1,1,0,0,100.0,0.0,0.0,LOGISTICS
2026-08-01,SUP-035,Supplier 035,Mexico,LATAM,PLT-03,Tokyo Precision,Japan,APAC,Enterprise,Canada,FedEx,1,1,1,0,0,100.0,0.0,0.0,LOGISTICS
2026-08-01,SUP-035,Supplier 035,Mexico,LATAM,PLT-03,Tokyo Precision,Japan,APAC,Enterprise,Canada,Maersk,1,1,0,1,0,0.0,100.0,0.0,LOGISTICS
2026-08-01,SUP-035,Supplier 035,Mexico,LATAM,PLT-03,Tokyo Precision,Japan,APAC,SMB,Germany,DB Schenker,1,1,1,1,1,100.0,100.0,100.0,LOGISTICS
2026-08-01,SUP-035,Supplier 035,Mexico,LATAM,PLT-00,Shanghai Hub,China,APAC,SMB,Australia,UPS,1,1,1,1,1,100.0,100.0,100.0,LOGISTICS
2026-08-01,SUP-036,Supplier 036,Brazil,LATAM,PLT-03,Tokyo Precision,Japan,APAC,SMB,France,UPS,1,1,0,1,0,0.0,100.0,0.0,LOGISTICS
2026-08-01,SUP-036,Supplier 036,Brazil,LATAM,PLT-00,Shanghai Hub,China,APAC,Enterprise,Japan,FedEx,1,1,0,1,0,0.0,100.0,0.0,LOGISTICS
2026-08-01,SUP-036,Supplier 036,Brazil,LATAM,PLT-05,Monterrey Plant,Mexico,LATAM,SMB,Germany,UPS,1,1,0,0,0,0.0,0.0,0.0,LOGISTICS
2026-08-01,SUP-036,Supplier 036,Brazil,LATAM,PLT-06,Sao Paulo Ops,Brazil,LATAM,SMB,Singapore,FedEx,1,1,1,0,0,100.0,0.0,0.0,LOGISTICS
2026-08-01,SUP-036,Supplier 036,Brazil,LATAM,PLT-03,Tokyo Precision,Japan,APAC,Enterprise,USA,Kuehne+Nagel,1,1,1,1,1,100.0,100.0,100.0,LOGISTICS
2026-08-01,SUP-036,Supplier 036,Brazil,LATAM,PLT-05,Monterrey Plant,Mexico,LATAM,SMB,Germany,FedEx,1,1,1,0,0,100.0,0.0,0.0,LOGISTICS
2026-08-01,SUP-036,Supplier 036,Brazil,LATAM,PLT-03,Tokyo Precision,Japan,APAC,Enterprise,USA,UPS,1,1,0,0,0,0.0,0.0,0.0,LOGISTICS
2026-08-01,SUP-037,Supplier 037,South Korea,APAC,PLT-00,Shanghai Hub,China,APAC,SMB,Australia,Kuehne+Nagel,1,1,1,0,0,100.0,0.0,0.0,LOGISTICS
2026-08-01,SUP-037,Supplier 037,South Korea,APAC,PLT-02,Detroit Works,USA,NA,Enterprise,Japan,UPS,1,1,0,1,0,0.0,100.0,0.0,LOGISTICS
2026-08-01,SUP-037,Supplier 037,South Korea,APAC,PLT-03,Tokyo Precision,Japan,APAC,SMB,Singapore,DHL,1,1,1,0,0,100.0,0.0,0.0,LOGISTICS
2026-08-01,SUP-037,Supplier 037,South Korea,APAC,PLT-03,Tokyo Precision,Japan,APAC,SMB,UK,DB Schenker,1,1,0,1,0,0.0,100.0,0.0,LOGISTICS
2026-08-01,SUP-037,Supplier 037,South Korea,APAC,PLT-04,Chennai Forge,India,APAC,Enterprise,Australia,Maersk,1,1,1,1,1,100.0,100.0,100.0,LOGISTICS
2026-08-01,SUP-037,Supplier 037,South Korea,APAC,PLT-02,Detroit Works,USA,NA,SMB,UK,DB Schenker,1,1,0,1,0,0.0,100.0,0.0,LOGISTICS
2026-08-01,SUP-037,Supplier 037,South Korea,APAC,PLT-02,Detroit Works,USA,NA,SMB,Germany,DHL,1,1,1,1,1,100.0,100.0,100.0,LOGISTICS
2026-08-01,SUP-037,Supplier 037,South Korea,APAC,PLT-00,Shanghai Hub,China,APAC,SMB,Australia,UPS,1,1,1,0,0,100.0,0.0,0.0,LOGISTICS
2026-08-01,SUP-038,Supplier 038,Taiwan,APAC,PLT-04,Chennai Forge,India,APAC,Enterprise,Germany,DHL,1,1,0,1,0,0.0,100.0,0.0,LOGISTICS
2026-08-01,SUP-038,Supplier 038,Taiwan,APAC,PLT-08,Taipei Micro,Taiwan,APAC,SMB,UK,UPS,1,1,1,0,0,100.0,0.0,0.0,LOGISTICS
2026-08-01,SUP-038,Supplier 038,Taiwan,APAC,PLT-09,Hanoi Assembly,Vietnam,APAC,SMB,Australia,Maersk,1,1,1,1,1,100.0,100.0,100.0,LOGISTICS
2026-08-01,SUP-039,Supplier 039,Vietnam,APAC,PLT-03,Tokyo Precision,Japan,APAC,Enterprise,Japan,DHL,1,1,0,1,0,0.0,100.0,0.0,LOGISTICS
2026-08-01,SUP-039,Supplier 039,Vietnam,APAC,PLT-00,Shanghai Hub,China,APAC,SMB,Australia,DHL,1,1,0,0,0,0.0,0.0,0.0,LOGISTICS
2026-08-01,SUP-039,Supplier 039,Vietnam,APAC,PLT-04,Chennai Forge,India,APAC,SMB,Japan,DHL,1,1,1,1,1,100.0,100.0,100.0,LOGISTICS
2026-08-01,SUP-039,Supplier 039,Vietnam,APAC,PLT-02,Detroit Works,USA,NA,SMB,Australia,DHL,1,1,1,1,1,100.0,100.0,100.0,LOGISTICS
2026-08-01,SUP-040,Supplier 040,China,APAC,PLT-01,Munich Center,Germany,EMEA,SMB,Japan,FedEx,1,1,0,0,0,0.0,0.0,0.0,LOGISTICS
2026-08-01,SUP-040,Supplier 040,China,APAC,PLT-09,Hanoi Assembly,Vietnam,APAC,SMB,France,DHL,1,1,1,0,0,100.0,0.0,0.0,LOGISTICS
2026-08-01,SUP-040,Supplier 040,China,APAC,PLT-04,Chennai Forge,India,APAC,Government,Japan,FedEx,1,1,0,1,0,0.0,100.0,0.0,LOGISTICS
2026-08-01,SUP-040,Supplier 040,China,APAC,PLT-05,Monterrey Plant,Mexico,LATAM,Government,USA,Kuehne+Nagel,1,1,1,0,0,100.0,0.0,0.0,LOGISTICS
2026-08-01,SUP-040,Supplier 040,China,APAC,PLT-04,Chennai Forge,India,APAC,Government,Germany,FedEx,1,1,1,0,0,100.0,0.0,0.0,LOGISTICS
2026-08-01,SUP-040,Supplier 040,China,APAC,PLT-05,Monterrey Plant,Mexico,LATAM,Enterprise,USA,DHL,1,1,1,1,1,100.0,100.0,100.0,LOGISTICS
2026-08-01,SUP-041,Supplier 041,Germany,EMEA,PLT-00,Shanghai Hub,China,APAC,Enterprise,Canada,DHL,1,1,1,0,0,100.0,0.0,0.0,LOGISTICS
2026-08-01,SUP-041,Supplier 041,Germany,EMEA,PLT-03,Tokyo Precision,Japan,APAC,Government,UK,DHL,1,1,0,1,0,0.0,100.0,0.0,LOGISTICS
2026-08-01,SUP-041,Supplier 041,Germany,EMEA,PLT-05,Monterrey Plant,Mexico,LATAM,SMB,Australia,Maersk,1,1,0,1,0,0.0,100.0,0.0,LOGISTICS
2026-08-01,SUP-041,Supplier 041,Germany,EMEA,PLT-06,Sao Paulo Ops,Brazil,LATAM,Enterprise,Canada,DHL,1,1,1,1,1,100.0,100.0,100.0,LOGISTICS
2026-08-01,SUP-041,Supplier 041,Germany,EMEA,PLT-00,Shanghai Hub,China,APAC,SMB,USA,UPS,1,1,0,1,0,0.0,100.0,0.0,LOGISTICS
2026-08-01,SUP-042,Supplier 042,USA,NA,PLT-03,Tokyo Precision,Japan,APAC,SMB,Australia,DB Schenker,1,2,1,1,1,50.0,50.0,50.0,LOGISTICS
2026-08-01,SUP-042,Supplier 042,USA,NA,PLT-04,Chennai Forge,India,APAC,Enterprise,France,DB Schenker,1,1,1,1,1,100.0,100.0,100.0,LOGISTICS
2026-08-01,SUP-042,Supplier 042,USA,NA,PLT-05,Monterrey Plant,Mexico,LATAM,Enterprise,France,FedEx,1,1,0,1,0,0.0,100.0,0.0,LOGISTICS
2026-08-01,SUP-042,Supplier 042,USA,NA,PLT-04,Chennai Forge,India,APAC,Government,France,DHL,1,1,0,0,0,0.0,0.0,0.0,LOGISTICS
2026-08-01,SUP-042,Supplier 042,USA,NA,PLT-00,Shanghai Hub,China,APAC,SMB,France,DHL,1,1,0,0,0,0.0,0.0,0.0,LOGISTICS
2026-08-01,SUP-042,Supplier 042,USA,NA,PLT-04,Chennai Forge,India,APAC,SMB,Japan,DB Schenker,1,1,1,1,1,100.0,100.0,100.0,LOGISTICS
2026-08-01,SUP-042,Supplier 042,USA,NA,PLT-07,Seoul Tech,South Korea,APAC,SMB,USA,DB Schenker,1,1,0,1,0,0.0,100.0,0.0,LOGISTICS
2026-08-01,SUP-042,Supplier 042,USA,NA,PLT-01,Munich Center,Germany,EMEA,SMB,France,FedEx,1,1,0,0,0,0.0,0.0,0.0,LOGISTICS
2026-08-01,SUP-042,Supplier 042,USA,NA,PLT-01,Munich Center,Germany,EMEA,SMB,France,Kuehne+Nagel,1,1,1,0,0,100.0,0.0,0.0,LOGISTICS
2026-08-01,SUP-042,Supplier 042,USA,NA,PLT-09,Hanoi Assembly,Vietnam,APAC,Government,France,Maersk,1,1,1,1,1,100.0,100.0,100.0,LOGISTICS
2026-08-01,SUP-042,Supplier 042,USA,NA,PLT-02,Detroit Works,USA,NA,Government,Australia,Maersk,1,1,0,1,0,0.0,100.0,0.0,LOGISTICS
2026-08-01,SUP-043,Supplier 043,Japan,APAC,PLT-01,Munich Center,Germany,EMEA,Enterprise,France,DHL,1,1,1,1,1,100.0,100.0,100.0,LOGISTICS
2026-08-01,SUP-043,Supplier 043,Japan,APAC,PLT-02,Detroit Works,USA,NA,Government,Singapore,FedEx,1,1,1,0,0,100.0,0.0,0.0,LOGISTICS
2026-08-01,SUP-043,Supplier 043,Japan,APAC,PLT-03,Tokyo Precision,Japan,APAC,Enterprise,Japan,DHL,1,1,0,0,0,0.0,0.0,0.0,LOGISTICS
2026-08-01,SUP-043,Supplier 043,Japan,APAC,PLT-03,Tokyo Precision,Japan,APAC,Enterprise,Japan,DB Schenker,1,1,0,1,0,0.0,100.0,0.0,LOGISTICS
2026-08-01,SUP-043,Supplier 043,Japan,APAC,PLT-09,Hanoi Assembly,Vietnam,APAC,SMB,France,UPS,1,1,0,1,0,0.0,100.0,0.0,LOGISTICS
2026-08-01,SUP-043,Supplier 043,Japan,APAC,PLT-00,Shanghai Hub,China,APAC,SMB,UK,Maersk,1,1,1,0,0,100.0,0.0,0.0,LOGISTICS
2026-08-01,SUP-043,Supplier 043,Japan,APAC,PLT-01,Munich Center,Germany,EMEA,SMB,Singapore,DB Schenker,1,1,0,0,0,0.0,0.0,0.0,LOGISTICS
2026-08-01,SUP-043,Supplier 043,Japan,APAC,PLT-05,Monterrey Plant,Mexico,LATAM,SMB,France,UPS,1,1,1,0,0,100.0,0.0,0.0,LOGISTICS
2026-08-01,SUP-043,Supplier 043,Japan,APAC,PLT-08,Taipei Micro,Taiwan,APAC,SMB,Australia,FedEx,1,1,1,1,1,100.0,100.0,100.0,LOGISTICS
2026-08-01,SUP-043,Supplier 043,Japan,APAC,PLT-01,Munich Center,Germany,EMEA,SMB,Singapore,UPS,1,1,1,1,1,100.0,100.0,100.0,LOGISTICS
2026-08-01,SUP-044,Supplier 044,India,APAC,PLT-04,Chennai Forge,India,APAC,SMB,Canada,Maersk,1,1,0,1,0,0.0,100.0,0.0,LOGISTICS
2026-08-01,SUP-044,Supplier 044,India,APAC,PLT-03,Tokyo Precision,Japan,APAC,Government,Germany,FedEx,1,1,1,0,0,100.0,0.0,0.0,LOGISTICS
2026-08-01,SUP-044,Supplier 044,India,APAC,PLT-03,Tokyo Precision,Japan,APAC,SMB,Singapore,UPS,1,1,1,1,1,100.0,100.0,100.0,LOGISTICS
2026-08-01,SUP-044,Supplier 044,India,APAC,PLT-02,Detroit Works,USA,NA,SMB,Canada,DHL,1,1,0,1,0,0.0,100.0,0.0,LOGISTICS
2026-08-01,SUP-044,Supplier 044,India,APAC,PLT-03,Tokyo Precision,Japan,APAC,Enterprise,Canada,Kuehne+Nagel,1,1,1,1,1,100.0,100.0,100.0,LOGISTICS
2026-08-01,SUP-044,Supplier 044,India,APAC,PLT-00,Shanghai Hub,China,APAC,Government,Germany,Maersk,1,1,1,1,1,100.0,100.0,100.0,LOGISTICS
2026-08-01,SUP-044,Supplier 044,India,APAC,PLT-09,Hanoi Assembly,Vietnam,APAC,Government,Germany,DHL,1,1,0,1,0,0.0,100.0,0.0,LOGISTICS
2026-08-01,SUP-044,Supplier 044,India,APAC,PLT-02,Detroit Works,USA,NA,Enterprise,Canada,DB Schenker,1,1,0,1,0,0.0,100.0,0.0,LOGISTICS
2026-08-01,SUP-044,Supplier 044,India,APAC,PLT-04,Chennai Forge,India,APAC,Enterprise,France,DB Schenker,1,1,0,0,0,0.0,0.0,0.0,LOGISTICS
2026-08-01,SUP-044,Supplier 044,India,APAC,PLT-07,Seoul Tech,South Korea,APAC,Government,USA,Maersk,1,1,0,1,0,0.0,100.0,0.0,LOGISTICS
2026-08-01,SUP-044,Supplier 044,India,APAC,PLT-03,Tokyo Precision,Japan,APAC,SMB,Japan,FedEx,1,1,1,1,1,100.0,100.0,100.0,LOGISTICS
2026-08-01,SUP-044,Supplier 044,India,APAC,PLT-05,Monterrey Plant,Mexico,LATAM,SMB,France,UPS,1,1,1,1,1,100.0,100.0,100.0,LOGISTICS
2026-08-01,SUP-045,Supplier 045,Mexico,LATAM,PLT-08,Taipei Micro,Taiwan,APAC,SMB,Australia,DB Schenker,1,1,0,1,0,0.0,100.0,0.0,LOGISTICS
2026-08-01,SUP-045,Supplier 045,Mexico,LATAM,PLT-03,Tokyo Precision,Japan,APAC,Government,Canada,DB Schenker,1,1,0,0,0,0.0,0.0,0.0,LOGISTICS
2026-08-01,SUP-045,Supplier 045,Mexico,LATAM,PLT-07,Seoul Tech,South Korea,APAC,Enterprise,Canada,UPS,1,1,1,1,1,100.0,100.0,100.0,LOGISTICS
2026-08-01,SUP-045,Supplier 045,Mexico,LATAM,PLT-07,Seoul Tech,South Korea,APAC,Enterprise,Japan,Kuehne+Nagel,1,1,1,0,0,100.0,0.0,0.0,LOGISTICS
2026-08-01,SUP-045,Supplier 045,Mexico,LATAM,PLT-06,Sao Paulo Ops,Brazil,LATAM,SMB,France,Kuehne+Nagel,1,1,1,1,1,100.0,100.0,100.0,LOGISTICS
2026-08-01,SUP-045,Supplier 045,Mexico,LATAM,PLT-05,Monterrey Plant,Mexico,LATAM,SMB,USA,Kuehne+Nagel,1,1,0,1,0,0.0,100.0,0.0,LOGISTICS
2026-08-01,SUP-045,Supplier 045,Mexico,LATAM,PLT-03,Tokyo Precision,Japan,APAC,Government,USA,DB Schenker,1,1,1,1,1,100.0,100.0,100.0,LOGISTICS
2026-08-01,SUP-046,Supplier 046,Brazil,LATAM,PLT-04,Chennai Forge,India,APAC,SMB,Singapore,Kuehne+Nagel,1,2,1,0,0,50.0,0.0,0.0,LOGISTICS
2026-08-01,SUP-046,Supplier 046,Brazil,LATAM,PLT-09,Hanoi Assembly,Vietnam,APAC,Enterprise,Japan,Maersk,1,1,0,1,0,0.0,100.0,0.0,LOGISTICS
2026-08-01,SUP-047,Supplier 047,South Korea,APAC,PLT-02,Detroit Works,USA,NA,Enterprise,Australia,Kuehne+Nagel,1,1,0,1,0,0.0,100.0,0.0,LOGISTICS
2026-08-01,SUP-047,Supplier 047,South Korea,APAC,PLT-06,Sao Paulo Ops,Brazil,LATAM,Enterprise,UK,FedEx,1,1,1,0,0,100.0,0.0,0.0,LOGISTICS
2026-08-01,SUP-047,Supplier 047,South Korea,APAC,PLT-01,Munich Center,Germany,EMEA,Government,Singapore,Kuehne+Nagel,1,1,0,1,0,0.0,100.0,0.0,LOGISTICS
2026-08-01,SUP-047,Supplier 047,South Korea,APAC,PLT-09,Hanoi Assembly,Vietnam,APAC,Enterprise,Canada,Maersk,1,1,0,1,0,0.0,100.0,0.0,LOGISTICS
2026-08-01,SUP-048,Supplier 048,Taiwan,APAC,PLT-03,Tokyo Precision,Japan,APAC,SMB,Australia,Kuehne+Nagel,1,1,0,1,0,0.0,100.0,0.0,LOGISTICS
2026-08-01,SUP-048,Supplier 048,Taiwan,APAC,PLT-08,Taipei Micro,Taiwan,APAC,SMB,Germany,DHL,1,1,0,1,0,0.0,100.0,0.0,LOGISTICS
2026-08-01,SUP-048,Supplier 048,Taiwan,APAC,PLT-08,Taipei Micro,Taiwan,APAC,SMB,USA,DB Schenker,1,1,0,1,0,0.0,100.0,0.0,LOGISTICS
2026-08-01,SUP-048,Supplier 048,Taiwan,APAC,PLT-08,Taipei Micro,Taiwan,APAC,SMB,USA,DHL,1,1,1,0,0,100.0,0.0,0.0,LOGISTICS
2026-08-01,SUP-048,Supplier 048,Taiwan,APAC,PLT-08,Taipei Micro,Taiwan,APAC,Government,France,DHL,1,1,0,0,0,0.0,0.0,0.0,LOGISTICS
2026-08-01,SUP-048,Supplier 048,Taiwan,APAC,PLT-04,Chennai Forge,India,APAC,Enterprise,France,Maersk,1,2,1,0,0,50.0,0.0,0.0,LOGISTICS
2026-08-01,SUP-048,Supplier 048,Taiwan,APAC,PLT-02,Detroit Works,USA,NA,SMB,Australia,FedEx,1,1,0,1,0,0.0,100.0,0.0,LOGISTICS
2026-08-01,SUP-048,Supplier 048,Taiwan,APAC,PLT-06,Sao Paulo Ops,Brazil,LATAM,Enterprise,UK,UPS,1,1,0,1,0,0.0,100.0,0.0,LOGISTICS
2026-08-01,SUP-049,Supplier 049,Vietnam,APAC,PLT-02,Detroit Works,USA,NA,SMB,Australia,DHL,1,1,1,1,1,100.0,100.0,100.0,LOGISTICS
2026-08-01,SUP-049,Supplier 049,Vietnam,APAC,PLT-02,Detroit Works,USA,NA,SMB,Australia,FedEx,1,1,0,0,0,0.0,0.0,0.0,LOGISTICS
2026-08-01,SUP-049,Supplier 049,Vietnam,APAC,PLT-06,Sao Paulo Ops,Brazil,LATAM,Enterprise,Germany,UPS,1,1,1,0,0,100.0,0.0,0.0,LOGISTICS
2026-08-01,SUP-049,Supplier 049,Vietnam,APAC,PLT-02,Detroit Works,USA,NA,SMB,USA,FedEx,1,1,0,0,0,0.0,0.0,0.0,LOGISTICS
2026-09-01,SUP-000,Supplier 000,China,APAC,PLT-00,Shanghai Hub,China,APAC,Enterprise,Japan,UPS,1,1,1,1,1,100.0,100.0,100.0,LOGISTICS
2026-09-01,SUP-000,Supplier 000,China,APAC,PLT-03,Tokyo Precision,Japan,APAC,SMB,Singapore,UPS,1,1,0,1,0,0.0,100.0,0.0,LOGISTICS
2026-09-01,SUP-000,Supplier 000,China,APAC,PLT-06,Sao Paulo Ops,Brazil,LATAM,SMB,UK,UPS,1,1,0,1,0,0.0,100.0,0.0,LOGISTICS
2026-09-01,SUP-001,Supplier 001,Germany,EMEA,PLT-03,Tokyo Precision,Japan,APAC,Enterprise,France,UPS,1,1,1,1,1,100.0,100.0,100.0,LOGISTICS
2026-09-01,SUP-001,Supplier 001,Germany,EMEA,PLT-06,Sao Paulo Ops,Brazil,LATAM,SMB,Canada,Kuehne+Nagel,1,1,1,0,0,100.0,0.0,0.0,LOGISTICS
2026-09-01,SUP-001,Supplier 001,Germany,EMEA,PLT-00,Shanghai Hub,China,APAC,SMB,Canada,UPS,1,1,0,1,0,0.0,100.0,0.0,LOGISTICS
2026-09-01,SUP-001,Supplier 001,Germany,EMEA,PLT-02,Detroit Works,USA,NA,SMB,UK,DHL,1,1,1,1,1,100.0,100.0,100.0,LOGISTICS
2026-09-01,SUP-001,Supplier 001,Germany,EMEA,PLT-06,Sao Paulo Ops,Brazil,LATAM,SMB,Canada,FedEx,1,1,1,0,0,100.0,0.0,0.0,LOGISTICS
2026-09-01,SUP-001,Supplier 001,Germany,EMEA,PLT-04,Chennai Forge,India,APAC,SMB,Germany,DHL,1,1,1,1,1,100.0,100.0,100.0,LOGISTICS
2026-09-01,SUP-001,Supplier 001,Germany,EMEA,PLT-07,Seoul Tech,South Korea,APAC,SMB,UK,Maersk,1,1,1,1,1,100.0,100.0,100.0,LOGISTICS
2026-09-01,SUP-001,Supplier 001,Germany,EMEA,PLT-00,Shanghai Hub,China,APAC,Government,Canada,FedEx,1,1,1,0,0,100.0,0.0,0.0,LOGISTICS
2026-09-01,SUP-001,Supplier 001,Germany,EMEA,PLT-04,Chennai Forge,India,APAC,Enterprise,Singapore,FedEx,1,1,0,1,0,0.0,100.0,0.0,LOGISTICS
2026-09-01,SUP-002,Supplier 002,USA,NA,PLT-02,Detroit Works,USA,NA,Enterprise,USA,Maersk,1,1,1,1,1,100.0,100.0,100.0,LOGISTICS
2026-09-01,SUP-002,Supplier 002,USA,NA,PLT-09,Hanoi Assembly,Vietnam,APAC,Enterprise,USA,UPS,1,1,1,0,0,100.0,0.0,0.0,LOGISTICS
2026-09-01,SUP-002,Supplier 002,USA,NA,PLT-00,Shanghai Hub,China,APAC,SMB,Germany,FedEx,1,1,1,0,0,100.0,0.0,0.0,LOGISTICS
2026-09-01,SUP-002,Supplier 002,USA,NA,PLT-00,Shanghai Hub,China,APAC,SMB,Germany,UPS,1,1,1,0,0,100.0,0.0,0.0,LOGISTICS
2026-09-01,SUP-002,Supplier 002,USA,NA,PLT-06,Sao Paulo Ops,Brazil,LATAM,SMB,Germany,FedEx,1,1,1,1,1,100.0,100.0,100.0,LOGISTICS
2026-09-01,SUP-002,Supplier 002,USA,NA,PLT-08,Taipei Micro,Taiwan,APAC,SMB,Germany,UPS,1,2,1,1,0,50.0,50.0,0.0,LOGISTICS
2026-09-01,SUP-002,Supplier 002,USA,NA,PLT-08,Taipei Micro,Taiwan,APAC,Enterprise,Japan,Kuehne+Nagel,1,1,1,0,0,100.0,0.0,0.0,LOGISTICS
2026-09-01,SUP-002,Supplier 002,USA,NA,PLT-08,Taipei Micro,Taiwan,APAC,Government,Singapore,FedEx,1,2,1,1,1,50.0,50.0,50.0,LOGISTICS
2026-09-01,SUP-002,Supplier 002,USA,NA,PLT-08,Taipei Micro,Taiwan,APAC,Enterprise,France,DHL,1,1,0,1,0,0.0,100.0,0.0,LOGISTICS
2026-09-01,SUP-003,Supplier 003,Japan,APAC,PLT-03,Tokyo Precision,Japan,APAC,SMB,Canada,FedEx,1,1,0,0,0,0.0,0.0,0.0,LOGISTICS
2026-09-01,SUP-003,Supplier 003,Japan,APAC,PLT-06,Sao Paulo Ops,Brazil,LATAM,SMB,Singapore,DB Schenker,1,1,0,0,0,0.0,0.0,0.0,LOGISTICS
2026-09-01,SUP-003,Supplier 003,Japan,APAC,PLT-05,Monterrey Plant,Mexico,LATAM,Enterprise,Canada,Kuehne+Nagel,1,1,1,0,0,100.0,0.0,0.0,LOGISTICS
2026-09-01,SUP-003,Supplier 003,Japan,APAC,PLT-06,Sao Paulo Ops,Brazil,LATAM,SMB,Singapore,FedEx,1,1,0,1,0,0.0,100.0,0.0,LOGISTICS
2026-09-01,SUP-003,Supplier 003,Japan,APAC,PLT-07,Seoul Tech,South Korea,APAC,SMB,Singapore,Kuehne+Nagel,1,1,0,1,0,0.0,100.0,0.0,LOGISTICS
2026-09-01,SUP-004,Supplier 004,India,APAC,PLT-00,Shanghai Hub,China,APAC,Government,USA,Kuehne+Nagel,1,1,0,1,0,0.0,100.0,0.0,LOGISTICS
2026-09-01,SUP-004,Supplier 004,India,APAC,PLT-08,Taipei Micro,Taiwan,APAC,SMB,France,UPS,1,1,0,1,0,0.0,100.0,0.0,LOGISTICS
2026-09-01,SUP-004,Supplier 004,India,APAC,PLT-01,Munich Center,Germany,EMEA,SMB,Australia,UPS,1,1,1,1,1,100.0,100.0,100.0,LOGISTICS
2026-09-01,SUP-004,Supplier 004,India,APAC,PLT-03,Tokyo Precision,Japan,APAC,Government,France,Maersk,1,1,1,1,1,100.0,100.0,100.0,LOGISTICS
2026-09-01,SUP-004,Supplier 004,India,APAC,PLT-08,Taipei Micro,Taiwan,APAC,SMB,USA,FedEx,1,1,1,1,1,100.0,100.0,100.0,LOGISTICS
2026-09-01,SUP-004,Supplier 004,India,APAC,PLT-09,Hanoi Assembly,Vietnam,APAC,Enterprise,UK,UPS,1,1,1,0,0,100.0,0.0,0.0,LOGISTICS
2026-09-01,SUP-004,Supplier 004,India,APAC,PLT-07,Seoul Tech,South Korea,APAC,Enterprise,USA,UPS,1,1,1,0,0,100.0,0.0,0.0,LOGISTICS
2026-09-01,SUP-004,Supplier 004,India,APAC,PLT-05,Monterrey Plant,Mexico,LATAM,SMB,Germany,FedEx,1,1,1,1,1,100.0,100.0,100.0,LOGISTICS
2026-09-01,SUP-004,Supplier 004,India,APAC,PLT-08,Taipei Micro,Taiwan,APAC,SMB,France,DHL,1,1,0,0,0,0.0,0.0,0.0,LOGISTICS
2026-09-01,SUP-004,Supplier 004,India,APAC,PLT-00,Shanghai Hub,China,APAC,SMB,Australia,FedEx,1,1,0,1,0,0.0,100.0,0.0,LOGISTICS
2026-09-01,SUP-004,Supplier 004,India,APAC,PLT-07,Seoul Tech,South Korea,APAC,SMB,France,Maersk,1,1,1,1,1,100.0,100.0,100.0,LOGISTICS
2026-09-01,SUP-005,Supplier 005,Mexico,LATAM,PLT-09,Hanoi Assembly,Vietnam,APAC,Government,Australia,FedEx,1,1,1,1,1,100.0,100.0,100.0,LOGISTICS
2026-09-01,SUP-005,Supplier 005,Mexico,LATAM,PLT-04,Chennai Forge,India,APAC,Enterprise,Australia,UPS,1,1,0,1,0,0.0,100.0,0.0,LOGISTICS
2026-09-01,SUP-005,Supplier 005,Mexico,LATAM,PLT-06,Sao Paulo Ops,Brazil,LATAM,SMB,France,Maersk,1,1,0,1,0,0.0,100.0,0.0,LOGISTICS
2026-09-01,SUP-005,Supplier 005,Mexico,LATAM,PLT-04,Chennai Forge,India,APAC,Enterprise,Australia,DHL,1,1,1,0,0,100.0,0.0,0.0,LOGISTICS
2026-09-01,SUP-005,Supplier 005,Mexico,LATAM,PLT-00,Shanghai Hub,China,APAC,SMB,Singapore,FedEx,1,1,1,0,0,100.0,0.0,0.0,LOGISTICS
2026-09-01,SUP-005,Supplier 005,Mexico,LATAM,PLT-06,Sao Paulo Ops,Brazil,LATAM,SMB,USA,FedEx,1,1,0,0,0,0.0,0.0,0.0,LOGISTICS
2026-09-01,SUP-005,Supplier 005,Mexico,LATAM,PLT-05,Monterrey Plant,Mexico,LATAM,SMB,USA,DHL,1,1,1,1,1,100.0,100.0,100.0,LOGISTICS
2026-09-01,SUP-005,Supplier 005,Mexico,LATAM,PLT-02,Detroit Works,USA,NA,SMB,Australia,DB Schenker,1,1,1,1,1,100.0,100.0,100.0,LOGISTICS
2026-09-01,SUP-006,Supplier 006,Brazil,LATAM,PLT-08,Taipei Micro,Taiwan,APAC,SMB,Germany,DB Schenker,1,1,0,0,0,0.0,0.0,0.0,LOGISTICS
2026-09-01,SUP-006,Supplier 006,Brazil,LATAM,PLT-08,Taipei Micro,Taiwan,APAC,SMB,Germany,Maersk,1,1,0,1,0,0.0,100.0,0.0,LOGISTICS
2026-09-01,SUP-006,Supplier 006,Brazil,LATAM,PLT-00,Shanghai Hub,China,APAC,Government,USA,UPS,1,1,0,1,0,0.0,100.0,0.0,LOGISTICS
2026-09-01,SUP-006,Supplier 006,Brazil,LATAM,PLT-07,Seoul Tech,South Korea,APAC,Government,Germany,Kuehne+Nagel,1,1,0,1,0,0.0,100.0,0.0,LOGISTICS
2026-09-01,SUP-006,Supplier 006,Brazil,LATAM,PLT-06,Sao Paulo Ops,Brazil,LATAM,SMB,UK,DHL,1,1,1,1,1,100.0,100.0,100.0,LOGISTICS
2026-09-01,SUP-006,Supplier 006,Brazil,LATAM,PLT-09,Hanoi Assembly,Vietnam,APAC,Enterprise,Germany,DHL,1,1,1,0,0,100.0,0.0,0.0,LOGISTICS
2026-09-01,SUP-006,Supplier 006,Brazil,LATAM,PLT-07,Seoul Tech,South Korea,APAC,SMB,USA,DB Schenker,1,1,1,0,0,100.0,0.0,0.0,LOGISTICS
2026-09-01,SUP-007,Supplier 007,South Korea,APAC,PLT-07,Seoul Tech,South Korea,APAC,SMB,Singapore,FedEx,1,1,1,0,0,100.0,0.0,0.0,LOGISTICS
2026-09-01,SUP-007,Supplier 007,South Korea,APAC,PLT-00,Shanghai Hub,China,APAC,Government,Canada,Maersk,1,1,1,1,1,100.0,100.0,100.0,LOGISTICS
2026-09-01,SUP-007,Supplier 007,South Korea,APAC,PLT-05,Monterrey Plant,Mexico,LATAM,SMB,USA,Maersk,1,1,0,1,0,0.0,100.0,0.0,LOGISTICS
2026-09-01,SUP-007,Supplier 007,South Korea,APAC,PLT-03,Tokyo Precision,Japan,APAC,Enterprise,UK,FedEx,1,1,1,1,1,100.0,100.0,100.0,LOGISTICS
2026-09-01,SUP-007,Supplier 007,South Korea,APAC,PLT-07,Seoul Tech,South Korea,APAC,SMB,Singapore,DHL,1,1,1,0,0,100.0,0.0,0.0,LOGISTICS
2026-09-01,SUP-007,Supplier 007,South Korea,APAC,PLT-06,Sao Paulo Ops,Brazil,LATAM,SMB,USA,DHL,1,1,1,1,1,100.0,100.0,100.0,LOGISTICS
2026-09-01,SUP-007,Supplier 007,South Korea,APAC,PLT-05,Monterrey Plant,Mexico,LATAM,SMB,UK,DHL,1,1,1,1,1,100.0,100.0,100.0,LOGISTICS
2026-09-01,SUP-008,Supplier 008,Taiwan,APAC,PLT-00,Shanghai Hub,China,APAC,Government,USA,UPS,1,1,1,1,1,100.0,100.0,100.0,LOGISTICS
2026-09-01,SUP-008,Supplier 008,Taiwan,APAC,PLT-09,Hanoi Assembly,Vietnam,APAC,Enterprise,Canada,FedEx,1,1,1,1,1,100.0,100.0,100.0,LOGISTICS
2026-09-01,SUP-008,Supplier 008,Taiwan,APAC,PLT-08,Taipei Micro,Taiwan,APAC,SMB,USA,FedEx,1,1,1,0,0,100.0,0.0,0.0,LOGISTICS
2026-09-01,SUP-008,Supplier 008,Taiwan,APAC,PLT-09,Hanoi Assembly,Vietnam,APAC,Enterprise,Canada,Maersk,1,1,1,0,0,100.0,0.0,0.0,LOGISTICS
2026-09-01,SUP-008,Supplier 008,Taiwan,APAC,PLT-05,Monterrey Plant,Mexico,LATAM,Enterprise,UK,DHL,1,1,0,1,0,0.0,100.0,0.0,LOGISTICS
2026-09-01,SUP-008,Supplier 008,Taiwan,APAC,PLT-09,Hanoi Assembly,Vietnam,APAC,Enterprise,Canada,DB Schenker,1,1,1,0,0,100.0,0.0,0.0,LOGISTICS
2026-09-01,SUP-008,Supplier 008,Taiwan,APAC,PLT-00,Shanghai Hub,China,APAC,Enterprise,Singapore,DHL,1,1,0,1,0,0.0,100.0,0.0,LOGISTICS
2026-09-01,SUP-008,Supplier 008,Taiwan,APAC,PLT-07,Seoul Tech,South Korea,APAC,SMB,Australia,FedEx,1,1,0,0,0,0.0,0.0,0.0,LOGISTICS
2026-09-01,SUP-008,Supplier 008,Taiwan,APAC,PLT-07,Seoul Tech,South Korea,APAC,SMB,USA,UPS,1,1,1,0,0,100.0,0.0,0.0,LOGISTICS
2026-09-01,SUP-008,Supplier 008,Taiwan,APAC,PLT-07,Seoul Tech,South Korea,APAC,SMB,USA,DHL,1,1,1,0,0,100.0,0.0,0.0,LOGISTICS
2026-09-01,SUP-008,Supplier 008,Taiwan,APAC,PLT-05,Monterrey Plant,Mexico,LATAM,Enterprise,UK,DB Schenker,1,1,1,0,0,100.0,0.0,0.0,LOGISTICS
2026-09-01,SUP-009,Supplier 009,Vietnam,APAC,PLT-08,Taipei Micro,Taiwan,APAC,Enterprise,Germany,Kuehne+Nagel,1,1,0,1,0,0.0,100.0,0.0,LOGISTICS
2026-09-01,SUP-009,Supplier 009,Vietnam,APAC,PLT-00,Shanghai Hub,China,APAC,Enterprise,USA,DB Schenker,1,1,0,1,0,0.0,100.0,0.0,LOGISTICS
2026-09-01,SUP-009,Supplier 009,Vietnam,APAC,PLT-02,Detroit Works,USA,NA,Government,France,DB Schenker,1,1,0,1,0,0.0,100.0,0.0,LOGISTICS
2026-09-01,SUP-009,Supplier 009,Vietnam,APAC,PLT-04,Chennai Forge,India,APAC,Government,UK,DB Schenker,1,1,1,1,1,100.0,100.0,100.0,LOGISTICS
2026-09-01,SUP-010,Supplier 010,China,APAC,PLT-06,Sao Paulo Ops,Brazil,LATAM,Government,Australia,UPS,1,1,0,1,0,0.0,100.0,0.0,LOGISTICS
2026-09-01,SUP-010,Supplier 010,China,APAC,PLT-07,Seoul Tech,South Korea,APAC,SMB,UK,FedEx,1,1,1,1,1,100.0,100.0,100.0,LOGISTICS
2026-09-01,SUP-010,Supplier 010,China,APAC,PLT-02,Detroit Works,USA,NA,SMB,France,UPS,1,1,1,1,1,100.0,100.0,100.0,LOGISTICS
2026-09-01,SUP-010,Supplier 010,China,APAC,PLT-08,Taipei Micro,Taiwan,APAC,SMB,Germany,DB Schenker,1,1,1,1,1,100.0,100.0,100.0,LOGISTICS
2026-09-01,SUP-010,Supplier 010,China,APAC,PLT-02,Detroit Works,USA,NA,SMB,UK,Kuehne+Nagel,1,2,2,1,1,100.0,50.0,50.0,LOGISTICS
2026-09-01,SUP-010,Supplier 010,China,APAC,PLT-00,Shanghai Hub,China,APAC,SMB,UK,DB Schenker,1,1,1,0,0,100.0,0.0,0.0,LOGISTICS
2026-09-01,SUP-011,Supplier 011,Germany,EMEA,PLT-08,Taipei Micro,Taiwan,APAC,SMB,Singapore,UPS,1,1,0,0,0,0.0,0.0,0.0,LOGISTICS
2026-09-01,SUP-012,Supplier 012,USA,NA,PLT-09,Hanoi Assembly,Vietnam,APAC,Government,Australia,Maersk,1,1,1,0,0,100.0,0.0,0.0,LOGISTICS
2026-09-01,SUP-012,Supplier 012,USA,NA,PLT-09,Hanoi Assembly,Vietnam,APAC,Government,Japan,DB Schenker,1,1,0,1,0,0.0,100.0,0.0,LOGISTICS
2026-09-01,SUP-012,Supplier 012,USA,NA,PLT-00,Shanghai Hub,China,APAC,SMB,Singapore,FedEx,1,1,1,1,1,100.0,100.0,100.0,LOGISTICS
2026-09-01,SUP-012,Supplier 012,USA,NA,PLT-08,Taipei Micro,Taiwan,APAC,SMB,Australia,Kuehne+Nagel,1,1,0,0,0,0.0,0.0,0.0,LOGISTICS
2026-09-01,SUP-012,Supplier 012,USA,NA,PLT-02,Detroit Works,USA,NA,SMB,Japan,FedEx,1,1,0,1,0,0.0,100.0,0.0,LOGISTICS
2026-09-01,SUP-012,Supplier 012,USA,NA,PLT-09,Hanoi Assembly,Vietnam,APAC,Enterprise,USA,DB Schenker,1,1,1,1,1,100.0,100.0,100.0,LOGISTICS
2026-09-01,SUP-012,Supplier 012,USA,NA,PLT-02,Detroit Works,USA,NA,SMB,UK,Maersk,1,1,0,1,0,0.0,100.0,0.0,LOGISTICS
2026-09-01,SUP-012,Supplier 012,USA,NA,PLT-09,Hanoi Assembly,Vietnam,APAC,Government,Japan,Kuehne+Nagel,1,1,0,0,0,0.0,0.0,0.0,LOGISTICS
2026-09-01,SUP-013,Supplier 013,Japan,APAC,PLT-03,Tokyo Precision,Japan,APAC,Enterprise,France,Maersk,1,1,1,1,1,100.0,100.0,100.0,LOGISTICS
2026-09-01,SUP-014,Supplier 014,India,APAC,PLT-07,Seoul Tech,South Korea,APAC,Enterprise,Canada,DHL,1,1,1,1,1,100.0,100.0,100.0,LOGISTICS
2026-09-01,SUP-014,Supplier 014,India,APAC,PLT-00,Shanghai Hub,China,APAC,SMB,USA,DHL,1,1,0,0,0,0.0,0.0,0.0,LOGISTICS
2026-09-01,SUP-014,Supplier 014,India,APAC,PLT-00,Shanghai Hub,China,APAC,SMB,USA,UPS,1,1,0,1,0,0.0,100.0,0.0,LOGISTICS
2026-09-01,SUP-014,Supplier 014,India,APAC,PLT-04,Chennai Forge,India,APAC,Government,USA,FedEx,1,1,0,1,0,0.0,100.0,0.0,LOGISTICS
2026-09-01,SUP-014,Supplier 014,India,APAC,PLT-01,Munich Center,Germany,EMEA,Government,UK,Maersk,1,1,0,0,0,0.0,0.0,0.0,LOGISTICS
2026-09-01,SUP-015,Supplier 015,Mexico,LATAM,PLT-02,Detroit Works,USA,NA,SMB,UK,Maersk,1,1,0,1,0,0.0,100.0,0.0,LOGISTICS
2026-09-01,SUP-015,Supplier 015,Mexico,LATAM,PLT-02,Detroit Works,USA,NA,SMB,Germany,Kuehne+Nagel,1,1,1,1,1,100.0,100.0,100.0,LOGISTICS
2026-09-01,SUP-015,Supplier 015,Mexico,LATAM,PLT-02,Detroit Works,USA,NA,SMB,Germany,FedEx,1,1,0,1,0,0.0,100.0,0.0,LOGISTICS
2026-09-01,SUP-015,Supplier 015,Mexico,LATAM,PLT-06,Sao Paulo Ops,Brazil,LATAM,SMB,Canada,Kuehne+Nagel,1,1,1,0,0,100.0,0.0,0.0,LOGISTICS
2026-09-01,SUP-015,Supplier 015,Mexico,LATAM,PLT-05,Monterrey Plant,Mexico,LATAM,Government,USA,Maersk,1,1,0,1,0,0.0,100.0,0.0,LOGISTICS
2026-09-01,SUP-015,Supplier 015,Mexico,LATAM,PLT-05,Monterrey Plant,Mexico,LATAM,Government,USA,FedEx,1,1,0,0,0,0.0,0.0,0.0,LOGISTICS
2026-09-01,SUP-015,Supplier 015,Mexico,LATAM,PLT-05,Monterrey Plant,Mexico,LATAM,SMB,Canada,UPS,1,1,0,1,0,0.0,100.0,0.0,LOGISTICS
2026-09-01,SUP-015,Supplier 015,Mexico,LATAM,PLT-08,Taipei Micro,Taiwan,APAC,SMB,USA,Kuehne+Nagel,1,1,0,1,0,0.0,100.0,0.0,LOGISTICS
2026-09-01,SUP-015,Supplier 015,Mexico,LATAM,PLT-01,Munich Center,Germany,EMEA,SMB,Japan,DB Schenker,1,1,1,0,0,100.0,0.0,0.0,LOGISTICS
2026-09-01,SUP-015,Supplier 015,Mexico,LATAM,PLT-04,Chennai Forge,India,APAC,Government,Germany,Kuehne+Nagel,1,1,1,1,1,100.0,100.0,100.0,LOGISTICS
2026-09-01,SUP-015,Supplier 015,Mexico,LATAM,PLT-08,Taipei Micro,Taiwan,APAC,SMB,Singapore,UPS,1,1,1,1,1,100.0,100.0,100.0,LOGISTICS
2026-09-01,SUP-015,Supplier 015,Mexico,LATAM,PLT-08,Taipei Micro,Taiwan,APAC,Enterprise,Canada,DB Schenker,1,1,1,1,1,100.0,100.0,100.0,LOGISTICS
2026-09-01,SUP-015,Supplier 015,Mexico,LATAM,PLT-04,Chennai Forge,India,APAC,Government,Germany,Maersk,1,1,1,0,0,100.0,0.0,0.0,LOGISTICS
2026-09-01,SUP-016,Supplier 016,Brazil,LATAM,PLT-01,Munich Center,Germany,EMEA,Government,Australia,DB Schenker,1,1,1,1,1,100.0,100.0,100.0,LOGISTICS
2026-09-01,SUP-016,Supplier 016,Brazil,LATAM,PLT-03,Tokyo Precision,Japan,APAC,Enterprise,France,DHL,1,1,0,1,0,0.0,100.0,0.0,LOGISTICS
2026-09-01,SUP-016,Supplier 016,Brazil,LATAM,PLT-01,Munich Center,Germany,EMEA,Enterprise,Japan,DHL,1,1,0,0,0,0.0,0.0,0.0,LOGISTICS
2026-09-01,SUP-017,Supplier 017,South Korea,APAC,PLT-03,Tokyo Precision,Japan,APAC,SMB,Germany,UPS,1,1,0,1,0,0.0,100.0,0.0,LOGISTICS
2026-09-01,SUP-017,Supplier 017,South Korea,APAC,PLT-04,Chennai Forge,India,APAC,Government,USA,DB Schenker,1,1,1,0,0,100.0,0.0,0.0,LOGISTICS
2026-09-01,SUP-017,Supplier 017,South Korea,APAC,PLT-00,Shanghai Hub,China,APAC,Government,France,UPS,1,1,0,1,0,0.0,100.0,0.0,LOGISTICS
2026-09-01,SUP-017,Supplier 017,South Korea,APAC,PLT-00,Shanghai Hub,China,APAC,Government,Singapore,UPS,1,1,0,1,0,0.0,100.0,0.0,LOGISTICS
2026-09-01,SUP-017,Supplier 017,South Korea,APAC,PLT-03,Tokyo Precision,Japan,APAC,SMB,Germany,Maersk,1,1,1,0,0,100.0,0.0,0.0,LOGISTICS
2026-09-01,SUP-018,Supplier 018,Taiwan,APAC,PLT-03,Tokyo Precision,Japan,APAC,Enterprise,USA,DHL,1,1,0,0,0,0.0,0.0,0.0,LOGISTICS
2026-09-01,SUP-018,Supplier 018,Taiwan,APAC,PLT-03,Tokyo Precision,Japan,APAC,Enterprise,USA,FedEx,1,1,1,0,0,100.0,0.0,0.0,LOGISTICS
2026-09-01,SUP-018,Supplier 018,Taiwan,APAC,PLT-08,Taipei Micro,Taiwan,APAC,Government,USA,DB Schenker,1,1,1,1,1,100.0,100.0,100.0,LOGISTICS
2026-09-01,SUP-018,Supplier 018,Taiwan,APAC,PLT-05,Monterrey Plant,Mexico,LATAM,SMB,Australia,Maersk,1,2,0,1,0,0.0,50.0,0.0,LOGISTICS
2026-09-01,SUP-018,Supplier 018,Taiwan,APAC,PLT-03,Tokyo Precision,Japan,APAC,SMB,Australia,DB Schenker,1,1,1,1,1,100.0,100.0,100.0,LOGISTICS
2026-09-01,SUP-018,Supplier 018,Taiwan,APAC,PLT-00,Shanghai Hub,China,APAC,Enterprise,France,DB Schenker,1,1,0,1,0,0.0,100.0,0.0,LOGISTICS
2026-09-01,SUP-018,Supplier 018,Taiwan,APAC,PLT-07,Seoul Tech,South Korea,APAC,Enterprise,USA,DB Schenker,1,1,0,0,0,0.0,0.0,0.0,LOGISTICS
2026-09-01,SUP-019,Supplier 019,Vietnam,APAC,PLT-03,Tokyo Precision,Japan,APAC,SMB,Singapore,Kuehne+Nagel,1,1,0,0,0,0.0,0.0,0.0,LOGISTICS
2026-09-01,SUP-019,Supplier 019,Vietnam,APAC,PLT-03,Tokyo Precision,Japan,APAC,Enterprise,France,Maersk,1,1,1,1,1,100.0,100.0,100.0,LOGISTICS
2026-09-01,SUP-019,Supplier 019,Vietnam,APAC,PLT-03,Tokyo Precision,Japan,APAC,SMB,Singapore,FedEx,1,1,0,1,0,0.0,100.0,0.0,LOGISTICS
2026-09-01,SUP-019,Supplier 019,Vietnam,APAC,PLT-04,Chennai Forge,India,APAC,SMB,Germany,Kuehne+Nagel,1,1,0,1,0,0.0,100.0,0.0,LOGISTICS
2026-09-01,SUP-019,Supplier 019,Vietnam,APAC,PLT-06,Sao Paulo Ops,Brazil,LATAM,SMB,UK,DB Schenker,1,1,1,1,1,100.0,100.0,100.0,LOGISTICS
2026-09-01,SUP-019,Supplier 019,Vietnam,APAC,PLT-03,Tokyo Precision,Japan,APAC,Enterprise,France,Kuehne+Nagel,1,1,0,0,0,0.0,0.0,0.0,LOGISTICS
2026-09-01,SUP-019,Supplier 019,Vietnam,APAC,PLT-08,Taipei Micro,Taiwan,APAC,SMB,France,UPS,1,1,1,1,1,100.0,100.0,100.0,LOGISTICS
2026-09-01,SUP-019,Supplier 019,Vietnam,APAC,PLT-02,Detroit Works,USA,NA,SMB,UK,Kuehne+Nagel,1,2,1,0,0,50.0,0.0,0.0,LOGISTICS
2026-09-01,SUP-020,Supplier 020,China,APAC,PLT-04,Chennai Forge,India,APAC,SMB,Singapore,UPS,1,1,0,0,0,0.0,0.0,0.0,LOGISTICS
2026-09-01,SUP-020,Supplier 020,China,APAC,PLT-04,Chennai Forge,India,APAC,SMB,Germany,UPS,1,1,0,0,0,0.0,0.0,0.0,LOGISTICS
2026-09-01,SUP-020,Supplier 020,China,APAC,PLT-06,Sao Paulo Ops,Brazil,LATAM,SMB,Canada,Kuehne+Nagel,1,1,0,0,0,0.0,0.0,0.0,LOGISTICS
2026-09-01,SUP-020,Supplier 020,China,APAC,PLT-06,Sao Paulo Ops,Brazil,LATAM,SMB,Canada,DHL,1,1,1,0,0,100.0,0.0,0.0,LOGISTICS
2026-09-01,SUP-020,Supplier 020,China,APAC,PLT-01,Munich Center,Germany,EMEA,SMB,Australia,UPS,1,1,1,1,1,100.0,100.0,100.0,LOGISTICS
2026-09-01,SUP-021,Supplier 021,Germany,EMEA,PLT-03,Tokyo Precision,Japan,APAC,Government,France,DB Schenker,1,1,0,0,0,0.0,0.0,0.0,LOGISTICS
2026-09-01,SUP-021,Supplier 021,Germany,EMEA,PLT-06,Sao Paulo Ops,Brazil,LATAM,Enterprise,Australia,Maersk,1,1,0,0,0,0.0,0.0,0.0,LOGISTICS
2026-09-01,SUP-021,Supplier 021,Germany,EMEA,PLT-02,Detroit Works,USA,NA,SMB,USA,UPS,1,2,1,1,0,50.0,50.0,0.0,LOGISTICS
2026-09-01,SUP-021,Supplier 021,Germany,EMEA,PLT-05,Monterrey Plant,Mexico,LATAM,SMB,Canada,DHL,1,1,1,1,1,100.0,100.0,100.0,LOGISTICS
2026-09-01,SUP-021,Supplier 021,Germany,EMEA,PLT-05,Monterrey Plant,Mexico,LATAM,SMB,Canada,Kuehne+Nagel,1,1,0,0,0,0.0,0.0,0.0,LOGISTICS
2026-09-01,SUP-021,Supplier 021,Germany,EMEA,PLT-06,Sao Paulo Ops,Brazil,LATAM,Enterprise,Australia,DB Schenker,1,1,1,1,1,100.0,100.0,100.0,LOGISTICS
2026-09-01,SUP-021,Supplier 021,Germany,EMEA,PLT-05,Monterrey Plant,Mexico,LATAM,SMB,UK,Kuehne+Nagel,1,1,0,1,0,0.0,100.0,0.0,LOGISTICS
2026-09-01,SUP-021,Supplier 021,Germany,EMEA,PLT-02,Detroit Works,USA,NA,Enterprise,France,DB Schenker,1,1,0,0,0,0.0,0.0,0.0,LOGISTICS
2026-09-01,SUP-021,Supplier 021,Germany,EMEA,PLT-06,Sao Paulo Ops,Brazil,LATAM,SMB,Germany,DHL,1,1,1,1,1,100.0,100.0,100.0,LOGISTICS
2026-09-01,SUP-021,Supplier 021,Germany,EMEA,PLT-02,Detroit Works,USA,NA,Government,Germany,FedEx,1,1,0,1,0,0.0,100.0,0.0,LOGISTICS
2026-09-01,SUP-021,Supplier 021,Germany,EMEA,PLT-02,Detroit Works,USA,NA,Enterprise,France,UPS,1,1,0,0,0,0.0,0.0,0.0,LOGISTICS
2026-09-01,SUP-021,Supplier 021,Germany,EMEA,PLT-09,Hanoi Assembly,Vietnam,APAC,Government,Germany,Maersk,1,1,1,0,0,100.0,0.0,0.0,LOGISTICS
2026-09-01,SUP-022,Supplier 022,USA,NA,PLT-01,Munich Center,Germany,EMEA,Government,Canada,FedEx,1,1,0,0,0,0.0,0.0,0.0,LOGISTICS
2026-09-01,SUP-022,Supplier 022,USA,NA,PLT-08,Taipei Micro,Taiwan,APAC,SMB,Germany,Kuehne+Nagel,1,1,0,0,0,0.0,0.0,0.0,LOGISTICS
2026-09-01,SUP-022,Supplier 022,USA,NA,PLT-07,Seoul Tech,South Korea,APAC,Government,Canada,UPS,1,1,1,1,1,100.0,100.0,100.0,LOGISTICS
2026-09-01,SUP-022,Supplier 022,USA,NA,PLT-01,Munich Center,Germany,EMEA,Government,France,DHL,1,1,0,1,0,0.0,100.0,0.0,LOGISTICS
2026-09-01,SUP-022,Supplier 022,USA,NA,PLT-09,Hanoi Assembly,Vietnam,APAC,SMB,Germany,Kuehne+Nagel,1,1,1,1,1,100.0,100.0,100.0,LOGISTICS
2026-09-01,SUP-022,Supplier 022,USA,NA,PLT-03,Tokyo Precision,Japan,APAC,Government,Germany,Maersk,1,2,0,1,0,0.0,50.0,0.0,LOGISTICS
2026-09-01,SUP-022,Supplier 022,USA,NA,PLT-06,Sao Paulo Ops,Brazil,LATAM,SMB,USA,UPS,1,1,0,0,0,0.0,0.0,0.0,LOGISTICS
2026-09-01,SUP-022,Supplier 022,USA,NA,PLT-03,Tokyo Precision,Japan,APAC,SMB,France,DHL,1,1,1,1,1,100.0,100.0,100.0,LOGISTICS
2026-09-01,SUP-022,Supplier 022,USA,NA,PLT-08,Taipei Micro,Taiwan,APAC,SMB,Singapore,UPS,1,1,0,1,0,0.0,100.0,0.0,LOGISTICS
2026-09-01,SUP-022,Supplier 022,USA,NA,PLT-02,Detroit Works,USA,NA,Enterprise,UK,FedEx,1,1,0,1,0,0.0,100.0,0.0,LOGISTICS
2026-09-01,SUP-023,Supplier 023,Japan,APAC,PLT-09,Hanoi Assembly,Vietnam,APAC,Enterprise,Germany,Kuehne+Nagel,1,1,0,1,0,0.0,100.0,0.0,LOGISTICS
2026-09-01,SUP-023,Supplier 023,Japan,APAC,PLT-04,Chennai Forge,India,APAC,SMB,UK,DHL,1,1,1,1,1,100.0,100.0,100.0,LOGISTICS
2026-09-01,SUP-023,Supplier 023,Japan,APAC,PLT-09,Hanoi Assembly,Vietnam,APAC,Enterprise,Germany,FedEx,1,1,1,0,0,100.0,0.0,0.0,LOGISTICS
2026-09-01,SUP-024,Supplier 024,India,APAC,PLT-01,Munich Center,Germany,EMEA,SMB,UK,UPS,1,1,0,0,0,0.0,0.0,0.0,LOGISTICS
2026-09-01,SUP-024,Supplier 024,India,APAC,PLT-01,Munich Center,Germany,EMEA,SMB,Singapore,Kuehne+Nagel,1,1,1,0,0,100.0,0.0,0.0,LOGISTICS
2026-09-01,SUP-024,Supplier 024,India,APAC,PLT-01,Munich Center,Germany,EMEA,SMB,Singapore,Maersk,1,1,1,0,0,100.0,0.0,0.0,LOGISTICS
2026-09-01,SUP-024,Supplier 024,India,APAC,PLT-05,Monterrey Plant,Mexico,LATAM,Enterprise,France,DHL,1,1,1,0,0,100.0,0.0,0.0,LOGISTICS
2026-09-01,SUP-024,Supplier 024,India,APAC,PLT-06,Sao Paulo Ops,Brazil,LATAM,SMB,Australia,Kuehne+Nagel,1,1,1,0,0,100.0,0.0,0.0,LOGISTICS
2026-09-01,SUP-024,Supplier 024,India,APAC,PLT-06,Sao Paulo Ops,Brazil,LATAM,SMB,Australia,UPS,1,1,1,1,1,100.0,100.0,100.0,LOGISTICS
2026-09-01,SUP-024,Supplier 024,India,APAC,PLT-07,Seoul Tech,South Korea,APAC,SMB,Singapore,FedEx,1,1,0,0,0,0.0,0.0,0.0,LOGISTICS
2026-09-01,SUP-024,Supplier 024,India,APAC,PLT-01,Munich Center,Germany,EMEA,SMB,UK,FedEx,1,1,1,0,0,100.0,0.0,0.0,LOGISTICS
2026-09-01,SUP-025,Supplier 025,Mexico,LATAM,PLT-02,Detroit Works,USA,NA,Government,USA,DHL,1,1,1,1,1,100.0,100.0,100.0,LOGISTICS
2026-09-01,SUP-025,Supplier 025,Mexico,LATAM,PLT-08,Taipei Micro,Taiwan,APAC,Government,France,FedEx,1,1,0,0,0,0.0,0.0,0.0,LOGISTICS
2026-09-01,SUP-025,Supplier 025,Mexico,LATAM,PLT-02,Detroit Works,USA,NA,Enterprise,USA,DHL,1,2,0,0,0,0.0,0.0,0.0,LOGISTICS
2026-09-01,SUP-025,Supplier 025,Mexico,LATAM,PLT-04,Chennai Forge,India,APAC,Enterprise,Germany,DHL,1,1,0,0,0,0.0,0.0,0.0,LOGISTICS
2026-09-01,SUP-025,Supplier 025,Mexico,LATAM,PLT-06,Sao Paulo Ops,Brazil,LATAM,SMB,Australia,DB Schenker,1,1,1,0,0,100.0,0.0,0.0,LOGISTICS
2026-09-01,SUP-025,Supplier 025,Mexico,LATAM,PLT-06,Sao Paulo Ops,Brazil,LATAM,SMB,Australia,DHL,1,1,1,0,0,100.0,0.0,0.0,LOGISTICS
2026-09-01,SUP-025,Supplier 025,Mexico,LATAM,PLT-07,Seoul Tech,South Korea,APAC,SMB,France,FedEx,1,2,0,1,0,0.0,50.0,0.0,LOGISTICS
2026-09-01,SUP-025,Supplier 025,Mexico,LATAM,PLT-04,Chennai Forge,India,APAC,SMB,France,FedEx,1,1,1,1,1,100.0,100.0,100.0,LOGISTICS
2026-09-01,SUP-026,Supplier 026,Brazil,LATAM,PLT-07,Seoul Tech,South Korea,APAC,Enterprise,USA,DB Schenker,1,1,1,1,1,100.0,100.0,100.0,LOGISTICS
2026-09-01,SUP-026,Supplier 026,Brazil,LATAM,PLT-06,Sao Paulo Ops,Brazil,LATAM,Government,Singapore,UPS,1,1,0,0,0,0.0,0.0,0.0,LOGISTICS
2026-09-01,SUP-026,Supplier 026,Brazil,LATAM,PLT-06,Sao Paulo Ops,Brazil,LATAM,Government,Singapore,Maersk,1,1,1,1,1,100.0,100.0,100.0,LOGISTICS
2026-09-01,SUP-026,Supplier 026,Brazil,LATAM,PLT-07,Seoul Tech,South Korea,APAC,Enterprise,USA,Maersk,1,1,0,0,0,0.0,0.0,0.0,LOGISTICS
2026-09-01,SUP-026,Supplier 026,Brazil,LATAM,PLT-04,Chennai Forge,India,APAC,Government,Germany,Kuehne+Nagel,1,1,1,1,1,100.0,100.0,100.0,LOGISTICS
2026-09-01,SUP-027,Supplier 027,South Korea,APAC,PLT-09,Hanoi Assembly,Vietnam,APAC,SMB,Germany,FedEx,1,1,0,0,0,0.0,0.0,0.0,LOGISTICS
2026-09-01,SUP-027,Supplier 027,South Korea,APAC,PLT-09,Hanoi Assembly,Vietnam,APAC,SMB,Canada,UPS,1,1,0,1,0,0.0,100.0,0.0,LOGISTICS
2026-09-01,SUP-027,Supplier 027,South Korea,APAC,PLT-08,Taipei Micro,Taiwan,APAC,Enterprise,France,Kuehne+Nagel,1,1,1,1,1,100.0,100.0,100.0,LOGISTICS
2026-09-01,SUP-027,Supplier 027,South Korea,APAC,PLT-00,Shanghai Hub,China,APAC,SMB,UK,DHL,1,1,1,0,0,100.0,0.0,0.0,LOGISTICS
2026-09-01,SUP-027,Supplier 027,South Korea,APAC,PLT-01,Munich Center,Germany,EMEA,SMB,UK,Maersk,1,1,1,0,0,100.0,0.0,0.0,LOGISTICS
2026-09-01,SUP-027,Supplier 027,South Korea,APAC,PLT-04,Chennai Forge,India,APAC,SMB,Singapore,UPS,1,1,1,0,0,100.0,0.0,0.0,LOGISTICS
2026-09-01,SUP-027,Supplier 027,South Korea,APAC,PLT-09,Hanoi Assembly,Vietnam,APAC,SMB,Singapore,FedEx,1,1,1,1,1,100.0,100.0,100.0,LOGISTICS
2026-09-01,SUP-027,Supplier 027,South Korea,APAC,PLT-09,Hanoi Assembly,Vietnam,APAC,SMB,Canada,Kuehne+Nagel,1,1,0,0,0,0.0,0.0,0.0,LOGISTICS
2026-09-01,SUP-027,Supplier 027,South Korea,APAC,PLT-04,Chennai Forge,India,APAC,Government,USA,UPS,1,1,0,1,0,0.0,100.0,0.0,LOGISTICS
2026-09-01,SUP-027,Supplier 027,South Korea,APAC,PLT-02,Detroit Works,USA,NA,SMB,Australia,UPS,1,1,0,1,0,0.0,100.0,0.0,LOGISTICS
2026-09-01,SUP-027,Supplier 027,South Korea,APAC,PLT-05,Monterrey Plant,Mexico,LATAM,Enterprise,Canada,DB Schenker,1,1,0,1,0,0.0,100.0,0.0,LOGISTICS
2026-09-01,SUP-028,Supplier 028,Taiwan,APAC,PLT-01,Munich Center,Germany,EMEA,SMB,Canada,Kuehne+Nagel,1,1,1,1,1,100.0,100.0,100.0,LOGISTICS
2026-09-01,SUP-028,Supplier 028,Taiwan,APAC,PLT-01,Munich Center,Germany,EMEA,SMB,France,DB Schenker,1,1,1,1,1,100.0,100.0,100.0,LOGISTICS
2026-09-01,SUP-029,Supplier 029,Vietnam,APAC,PLT-09,Hanoi Assembly,Vietnam,APAC,SMB,Australia,FedEx,1,1,1,1,1,100.0,100.0,100.0,LOGISTICS
2026-09-01,SUP-029,Supplier 029,Vietnam,APAC,PLT-06,Sao Paulo Ops,Brazil,LATAM,Enterprise,Japan,Maersk,1,1,0,0,0,0.0,0.0,0.0,LOGISTICS
2026-09-01,SUP-030,Supplier 030,China,APAC,PLT-07,Seoul Tech,South Korea,APAC,SMB,Australia,Kuehne+Nagel,1,1,0,0,0,0.0,0.0,0.0,LOGISTICS
2026-09-01,SUP-030,Supplier 030,China,APAC,PLT-02,Detroit Works,USA,NA,SMB,Australia,UPS,1,1,1,0,0,100.0,0.0,0.0,LOGISTICS
2026-09-01,SUP-030,Supplier 030,China,APAC,PLT-06,Sao Paulo Ops,Brazil,LATAM,Government,Japan,UPS,1,1,0,0,0,0.0,0.0,0.0,LOGISTICS
2026-09-01,SUP-030,Supplier 030,China,APAC,PLT-02,Detroit Works,USA,NA,SMB,Australia,DB Schenker,1,1,1,0,0,100.0,0.0,0.0,LOGISTICS
2026-09-01,SUP-030,Supplier 030,China,APAC,PLT-06,Sao Paulo Ops,Brazil,LATAM,SMB,Singapore,FedEx,1,1,0,1,0,0.0,100.0,0.0,LOGISTICS
2026-09-01,SUP-031,Supplier 031,Germany,EMEA,PLT-05,Monterrey Plant,Mexico,LATAM,SMB,USA,DHL,1,1,0,0,0,0.0,0.0,0.0,LOGISTICS
2026-09-01,SUP-031,Supplier 031,Germany,EMEA,PLT-02,Detroit Works,USA,NA,SMB,Canada,FedEx,1,1,1,1,1,100.0,100.0,100.0,LOGISTICS
2026-09-01,SUP-031,Supplier 031,Germany,EMEA,PLT-03,Tokyo Precision,Japan,APAC,Government,Australia,Maersk,1,1,1,0,0,100.0,0.0,0.0,LOGISTICS
2026-09-01,SUP-031,Supplier 031,Germany,EMEA,PLT-09,Hanoi Assembly,Vietnam,APAC,SMB,Canada,UPS,1,1,1,0,0,100.0,0.0,0.0,LOGISTICS
2026-09-01,SUP-031,Supplier 031,Germany,EMEA,PLT-03,Tokyo Precision,Japan,APAC,SMB,France,UPS,1,1,1,1,1,100.0,100.0,100.0,LOGISTICS
2026-09-01,SUP-031,Supplier 031,Germany,EMEA,PLT-03,Tokyo Precision,Japan,APAC,Government,Australia,DB Schenker,1,1,1,1,1,100.0,100.0,100.0,LOGISTICS
2026-09-01,SUP-032,Supplier 032,USA,NA,PLT-00,Shanghai Hub,China,APAC,Enterprise,Canada,UPS,1,1,1,1,1,100.0,100.0,100.0,LOGISTICS
2026-09-01,SUP-032,Supplier 032,USA,NA,PLT-00,Shanghai Hub,China,APAC,Enterprise,Canada,Kuehne+Nagel,1,1,1,0,0,100.0,0.0,0.0,LOGISTICS
2026-09-01,SUP-032,Supplier 032,USA,NA,PLT-06,Sao Paulo Ops,Brazil,LATAM,SMB,Australia,FedEx,1,1,1,1,1,100.0,100.0,100.0,LOGISTICS
2026-09-01,SUP-032,Supplier 032,USA,NA,PLT-07,Seoul Tech,South Korea,APAC,Government,Germany,UPS,1,1,0,1,0,0.0,100.0,0.0,LOGISTICS
2026-09-01,SUP-033,Supplier 033,Japan,APAC,PLT-00,Shanghai Hub,China,APAC,Enterprise,France,UPS,1,1,1,0,0,100.0,0.0,0.0,LOGISTICS
2026-09-01,SUP-033,Supplier 033,Japan,APAC,PLT-09,Hanoi Assembly,Vietnam,APAC,Enterprise,USA,DHL,1,1,1,0,0,100.0,0.0,0.0,LOGISTICS
2026-09-01,SUP-033,Supplier 033,Japan,APAC,PLT-06,Sao Paulo Ops,Brazil,LATAM,SMB,Germany,FedEx,1,1,0,1,0,0.0,100.0,0.0,LOGISTICS
2026-09-01,SUP-033,Supplier 033,Japan,APAC,PLT-05,Monterrey Plant,Mexico,LATAM,SMB,Canada,DHL,1,1,1,1,1,100.0,100.0,100.0,LOGISTICS
2026-09-01,SUP-033,Supplier 033,Japan,APAC,PLT-02,Detroit Works,USA,NA,Government,Canada,Kuehne+Nagel,1,1,0,1,0,0.0,100.0,0.0,LOGISTICS
2026-09-01,SUP-033,Supplier 033,Japan,APAC,PLT-08,Taipei Micro,Taiwan,APAC,SMB,Singapore,Maersk,1,1,0,0,0,0.0,0.0,0.0,LOGISTICS
2026-09-01,SUP-033,Supplier 033,Japan,APAC,PLT-07,Seoul Tech,South Korea,APAC,SMB,Singapore,Maersk,1,1,1,1,1,100.0,100.0,100.0,LOGISTICS
2026-09-01,SUP-034,Supplier 034,India,APAC,PLT-02,Detroit Works,USA,NA,SMB,Canada,FedEx,1,1,1,0,0,100.0,0.0,0.0,LOGISTICS
2026-09-01,SUP-034,Supplier 034,India,APAC,PLT-02,Detroit Works,USA,NA,Government,USA,Maersk,1,1,1,1,1,100.0,100.0,100.0,LOGISTICS
2026-09-01,SUP-034,Supplier 034,India,APAC,PLT-00,Shanghai Hub,China,APAC,SMB,Singapore,DB Schenker,1,1,0,1,0,0.0,100.0,0.0,LOGISTICS
2026-09-01,SUP-034,Supplier 034,India,APAC,PLT-08,Taipei Micro,Taiwan,APAC,Government,UK,DB Schenker,1,1,0,1,0,0.0,100.0,0.0,LOGISTICS
2026-09-01,SUP-034,Supplier 034,India,APAC,PLT-03,Tokyo Precision,Japan,APAC,Enterprise,France,DHL,1,1,0,0,0,0.0,0.0,0.0,LOGISTICS
2026-09-01,SUP-034,Supplier 034,India,APAC,PLT-05,Monterrey Plant,Mexico,LATAM,Enterprise,Canada,DB Schenker,1,1,1,1,1,100.0,100.0,100.0,LOGISTICS
2026-09-01,SUP-034,Supplier 034,India,APAC,PLT-02,Detroit Works,USA,NA,SMB,UK,DHL,1,1,1,1,1,100.0,100.0,100.0,LOGISTICS
2026-09-01,SUP-034,Supplier 034,India,APAC,PLT-02,Detroit Works,USA,NA,SMB,Canada,UPS,1,1,0,1,0,0.0,100.0,0.0,LOGISTICS
2026-09-01,SUP-034,Supplier 034,India,APAC,PLT-09,Hanoi Assembly,Vietnam,APAC,Government,USA,FedEx,1,1,1,1,1,100.0,100.0,100.0,LOGISTICS
2026-09-01,SUP-035,Supplier 035,Mexico,LATAM,PLT-08,Taipei Micro,Taiwan,APAC,Enterprise,Germany,Maersk,1,1,0,0,0,0.0,0.0,0.0,LOGISTICS
2026-09-01,SUP-035,Supplier 035,Mexico,LATAM,PLT-01,Munich Center,Germany,EMEA,Government,USA,Kuehne+Nagel,1,1,0,1,0,0.0,100.0,0.0,LOGISTICS
2026-09-01,SUP-035,Supplier 035,Mexico,LATAM,PLT-08,Taipei Micro,Taiwan,APAC,SMB,Germany,Maersk,1,1,1,1,1,100.0,100.0,100.0,LOGISTICS
2026-09-01,SUP-035,Supplier 035,Mexico,LATAM,PLT-09,Hanoi Assembly,Vietnam,APAC,Government,UK,Kuehne+Nagel,1,2,1,0,0,50.0,0.0,0.0,LOGISTICS
2026-09-01,SUP-035,Supplier 035,Mexico,LATAM,PLT-06,Sao Paulo Ops,Brazil,LATAM,SMB,UK,DHL,1,1,0,0,0,0.0,0.0,0.0,LOGISTICS
2026-09-01,SUP-035,Supplier 035,Mexico,LATAM,PLT-09,Hanoi Assembly,Vietnam,APAC,SMB,Germany,UPS,1,1,1,1,1,100.0,100.0,100.0,LOGISTICS
2026-09-01,SUP-035,Supplier 035,Mexico,LATAM,PLT-06,Sao Paulo Ops,Brazil,LATAM,SMB,UK,UPS,1,1,1,1,1,100.0,100.0,100.0,LOGISTICS
2026-09-01,SUP-035,Supplier 035,Mexico,LATAM,PLT-00,Shanghai Hub,China,APAC,Enterprise,UK,DB Schenker,1,1,0,1,0,0.0,100.0,0.0,LOGISTICS
2026-09-01,SUP-035,Supplier 035,Mexico,LATAM,PLT-06,Sao Paulo Ops,Brazil,LATAM,Government,France,FedEx,1,1,0,1,0,0.0,100.0,0.0,LOGISTICS
2026-09-01,SUP-035,Supplier 035,Mexico,LATAM,PLT-08,Taipei Micro,Taiwan,APAC,Enterprise,Germany,FedEx,1,1,1,0,0,100.0,0.0,0.0,LOGISTICS
2026-09-01,SUP-035,Supplier 035,Mexico,LATAM,PLT-09,Hanoi Assembly,Vietnam,APAC,SMB,UK,Maersk,1,1,1,1,1,100.0,100.0,100.0,LOGISTICS
2026-09-01,SUP-036,Supplier 036,Brazil,LATAM,PLT-04,Chennai Forge,India,APAC,Government,Japan,DB Schenker,1,1,1,0,0,100.0,0.0,0.0,LOGISTICS
2026-09-01,SUP-036,Supplier 036,Brazil,LATAM,PLT-05,Monterrey Plant,Mexico,LATAM,SMB,Germany,Maersk,1,1,1,0,0,100.0,0.0,0.0,LOGISTICS
2026-09-01,SUP-036,Supplier 036,Brazil,LATAM,PLT-04,Chennai Forge,India,APAC,SMB,Australia,UPS,1,1,1,0,0,100.0,0.0,0.0,LOGISTICS
2026-09-01,SUP-036,Supplier 036,Brazil,LATAM,PLT-08,Taipei Micro,Taiwan,APAC,SMB,Singapore,Kuehne+Nagel,1,1,0,1,0,0.0,100.0,0.0,LOGISTICS
2026-09-01,SUP-036,Supplier 036,Brazil,LATAM,PLT-04,Chennai Forge,India,APAC,Government,Japan,DHL,1,1,1,1,1,100.0,100.0,100.0,LOGISTICS
2026-09-01,SUP-036,Supplier 036,Brazil,LATAM,PLT-07,Seoul Tech,South Korea,APAC,SMB,Canada,Kuehne+Nagel,1,1,1,1,1,100.0,100.0,100.0,LOGISTICS
2026-09-01,SUP-037,Supplier 037,South Korea,APAC,PLT-00,Shanghai Hub,China,APAC,Enterprise,USA,UPS,1,1,0,1,0,0.0,100.0,0.0,LOGISTICS
2026-09-01,SUP-037,Supplier 037,South Korea,APAC,PLT-05,Monterrey Plant,Mexico,LATAM,Enterprise,Canada,FedEx,1,1,0,0,0,0.0,0.0,0.0,LOGISTICS
2026-09-01,SUP-037,Supplier 037,South Korea,APAC,PLT-01,Munich Center,Germany,EMEA,Enterprise,USA,UPS,1,1,0,1,0,0.0,100.0,0.0,LOGISTICS
2026-09-01,SUP-037,Supplier 037,South Korea,APAC,PLT-00,Shanghai Hub,China,APAC,SMB,UK,FedEx,1,1,0,0,0,0.0,0.0,0.0,LOGISTICS
2026-09-01,SUP-037,Supplier 037,South Korea,APAC,PLT-05,Monterrey Plant,Mexico,LATAM,Government,Australia,UPS,1,1,1,0,0,100.0,0.0,0.0,LOGISTICS
2026-09-01,SUP-037,Supplier 037,South Korea,APAC,PLT-05,Monterrey Plant,Mexico,LATAM,SMB,Singapore,FedEx,1,1,0,1,0,0.0,100.0,0.0,LOGISTICS
2026-09-01,SUP-037,Supplier 037,South Korea,APAC,PLT-07,Seoul Tech,South Korea,APAC,SMB,Germany,FedEx,1,1,0,1,0,0.0,100.0,0.0,LOGISTICS
2026-09-01,SUP-037,Supplier 037,South Korea,APAC,PLT-00,Shanghai Hub,China,APAC,SMB,UK,Maersk,1,1,1,0,0,100.0,0.0,0.0,LOGISTICS
2026-09-01,SUP-037,Supplier 037,South Korea,APAC,PLT-03,Tokyo Precision,Japan,APAC,Enterprise,Japan,FedEx,1,1,0,1,0,0.0,100.0,0.0,LOGISTICS
2026-09-01,SUP-037,Supplier 037,South Korea,APAC,PLT-04,Chennai Forge,India,APAC,SMB,Germany,Maersk,1,1,0,0,0,0.0,0.0,0.0,LOGISTICS
2026-09-01,SUP-037,Supplier 037,South Korea,APAC,PLT-01,Munich Center,Germany,EMEA,SMB,France,FedEx,1,1,0,1,0,0.0,100.0,0.0,LOGISTICS
2026-09-01,SUP-037,Supplier 037,South Korea,APAC,PLT-09,Hanoi Assembly,Vietnam,APAC,Enterprise,USA,DHL,1,1,0,1,0,0.0,100.0,0.0,LOGISTICS
2026-09-01,SUP-037,Supplier 037,South Korea,APAC,PLT-04,Chennai Forge,India,APAC,Enterprise,USA,DHL,1,1,1,0,0,100.0,0.0,0.0,LOGISTICS
2026-09-01,SUP-037,Supplier 037,South Korea,APAC,PLT-04,Chennai Forge,India,APAC,SMB,USA,DB Schenker,1,1,1,1,1,100.0,100.0,100.0,LOGISTICS
2026-09-01,SUP-038,Supplier 038,Taiwan,APAC,PLT-00,Shanghai Hub,China,APAC,SMB,UK,UPS,1,1,1,0,0,100.0,0.0,0.0,LOGISTICS
2026-09-01,SUP-038,Supplier 038,Taiwan,APAC,PLT-03,Tokyo Precision,Japan,APAC,Government,Germany,UPS,1,1,0,1,0,0.0,100.0,0.0,LOGISTICS
2026-09-01,SUP-038,Supplier 038,Taiwan,APAC,PLT-04,Chennai Forge,India,APAC,Enterprise,Germany,Kuehne+Nagel,1,1,1,1,1,100.0,100.0,100.0,LOGISTICS
2026-09-01,SUP-038,Supplier 038,Taiwan,APAC,PLT-06,Sao Paulo Ops,Brazil,LATAM,SMB,France,UPS,1,1,0,1,0,0.0,100.0,0.0,LOGISTICS
2026-09-01,SUP-038,Supplier 038,Taiwan,APAC,PLT-04,Chennai Forge,India,APAC,Enterprise,Germany,DB Schenker,1,1,1,0,0,100.0,0.0,0.0,LOGISTICS
2026-09-01,SUP-038,Supplier 038,Taiwan,APAC,PLT-03,Tokyo Precision,Japan,APAC,Enterprise,Canada,DB Schenker,1,1,0,1,0,0.0,100.0,0.0,LOGISTICS
2026-09-01,SUP-038,Supplier 038,Taiwan,APAC,PLT-04,Chennai Forge,India,APAC,SMB,Singapore,DB Schenker,1,1,1,1,1,100.0,100.0,100.0,LOGISTICS
2026-09-01,SUP-038,Supplier 038,Taiwan,APAC,PLT-00,Shanghai Hub,China,APAC,SMB,UK,Maersk,1,1,1,1,1,100.0,100.0,100.0,LOGISTICS
2026-09-01,SUP-038,Supplier 038,Taiwan,APAC,PLT-07,Seoul Tech,South Korea,APAC,Government,Australia,Kuehne+Nagel,1,1,0,0,0,0.0,0.0,0.0,LOGISTICS
2026-09-01,SUP-039,Supplier 039,Vietnam,APAC,PLT-08,Taipei Micro,Taiwan,APAC,SMB,Canada,DHL,1,1,0,1,0,0.0,100.0,0.0,LOGISTICS
2026-09-01,SUP-039,Supplier 039,Vietnam,APAC,PLT-06,Sao Paulo Ops,Brazil,LATAM,SMB,Singapore,Kuehne+Nagel,1,1,1,1,1,100.0,100.0,100.0,LOGISTICS
2026-09-01,SUP-039,Supplier 039,Vietnam,APAC,PLT-05,Monterrey Plant,Mexico,LATAM,SMB,Singapore,DB Schenker,1,1,1,1,1,100.0,100.0,100.0,LOGISTICS
2026-09-01,SUP-039,Supplier 039,Vietnam,APAC,PLT-00,Shanghai Hub,China,APAC,SMB,Singapore,Kuehne+Nagel,1,1,1,0,0,100.0,0.0,0.0,LOGISTICS
2026-09-01,SUP-040,Supplier 040,China,APAC,PLT-09,Hanoi Assembly,Vietnam,APAC,SMB,Germany,DHL,1,1,1,1,1,100.0,100.0,100.0,LOGISTICS
2026-09-01,SUP-041,Supplier 041,Germany,EMEA,PLT-00,Shanghai Hub,China,APAC,Enterprise,Germany,FedEx,1,1,0,1,0,0.0,100.0,0.0,LOGISTICS
2026-09-01,SUP-041,Supplier 041,Germany,EMEA,PLT-05,Monterrey Plant,Mexico,LATAM,SMB,UK,UPS,1,1,0,1,0,0.0,100.0,0.0,LOGISTICS
2026-09-01,SUP-041,Supplier 041,Germany,EMEA,PLT-09,Hanoi Assembly,Vietnam,APAC,Enterprise,Germany,Maersk,1,1,0,1,0,0.0,100.0,0.0,LOGISTICS
2026-09-01,SUP-041,Supplier 041,Germany,EMEA,PLT-05,Monterrey Plant,Mexico,LATAM,SMB,UK,Maersk,1,1,1,0,0,100.0,0.0,0.0,LOGISTICS
2026-09-01,SUP-041,Supplier 041,Germany,EMEA,PLT-06,Sao Paulo Ops,Brazil,LATAM,SMB,Australia,Kuehne+Nagel,1,1,1,1,1,100.0,100.0,100.0,LOGISTICS
2026-09-01,SUP-041,Supplier 041,Germany,EMEA,PLT-00,Shanghai Hub,China,APAC,Enterprise,Germany,DHL,1,1,1,0,0,100.0,0.0,0.0,LOGISTICS
2026-09-01,SUP-041,Supplier 041,Germany,EMEA,PLT-05,Monterrey Plant,Mexico,LATAM,SMB,Canada,Maersk,1,1,1,0,0,100.0,0.0,0.0,LOGISTICS
2026-09-01,SUP-041,Supplier 041,Germany,EMEA,PLT-05,Monterrey Plant,Mexico,LATAM,Enterprise,UK,UPS,1,1,0,0,0,0.0,0.0,0.0,LOGISTICS
2026-09-01,SUP-041,Supplier 041,Germany,EMEA,PLT-05,Monterrey Plant,Mexico,LATAM,SMB,Canada,FedEx,1,1,1,1,1,100.0,100.0,100.0,LOGISTICS
2026-09-01,SUP-041,Supplier 041,Germany,EMEA,PLT-05,Monterrey Plant,Mexico,LATAM,Enterprise,UK,DB Schenker,1,1,0,0,0,0.0,0.0,0.0,LOGISTICS
2026-09-01,SUP-041,Supplier 041,Germany,EMEA,PLT-03,Tokyo Precision,Japan,APAC,SMB,France,DB Schenker,1,1,0,1,0,0.0,100.0,0.0,LOGISTICS
2026-09-01,SUP-041,Supplier 041,Germany,EMEA,PLT-00,Shanghai Hub,China,APAC,Enterprise,USA,UPS,1,1,0,1,0,0.0,100.0,0.0,LOGISTICS
2026-09-01,SUP-041,Supplier 041,Germany,EMEA,PLT-09,Hanoi Assembly,Vietnam,APAC,Enterprise,Canada,DB Schenker,1,1,0,0,0,0.0,0.0,0.0,LOGISTICS
2026-09-01,SUP-041,Supplier 041,Germany,EMEA,PLT-09,Hanoi Assembly,Vietnam,APAC,Government,UK,DB Schenker,1,1,0,1,0,0.0,100.0,0.0,LOGISTICS
2026-09-01,SUP-041,Supplier 041,Germany,EMEA,PLT-00,Shanghai Hub,China,APAC,SMB,Australia,DHL,1,1,1,1,1,100.0,100.0,100.0,LOGISTICS
2026-09-01,SUP-042,Supplier 042,USA,NA,PLT-04,Chennai Forge,India,APAC,SMB,Australia,Kuehne+Nagel,1,1,0,0,0,0.0,0.0,0.0,LOGISTICS
2026-09-01,SUP-042,Supplier 042,USA,NA,PLT-04,Chennai Forge,India,APAC,SMB,Australia,FedEx,1,1,0,1,0,0.0,100.0,0.0,LOGISTICS
2026-09-01,SUP-042,Supplier 042,USA,NA,PLT-07,Seoul Tech,South Korea,APAC,SMB,Australia,UPS,1,1,1,1,1,100.0,100.0,100.0,LOGISTICS
2026-09-01,SUP-042,Supplier 042,USA,NA,PLT-02,Detroit Works,USA,NA,SMB,Australia,DHL,1,1,1,1,1,100.0,100.0,100.0,LOGISTICS
2026-09-01,SUP-042,Supplier 042,USA,NA,PLT-06,Sao Paulo Ops,Brazil,LATAM,Government,Germany,Kuehne+Nagel,1,1,0,1,0,0.0,100.0,0.0,LOGISTICS
2026-09-01,SUP-042,Supplier 042,USA,NA,PLT-06,Sao Paulo Ops,Brazil,LATAM,Enterprise,Canada,DHL,1,1,1,1,1,100.0,100.0,100.0,LOGISTICS
2026-09-01,SUP-042,Supplier 042,USA,NA,PLT-07,Seoul Tech,South Korea,APAC,SMB,Germany,UPS,1,1,1,1,1,100.0,100.0,100.0,LOGISTICS
2026-09-01,SUP-042,Supplier 042,USA,NA,PLT-08,Taipei Micro,Taiwan,APAC,SMB,Canada,DB Schenker,1,1,0,1,0,0.0,100.0,0.0,LOGISTICS
2026-09-01,SUP-042,Supplier 042,USA,NA,PLT-06,Sao Paulo Ops,Brazil,LATAM,SMB,Canada,FedEx,1,1,0,0,0,0.0,0.0,0.0,LOGISTICS
2026-09-01,SUP-042,Supplier 042,USA,NA,PLT-06,Sao Paulo Ops,Brazil,LATAM,Enterprise,Canada,UPS,1,1,0,0,0,0.0,0.0,0.0,LOGISTICS
2026-09-01,SUP-042,Supplier 042,USA,NA,PLT-06,Sao Paulo Ops,Brazil,LATAM,Enterprise,Australia,FedEx,1,1,1,1,1,100.0,100.0,100.0,LOGISTICS
2026-09-01,SUP-042,Supplier 042,USA,NA,PLT-07,Seoul Tech,South Korea,APAC,SMB,Germany,Maersk,1,1,1,1,1,100.0,100.0,100.0,LOGISTICS
2026-09-01,SUP-042,Supplier 042,USA,NA,PLT-03,Tokyo Precision,Japan,APAC,Enterprise,France,DB Schenker,1,1,1,1,1,100.0,100.0,100.0,LOGISTICS
2026-09-01,SUP-042,Supplier 042,USA,NA,PLT-04,Chennai Forge,India,APAC,SMB,USA,DB Schenker,1,1,1,1,1,100.0,100.0,100.0,LOGISTICS
2026-09-01,SUP-042,Supplier 042,USA,NA,PLT-07,Seoul Tech,South Korea,APAC,Enterprise,Japan,DB Schenker,1,1,0,0,0,0.0,0.0,0.0,LOGISTICS
2026-09-01,SUP-042,Supplier 042,USA,NA,PLT-04,Chennai Forge,India,APAC,Enterprise,USA,DHL,1,2,1,1,1,50.0,50.0,50.0,LOGISTICS
2026-09-01,SUP-043,Supplier 043,Japan,APAC,PLT-07,Seoul Tech,South Korea,APAC,Enterprise,USA,UPS,1,1,1,1,1,100.0,100.0,100.0,LOGISTICS
2026-09-01,SUP-043,Supplier 043,Japan,APAC,PLT-02,Detroit Works,USA,NA,Enterprise,USA,DHL,1,1,1,1,1,100.0,100.0,100.0,LOGISTICS
2026-09-01,SUP-043,Supplier 043,Japan,APAC,PLT-06,Sao Paulo Ops,Brazil,LATAM,Enterprise,Canada,FedEx,1,1,0,1,0,0.0,100.0,0.0,LOGISTICS
2026-09-01,SUP-043,Supplier 043,Japan,APAC,PLT-04,Chennai Forge,India,APAC,SMB,UK,UPS,1,1,0,0,0,0.0,0.0,0.0,LOGISTICS
2026-09-01,SUP-043,Supplier 043,Japan,APAC,PLT-08,Taipei Micro,Taiwan,APAC,SMB,Singapore,FedEx,1,1,0,0,0,0.0,0.0,0.0,LOGISTICS
2026-09-01,SUP-043,Supplier 043,Japan,APAC,PLT-01,Munich Center,Germany,EMEA,SMB,Australia,FedEx,1,1,1,1,1,100.0,100.0,100.0,LOGISTICS
2026-09-01,SUP-043,Supplier 043,Japan,APAC,PLT-09,Hanoi Assembly,Vietnam,APAC,SMB,France,DHL,1,1,0,1,0,0.0,100.0,0.0,LOGISTICS
2026-09-01,SUP-044,Supplier 044,India,APAC,PLT-06,Sao Paulo Ops,Brazil,LATAM,SMB,USA,DB Schenker,1,1,1,1,1,100.0,100.0,100.0,LOGISTICS
2026-09-01,SUP-044,Supplier 044,India,APAC,PLT-01,Munich Center,Germany,EMEA,SMB,Canada,UPS,1,2,0,1,0,0.0,50.0,0.0,LOGISTICS
2026-09-01,SUP-044,Supplier 044,India,APAC,PLT-08,Taipei Micro,Taiwan,APAC,Enterprise,Japan,DB Schenker,1,1,1,0,0,100.0,0.0,0.0,LOGISTICS
2026-09-01,SUP-044,Supplier 044,India,APAC,PLT-00,Shanghai Hub,China,APAC,Government,Singapore,FedEx,1,1,0,0,0,0.0,0.0,0.0,LOGISTICS
2026-09-01,SUP-044,Supplier 044,India,APAC,PLT-04,Chennai Forge,India,APAC,SMB,Australia,UPS,1,1,0,0,0,0.0,0.0,0.0,LOGISTICS
2026-09-01,SUP-044,Supplier 044,India,APAC,PLT-04,Chennai Forge,India,APAC,SMB,Singapore,DHL,1,1,0,0,0,0.0,0.0,0.0,LOGISTICS
2026-09-01,SUP-044,Supplier 044,India,APAC,PLT-08,Taipei Micro,Taiwan,APAC,SMB,Singapore,Maersk,1,1,1,1,1,100.0,100.0,100.0,LOGISTICS
2026-09-01,SUP-044,Supplier 044,India,APAC,PLT-06,Sao Paulo Ops,Brazil,LATAM,SMB,Canada,FedEx,1,1,0,1,0,0.0,100.0,0.0,LOGISTICS
2026-09-01,SUP-045,Supplier 045,Mexico,LATAM,PLT-05,Monterrey Plant,Mexico,LATAM,Enterprise,USA,DHL,1,1,0,1,0,0.0,100.0,0.0,LOGISTICS
2026-09-01,SUP-045,Supplier 045,Mexico,LATAM,PLT-08,Taipei Micro,Taiwan,APAC,SMB,Canada,DB Schenker,1,1,1,1,1,100.0,100.0,100.0,LOGISTICS
2026-09-01,SUP-045,Supplier 045,Mexico,LATAM,PLT-07,Seoul Tech,South Korea,APAC,SMB,Germany,Maersk,1,1,0,1,0,0.0,100.0,0.0,LOGISTICS
2026-09-01,SUP-045,Supplier 045,Mexico,LATAM,PLT-02,Detroit Works,USA,NA,SMB,France,UPS,1,1,0,1,0,0.0,100.0,0.0,LOGISTICS
2026-09-01,SUP-045,Supplier 045,Mexico,LATAM,PLT-04,Chennai Forge,India,APAC,SMB,UK,Maersk,1,1,0,0,0,0.0,0.0,0.0,LOGISTICS
2026-09-01,SUP-045,Supplier 045,Mexico,LATAM,PLT-07,Seoul Tech,South Korea,APAC,Government,USA,Maersk,1,1,1,1,1,100.0,100.0,100.0,LOGISTICS
2026-09-01,SUP-045,Supplier 045,Mexico,LATAM,PLT-01,Munich Center,Germany,EMEA,SMB,France,DHL,1,1,1,1,1,100.0,100.0,100.0,LOGISTICS
2026-09-01,SUP-045,Supplier 045,Mexico,LATAM,PLT-04,Chennai Forge,India,APAC,Enterprise,USA,UPS,1,1,0,0,0,0.0,0.0,0.0,LOGISTICS
2026-09-01,SUP-045,Supplier 045,Mexico,LATAM,PLT-02,Detroit Works,USA,NA,SMB,France,DB Schenker,1,1,0,0,0,0.0,0.0,0.0,LOGISTICS
2026-09-01,SUP-045,Supplier 045,Mexico,LATAM,PLT-07,Seoul Tech,South Korea,APAC,SMB,UK,FedEx,1,1,1,1,1,100.0,100.0,100.0,LOGISTICS
2026-09-01,SUP-045,Supplier 045,Mexico,LATAM,PLT-05,Monterrey Plant,Mexico,LATAM,Enterprise,USA,Maersk,1,1,1,0,0,100.0,0.0,0.0,LOGISTICS
2026-09-01,SUP-045,Supplier 045,Mexico,LATAM,PLT-02,Detroit Works,USA,NA,Enterprise,Germany,DB Schenker,1,1,0,1,0,0.0,100.0,0.0,LOGISTICS
2026-09-01,SUP-045,Supplier 045,Mexico,LATAM,PLT-00,Shanghai Hub,China,APAC,Government,USA,FedEx,1,1,1,1,1,100.0,100.0,100.0,LOGISTICS
2026-09-01,SUP-046,Supplier 046,Brazil,LATAM,PLT-06,Sao Paulo Ops,Brazil,LATAM,Government,USA,UPS,1,1,1,0,0,100.0,0.0,0.0,LOGISTICS
2026-09-01,SUP-046,Supplier 046,Brazil,LATAM,PLT-01,Munich Center,Germany,EMEA,Enterprise,Singapore,Maersk,1,1,0,1,0,0.0,100.0,0.0,LOGISTICS
2026-09-01,SUP-046,Supplier 046,Brazil,LATAM,PLT-00,Shanghai Hub,China,APAC,SMB,France,FedEx,1,2,2,1,1,100.0,50.0,50.0,LOGISTICS
2026-09-01,SUP-046,Supplier 046,Brazil,LATAM,PLT-01,Munich Center,Germany,EMEA,SMB,Australia,Maersk,1,1,0,0,0,0.0,0.0,0.0,LOGISTICS
2026-09-01,SUP-046,Supplier 046,Brazil,LATAM,PLT-09,Hanoi Assembly,Vietnam,APAC,SMB,France,Kuehne+Nagel,1,1,1,1,1,100.0,100.0,100.0,LOGISTICS
2026-09-01,SUP-046,Supplier 046,Brazil,LATAM,PLT-06,Sao Paulo Ops,Brazil,LATAM,SMB,UK,UPS,1,1,1,1,1,100.0,100.0,100.0,LOGISTICS
2026-09-01,SUP-046,Supplier 046,Brazil,LATAM,PLT-04,Chennai Forge,India,APAC,SMB,Germany,UPS,1,1,0,0,0,0.0,0.0,0.0,LOGISTICS
2026-09-01,SUP-046,Supplier 046,Brazil,LATAM,PLT-08,Taipei Micro,Taiwan,APAC,SMB,UK,UPS,1,1,1,1,1,100.0,100.0,100.0,LOGISTICS
2026-09-01,SUP-046,Supplier 046,Brazil,LATAM,PLT-00,Shanghai Hub,China,APAC,Enterprise,Japan,DHL,1,1,0,1,0,0.0,100.0,0.0,LOGISTICS
2026-09-01,SUP-046,Supplier 046,Brazil,LATAM,PLT-01,Munich Center,Germany,EMEA,Enterprise,France,DB Schenker,1,1,0,1,0,0.0,100.0,0.0,LOGISTICS
2026-09-01,SUP-046,Supplier 046,Brazil,LATAM,PLT-04,Chennai Forge,India,APAC,SMB,Germany,FedEx,1,1,1,1,1,100.0,100.0,100.0,LOGISTICS
2026-09-01,SUP-046,Supplier 046,Brazil,LATAM,PLT-01,Munich Center,Germany,EMEA,SMB,Australia,DB Schenker,1,1,0,1,0,0.0,100.0,0.0,LOGISTICS
2026-09-01,SUP-046,Supplier 046,Brazil,LATAM,PLT-09,Hanoi Assembly,Vietnam,APAC,SMB,France,DB Schenker,1,1,1,0,0,100.0,0.0,0.0,LOGISTICS
2026-09-01,SUP-046,Supplier 046,Brazil,LATAM,PLT-07,Seoul Tech,South Korea,APAC,Government,France,DB Schenker,1,1,1,1,1,100.0,100.0,100.0,LOGISTICS
2026-09-01,SUP-046,Supplier 046,Brazil,LATAM,PLT-00,Shanghai Hub,China,APAC,Enterprise,USA,DHL,1,1,1,0,0,100.0,0.0,0.0,LOGISTICS
2026-09-01,SUP-047,Supplier 047,South Korea,APAC,PLT-01,Munich Center,Germany,EMEA,Enterprise,Germany,Maersk,1,1,0,1,0,0.0,100.0,0.0,LOGISTICS
2026-09-01,SUP-047,Supplier 047,South Korea,APAC,PLT-04,Chennai Forge,India,APAC,SMB,Canada,DHL,1,1,1,1,1,100.0,100.0,100.0,LOGISTICS
2026-09-01,SUP-047,Supplier 047,South Korea,APAC,PLT-06,Sao Paulo Ops,Brazil,LATAM,Government,Japan,DHL,1,1,0,1,0,0.0,100.0,0.0,LOGISTICS
2026-09-01,SUP-048,Supplier 048,Taiwan,APAC,PLT-00,Shanghai Hub,China,APAC,SMB,France,DHL,1,1,0,0,0,0.0,0.0,0.0,LOGISTICS
2026-09-01,SUP-048,Supplier 048,Taiwan,APAC,PLT-04,Chennai Forge,India,APAC,Enterprise,Japan,FedEx,1,1,0,1,0,0.0,100.0,0.0,LOGISTICS
2026-09-01,SUP-048,Supplier 048,Taiwan,APAC,PLT-03,Tokyo Precision,Japan,APAC,Enterprise,Germany,FedEx,1,1,0,1,0,0.0,100.0,0.0,LOGISTICS
2026-09-01,SUP-048,Supplier 048,Taiwan,APAC,PLT-06,Sao Paulo Ops,Brazil,LATAM,SMB,Japan,FedEx,1,1,1,1,1,100.0,100.0,100.0,LOGISTICS
2026-09-01,SUP-049,Supplier 049,Vietnam,APAC,PLT-05,Monterrey Plant,Mexico,LATAM,SMB,Australia,FedEx,1,1,1,0,0,100.0,0.0,0.0,LOGISTICS
2026-09-01,SUP-049,Supplier 049,Vietnam,APAC,PLT-05,Monterrey Plant,Mexico,LATAM,SMB,Australia,DB Schenker,1,1,0,0,0,0.0,0.0,0.0,LOGISTICS
2026-09-01,SUP-049,Supplier 049,Vietnam,APAC,PLT-05,Monterrey Plant,Mexico,LATAM,SMB,Australia,DHL,1,1,0,1,0,0.0,100.0,0.0,LOGISTICS
2026-09-01,SUP-049,Supplier 049,Vietnam,APAC,PLT-01,Munich Center,Germany,EMEA,SMB,Canada,UPS,1,1,0,1,0,0.0,100.0,0.0,LOGISTICS
2026-09-01,SUP-049,Supplier 049,Vietnam,APAC,PLT-05,Monterrey Plant,Mexico,LATAM,SMB,Australia,UPS,1,1,0,0,0,0.0,0.0,0.0,LOGISTICS
2026-09-01,SUP-049,Supplier 049,Vietnam,APAC,PLT-06,Sao Paulo Ops,Brazil,LATAM,Enterprise,USA,Maersk,1,1,0,1,0,0.0,100.0,0.0,LOGISTICS
2026-09-01,SUP-049,Supplier 049,Vietnam,APAC,PLT-00,Shanghai Hub,China,APAC,SMB,Germany,UPS,1,1,0,1,0,0.0,100.0,0.0,LOGISTICS
2026-09-01,SUP-049,Supplier 049,Vietnam,APAC,PLT-00,Shanghai Hub,China,APAC,SMB,UK,DB Schenker,1,1,0,1,0,0.0,100.0,0.0,LOGISTICS
2026-09-01,SUP-049,Supplier 049,Vietnam,APAC,PLT-00,Shanghai Hub,China,APAC,SMB,Germany,DHL,1,1,0,0,0,0.0,0.0,0.0,LOGISTICS
2026-10-01,SUP-002,Supplier 002,USA,NA,PLT-03,Tokyo Precision,Japan,APAC,Enterprise,USA,DHL,1,1,1,1,1,100.0,100.0,100.0,LOGISTICS
2026-10-01,SUP-009,Supplier 009,Vietnam,APAC,PLT-04,Chennai Forge,India,APAC,Enterprise,Japan,FedEx,1,1,0,1,0,0.0,100.0,0.0,LOGISTICS
2026-10-01,SUP-012,Supplier 012,USA,NA,PLT-04,Chennai Forge,India,APAC,Government,Canada,Maersk,1,1,1,0,0,100.0,0.0,0.0,LOGISTICS
2026-10-01,SUP-012,Supplier 012,USA,NA,PLT-04,Chennai Forge,India,APAC,Government,Canada,Kuehne+Nagel,1,1,0,1,0,0.0,100.0,0.0,LOGISTICS
2026-10-01,SUP-024,Supplier 024,India,APAC,PLT-00,Shanghai Hub,China,APAC,SMB,UK,UPS,1,1,0,1,0,0.0,100.0,0.0,LOGISTICS
2026-10-01,SUP-025,Supplier 025,Mexico,LATAM,PLT-00,Shanghai Hub,China,APAC,Government,Germany,Maersk,1,1,0,0,0,0.0,0.0,0.0,LOGISTICS
2026-10-01,SUP-028,Supplier 028,Taiwan,APAC,PLT-08,Taipei Micro,Taiwan,APAC,Enterprise,France,DHL,1,1,0,1,0,0.0,100.0,0.0,LOGISTICS
2026-10-01,SUP-031,Supplier 031,Germany,EMEA,PLT-09,Hanoi Assembly,Vietnam,APAC,Government,Australia,UPS,1,1,0,0,0,0.0,0.0,0.0,LOGISTICS
