ORDER_MONTH,SUPPLIER_ID,SUPPLIER_NAME,SUPPLIER_COUNTRY,SUPPLIER_REGION,PLANT_ID,PLANT_NAME,PLANT_COUNTRY,PLANT_REGION,CUSTOMER_SEGMENT,CUSTOMER_COUNTRY,TOTAL_ORDERS,TOTAL_ORDER_VALUE,AT_RISK_ORDERS,REVENUE_AT_RISK,LATE_DELIVERY_ORDERS,LATE_DELIVERY_REVENUE,SHORT_SHIPPED_ORDERS,SHORT_SHIPPED_REVENUE,OVERDUE_OPEN_ORDERS,OVERDUE_OPEN_REVENUE,AT_RISK_RATE,REVENUE_AT_RISK_PCT
2025-10-01,SUP-000,Supplier 000,China,APAC,PLT-03,Tokyo Precision,Japan,APAC,SMB,Singapore,1,1081.8,1,1081.8,1,1081.8,0,0.0,0,0.0,100.0,100.0
2025-10-01,SUP-000,Supplier 000,China,APAC,PLT-06,Sao Paulo Ops,Brazil,LATAM,SMB,Australia,1,2865.78,1,2865.78,0,0.0,1,2865.78,0,0.0,100.0,100.0
2025-10-01,SUP-000,Supplier 000,China,APAC,PLT-06,Sao Paulo Ops,Brazil,LATAM,SMB,France,1,714.8,1,714.8,1,714.8,0,0.0,0,0.0,100.0,100.0
2025-10-01,SUP-000,Supplier 000,China,APAC,PLT-04,Chennai Forge,India,APAC,Enterprise,Japan,2,12541.03,2,12541.03,2,12541.03,0,0.0,0,0.0,100.0,100.0
2025-10-01,SUP-000,Supplier 000,China,APAC,PLT-04,Chennai Forge,India,APAC,Government,USA,1,19343.52,1,19343.52,1,19343.52,1,19343.52,0,0.0,100.0,100.0
2025-10-01,SUP-001,Supplier 001,Germany,EMEA,PLT-00,Shanghai Hub,China,APAC,SMB,Japan,1,721.38,1,721.38,1,721.38,0,0.0,0,0.0,100.0,100.0
2025-10-01,SUP-001,Supplier 001,Germany,EMEA,PLT-09,Hanoi Assembly,Vietnam,APAC,Enterprise,Japan,1,25741.47,1,25741.47,1,25741.47,0,0.0,0,0.0,100.0,100.0
2025-10-01,SUP-001,Supplier 001,Germany,EMEA,PLT-01,Munich Center,Germany,EMEA,Enterprise,France,1,31463.25,0,0.0,0,0.0,0,0.0,0,0.0,0.0,0.0
2025-10-01,SUP-001,Supplier 001,Germany,EMEA,PLT-09,Hanoi Assembly,Vietnam,APAC,SMB,Australia,1,28095.92,1,28095.92,1,28095.92,0,0.0,0,0.0,100.0,100.0
2025-10-01,SUP-001,Supplier 001,Germany,EMEA,PLT-08,Taipei Micro,Taiwan,APAC,SMB,Australia,1,9362.44,1,9362.44,1,9362.44,0,0.0,0,0.0,100.0,100.0
2025-10-01,SUP-002,Supplier 002,USA,NA,PLT-02,Detroit Works,USA,NA,Enterprise,USA,1,27814.4,1,27814.4,1,27814.4,0,0.0,0,0.0,100.0,100.0
2025-10-01,SUP-002,Supplier 002,USA,NA,PLT-06,Sao Paulo Ops,Brazil,LATAM,SMB,UK,1,7436.34,1,7436.34,1,7436.34,1,7436.34,0,0.0,100.0,100.0
2025-10-01,SUP-002,Supplier 002,USA,NA,PLT-08,Taipei Micro,Taiwan,APAC,Government,Germany,1,5580.96,1,5580.96,1,5580.96,1,5580.96,0,0.0,100.0,100.0
2025-10-01,SUP-002,Supplier 002,USA,NA,PLT-07,Seoul Tech,South Korea,APAC,Enterprise,Australia,1,1218.12,1,1218.12,1,1218.12,0,0.0,0,0.0,100.0,100.0
2025-10-01,SUP-002,Supplier 002,USA,NA,PLT-01,Munich Center,Germany,EMEA,Enterprise,Singapore,1,53855.96,0,0.0,0,0.0,0,0.0,0,0.0,0.0,0.0
2025-10-01,SUP-002,Supplier 002,USA,NA,PLT-00,Shanghai Hub,China,APAC,SMB,Singapore,1,6588.86,1,6588.86,1,6588.86,0,0.0,0,0.0,100.0,100.0
2025-10-01,SUP-002,Supplier 002,USA,NA,PLT-03,Tokyo Precision,Japan,APAC,Enterprise,Canada,1,9540.0,1,9540.0,1,9540.0,1,9540.0,0,0.0,100.0,100.0
2025-10-01,SUP-002,Supplier 002,USA,NA,PLT-02,Detroit Works,USA,NA,SMB,Canada,1,8591.88,0,0.0,0,0.0,0,0.0,0,0.0,0.0,0.0
2025-10-01,SUP-002,Supplier 002,USA,NA,PLT-02,Detroit Works,USA,NA,Government,Germany,1,21535.5,1,21535.5,1,21535.5,0,0.0,0,0.0,100.0,100.0
2025-10-01,SUP-002,Supplier 002,USA,NA,PLT-03,Tokyo Precision,Japan,APAC,SMB,UK,1,8902.6,1,8902.6,1,8902.6,0,0.0,0,0.0,100.0,100.0
2025-10-01,SUP-003,Supplier 003,Japan,APAC,PLT-04,Chennai Forge,India,APAC,Government,Australia,1,15848.96,1,15848.96,1,15848.96,0,0.0,0,0.0,100.0,100.0
2025-10-01,SUP-003,Supplier 003,Japan,APAC,PLT-01,Munich Center,Germany,EMEA,Enterprise,Singapore,1,10942.56,1,10942.56,1,10942.56,1,10942.56,0,0.0,100.0,100.0
2025-10-01,SUP-003,Supplier 003,Japan,APAC,PLT-09,Hanoi Assembly,Vietnam,APAC,Government,France,1,43610.14,1,43610.14,1,43610.14,0,0.0,0,0.0,100.0,100.0
2025-10-01,SUP-003,Supplier 003,Japan,APAC,PLT-01,Munich Center,Germany,EMEA,Government,Australia,1,47750.81,0,0.0,0,0.0,0,0.0,0,0.0,0.0,0.0
2025-10-01,SUP-003,Supplier 003,Japan,APAC,PLT-05,Monterrey Plant,Mexico,LATAM,Enterprise,USA,1,43486.1,1,43486.1,1,43486.1,0,0.0,0,0.0,100.0,100.0
2025-10-01,SUP-003,Supplier 003,Japan,APAC,PLT-05,Monterrey Plant,Mexico,LATAM,SMB,Singapore,1,2490.72,1,2490.72,1,2490.72,0,0.0,0,0.0,100.0,100.0
2025-10-01,SUP-003,Supplier 003,Japan,APAC,PLT-01,Munich Center,Germany,EMEA,SMB,Canada,1,38121.25,1,38121.25,0,0.0,1,38121.25,0,0.0,100.0,100.0
2025-10-01,SUP-003,Supplier 003,Japan,APAC,PLT-04,Chennai Forge,India,APAC,SMB,Singapore,1,13683.6,1,13683.6,1,13683.6,0,0.0,0,0.0,100.0,100.0
2025-10-01,SUP-003,Supplier 003,Japan,APAC,PLT-00,Shanghai Hub,China,APAC,Enterprise,Japan,1,38580.08,1,38580.08,1,38580.08,0,0.0,0,0.0,100.0,100.0
2025-10-01,SUP-004,Supplier 004,India,APAC,PLT-03,Tokyo Precision,Japan,APAC,SMB,UK,1,38417.7,1,38417.7,1,38417.7,0,0.0,0,0.0,100.0,100.0
2025-10-01,SUP-004,Supplier 004,India,APAC,PLT-03,Tokyo Precision,Japan,APAC,SMB,Singapore,1,11114.24,1,11114.24,1,11114.24,0,0.0,0,0.0,100.0,100.0
2025-10-01,SUP-004,Supplier 004,India,APAC,PLT-05,Monterrey Plant,Mexico,LATAM,Enterprise,UK,1,672.04,1,672.04,0,0.0,0,0.0,1,672.04,100.0,100.0
2025-10-01,SUP-004,Supplier 004,India,APAC,PLT-03,Tokyo Precision,Japan,APAC,SMB,Australia,1,6098.25,1,6098.25,0,0.0,0,0.0,1,6098.25,100.0,100.0
2025-10-01,SUP-004,Supplier 004,India,APAC,PLT-06,Sao Paulo Ops,Brazil,LATAM,SMB,Japan,1,10663.87,0,0.0,0,0.0,0,0.0,0,0.0,0.0,0.0
2025-10-01,SUP-004,Supplier 004,India,APAC,PLT-07,Seoul Tech,South Korea,APAC,Enterprise,Singapore,1,1075.48,0,0.0,0,0.0,0,0.0,0,0.0,0.0,0.0
2025-10-01,SUP-005,Supplier 005,Mexico,LATAM,PLT-05,Monterrey Plant,Mexico,LATAM,SMB,Australia,1,2704.68,1,2704.68,0,0.0,1,2704.68,0,0.0,100.0,100.0
2025-10-01,SUP-005,Supplier 005,Mexico,LATAM,PLT-04,Chennai Forge,India,APAC,SMB,Canada,1,6892.44,1,6892.44,1,6892.44,1,6892.44,0,0.0,100.0,100.0
2025-10-01,SUP-005,Supplier 005,Mexico,LATAM,PLT-02,Detroit Works,USA,NA,SMB,Germany,1,2632.11,1,2632.11,0,0.0,1,2632.11,0,0.0,100.0,100.0
2025-10-01,SUP-005,Supplier 005,Mexico,LATAM,PLT-08,Taipei Micro,Taiwan,APAC,Enterprise,France,1,59998.2,1,59998.2,1,59998.2,0,0.0,0,0.0,100.0,100.0
2025-10-01,SUP-005,Supplier 005,Mexico,LATAM,PLT-03,Tokyo Precision,Japan,APAC,Government,Japan,1,38960.8,1,38960.8,1,38960.8,0,0.0,0,0.0,100.0,100.0
2025-10-01,SUP-005,Supplier 005,Mexico,LATAM,PLT-04,Chennai Forge,India,APAC,SMB,USA,1,7244.65,0,0.0,0,0.0,0,0.0,0,0.0,0.0,0.0
2025-10-01,SUP-005,Supplier 005,Mexico,LATAM,PLT-05,Monterrey Plant,Mexico,LATAM,SMB,Germany,1,11117.65,1,11117.65,1,11117.65,1,11117.65,0,0.0,100.0,100.0
2025-10-01,SUP-005,Supplier 005,Mexico,LATAM,PLT-01,Munich Center,Germany,EMEA,SMB,France,1,29594.25,0,0.0,0,0.0,0,0.0,0,0.0,0.0,0.0
2025-10-01,SUP-005,Supplier 005,Mexico,LATAM,PLT-06,Sao Paulo Ops,Brazil,LATAM,SMB,Singapore,1,12514.92,1,12514.92,1,12514.92,1,12514.92,0,0.0,100.0,100.0
2025-10-01,SUP-005,Supplier 005,Mexico,LATAM,PLT-01,Munich Center,Germany,EMEA,Government,Australia,1,31299.96,1,31299.96,1,31299.96,0,0.0,0,0.0,100.0,100.0
2025-10-01,SUP-005,Supplier 005,Mexico,LATAM,PLT-01,Munich Center,Germany,EMEA,SMB,Germany,1,22359.45,1,22359.45,0,0.0,1,22359.45,0,0.0,100.0,100.0
2025-10-01,SUP-006,Supplier 006,Brazil,LATAM,PLT-05,Monterrey Plant,Mexico,LATAM,SMB,Canada,1,90008.1,1,90008.1,1,90008.1,1,90008.1,0,0.0,100.0,100.0
2025-10-01,SUP-006,Supplier 006,Brazil,LATAM,PLT-00,Shanghai Hub,China,APAC,SMB,Canada,2,26068.7,2,26068.7,2,26068.7,1,6387.48,0,0.0,100.0,100.0
2025-10-01,SUP-006,Supplier 006,Brazil,LATAM,PLT-08,Taipei Micro,Taiwan,APAC,Enterprise,Australia,1,35757.12,0,0.0,0,0.0,0,0.0,0,0.0,0.0,0.0
2025-10-01,SUP-006,Supplier 006,Brazil,LATAM,PLT-00,Shanghai Hub,China,APAC,Enterprise,Japan,1,8892.6,1,8892.6,1,8892.6,0,0.0,0,0.0,100.0,100.0
2025-10-01,SUP-006,Supplier 006,Brazil,LATAM,PLT-06,Sao Paulo Ops,Brazil,LATAM,SMB,USA,1,261.01,1,261.01,0,0.0,0,0.0,1,261.01,100.0,100.0
2025-10-01,SUP-006,Supplier 006,Brazil,LATAM,PLT-01,Munich Center,Germany,EMEA,SMB,Canada,1,1110.8,0,0.0,0,0.0,0,0.0,0,0.0,0.0,0.0
2025-10-01,SUP-007,Supplier 007,South Korea,APAC,PLT-06,Sao Paulo Ops,Brazil,LATAM,Enterprise,USA,1,17438.4,1,17438.4,1,17438.4,0,0.0,0,0.0,100.0,100.0
2025-10-01,SUP-007,Supplier 007,South Korea,APAC,PLT-02,Detroit Works,USA,NA,SMB,Singapore,1,17098.0,1,17098.0,0,0.0,0,0.0,1,17098.0,100.0,100.0
2025-10-01,SUP-007,Supplier 007,South Korea,APAC,PLT-09,Hanoi Assembly,Vietnam,APAC,Enterprise,Japan,1,2293.6,1,2293.6,1,2293.6,1,2293.6,0,0.0,100.0,100.0
2025-10-01,SUP-007,Supplier 007,South Korea,APAC,PLT-03,Tokyo Precision,Japan,APAC,Enterprise,USA,1,9038.16,1,9038.16,1,9038.16,0,0.0,0,0.0,100.0,100.0
2025-10-01,SUP-007,Supplier 007,South Korea,APAC,PLT-01,Munich Center,Germany,EMEA,Government,Singapore,2,41917.05,1,39289.53,1,39289.53,0,0.0,0,0.0,50.0,93.73
2025-10-01,SUP-007,Supplier 007,South Korea,APAC,PLT-08,Taipei Micro,Taiwan,APAC,Government,Australia,1,19304.09,1,19304.09,1,19304.09,1,19304.09,0,0.0,100.0,100.0
2025-10-01,SUP-007,Supplier 007,South Korea,APAC,PLT-05,Monterrey Plant,Mexico,LATAM,SMB,Germany,1,3977.76,1,3977.76,1,3977.76,0,0.0,0,0.0,100.0,100.0
2025-10-01,SUP-007,Supplier 007,South Korea,APAC,PLT-09,Hanoi Assembly,Vietnam,APAC,SMB,USA,1,69492.88,1,69492.88,1,69492.88,0,0.0,0,0.0,100.0,100.0
2025-10-01,SUP-008,Supplier 008,Taiwan,APAC,PLT-09,Hanoi Assembly,Vietnam,APAC,Government,Japan,1,5825.82,1,5825.82,1,5825.82,0,0.0,0,0.0,100.0,100.0
2025-10-01,SUP-008,Supplier 008,Taiwan,APAC,PLT-07,Seoul Tech,South Korea,APAC,SMB,Canada,1,14997.38,0,0.0,0,0.0,0,0.0,0,0.0,0.0,0.0
2025-10-01,SUP-008,Supplier 008,Taiwan,APAC,PLT-02,Detroit Works,USA,NA,SMB,USA,1,27004.05,1,27004.05,1,27004.05,0,0.0,0,0.0,100.0,100.0
2025-10-01,SUP-008,Supplier 008,Taiwan,APAC,PLT-01,Munich Center,Germany,EMEA,SMB,USA,1,35879.4,0,0.0,0,0.0,0,0.0,0,0.0,0.0,0.0
2025-10-01,SUP-008,Supplier 008,Taiwan,APAC,PLT-05,Monterrey Plant,Mexico,LATAM,SMB,UK,1,5055.52,1,5055.52,1,5055.52,0,0.0,0,0.0,100.0,100.0
2025-10-01,SUP-008,Supplier 008,Taiwan,APAC,PLT-08,Taipei Micro,Taiwan,APAC,Government,USA,1,90246.2,0,0.0,0,0.0,0,0.0,0,0.0,0.0,0.0
2025-10-01,SUP-008,Supplier 008,Taiwan,APAC,PLT-00,Shanghai Hub,China,APAC,SMB,UK,1,4381.2,1,4381.2,1,4381.2,0,0.0,0,0.0,100.0,100.0
2025-10-01,SUP-008,Supplier 008,Taiwan,APAC,PLT-02,Detroit Works,USA,NA,Enterprise,Canada,1,52062.15,0,0.0,0,0.0,0,0.0,0,0.0,0.0,0.0
2025-10-01,SUP-008,Supplier 008,Taiwan,APAC,PLT-04,Chennai Forge,India,APAC,SMB,Australia,1,37429.28,1,37429.28,1,37429.28,1,37429.28,0,0.0,100.0,100.0
2025-10-01,SUP-008,Supplier 008,Taiwan,APAC,PLT-06,Sao Paulo Ops,Brazil,LATAM,SMB,Germany,1,18408.58,1,18408.58,0,0.0,1,18408.58,0,0.0,100.0,100.0
2025-10-01,SUP-008,Supplier 008,Taiwan,APAC,PLT-07,Seoul Tech,South Korea,APAC,SMB,Australia,1,49330.25,0,0.0,0,0.0,0,0.0,0,0.0,0.0,0.0
2025-10-01,SUP-009,Supplier 009,Vietnam,APAC,PLT-00,Shanghai Hub,China,APAC,SMB,Singapore,1,43354.5,0,0.0,0,0.0,0,0.0,0,0.0,0.0,0.0
2025-10-01,SUP-009,Supplier 009,Vietnam,APAC,PLT-00,Shanghai Hub,China,APAC,SMB,Australia,1,2345.2,0,0.0,0,0.0,0,0.0,0,0.0,0.0,0.0
2025-10-01,SUP-009,Supplier 009,Vietnam,APAC,PLT-04,Chennai Forge,India,APAC,Enterprise,USA,1,9315.0,1,9315.0,1,9315.0,1,9315.0,0,0.0,100.0,100.0
2025-10-01,SUP-009,Supplier 009,Vietnam,APAC,PLT-09,Hanoi Assembly,Vietnam,APAC,SMB,France,1,23139.21,1,23139.21,1,23139.21,0,0.0,0,0.0,100.0,100.0
2025-10-01,SUP-009,Supplier 009,Vietnam,APAC,PLT-09,Hanoi Assembly,Vietnam,APAC,Enterprise,USA,1,41512.68,1,41512.68,1,41512.68,0,0.0,0,0.0,100.0,100.0
2025-10-01,SUP-009,Supplier 009,Vietnam,APAC,PLT-04,Chennai Forge,India,APAC,Enterprise,Japan,1,16607.2,1,16607.2,1,16607.2,0,0.0,0,0.0,100.0,100.0
2025-10-01,SUP-009,Supplier 009,Vietnam,APAC,PLT-00,Shanghai Hub,China,APAC,SMB,Canada,1,11028.15,1,11028.15,1,11028.15,0,0.0,0,0.0,100.0,100.0
2025-10-01,SUP-009,Supplier 009,Vietnam,APAC,PLT-02,Detroit Works,USA,NA,Enterprise,Germany,1,7216.16,0,0.0,0,0.0,0,0.0,0,0.0,0.0,0.0
2025-10-01,SUP-009,Supplier 009,Vietnam,APAC,PLT-00,Shanghai Hub,China,APAC,SMB,UK,1,20341.02,1,20341.02,0,0.0,0,0.0,1,20341.02,100.0,100.0
2025-10-01,SUP-009,Supplier 009,Vietnam,APAC,PLT-05,Monterrey Plant,Mexico,LATAM,SMB,Germany,1,85917.04,1,85917.04,1,85917.04,0,0.0,0,0.0,100.0,100.0
2025-10-01,SUP-009,Supplier 009,Vietnam,APAC,PLT-05,Monterrey Plant,Mexico,LATAM,SMB,Singapore,1,37228.6,1,37228.6,1,37228.6,0,0.0,0,0.0,100.0,100.0
2025-10-01,SUP-010,Supplier 010,China,APAC,PLT-07,Seoul Tech,South Korea,APAC,SMB,Japan,1,6435.39,0,0.0,0,0.0,0,0.0,0,0.0,0.0,0.0
2025-10-01,SUP-010,Supplier 010,China,APAC,PLT-04,Chennai Forge,India,APAC,Enterprise,Singapore,1,73903.87,1,73903.87,1,73903.87,0,0.0,0,0.0,100.0,100.0
2025-10-01,SUP-010,Supplier 010,China,APAC,PLT-02,Detroit Works,USA,NA,SMB,Singapore,1,20552.56,1,20552.56,1,20552.56,0,0.0,0,0.0,100.0,100.0
2025-10-01,SUP-010,Supplier 010,China,APAC,PLT-03,Tokyo Precision,Japan,APAC,SMB,Australia,1,7801.2,1,7801.2,1,7801.2,1,7801.2,0,0.0,100.0,100.0
2025-10-01,SUP-010,Supplier 010,China,APAC,PLT-02,Detroit Works,USA,NA,Government,USA,1,3989.07,1,3989.07,1,3989.07,0,0.0,0,0.0,100.0,100.0
2025-10-01,SUP-010,Supplier 010,China,APAC,PLT-00,Shanghai Hub,China,APAC,Enterprise,USA,1,27403.74,1,27403.74,0,0.0,1,27403.74,0,0.0,100.0,100.0
2025-10-01,SUP-010,Supplier 010,China,APAC,PLT-08,Taipei Micro,Taiwan,APAC,SMB,Singapore,1,9446.08,1,9446.08,1,9446.08,0,0.0,0,0.0,100.0,100.0
2025-10-01,SUP-011,Supplier 011,Germany,EMEA,PLT-05,Monterrey Plant,Mexico,LATAM,SMB,Canada,1,46756.05,1,46756.05,1,46756.05,0,0.0,0,0.0,100.0,100.0
2025-10-01,SUP-011,Supplier 011,Germany,EMEA,PLT-01,Munich Center,Germany,EMEA,Government,USA,1,9536.26,1,9536.26,0,0.0,0,0.0,1,9536.26,100.0,100.0
2025-10-01,SUP-011,Supplier 011,Germany,EMEA,PLT-01,Munich Center,Germany,EMEA,SMB,USA,1,11388.3,1,11388.3,1,11388.3,1,11388.3,0,0.0,100.0,100.0
2025-10-01,SUP-011,Supplier 011,Germany,EMEA,PLT-00,Shanghai Hub,China,APAC,Enterprise,USA,1,83324.5,1,83324.5,1,83324.5,0,0.0,0,0.0,100.0,100.0
2025-10-01,SUP-011,Supplier 011,Germany,EMEA,PLT-03,Tokyo Precision,Japan,APAC,SMB,Japan,1,6191.5,1,6191.5,1,6191.5,0,0.0,0,0.0,100.0,100.0
2025-10-01,SUP-011,Supplier 011,Germany,EMEA,PLT-09,Hanoi Assembly,Vietnam,APAC,Enterprise,France,1,39500.16,1,39500.16,1,39500.16,1,39500.16,0,0.0,100.0,100.0
2025-10-01,SUP-012,Supplier 012,USA,NA,PLT-03,Tokyo Precision,Japan,APAC,SMB,Canada,1,8618.31,1,8618.31,1,8618.31,0,0.0,0,0.0,100.0,100.0
2025-10-01,SUP-012,Supplier 012,USA,NA,PLT-05,Monterrey Plant,Mexico,LATAM,SMB,France,1,8547.3,1,8547.3,0,0.0,1,8547.3,0,0.0,100.0,100.0
2025-10-01,SUP-012,Supplier 012,USA,NA,PLT-07,Seoul Tech,South Korea,APAC,SMB,UK,1,5041.35,1,5041.35,1,5041.35,0,0.0,0,0.0,100.0,100.0
2025-10-01,SUP-012,Supplier 012,USA,NA,PLT-04,Chennai Forge,India,APAC,SMB,Germany,1,367.5,1,367.5,1,367.5,0,0.0,0,0.0,100.0,100.0
2025-10-01,SUP-012,Supplier 012,USA,NA,PLT-03,Tokyo Precision,Japan,APAC,Enterprise,Japan,1,13218.4,1,13218.4,1,13218.4,0,0.0,0,0.0,100.0,100.0
2025-10-01,SUP-012,Supplier 012,USA,NA,PLT-02,Detroit Works,USA,NA,Enterprise,Canada,1,712.05,1,712.05,0,0.0,0,0.0,1,712.05,100.0,100.0
2025-10-01,SUP-012,Supplier 012,USA,NA,PLT-03,Tokyo Precision,Japan,APAC,SMB,USA,1,56410.02,1,56410.02,0,0.0,0,0.0,1,56410.02,100.0,100.0
2025-10-01,SUP-013,Supplier 013,Japan,APAC,PLT-03,Tokyo Precision,Japan,APAC,Government,France,1,15240.64,1,15240.64,1,15240.64,0,0.0,0,0.0,100.0,100.0
2025-10-01,SUP-013,Supplier 013,Japan,APAC,PLT-02,Detroit Works,USA,NA,SMB,UK,1,2544.9,1,2544.9,1,2544.9,0,0.0,0,0.0,100.0,100.0
2025-10-01,SUP-013,Supplier 013,Japan,APAC,PLT-07,Seoul Tech,South Korea,APAC,SMB,USA,1,1379.07,1,1379.07,0,0.0,1,1379.07,0,0.0,100.0,100.0
2025-10-01,SUP-013,Supplier 013,Japan,APAC,PLT-00,Shanghai Hub,China,APAC,SMB,Singapore,1,429.36,1,429.36,1,429.36,0,0.0,0,0.0,100.0,100.0
2025-10-01,SUP-013,Supplier 013,Japan,APAC,PLT-01,Munich Center,Germany,EMEA,Government,Singapore,1,9402.54,1,9402.54,1,9402.54,0,0.0,0,0.0,100.0,100.0
2025-10-01,SUP-013,Supplier 013,Japan,APAC,PLT-00,Shanghai Hub,China,APAC,SMB,France,2,38507.13,2,38507.13,2,38507.13,0,0.0,0,0.0,100.0,100.0
2025-10-01,SUP-013,Supplier 013,Japan,APAC,PLT-05,Monterrey Plant,Mexico,LATAM,SMB,Germany,1,2285.46,1,2285.46,1,2285.46,0,0.0,0,0.0,100.0,100.0
2025-10-01,SUP-013,Supplier 013,Japan,APAC,PLT-05,Monterrey Plant,Mexico,LATAM,SMB,UK,2,15476.56,2,15476.56,2,15476.56,0,0.0,0,0.0,100.0,100.0
2025-10-01,SUP-013,Supplier 013,Japan,APAC,PLT-01,Munich Center,Germany,EMEA,SMB,Australia,1,31997.28,1,31997.28,1,31997.28,0,0.0,0,0.0,100.0,100.0
2025-10-01,SUP-013,Supplier 013,Japan,APAC,PLT-01,Munich Center,Germany,EMEA,SMB,Germany,1,46050.16,0,0.0,0,0.0,0,0.0,0,0.0,0.0,0.0
2025-10-01,SUP-014,Supplier 014,India,APAC,PLT-01,Munich Center,Germany,EMEA,SMB,Singapore,1,31902.82,1,31902.82,0,0.0,1,31902.82,0,0.0,100.0,100.0
2025-10-01,SUP-014,Supplier 014,India,APAC,PLT-07,Seoul Tech,South Korea,APAC,Government,Canada,1,5723.04,1,5723.04,1,5723.04,0,0.0,0,0.0,100.0,100.0
2025-10-01,SUP-014,Supplier 014,India,APAC,PLT-06,Sao Paulo Ops,Brazil,LATAM,SMB,Germany,1,1515.22,1,1515.22,1,1515.22,1,1515.22,0,0.0,100.0,100.0
2025-10-01,SUP-014,Supplier 014,India,APAC,PLT-02,Detroit Works,USA,NA,Enterprise,France,1,17984.46,1,17984.46,1,17984.46,0,0.0,0,0.0,100.0,100.0
2025-10-01,SUP-014,Supplier 014,India,APAC,PLT-06,Sao Paulo Ops,Brazil,LATAM,SMB,Japan,1,7976.4,0,0.0,0,0.0,0,0.0,0,0.0,0.0,0.0
2025-10-01,SUP-014,Supplier 014,India,APAC,PLT-08,Taipei Micro,Taiwan,APAC,Enterprise,Canada,1,6807.48,1,6807.48,1,6807.48,0,0.0,0,0.0,100.0,100.0
2025-10-01,SUP-015,Supplier 015,Mexico,LATAM,PLT-06,Sao Paulo Ops,Brazil,LATAM,Enterprise,USA,1,55688.23,1,55688.23,1,55688.23,0,0.0,0,0.0,100.0,100.0
2025-10-01,SUP-015,Supplier 015,Mexico,LATAM,PLT-08,Taipei Micro,Taiwan,APAC,SMB,UK,1,1659.71,1,1659.71,1,1659.71,0,0.0,0,0.0,100.0,100.0
2025-10-01,SUP-015,Supplier 015,Mexico,LATAM,PLT-02,Detroit Works,USA,NA,Government,USA,1,27498.9,1,27498.9,1,27498.9,0,0.0,0,0.0,100.0,100.0
2025-10-01,SUP-015,Supplier 015,Mexico,LATAM,PLT-07,Seoul Tech,South Korea,APAC,Enterprise,Singapore,1,4564.84,1,4564.84,0,0.0,1,4564.84,0,0.0,100.0,100.0
2025-10-01,SUP-015,Supplier 015,Mexico,LATAM,PLT-01,Munich Center,Germany,EMEA,Government,Japan,1,8215.41,1,8215.41,1,8215.41,0,0.0,0,0.0,100.0,100.0
2025-10-01,SUP-015,Supplier 015,Mexico,LATAM,PLT-09,Hanoi Assembly,Vietnam,APAC,SMB,France,1,60110.01,1,60110.01,1,60110.01,0,0.0,0,0.0,100.0,100.0
2025-10-01,SUP-015,Supplier 015,Mexico,LATAM,PLT-03,Tokyo Precision,Japan,APAC,Government,USA,1,3967.87,1,3967.87,1,3967.87,0,0.0,0,0.0,100.0,100.0
2025-10-01,SUP-015,Supplier 015,Mexico,LATAM,PLT-03,Tokyo Precision,Japan,APAC,SMB,Germany,1,40547.84,1,40547.84,1,40547.84,0,0.0,0,0.0,100.0,100.0
2025-10-01,SUP-015,Supplier 015,Mexico,LATAM,PLT-03,Tokyo Precision,Japan,APAC,Government,Canada,1,4393.56,0,0.0,0,0.0,0,0.0,0,0.0,0.0,0.0
2025-10-01,SUP-015,Supplier 015,Mexico,LATAM,PLT-07,Seoul Tech,South Korea,APAC,SMB,UK,1,19726.08,0,0.0,0,0.0,0,0.0,0,0.0,0.0,0.0
2025-10-01,SUP-015,Supplier 015,Mexico,LATAM,PLT-02,Detroit Works,USA,NA,SMB,USA,1,16869.96,1,16869.96,0,0.0,0,0.0,1,16869.96,100.0,100.0
2025-10-01,SUP-015,Supplier 015,Mexico,LATAM,PLT-00,Shanghai Hub,China,APAC,Enterprise,USA,1,26344.5,1,26344.5,1,26344.5,0,0.0,0,0.0,100.0,100.0
2025-10-01,SUP-016,Supplier 016,Brazil,LATAM,PLT-02,Detroit Works,USA,NA,SMB,UK,1,54456.7,0,0.0,0,0.0,0,0.0,0,0.0,0.0,0.0
2025-10-01,SUP-016,Supplier 016,Brazil,LATAM,PLT-02,Detroit Works,USA,NA,SMB,Singapore,1,464.64,1,464.64,0,0.0,1,464.64,0,0.0,100.0,100.0
2025-10-01,SUP-016,Supplier 016,Brazil,LATAM,PLT-00,Shanghai Hub,China,APAC,Government,Germany,1,6037.95,0,0.0,0,0.0,0,0.0,0,0.0,0.0,0.0
2025-10-01,SUP-016,Supplier 016,Brazil,LATAM,PLT-00,Shanghai Hub,China,APAC,SMB,France,1,10766.89,0,0.0,0,0.0,0,0.0,0,0.0,0.0,0.0
2025-10-01,SUP-016,Supplier 016,Brazil,LATAM,PLT-06,Sao Paulo Ops,Brazil,LATAM,SMB,Singapore,1,4001.12,1,4001.12,1,4001.12,0,0.0,0,0.0,100.0,100.0
2025-10-01,SUP-016,Supplier 016,Brazil,LATAM,PLT-01,Munich Center,Germany,EMEA,SMB,Germany,2,6205.86,2,6205.86,2,6205.86,0,0.0,0,0.0,100.0,100.0
2025-10-01,SUP-016,Supplier 016,Brazil,LATAM,PLT-04,Chennai Forge,India,APAC,SMB,UK,1,11375.64,1,11375.64,1,11375.64,0,0.0,0,0.0,100.0,100.0
2025-10-01,SUP-016,Supplier 016,Brazil,LATAM,PLT-05,Monterrey Plant,Mexico,LATAM,Enterprise,USA,1,6459.44,0,0.0,0,0.0,0,0.0,0,0.0,0.0,0.0
2025-10-01,SUP-017,Supplier 017,South Korea,APAC,PLT-04,Chennai Forge,India,APAC,Enterprise,Australia,1,27451.2,1,27451.2,1,27451.2,1,27451.2,0,0.0,100.0,100.0
2025-10-01,SUP-017,Supplier 017,South Korea,APAC,PLT-01,Munich Center,Germany,EMEA,Enterprise,Japan,1,3286.5,0,0.0,0,0.0,0,0.0,0,0.0,0.0,0.0
2025-10-01,SUP-017,Supplier 017,South Korea,APAC,PLT-02,Detroit Works,USA,NA,Government,Australia,1,14204.67,1,14204.67,1,14204.67,0,0.0,0,0.0,100.0,100.0
2025-10-01,SUP-017,Supplier 017,South Korea,APAC,PLT-09,Hanoi Assembly,Vietnam,APAC,Government,Australia,1,5941.6,1,5941.6,0,0.0,0,0.0,1,5941.6,100.0,100.0
2025-10-01,SUP-017,Supplier 017,South Korea,APAC,PLT-03,Tokyo Precision,Japan,APAC,Enterprise,France,1,6706.04,1,6706.04,1,6706.04,0,0.0,0,0.0,100.0,100.0
2025-10-01,SUP-017,Supplier 017,South Korea,APAC,PLT-07,Seoul Tech,South Korea,APAC,SMB,Canada,1,5216.0,0,0.0,0,0.0,0,0.0,0,0.0,0.0,0.0
2025-10-01,SUP-018,Supplier 018,Taiwan,APAC,PLT-09,Hanoi Assembly,Vietnam,APAC,SMB,USA,1,44834.82,1,44834.82,1,44834.82,0,0.0,0,0.0,100.0,100.0
2025-10-01,SUP-018,Supplier 018,Taiwan,APAC,PLT-01,Munich Center,Germany,EMEA,SMB,Australia,1,6407.84,1,6407.84,1,6407.84,0,0.0,0,0.0,100.0,100.0
2025-10-01,SUP-018,Supplier 018,Taiwan,APAC,PLT-03,Tokyo Precision,Japan,APAC,SMB,France,1,8722.64,1,8722.64,1,8722.64,0,0.0,0,0.0,100.0,100.0
2025-10-01,SUP-018,Supplier 018,Taiwan,APAC,PLT-01,Munich Center,Germany,EMEA,Enterprise,UK,1,13624.72,0,0.0,0,0.0,0,0.0,0,0.0,0.0,0.0
2025-10-01,SUP-018,Supplier 018,Taiwan,APAC,PLT-02,Detroit Works,USA,NA,SMB,Singapore,1,4574.34,1,4574.34,1,4574.34,0,0.0,0,0.0,100.0,100.0
2025-10-01,SUP-018,Supplier 018,Taiwan,APAC,PLT-06,Sao Paulo Ops,Brazil,LATAM,SMB,Singapore,1,71533.62,0,0.0,0,0.0,0,0.0,0,0.0,0.0,0.0
2025-10-01,SUP-018,Supplier 018,Taiwan,APAC,PLT-05,Monterrey Plant,Mexico,LATAM,Enterprise,Germany,2,41706.63,2,41706.63,2,41706.63,0,0.0,0,0.0,100.0,100.0
2025-10-01,SUP-018,Supplier 018,Taiwan,APAC,PLT-04,Chennai Forge,India,APAC,SMB,UK,1,9050.76,1,9050.76,1,9050.76,0,0.0,0,0.0,100.0,100.0
2025-10-01,SUP-018,Supplier 018,Taiwan,APAC,PLT-06,Sao Paulo Ops,Brazil,LATAM,Government,Canada,1,2192.97,1,2192.97,1,2192.97,0,0.0,0,0.0,100.0,100.0
2025-10-01,SUP-018,Supplier 018,Taiwan,APAC,PLT-07,Seoul Tech,South Korea,APAC,Government,Germany,1,26557.44,1,26557.44,1,26557.44,0,0.0,0,0.0,100.0,100.0
2025-10-01,SUP-019,Supplier 019,Vietnam,APAC,PLT-08,Taipei Micro,Taiwan,APAC,SMB,UK,1,37896.76,1,37896.76,1,37896.76,1,37896.76,0,0.0,100.0,100.0
2025-10-01,SUP-020,Supplier 020,China,APAC,PLT-03,Tokyo Precision,Japan,APAC,SMB,Japan,2,35147.65,2,35147.65,2,35147.65,1,7678.56,0,0.0,100.0,100.0
2025-10-01,SUP-020,Supplier 020,China,APAC,PLT-03,Tokyo Precision,Japan,APAC,SMB,Singapore,1,41646.1,1,41646.1,1,41646.1,0,0.0,0,0.0,100.0,100.0
2025-10-01,SUP-020,Supplier 020,China,APAC,PLT-09,Hanoi Assembly,Vietnam,APAC,SMB,UK,1,31353.99,1,31353.99,1,31353.99,0,0.0,0,0.0,100.0,100.0
2025-10-01,SUP-020,Supplier 020,China,APAC,PLT-04,Chennai Forge,India,APAC,SMB,Canada,1,12720.12,1,12720.12,1,12720.12,0,0.0,0,0.0,100.0,100.0
2025-10-01,SUP-020,Supplier 020,China,APAC,PLT-05,Monterrey Plant,Mexico,LATAM,Enterprise,Germany,1,10027.54,1,10027.54,1,10027.54,0,0.0,0,0.0,100.0,100.0
2025-10-01,SUP-020,Supplier 020,China,APAC,PLT-07,Seoul Tech,South Korea,APAC,SMB,Singapore,1,11747.15,1,11747.15,0,0.0,0,0.0,1,11747.15,100.0,100.0
2025-10-01,SUP-021,Supplier 021,Germany,EMEA,PLT-01,Munich Center,Germany,EMEA,Government,USA,1,4316.1,1,4316.1,1,4316.1,0,0.0,0,0.0,100.0,100.0
2025-10-01,SUP-021,Supplier 021,Germany,EMEA,PLT-01,Munich Center,Germany,EMEA,SMB,Singapore,1,10762.05,1,10762.05,0,0.0,1,10762.05,0,0.0,100.0,100.0
2025-10-01,SUP-021,Supplier 021,Germany,EMEA,PLT-00,Shanghai Hub,China,APAC,SMB,Japan,1,6011.97,1,6011.97,1,6011.97,1,6011.97,0,0.0,100.0,100.0
2025-10-01,SUP-021,Supplier 021,Germany,EMEA,PLT-06,Sao Paulo Ops,Brazil,LATAM,SMB,France,1,1185.12,0,0.0,0,0.0,0,0.0,0,0.0,0.0,0.0
2025-10-01,SUP-021,Supplier 021,Germany,EMEA,PLT-05,Monterrey Plant,Mexico,LATAM,Enterprise,France,1,2300.55,1,2300.55,1,2300.55,1,2300.55,0,0.0,100.0,100.0
2025-10-01,SUP-021,Supplier 021,Germany,EMEA,PLT-01,Munich Center,Germany,EMEA,Enterprise,Japan,1,24505.75,1,24505.75,1,24505.75,0,0.0,0,0.0,100.0,100.0
2025-10-01,SUP-021,Supplier 021,Germany,EMEA,PLT-05,Monterrey Plant,Mexico,LATAM,SMB,Canada,1,6395.09,0,0.0,0,0.0,0,0.0,0,0.0,0.0,0.0
2025-10-01,SUP-022,Supplier 022,USA,NA,PLT-03,Tokyo Precision,Japan,APAC,SMB,Germany,1,48836.46,1,48836.46,1,48836.46,0,0.0,0,0.0,100.0,100.0
2025-10-01,SUP-022,Supplier 022,USA,NA,PLT-02,Detroit Works,USA,NA,SMB,Australia,1,17051.82,1,17051.82,1,17051.82,1,17051.82,0,0.0,100.0,100.0
2025-10-01,SUP-022,Supplier 022,USA,NA,PLT-00,Shanghai Hub,China,APAC,SMB,USA,1,24455.26,1,24455.26,1,24455.26,0,0.0,0,0.0,100.0,100.0
2025-10-01,SUP-022,Supplier 022,USA,NA,PLT-06,Sao Paulo Ops,Brazil,LATAM,SMB,Singapore,1,45192.0,1,45192.0,1,45192.0,0,0.0,0,0.0,100.0,100.0
2025-10-01,SUP-022,Supplier 022,USA,NA,PLT-06,Sao Paulo Ops,Brazil,LATAM,SMB,USA,1,49596.16,1,49596.16,1,49596.16,1,49596.16,0,0.0,100.0,100.0
2025-10-01,SUP-022,Supplier 022,USA,NA,PLT-04,Chennai Forge,India,APAC,Government,Canada,1,959.8,1,959.8,1,959.8,0,0.0,0,0.0,100.0,100.0
2025-10-01,SUP-022,Supplier 022,USA,NA,PLT-00,Shanghai Hub,China,APAC,Enterprise,France,2,17479.5,1,9017.28,1,9017.28,0,0.0,0,0.0,50.0,51.59
2025-10-01,SUP-023,Supplier 023,Japan,APAC,PLT-01,Munich Center,Germany,EMEA,Government,USA,1,76976.02,1,76976.02,1,76976.02,1,76976.02,0,0.0,100.0,100.0
2025-10-01,SUP-023,Supplier 023,Japan,APAC,PLT-07,Seoul Tech,South Korea,APAC,SMB,Australia,1,28915.6,1,28915.6,1,28915.6,0,0.0,0,0.0,100.0,100.0
2025-10-01,SUP-023,Supplier 023,Japan,APAC,PLT-01,Munich Center,Germany,EMEA,SMB,France,1,17133.84,1,17133.84,0,0.0,1,17133.84,0,0.0,100.0,100.0
2025-10-01,SUP-023,Supplier 023,Japan,APAC,PLT-00,Shanghai Hub,China,APAC,Enterprise,USA,1,46786.96,0,0.0,0,0.0,0,0.0,0,0.0,0.0,0.0
2025-10-01,SUP-023,Supplier 023,Japan,APAC,PLT-02,Detroit Works,USA,NA,SMB,Germany,1,31372.25,0,0.0,0,0.0,0,0.0,0,0.0,0.0,0.0
2025-10-01,SUP-023,Supplier 023,Japan,APAC,PLT-08,Taipei Micro,Taiwan,APAC,Enterprise,France,1,33233.28,1,33233.28,1,33233.28,0,0.0,0,0.0,100.0,100.0
2025-10-01,SUP-023,Supplier 023,Japan,APAC,PLT-02,Detroit Works,USA,NA,SMB,UK,1,19431.36,1,19431.36,1,19431.36,0,0.0,0,0.0,100.0,100.0
2025-10-01,SUP-023,Supplier 023,Japan,APAC,PLT-02,Detroit Works,USA,NA,Government,Singapore,1,4356.12,0,0.0,0,0.0,0,0.0,0,0.0,0.0,0.0
2025-10-01,SUP-023,Supplier 023,Japan,APAC,PLT-08,Taipei Micro,Taiwan,APAC,Government,Japan,2,25825.03,2,25825.03,1,10194.1,1,15630.93,0,0.0,100.0,100.0
2025-10-01,SUP-023,Supplier 023,Japan,APAC,PLT-04,Chennai Forge,India,APAC,SMB,France,1,4500.38,1,4500.38,0,0.0,1,4500.38,0,0.0,100.0,100.0
2025-10-01,SUP-024,Supplier 024,India,APAC,PLT-02,Detroit Works,USA,NA,SMB,Australia,1,1845.85,1,1845.85,0,0.0,0,0.0,1,1845.85,100.0,100.0
2025-10-01,SUP-024,Supplier 024,India,APAC,PLT-07,Seoul Tech,South Korea,APAC,Government,USA,1,12258.0,0,0.0,0,0.0,0,0.0,0,0.0,0.0,0.0
2025-10-01,SUP-024,Supplier 024,India,APAC,PLT-08,Taipei Micro,Taiwan,APAC,SMB,UK,1,10405.77,1,10405.77,1,10405.77,1,10405.77,0,0.0,100.0,100.0
2025-10-01,SUP-024,Supplier 024,India,APAC,PLT-05,Monterrey Plant,Mexico,LATAM,SMB,Singapore,1,1338.12,1,1338.12,1,1338.12,0,0.0,0,0.0,100.0,100.0
2025-10-01,SUP-024,Supplier 024,India,APAC,PLT-04,Chennai Forge,India,APAC,SMB,Singapore,1,12545.98,1,12545.98,1,12545.98,0,0.0,0,0.0,100.0,100.0
2025-10-01,SUP-024,Supplier 024,India,APAC,PLT-01,Munich Center,Germany,EMEA,Enterprise,USA,1,21188.48,1,21188.48,0,0.0,0,0.0,1,21188.48,100.0,100.0
2025-10-01,SUP-024,Supplier 024,India,APAC,PLT-03,Tokyo Precision,Japan,APAC,Government,Singapore,1,39368.56,1,39368.56,1,39368.56,0,0.0,0,0.0,100.0,100.0
2025-10-01,SUP-025,Supplier 025,Mexico,LATAM,PLT-06,Sao Paulo Ops,Brazil,LATAM,Enterprise,USA,1,1415.19,1,1415.19,1,1415.19,0,0.0,0,0.0,100.0,100.0
2025-10-01,SUP-025,Supplier 025,Mexico,LATAM,PLT-02,Detroit Works,USA,NA,Enterprise,Japan,1,541.73,0,0.0,0,0.0,0,0.0,0,0.0,0.0,0.0
2025-10-01,SUP-025,Supplier 025,Mexico,LATAM,PLT-03,Tokyo Precision,Japan,APAC,SMB,France,1,2504.96,1,2504.96,1,2504.96,0,0.0,0,0.0,100.0,100.0
2025-10-01,SUP-025,Supplier 025,Mexico,LATAM,PLT-00,Shanghai Hub,China,APAC,SMB,Australia,1,16591.0,1,16591.0,0,0.0,1,16591.0,0,0.0,100.0,100.0
2025-10-01,SUP-025,Supplier 025,Mexico,LATAM,PLT-05,Monterrey Plant,Mexico,LATAM,SMB,UK,1,29354.4,1,29354.4,1,29354.4,0,0.0,0,0.0,100.0,100.0
2025-10-01,SUP-025,Supplier 025,Mexico,LATAM,PLT-07,Seoul Tech,South Korea,APAC,SMB,Australia,1,9151.2,1,9151.2,0,0.0,0,0.0,1,9151.2,100.0,100.0
2025-10-01,SUP-025,Supplier 025,Mexico,LATAM,PLT-02,Detroit Works,USA,NA,Government,Germany,1,406.42,1,406.42,1,406.42,0,0.0,0,0.0,100.0,100.0
2025-10-01,SUP-025,Supplier 025,Mexico,LATAM,PLT-06,Sao Paulo Ops,Brazil,LATAM,SMB,Germany,1,5289.21,1,5289.21,1,5289.21,0,0.0,0,0.0,100.0,100.0
2025-10-01,SUP-025,Supplier 025,Mexico,LATAM,PLT-00,Shanghai Hub,China,APAC,SMB,Japan,1,83303.64,1,83303.64,1,83303.64,1,83303.64,0,0.0,100.0,100.0
2025-10-01,SUP-026,Supplier 026,Brazil,LATAM,PLT-03,Tokyo Precision,Japan,APAC,Enterprise,Singapore,1,33564.73,1,33564.73,1,33564.73,1,33564.73,0,0.0,100.0,100.0
2025-10-01,SUP-026,Supplier 026,Brazil,LATAM,PLT-09,Hanoi Assembly,Vietnam,APAC,Enterprise,USA,1,5140.68,1,5140.68,0,0.0,0,0.0,1,5140.68,100.0,100.0
2025-10-01,SUP-026,Supplier 026,Brazil,LATAM,PLT-03,Tokyo Precision,Japan,APAC,SMB,France,1,8598.96,1,8598.96,1,8598.96,1,8598.96,0,0.0,100.0,100.0
2025-10-01,SUP-026,Supplier 026,Brazil,LATAM,PLT-03,Tokyo Precision,Japan,APAC,Enterprise,Germany,1,1652.16,1,1652.16,1,1652.16,0,0.0,0,0.0,100.0,100.0
2025-10-01,SUP-026,Supplier 026,Brazil,LATAM,PLT-09,Hanoi Assembly,Vietnam,APAC,SMB,UK,2,17277.44,2,17277.44,2,17277.44,0,0.0,0,0.0,100.0,100.0
2025-10-01,SUP-026,Supplier 026,Brazil,LATAM,PLT-07,Seoul Tech,South Korea,APAC,SMB,Germany,1,333.24,1,333.24,1,333.24,0,0.0,0,0.0,100.0,100.0
2025-10-01,SUP-026,Supplier 026,Brazil,LATAM,PLT-07,Seoul Tech,South Korea,APAC,Enterprise,Germany,1,75780.76,0,0.0,0,0.0,0,0.0,0,0.0,0.0,0.0
2025-10-01,SUP-027,Supplier 027,South Korea,APAC,PLT-09,Hanoi Assembly,Vietnam,APAC,Enterprise,Singapore,1,11191.78,1,11191.78,1,11191.78,0,0.0,0,0.0,100.0,100.0
2025-10-01,SUP-027,Supplier 027,South Korea,APAC,PLT-08,Taipei Micro,Taiwan,APAC,Enterprise,USA,1,12109.86,1,12109.86,1,12109.86,0,0.0,0,0.0,100.0,100.0
2025-10-01,SUP-027,Supplier 027,South Korea,APAC,PLT-08,Taipei Micro,Taiwan,APAC,Enterprise,France,1,2681.04,1,2681.04,1,2681.04,0,0.0,0,0.0,100.0,100.0
2025-10-01,SUP-027,Supplier 027,South Korea,APAC,PLT-01,Munich Center,Germany,EMEA,SMB,Canada,1,15689.31,1,15689.31,1,15689.31,0,0.0,0,0.0,100.0,100.0
2025-10-01,SUP-027,Supplier 027,South Korea,APAC,PLT-06,Sao Paulo Ops,Brazil,LATAM,SMB,Germany,1,23140.53,0,0.0,0,0.0,0,0.0,0,0.0,0.0,0.0
2025-10-01,SUP-027,Supplier 027,South Korea,APAC,PLT-05,Monterrey Plant,Mexico,LATAM,SMB,USA,1,971.28,1,971.28,0,0.0,0,0.0,1,971.28,100.0,100.0
2025-10-01,SUP-028,Supplier 028,Taiwan,APAC,PLT-04,Chennai Forge,India,APAC,Enterprise,USA,1,37701.52,1,37701.52,1,37701.52,0,0.0,0,0.0,100.0,100.0
2025-10-01,SUP-028,Supplier 028,Taiwan,APAC,PLT-07,Seoul Tech,South Korea,APAC,SMB,Singapore,1,33784.0,1,33784.0,1,33784.0,0,0.0,0,0.0,100.0,100.0
2025-10-01,SUP-028,Supplier 028,Taiwan,APAC,PLT-04,Chennai Forge,India,APAC,Government,Australia,1,11375.68,1,11375.68,1,11375.68,0,0.0,0,0.0,100.0,100.0
2025-10-01,SUP-028,Supplier 028,Taiwan,APAC,PLT-05,Monterrey Plant,Mexico,LATAM,Enterprise,Germany,1,9078.42,1,9078.42,1,9078.42,0,0.0,0,0.0,100.0,100.0
2025-10-01,SUP-028,Supplier 028,Taiwan,APAC,PLT-00,Shanghai Hub,China,APAC,Government,France,1,92541.96,1,92541.96,1,92541.96,0,0.0,0,0.0,100.0,100.0
2025-10-01,SUP-028,Supplier 028,Taiwan,APAC,PLT-06,Sao Paulo Ops,Brazil,LATAM,Government,USA,1,12697.08,1,12697.08,1,12697.08,1,12697.08,0,0.0,100.0,100.0
2025-10-01,SUP-028,Supplier 028,Taiwan,APAC,PLT-07,Seoul Tech,South Korea,APAC,Government,USA,1,43869.48,1,43869.48,1,43869.48,1,43869.48,0,0.0,100.0,100.0
2025-10-01,SUP-028,Supplier 028,Taiwan,APAC,PLT-02,Detroit Works,USA,NA,SMB,Japan,1,5462.25,0,0.0,0,0.0,0,0.0,0,0.0,0.0,0.0
2025-10-01,SUP-028,Supplier 028,Taiwan,APAC,PLT-03,Tokyo Precision,Japan,APAC,Enterprise,Australia,1,7243.28,1,7243.28,1,7243.28,0,0.0,0,0.0,100.0,100.0
2025-10-01,SUP-028,Supplier 028,Taiwan,APAC,PLT-08,Taipei Micro,Taiwan,APAC,Government,USA,1,44822.4,1,44822.4,0,0.0,0,0.0,1,44822.4,100.0,100.0
2025-10-01,SUP-028,Supplier 028,Taiwan,APAC,PLT-06,Sao Paulo Ops,Brazil,LATAM,SMB,UK,1,34157.34,0,0.0,0,0.0,0,0.0,0,0.0,0.0,0.0
2025-10-01,SUP-028,Supplier 028,Taiwan,APAC,PLT-03,Tokyo Precision,Japan,APAC,SMB,UK,1,1622.92,1,1622.92,0,0.0,0,0.0,1,1622.92,100.0,100.0
2025-10-01,SUP-028,Supplier 028,Taiwan,APAC,PLT-00,Shanghai Hub,China,APAC,SMB,Australia,1,36806.4,1,36806.4,0,0.0,0,0.0,1,36806.4,100.0,100.0
2025-10-01,SUP-028,Supplier 028,Taiwan,APAC,PLT-06,Sao Paulo Ops,Brazil,LATAM,Enterprise,USA,1,17161.41,1,17161.41,1,17161.41,0,0.0,0,0.0,100.0,100.0
2025-10-01,SUP-029,Supplier 029,Vietnam,APAC,PLT-08,Taipei Micro,Taiwan,APAC,Government,USA,1,9736.92,1,9736.92,1,9736.92,0,0.0,0,0.0,100.0,100.0
2025-10-01,SUP-029,Supplier 029,Vietnam,APAC,PLT-01,Munich Center,Germany,EMEA,Government,Japan,1,2671.04,1,2671.04,0,0.0,0,0.0,1,2671.04,100.0,100.0
2025-10-01,SUP-029,Supplier 029,Vietnam,APAC,PLT-09,Hanoi Assembly,Vietnam,APAC,Enterprise,UK,1,23795.6,1,23795.6,1,23795.6,0,0.0,0,0.0,100.0,100.0
2025-10-01,SUP-029,Supplier 029,Vietnam,APAC,PLT-09,Hanoi Assembly,Vietnam,APAC,Enterprise,Germany,1,24314.95,1,24314.95,0,0.0,0,0.0,1,24314.95,100.0,100.0
2025-10-01,SUP-030,Supplier 030,China,APAC,PLT-00,Shanghai Hub,China,APAC,Enterprise,France,1,8859.69,1,8859.69,1,8859.69,0,0.0,0,0.0,100.0,100.0
2025-10-01,SUP-030,Supplier 030,China,APAC,PLT-01,Munich Center,Germany,EMEA,SMB,USA,1,27698.96,1,27698.96,1,27698.96,0,0.0,0,0.0,100.0,100.0
2025-10-01,SUP-030,Supplier 030,China,APAC,PLT-02,Detroit Works,USA,NA,SMB,UK,1,28923.98,1,28923.98,1,28923.98,0,0.0,0,0.0,100.0,100.0
2025-10-01,SUP-030,Supplier 030,China,APAC,PLT-07,Seoul Tech,South Korea,APAC,Government,Japan,1,23983.26,1,23983.26,1,23983.26,0,0.0,0,0.0,100.0,100.0
2025-10-01,SUP-030,Supplier 030,China,APAC,PLT-03,Tokyo Precision,Japan,APAC,Government,Japan,1,18003.67,1,18003.67,1,18003.67,0,0.0,0,0.0,100.0,100.0
2025-10-01,SUP-030,Supplier 030,China,APAC,PLT-05,Monterrey Plant,Mexico,LATAM,Enterprise,Japan,1,39894.12,1,39894.12,1,39894.12,0,0.0,0,0.0,100.0,100.0
2025-10-01,SUP-030,Supplier 030,China,APAC,PLT-05,Monterrey Plant,Mexico,LATAM,Government,Germany,1,36627.04,1,36627.04,1,36627.04,1,36627.04,0,0.0,100.0,100.0
2025-10-01,SUP-030,Supplier 030,China,APAC,PLT-03,Tokyo Precision,Japan,APAC,Enterprise,USA,1,9894.8,1,9894.8,1,9894.8,0,0.0,0,0.0,100.0,100.0
2025-10-01,SUP-031,Supplier 031,Germany,EMEA,PLT-06,Sao Paulo Ops,Brazil,LATAM,Enterprise,USA,1,23239.0,1,23239.0,1,23239.0,1,23239.0,0,0.0,100.0,100.0
2025-10-01,SUP-031,Supplier 031,Germany,EMEA,PLT-07,Seoul Tech,South Korea,APAC,Enterprise,Singapore,1,12538.24,1,12538.24,0,0.0,0,0.0,1,12538.24,100.0,100.0
2025-10-01,SUP-031,Supplier 031,Germany,EMEA,PLT-03,Tokyo Precision,Japan,APAC,SMB,Canada,1,53737.51,1,53737.51,0,0.0,1,53737.51,0,0.0,100.0,100.0
2025-10-01,SUP-031,Supplier 031,Germany,EMEA,PLT-05,Monterrey Plant,Mexico,LATAM,Enterprise,Singapore,1,2065.38,1,2065.38,1,2065.38,0,0.0,0,0.0,100.0,100.0
2025-10-01,SUP-031,Supplier 031,Germany,EMEA,PLT-07,Seoul Tech,South Korea,APAC,Enterprise,UK,1,16958.88,1,16958.88,1,16958.88,0,0.0,0,0.0,100.0,100.0
2025-10-01,SUP-031,Supplier 031,Germany,EMEA,PLT-03,Tokyo Precision,Japan,APAC,Enterprise,Singapore,1,1238.56,1,1238.56,0,0.0,0,0.0,1,1238.56,100.0,100.0
2025-10-01,SUP-031,Supplier 031,Germany,EMEA,PLT-09,Hanoi Assembly,Vietnam,APAC,SMB,Singapore,1,26159.76,1,26159.76,1,26159.76,0,0.0,0,0.0,100.0,100.0
2025-10-01,SUP-031,Supplier 031,Germany,EMEA,PLT-06,Sao Paulo Ops,Brazil,LATAM,Government,Japan,1,244.86,1,244.86,1,244.86,0,0.0,0,0.0,100.0,100.0
2025-10-01,SUP-031,Supplier 031,Germany,EMEA,PLT-03,Tokyo Precision,Japan,APAC,Government,France,1,1976.24,0,0.0,0,0.0,0,0.0,0,0.0,0.0,0.0
2025-10-01,SUP-031,Supplier 031,Germany,EMEA,PLT-03,Tokyo Precision,Japan,APAC,Enterprise,Canada,1,20817.72,1,20817.72,1,20817.72,0,0.0,0,0.0,100.0,100.0
2025-10-01,SUP-032,Supplier 032,USA,NA,PLT-06,Sao Paulo Ops,Brazil,LATAM,SMB,USA,1,14994.7,1,14994.7,1,14994.7,0,0.0,0,0.0,100.0,100.0
2025-10-01,SUP-032,Supplier 032,USA,NA,PLT-09,Hanoi Assembly,Vietnam,APAC,Enterprise,USA,1,22373.01,0,0.0,0,0.0,0,0.0,0,0.0,0.0,0.0
2025-10-01,SUP-032,Supplier 032,USA,NA,PLT-02,Detroit Works,USA,NA,SMB,UK,1,51168.68,1,51168.68,1,51168.68,0,0.0,0,0.0,100.0,100.0
2025-10-01,SUP-032,Supplier 032,USA,NA,PLT-01,Munich Center,Germany,EMEA,Enterprise,Japan,1,165.33,1,165.33,0,0.0,0,0.0,1,165.33,100.0,100.0
2025-10-01,SUP-032,Supplier 032,USA,NA,PLT-05,Monterrey Plant,Mexico,LATAM,SMB,France,1,14701.6,1,14701.6,1,14701.6,1,14701.6,0,0.0,100.0,100.0
2025-10-01,SUP-032,Supplier 032,USA,NA,PLT-02,Detroit Works,USA,NA,SMB,Canada,1,5652.0,1,5652.0,1,5652.0,0,0.0,0,0.0,100.0,100.0
2025-10-01,SUP-032,Supplier 032,USA,NA,PLT-09,Hanoi Assembly,Vietnam,APAC,SMB,France,1,2397.0,1,2397.0,1,2397.0,0,0.0,0,0.0,100.0,100.0
2025-10-01,SUP-032,Supplier 032,USA,NA,PLT-05,Monterrey Plant,Mexico,LATAM,SMB,Canada,1,2712.16,1,2712.16,1,2712.16,0,0.0,0,0.0,100.0,100.0
2025-10-01,SUP-033,Supplier 033,Japan,APAC,PLT-05,Monterrey Plant,Mexico,LATAM,Government,USA,1,26933.95,1,26933.95,1,26933.95,0,0.0,0,0.0,100.0,100.0
2025-10-01,SUP-033,Supplier 033,Japan,APAC,PLT-01,Munich Center,Germany,EMEA,Enterprise,Canada,1,954.81,1,954.81,1,954.81,0,0.0,0,0.0,100.0,100.0
2025-10-01,SUP-033,Supplier 033,Japan,APAC,PLT-02,Detroit Works,USA,NA,Government,Germany,1,9557.76,1,9557.76,1,9557.76,0,0.0,0,0.0,100.0,100.0
2025-10-01,SUP-033,Supplier 033,Japan,APAC,PLT-07,Seoul Tech,South Korea,APAC,SMB,USA,1,33029.28,1,33029.28,1,33029.28,0,0.0,0,0.0,100.0,100.0
2025-10-01,SUP-033,Supplier 033,Japan,APAC,PLT-04,Chennai Forge,India,APAC,SMB,Singapore,1,15242.76,1,15242.76,1,15242.76,0,0.0,0,0.0,100.0,100.0
2025-10-01,SUP-033,Supplier 033,Japan,APAC,PLT-09,Hanoi Assembly,Vietnam,APAC,Enterprise,Japan,1,17757.01,0,0.0,0,0.0,0,0.0,0,0.0,0.0,0.0
2025-10-01,SUP-033,Supplier 033,Japan,APAC,PLT-06,Sao Paulo Ops,Brazil,LATAM,SMB,UK,1,35682.12,1,35682.12,1,35682.12,0,0.0,0,0.0,100.0,100.0
2025-10-01,SUP-033,Supplier 033,Japan,APAC,PLT-09,Hanoi Assembly,Vietnam,APAC,SMB,Australia,1,18292.8,1,18292.8,1,18292.8,0,0.0,0,0.0,100.0,100.0
2025-10-01,SUP-034,Supplier 034,India,APAC,PLT-03,Tokyo Precision,Japan,APAC,SMB,France,1,7942.56,1,7942.56,1,7942.56,0,0.0,0,0.0,100.0,100.0
2025-10-01,SUP-034,Supplier 034,India,APAC,PLT-03,Tokyo Precision,Japan,APAC,SMB,UK,1,12071.01,0,0.0,0,0.0,0,0.0,0,0.0,0.0,0.0
2025-10-01,SUP-034,Supplier 034,India,APAC,PLT-06,Sao Paulo Ops,Brazil,LATAM,SMB,Canada,1,4665.99,0,0.0,0,0.0,0,0.0,0,0.0,0.0,0.0
2025-10-01,SUP-034,Supplier 034,India,APAC,PLT-07,Seoul Tech,South Korea,APAC,SMB,Canada,1,8841.89,0,0.0,0,0.0,0,0.0,0,0.0,0.0,0.0
2025-10-01,SUP-034,Supplier 034,India,APAC,PLT-07,Seoul Tech,South Korea,APAC,Enterprise,Japan,1,11904.56,0,0.0,0,0.0,0,0.0,0,0.0,0.0,0.0
2025-10-01,SUP-034,Supplier 034,India,APAC,PLT-00,Shanghai Hub,China,APAC,Government,Australia,1,40210.95,1,40210.95,0,0.0,0,0.0,1,40210.95,100.0,100.0
2025-10-01,SUP-034,Supplier 034,India,APAC,PLT-06,Sao Paulo Ops,Brazil,LATAM,Government,Australia,1,31711.46,0,0.0,0,0.0,0,0.0,0,0.0,0.0,0.0
2025-10-01,SUP-035,Supplier 035,Mexico,LATAM,PLT-00,Shanghai Hub,China,APAC,Enterprise,France,1,69622.3,1,69622.3,1,69622.3,0,0.0,0,0.0,100.0,100.0
2025-10-01,SUP-035,Supplier 035,Mexico,LATAM,PLT-01,Munich Center,Germany,EMEA,SMB,UK,1,20640.5,1,20640.5,1,20640.5,1,20640.5,0,0.0,100.0,100.0
2025-10-01,SUP-035,Supplier 035,Mexico,LATAM,PLT-04,Chennai Forge,India,APAC,SMB,Canada,1,22871.94,1,22871.94,1,22871.94,0,0.0,0,0.0,100.0,100.0
2025-10-01,SUP-035,Supplier 035,Mexico,LATAM,PLT-09,Hanoi Assembly,Vietnam,APAC,Government,Japan,1,9139.8,1,9139.8,1,9139.8,1,9139.8,0,0.0,100.0,100.0
2025-10-01,SUP-035,Supplier 035,Mexico,LATAM,PLT-07,Seoul Tech,South Korea,APAC,SMB,Australia,1,35159.14,1,35159.14,1,35159.14,0,0.0,0,0.0,100.0,100.0
2025-10-01,SUP-035,Supplier 035,Mexico,LATAM,PLT-08,Taipei Micro,Taiwan,APAC,SMB,Canada,1,5883.6,1,5883.6,1,5883.6,0,0.0,0,0.0,100.0,100.0
2025-10-01,SUP-035,Supplier 035,Mexico,LATAM,PLT-06,Sao Paulo Ops,Brazil,LATAM,SMB,Germany,1,73968.3,1,73968.3,0,0.0,1,73968.3,0,0.0,100.0,100.0
2025-10-01,SUP-035,Supplier 035,Mexico,LATAM,PLT-02,Detroit Works,USA,NA,SMB,USA,1,6426.75,1,6426.75,0,0.0,1,6426.75,0,0.0,100.0,100.0
2025-10-01,SUP-036,Supplier 036,Brazil,LATAM,PLT-05,Monterrey Plant,Mexico,LATAM,Government,France,1,22133.75,1,22133.75,1,22133.75,0,0.0,0,0.0,100.0,100.0
2025-10-01,SUP-036,Supplier 036,Brazil,LATAM,PLT-04,Chennai Forge,India,APAC,Enterprise,Germany,1,14481.8,1,14481.8,1,14481.8,1,14481.8,0,0.0,100.0,100.0
2025-10-01,SUP-036,Supplier 036,Brazil,LATAM,PLT-02,Detroit Works,USA,NA,Enterprise,USA,1,69311.64,0,0.0,0,0.0,0,0.0,0,0.0,0.0,0.0
2025-10-01,SUP-036,Supplier 036,Brazil,LATAM,PLT-09,Hanoi Assembly,Vietnam,APAC,SMB,UK,1,10163.16,1,10163.16,1,10163.16,1,10163.16,0,0.0,100.0,100.0
2025-10-01,SUP-036,Supplier 036,Brazil,LATAM,PLT-04,Chennai Forge,India,APAC,SMB,Germany,1,4196.94,0,0.0,0,0.0,0,0.0,0,0.0,0.0,0.0
2025-10-01,SUP-036,Supplier 036,Brazil,LATAM,PLT-02,Detroit Works,USA,NA,SMB,USA,1,28466.25,1,28466.25,1,28466.25,0,0.0,0,0.0,100.0,100.0
2025-10-01,SUP-036,Supplier 036,Brazil,LATAM,PLT-04,Chennai Forge,India,APAC,SMB,Singapore,1,10575.6,1,10575.6,1,10575.6,1,10575.6,0,0.0,100.0,100.0
2025-10-01,SUP-036,Supplier 036,Brazil,LATAM,PLT-06,Sao Paulo Ops,Brazil,LATAM,SMB,Singapore,1,47801.36,1,47801.36,1,47801.36,0,0.0,0,0.0,100.0,100.0
2025-10-01,SUP-036,Supplier 036,Brazil,LATAM,PLT-03,Tokyo Precision,Japan,APAC,Enterprise,Canada,2,60341.06,1,18012.48,0,0.0,0,0.0,1,18012.48,50.0,29.85
2025-10-01,SUP-036,Supplier 036,Brazil,LATAM,PLT-09,Hanoi Assembly,Vietnam,APAC,Enterprise,UK,1,111320.0,1,111320.0,0,0.0,0,0.0,1,111320.0,100.0,100.0
2025-10-01,SUP-036,Supplier 036,Brazil,LATAM,PLT-06,Sao Paulo Ops,Brazil,LATAM,Government,Germany,1,52540.65,1,52540.65,1,52540.65,1,52540.65,0,0.0,100.0,100.0
2025-10-01,SUP-037,Supplier 037,South Korea,APAC,PLT-09,Hanoi Assembly,Vietnam,APAC,Government,Australia,1,1007.52,1,1007.52,1,1007.52,1,1007.52,0,0.0,100.0,100.0
2025-10-01,SUP-037,Supplier 037,South Korea,APAC,PLT-04,Chennai Forge,India,APAC,Enterprise,France,1,30385.56,1,30385.56,1,30385.56,0,0.0,0,0.0,100.0,100.0
2025-10-01,SUP-037,Supplier 037,South Korea,APAC,PLT-08,Taipei Micro,Taiwan,APAC,Government,Japan,1,4444.82,0,0.0,0,0.0,0,0.0,0,0.0,0.0,0.0
2025-10-01,SUP-037,Supplier 037,South Korea,APAC,PLT-02,Detroit Works,USA,NA,Enterprise,USA,1,599.64,0,0.0,0,0.0,0,0.0,0,0.0,0.0,0.0
2025-10-01,SUP-037,Supplier 037,South Korea,APAC,PLT-06,Sao Paulo Ops,Brazil,LATAM,SMB,Japan,1,8506.88,1,8506.88,1,8506.88,1,8506.88,0,0.0,100.0,100.0
2025-10-01,SUP-037,Supplier 037,South Korea,APAC,PLT-03,Tokyo Precision,Japan,APAC,SMB,Germany,1,28251.54,1,28251.54,1,28251.54,0,0.0,0,0.0,100.0,100.0
2025-10-01,SUP-037,Supplier 037,South Korea,APAC,PLT-01,Munich Center,Germany,EMEA,SMB,UK,1,16839.93,1,16839.93,0,0.0,0,0.0,1,16839.93,100.0,100.0
2025-10-01,SUP-038,Supplier 038,Taiwan,APAC,PLT-04,Chennai Forge,India,APAC,SMB,Japan,1,3231.54,0,0.0,0,0.0,0,0.0,0,0.0,0.0,0.0
2025-10-01,SUP-038,Supplier 038,Taiwan,APAC,PLT-04,Chennai Forge,India,APAC,SMB,Australia,1,6034.79,1,6034.79,0,0.0,0,0.0,1,6034.79,100.0,100.0
2025-10-01,SUP-038,Supplier 038,Taiwan,APAC,PLT-05,Monterrey Plant,Mexico,LATAM,SMB,Japan,1,45363.15,1,45363.15,1,45363.15,0,0.0,0,0.0,100.0,100.0
2025-10-01,SUP-038,Supplier 038,Taiwan,APAC,PLT-01,Munich Center,Germany,EMEA,SMB,Germany,1,21457.74,0,0.0,0,0.0,0,0.0,0,0.0,0.0,0.0
2025-10-01,SUP-038,Supplier 038,Taiwan,APAC,PLT-04,Chennai Forge,India,APAC,Enterprise,France,1,4331.46,1,4331.46,1,4331.46,0,0.0,0,0.0,100.0,100.0
2025-10-01,SUP-038,Supplier 038,Taiwan,APAC,PLT-04,Chennai Forge,India,APAC,Enterprise,Singapore,1,81732.56,1,81732.56,1,81732.56,0,0.0,0,0.0,100.0,100.0
2025-10-01,SUP-038,Supplier 038,Taiwan,APAC,PLT-08,Taipei Micro,Taiwan,APAC,SMB,Germany,1,3683.68,1,3683.68,1,3683.68,0,0.0,0,0.0,100.0,100.0
2025-10-01,SUP-038,Supplier 038,Taiwan,APAC,PLT-03,Tokyo Precision,Japan,APAC,Government,USA,1,25543.35,1,25543.35,1,25543.35,0,0.0,0,0.0,100.0,100.0
2025-10-01,SUP-038,Supplier 038,Taiwan,APAC,PLT-03,Tokyo Precision,Japan,APAC,Government,Australia,1,24771.2,1,24771.2,1,24771.2,0,0.0,0,0.0,100.0,100.0
2025-10-01,SUP-038,Supplier 038,Taiwan,APAC,PLT-06,Sao Paulo Ops,Brazil,LATAM,Government,Germany,1,10782.12,1,10782.12,1,10782.12,0,0.0,0,0.0,100.0,100.0
2025-10-01,SUP-038,Supplier 038,Taiwan,APAC,PLT-07,Seoul Tech,South Korea,APAC,Government,Singapore,1,3541.76,0,0.0,0,0.0,0,0.0,0,0.0,0.0,0.0
2025-10-01,SUP-038,Supplier 038,Taiwan,APAC,PLT-08,Taipei Micro,Taiwan,APAC,Enterprise,USA,1,1749.15,1,1749.15,1,1749.15,0,0.0,0,0.0,100.0,100.0
2025-10-01,SUP-039,Supplier 039,Vietnam,APAC,PLT-03,Tokyo Precision,Japan,APAC,SMB,UK,2,8693.22,2,8693.22,2,8693.22,0,0.0,0,0.0,100.0,100.0
2025-10-01,SUP-039,Supplier 039,Vietnam,APAC,PLT-00,Shanghai Hub,China,APAC,Government,Singapore,1,32658.08,1,32658.08,1,32658.08,0,0.0,0,0.0,100.0,100.0
2025-10-01,SUP-039,Supplier 039,Vietnam,APAC,PLT-01,Munich Center,Germany,EMEA,SMB,Canada,1,60218.35,1,60218.35,1,60218.35,0,0.0,0,0.0,100.0,100.0
2025-10-01,SUP-039,Supplier 039,Vietnam,APAC,PLT-03,Tokyo Precision,Japan,APAC,SMB,Germany,1,5198.0,1,5198.0,1,5198.0,0,0.0,0,0.0,100.0,100.0
2025-10-01,SUP-039,Supplier 039,Vietnam,APAC,PLT-00,Shanghai Hub,China,APAC,Enterprise,Canada,1,13975.68,1,13975.68,1,13975.68,1,13975.68,0,0.0,100.0,100.0
2025-10-01,SUP-039,Supplier 039,Vietnam,APAC,PLT-06,Sao Paulo Ops,Brazil,LATAM,SMB,UK,1,9582.12,1,9582.12,1,9582.12,0,0.0,0,0.0,100.0,100.0
2025-10-01,SUP-039,Supplier 039,Vietnam,APAC,PLT-05,Monterrey Plant,Mexico,LATAM,SMB,Germany,1,7225.34,1,7225.34,1,7225.34,0,0.0,0,0.0,100.0,100.0
2025-10-01,SUP-039,Supplier 039,Vietnam,APAC,PLT-06,Sao Paulo Ops,Brazil,LATAM,Enterprise,France,1,34418.88,1,34418.88,1,34418.88,0,0.0,0,0.0,100.0,100.0
2025-10-01,SUP-039,Supplier 039,Vietnam,APAC,PLT-06,Sao Paulo Ops,Brazil,LATAM,Enterprise,Japan,1,36196.8,1,36196.8,1,36196.8,0,0.0,0,0.0,100.0,100.0
2025-10-01,SUP-039,Supplier 039,Vietnam,APAC,PLT-01,Munich Center,Germany,EMEA,SMB,France,1,20295.1,1,20295.1,1,20295.1,0,0.0,0,0.0,100.0,100.0
2025-10-01,SUP-039,Supplier 039,Vietnam,APAC,PLT-05,Monterrey Plant,Mexico,LATAM,SMB,Australia,1,3254.9,1,3254.9,1,3254.9,0,0.0,0,0.0,100.0,100.0
2025-10-01,SUP-040,Supplier 040,China,APAC,PLT-03,Tokyo Precision,Japan,APAC,Enterprise,Japan,1,4477.72,1,4477.72,1,4477.72,0,0.0,0,0.0,100.0,100.0
2025-10-01,SUP-040,Supplier 040,China,APAC,PLT-00,Shanghai Hub,China,APAC,SMB,France,1,5891.8,0,0.0,0,0.0,0,0.0,0,0.0,0.0,0.0
2025-10-01,SUP-040,Supplier 040,China,APAC,PLT-06,Sao Paulo Ops,Brazil,LATAM,Enterprise,Canada,1,4190.93,0,0.0,0,0.0,0,0.0,0,0.0,0.0,0.0
2025-10-01,SUP-040,Supplier 040,China,APAC,PLT-07,Seoul Tech,South Korea,APAC,SMB,UK,1,8046.08,1,8046.08,1,8046.08,0,0.0,0,0.0,100.0,100.0
2025-10-01,SUP-040,Supplier 040,China,APAC,PLT-03,Tokyo Precision,Japan,APAC,SMB,Japan,1,19943.04,1,19943.04,0,0.0,0,0.0,1,19943.04,100.0,100.0
2025-10-01,SUP-040,Supplier 040,China,APAC,PLT-07,Seoul Tech,South Korea,APAC,Government,France,1,760.68,1,760.68,1,760.68,1,760.68,0,0.0,100.0,100.0
2025-10-01,SUP-040,Supplier 040,China,APAC,PLT-01,Munich Center,Germany,EMEA,SMB,Germany,1,12809.88,0,0.0,0,0.0,0,0.0,0,0.0,0.0,0.0
2025-10-01,SUP-040,Supplier 040,China,APAC,PLT-02,Detroit Works,USA,NA,SMB,France,1,30090.84,0,0.0,0,0.0,0,0.0,0,0.0,0.0,0.0
2025-10-01,SUP-040,Supplier 040,China,APAC,PLT-00,Shanghai Hub,China,APAC,SMB,Canada,1,870.45,1,870.45,1,870.45,0,0.0,0,0.0,100.0,100.0
2025-10-01,SUP-041,Supplier 041,Germany,EMEA,PLT-07,Seoul Tech,South Korea,APAC,SMB,Canada,1,804.44,1,804.44,1,804.44,0,0.0,0,0.0,100.0,100.0
2025-10-01,SUP-041,Supplier 041,Germany,EMEA,PLT-03,Tokyo Precision,Japan,APAC,Government,UK,1,10824.4,1,10824.4,1,10824.4,0,0.0,0,0.0,100.0,100.0
2025-10-01,SUP-041,Supplier 041,Germany,EMEA,PLT-00,Shanghai Hub,China,APAC,Enterprise,USA,1,2049.81,1,2049.81,1,2049.81,1,2049.81,0,0.0,100.0,100.0
2025-10-01,SUP-041,Supplier 041,Germany,EMEA,PLT-04,Chennai Forge,India,APAC,SMB,Germany,1,10496.57,0,0.0,0,0.0,0,0.0,0,0.0,0.0,0.0
2025-10-01,SUP-041,Supplier 041,Germany,EMEA,PLT-05,Monterrey Plant,Mexico,LATAM,SMB,Canada,1,17244.36,1,17244.36,1,17244.36,0,0.0,0,0.0,100.0,100.0
2025-10-01,SUP-041,Supplier 041,Germany,EMEA,PLT-03,Tokyo Precision,Japan,APAC,Government,USA,1,187.64,1,187.64,1,187.64,0,0.0,0,0.0,100.0,100.0
2025-10-01,SUP-041,Supplier 041,Germany,EMEA,PLT-04,Chennai Forge,India,APAC,Government,UK,1,65164.98,1,65164.98,1,65164.98,0,0.0,0,0.0,100.0,100.0
2025-10-01,SUP-042,Supplier 042,USA,NA,PLT-09,Hanoi Assembly,Vietnam,APAC,SMB,Japan,1,6443.01,0,0.0,0,0.0,0,0.0,0,0.0,0.0,0.0
2025-10-01,SUP-042,Supplier 042,USA,NA,PLT-05,Monterrey Plant,Mexico,LATAM,SMB,Australia,1,14823.55,1,14823.55,1,14823.55,1,14823.55,0,0.0,100.0,100.0
2025-10-01,SUP-043,Supplier 043,Japan,APAC,PLT-01,Munich Center,Germany,EMEA,SMB,Germany,1,38581.5,1,38581.5,1,38581.5,0,0.0,0,0.0,100.0,100.0
2025-10-01,SUP-043,Supplier 043,Japan,APAC,PLT-08,Taipei Micro,Taiwan,APAC,SMB,UK,1,8270.7,1,8270.7,1,8270.7,0,0.0,0,0.0,100.0,100.0
2025-10-01,SUP-043,Supplier 043,Japan,APAC,PLT-04,Chennai Forge,India,APAC,SMB,Canada,1,3981.9,1,3981.9,1,3981.9,0,0.0,0,0.0,100.0,100.0
2025-10-01,SUP-043,Supplier 043,Japan,APAC,PLT-02,Detroit Works,USA,NA,Government,Germany,1,12092.44,1,12092.44,1,12092.44,0,0.0,0,0.0,100.0,100.0
2025-10-01,SUP-043,Supplier 043,Japan,APAC,PLT-06,Sao Paulo Ops,Brazil,LATAM,Enterprise,USA,1,5199.54,1,5199.54,1,5199.54,0,0.0,0,0.0,100.0,100.0
2025-10-01,SUP-043,Supplier 043,Japan,APAC,PLT-05,Monterrey Plant,Mexico,LATAM,SMB,Germany,1,25920.0,1,25920.0,1,25920.0,0,0.0,0,0.0,100.0,100.0
2025-10-01,SUP-043,Supplier 043,Japan,APAC,PLT-06,Sao Paulo Ops,Brazil,LATAM,Government,Japan,1,828.75,1,828.75,0,0.0,1,828.75,0,0.0,100.0,100.0
2025-10-01,SUP-043,Supplier 043,Japan,APAC,PLT-00,Shanghai Hub,China,APAC,SMB,Singapore,1,2271.85,1,2271.85,1,2271.85,0,0.0,0,0.0,100.0,100.0
2025-10-01,SUP-043,Supplier 043,Japan,APAC,PLT-02,Detroit Works,USA,NA,SMB,Australia,1,48767.39,1,48767.39,1,48767.39,0,0.0,0,0.0,100.0,100.0
2025-10-01,SUP-043,Supplier 043,Japan,APAC,PLT-05,Monterrey Plant,Mexico,LATAM,Enterprise,Japan,1,1444.17,1,1444.17,1,1444.17,1,1444.17,0,0.0,100.0,100.0
2025-10-01,SUP-043,Supplier 043,Japan,APAC,PLT-08,Taipei Micro,Taiwan,APAC,Government,France,1,29927.68,1,29927.68,1,29927.68,0,0.0,0,0.0,100.0,100.0
2025-10-01,SUP-043,Supplier 043,Japan,APAC,PLT-06,Sao Paulo Ops,Brazil,LATAM,SMB,France,1,9046.55,1,9046.55,1,9046.55,1,9046.55,0,0.0,100.0,100.0
2025-10-01,SUP-043,Supplier 043,Japan,APAC,PLT-00,Shanghai Hub,China,APAC,Enterprise,France,1,23107.59,1,23107.59,1,23107.59,0,0.0,0,0.0,100.0,100.0
2025-10-01,SUP-043,Supplier 043,Japan,APAC,PLT-03,Tokyo Precision,Japan,APAC,Government,USA,1,9354.96,1,9354.96,1,9354.96,1,9354.96,0,0.0,100.0,100.0
2025-10-01,SUP-044,Supplier 044,India,APAC,PLT-08,Taipei Micro,Taiwan,APAC,Enterprise,UK,1,17626.56,0,0.0,0,0.0,0,0.0,0,0.0,0.0,0.0
2025-10-01,SUP-044,Supplier 044,India,APAC,PLT-06,Sao Paulo Ops,Brazil,LATAM,SMB,Singapore,1,4078.62,1,4078.62,1,4078.62,0,0.0,0,0.0,100.0,100.0
2025-10-01,SUP-044,Supplier 044,India,APAC,PLT-00,Shanghai Hub,China,APAC,Enterprise,Australia,1,33790.9,1,33790.9,1,33790.9,0,0.0,0,0.0,100.0,100.0
2025-10-01,SUP-044,Supplier 044,India,APAC,PLT-09,Hanoi Assembly,Vietnam,APAC,SMB,USA,1,51459.6,1,51459.6,1,51459.6,0,0.0,0,0.0,100.0,100.0
2025-10-01,SUP-044,Supplier 044,India,APAC,PLT-06,Sao Paulo Ops,Brazil,LATAM,SMB,UK,1,1743.42,1,1743.42,1,1743.42,0,0.0,0,0.0,100.0,100.0
2025-10-01,SUP-044,Supplier 044,India,APAC,PLT-06,Sao Paulo Ops,Brazil,LATAM,Enterprise,Japan,1,421.99,1,421.99,1,421.99,0,0.0,0,0.0,100.0,100.0
2025-10-01,SUP-044,Supplier 044,India,APAC,PLT-02,Detroit Works,USA,NA,Enterprise,Canada,1,386.6,0,0.0,0,0.0,0,0.0,0,0.0,0.0,0.0
2025-10-01,SUP-044,Supplier 044,India,APAC,PLT-02,Detroit Works,USA,NA,SMB,Germany,1,26499.3,1,26499.3,1,26499.3,0,0.0,0,0.0,100.0,100.0
2025-10-01,SUP-045,Supplier 045,Mexico,LATAM,PLT-02,Detroit Works,USA,NA,Government,Singapore,1,82600.32,1,82600.32,0,0.0,1,82600.32,0,0.0,100.0,100.0
2025-10-01,SUP-045,Supplier 045,Mexico,LATAM,PLT-04,Chennai Forge,India,APAC,SMB,Singapore,1,1982.89,1,1982.89,1,1982.89,1,1982.89,0,0.0,100.0,100.0
2025-10-01,SUP-045,Supplier 045,Mexico,LATAM,PLT-08,Taipei Micro,Taiwan,APAC,Enterprise,Singapore,1,28278.4,1,28278.4,0,0.0,0,0.0,1,28278.4,100.0,100.0
2025-10-01,SUP-045,Supplier 045,Mexico,LATAM,PLT-05,Monterrey Plant,Mexico,LATAM,SMB,UK,2,24325.39,1,23337.18,1,23337.18,1,23337.18,0,0.0,50.0,95.94
2025-10-01,SUP-045,Supplier 045,Mexico,LATAM,PLT-08,Taipei Micro,Taiwan,APAC,Enterprise,UK,1,15504.06,1,15504.06,0,0.0,0,0.0,1,15504.06,100.0,100.0
2025-10-01,SUP-045,Supplier 045,Mexico,LATAM,PLT-03,Tokyo Precision,Japan,APAC,SMB,Australia,1,20227.2,1,20227.2,1,20227.2,0,0.0,0,0.0,100.0,100.0
2025-10-01,SUP-045,Supplier 045,Mexico,LATAM,PLT-05,Monterrey Plant,Mexico,LATAM,Enterprise,France,1,29525.98,1,29525.98,1,29525.98,0,0.0,0,0.0,100.0,100.0
2025-10-01,SUP-045,Supplier 045,Mexico,LATAM,PLT-00,Shanghai Hub,China,APAC,Enterprise,Germany,1,6938.54,1,6938.54,1,6938.54,0,0.0,0,0.0,100.0,100.0
2025-10-01,SUP-045,Supplier 045,Mexico,LATAM,PLT-03,Tokyo Precision,Japan,APAC,Enterprise,Canada,1,11720.8,1,11720.8,1,11720.8,0,0.0,0,0.0,100.0,100.0
2025-10-01,SUP-045,Supplier 045,Mexico,LATAM,PLT-03,Tokyo Precision,Japan,APAC,Enterprise,Germany,1,12225.98,1,12225.98,1,12225.98,0,0.0,0,0.0,100.0,100.0
2025-10-01,SUP-045,Supplier 045,Mexico,LATAM,PLT-08,Taipei Micro,Taiwan,APAC,SMB,UK,1,35214.4,1,35214.4,1,35214.4,0,0.0,0,0.0,100.0,100.0
2025-10-01,SUP-046,Supplier 046,Brazil,LATAM,PLT-01,Munich Center,Germany,EMEA,Enterprise,Canada,1,5647.2,0,0.0,0,0.0,0,0.0,0,0.0,0.0,0.0
2025-10-01,SUP-046,Supplier 046,Brazil,LATAM,PLT-05,Monterrey Plant,Mexico,LATAM,SMB,Australia,1,24036.48,1,24036.48,0,0.0,1,24036.48,0,0.0,100.0,100.0
2025-10-01,SUP-046,Supplier 046,Brazil,LATAM,PLT-03,Tokyo Precision,Japan,APAC,SMB,Singapore,1,35425.5,1,35425.5,0,0.0,1,35425.5,0,0.0,100.0,100.0
2025-10-01,SUP-046,Supplier 046,Brazil,LATAM,PLT-08,Taipei Micro,Taiwan,APAC,Enterprise,Japan,1,19774.3,1,19774.3,1,19774.3,0,0.0,0,0.0,100.0,100.0
2025-10-01,SUP-046,Supplier 046,Brazil,LATAM,PLT-08,Taipei Micro,Taiwan,APAC,SMB,Germany,1,31676.8,1,31676.8,1,31676.8,0,0.0,0,0.0,100.0,100.0
2025-10-01,SUP-046,Supplier 046,Brazil,LATAM,PLT-02,Detroit Works,USA,NA,SMB,Singapore,1,6722.2,1,6722.2,1,6722.2,0,0.0,0,0.0,100.0,100.0
2025-10-01,SUP-046,Supplier 046,Brazil,LATAM,PLT-00,Shanghai Hub,China,APAC,SMB,Australia,1,6810.03,1,6810.03,1,6810.03,1,6810.03,0,0.0,100.0,100.0
2025-10-01,SUP-047,Supplier 047,South Korea,APAC,PLT-09,Hanoi Assembly,Vietnam,APAC,Government,Singapore,2,5155.02,2,5155.02,2,5155.02,1,4513.26,0,0.0,100.0,100.0
2025-10-01,SUP-047,Supplier 047,South Korea,APAC,PLT-08,Taipei Micro,Taiwan,APAC,Government,Singapore,1,1014.12,1,1014.12,1,1014.12,0,0.0,0,0.0,100.0,100.0
2025-10-01,SUP-047,Supplier 047,South Korea,APAC,PLT-05,Monterrey Plant,Mexico,LATAM,SMB,Germany,1,5745.42,1,5745.42,1,5745.42,1,5745.42,0,0.0,100.0,100.0
2025-10-01,SUP-047,Supplier 047,South Korea,APAC,PLT-07,Seoul Tech,South Korea,APAC,Enterprise,USA,1,58631.85,1,58631.85,1,58631.85,0,0.0,0,0.0,100.0,100.0
2025-10-01,SUP-047,Supplier 047,South Korea,APAC,PLT-09,Hanoi Assembly,Vietnam,APAC,SMB,Australia,2,17953.86,2,17953.86,2,17953.86,1,4503.15,0,0.0,100.0,100.0
2025-10-01,SUP-047,Supplier 047,South Korea,APAC,PLT-09,Hanoi Assembly,Vietnam,APAC,Government,USA,1,14774.05,1,14774.05,0,0.0,0,0.0,1,14774.05,100.0,100.0
2025-10-01,SUP-047,Supplier 047,South Korea,APAC,PLT-06,Sao Paulo Ops,Brazil,LATAM,Enterprise,Japan,1,14223.63,1,14223.63,1,14223.63,0,0.0,0,0.0,100.0,100.0
2025-10-01,SUP-048,Supplier 048,Taiwan,APAC,PLT-05,Monterrey Plant,Mexico,LATAM,SMB,Germany,1,35485.6,0,0.0,0,0.0,0,0.0,0,0.0,0.0,0.0
2025-10-01,SUP-048,Supplier 048,Taiwan,APAC,PLT-09,Hanoi Assembly,Vietnam,APAC,Government,Australia,1,2386.8,1,2386.8,1,2386.8,0,0.0,0,0.0,100.0,100.0
2025-10-01,SUP-048,Supplier 048,Taiwan,APAC,PLT-07,Seoul Tech,South Korea,APAC,SMB,USA,1,19200.16,1,19200.16,1,19200.16,1,19200.16,0,0.0,100.0,100.0
2025-10-01,SUP-048,Supplier 048,Taiwan,APAC,PLT-05,Monterrey Plant,Mexico,LATAM,SMB,Australia,1,42980.76,1,42980.76,1,42980.76,0,0.0,0,0.0,100.0,100.0
2025-10-01,SUP-048,Supplier 048,Taiwan,APAC,PLT-08,Taipei Micro,Taiwan,APAC,Government,Germany,1,7435.8,1,7435.8,0,0.0,0,0.0,1,7435.8,100.0,100.0
2025-10-01,SUP-048,Supplier 048,Taiwan,APAC,PLT-00,Shanghai Hub,China,APAC,SMB,Singapore,1,3465.45,0,0.0,0,0.0,0,0.0,0,0.0,0.0,0.0
2025-10-01,SUP-048,Supplier 048,Taiwan,APAC,PLT-06,Sao Paulo Ops,Brazil,LATAM,SMB,Germany,1,31213.99,1,31213.99,1,31213.99,0,0.0,0,0.0,100.0,100.0
2025-10-01,SUP-048,Supplier 048,Taiwan,APAC,PLT-01,Munich Center,Germany,EMEA,Enterprise,Germany,1,1467.5,1,1467.5,0,0.0,1,1467.5,0,0.0,100.0,100.0
2025-10-01,SUP-049,Supplier 049,Vietnam,APAC,PLT-03,Tokyo Precision,Japan,APAC,SMB,Singapore,1,8503.92,1,8503.92,0,0.0,1,8503.92,0,0.0,100.0,100.0
2025-10-01,SUP-049,Supplier 049,Vietnam,APAC,PLT-01,Munich Center,Germany,EMEA,Enterprise,USA,1,15274.6,0,0.0,0,0.0,0,0.0,0,0.0,0.0,0.0
2025-10-01,SUP-049,Supplier 049,Vietnam,APAC,PLT-09,Hanoi Assembly,Vietnam,APAC,Enterprise,USA,1,18797.25,1,18797.25,1,18797.25,0,0.0,0,0.0,100.0,100.0
2025-10-01,SUP-049,Supplier 049,Vietnam,APAC,PLT-00,Shanghai Hub,China,APAC,SMB,Canada,1,20830.49,0,0.0,0,0.0,0,0.0,0,0.0,0.0,0.0
2025-10-01,SUP-049,Supplier 049,Vietnam,APAC,PLT-08,Taipei Micro,Taiwan,APAC,Government,France,1,31257.69,1,31257.69,1,31257.69,0,0.0,0,0.0,100.0,100.0
2025-10-01,SUP-049,Supplier 049,Vietnam,APAC,PLT-08,Taipei Micro,Taiwan,APAC,SMB,Canada,1,15058.05,1,15058.05,1,15058.05,0,0.0,0,0.0,100.0,100.0
2025-10-01,SUP-049,Supplier 049,Vietnam,APAC,PLT-02,Detroit Works,USA,NA,SMB,France,1,22510.96,0,0.0,0,0.0,0,0.0,0,0.0,0.0,0.0
2025-11-01,SUP-000,Supplier 000,China,APAC,PLT-00,Shanghai Hub,China,APAC,SMB,France,1,5020.68,1,5020.68,1,5020.68,1,5020.68,0,0.0,100.0,100.0
2025-11-01,SUP-000,Supplier 000,China,APAC,PLT-09,Hanoi Assembly,Vietnam,APAC,SMB,Australia,1,58695.77,1,58695.77,1,58695.77,1,58695.77,0,0.0,100.0,100.0
2025-11-01,SUP-000,Supplier 000,China,APAC,PLT-08,Taipei Micro,Taiwan,APAC,SMB,Australia,1,20198.7,1,20198.7,1,20198.7,0,0.0,0,0.0,100.0,100.0
2025-11-01,SUP-000,Supplier 000,China,APAC,PLT-08,Taipei Micro,Taiwan,APAC,SMB,Singapore,1,5009.35,1,5009.35,1,5009.35,0,0.0,0,0.0,100.0,100.0
2025-11-01,SUP-000,Supplier 000,China,APAC,PLT-05,Monterrey Plant,Mexico,LATAM,Enterprise,Japan,1,28644.21,1,28644.21,1,28644.21,1,28644.21,0,0.0,100.0,100.0
2025-11-01,SUP-000,Supplier 000,China,APAC,PLT-08,Taipei Micro,Taiwan,APAC,SMB,Canada,1,17190.2,1,17190.2,1,17190.2,0,0.0,0,0.0,100.0,100.0
2025-11-01,SUP-000,Supplier 000,China,APAC,PLT-01,Munich Center,Germany,EMEA,Government,UK,1,24308.45,1,24308.45,1,24308.45,0,0.0,0,0.0,100.0,100.0
2025-11-01,SUP-000,Supplier 000,China,APAC,PLT-06,Sao Paulo Ops,Brazil,LATAM,Government,Canada,1,5259.4,0,0.0,0,0.0,0,0.0,0,0.0,0.0,0.0
2025-11-01,SUP-000,Supplier 000,China,APAC,PLT-05,Monterrey Plant,Mexico,LATAM,SMB,France,1,9696.75,1,9696.75,1,9696.75,0,0.0,0,0.0,100.0,100.0
2025-11-01,SUP-000,Supplier 000,China,APAC,PLT-02,Detroit Works,USA,NA,SMB,Australia,1,20529.6,1,20529.6,1,20529.6,0,0.0,0,0.0,100.0,100.0
2025-11-01,SUP-000,Supplier 000,China,APAC,PLT-04,Chennai Forge,India,APAC,SMB,France,1,21553.06,1,21553.06,1,21553.06,0,0.0,0,0.0,100.0,100.0
2025-11-01,SUP-001,Supplier 001,Germany,EMEA,PLT-03,Tokyo Precision,Japan,APAC,SMB,Germany,1,49515.44,1,49515.44,1,49515.44,1,49515.44,0,0.0,100.0,100.0
2025-11-01,SUP-001,Supplier 001,Germany,EMEA,PLT-00,Shanghai Hub,China,APAC,Enterprise,Singapore,1,54199.08,1,54199.08,1,54199.08,1,54199.08,0,0.0,100.0,100.0
2025-11-01,SUP-001,Supplier 001,Germany,EMEA,PLT-00,Shanghai Hub,China,APAC,Enterprise,Canada,1,4026.12,1,4026.12,1,4026.12,0,0.0,0,0.0,100.0,100.0
2025-11-01,SUP-001,Supplier 001,Germany,EMEA,PLT-01,Munich Center,Germany,EMEA,Government,UK,1,25192.44,1,25192.44,0,0.0,0,0.0,1,25192.44,100.0,100.0
2025-11-01,SUP-001,Supplier 001,Germany,EMEA,PLT-01,Munich Center,Germany,EMEA,SMB,USA,2,72413.89,1,56655.21,0,0.0,0,0.0,1,56655.21,50.0,78.24
2025-11-01,SUP-001,Supplier 001,Germany,EMEA,PLT-09,Hanoi Assembly,Vietnam,APAC,SMB,France,1,7714.5,1,7714.5,1,7714.5,0,0.0,0,0.0,100.0,100.0
2025-11-01,SUP-001,Supplier 001,Germany,EMEA,PLT-07,Seoul Tech,South Korea,APAC,SMB,France,1,34930.28,1,34930.28,1,34930.28,1,34930.28,0,0.0,100.0,100.0
2025-11-01,SUP-001,Supplier 001,Germany,EMEA,PLT-01,Munich Center,Germany,EMEA,Government,Singapore,1,51611.3,1,51611.3,0,0.0,0,0.0,1,51611.3,100.0,100.0
2025-11-01,SUP-001,Supplier 001,Germany,EMEA,PLT-06,Sao Paulo Ops,Brazil,LATAM,Enterprise,Australia,1,672.84,0,0.0,0,0.0,0,0.0,0,0.0,0.0,0.0
2025-11-01,SUP-001,Supplier 001,Germany,EMEA,PLT-00,Shanghai Hub,China,APAC,SMB,UK,1,2395.47,1,2395.47,1,2395.47,1,2395.47,0,0.0,100.0,100.0
2025-11-01,SUP-001,Supplier 001,Germany,EMEA,PLT-00,Shanghai Hub,China,APAC,Enterprise,Germany,1,41363.55,1,41363.55,1,41363.55,0,0.0,0,0.0,100.0,100.0
2025-11-01,SUP-002,Supplier 002,USA,NA,PLT-02,Detroit Works,USA,NA,Enterprise,Germany,1,48226.26,1,48226.26,1,48226.26,0,0.0,0,0.0,100.0,100.0
2025-11-01,SUP-002,Supplier 002,USA,NA,PLT-06,Sao Paulo Ops,Brazil,LATAM,Enterprise,USA,1,12657.52,1,12657.52,1,12657.52,0,0.0,0,0.0,100.0,100.0
2025-11-01,SUP-002,Supplier 002,USA,NA,PLT-09,Hanoi Assembly,Vietnam,APAC,SMB,UK,1,23393.61,1,23393.61,1,23393.61,0,0.0,0,0.0,100.0,100.0
2025-11-01,SUP-002,Supplier 002,USA,NA,PLT-06,Sao Paulo Ops,Brazil,LATAM,SMB,Singapore,1,26194.67,1,26194.67,1,26194.67,0,0.0,0,0.0,100.0,100.0
2025-11-01,SUP-002,Supplier 002,USA,NA,PLT-08,Taipei Micro,Taiwan,APAC,Enterprise,Singapore,1,16494.8,1,16494.8,0,0.0,0,0.0,1,16494.8,100.0,100.0
2025-11-01,SUP-002,Supplier 002,USA,NA,PLT-04,Chennai Forge,India,APAC,SMB,Singapore,1,42425.52,1,42425.52,0,0.0,1,42425.52,0,0.0,100.0,100.0
2025-11-01,SUP-002,Supplier 002,USA,NA,PLT-02,Detroit Works,USA,NA,Government,Japan,1,7256.7,1,7256.7,0,0.0,1,7256.7,0,0.0,100.0,100.0
2025-11-01,SUP-002,Supplier 002,USA,NA,PLT-09,Hanoi Assembly,Vietnam,APAC,SMB,Canada,1,69527.37,1,69527.37,1,69527.37,0,0.0,0,0.0,100.0,100.0
2025-11-01,SUP-002,Supplier 002,USA,NA,PLT-02,Detroit Works,USA,NA,SMB,USA,1,13232.8,1,13232.8,0,0.0,0,0.0,1,13232.8,100.0,100.0
2025-11-01,SUP-003,Supplier 003,Japan,APAC,PLT-02,Detroit Works,USA,NA,Government,Singapore,1,822.09,1,822.09,1,822.09,0,0.0,0,0.0,100.0,100.0
2025-11-01,SUP-003,Supplier 003,Japan,APAC,PLT-09,Hanoi Assembly,Vietnam,APAC,Enterprise,France,1,65196.0,1,65196.0,1,65196.0,0,0.0,0,0.0,100.0,100.0
2025-11-01,SUP-003,Supplier 003,Japan,APAC,PLT-04,Chennai Forge,India,APAC,Enterprise,USA,1,24923.82,0,0.0,0,0.0,0,0.0,0,0.0,0.0,0.0
2025-11-01,SUP-003,Supplier 003,Japan,APAC,PLT-00,Shanghai Hub,China,APAC,SMB,Canada,1,16414.92,0,0.0,0,0.0,0,0.0,0,0.0,0.0,0.0
2025-11-01,SUP-003,Supplier 003,Japan,APAC,PLT-08,Taipei Micro,Taiwan,APAC,SMB,Singapore,1,499.2,1,499.2,1,499.2,0,0.0,0,0.0,100.0,100.0
2025-11-01,SUP-003,Supplier 003,Japan,APAC,PLT-07,Seoul Tech,South Korea,APAC,Government,Germany,1,15063.3,1,15063.3,1,15063.3,0,0.0,0,0.0,100.0,100.0
2025-11-01,SUP-004,Supplier 004,India,APAC,PLT-08,Taipei Micro,Taiwan,APAC,SMB,Germany,1,106019.42,1,106019.42,1,106019.42,0,0.0,0,0.0,100.0,100.0
2025-11-01,SUP-004,Supplier 004,India,APAC,PLT-01,Munich Center,Germany,EMEA,Government,USA,1,46366.0,1,46366.0,1,46366.0,0,0.0,0,0.0,100.0,100.0
2025-11-01,SUP-004,Supplier 004,India,APAC,PLT-08,Taipei Micro,Taiwan,APAC,SMB,France,1,14526.6,1,14526.6,1,14526.6,0,0.0,0,0.0,100.0,100.0
2025-11-01,SUP-004,Supplier 004,India,APAC,PLT-03,Tokyo Precision,Japan,APAC,Government,Germany,1,50772.25,1,50772.25,1,50772.25,0,0.0,0,0.0,100.0,100.0
2025-11-01,SUP-005,Supplier 005,Mexico,LATAM,PLT-02,Detroit Works,USA,NA,SMB,Australia,1,29524.32,1,29524.32,1,29524.32,1,29524.32,0,0.0,100.0,100.0
2025-11-01,SUP-005,Supplier 005,Mexico,LATAM,PLT-01,Munich Center,Germany,EMEA,SMB,UK,1,53826.24,1,53826.24,1,53826.24,0,0.0,0,0.0,100.0,100.0
2025-11-01,SUP-005,Supplier 005,Mexico,LATAM,PLT-09,Hanoi Assembly,Vietnam,APAC,SMB,France,1,30315.6,1,30315.6,1,30315.6,0,0.0,0,0.0,100.0,100.0
2025-11-01,SUP-005,Supplier 005,Mexico,LATAM,PLT-03,Tokyo Precision,Japan,APAC,SMB,UK,1,3927.2,1,3927.2,1,3927.2,1,3927.2,0,0.0,100.0,100.0
2025-11-01,SUP-005,Supplier 005,Mexico,LATAM,PLT-06,Sao Paulo Ops,Brazil,LATAM,Enterprise,Japan,1,16545.34,0,0.0,0,0.0,0,0.0,0,0.0,0.0,0.0
2025-11-01,SUP-005,Supplier 005,Mexico,LATAM,PLT-08,Taipei Micro,Taiwan,APAC,SMB,Germany,1,24588.2,1,24588.2,0,0.0,0,0.0,1,24588.2,100.0,100.0
2025-11-01,SUP-005,Supplier 005,Mexico,LATAM,PLT-04,Chennai Forge,India,APAC,SMB,Singapore,1,33852.04,1,33852.04,1,33852.04,1,33852.04,0,0.0,100.0,100.0
2025-11-01,SUP-006,Supplier 006,Brazil,LATAM,PLT-02,Detroit Works,USA,NA,Government,Germany,1,13933.03,1,13933.03,0,0.0,0,0.0,1,13933.03,100.0,100.0
2025-11-01,SUP-006,Supplier 006,Brazil,LATAM,PLT-03,Tokyo Precision,Japan,APAC,SMB,UK,1,1240.26,0,0.0,0,0.0,0,0.0,0,0.0,0.0,0.0
2025-11-01,SUP-006,Supplier 006,Brazil,LATAM,PLT-02,Detroit Works,USA,NA,SMB,Germany,1,2858.93,0,0.0,0,0.0,0,0.0,0,0.0,0.0,0.0
2025-11-01,SUP-006,Supplier 006,Brazil,LATAM,PLT-06,Sao Paulo Ops,Brazil,LATAM,Enterprise,UK,1,355.1,1,355.1,0,0.0,0,0.0,1,355.1,100.0,100.0
2025-11-01,SUP-006,Supplier 006,Brazil,LATAM,PLT-09,Hanoi Assembly,Vietnam,APAC,SMB,France,1,75.0,1,75.0,1,75.0,0,0.0,0,0.0,100.0,100.0
2025-11-01,SUP-006,Supplier 006,Brazil,LATAM,PLT-01,Munich Center,Germany,EMEA,Government,Australia,1,21053.48,0,0.0,0,0.0,0,0.0,0,0.0,0.0,0.0
2025-11-01,SUP-006,Supplier 006,Brazil,LATAM,PLT-07,Seoul Tech,South Korea,APAC,SMB,Singapore,1,41589.09,1,41589.09,1,41589.09,0,0.0,0,0.0,100.0,100.0
2025-11-01,SUP-007,Supplier 007,South Korea,APAC,PLT-01,Munich Center,Germany,EMEA,SMB,Australia,1,52018.81,1,52018.81,1,52018.81,1,52018.81,0,0.0,100.0,100.0
2025-11-01,SUP-007,Supplier 007,South Korea,APAC,PLT-08,Taipei Micro,Taiwan,APAC,SMB,UK,1,17969.85,1,17969.85,1,17969.85,0,0.0,0,0.0,100.0,100.0
2025-11-01,SUP-007,Supplier 007,South Korea,APAC,PLT-08,Taipei Micro,Taiwan,APAC,SMB,Germany,1,38699.1,1,38699.1,1,38699.1,0,0.0,0,0.0,100.0,100.0
2025-11-01,SUP-007,Supplier 007,South Korea,APAC,PLT-02,Detroit Works,USA,NA,Enterprise,Australia,1,10982.85,1,10982.85,0,0.0,1,10982.85,0,0.0,100.0,100.0
2025-11-01,SUP-007,Supplier 007,South Korea,APAC,PLT-07,Seoul Tech,South Korea,APAC,SMB,UK,1,26238.48,1,26238.48,1,26238.48,1,26238.48,0,0.0,100.0,100.0
2025-11-01,SUP-007,Supplier 007,South Korea,APAC,PLT-09,Hanoi Assembly,Vietnam,APAC,Government,USA,1,57581.28,1,57581.28,1,57581.28,0,0.0,0,0.0,100.0,100.0
2025-11-01,SUP-008,Supplier 008,Taiwan,APAC,PLT-07,Seoul Tech,South Korea,APAC,SMB,Singapore,1,4568.33,1,4568.33,0,0.0,1,4568.33,0,0.0,100.0,100.0
2025-11-01,SUP-008,Supplier 008,Taiwan,APAC,PLT-04,Chennai Forge,India,APAC,SMB,USA,1,19760.31,0,0.0,0,0.0,0,0.0,0,0.0,0.0,0.0
2025-11-01,SUP-008,Supplier 008,Taiwan,APAC,PLT-09,Hanoi Assembly,Vietnam,APAC,SMB,Singapore,1,8941.02,1,8941.02,0,0.0,1,8941.02,0,0.0,100.0,100.0
2025-11-01,SUP-008,Supplier 008,Taiwan,APAC,PLT-01,Munich Center,Germany,EMEA,Government,Germany,1,61362.36,1,61362.36,1,61362.36,0,0.0,0,0.0,100.0,100.0
2025-11-01,SUP-008,Supplier 008,Taiwan,APAC,PLT-07,Seoul Tech,South Korea,APAC,SMB,France,1,90820.36,1,90820.36,1,90820.36,0,0.0,0,0.0,100.0,100.0
2025-11-01,SUP-008,Supplier 008,Taiwan,APAC,PLT-07,Seoul Tech,South Korea,APAC,SMB,USA,1,6797.0,1,6797.0,1,6797.0,0,0.0,0,0.0,100.0,100.0
2025-11-01,SUP-008,Supplier 008,Taiwan,APAC,PLT-06,Sao Paulo Ops,Brazil,LATAM,Enterprise,Singapore,1,20847.64,0,0.0,0,0.0,0,0.0,0,0.0,0.0,0.0
2025-11-01,SUP-009,Supplier 009,Vietnam,APAC,PLT-00,Shanghai Hub,China,APAC,Enterprise,Singapore,1,7858.72,1,7858.72,1,7858.72,0,0.0,0,0.0,100.0,100.0
2025-11-01,SUP-009,Supplier 009,Vietnam,APAC,PLT-02,Detroit Works,USA,NA,SMB,UK,1,21202.23,1,21202.23,0,0.0,1,21202.23,0,0.0,100.0,100.0
2025-11-01,SUP-009,Supplier 009,Vietnam,APAC,PLT-03,Tokyo Precision,Japan,APAC,Enterprise,Japan,1,32804.84,1,32804.84,1,32804.84,0,0.0,0,0.0,100.0,100.0
2025-11-01,SUP-009,Supplier 009,Vietnam,APAC,PLT-00,Shanghai Hub,China,APAC,Enterprise,Australia,1,12781.94,0,0.0,0,0.0,0,0.0,0,0.0,0.0,0.0
2025-11-01,SUP-009,Supplier 009,Vietnam,APAC,PLT-00,Shanghai Hub,China,APAC,SMB,Singapore,1,3260.25,0,0.0,0,0.0,0,0.0,0,0.0,0.0,0.0
2025-11-01,SUP-009,Supplier 009,Vietnam,APAC,PLT-05,Monterrey Plant,Mexico,LATAM,SMB,Singapore,1,10839.58,1,10839.58,1,10839.58,0,0.0,0,0.0,100.0,100.0
2025-11-01,SUP-009,Supplier 009,Vietnam,APAC,PLT-03,Tokyo Precision,Japan,APAC,SMB,Australia,1,11643.75,1,11643.75,0,0.0,0,0.0,1,11643.75,100.0,100.0
2025-11-01,SUP-009,Supplier 009,Vietnam,APAC,PLT-08,Taipei Micro,Taiwan,APAC,SMB,Australia,1,1413.2,1,1413.2,1,1413.2,0,0.0,0,0.0,100.0,100.0
2025-11-01,SUP-010,Supplier 010,China,APAC,PLT-03,Tokyo Precision,Japan,APAC,SMB,UK,1,1994.81,1,1994.81,1,1994.81,0,0.0,0,0.0,100.0,100.0
2025-11-01,SUP-010,Supplier 010,China,APAC,PLT-03,Tokyo Precision,Japan,APAC,Government,Germany,1,23445.0,1,23445.0,1,23445.0,0,0.0,0,0.0,100.0,100.0
2025-11-01,SUP-010,Supplier 010,China,APAC,PLT-02,Detroit Works,USA,NA,SMB,Canada,1,18362.61,1,18362.61,0,0.0,1,18362.61,0,0.0,100.0,100.0
2025-11-01,SUP-010,Supplier 010,China,APAC,PLT-07,Seoul Tech,South Korea,APAC,Government,USA,1,30449.13,1,30449.13,0,0.0,0,0.0,1,30449.13,100.0,100.0
2025-11-01,SUP-010,Supplier 010,China,APAC,PLT-06,Sao Paulo Ops,Brazil,LATAM,Government,USA,1,11135.28,1,11135.28,1,11135.28,0,0.0,0,0.0,100.0,100.0
2025-11-01,SUP-011,Supplier 011,Germany,EMEA,PLT-02,Detroit Works,USA,NA,SMB,Japan,1,2366.01,1,2366.01,1,2366.01,0,0.0,0,0.0,100.0,100.0
2025-11-01,SUP-011,Supplier 011,Germany,EMEA,PLT-06,Sao Paulo Ops,Brazil,LATAM,Government,USA,1,4087.85,1,4087.85,1,4087.85,0,0.0,0,0.0,100.0,100.0
2025-11-01,SUP-011,Supplier 011,Germany,EMEA,PLT-08,Taipei Micro,Taiwan,APAC,SMB,USA,1,12918.63,1,12918.63,1,12918.63,0,0.0,0,0.0,100.0,100.0
2025-11-01,SUP-011,Supplier 011,Germany,EMEA,PLT-00,Shanghai Hub,China,APAC,Enterprise,USA,1,32089.12,1,32089.12,1,32089.12,0,0.0,0,0.0,100.0,100.0
2025-11-01,SUP-011,Supplier 011,Germany,EMEA,PLT-05,Monterrey Plant,Mexico,LATAM,Enterprise,Singapore,1,6773.25,1,6773.25,1,6773.25,0,0.0,0,0.0,100.0,100.0
2025-11-01,SUP-011,Supplier 011,Germany,EMEA,PLT-04,Chennai Forge,India,APAC,SMB,UK,1,14737.6,1,14737.6,1,14737.6,0,0.0,0,0.0,100.0,100.0
2025-11-01,SUP-011,Supplier 011,Germany,EMEA,PLT-09,Hanoi Assembly,Vietnam,APAC,SMB,Australia,1,2641.9,0,0.0,0,0.0,0,0.0,0,0.0,0.0,0.0
2025-11-01,SUP-012,Supplier 012,USA,NA,PLT-03,Tokyo Precision,Japan,APAC,SMB,France,1,2880.36,1,2880.36,0,0.0,0,0.0,1,2880.36,100.0,100.0
2025-11-01,SUP-012,Supplier 012,USA,NA,PLT-04,Chennai Forge,India,APAC,Enterprise,Canada,1,21991.68,0,0.0,0,0.0,0,0.0,0,0.0,0.0,0.0
2025-11-01,SUP-012,Supplier 012,USA,NA,PLT-06,Sao Paulo Ops,Brazil,LATAM,SMB,Singapore,1,21773.92,1,21773.92,0,0.0,1,21773.92,0,0.0,100.0,100.0
2025-11-01,SUP-012,Supplier 012,USA,NA,PLT-09,Hanoi Assembly,Vietnam,APAC,SMB,Australia,1,27250.86,1,27250.86,1,27250.86,0,0.0,0,0.0,100.0,100.0
2025-11-01,SUP-012,Supplier 012,USA,NA,PLT-05,Monterrey Plant,Mexico,LATAM,SMB,USA,1,37722.72,1,37722.72,1,37722.72,0,0.0,0,0.0,100.0,100.0
2025-11-01,SUP-012,Supplier 012,USA,NA,PLT-02,Detroit Works,USA,NA,Enterprise,Germany,1,45929.91,1,45929.91,1,45929.91,0,0.0,0,0.0,100.0,100.0
2025-11-01,SUP-012,Supplier 012,USA,NA,PLT-09,Hanoi Assembly,Vietnam,APAC,Enterprise,France,1,6030.78,1,6030.78,1,6030.78,0,0.0,0,0.0,100.0,100.0
2025-11-01,SUP-012,Supplier 012,USA,NA,PLT-00,Shanghai Hub,China,APAC,SMB,Germany,1,5057.36,1,5057.36,1,5057.36,0,0.0,0,0.0,100.0,100.0
2025-11-01,SUP-012,Supplier 012,USA,NA,PLT-07,Seoul Tech,South Korea,APAC,Enterprise,Germany,1,14326.96,1,14326.96,0,0.0,0,0.0,1,14326.96,100.0,100.0
2025-11-01,SUP-012,Supplier 012,USA,NA,PLT-06,Sao Paulo Ops,Brazil,LATAM,Enterprise,Australia,1,36531.0,1,36531.0,0,0.0,1,36531.0,0,0.0,100.0,100.0
2025-11-01,SUP-013,Supplier 013,Japan,APAC,PLT-04,Chennai Forge,India,APAC,SMB,UK,1,9033.8,1,9033.8,1,9033.8,0,0.0,0,0.0,100.0,100.0
2025-11-01,SUP-013,Supplier 013,Japan,APAC,PLT-06,Sao Paulo Ops,Brazil,LATAM,Enterprise,Singapore,1,21628.62,1,21628.62,1,21628.62,0,0.0,0,0.0,100.0,100.0
2025-11-01,SUP-013,Supplier 013,Japan,APAC,PLT-00,Shanghai Hub,China,APAC,Government,Singapore,1,82239.3,1,82239.3,1,82239.3,0,0.0,0,0.0,100.0,100.0
2025-11-01,SUP-014,Supplier 014,India,APAC,PLT-03,Tokyo Precision,Japan,APAC,SMB,UK,1,13228.0,1,13228.0,1,13228.0,0,0.0,0,0.0,100.0,100.0
2025-11-01,SUP-014,Supplier 014,India,APAC,PLT-04,Chennai Forge,India,APAC,SMB,UK,1,1600.21,1,1600.21,0,0.0,0,0.0,1,1600.21,100.0,100.0
2025-11-01,SUP-014,Supplier 014,India,APAC,PLT-00,Shanghai Hub,China,APAC,SMB,Singapore,1,4942.85,1,4942.85,1,4942.85,1,4942.85,0,0.0,100.0,100.0
2025-11-01,SUP-014,Supplier 014,India,APAC,PLT-09,Hanoi Assembly,Vietnam,APAC,Enterprise,Japan,1,15502.62,0,0.0,0,0.0,0,0.0,0,0.0,0.0,0.0
2025-11-01,SUP-014,Supplier 014,India,APAC,PLT-08,Taipei Micro,Taiwan,APAC,Government,UK,1,10861.98,1,10861.98,1,10861.98,0,0.0,0,0.0,100.0,100.0
2025-11-01,SUP-014,Supplier 014,India,APAC,PLT-05,Monterrey Plant,Mexico,LATAM,Government,UK,1,8198.85,1,8198.85,1,8198.85,1,8198.85,0,0.0,100.0,100.0
2025-11-01,SUP-015,Supplier 015,Mexico,LATAM,PLT-09,Hanoi Assembly,Vietnam,APAC,SMB,Canada,1,5923.6,1,5923.6,1,5923.6,1,5923.6,0,0.0,100.0,100.0
2025-11-01,SUP-015,Supplier 015,Mexico,LATAM,PLT-08,Taipei Micro,Taiwan,APAC,SMB,Australia,1,18659.2,1,18659.2,1,18659.2,0,0.0,0,0.0,100.0,100.0
2025-11-01,SUP-015,Supplier 015,Mexico,LATAM,PLT-08,Taipei Micro,Taiwan,APAC,SMB,USA,1,5134.52,1,5134.52,1,5134.52,1,5134.52,0,0.0,100.0,100.0
2025-11-01,SUP-015,Supplier 015,Mexico,LATAM,PLT-01,Munich Center,Germany,EMEA,Government,Canada,1,16958.25,1,16958.25,1,16958.25,0,0.0,0,0.0,100.0,100.0
2025-11-01,SUP-015,Supplier 015,Mexico,LATAM,PLT-00,Shanghai Hub,China,APAC,Enterprise,Canada,1,24439.68,1,24439.68,1,24439.68,0,0.0,0,0.0,100.0,100.0
2025-11-01,SUP-015,Supplier 015,Mexico,LATAM,PLT-08,Taipei Micro,Taiwan,APAC,SMB,France,1,1171.92,1,1171.92,0,0.0,0,0.0,1,1171.92,100.0,100.0
2025-11-01,SUP-015,Supplier 015,Mexico,LATAM,PLT-05,Monterrey Plant,Mexico,LATAM,SMB,Australia,1,9030.8,1,9030.8,1,9030.8,1,9030.8,0,0.0,100.0,100.0
2025-11-01,SUP-015,Supplier 015,Mexico,LATAM,PLT-00,Shanghai Hub,China,APAC,Enterprise,Australia,1,25807.78,1,25807.78,1,25807.78,1,25807.78,0,0.0,100.0,100.0
2025-11-01,SUP-015,Supplier 015,Mexico,LATAM,PLT-05,Monterrey Plant,Mexico,LATAM,SMB,UK,1,6971.6,1,6971.6,1,6971.6,0,0.0,0,0.0,100.0,100.0
2025-11-01,SUP-015,Supplier 015,Mexico,LATAM,PLT-05,Monterrey Plant,Mexico,LATAM,Enterprise,Germany,1,47136.96,1,47136.96,1,47136.96,1,47136.96,0,0.0,100.0,100.0
2025-11-01,SUP-015,Supplier 015,Mexico,LATAM,PLT-09,Hanoi Assembly,Vietnam,APAC,Enterprise,USA,1,5381.28,1,5381.28,1,5381.28,0,0.0,0,0.0,100.0,100.0
2025-11-01,SUP-015,Supplier 015,Mexico,LATAM,PLT-08,Taipei Micro,Taiwan,APAC,Enterprise,UK,1,10154.28,1,10154.28,1,10154.28,0,0.0,0,0.0,100.0,100.0
2025-11-01,SUP-016,Supplier 016,Brazil,LATAM,PLT-01,Munich Center,Germany,EMEA,SMB,Australia,1,22370.58,1,22370.58,0,0.0,0,0.0,1,22370.58,100.0,100.0
2025-11-01,SUP-016,Supplier 016,Brazil,LATAM,PLT-05,Monterrey Plant,Mexico,LATAM,Enterprise,Germany,1,965.76,1,965.76,1,965.76,0,0.0,0,0.0,100.0,100.0
2025-11-01,SUP-016,Supplier 016,Brazil,LATAM,PLT-08,Taipei Micro,Taiwan,APAC,Government,USA,1,62067.5,1,62067.5,1,62067.5,1,62067.5,0,0.0,100.0,100.0
2025-11-01,SUP-016,Supplier 016,Brazil,LATAM,PLT-07,Seoul Tech,South Korea,APAC,SMB,France,1,9638.7,1,9638.7,1,9638.7,1,9638.7,0,0.0,100.0,100.0
2025-11-01,SUP-016,Supplier 016,Brazil,LATAM,PLT-03,Tokyo Precision,Japan,APAC,SMB,Germany,1,4366.34,1,4366.34,1,4366.34,1,4366.34,0,0.0,100.0,100.0
2025-11-01,SUP-016,Supplier 016,Brazil,LATAM,PLT-07,Seoul Tech,South Korea,APAC,Government,USA,1,20513.48,0,0.0,0,0.0,0,0.0,0,0.0,0.0,0.0
2025-11-01,SUP-016,Supplier 016,Brazil,LATAM,PLT-02,Detroit Works,USA,NA,Enterprise,Germany,1,5852.88,1,5852.88,1,5852.88,0,0.0,0,0.0,100.0,100.0
2025-11-01,SUP-016,Supplier 016,Brazil,LATAM,PLT-07,Seoul Tech,South Korea,APAC,Enterprise,Japan,1,8131.97,0,0.0,0,0.0,0,0.0,0,0.0,0.0,0.0
2025-11-01,SUP-016,Supplier 016,Brazil,LATAM,PLT-09,Hanoi Assembly,Vietnam,APAC,Government,France,1,3165.0,1,3165.0,1,3165.0,0,0.0,0,0.0,100.0,100.0
2025-11-01,SUP-016,Supplier 016,Brazil,LATAM,PLT-01,Munich Center,Germany,EMEA,SMB,Singapore,1,467.72,1,467.72,1,467.72,0,0.0,0,0.0,100.0,100.0
2025-11-01,SUP-016,Supplier 016,Brazil,LATAM,PLT-07,Seoul Tech,South Korea,APAC,SMB,USA,1,39969.0,1,39969.0,1,39969.0,0,0.0,0,0.0,100.0,100.0
2025-11-01,SUP-017,Supplier 017,South Korea,APAC,PLT-03,Tokyo Precision,Japan,APAC,SMB,France,1,2009.98,0,0.0,0,0.0,0,0.0,0,0.0,0.0,0.0
2025-11-01,SUP-017,Supplier 017,South Korea,APAC,PLT-08,Taipei Micro,Taiwan,APAC,Enterprise,Singapore,1,20765.52,1,20765.52,1,20765.52,0,0.0,0,0.0,100.0,100.0
2025-11-01,SUP-017,Supplier 017,South Korea,APAC,PLT-09,Hanoi Assembly,Vietnam,APAC,Enterprise,Singapore,1,67281.32,1,67281.32,1,67281.32,0,0.0,0,0.0,100.0,100.0
2025-11-01,SUP-017,Supplier 017,South Korea,APAC,PLT-05,Monterrey Plant,Mexico,LATAM,SMB,Australia,1,9974.88,0,0.0,0,0.0,0,0.0,0,0.0,0.0,0.0
2025-11-01,SUP-017,Supplier 017,South Korea,APAC,PLT-08,Taipei Micro,Taiwan,APAC,SMB,Singapore,1,35408.82,0,0.0,0,0.0,0,0.0,0,0.0,0.0,0.0
2025-11-01,SUP-017,Supplier 017,South Korea,APAC,PLT-01,Munich Center,Germany,EMEA,Enterprise,Germany,1,10710.5,1,10710.5,0,0.0,1,10710.5,0,0.0,100.0,100.0
2025-11-01,SUP-017,Supplier 017,South Korea,APAC,PLT-08,Taipei Micro,Taiwan,APAC,Enterprise,France,1,8672.4,1,8672.4,0,0.0,0,0.0,1,8672.4,100.0,100.0
2025-11-01,SUP-017,Supplier 017,South Korea,APAC,PLT-08,Taipei Micro,Taiwan,APAC,SMB,France,1,20509.11,0,0.0,0,0.0,0,0.0,0,0.0,0.0,0.0
2025-11-01,SUP-017,Supplier 017,South Korea,APAC,PLT-04,Chennai Forge,India,APAC,SMB,Australia,1,6118.08,1,6118.08,1,6118.08,0,0.0,0,0.0,100.0,100.0
2025-11-01,SUP-017,Supplier 017,South Korea,APAC,PLT-05,Monterrey Plant,Mexico,LATAM,SMB,Singapore,1,1661.88,1,1661.88,1,1661.88,0,0.0,0,0.0,100.0,100.0
2025-11-01,SUP-018,Supplier 018,Taiwan,APAC,PLT-04,Chennai Forge,India,APAC,SMB,Canada,1,9309.58,1,9309.58,1,9309.58,0,0.0,0,0.0,100.0,100.0
2025-11-01,SUP-018,Supplier 018,Taiwan,APAC,PLT-00,Shanghai Hub,China,APAC,Enterprise,Singapore,1,10459.26,0,0.0,0,0.0,0,0.0,0,0.0,0.0,0.0
2025-11-01,SUP-018,Supplier 018,Taiwan,APAC,PLT-08,Taipei Micro,Taiwan,APAC,Enterprise,Germany,1,8551.62,1,8551.62,1,8551.62,0,0.0,0,0.0,100.0,100.0
2025-11-01,SUP-018,Supplier 018,Taiwan,APAC,PLT-00,Shanghai Hub,China,APAC,SMB,Singapore,1,23986.46,1,23986.46,1,23986.46,1,23986.46,0,0.0,100.0,100.0
2025-11-01,SUP-018,Supplier 018,Taiwan,APAC,PLT-09,Hanoi Assembly,Vietnam,APAC,SMB,Singapore,1,56048.64,1,56048.64,1,56048.64,1,56048.64,0,0.0,100.0,100.0
2025-11-01,SUP-018,Supplier 018,Taiwan,APAC,PLT-07,Seoul Tech,South Korea,APAC,Enterprise,Canada,1,50054.16,1,50054.16,1,50054.16,0,0.0,0,0.0,100.0,100.0
2025-11-01,SUP-018,Supplier 018,Taiwan,APAC,PLT-05,Monterrey Plant,Mexico,LATAM,Government,Canada,1,12906.0,1,12906.0,1,12906.0,0,0.0,0,0.0,100.0,100.0
2025-11-01,SUP-018,Supplier 018,Taiwan,APAC,PLT-08,Taipei Micro,Taiwan,APAC,SMB,Germany,1,67738.68,0,0.0,0,0.0,0,0.0,0,0.0,0.0,0.0
2025-11-01,SUP-019,Supplier 019,Vietnam,APAC,PLT-01,Munich Center,Germany,EMEA,Enterprise,USA,1,6592.33,1,6592.33,1,6592.33,1,6592.33,0,0.0,100.0,100.0
2025-11-01,SUP-019,Supplier 019,Vietnam,APAC,PLT-03,Tokyo Precision,Japan,APAC,SMB,Singapore,1,27708.3,1,27708.3,1,27708.3,0,0.0,0,0.0,100.0,100.0
2025-11-01,SUP-019,Supplier 019,Vietnam,APAC,PLT-00,Shanghai Hub,China,APAC,Enterprise,Germany,1,22530.6,1,22530.6,1,22530.6,0,0.0,0,0.0,100.0,100.0
2025-11-01,SUP-019,Supplier 019,Vietnam,APAC,PLT-02,Detroit Works,USA,NA,SMB,UK,1,11786.27,1,11786.27,1,11786.27,0,0.0,0,0.0,100.0,100.0
2025-11-01,SUP-019,Supplier 019,Vietnam,APAC,PLT-06,Sao Paulo Ops,Brazil,LATAM,SMB,Germany,1,51242.4,1,51242.4,1,51242.4,0,0.0,0,0.0,100.0,100.0
2025-11-01,SUP-020,Supplier 020,China,APAC,PLT-06,Sao Paulo Ops,Brazil,LATAM,Government,Canada,1,72198.58,1,72198.58,1,72198.58,0,0.0,0,0.0,100.0,100.0
2025-11-01,SUP-020,Supplier 020,China,APAC,PLT-08,Taipei Micro,Taiwan,APAC,Enterprise,Canada,1,33374.64,1,33374.64,1,33374.64,0,0.0,0,0.0,100.0,100.0
2025-11-01,SUP-020,Supplier 020,China,APAC,PLT-09,Hanoi Assembly,Vietnam,APAC,SMB,Germany,1,53633.72,1,53633.72,0,0.0,1,53633.72,0,0.0,100.0,100.0
2025-11-01,SUP-020,Supplier 020,China,APAC,PLT-03,Tokyo Precision,Japan,APAC,SMB,Canada,1,43650.64,1,43650.64,1,43650.64,0,0.0,0,0.0,100.0,100.0
2025-11-01,SUP-020,Supplier 020,China,APAC,PLT-09,Hanoi Assembly,Vietnam,APAC,Enterprise,Japan,1,1307.8,1,1307.8,1,1307.8,1,1307.8,0,0.0,100.0,100.0
2025-11-01,SUP-020,Supplier 020,China,APAC,PLT-08,Taipei Micro,Taiwan,APAC,Enterprise,Japan,1,11269.44,1,11269.44,1,11269.44,0,0.0,0,0.0,100.0,100.0
2025-11-01,SUP-020,Supplier 020,China,APAC,PLT-05,Monterrey Plant,Mexico,LATAM,Government,UK,1,15587.52,0,0.0,0,0.0,0,0.0,0,0.0,0.0,0.0
2025-11-01,SUP-020,Supplier 020,China,APAC,PLT-05,Monterrey Plant,Mexico,LATAM,Enterprise,Australia,1,14701.0,0,0.0,0,0.0,0,0.0,0,0.0,0.0,0.0
2025-11-01,SUP-020,Supplier 020,China,APAC,PLT-01,Munich Center,Germany,EMEA,SMB,USA,1,11739.35,1,11739.35,1,11739.35,1,11739.35,0,0.0,100.0,100.0
2025-11-01,SUP-020,Supplier 020,China,APAC,PLT-03,Tokyo Precision,Japan,APAC,SMB,Singapore,1,1921.6,1,1921.6,1,1921.6,0,0.0,0,0.0,100.0,100.0
2025-11-01,SUP-021,Supplier 021,Germany,EMEA,PLT-04,Chennai Forge,India,APAC,Government,USA,1,7181.06,1,7181.06,1,7181.06,1,7181.06,0,0.0,100.0,100.0
2025-11-01,SUP-021,Supplier 021,Germany,EMEA,PLT-05,Monterrey Plant,Mexico,LATAM,Enterprise,Germany,1,5242.16,1,5242.16,0,0.0,0,0.0,1,5242.16,100.0,100.0
2025-11-01,SUP-021,Supplier 021,Germany,EMEA,PLT-01,Munich Center,Germany,EMEA,Enterprise,Australia,1,1953.45,1,1953.45,1,1953.45,0,0.0,0,0.0,100.0,100.0
2025-11-01,SUP-021,Supplier 021,Germany,EMEA,PLT-07,Seoul Tech,South Korea,APAC,SMB,Japan,1,32812.92,0,0.0,0,0.0,0,0.0,0,0.0,0.0,0.0
2025-11-01,SUP-021,Supplier 021,Germany,EMEA,PLT-07,Seoul Tech,South Korea,APAC,Government,Canada,1,4066.6,1,4066.6,1,4066.6,1,4066.6,0,0.0,100.0,100.0
2025-11-01,SUP-021,Supplier 021,Germany,EMEA,PLT-02,Detroit Works,USA,NA,Enterprise,Japan,1,45585.6,1,45585.6,0,0.0,1,45585.6,0,0.0,100.0,100.0
2025-11-01,SUP-021,Supplier 021,Germany,EMEA,PLT-03,Tokyo Precision,Japan,APAC,SMB,Singapore,1,13308.16,1,13308.16,1,13308.16,0,0.0,0,0.0,100.0,100.0
2025-11-01,SUP-021,Supplier 021,Germany,EMEA,PLT-01,Munich Center,Germany,EMEA,SMB,UK,2,17911.8,2,17911.8,1,13688.4,1,13688.4,1,4223.4,100.0,100.0
2025-11-01,SUP-021,Supplier 021,Germany,EMEA,PLT-07,Seoul Tech,South Korea,APAC,Government,Germany,1,1257.5,1,1257.5,1,1257.5,0,0.0,0,0.0,100.0,100.0
2025-11-01,SUP-022,Supplier 022,USA,NA,PLT-03,Tokyo Precision,Japan,APAC,SMB,Australia,1,3296.37,1,3296.37,0,0.0,0,0.0,1,3296.37,100.0,100.0
2025-11-01,SUP-022,Supplier 022,USA,NA,PLT-05,Monterrey Plant,Mexico,LATAM,Government,USA,1,25596.85,1,25596.85,1,25596.85,0,0.0,0,0.0,100.0,100.0
2025-11-01,SUP-022,Supplier 022,USA,NA,PLT-08,Taipei Micro,Taiwan,APAC,SMB,Singapore,1,33985.92,1,33985.92,1,33985.92,0,0.0,0,0.0,100.0,100.0
2025-11-01,SUP-022,Supplier 022,USA,NA,PLT-04,Chennai Forge,India,APAC,Enterprise,USA,1,18835.62,1,18835.62,1,18835.62,0,0.0,0,0.0,100.0,100.0
2025-11-01,SUP-022,Supplier 022,USA,NA,PLT-09,Hanoi Assembly,Vietnam,APAC,SMB,Australia,1,5263.68,1,5263.68,0,0.0,0,0.0,1,5263.68,100.0,100.0
2025-11-01,SUP-022,Supplier 022,USA,NA,PLT-07,Seoul Tech,South Korea,APAC,SMB,USA,1,16624.04,1,16624.04,1,16624.04,0,0.0,0,0.0,100.0,100.0
2025-11-01,SUP-022,Supplier 022,USA,NA,PLT-05,Monterrey Plant,Mexico,LATAM,Enterprise,UK,1,10953.46,1,10953.46,0,0.0,0,0.0,1,10953.46,100.0,100.0
2025-11-01,SUP-023,Supplier 023,Japan,APAC,PLT-05,Monterrey Plant,Mexico,LATAM,SMB,Canada,1,48338.64,0,0.0,0,0.0,0,0.0,0,0.0,0.0,0.0
2025-11-01,SUP-023,Supplier 023,Japan,APAC,PLT-06,Sao Paulo Ops,Brazil,LATAM,Enterprise,Germany,1,68930.88,0,0.0,0,0.0,0,0.0,0,0.0,0.0,0.0
2025-11-01,SUP-023,Supplier 023,Japan,APAC,PLT-01,Munich Center,Germany,EMEA,Enterprise,Canada,1,13691.04,1,13691.04,0,0.0,1,13691.04,0,0.0,100.0,100.0
2025-11-01,SUP-023,Supplier 023,Japan,APAC,PLT-05,Monterrey Plant,Mexico,LATAM,Government,Singapore,1,10075.52,0,0.0,0,0.0,0,0.0,0,0.0,0.0,0.0
2025-11-01,SUP-023,Supplier 023,Japan,APAC,PLT-07,Seoul Tech,South Korea,APAC,SMB,Canada,1,2234.85,1,2234.85,1,2234.85,0,0.0,0,0.0,100.0,100.0
2025-11-01,SUP-023,Supplier 023,Japan,APAC,PLT-08,Taipei Micro,Taiwan,APAC,SMB,Australia,1,5619.46,1,5619.46,1,5619.46,0,0.0,0,0.0,100.0,100.0
2025-11-01,SUP-023,Supplier 023,Japan,APAC,PLT-00,Shanghai Hub,China,APAC,SMB,France,1,20694.07,1,20694.07,1,20694.07,1,20694.07,0,0.0,100.0,100.0
2025-11-01,SUP-024,Supplier 024,India,APAC,PLT-00,Shanghai Hub,China,APAC,SMB,USA,1,12816.72,1,12816.72,1,12816.72,0,0.0,0,0.0,100.0,100.0
2025-11-01,SUP-024,Supplier 024,India,APAC,PLT-08,Taipei Micro,Taiwan,APAC,Enterprise,Canada,1,9943.84,1,9943.84,1,9943.84,0,0.0,0,0.0,100.0,100.0
2025-11-01,SUP-024,Supplier 024,India,APAC,PLT-01,Munich Center,Germany,EMEA,Enterprise,Japan,1,57310.04,1,57310.04,1,57310.04,0,0.0,0,0.0,100.0,100.0
2025-11-01,SUP-024,Supplier 024,India,APAC,PLT-07,Seoul Tech,South Korea,APAC,SMB,Singapore,1,62831.0,1,62831.0,1,62831.0,1,62831.0,0,0.0,100.0,100.0
2025-11-01,SUP-024,Supplier 024,India,APAC,PLT-08,Taipei Micro,Taiwan,APAC,SMB,France,1,41029.44,1,41029.44,1,41029.44,0,0.0,0,0.0,100.0,100.0
2025-11-01,SUP-024,Supplier 024,India,APAC,PLT-02,Detroit Works,USA,NA,SMB,Australia,1,4614.35,1,4614.35,1,4614.35,0,0.0,0,0.0,100.0,100.0
2025-11-01,SUP-024,Supplier 024,India,APAC,PLT-06,Sao Paulo Ops,Brazil,LATAM,Government,France,1,209.02,1,209.02,1,209.02,0,0.0,0,0.0,100.0,100.0
2025-11-01,SUP-024,Supplier 024,India,APAC,PLT-02,Detroit Works,USA,NA,Enterprise,France,1,493.35,0,0.0,0,0.0,0,0.0,0,0.0,0.0,0.0
2025-11-01,SUP-025,Supplier 025,Mexico,LATAM,PLT-09,Hanoi Assembly,Vietnam,APAC,SMB,USA,1,19023.29,1,19023.29,1,19023.29,0,0.0,0,0.0,100.0,100.0
2025-11-01,SUP-025,Supplier 025,Mexico,LATAM,PLT-08,Taipei Micro,Taiwan,APAC,Enterprise,France,1,11638.5,1,11638.5,0,0.0,1,11638.5,0,0.0,100.0,100.0
2025-11-01,SUP-025,Supplier 025,Mexico,LATAM,PLT-06,Sao Paulo Ops,Brazil,LATAM,SMB,Singapore,1,8288.32,1,8288.32,1,8288.32,1,8288.32,0,0.0,100.0,100.0
2025-11-01,SUP-025,Supplier 025,Mexico,LATAM,PLT-08,Taipei Micro,Taiwan,APAC,SMB,Australia,1,1350.9,0,0.0,0,0.0,0,0.0,0,0.0,0.0,0.0
2025-11-01,SUP-025,Supplier 025,Mexico,LATAM,PLT-02,Detroit Works,USA,NA,Enterprise,USA,2,49866.9,1,38610.27,0,0.0,0,0.0,1,38610.27,50.0,77.43
2025-11-01,SUP-025,Supplier 025,Mexico,LATAM,PLT-00,Shanghai Hub,China,APAC,SMB,France,1,10498.67,1,10498.67,1,10498.67,1,10498.67,0,0.0,100.0,100.0
2025-11-01,SUP-025,Supplier 025,Mexico,LATAM,PLT-04,Chennai Forge,India,APAC,Government,Canada,1,3019.44,1,3019.44,1,3019.44,1,3019.44,0,0.0,100.0,100.0
2025-11-01,SUP-026,Supplier 026,Brazil,LATAM,PLT-08,Taipei Micro,Taiwan,APAC,SMB,Singapore,1,1606.8,1,1606.8,1,1606.8,1,1606.8,0,0.0,100.0,100.0
2025-11-01,SUP-026,Supplier 026,Brazil,LATAM,PLT-09,Hanoi Assembly,Vietnam,APAC,Government,UK,1,2480.61,1,2480.61,1,2480.61,0,0.0,0,0.0,100.0,100.0
2025-11-01,SUP-026,Supplier 026,Brazil,LATAM,PLT-05,Monterrey Plant,Mexico,LATAM,Government,UK,1,17851.02,1,17851.02,1,17851.02,1,17851.02,0,0.0,100.0,100.0
2025-11-01,SUP-026,Supplier 026,Brazil,LATAM,PLT-02,Detroit Works,USA,NA,SMB,UK,1,37968.08,0,0.0,0,0.0,0,0.0,0,0.0,0.0,0.0
2025-11-01,SUP-026,Supplier 026,Brazil,LATAM,PLT-07,Seoul Tech,South Korea,APAC,Enterprise,USA,1,25593.6,1,25593.6,1,25593.6,1,25593.6,0,0.0,100.0,100.0
2025-11-01,SUP-027,Supplier 027,South Korea,APAC,PLT-06,Sao Paulo Ops,Brazil,LATAM,SMB,Singapore,1,457.03,0,0.0,0,0.0,0,0.0,0,0.0,0.0,0.0
2025-11-01,SUP-027,Supplier 027,South Korea,APAC,PLT-08,Taipei Micro,Taiwan,APAC,SMB,Germany,1,22010.94,1,22010.94,1,22010.94,0,0.0,0,0.0,100.0,100.0
2025-11-01,SUP-027,Supplier 027,South Korea,APAC,PLT-01,Munich Center,Germany,EMEA,SMB,Singapore,1,4735.36,1,4735.36,1,4735.36,0,0.0,0,0.0,100.0,100.0
2025-11-01,SUP-027,Supplier 027,South Korea,APAC,PLT-08,Taipei Micro,Taiwan,APAC,Enterprise,USA,1,6023.25,1,6023.25,1,6023.25,0,0.0,0,0.0,100.0,100.0
2025-11-01,SUP-027,Supplier 027,South Korea,APAC,PLT-00,Shanghai Hub,China,APAC,Enterprise,UK,1,31618.4,1,31618.4,1,31618.4,0,0.0,0,0.0,100.0,100.0
2025-11-01,SUP-027,Supplier 027,South Korea,APAC,PLT-00,Shanghai Hub,China,APAC,Government,Germany,1,5772.01,1,5772.01,1,5772.01,1,5772.01,0,0.0,100.0,100.0
2025-11-01,SUP-028,Supplier 028,Taiwan,APAC,PLT-04,Chennai Forge,India,APAC,SMB,Singapore,2,35156.44,2,35156.44,1,3785.32,0,0.0,1,31371.12,100.0,100.0
2025-11-01,SUP-028,Supplier 028,Taiwan,APAC,PLT-08,Taipei Micro,Taiwan,APAC,Enterprise,Singapore,1,3102.48,1,3102.48,1,3102.48,0,0.0,0,0.0,100.0,100.0
2025-11-01,SUP-028,Supplier 028,Taiwan,APAC,PLT-07,Seoul Tech,South Korea,APAC,SMB,Singapore,1,976.81,0,0.0,0,0.0,0,0.0,0,0.0,0.0,0.0
2025-11-01,SUP-028,Supplier 028,Taiwan,APAC,PLT-02,Detroit Works,USA,NA,SMB,Germany,1,8325.6,0,0.0,0,0.0,0,0.0,0,0.0,0.0,0.0
2025-11-01,SUP-028,Supplier 028,Taiwan,APAC,PLT-08,Taipei Micro,Taiwan,APAC,Enterprise,UK,1,55186.83,1,55186.83,1,55186.83,0,0.0,0,0.0,100.0,100.0
2025-11-01,SUP-028,Supplier 028,Taiwan,APAC,PLT-06,Sao Paulo Ops,Brazil,LATAM,SMB,Canada,1,11961.95,1,11961.95,1,11961.95,0,0.0,0,0.0,100.0,100.0
2025-11-01,SUP-028,Supplier 028,Taiwan,APAC,PLT-00,Shanghai Hub,China,APAC,Government,Australia,1,4077.24,1,4077.24,1,4077.24,1,4077.24,0,0.0,100.0,100.0
2025-11-01,SUP-029,Supplier 029,Vietnam,APAC,PLT-09,Hanoi Assembly,Vietnam,APAC,SMB,Singapore,1,16514.55,1,16514.55,1,16514.55,0,0.0,0,0.0,100.0,100.0
2025-11-01,SUP-029,Supplier 029,Vietnam,APAC,PLT-03,Tokyo Precision,Japan,APAC,SMB,Singapore,1,4103.1,1,4103.1,0,0.0,0,0.0,1,4103.1,100.0,100.0
2025-11-01,SUP-029,Supplier 029,Vietnam,APAC,PLT-04,Chennai Forge,India,APAC,SMB,Singapore,1,22103.04,1,22103.04,0,0.0,0,0.0,1,22103.04,100.0,100.0
2025-11-01,SUP-029,Supplier 029,Vietnam,APAC,PLT-04,Chennai Forge,India,APAC,Government,UK,1,52184.91,1,52184.91,0,0.0,1,52184.91,0,0.0,100.0,100.0
2025-11-01,SUP-029,Supplier 029,Vietnam,APAC,PLT-02,Detroit Works,USA,NA,SMB,Australia,1,118846.35,1,118846.35,0,0.0,1,118846.35,0,0.0,100.0,100.0
2025-11-01,SUP-029,Supplier 029,Vietnam,APAC,PLT-06,Sao Paulo Ops,Brazil,LATAM,SMB,UK,1,21730.56,0,0.0,0,0.0,0,0.0,0,0.0,0.0,0.0
2025-11-01,SUP-029,Supplier 029,Vietnam,APAC,PLT-09,Hanoi Assembly,Vietnam,APAC,Enterprise,USA,1,6081.84,1,6081.84,1,6081.84,0,0.0,0,0.0,100.0,100.0
2025-11-01,SUP-029,Supplier 029,Vietnam,APAC,PLT-00,Shanghai Hub,China,APAC,SMB,UK,1,3798.67,0,0.0,0,0.0,0,0.0,0,0.0,0.0,0.0
2025-11-01,SUP-029,Supplier 029,Vietnam,APAC,PLT-05,Monterrey Plant,Mexico,LATAM,SMB,France,1,5278.9,1,5278.9,1,5278.9,0,0.0,0,0.0,100.0,100.0
2025-11-01,SUP-029,Supplier 029,Vietnam,APAC,PLT-00,Shanghai Hub,China,APAC,Enterprise,Japan,1,41366.31,1,41366.31,1,41366.31,0,0.0,0,0.0,100.0,100.0
2025-11-01,SUP-029,Supplier 029,Vietnam,APAC,PLT-02,Detroit Works,USA,NA,Enterprise,Canada,1,62816.85,1,62816.85,0,0.0,1,62816.85,0,0.0,100.0,100.0
2025-11-01,SUP-030,Supplier 030,China,APAC,PLT-00,Shanghai Hub,China,APAC,Government,Germany,1,31093.92,1,31093.92,0,0.0,1,31093.92,0,0.0,100.0,100.0
2025-11-01,SUP-030,Supplier 030,China,APAC,PLT-04,Chennai Forge,India,APAC,SMB,Germany,1,5962.22,1,5962.22,1,5962.22,0,0.0,0,0.0,100.0,100.0
2025-11-01,SUP-030,Supplier 030,China,APAC,PLT-08,Taipei Micro,Taiwan,APAC,SMB,Singapore,1,22215.29,0,0.0,0,0.0,0,0.0,0,0.0,0.0,0.0
2025-11-01,SUP-030,Supplier 030,China,APAC,PLT-05,Monterrey Plant,Mexico,LATAM,SMB,Australia,1,24201.45,1,24201.45,1,24201.45,0,0.0,0,0.0,100.0,100.0
2025-11-01,SUP-030,Supplier 030,China,APAC,PLT-08,Taipei Micro,Taiwan,APAC,SMB,Japan,1,18055.04,0,0.0,0,0.0,0,0.0,0,0.0,0.0,0.0
2025-11-01,SUP-030,Supplier 030,China,APAC,PLT-03,Tokyo Precision,Japan,APAC,Enterprise,Germany,1,10121.58,1,10121.58,1,10121.58,0,0.0,0,0.0,100.0,100.0
2025-11-01,SUP-030,Supplier 030,China,APAC,PLT-07,Seoul Tech,South Korea,APAC,SMB,UK,1,88711.95,1,88711.95,1,88711.95,0,0.0,0,0.0,100.0,100.0
2025-11-01,SUP-030,Supplier 030,China,APAC,PLT-06,Sao Paulo Ops,Brazil,LATAM,SMB,France,1,3936.0,1,3936.0,1,3936.0,1,3936.0,0,0.0,100.0,100.0
2025-11-01,SUP-031,Supplier 031,Germany,EMEA,PLT-04,Chennai Forge,India,APAC,SMB,Japan,1,11160.24,0,0.0,0,0.0,0,0.0,0,0.0,0.0,0.0
2025-11-01,SUP-031,Supplier 031,Germany,EMEA,PLT-01,Munich Center,Germany,EMEA,SMB,USA,1,56703.69,0,0.0,0,0.0,0,0.0,0,0.0,0.0,0.0
2025-11-01,SUP-031,Supplier 031,Germany,EMEA,PLT-08,Taipei Micro,Taiwan,APAC,SMB,Canada,1,7216.64,1,7216.64,1,7216.64,0,0.0,0,0.0,100.0,100.0
2025-11-01,SUP-031,Supplier 031,Germany,EMEA,PLT-01,Munich Center,Germany,EMEA,SMB,Singapore,1,4426.2,0,0.0,0,0.0,0,0.0,0,0.0,0.0,0.0
2025-11-01,SUP-031,Supplier 031,Germany,EMEA,PLT-03,Tokyo Precision,Japan,APAC,Enterprise,USA,1,5455.6,1,5455.6,1,5455.6,0,0.0,0,0.0,100.0,100.0
2025-11-01,SUP-031,Supplier 031,Germany,EMEA,PLT-04,Chennai Forge,India,APAC,Government,USA,1,663.28,1,663.28,1,663.28,1,663.28,0,0.0,100.0,100.0
2025-11-01,SUP-031,Supplier 031,Germany,EMEA,PLT-00,Shanghai Hub,China,APAC,SMB,Singapore,1,81002.88,1,81002.88,0,0.0,0,0.0,1,81002.88,100.0,100.0
2025-11-01,SUP-031,Supplier 031,Germany,EMEA,PLT-02,Detroit Works,USA,NA,SMB,Canada,1,16866.87,1,16866.87,0,0.0,1,16866.87,0,0.0,100.0,100.0
2025-11-01,SUP-031,Supplier 031,Germany,EMEA,PLT-01,Munich Center,Germany,EMEA,Government,Canada,1,5704.2,1,5704.2,0,0.0,0,0.0,1,5704.2,100.0,100.0
2025-11-01,SUP-031,Supplier 031,Germany,EMEA,PLT-02,Detroit Works,USA,NA,SMB,Singapore,1,9512.58,0,0.0,0,0.0,0,0.0,0,0.0,0.0,0.0
2025-11-01,SUP-031,Supplier 031,Germany,EMEA,PLT-00,Shanghai Hub,China,APAC,Enterprise,Canada,1,56807.34,1,56807.34,1,56807.34,0,0.0,0,0.0,100.0,100.0
2025-11-01,SUP-031,Supplier 031,Germany,EMEA,PLT-09,Hanoi Assembly,Vietnam,APAC,SMB,Australia,1,7776.96,1,7776.96,1,7776.96,1,7776.96,0,0.0,100.0,100.0
2025-11-01,SUP-031,Supplier 031,Germany,EMEA,PLT-05,Monterrey Plant,Mexico,LATAM,Government,Singapore,1,18007.5,1,18007.5,1,18007.5,1,18007.5,0,0.0,100.0,100.0
2025-11-01,SUP-032,Supplier 032,USA,NA,PLT-07,Seoul Tech,South Korea,APAC,Government,USA,1,4954.8,1,4954.8,1,4954.8,0,0.0,0,0.0,100.0,100.0
2025-11-01,SUP-032,Supplier 032,USA,NA,PLT-00,Shanghai Hub,China,APAC,Enterprise,USA,1,15770.51,1,15770.51,1,15770.51,0,0.0,0,0.0,100.0,100.0
2025-11-01,SUP-032,Supplier 032,USA,NA,PLT-06,Sao Paulo Ops,Brazil,LATAM,Enterprise,Germany,1,11658.96,1,11658.96,1,11658.96,0,0.0,0,0.0,100.0,100.0
2025-11-01,SUP-032,Supplier 032,USA,NA,PLT-07,Seoul Tech,South Korea,APAC,Government,France,1,5950.32,1,5950.32,1,5950.32,1,5950.32,0,0.0,100.0,100.0
2025-11-01,SUP-032,Supplier 032,USA,NA,PLT-02,Detroit Works,USA,NA,Government,Japan,1,3064.8,1,3064.8,1,3064.8,0,0.0,0,0.0,100.0,100.0
2025-11-01,SUP-032,Supplier 032,USA,NA,PLT-02,Detroit Works,USA,NA,SMB,Germany,1,84719.83,1,84719.83,0,0.0,1,84719.83,0,0.0,100.0,100.0
2025-11-01,SUP-032,Supplier 032,USA,NA,PLT-02,Detroit Works,USA,NA,SMB,Singapore,1,34067.52,1,34067.52,1,34067.52,0,0.0,0,0.0,100.0,100.0
2025-11-01,SUP-032,Supplier 032,USA,NA,PLT-02,Detroit Works,USA,NA,Enterprise,Canada,1,9121.95,1,9121.95,1,9121.95,0,0.0,0,0.0,100.0,100.0
2025-11-01,SUP-032,Supplier 032,USA,NA,PLT-04,Chennai Forge,India,APAC,Enterprise,Canada,1,12426.75,1,12426.75,1,12426.75,0,0.0,0,0.0,100.0,100.0
2025-11-01,SUP-032,Supplier 032,USA,NA,PLT-00,Shanghai Hub,China,APAC,Government,Japan,1,11339.19,1,11339.19,1,11339.19,0,0.0,0,0.0,100.0,100.0
2025-11-01,SUP-032,Supplier 032,USA,NA,PLT-04,Chennai Forge,India,APAC,SMB,UK,1,28985.52,1,28985.52,1,28985.52,0,0.0,0,0.0,100.0,100.0
2025-11-01,SUP-032,Supplier 032,USA,NA,PLT-05,Monterrey Plant,Mexico,LATAM,SMB,Japan,1,965.7,1,965.7,1,965.7,0,0.0,0,0.0,100.0,100.0
2025-11-01,SUP-033,Supplier 033,Japan,APAC,PLT-07,Seoul Tech,South Korea,APAC,Enterprise,USA,1,4574.5,1,4574.5,1,4574.5,0,0.0,0,0.0,100.0,100.0
2025-11-01,SUP-033,Supplier 033,Japan,APAC,PLT-06,Sao Paulo Ops,Brazil,LATAM,Enterprise,USA,1,57880.8,1,57880.8,1,57880.8,1,57880.8,0,0.0,100.0,100.0
2025-11-01,SUP-033,Supplier 033,Japan,APAC,PLT-00,Shanghai Hub,China,APAC,SMB,Australia,1,1573.05,1,1573.05,1,1573.05,0,0.0,0,0.0,100.0,100.0
2025-11-01,SUP-033,Supplier 033,Japan,APAC,PLT-09,Hanoi Assembly,Vietnam,APAC,SMB,UK,1,5883.54,0,0.0,0,0.0,0,0.0,0,0.0,0.0,0.0
2025-11-01,SUP-033,Supplier 033,Japan,APAC,PLT-00,Shanghai Hub,China,APAC,Government,Singapore,1,9939.51,1,9939.51,1,9939.51,0,0.0,0,0.0,100.0,100.0
2025-11-01,SUP-033,Supplier 033,Japan,APAC,PLT-00,Shanghai Hub,China,APAC,Government,USA,1,26580.8,1,26580.8,1,26580.8,1,26580.8,0,0.0,100.0,100.0
2025-11-01,SUP-033,Supplier 033,Japan,APAC,PLT-05,Monterrey Plant,Mexico,LATAM,Enterprise,Singapore,1,22375.84,1,22375.84,1,22375.84,0,0.0,0,0.0,100.0,100.0
2025-11-01,SUP-033,Supplier 033,Japan,APAC,PLT-08,Taipei Micro,Taiwan,APAC,Enterprise,Canada,1,8569.26,1,8569.26,1,8569.26,0,0.0,0,0.0,100.0,100.0
2025-11-01,SUP-033,Supplier 033,Japan,APAC,PLT-07,Seoul Tech,South Korea,APAC,Enterprise,UK,1,2566.56,1,2566.56,1,2566.56,0,0.0,0,0.0,100.0,100.0
2025-11-01,SUP-033,Supplier 033,Japan,APAC,PLT-04,Chennai Forge,India,APAC,SMB,Singapore,1,36266.55,1,36266.55,1,36266.55,0,0.0,0,0.0,100.0,100.0
2025-11-01,SUP-034,Supplier 034,India,APAC,PLT-06,Sao Paulo Ops,Brazil,LATAM,Government,France,2,1190.0,1,633.6,1,633.6,0,0.0,0,0.0,50.0,53.24
2025-11-01,SUP-034,Supplier 034,India,APAC,PLT-01,Munich Center,Germany,EMEA,SMB,France,1,34233.12,0,0.0,0,0.0,0,0.0,0,0.0,0.0,0.0
2025-11-01,SUP-034,Supplier 034,India,APAC,PLT-03,Tokyo Precision,Japan,APAC,Government,USA,1,2517.45,1,2517.45,1,2517.45,0,0.0,0,0.0,100.0,100.0
2025-11-01,SUP-034,Supplier 034,India,APAC,PLT-02,Detroit Works,USA,NA,SMB,UK,1,18157.32,1,18157.32,1,18157.32,0,0.0,0,0.0,100.0,100.0
2025-11-01,SUP-034,Supplier 034,India,APAC,PLT-00,Shanghai Hub,China,APAC,Enterprise,Germany,1,6410.88,1,6410.88,1,6410.88,1,6410.88,0,0.0,100.0,100.0
2025-11-01,SUP-034,Supplier 034,India,APAC,PLT-08,Taipei Micro,Taiwan,APAC,SMB,Singapore,1,5401.13,1,5401.13,1,5401.13,0,0.0,0,0.0,100.0,100.0
2025-11-01,SUP-034,Supplier 034,India,APAC,PLT-00,Shanghai Hub,China,APAC,Government,USA,1,27097.2,1,27097.2,1,27097.2,1,27097.2,0,0.0,100.0,100.0
2025-11-01,SUP-034,Supplier 034,India,APAC,PLT-04,Chennai Forge,India,APAC,SMB,USA,1,28438.62,1,28438.62,1,28438.62,0,0.0,0,0.0,100.0,100.0
2025-11-01,SUP-034,Supplier 034,India,APAC,PLT-05,Monterrey Plant,Mexico,LATAM,Government,UK,1,49500.8,1,49500.8,0,0.0,0,0.0,1,49500.8,100.0,100.0
2025-11-01,SUP-034,Supplier 034,India,APAC,PLT-07,Seoul Tech,South Korea,APAC,Government,Japan,1,11146.56,1,11146.56,1,11146.56,0,0.0,0,0.0,100.0,100.0
2025-11-01,SUP-034,Supplier 034,India,APAC,PLT-05,Monterrey Plant,Mexico,LATAM,SMB,Canada,1,41251.14,1,41251.14,0,0.0,0,0.0,1,41251.14,100.0,100.0
2025-11-01,SUP-034,Supplier 034,India,APAC,PLT-02,Detroit Works,USA,NA,Government,UK,1,3556.32,0,0.0,0,0.0,0,0.0,0,0.0,0.0,0.0
2025-11-01,SUP-034,Supplier 034,India,APAC,PLT-04,Chennai Forge,India,APAC,SMB,Singapore,1,1796.24,1,1796.24,1,1796.24,0,0.0,0,0.0,100.0,100.0
2025-11-01,SUP-035,Supplier 035,Mexico,LATAM,PLT-03,Tokyo Precision,Japan,APAC,SMB,Germany,1,47895.05,1,47895.05,1,47895.05,0,0.0,0,0.0,100.0,100.0
2025-11-01,SUP-035,Supplier 035,Mexico,LATAM,PLT-06,Sao Paulo Ops,Brazil,LATAM,Enterprise,USA,1,40859.24,1,40859.24,1,40859.24,1,40859.24,0,0.0,100.0,100.0
2025-11-01,SUP-035,Supplier 035,Mexico,LATAM,PLT-01,Munich Center,Germany,EMEA,SMB,UK,1,14762.32,1,14762.32,0,0.0,0,0.0,1,14762.32,100.0,100.0
2025-11-01,SUP-035,Supplier 035,Mexico,LATAM,PLT-04,Chennai Forge,India,APAC,Government,Japan,1,89.78,1,89.78,1,89.78,1,89.78,0,0.0,100.0,100.0
2025-11-01,SUP-035,Supplier 035,Mexico,LATAM,PLT-04,Chennai Forge,India,APAC,Enterprise,Canada,1,10205.82,0,0.0,0,0.0,0,0.0,0,0.0,0.0,0.0
2025-11-01,SUP-035,Supplier 035,Mexico,LATAM,PLT-00,Shanghai Hub,China,APAC,SMB,Canada,1,43821.3,0,0.0,0,0.0,0,0.0,0,0.0,0.0,0.0
2025-11-01,SUP-035,Supplier 035,Mexico,LATAM,PLT-05,Monterrey Plant,Mexico,LATAM,Government,Australia,1,18162.83,1,18162.83,0,0.0,0,0.0,1,18162.83,100.0,100.0
2025-11-01,SUP-035,Supplier 035,Mexico,LATAM,PLT-03,Tokyo Precision,Japan,APAC,SMB,Singapore,1,14640.19,1,14640.19,1,14640.19,0,0.0,0,0.0,100.0,100.0
2025-11-01,SUP-035,Supplier 035,Mexico,LATAM,PLT-02,Detroit Works,USA,NA,Government,Singapore,1,8228.17,0,0.0,0,0.0,0,0.0,0,0.0,0.0,0.0
2025-11-01,SUP-035,Supplier 035,Mexico,LATAM,PLT-06,Sao Paulo Ops,Brazil,LATAM,SMB,Canada,1,1248.68,1,1248.68,1,1248.68,0,0.0,0,0.0,100.0,100.0
2025-11-01,SUP-035,Supplier 035,Mexico,LATAM,PLT-00,Shanghai Hub,China,APAC,SMB,USA,1,793.26,1,793.26,1,793.26,0,0.0,0,0.0,100.0,100.0
2025-11-01,SUP-036,Supplier 036,Brazil,LATAM,PLT-03,Tokyo Precision,Japan,APAC,Enterprise,Singapore,1,708.06,1,708.06,0,0.0,0,0.0,1,708.06,100.0,100.0
2025-11-01,SUP-036,Supplier 036,Brazil,LATAM,PLT-07,Seoul Tech,South Korea,APAC,Government,Germany,1,39596.1,0,0.0,0,0.0,0,0.0,0,0.0,0.0,0.0
2025-11-01,SUP-036,Supplier 036,Brazil,LATAM,PLT-04,Chennai Forge,India,APAC,Enterprise,USA,1,1657.38,0,0.0,0,0.0,0,0.0,0,0.0,0.0,0.0
2025-11-01,SUP-036,Supplier 036,Brazil,LATAM,PLT-04,Chennai Forge,India,APAC,Government,UK,1,13364.64,1,13364.64,1,13364.64,1,13364.64,0,0.0,100.0,100.0
2025-11-01,SUP-036,Supplier 036,Brazil,LATAM,PLT-05,Monterrey Plant,Mexico,LATAM,Enterprise,Canada,1,6545.0,1,6545.0,0,0.0,0,0.0,1,6545.0,100.0,100.0
2025-11-01,SUP-036,Supplier 036,Brazil,LATAM,PLT-02,Detroit Works,USA,NA,Enterprise,Singapore,1,29775.97,1,29775.97,1,29775.97,1,29775.97,0,0.0,100.0,100.0
2025-11-01,SUP-036,Supplier 036,Brazil,LATAM,PLT-01,Munich Center,Germany,EMEA,SMB,France,1,91473.2,1,91473.2,1,91473.2,0,0.0,0,0.0,100.0,100.0
2025-11-01,SUP-037,Supplier 037,South Korea,APAC,PLT-06,Sao Paulo Ops,Brazil,LATAM,Enterprise,Germany,1,1643.28,1,1643.28,1,1643.28,0,0.0,0,0.0,100.0,100.0
2025-11-01,SUP-037,Supplier 037,South Korea,APAC,PLT-00,Shanghai Hub,China,APAC,SMB,Japan,1,114.14,1,114.14,1,114.14,0,0.0,0,0.0,100.0,100.0
2025-11-01,SUP-037,Supplier 037,South Korea,APAC,PLT-00,Shanghai Hub,China,APAC,SMB,Singapore,1,32009.6,1,32009.6,0,0.0,0,0.0,1,32009.6,100.0,100.0
2025-11-01,SUP-037,Supplier 037,South Korea,APAC,PLT-02,Detroit Works,USA,NA,Government,Germany,1,18200.18,1,18200.18,1,18200.18,0,0.0,0,0.0,100.0,100.0
2025-11-01,SUP-037,Supplier 037,South Korea,APAC,PLT-07,Seoul Tech,South Korea,APAC,Enterprise,Japan,1,54328.95,1,54328.95,1,54328.95,0,0.0,0,0.0,100.0,100.0
2025-11-01,SUP-038,Supplier 038,Taiwan,APAC,PLT-04,Chennai Forge,India,APAC,SMB,Australia,1,16665.39,0,0.0,0,0.0,0,0.0,0,0.0,0.0,0.0
2025-11-01,SUP-038,Supplier 038,Taiwan,APAC,PLT-02,Detroit Works,USA,NA,SMB,Singapore,1,11488.87,1,11488.87,0,0.0,1,11488.87,0,0.0,100.0,100.0
2025-11-01,SUP-038,Supplier 038,Taiwan,APAC,PLT-00,Shanghai Hub,China,APAC,Government,USA,1,5108.3,1,5108.3,1,5108.3,0,0.0,0,0.0,100.0,100.0
2025-11-01,SUP-038,Supplier 038,Taiwan,APAC,PLT-02,Detroit Works,USA,NA,SMB,Japan,1,12168.8,0,0.0,0,0.0,0,0.0,0,0.0,0.0,0.0
2025-11-01,SUP-038,Supplier 038,Taiwan,APAC,PLT-07,Seoul Tech,South Korea,APAC,SMB,Australia,1,1412.88,1,1412.88,1,1412.88,0,0.0,0,0.0,100.0,100.0
2025-11-01,SUP-038,Supplier 038,Taiwan,APAC,PLT-03,Tokyo Precision,Japan,APAC,Enterprise,USA,1,2959.74,1,2959.74,1,2959.74,1,2959.74,0,0.0,100.0,100.0
2025-11-01,SUP-038,Supplier 038,Taiwan,APAC,PLT-03,Tokyo Precision,Japan,APAC,Enterprise,Japan,1,11929.4,0,0.0,0,0.0,0,0.0,0,0.0,0.0,0.0
2025-11-01,SUP-039,Supplier 039,Vietnam,APAC,PLT-09,Hanoi Assembly,Vietnam,APAC,Government,Australia,1,5354.91,1,5354.91,1,5354.91,0,0.0,0,0.0,100.0,100.0
2025-11-01,SUP-039,Supplier 039,Vietnam,APAC,PLT-01,Munich Center,Germany,EMEA,Enterprise,Canada,1,26940.3,1,26940.3,1,26940.3,1,26940.3,0,0.0,100.0,100.0
2025-11-01,SUP-039,Supplier 039,Vietnam,APAC,PLT-07,Seoul Tech,South Korea,APAC,SMB,Japan,1,821.3,1,821.3,1,821.3,0,0.0,0,0.0,100.0,100.0
2025-11-01,SUP-039,Supplier 039,Vietnam,APAC,PLT-02,Detroit Works,USA,NA,Government,Germany,1,12448.64,0,0.0,0,0.0,0,0.0,0,0.0,0.0,0.0
2025-11-01,SUP-039,Supplier 039,Vietnam,APAC,PLT-07,Seoul Tech,South Korea,APAC,Enterprise,Japan,1,5221.2,1,5221.2,1,5221.2,0,0.0,0,0.0,100.0,100.0
2025-11-01,SUP-039,Supplier 039,Vietnam,APAC,PLT-09,Hanoi Assembly,Vietnam,APAC,Enterprise,USA,1,673.33,1,673.33,1,673.33,0,0.0,0,0.0,100.0,100.0
2025-11-01,SUP-039,Supplier 039,Vietnam,APAC,PLT-01,Munich Center,Germany,EMEA,Enterprise,Japan,1,11263.2,1,11263.2,1,11263.2,1,11263.2,0,0.0,100.0,100.0
2025-11-01,SUP-039,Supplier 039,Vietnam,APAC,PLT-03,Tokyo Precision,Japan,APAC,Enterprise,France,1,1789.1,1,1789.1,1,1789.1,1,1789.1,0,0.0,100.0,100.0
2025-11-01,SUP-039,Supplier 039,Vietnam,APAC,PLT-00,Shanghai Hub,China,APAC,Government,USA,1,2656.08,1,2656.08,1,2656.08,0,0.0,0,0.0,100.0,100.0
2025-11-01,SUP-039,Supplier 039,Vietnam,APAC,PLT-06,Sao Paulo Ops,Brazil,LATAM,Government,Australia,1,46622.15,1,46622.15,1,46622.15,0,0.0,0,0.0,100.0,100.0
2025-11-01,SUP-039,Supplier 039,Vietnam,APAC,PLT-01,Munich Center,Germany,EMEA,SMB,Canada,1,1998.6,1,1998.6,1,1998.6,0,0.0,0,0.0,100.0,100.0
2025-11-01,SUP-039,Supplier 039,Vietnam,APAC,PLT-09,Hanoi Assembly,Vietnam,APAC,Government,Germany,1,2267.35,1,2267.35,0,0.0,1,2267.35,0,0.0,100.0,100.0
2025-11-01,SUP-040,Supplier 040,China,APAC,PLT-02,Detroit Works,USA,NA,Enterprise,France,1,10747.55,0,0.0,0,0.0,0,0.0,0,0.0,0.0,0.0
2025-11-01,SUP-040,Supplier 040,China,APAC,PLT-05,Monterrey Plant,Mexico,LATAM,SMB,Australia,1,2055.52,1,2055.52,1,2055.52,0,0.0,0,0.0,100.0,100.0
2025-11-01,SUP-040,Supplier 040,China,APAC,PLT-03,Tokyo Precision,Japan,APAC,Government,Germany,1,36724.74,1,36724.74,1,36724.74,0,0.0,0,0.0,100.0,100.0
2025-11-01,SUP-040,Supplier 040,China,APAC,PLT-02,Detroit Works,USA,NA,Government,USA,1,4080.75,1,4080.75,1,4080.75,0,0.0,0,0.0,100.0,100.0
2025-11-01,SUP-040,Supplier 040,China,APAC,PLT-06,Sao Paulo Ops,Brazil,LATAM,Enterprise,Germany,1,6148.88,0,0.0,0,0.0,0,0.0,0,0.0,0.0,0.0
2025-11-01,SUP-040,Supplier 040,China,APAC,PLT-02,Detroit Works,USA,NA,SMB,Singapore,1,11056.36,1,11056.36,0,0.0,1,11056.36,0,0.0,100.0,100.0
2025-11-01,SUP-041,Supplier 041,Germany,EMEA,PLT-09,Hanoi Assembly,Vietnam,APAC,SMB,France,1,83009.88,1,83009.88,1,83009.88,0,0.0,0,0.0,100.0,100.0
2025-11-01,SUP-041,Supplier 041,Germany,EMEA,PLT-07,Seoul Tech,South Korea,APAC,SMB,Australia,1,3308.04,1,3308.04,1,3308.04,1,3308.04,0,0.0,100.0,100.0
2025-11-01,SUP-041,Supplier 041,Germany,EMEA,PLT-08,Taipei Micro,Taiwan,APAC,Enterprise,Japan,1,13722.39,1,13722.39,1,13722.39,0,0.0,0,0.0,100.0,100.0
2025-11-01,SUP-041,Supplier 041,Germany,EMEA,PLT-06,Sao Paulo Ops,Brazil,LATAM,Enterprise,Japan,1,15229.86,1,15229.86,1,15229.86,1,15229.86,0,0.0,100.0,100.0
2025-11-01,SUP-041,Supplier 041,Germany,EMEA,PLT-04,Chennai Forge,India,APAC,SMB,Germany,1,21881.8,0,0.0,0,0.0,0,0.0,0,0.0,0.0,0.0
2025-11-01,SUP-041,Supplier 041,Germany,EMEA,PLT-04,Chennai Forge,India,APAC,Enterprise,Australia,1,2192.4,1,2192.4,1,2192.4,0,0.0,0,0.0,100.0,100.0
2025-11-01,SUP-041,Supplier 041,Germany,EMEA,PLT-03,Tokyo Precision,Japan,APAC,SMB,Canada,1,119686.16,1,119686.16,1,119686.16,0,0.0,0,0.0,100.0,100.0
2025-11-01,SUP-041,Supplier 041,Germany,EMEA,PLT-07,Seoul Tech,South Korea,APAC,Enterprise,Japan,1,30483.6,1,30483.6,1,30483.6,1,30483.6,0,0.0,100.0,100.0
2025-11-01,SUP-042,Supplier 042,USA,NA,PLT-04,Chennai Forge,India,APAC,SMB,UK,1,624.72,1,624.72,1,624.72,0,0.0,0,0.0,100.0,100.0
2025-11-01,SUP-042,Supplier 042,USA,NA,PLT-00,Shanghai Hub,China,APAC,SMB,Australia,1,50491.7,0,0.0,0,0.0,0,0.0,0,0.0,0.0,0.0
2025-11-01,SUP-042,Supplier 042,USA,NA,PLT-05,Monterrey Plant,Mexico,LATAM,Enterprise,Japan,1,673.03,0,0.0,0,0.0,0,0.0,0,0.0,0.0,0.0
2025-11-01,SUP-042,Supplier 042,USA,NA,PLT-09,Hanoi Assembly,Vietnam,APAC,SMB,France,1,19906.8,0,0.0,0,0.0,0,0.0,0,0.0,0.0,0.0
2025-11-01,SUP-043,Supplier 043,Japan,APAC,PLT-09,Hanoi Assembly,Vietnam,APAC,SMB,Canada,1,6275.2,0,0.0,0,0.0,0,0.0,0,0.0,0.0,0.0
2025-11-01,SUP-043,Supplier 043,Japan,APAC,PLT-07,Seoul Tech,South Korea,APAC,SMB,Singapore,1,16206.12,1,16206.12,1,16206.12,1,16206.12,0,0.0,100.0,100.0
2025-11-01,SUP-043,Supplier 043,Japan,APAC,PLT-09,Hanoi Assembly,Vietnam,APAC,SMB,UK,1,12725.76,0,0.0,0,0.0,0,0.0,0,0.0,0.0,0.0
2025-11-01,SUP-043,Supplier 043,Japan,APAC,PLT-05,Monterrey Plant,Mexico,LATAM,SMB,Singapore,1,44820.0,1,44820.0,1,44820.0,1,44820.0,0,0.0,100.0,100.0
2025-11-01,SUP-044,Supplier 044,India,APAC,PLT-09,Hanoi Assembly,Vietnam,APAC,Enterprise,Australia,1,24217.6,1,24217.6,1,24217.6,0,0.0,0,0.0,100.0,100.0
2025-11-01,SUP-044,Supplier 044,India,APAC,PLT-09,Hanoi Assembly,Vietnam,APAC,SMB,Singapore,1,3206.82,1,3206.82,1,3206.82,0,0.0,0,0.0,100.0,100.0
2025-11-01,SUP-044,Supplier 044,India,APAC,PLT-03,Tokyo Precision,Japan,APAC,SMB,UK,1,12692.5,1,12692.5,1,12692.5,1,12692.5,0,0.0,100.0,100.0
2025-11-01,SUP-044,Supplier 044,India,APAC,PLT-05,Monterrey Plant,Mexico,LATAM,Government,USA,1,15503.51,1,15503.51,1,15503.51,0,0.0,0,0.0,100.0,100.0
2025-11-01,SUP-044,Supplier 044,India,APAC,PLT-03,Tokyo Precision,Japan,APAC,SMB,France,1,104389.8,1,104389.8,1,104389.8,0,0.0,0,0.0,100.0,100.0
2025-11-01,SUP-044,Supplier 044,India,APAC,PLT-04,Chennai Forge,India,APAC,SMB,Canada,1,140.79,1,140.79,1,140.79,0,0.0,0,0.0,100.0,100.0
2025-11-01,SUP-044,Supplier 044,India,APAC,PLT-08,Taipei Micro,Taiwan,APAC,SMB,Germany,1,32919.73,0,0.0,0,0.0,0,0.0,0,0.0,0.0,0.0
2025-11-01,SUP-045,Supplier 045,Mexico,LATAM,PLT-05,Monterrey Plant,Mexico,LATAM,Government,Germany,1,5777.52,1,5777.52,1,5777.52,1,5777.52,0,0.0,100.0,100.0
2025-11-01,SUP-045,Supplier 045,Mexico,LATAM,PLT-01,Munich Center,Germany,EMEA,Enterprise,France,1,14153.88,0,0.0,0,0.0,0,0.0,0,0.0,0.0,0.0
2025-11-01,SUP-045,Supplier 045,Mexico,LATAM,PLT-07,Seoul Tech,South Korea,APAC,SMB,UK,1,67431.47,0,0.0,0,0.0,0,0.0,0,0.0,0.0,0.0
2025-11-01,SUP-045,Supplier 045,Mexico,LATAM,PLT-03,Tokyo Precision,Japan,APAC,SMB,Canada,1,11890.02,1,11890.02,0,0.0,1,11890.02,0,0.0,100.0,100.0
2025-11-01,SUP-045,Supplier 045,Mexico,LATAM,PLT-02,Detroit Works,USA,NA,Enterprise,France,1,11152.02,0,0.0,0,0.0,0,0.0,0,0.0,0.0,0.0
2025-11-01,SUP-045,Supplier 045,Mexico,LATAM,PLT-06,Sao Paulo Ops,Brazil,LATAM,SMB,USA,1,27708.72,1,27708.72,1,27708.72,0,0.0,0,0.0,100.0,100.0
2025-11-01,SUP-045,Supplier 045,Mexico,LATAM,PLT-06,Sao Paulo Ops,Brazil,LATAM,Government,USA,1,7807.36,1,7807.36,0,0.0,0,0.0,1,7807.36,100.0,100.0
2025-11-01,SUP-045,Supplier 045,Mexico,LATAM,PLT-04,Chennai Forge,India,APAC,Enterprise,Canada,1,14061.93,1,14061.93,0,0.0,1,14061.93,0,0.0,100.0,100.0
2025-11-01,SUP-045,Supplier 045,Mexico,LATAM,PLT-00,Shanghai Hub,China,APAC,Enterprise,Canada,1,13669.15,1,13669.15,1,13669.15,0,0.0,0,0.0,100.0,100.0
2025-11-01,SUP-045,Supplier 045,Mexico,LATAM,PLT-06,Sao Paulo Ops,Brazil,LATAM,Government,Germany,1,3762.57,1,3762.57,0,0.0,1,3762.57,0,0.0,100.0,100.0
2025-11-01,SUP-046,Supplier 046,Brazil,LATAM,PLT-09,Hanoi Assembly,Vietnam,APAC,SMB,Japan,1,10140.24,1,10140.24,1,10140.24,0,0.0,0,0.0,100.0,100.0
2025-11-01,SUP-046,Supplier 046,Brazil,LATAM,PLT-09,Hanoi Assembly,Vietnam,APAC,SMB,Canada,1,11500.0,1,11500.0,0,0.0,0,0.0,1,11500.0,100.0,100.0
2025-11-01,SUP-046,Supplier 046,Brazil,LATAM,PLT-08,Taipei Micro,Taiwan,APAC,SMB,Japan,1,24982.06,1,24982.06,1,24982.06,0,0.0,0,0.0,100.0,100.0
2025-11-01,SUP-047,Supplier 047,South Korea,APAC,PLT-07,Seoul Tech,South Korea,APAC,Enterprise,Australia,1,22439.45,1,22439.45,1,22439.45,0,0.0,0,0.0,100.0,100.0
2025-11-01,SUP-047,Supplier 047,South Korea,APAC,PLT-09,Hanoi Assembly,Vietnam,APAC,Enterprise,Japan,1,5083.45,1,5083.45,1,5083.45,0,0.0,0,0.0,100.0,100.0
2025-11-01,SUP-047,Supplier 047,South Korea,APAC,PLT-07,Seoul Tech,South Korea,APAC,SMB,Australia,1,26737.2,1,26737.2,1,26737.2,0,0.0,0,0.0,100.0,100.0
2025-11-01,SUP-047,Supplier 047,South Korea,APAC,PLT-00,Shanghai Hub,China,APAC,SMB,Canada,1,44307.99,1,44307.99,1,44307.99,1,44307.99,0,0.0,100.0,100.0
2025-11-01,SUP-047,Supplier 047,South Korea,APAC,PLT-06,Sao Paulo Ops,Brazil,LATAM,Enterprise,Japan,1,29312.56,1,29312.56,0,0.0,1,29312.56,0,0.0,100.0,100.0
2025-11-01,SUP-048,Supplier 048,Taiwan,APAC,PLT-06,Sao Paulo Ops,Brazil,LATAM,SMB,Germany,1,2816.3,1,2816.3,1,2816.3,0,0.0,0,0.0,100.0,100.0
2025-11-01,SUP-048,Supplier 048,Taiwan,APAC,PLT-03,Tokyo Precision,Japan,APAC,SMB,Japan,1,20753.04,1,20753.04,1,20753.04,0,0.0,0,0.0,100.0,100.0
2025-11-01,SUP-049,Supplier 049,Vietnam,APAC,PLT-00,Shanghai Hub,China,APAC,Enterprise,Germany,1,2770.4,1,2770.4,1,2770.4,1,2770.4,0,0.0,100.0,100.0
2025-11-01,SUP-049,Supplier 049,Vietnam,APAC,PLT-06,Sao Paulo Ops,Brazil,LATAM,Government,UK,1,16624.71,1,16624.71,1,16624.71,0,0.0,0,0.0,100.0,100.0
2025-11-01,SUP-049,Supplier 049,Vietnam,APAC,PLT-00,Shanghai Hub,China,APAC,Enterprise,USA,1,12441.33,1,12441.33,1,12441.33,0,0.0,0,0.0,100.0,100.0
2025-11-01,SUP-049,Supplier 049,Vietnam,APAC,PLT-04,Chennai Forge,India,APAC,Enterprise,Japan,1,1017.45,1,1017.45,1,1017.45,0,0.0,0,0.0,100.0,100.0
2025-11-01,SUP-049,Supplier 049,Vietnam,APAC,PLT-04,Chennai Forge,India,APAC,SMB,France,1,21796.32,1,21796.32,1,21796.32,1,21796.32,0,0.0,100.0,100.0
2025-11-01,SUP-049,Supplier 049,Vietnam,APAC,PLT-04,Chennai Forge,India,APAC,SMB,Australia,1,66499.5,1,66499.5,1,66499.5,1,66499.5,0,0.0,100.0,100.0
2025-12-01,SUP-000,Supplier 000,China,APAC,PLT-07,Seoul Tech,South Korea,APAC,Enterprise,Germany,1,17648.54,1,17648.54,1,17648.54,0,0.0,0,0.0,100.0,100.0
2025-12-01,SUP-000,Supplier 000,China,APAC,PLT-06,Sao Paulo Ops,Brazil,LATAM,Enterprise,Japan,1,29927.65,1,29927.65,0,0.0,0,0.0,1,29927.65,100.0,100.0
2025-12-01,SUP-000,Supplier 000,China,APAC,PLT-01,Munich Center,Germany,EMEA,Enterprise,Canada,1,26397.6,1,26397.6,1,26397.6,0,0.0,0,0.0,100.0,100.0
2025-12-01,SUP-000,Supplier 000,China,APAC,PLT-05,Monterrey Plant,Mexico,LATAM,Government,USA,1,2950.0,1,2950.0,1,2950.0,0,0.0,0,0.0,100.0,100.0
2025-12-01,SUP-000,Supplier 000,China,APAC,PLT-01,Munich Center,Germany,EMEA,Enterprise,Singapore,1,24216.48,1,24216.48,0,0.0,0,0.0,1,24216.48,100.0,100.0
2025-12-01,SUP-000,Supplier 000,China,APAC,PLT-01,Munich Center,Germany,EMEA,SMB,Singapore,1,34370.8,1,34370.8,1,34370.8,0,0.0,0,0.0,100.0,100.0
2025-12-01,SUP-000,Supplier 000,China,APAC,PLT-09,Hanoi Assembly,Vietnam,APAC,Government,Canada,1,66085.76,1,66085.76,1,66085.76,1,66085.76,0,0.0,100.0,100.0
2025-12-01,SUP-000,Supplier 000,China,APAC,PLT-08,Taipei Micro,Taiwan,APAC,Government,USA,1,9998.12,0,0.0,0,0.0,0,0.0,0,0.0,0.0,0.0
2025-12-01,SUP-000,Supplier 000,China,APAC,PLT-04,Chennai Forge,India,APAC,Enterprise,Japan,1,28962.98,1,28962.98,1,28962.98,1,28962.98,0,0.0,100.0,100.0
2025-12-01,SUP-000,Supplier 000,China,APAC,PLT-02,Detroit Works,USA,NA,SMB,Australia,1,37618.24,0,0.0,0,0.0,0,0.0,0,0.0,0.0,0.0
2025-12-01,SUP-001,Supplier 001,Germany,EMEA,PLT-06,Sao Paulo Ops,Brazil,LATAM,SMB,Germany,1,8410.35,1,8410.35,1,8410.35,1,8410.35,0,0.0,100.0,100.0
2025-12-01,SUP-001,Supplier 001,Germany,EMEA,PLT-07,Seoul Tech,South Korea,APAC,Government,France,1,6557.85,1,6557.85,1,6557.85,0,0.0,0,0.0,100.0,100.0
2025-12-01,SUP-001,Supplier 001,Germany,EMEA,PLT-01,Munich Center,Germany,EMEA,Government,Japan,1,2110.2,1,2110.2,1,2110.2,1,2110.2,0,0.0,100.0,100.0
2025-12-01,SUP-001,Supplier 001,Germany,EMEA,PLT-02,Detroit Works,USA,NA,Government,Australia,1,35954.49,1,35954.49,1,35954.49,0,0.0,0,0.0,100.0,100.0
2025-12-01,SUP-001,Supplier 001,Germany,EMEA,PLT-02,Detroit Works,USA,NA,SMB,Canada,1,3592.96,0,0.0,0,0.0,0,0.0,0,0.0,0.0,0.0
2025-12-01,SUP-001,Supplier 001,Germany,EMEA,PLT-00,Shanghai Hub,China,APAC,SMB,USA,1,7966.08,1,7966.08,1,7966.08,0,0.0,0,0.0,100.0,100.0
2025-12-01,SUP-001,Supplier 001,Germany,EMEA,PLT-09,Hanoi Assembly,Vietnam,APAC,Government,Singapore,1,2106.24,1,2106.24,1,2106.24,0,0.0,0,0.0,100.0,100.0
2025-12-01,SUP-002,Supplier 002,USA,NA,PLT-04,Chennai Forge,India,APAC,Government,Germany,1,1389.96,1,1389.96,1,1389.96,0,0.0,0,0.0,100.0,100.0
2025-12-01,SUP-002,Supplier 002,USA,NA,PLT-01,Munich Center,Germany,EMEA,Enterprise,Germany,1,1225.56,1,1225.56,0,0.0,1,1225.56,0,0.0,100.0,100.0
2025-12-01,SUP-002,Supplier 002,USA,NA,PLT-09,Hanoi Assembly,Vietnam,APAC,SMB,Germany,1,10888.76,1,10888.76,1,10888.76,0,0.0,0,0.0,100.0,100.0
2025-12-01,SUP-003,Supplier 003,Japan,APAC,PLT-07,Seoul Tech,South Korea,APAC,Government,Canada,1,31099.12,0,0.0,0,0.0,0,0.0,0,0.0,0.0,0.0
2025-12-01,SUP-003,Supplier 003,Japan,APAC,PLT-06,Sao Paulo Ops,Brazil,LATAM,Government,Singapore,1,8544.96,1,8544.96,1,8544.96,1,8544.96,0,0.0,100.0,100.0
2025-12-01,SUP-003,Supplier 003,Japan,APAC,PLT-06,Sao Paulo Ops,Brazil,LATAM,Government,Germany,1,6387.77,1,6387.77,1,6387.77,0,0.0,0,0.0,100.0,100.0
2025-12-01,SUP-004,Supplier 004,India,APAC,PLT-04,Chennai Forge,India,APAC,Government,USA,1,6486.24,0,0.0,0,0.0,0,0.0,0,0.0,0.0,0.0
2025-12-01,SUP-004,Supplier 004,India,APAC,PLT-05,Monterrey Plant,Mexico,LATAM,Enterprise,Canada,1,15511.51,1,15511.51,1,15511.51,0,0.0,0,0.0,100.0,100.0
2025-12-01,SUP-004,Supplier 004,India,APAC,PLT-08,Taipei Micro,Taiwan,APAC,SMB,Australia,1,11240.64,1,11240.64,1,11240.64,0,0.0,0,0.0,100.0,100.0
2025-12-01,SUP-004,Supplier 004,India,APAC,PLT-05,Monterrey Plant,Mexico,LATAM,SMB,USA,1,8628.6,0,0.0,0,0.0,0,0.0,0,0.0,0.0,0.0
2025-12-01,SUP-004,Supplier 004,India,APAC,PLT-08,Taipei Micro,Taiwan,APAC,Enterprise,Japan,1,21878.5,1,21878.5,1,21878.5,0,0.0,0,0.0,100.0,100.0
2025-12-01,SUP-004,Supplier 004,India,APAC,PLT-04,Chennai Forge,India,APAC,SMB,Australia,1,24166.58,1,24166.58,1,24166.58,0,0.0,0,0.0,100.0,100.0
2025-12-01,SUP-005,Supplier 005,Mexico,LATAM,PLT-09,Hanoi Assembly,Vietnam,APAC,Enterprise,Germany,1,3346.65,1,3346.65,0,0.0,0,0.0,1,3346.65,100.0,100.0
2025-12-01,SUP-005,Supplier 005,Mexico,LATAM,PLT-02,Detroit Works,USA,NA,SMB,USA,1,5579.1,1,5579.1,1,5579.1,0,0.0,0,0.0,100.0,100.0
2025-12-01,SUP-005,Supplier 005,Mexico,LATAM,PLT-06,Sao Paulo Ops,Brazil,LATAM,SMB,UK,1,10446.3,0,0.0,0,0.0,0,0.0,0,0.0,0.0,0.0
2025-12-01,SUP-005,Supplier 005,Mexico,LATAM,PLT-03,Tokyo Precision,Japan,APAC,SMB,France,1,6924.5,1,6924.5,1,6924.5,1,6924.5,0,0.0,100.0,100.0
2025-12-01,SUP-005,Supplier 005,Mexico,LATAM,PLT-00,Shanghai Hub,China,APAC,Enterprise,Canada,1,23423.58,1,23423.58,1,23423.58,0,0.0,0,0.0,100.0,100.0
2025-12-01,SUP-005,Supplier 005,Mexico,LATAM,PLT-05,Monterrey Plant,Mexico,LATAM,Government,Australia,1,8993.7,1,8993.7,1,8993.7,0,0.0,0,0.0,100.0,100.0
2025-12-01,SUP-005,Supplier 005,Mexico,LATAM,PLT-01,Munich Center,Germany,EMEA,SMB,France,1,41805.6,1,41805.6,1,41805.6,0,0.0,0,0.0,100.0,100.0
2025-12-01,SUP-005,Supplier 005,Mexico,LATAM,PLT-03,Tokyo Precision,Japan,APAC,Enterprise,Australia,1,8487.15,1,8487.15,1,8487.15,0,0.0,0,0.0,100.0,100.0
2025-12-01,SUP-005,Supplier 005,Mexico,LATAM,PLT-02,Detroit Works,USA,NA,Enterprise,Canada,1,51467.85,1,51467.85,1,51467.85,0,0.0,0,0.0,100.0,100.0
2025-12-01,SUP-005,Supplier 005,Mexico,LATAM,PLT-06,Sao Paulo Ops,Brazil,LATAM,SMB,Australia,1,27774.75,1,27774.75,1,27774.75,1,27774.75,0,0.0,100.0,100.0
2025-12-01,SUP-005,Supplier 005,Mexico,LATAM,PLT-05,Monterrey Plant,Mexico,LATAM,Enterprise,Germany,1,32878.96,1,32878.96,1,32878.96,0,0.0,0,0.0,100.0,100.0
2025-12-01,SUP-005,Supplier 005,Mexico,LATAM,PLT-04,Chennai Forge,India,APAC,Enterprise,USA,1,15970.77,1,15970.77,1,15970.77,0,0.0,0,0.0,100.0,100.0
2025-12-01,SUP-005,Supplier 005,Mexico,LATAM,PLT-04,Chennai Forge,India,APAC,Government,UK,1,50846.64,1,50846.64,1,50846.64,1,50846.64,0,0.0,100.0,100.0
2025-12-01,SUP-006,Supplier 006,Brazil,LATAM,PLT-05,Monterrey Plant,Mexico,LATAM,SMB,Singapore,1,3229.66,1,3229.66,1,3229.66,0,0.0,0,0.0,100.0,100.0
2025-12-01,SUP-006,Supplier 006,Brazil,LATAM,PLT-04,Chennai Forge,India,APAC,SMB,UK,1,18379.89,1,18379.89,1,18379.89,0,0.0,0,0.0,100.0,100.0
2025-12-01,SUP-006,Supplier 006,Brazil,LATAM,PLT-06,Sao Paulo Ops,Brazil,LATAM,SMB,Germany,1,510.8,1,510.8,1,510.8,0,0.0,0,0.0,100.0,100.0
2025-12-01,SUP-006,Supplier 006,Brazil,LATAM,PLT-03,Tokyo Precision,Japan,APAC,SMB,France,1,53335.52,1,53335.52,0,0.0,1,53335.52,0,0.0,100.0,100.0
2025-12-01,SUP-007,Supplier 007,South Korea,APAC,PLT-06,Sao Paulo Ops,Brazil,LATAM,Government,Singapore,1,47865.45,1,47865.45,1,47865.45,0,0.0,0,0.0,100.0,100.0
2025-12-01,SUP-007,Supplier 007,South Korea,APAC,PLT-04,Chennai Forge,India,APAC,Enterprise,Japan,1,887.81,1,887.81,1,887.81,0,0.0,0,0.0,100.0,100.0
2025-12-01,SUP-007,Supplier 007,South Korea,APAC,PLT-03,Tokyo Precision,Japan,APAC,SMB,Japan,1,23575.5,1,23575.5,1,23575.5,0,0.0,0,0.0,100.0,100.0
2025-12-01,SUP-007,Supplier 007,South Korea,APAC,PLT-01,Munich Center,Germany,EMEA,Enterprise,Canada,1,24872.14,1,24872.14,1,24872.14,1,24872.14,0,0.0,100.0,100.0
2025-12-01,SUP-007,Supplier 007,South Korea,APAC,PLT-06,Sao Paulo Ops,Brazil,LATAM,Enterprise,Canada,1,12916.1,0,0.0,0,0.0,0,0.0,0,0.0,0.0,0.0
2025-12-01,SUP-007,Supplier 007,South Korea,APAC,PLT-04,Chennai Forge,India,APAC,Government,Germany,1,4089.05,1,4089.05,1,4089.05,0,0.0,0,0.0,100.0,100.0
2025-12-01,SUP-008,Supplier 008,Taiwan,APAC,PLT-01,Munich Center,Germany,EMEA,Enterprise,Canada,1,22074.12,1,22074.12,1,22074.12,0,0.0,0,0.0,100.0,100.0
2025-12-01,SUP-008,Supplier 008,Taiwan,APAC,PLT-06,Sao Paulo Ops,Brazil,LATAM,Government,Germany,1,21054.32,1,21054.32,0,0.0,1,21054.32,0,0.0,100.0,100.0
2025-12-01,SUP-008,Supplier 008,Taiwan,APAC,PLT-08,Taipei Micro,Taiwan,APAC,SMB,Canada,1,6320.55,1,6320.55,1,6320.55,1,6320.55,0,0.0,100.0,100.0
2025-12-01,SUP-008,Supplier 008,Taiwan,APAC,PLT-05,Monterrey Plant,Mexico,LATAM,Enterprise,USA,1,16131.28,1,16131.28,0,0.0,0,0.0,1,16131.28,100.0,100.0
2025-12-01,SUP-008,Supplier 008,Taiwan,APAC,PLT-01,Munich Center,Germany,EMEA,Enterprise,USA,1,18345.95,1,18345.95,1,18345.95,0,0.0,0,0.0,100.0,100.0
2025-12-01,SUP-008,Supplier 008,Taiwan,APAC,PLT-04,Chennai Forge,India,APAC,SMB,Canada,1,5374.28,1,5374.28,1,5374.28,0,0.0,0,0.0,100.0,100.0
2025-12-01,SUP-008,Supplier 008,Taiwan,APAC,PLT-09,Hanoi Assembly,Vietnam,APAC,SMB,USA,1,7995.2,1,7995.2,1,7995.2,1,7995.2,0,0.0,100.0,100.0
2025-12-01,SUP-008,Supplier 008,Taiwan,APAC,PLT-09,Hanoi Assembly,Vietnam,APAC,Enterprise,Japan,1,4667.8,1,4667.8,1,4667.8,0,0.0,0,0.0,100.0,100.0
2025-12-01,SUP-008,Supplier 008,Taiwan,APAC,PLT-09,Hanoi Assembly,Vietnam,APAC,Government,Germany,1,7161.0,1,7161.0,1,7161.0,0,0.0,0,0.0,100.0,100.0
2025-12-01,SUP-008,Supplier 008,Taiwan,APAC,PLT-07,Seoul Tech,South Korea,APAC,Enterprise,Canada,1,6313.12,0,0.0,0,0.0,0,0.0,0,0.0,0.0,0.0
2025-12-01,SUP-008,Supplier 008,Taiwan,APAC,PLT-03,Tokyo Precision,Japan,APAC,Government,UK,1,1203.93,1,1203.93,1,1203.93,1,1203.93,0,0.0,100.0,100.0
2025-12-01,SUP-009,Supplier 009,Vietnam,APAC,PLT-04,Chennai Forge,India,APAC,Enterprise,UK,1,11079.9,1,11079.9,1,11079.9,0,0.0,0,0.0,100.0,100.0
2025-12-01,SUP-009,Supplier 009,Vietnam,APAC,PLT-00,Shanghai Hub,China,APAC,SMB,Japan,1,25400.48,1,25400.48,1,25400.48,1,25400.48,0,0.0,100.0,100.0
2025-12-01,SUP-009,Supplier 009,Vietnam,APAC,PLT-09,Hanoi Assembly,Vietnam,APAC,Enterprise,Japan,1,8349.84,1,8349.84,1,8349.84,0,0.0,0,0.0,100.0,100.0
2025-12-01,SUP-009,Supplier 009,Vietnam,APAC,PLT-00,Shanghai Hub,China,APAC,Enterprise,Japan,1,50153.14,1,50153.14,1,50153.14,0,0.0,0,0.0,100.0,100.0
2025-12-01,SUP-009,Supplier 009,Vietnam,APAC,PLT-03,Tokyo Precision,Japan,APAC,Government,Singapore,1,18422.04,1,18422.04,1,18422.04,0,0.0,0,0.0,100.0,100.0
2025-12-01,SUP-009,Supplier 009,Vietnam,APAC,PLT-07,Seoul Tech,South Korea,APAC,Government,USA,1,351.43,1,351.43,1,351.43,0,0.0,0,0.0,100.0,100.0
2025-12-01,SUP-009,Supplier 009,Vietnam,APAC,PLT-05,Monterrey Plant,Mexico,LATAM,SMB,Canada,1,6956.8,1,6956.8,1,6956.8,0,0.0,0,0.0,100.0,100.0
2025-12-01,SUP-009,Supplier 009,Vietnam,APAC,PLT-03,Tokyo Precision,Japan,APAC,Government,USA,1,15169.63,1,15169.63,1,15169.63,0,0.0,0,0.0,100.0,100.0
2025-12-01,SUP-009,Supplier 009,Vietnam,APAC,PLT-08,Taipei Micro,Taiwan,APAC,Government,Japan,1,9466.8,1,9466.8,1,9466.8,0,0.0,0,0.0,100.0,100.0
2025-12-01,SUP-009,Supplier 009,Vietnam,APAC,PLT-04,Chennai Forge,India,APAC,SMB,Germany,1,32855.56,0,0.0,0,0.0,0,0.0,0,0.0,0.0,0.0
2025-12-01,SUP-010,Supplier 010,China,APAC,PLT-04,Chennai Forge,India,APAC,Government,Japan,1,8078.46,1,8078.46,1,8078.46,0,0.0,0,0.0,100.0,100.0
2025-12-01,SUP-010,Supplier 010,China,APAC,PLT-02,Detroit Works,USA,NA,SMB,USA,1,4303.5,1,4303.5,1,4303.5,0,0.0,0,0.0,100.0,100.0
2025-12-01,SUP-010,Supplier 010,China,APAC,PLT-09,Hanoi Assembly,Vietnam,APAC,SMB,Germany,1,12966.8,0,0.0,0,0.0,0,0.0,0,0.0,0.0,0.0
2025-12-01,SUP-010,Supplier 010,China,APAC,PLT-09,Hanoi Assembly,Vietnam,APAC,SMB,Canada,1,7958.21,1,7958.21,0,0.0,1,7958.21,0,0.0,100.0,100.0
2025-12-01,SUP-010,Supplier 010,China,APAC,PLT-07,Seoul Tech,South Korea,APAC,Enterprise,USA,1,1018.59,1,1018.59,1,1018.59,1,1018.59,0,0.0,100.0,100.0
2025-12-01,SUP-010,Supplier 010,China,APAC,PLT-06,Sao Paulo Ops,Brazil,LATAM,Enterprise,Canada,1,8130.92,1,8130.92,1,8130.92,1,8130.92,0,0.0,100.0,100.0
2025-12-01,SUP-010,Supplier 010,China,APAC,PLT-05,Monterrey Plant,Mexico,LATAM,SMB,UK,1,30907.98,1,30907.98,0,0.0,1,30907.98,0,0.0,100.0,100.0
2025-12-01,SUP-010,Supplier 010,China,APAC,PLT-01,Munich Center,Germany,EMEA,SMB,Germany,1,8506.32,1,8506.32,1,8506.32,1,8506.32,0,0.0,100.0,100.0
2025-12-01,SUP-010,Supplier 010,China,APAC,PLT-08,Taipei Micro,Taiwan,APAC,Government,Australia,1,15045.8,1,15045.8,1,15045.8,0,0.0,0,0.0,100.0,100.0
2025-12-01,SUP-011,Supplier 011,Germany,EMEA,PLT-07,Seoul Tech,South Korea,APAC,SMB,UK,1,485.48,1,485.48,1,485.48,0,0.0,0,0.0,100.0,100.0
2025-12-01,SUP-011,Supplier 011,Germany,EMEA,PLT-03,Tokyo Precision,Japan,APAC,Government,France,1,53808.92,1,53808.92,1,53808.92,0,0.0,0,0.0,100.0,100.0
2025-12-01,SUP-011,Supplier 011,Germany,EMEA,PLT-01,Munich Center,Germany,EMEA,SMB,Australia,1,410.78,1,410.78,1,410.78,0,0.0,0,0.0,100.0,100.0
2025-12-01,SUP-011,Supplier 011,Germany,EMEA,PLT-02,Detroit Works,USA,NA,SMB,Japan,1,2859.3,0,0.0,0,0.0,0,0.0,0,0.0,0.0,0.0
2025-12-01,SUP-011,Supplier 011,Germany,EMEA,PLT-02,Detroit Works,USA,NA,Enterprise,France,1,499.2,1,499.2,0,0.0,0,0.0,1,499.2,100.0,100.0
2025-12-01,SUP-012,Supplier 012,USA,NA,PLT-06,Sao Paulo Ops,Brazil,LATAM,Enterprise,USA,1,4872.9,1,4872.9,0,0.0,0,0.0,1,4872.9,100.0,100.0
2025-12-01,SUP-012,Supplier 012,USA,NA,PLT-06,Sao Paulo Ops,Brazil,LATAM,SMB,Australia,1,3710.88,1,3710.88,1,3710.88,0,0.0,0,0.0,100.0,100.0
2025-12-01,SUP-012,Supplier 012,USA,NA,PLT-00,Shanghai Hub,China,APAC,SMB,Japan,1,19855.44,1,19855.44,1,19855.44,0,0.0,0,0.0,100.0,100.0
2025-12-01,SUP-012,Supplier 012,USA,NA,PLT-02,Detroit Works,USA,NA,SMB,Singapore,1,5297.04,1,5297.04,0,0.0,0,0.0,1,5297.04,100.0,100.0
2025-12-01,SUP-013,Supplier 013,Japan,APAC,PLT-05,Monterrey Plant,Mexico,LATAM,SMB,Singapore,1,28581.18,1,28581.18,1,28581.18,1,28581.18,0,0.0,100.0,100.0
2025-12-01,SUP-013,Supplier 013,Japan,APAC,PLT-09,Hanoi Assembly,Vietnam,APAC,Government,Singapore,1,69596.31,0,0.0,0,0.0,0,0.0,0,0.0,0.0,0.0
2025-12-01,SUP-013,Supplier 013,Japan,APAC,PLT-04,Chennai Forge,India,APAC,Government,USA,1,46629.45,0,0.0,0,0.0,0,0.0,0,0.0,0.0,0.0
2025-12-01,SUP-013,Supplier 013,Japan,APAC,PLT-01,Munich Center,Germany,EMEA,Enterprise,USA,1,14166.25,0,0.0,0,0.0,0,0.0,0,0.0,0.0,0.0
2025-12-01,SUP-013,Supplier 013,Japan,APAC,PLT-00,Shanghai Hub,China,APAC,Government,USA,1,61839.86,1,61839.86,1,61839.86,0,0.0,0,0.0,100.0,100.0
2025-12-01,SUP-013,Supplier 013,Japan,APAC,PLT-04,Chennai Forge,India,APAC,SMB,France,1,18971.0,1,18971.0,0,0.0,0,0.0,1,18971.0,100.0,100.0
2025-12-01,SUP-013,Supplier 013,Japan,APAC,PLT-01,Munich Center,Germany,EMEA,Government,Germany,1,18232.5,0,0.0,0,0.0,0,0.0,0,0.0,0.0,0.0
2025-12-01,SUP-013,Supplier 013,Japan,APAC,PLT-02,Detroit Works,USA,NA,Enterprise,Canada,1,835.38,1,835.38,0,0.0,0,0.0,1,835.38,100.0,100.0
2025-12-01,SUP-013,Supplier 013,Japan,APAC,PLT-09,Hanoi Assembly,Vietnam,APAC,SMB,Germany,1,3007.53,1,3007.53,1,3007.53,1,3007.53,0,0.0,100.0,100.0
2025-12-01,SUP-013,Supplier 013,Japan,APAC,PLT-09,Hanoi Assembly,Vietnam,APAC,Enterprise,USA,1,49441.98,1,49441.98,0,0.0,1,49441.98,0,0.0,100.0,100.0
2025-12-01,SUP-013,Supplier 013,Japan,APAC,PLT-07,Seoul Tech,South Korea,APAC,SMB,Singapore,1,16179.8,0,0.0,0,0.0,0,0.0,0,0.0,0.0,0.0
2025-12-01,SUP-013,Supplier 013,Japan,APAC,PLT-04,Chennai Forge,India,APAC,Enterprise,Canada,1,12710.52,1,12710.52,1,12710.52,0,0.0,0,0.0,100.0,100.0
2025-12-01,SUP-013,Supplier 013,Japan,APAC,PLT-00,Shanghai Hub,China,APAC,Enterprise,USA,1,28770.04,1,28770.04,1,28770.04,0,0.0,0,0.0,100.0,100.0
2025-12-01,SUP-014,Supplier 014,India,APAC,PLT-06,Sao Paulo Ops,Brazil,LATAM,SMB,Singapore,1,19818.24,1,19818.24,1,19818.24,0,0.0,0,0.0,100.0,100.0
2025-12-01,SUP-014,Supplier 014,India,APAC,PLT-07,Seoul Tech,South Korea,APAC,SMB,Australia,1,14995.73,1,14995.73,1,14995.73,0,0.0,0,0.0,100.0,100.0
2025-12-01,SUP-014,Supplier 014,India,APAC,PLT-07,Seoul Tech,South Korea,APAC,SMB,UK,1,32031.06,1,32031.06,0,0.0,1,32031.06,0,0.0,100.0,100.0
2025-12-01,SUP-014,Supplier 014,India,APAC,PLT-06,Sao Paulo Ops,Brazil,LATAM,SMB,France,1,12432.42,1,12432.42,1,12432.42,0,0.0,0,0.0,100.0,100.0
2025-12-01,SUP-014,Supplier 014,India,APAC,PLT-09,Hanoi Assembly,Vietnam,APAC,SMB,Canada,1,23737.74,1,23737.74,1,23737.74,0,0.0,0,0.0,100.0,100.0
2025-12-01,SUP-015,Supplier 015,Mexico,LATAM,PLT-01,Munich Center,Germany,EMEA,Government,Germany,1,36486.36,1,36486.36,0,0.0,1,36486.36,0,0.0,100.0,100.0
2025-12-01,SUP-015,Supplier 015,Mexico,LATAM,PLT-01,Munich Center,Germany,EMEA,Enterprise,Singapore,1,17483.04,0,0.0,0,0.0,0,0.0,0,0.0,0.0,0.0
2025-12-01,SUP-015,Supplier 015,Mexico,LATAM,PLT-04,Chennai Forge,India,APAC,SMB,Canada,1,1631.84,1,1631.84,0,0.0,0,0.0,1,1631.84,100.0,100.0
2025-12-01,SUP-015,Supplier 015,Mexico,LATAM,PLT-06,Sao Paulo Ops,Brazil,LATAM,Government,Singapore,1,5344.32,0,0.0,0,0.0,0,0.0,0,0.0,0.0,0.0
2025-12-01,SUP-016,Supplier 016,Brazil,LATAM,PLT-09,Hanoi Assembly,Vietnam,APAC,Government,Singapore,1,1854.0,1,1854.0,0,0.0,0,0.0,1,1854.0,100.0,100.0
2025-12-01,SUP-016,Supplier 016,Brazil,LATAM,PLT-01,Munich Center,Germany,EMEA,Enterprise,Germany,1,14411.18,1,14411.18,1,14411.18,1,14411.18,0,0.0,100.0,100.0
2025-12-01,SUP-016,Supplier 016,Brazil,LATAM,PLT-09,Hanoi Assembly,Vietnam,APAC,Enterprise,France,1,11016.88,1,11016.88,0,0.0,0,0.0,1,11016.88,100.0,100.0
2025-12-01,SUP-016,Supplier 016,Brazil,LATAM,PLT-05,Monterrey Plant,Mexico,LATAM,SMB,Canada,1,24720.07,0,0.0,0,0.0,0,0.0,0,0.0,0.0,0.0
2025-12-01,SUP-016,Supplier 016,Brazil,LATAM,PLT-09,Hanoi Assembly,Vietnam,APAC,Government,UK,1,9012.65,1,9012.65,1,9012.65,1,9012.65,0,0.0,100.0,100.0
2025-12-01,SUP-016,Supplier 016,Brazil,LATAM,PLT-02,Detroit Works,USA,NA,SMB,Canada,1,25186.86,1,25186.86,1,25186.86,1,25186.86,0,0.0,100.0,100.0
2025-12-01,SUP-017,Supplier 017,South Korea,APAC,PLT-04,Chennai Forge,India,APAC,Enterprise,Japan,1,80462.68,1,80462.68,1,80462.68,0,0.0,0,0.0,100.0,100.0
2025-12-01,SUP-017,Supplier 017,South Korea,APAC,PLT-00,Shanghai Hub,China,APAC,SMB,Germany,1,7214.8,1,7214.8,1,7214.8,1,7214.8,0,0.0,100.0,100.0
2025-12-01,SUP-017,Supplier 017,South Korea,APAC,PLT-03,Tokyo Precision,Japan,APAC,Government,France,1,86961.12,1,86961.12,1,86961.12,0,0.0,0,0.0,100.0,100.0
2025-12-01,SUP-017,Supplier 017,South Korea,APAC,PLT-06,Sao Paulo Ops,Brazil,LATAM,Enterprise,Canada,1,4359.74,0,0.0,0,0.0,0,0.0,0,0.0,0.0,0.0
2025-12-01,SUP-017,Supplier 017,South Korea,APAC,PLT-08,Taipei Micro,Taiwan,APAC,SMB,USA,1,7228.35,0,0.0,0,0.0,0,0.0,0,0.0,0.0,0.0
2025-12-01,SUP-018,Supplier 018,Taiwan,APAC,PLT-05,Monterrey Plant,Mexico,LATAM,SMB,Canada,1,12703.68,1,12703.68,1,12703.68,1,12703.68,0,0.0,100.0,100.0
2025-12-01,SUP-018,Supplier 018,Taiwan,APAC,PLT-09,Hanoi Assembly,Vietnam,APAC,Government,Singapore,1,22778.25,1,22778.25,1,22778.25,0,0.0,0,0.0,100.0,100.0
2025-12-01,SUP-018,Supplier 018,Taiwan,APAC,PLT-07,Seoul Tech,South Korea,APAC,Enterprise,Germany,1,2340.17,1,2340.17,1,2340.17,0,0.0,0,0.0,100.0,100.0
2025-12-01,SUP-018,Supplier 018,Taiwan,APAC,PLT-00,Shanghai Hub,China,APAC,SMB,Australia,1,37633.6,1,37633.6,1,37633.6,0,0.0,0,0.0,100.0,100.0
2025-12-01,SUP-018,Supplier 018,Taiwan,APAC,PLT-06,Sao Paulo Ops,Brazil,LATAM,Enterprise,USA,1,54151.2,0,0.0,0,0.0,0,0.0,0,0.0,0.0,0.0
2025-12-01,SUP-018,Supplier 018,Taiwan,APAC,PLT-05,Monterrey Plant,Mexico,LATAM,SMB,UK,1,3923.1,1,3923.1,1,3923.1,0,0.0,0,0.0,100.0,100.0
2025-12-01,SUP-018,Supplier 018,Taiwan,APAC,PLT-08,Taipei Micro,Taiwan,APAC,SMB,UK,1,29178.03,1,29178.03,0,0.0,1,29178.03,0,0.0,100.0,100.0
2025-12-01,SUP-018,Supplier 018,Taiwan,APAC,PLT-09,Hanoi Assembly,Vietnam,APAC,Enterprise,Japan,1,10601.82,1,10601.82,0,0.0,0,0.0,1,10601.82,100.0,100.0
2025-12-01,SUP-019,Supplier 019,Vietnam,APAC,PLT-06,Sao Paulo Ops,Brazil,LATAM,Enterprise,Germany,1,11677.64,1,11677.64,0,0.0,0,0.0,1,11677.64,100.0,100.0
2025-12-01,SUP-019,Supplier 019,Vietnam,APAC,PLT-05,Monterrey Plant,Mexico,LATAM,SMB,Singapore,1,22734.96,1,22734.96,1,22734.96,0,0.0,0,0.0,100.0,100.0
2025-12-01,SUP-019,Supplier 019,Vietnam,APAC,PLT-03,Tokyo Precision,Japan,APAC,Enterprise,France,1,32781.54,1,32781.54,1,32781.54,0,0.0,0,0.0,100.0,100.0
2025-12-01,SUP-019,Supplier 019,Vietnam,APAC,PLT-02,Detroit Works,USA,NA,Government,France,1,25486.23,1,25486.23,0,0.0,1,25486.23,0,0.0,100.0,100.0
2025-12-01,SUP-019,Supplier 019,Vietnam,APAC,PLT-09,Hanoi Assembly,Vietnam,APAC,Enterprise,Singapore,1,6839.25,1,6839.25,1,6839.25,0,0.0,0,0.0,100.0,100.0
2025-12-01,SUP-019,Supplier 019,Vietnam,APAC,PLT-08,Taipei Micro,Taiwan,APAC,Enterprise,Australia,1,70612.2,1,70612.2,1,70612.2,1,70612.2,0,0.0,100.0,100.0
2025-12-01,SUP-019,Supplier 019,Vietnam,APAC,PLT-08,Taipei Micro,Taiwan,APAC,SMB,Canada,1,5880.4,1,5880.4,0,0.0,1,5880.4,0,0.0,100.0,100.0
2025-12-01,SUP-019,Supplier 019,Vietnam,APAC,PLT-01,Munich Center,Germany,EMEA,Enterprise,Canada,1,6457.74,0,0.0,0,0.0,0,0.0,0,0.0,0.0,0.0
2025-12-01,SUP-019,Supplier 019,Vietnam,APAC,PLT-00,Shanghai Hub,China,APAC,SMB,UK,1,20663.91,1,20663.91,1,20663.91,0,0.0,0,0.0,100.0,100.0
2025-12-01,SUP-019,Supplier 019,Vietnam,APAC,PLT-02,Detroit Works,USA,NA,Government,USA,1,1549.52,1,1549.52,0,0.0,0,0.0,1,1549.52,100.0,100.0
2025-12-01,SUP-019,Supplier 019,Vietnam,APAC,PLT-00,Shanghai Hub,China,APAC,SMB,Germany,1,57482.75,1,57482.75,1,57482.75,0,0.0,0,0.0,100.0,100.0
2025-12-01,SUP-019,Supplier 019,Vietnam,APAC,PLT-09,Hanoi Assembly,Vietnam,APAC,SMB,Germany,1,3613.61,1,3613.61,1,3613.61,1,3613.61,0,0.0,100.0,100.0
2025-12-01,SUP-019,Supplier 019,Vietnam,APAC,PLT-05,Monterrey Plant,Mexico,LATAM,SMB,UK,1,34140.39,1,34140.39,0,0.0,1,34140.39,0,0.0,100.0,100.0
2025-12-01,SUP-020,Supplier 020,China,APAC,PLT-06,Sao Paulo Ops,Brazil,LATAM,SMB,Singapore,1,22377.04,1,22377.04,1,22377.04,0,0.0,0,0.0,100.0,100.0
2025-12-01,SUP-020,Supplier 020,China,APAC,PLT-02,Detroit Works,USA,NA,Enterprise,Germany,1,1587.0,1,1587.0,1,1587.0,0,0.0,0,0.0,100.0,100.0
2025-12-01,SUP-020,Supplier 020,China,APAC,PLT-02,Detroit Works,USA,NA,SMB,Germany,1,36074.16,1,36074.16,1,36074.16,0,0.0,0,0.0,100.0,100.0
2025-12-01,SUP-020,Supplier 020,China,APAC,PLT-08,Taipei Micro,Taiwan,APAC,SMB,Germany,1,7935.2,1,7935.2,1,7935.2,0,0.0,0,0.0,100.0,100.0
2025-12-01,SUP-020,Supplier 020,China,APAC,PLT-00,Shanghai Hub,China,APAC,SMB,Australia,1,4489.8,1,4489.8,1,4489.8,0,0.0,0,0.0,100.0,100.0
2025-12-01,SUP-020,Supplier 020,China,APAC,PLT-05,Monterrey Plant,Mexico,LATAM,SMB,France,1,1818.32,1,1818.32,1,1818.32,1,1818.32,0,0.0,100.0,100.0
2025-12-01,SUP-020,Supplier 020,China,APAC,PLT-01,Munich Center,Germany,EMEA,SMB,Canada,1,28735.44,1,28735.44,1,28735.44,0,0.0,0,0.0,100.0,100.0
2025-12-01,SUP-021,Supplier 021,Germany,EMEA,PLT-09,Hanoi Assembly,Vietnam,APAC,SMB,Canada,1,40196.9,0,0.0,0,0.0,0,0.0,0,0.0,0.0,0.0
2025-12-01,SUP-021,Supplier 021,Germany,EMEA,PLT-07,Seoul Tech,South Korea,APAC,Enterprise,Canada,1,25127.85,1,25127.85,1,25127.85,0,0.0,0,0.0,100.0,100.0
2025-12-01,SUP-021,Supplier 021,Germany,EMEA,PLT-02,Detroit Works,USA,NA,SMB,Canada,1,14794.25,1,14794.25,0,0.0,1,14794.25,0,0.0,100.0,100.0
2025-12-01,SUP-021,Supplier 021,Germany,EMEA,PLT-08,Taipei Micro,Taiwan,APAC,SMB,UK,1,25608.96,1,25608.96,0,0.0,1,25608.96,0,0.0,100.0,100.0
2025-12-01,SUP-021,Supplier 021,Germany,EMEA,PLT-02,Detroit Works,USA,NA,SMB,UK,1,51796.64,0,0.0,0,0.0,0,0.0,0,0.0,0.0,0.0
2025-12-01,SUP-021,Supplier 021,Germany,EMEA,PLT-07,Seoul Tech,South Korea,APAC,Enterprise,France,1,419.2,1,419.2,1,419.2,0,0.0,0,0.0,100.0,100.0
2025-12-01,SUP-021,Supplier 021,Germany,EMEA,PLT-05,Monterrey Plant,Mexico,LATAM,SMB,Australia,1,53261.4,1,53261.4,1,53261.4,0,0.0,0,0.0,100.0,100.0
2025-12-01,SUP-022,Supplier 022,USA,NA,PLT-00,Shanghai Hub,China,APAC,Government,UK,1,16207.95,1,16207.95,1,16207.95,1,16207.95,0,0.0,100.0,100.0
2025-12-01,SUP-022,Supplier 022,USA,NA,PLT-03,Tokyo Precision,Japan,APAC,SMB,Australia,1,5404.56,1,5404.56,1,5404.56,0,0.0,0,0.0,100.0,100.0
2025-12-01,SUP-023,Supplier 023,Japan,APAC,PLT-03,Tokyo Precision,Japan,APAC,SMB,Canada,1,15172.41,1,15172.41,1,15172.41,0,0.0,0,0.0,100.0,100.0
2025-12-01,SUP-023,Supplier 023,Japan,APAC,PLT-01,Munich Center,Germany,EMEA,Enterprise,Singapore,1,5719.46,1,5719.46,1,5719.46,1,5719.46,0,0.0,100.0,100.0
2025-12-01,SUP-023,Supplier 023,Japan,APAC,PLT-09,Hanoi Assembly,Vietnam,APAC,SMB,Australia,1,71713.8,1,71713.8,1,71713.8,0,0.0,0,0.0,100.0,100.0
2025-12-01,SUP-023,Supplier 023,Japan,APAC,PLT-00,Shanghai Hub,China,APAC,SMB,France,1,13068.0,1,13068.0,1,13068.0,0,0.0,0,0.0,100.0,100.0
2025-12-01,SUP-023,Supplier 023,Japan,APAC,PLT-02,Detroit Works,USA,NA,Government,Canada,1,88589.02,1,88589.02,1,88589.02,0,0.0,0,0.0,100.0,100.0
2025-12-01,SUP-023,Supplier 023,Japan,APAC,PLT-06,Sao Paulo Ops,Brazil,LATAM,SMB,Singapore,1,40228.8,1,40228.8,1,40228.8,0,0.0,0,0.0,100.0,100.0
2025-12-01,SUP-023,Supplier 023,Japan,APAC,PLT-03,Tokyo Precision,Japan,APAC,Government,Singapore,1,9363.58,1,9363.58,0,0.0,1,9363.58,0,0.0,100.0,100.0
2025-12-01,SUP-023,Supplier 023,Japan,APAC,PLT-07,Seoul Tech,South Korea,APAC,SMB,UK,1,1060.29,0,0.0,0,0.0,0,0.0,0,0.0,0.0,0.0
2025-12-01,SUP-023,Supplier 023,Japan,APAC,PLT-09,Hanoi Assembly,Vietnam,APAC,Enterprise,UK,1,52895.2,1,52895.2,1,52895.2,0,0.0,0,0.0,100.0,100.0
2025-12-01,SUP-023,Supplier 023,Japan,APAC,PLT-08,Taipei Micro,Taiwan,APAC,SMB,UK,1,1226.64,1,1226.64,1,1226.64,1,1226.64,0,0.0,100.0,100.0
2025-12-01,SUP-024,Supplier 024,India,APAC,PLT-06,Sao Paulo Ops,Brazil,LATAM,Government,Canada,1,29313.36,1,29313.36,0,0.0,0,0.0,1,29313.36,100.0,100.0
2025-12-01,SUP-024,Supplier 024,India,APAC,PLT-06,Sao Paulo Ops,Brazil,LATAM,Enterprise,France,1,22736.8,0,0.0,0,0.0,0,0.0,0,0.0,0.0,0.0
2025-12-01,SUP-024,Supplier 024,India,APAC,PLT-09,Hanoi Assembly,Vietnam,APAC,SMB,UK,1,14601.6,1,14601.6,1,14601.6,1,14601.6,0,0.0,100.0,100.0
2025-12-01,SUP-024,Supplier 024,India,APAC,PLT-00,Shanghai Hub,China,APAC,SMB,UK,1,658.41,1,658.41,1,658.41,0,0.0,0,0.0,100.0,100.0
2025-12-01,SUP-024,Supplier 024,India,APAC,PLT-06,Sao Paulo Ops,Brazil,LATAM,Government,Germany,1,3489.3,0,0.0,0,0.0,0,0.0,0,0.0,0.0,0.0
2025-12-01,SUP-024,Supplier 024,India,APAC,PLT-02,Detroit Works,USA,NA,SMB,France,1,1573.35,0,0.0,0,0.0,0,0.0,0,0.0,0.0,0.0
2025-12-01,SUP-024,Supplier 024,India,APAC,PLT-04,Chennai Forge,India,APAC,Government,USA,1,17002.8,1,17002.8,1,17002.8,0,0.0,0,0.0,100.0,100.0
2025-12-01,SUP-024,Supplier 024,India,APAC,PLT-02,Detroit Works,USA,NA,SMB,Australia,1,76880.5,0,0.0,0,0.0,0,0.0,0,0.0,0.0,0.0
2025-12-01,SUP-024,Supplier 024,India,APAC,PLT-08,Taipei Micro,Taiwan,APAC,SMB,Australia,1,15820.2,1,15820.2,1,15820.2,1,15820.2,0,0.0,100.0,100.0
2025-12-01,SUP-025,Supplier 025,Mexico,LATAM,PLT-00,Shanghai Hub,China,APAC,SMB,France,1,13033.6,1,13033.6,1,13033.6,0,0.0,0,0.0,100.0,100.0
2025-12-01,SUP-025,Supplier 025,Mexico,LATAM,PLT-03,Tokyo Precision,Japan,APAC,Government,Singapore,1,684.58,1,684.58,1,684.58,0,0.0,0,0.0,100.0,100.0
2025-12-01,SUP-025,Supplier 025,Mexico,LATAM,PLT-04,Chennai Forge,India,APAC,SMB,Australia,1,40304.34,1,40304.34,1,40304.34,0,0.0,0,0.0,100.0,100.0
2025-12-01,SUP-025,Supplier 025,Mexico,LATAM,PLT-04,Chennai Forge,India,APAC,Government,Germany,1,18565.47,1,18565.47,1,18565.47,1,18565.47,0,0.0,100.0,100.0
2025-12-01,SUP-025,Supplier 025,Mexico,LATAM,PLT-05,Monterrey Plant,Mexico,LATAM,SMB,UK,1,5362.2,1,5362.2,1,5362.2,0,0.0,0,0.0,100.0,100.0
2025-12-01,SUP-026,Supplier 026,Brazil,LATAM,PLT-02,Detroit Works,USA,NA,Government,Singapore,1,4865.51,1,4865.51,1,4865.51,0,0.0,0,0.0,100.0,100.0
2025-12-01,SUP-026,Supplier 026,Brazil,LATAM,PLT-04,Chennai Forge,India,APAC,SMB,Canada,1,50.5,1,50.5,1,50.5,0,0.0,0,0.0,100.0,100.0
2025-12-01,SUP-026,Supplier 026,Brazil,LATAM,PLT-02,Detroit Works,USA,NA,SMB,Japan,1,22731.39,1,22731.39,1,22731.39,0,0.0,0,0.0,100.0,100.0
2025-12-01,SUP-026,Supplier 026,Brazil,LATAM,PLT-09,Hanoi Assembly,Vietnam,APAC,Enterprise,Singapore,2,17063.55,1,10080.27,1,10080.27,0,0.0,0,0.0,50.0,59.07
2025-12-01,SUP-026,Supplier 026,Brazil,LATAM,PLT-02,Detroit Works,USA,NA,Enterprise,Australia,1,14914.62,1,14914.62,0,0.0,0,0.0,1,14914.62,100.0,100.0
2025-12-01,SUP-026,Supplier 026,Brazil,LATAM,PLT-03,Tokyo Precision,Japan,APAC,Enterprise,Germany,1,33948.82,1,33948.82,1,33948.82,0,0.0,0,0.0,100.0,100.0
2025-12-01,SUP-026,Supplier 026,Brazil,LATAM,PLT-08,Taipei Micro,Taiwan,APAC,SMB,Germany,1,10611.97,1,10611.97,1,10611.97,0,0.0,0,0.0,100.0,100.0
2025-12-01,SUP-026,Supplier 026,Brazil,LATAM,PLT-07,Seoul Tech,South Korea,APAC,Enterprise,USA,1,29466.8,1,29466.8,0,0.0,0,0.0,1,29466.8,100.0,100.0
2025-12-01,SUP-027,Supplier 027,South Korea,APAC,PLT-03,Tokyo Precision,Japan,APAC,SMB,Singapore,1,14822.16,1,14822.16,1,14822.16,0,0.0,0,0.0,100.0,100.0
2025-12-01,SUP-027,Supplier 027,South Korea,APAC,PLT-06,Sao Paulo Ops,Brazil,LATAM,Enterprise,Japan,1,9050.94,1,9050.94,1,9050.94,0,0.0,0,0.0,100.0,100.0
2025-12-01,SUP-027,Supplier 027,South Korea,APAC,PLT-03,Tokyo Precision,Japan,APAC,Enterprise,Australia,1,18623.22,1,18623.22,1,18623.22,0,0.0,0,0.0,100.0,100.0
2025-12-01,SUP-027,Supplier 027,South Korea,APAC,PLT-02,Detroit Works,USA,NA,SMB,Germany,1,23793.61,0,0.0,0,0.0,0,0.0,0,0.0,0.0,0.0
2025-12-01,SUP-027,Supplier 027,South Korea,APAC,PLT-01,Munich Center,Germany,EMEA,Enterprise,Canada,1,45264.96,0,0.0,0,0.0,0,0.0,0,0.0,0.0,0.0
2025-12-01,SUP-027,Supplier 027,South Korea,APAC,PLT-01,Munich Center,Germany,EMEA,SMB,France,1,18050.4,1,18050.4,1,18050.4,1,18050.4,0,0.0,100.0,100.0
2025-12-01,SUP-028,Supplier 028,Taiwan,APAC,PLT-02,Detroit Works,USA,NA,Enterprise,UK,1,10307.2,0,0.0,0,0.0,0,0.0,0,0.0,0.0,0.0
2025-12-01,SUP-028,Supplier 028,Taiwan,APAC,PLT-07,Seoul Tech,South Korea,APAC,Enterprise,Germany,1,6550.05,1,6550.05,0,0.0,0,0.0,1,6550.05,100.0,100.0
2025-12-01,SUP-028,Supplier 028,Taiwan,APAC,PLT-00,Shanghai Hub,China,APAC,Enterprise,USA,1,28184.03,1,28184.03,0,0.0,0,0.0,1,28184.03,100.0,100.0
2025-12-01,SUP-028,Supplier 028,Taiwan,APAC,PLT-04,Chennai Forge,India,APAC,SMB,UK,1,34978.34,1,34978.34,1,34978.34,0,0.0,0,0.0,100.0,100.0
2025-12-01,SUP-028,Supplier 028,Taiwan,APAC,PLT-00,Shanghai Hub,China,APAC,Government,Germany,1,2391.9,1,2391.9,1,2391.9,0,0.0,0,0.0,100.0,100.0
2025-12-01,SUP-028,Supplier 028,Taiwan,APAC,PLT-02,Detroit Works,USA,NA,Enterprise,USA,1,30250.29,1,30250.29,1,30250.29,1,30250.29,0,0.0,100.0,100.0
2025-12-01,SUP-028,Supplier 028,Taiwan,APAC,PLT-03,Tokyo Precision,Japan,APAC,SMB,Germany,1,15061.23,1,15061.23,1,15061.23,0,0.0,0,0.0,100.0,100.0
2025-12-01,SUP-028,Supplier 028,Taiwan,APAC,PLT-06,Sao Paulo Ops,Brazil,LATAM,SMB,Singapore,1,2200.8,1,2200.8,1,2200.8,0,0.0,0,0.0,100.0,100.0
2025-12-01,SUP-028,Supplier 028,Taiwan,APAC,PLT-00,Shanghai Hub,China,APAC,Government,USA,1,33883.5,1,33883.5,1,33883.5,0,0.0,0,0.0,100.0,100.0
2025-12-01,SUP-028,Supplier 028,Taiwan,APAC,PLT-05,Monterrey Plant,Mexico,LATAM,SMB,Singapore,1,28384.56,0,0.0,0,0.0,0,0.0,0,0.0,0.0,0.0
2025-12-01,SUP-028,Supplier 028,Taiwan,APAC,PLT-09,Hanoi Assembly,Vietnam,APAC,SMB,Germany,1,21560.64,1,21560.64,0,0.0,1,21560.64,0,0.0,100.0,100.0
2025-12-01,SUP-028,Supplier 028,Taiwan,APAC,PLT-09,Hanoi Assembly,Vietnam,APAC,Government,Australia,1,20449.4,1,20449.4,0,0.0,0,0.0,1,20449.4,100.0,100.0
2025-12-01,SUP-029,Supplier 029,Vietnam,APAC,PLT-00,Shanghai Hub,China,APAC,SMB,Singapore,2,42115.84,2,42115.84,2,42115.84,0,0.0,0,0.0,100.0,100.0
2025-12-01,SUP-029,Supplier 029,Vietnam,APAC,PLT-00,Shanghai Hub,China,APAC,SMB,Canada,1,1270.5,1,1270.5,1,1270.5,0,0.0,0,0.0,100.0,100.0
2025-12-01,SUP-029,Supplier 029,Vietnam,APAC,PLT-03,Tokyo Precision,Japan,APAC,SMB,UK,1,13680.0,1,13680.0,1,13680.0,0,0.0,0,0.0,100.0,100.0
2025-12-01,SUP-029,Supplier 029,Vietnam,APAC,PLT-06,Sao Paulo Ops,Brazil,LATAM,Enterprise,USA,1,3472.35,1,3472.35,1,3472.35,0,0.0,0,0.0,100.0,100.0
2025-12-01,SUP-029,Supplier 029,Vietnam,APAC,PLT-06,Sao Paulo Ops,Brazil,LATAM,SMB,UK,1,28278.8,1,28278.8,0,0.0,0,0.0,1,28278.8,100.0,100.0
2025-12-01,SUP-029,Supplier 029,Vietnam,APAC,PLT-04,Chennai Forge,India,APAC,SMB,Australia,1,680.68,0,0.0,0,0.0,0,0.0,0,0.0,0.0,0.0
2025-12-01,SUP-029,Supplier 029,Vietnam,APAC,PLT-04,Chennai Forge,India,APAC,Government,Germany,1,7279.35,1,7279.35,1,7279.35,1,7279.35,0,0.0,100.0,100.0
2025-12-01,SUP-029,Supplier 029,Vietnam,APAC,PLT-06,Sao Paulo Ops,Brazil,LATAM,SMB,Canada,1,5940.4,1,5940.4,1,5940.4,0,0.0,0,0.0,100.0,100.0
2025-12-01,SUP-029,Supplier 029,Vietnam,APAC,PLT-02,Detroit Works,USA,NA,SMB,Australia,1,292.12,1,292.12,0,0.0,0,0.0,1,292.12,100.0,100.0
2025-12-01,SUP-029,Supplier 029,Vietnam,APAC,PLT-04,Chennai Forge,India,APAC,SMB,Canada,1,13131.04,1,13131.04,1,13131.04,0,0.0,0,0.0,100.0,100.0
2025-12-01,SUP-029,Supplier 029,Vietnam,APAC,PLT-08,Taipei Micro,Taiwan,APAC,SMB,Canada,1,14798.52,1,14798.52,1,14798.52,0,0.0,0,0.0,100.0,100.0
2025-12-01,SUP-029,Supplier 029,Vietnam,APAC,PLT-06,Sao Paulo Ops,Brazil,LATAM,SMB,Australia,1,7703.5,1,7703.5,0,0.0,0,0.0,1,7703.5,100.0,100.0
2025-12-01,SUP-029,Supplier 029,Vietnam,APAC,PLT-05,Monterrey Plant,Mexico,LATAM,Enterprise,Germany,1,3271.2,1,3271.2,1,3271.2,0,0.0,0,0.0,100.0,100.0
2025-12-01,SUP-029,Supplier 029,Vietnam,APAC,PLT-07,Seoul Tech,South Korea,APAC,Government,USA,1,14448.14,1,14448.14,1,14448.14,0,0.0,0,0.0,100.0,100.0
2025-12-01,SUP-029,Supplier 029,Vietnam,APAC,PLT-02,Detroit Works,USA,NA,Government,USA,1,309.68,0,0.0,0,0.0,0,0.0,0,0.0,0.0,0.0
2025-12-01,SUP-030,Supplier 030,China,APAC,PLT-04,Chennai Forge,India,APAC,SMB,UK,1,19979.25,1,19979.25,1,19979.25,0,0.0,0,0.0,100.0,100.0
2025-12-01,SUP-030,Supplier 030,China,APAC,PLT-09,Hanoi Assembly,Vietnam,APAC,Government,Germany,1,26869.92,1,26869.92,1,26869.92,0,0.0,0,0.0,100.0,100.0
2025-12-01,SUP-030,Supplier 030,China,APAC,PLT-03,Tokyo Precision,Japan,APAC,Government,Germany,1,11624.06,1,11624.06,1,11624.06,1,11624.06,0,0.0,100.0,100.0
2025-12-01,SUP-030,Supplier 030,China,APAC,PLT-04,Chennai Forge,India,APAC,SMB,Canada,1,15211.2,1,15211.2,0,0.0,0,0.0,1,15211.2,100.0,100.0
2025-12-01,SUP-030,Supplier 030,China,APAC,PLT-03,Tokyo Precision,Japan,APAC,SMB,Germany,1,63524.04,1,63524.04,1,63524.04,1,63524.04,0,0.0,100.0,100.0
2025-12-01,SUP-030,Supplier 030,China,APAC,PLT-02,Detroit Works,USA,NA,Government,UK,1,22270.5,1,22270.5,0,0.0,1,22270.5,0,0.0,100.0,100.0
2025-12-01,SUP-030,Supplier 030,China,APAC,PLT-08,Taipei Micro,Taiwan,APAC,Government,Singapore,1,14263.41,1,14263.41,1,14263.41,0,0.0,0,0.0,100.0,100.0
2025-12-01,SUP-031,Supplier 031,Germany,EMEA,PLT-06,Sao Paulo Ops,Brazil,LATAM,SMB,Singapore,1,26833.8,1,26833.8,1,26833.8,0,0.0,0,0.0,100.0,100.0
2025-12-01,SUP-031,Supplier 031,Germany,EMEA,PLT-04,Chennai Forge,India,APAC,Government,Germany,1,7547.4,1,7547.4,0,0.0,0,0.0,1,7547.4,100.0,100.0
2025-12-01,SUP-031,Supplier 031,Germany,EMEA,PLT-02,Detroit Works,USA,NA,Enterprise,USA,1,23472.75,1,23472.75,1,23472.75,0,0.0,0,0.0,100.0,100.0
2025-12-01,SUP-031,Supplier 031,Germany,EMEA,PLT-01,Munich Center,Germany,EMEA,SMB,Germany,1,148.46,1,148.46,1,148.46,0,0.0,0,0.0,100.0,100.0
2025-12-01,SUP-031,Supplier 031,Germany,EMEA,PLT-06,Sao Paulo Ops,Brazil,LATAM,SMB,France,1,54646.2,1,54646.2,0,0.0,0,0.0,1,54646.2,100.0,100.0
2025-12-01,SUP-031,Supplier 031,Germany,EMEA,PLT-05,Monterrey Plant,Mexico,LATAM,SMB,UK,1,39641.49,1,39641.49,1,39641.49,1,39641.49,0,0.0,100.0,100.0
2025-12-01,SUP-032,Supplier 032,USA,NA,PLT-06,Sao Paulo Ops,Brazil,LATAM,Enterprise,France,1,4305.82,1,4305.82,1,4305.82,0,0.0,0,0.0,100.0,100.0
2025-12-01,SUP-032,Supplier 032,USA,NA,PLT-08,Taipei Micro,Taiwan,APAC,SMB,Singapore,1,11106.7,1,11106.7,1,11106.7,0,0.0,0,0.0,100.0,100.0
2025-12-01,SUP-032,Supplier 032,USA,NA,PLT-00,Shanghai Hub,China,APAC,SMB,Singapore,1,9523.23,1,9523.23,0,0.0,0,0.0,1,9523.23,100.0,100.0
2025-12-01,SUP-032,Supplier 032,USA,NA,PLT-08,Taipei Micro,Taiwan,APAC,SMB,Germany,1,33793.6,1,33793.6,1,33793.6,0,0.0,0,0.0,100.0,100.0
2025-12-01,SUP-033,Supplier 033,Japan,APAC,PLT-06,Sao Paulo Ops,Brazil,LATAM,Enterprise,UK,1,4180.56,0,0.0,0,0.0,0,0.0,0,0.0,0.0,0.0
2025-12-01,SUP-033,Supplier 033,Japan,APAC,PLT-09,Hanoi Assembly,Vietnam,APAC,Government,Germany,1,6892.76,1,6892.76,1,6892.76,0,0.0,0,0.0,100.0,100.0
2025-12-01,SUP-033,Supplier 033,Japan,APAC,PLT-09,Hanoi Assembly,Vietnam,APAC,Enterprise,France,1,21454.16,1,21454.16,1,21454.16,0,0.0,0,0.0,100.0,100.0
2025-12-01,SUP-033,Supplier 033,Japan,APAC,PLT-08,Taipei Micro,Taiwan,APAC,Government,Canada,1,24298.56,1,24298.56,1,24298.56,0,0.0,0,0.0,100.0,100.0
2025-12-01,SUP-033,Supplier 033,Japan,APAC,PLT-02,Detroit Works,USA,NA,SMB,USA,1,8648.6,0,0.0,0,0.0,0,0.0,0,0.0,0.0,0.0
2025-12-01,SUP-034,Supplier 034,India,APAC,PLT-04,Chennai Forge,India,APAC,Enterprise,Japan,1,3438.82,1,3438.82,1,3438.82,0,0.0,0,0.0,100.0,100.0
2025-12-01,SUP-034,Supplier 034,India,APAC,PLT-04,Chennai Forge,India,APAC,Enterprise,France,1,37716.25,1,37716.25,1,37716.25,0,0.0,0,0.0,100.0,100.0
2025-12-01,SUP-034,Supplier 034,India,APAC,PLT-01,Munich Center,Germany,EMEA,Enterprise,USA,1,11777.58,0,0.0,0,0.0,0,0.0,0,0.0,0.0,0.0
2025-12-01,SUP-034,Supplier 034,India,APAC,PLT-03,Tokyo Precision,Japan,APAC,Government,USA,1,24325.06,1,24325.06,1,24325.06,1,24325.06,0,0.0,100.0,100.0
2025-12-01,SUP-035,Supplier 035,Mexico,LATAM,PLT-04,Chennai Forge,India,APAC,SMB,Australia,1,10195.5,1,10195.5,1,10195.5,0,0.0,0,0.0,100.0,100.0
2025-12-01,SUP-035,Supplier 035,Mexico,LATAM,PLT-01,Munich Center,Germany,EMEA,SMB,Japan,1,1328.64,1,1328.64,0,0.0,1,1328.64,0,0.0,100.0,100.0
2025-12-01,SUP-035,Supplier 035,Mexico,LATAM,PLT-02,Detroit Works,USA,NA,Government,USA,1,3469.2,1,3469.2,1,3469.2,0,0.0,0,0.0,100.0,100.0
2025-12-01,SUP-035,Supplier 035,Mexico,LATAM,PLT-00,Shanghai Hub,China,APAC,Enterprise,France,1,12825.26,1,12825.26,0,0.0,0,0.0,1,12825.26,100.0,100.0
2025-12-01,SUP-035,Supplier 035,Mexico,LATAM,PLT-02,Detroit Works,USA,NA,SMB,Canada,1,107290.85,1,107290.85,1,107290.85,0,0.0,0,0.0,100.0,100.0
2025-12-01,SUP-035,Supplier 035,Mexico,LATAM,PLT-09,Hanoi Assembly,Vietnam,APAC,Government,Australia,1,18973.44,1,18973.44,1,18973.44,0,0.0,0,0.0,100.0,100.0
2025-12-01,SUP-035,Supplier 035,Mexico,LATAM,PLT-03,Tokyo Precision,Japan,APAC,SMB,Australia,1,2559.79,1,2559.79,1,2559.79,0,0.0,0,0.0,100.0,100.0
2025-12-01,SUP-036,Supplier 036,Brazil,LATAM,PLT-00,Shanghai Hub,China,APAC,SMB,France,2,28381.36,1,8547.2,1,8547.2,0,0.0,0,0.0,50.0,30.12
2025-12-01,SUP-036,Supplier 036,Brazil,LATAM,PLT-03,Tokyo Precision,Japan,APAC,Enterprise,USA,1,1431.36,1,1431.36,1,1431.36,0,0.0,0,0.0,100.0,100.0
2025-12-01,SUP-036,Supplier 036,Brazil,LATAM,PLT-07,Seoul Tech,South Korea,APAC,SMB,Singapore,1,33912.44,1,33912.44,1,33912.44,0,0.0,0,0.0,100.0,100.0
2025-12-01,SUP-036,Supplier 036,Brazil,LATAM,PLT-08,Taipei Micro,Taiwan,APAC,SMB,UK,1,52597.5,1,52597.5,0,0.0,0,0.0,1,52597.5,100.0,100.0
2025-12-01,SUP-037,Supplier 037,South Korea,APAC,PLT-02,Detroit Works,USA,NA,SMB,Japan,1,18509.4,0,0.0,0,0.0,0,0.0,0,0.0,0.0,0.0
2025-12-01,SUP-037,Supplier 037,South Korea,APAC,PLT-07,Seoul Tech,South Korea,APAC,Government,USA,1,7955.64,0,0.0,0,0.0,0,0.0,0,0.0,0.0,0.0
2025-12-01,SUP-037,Supplier 037,South Korea,APAC,PLT-00,Shanghai Hub,China,APAC,SMB,France,1,2498.09,1,2498.09,0,0.0,0,0.0,1,2498.09,100.0,100.0
2025-12-01,SUP-037,Supplier 037,South Korea,APAC,PLT-07,Seoul Tech,South Korea,APAC,Enterprise,Canada,1,83296.1,1,83296.1,1,83296.1,1,83296.1,0,0.0,100.0,100.0
2025-12-01,SUP-037,Supplier 037,South Korea,APAC,PLT-02,Detroit Works,USA,NA,Enterprise,Japan,1,739.62,1,739.62,1,739.62,1,739.62,0,0.0,100.0,100.0
2025-12-01,SUP-037,Supplier 037,South Korea,APAC,PLT-01,Munich Center,Germany,EMEA,Enterprise,USA,1,6050.13,1,6050.13,1,6050.13,1,6050.13,0,0.0,100.0,100.0
2025-12-01,SUP-038,Supplier 038,Taiwan,APAC,PLT-01,Munich Center,Germany,EMEA,SMB,Australia,1,13505.58,1,13505.58,1,13505.58,0,0.0,0,0.0,100.0,100.0
2025-12-01,SUP-038,Supplier 038,Taiwan,APAC,PLT-03,Tokyo Precision,Japan,APAC,SMB,Singapore,1,25242.84,0,0.0,0,0.0,0,0.0,0,0.0,0.0,0.0
2025-12-01,SUP-038,Supplier 038,Taiwan,APAC,PLT-02,Detroit Works,USA,NA,Enterprise,Australia,1,24871.55,1,24871.55,1,24871.55,0,0.0,0,0.0,100.0,100.0
2025-12-01,SUP-038,Supplier 038,Taiwan,APAC,PLT-06,Sao Paulo Ops,Brazil,LATAM,SMB,Singapore,1,20584.41,0,0.0,0,0.0,0,0.0,0,0.0,0.0,0.0
2025-12-01,SUP-038,Supplier 038,Taiwan,APAC,PLT-00,Shanghai Hub,China,APAC,Government,Canada,1,6211.6,1,6211.6,1,6211.6,0,0.0,0,0.0,100.0,100.0
2025-12-01,SUP-038,Supplier 038,Taiwan,APAC,PLT-00,Shanghai Hub,China,APAC,Government,Singapore,1,1286.76,1,1286.76,0,0.0,0,0.0,1,1286.76,100.0,100.0
2025-12-01,SUP-038,Supplier 038,Taiwan,APAC,PLT-07,Seoul Tech,South Korea,APAC,SMB,Germany,1,13456.5,0,0.0,0,0.0,0,0.0,0,0.0,0.0,0.0
2025-12-01,SUP-038,Supplier 038,Taiwan,APAC,PLT-05,Monterrey Plant,Mexico,LATAM,SMB,USA,1,29748.6,1,29748.6,1,29748.6,0,0.0,0,0.0,100.0,100.0
2025-12-01,SUP-038,Supplier 038,Taiwan,APAC,PLT-03,Tokyo Precision,Japan,APAC,SMB,UK,1,3340.82,1,3340.82,1,3340.82,0,0.0,0,0.0,100.0,100.0
2025-12-01,SUP-038,Supplier 038,Taiwan,APAC,PLT-01,Munich Center,Germany,EMEA,Government,France,1,44437.9,1,44437.9,1,44437.9,0,0.0,0,0.0,100.0,100.0
2025-12-01,SUP-038,Supplier 038,Taiwan,APAC,PLT-08,Taipei Micro,Taiwan,APAC,SMB,Germany,1,17125.08,1,17125.08,0,0.0,0,0.0,1,17125.08,100.0,100.0
2025-12-01,SUP-039,Supplier 039,Vietnam,APAC,PLT-05,Monterrey Plant,Mexico,LATAM,Government,Singapore,1,67454.4,0,0.0,0,0.0,0,0.0,0,0.0,0.0,0.0
2025-12-01,SUP-039,Supplier 039,Vietnam,APAC,PLT-09,Hanoi Assembly,Vietnam,APAC,Government,Germany,1,5833.03,1,5833.03,1,5833.03,1,5833.03,0,0.0,100.0,100.0
2025-12-01,SUP-039,Supplier 039,Vietnam,APAC,PLT-03,Tokyo Precision,Japan,APAC,SMB,UK,1,10377.64,0,0.0,0,0.0,0,0.0,0,0.0,0.0,0.0
2025-12-01,SUP-039,Supplier 039,Vietnam,APAC,PLT-01,Munich Center,Germany,EMEA,SMB,Australia,1,49696.7,1,49696.7,1,49696.7,0,0.0,0,0.0,100.0,100.0
2025-12-01,SUP-039,Supplier 039,Vietnam,APAC,PLT-08,Taipei Micro,Taiwan,APAC,SMB,Japan,1,9652.68,1,9652.68,1,9652.68,0,0.0,0,0.0,100.0,100.0
2025-12-01,SUP-039,Supplier 039,Vietnam,APAC,PLT-06,Sao Paulo Ops,Brazil,LATAM,SMB,Germany,1,4394.25,0,0.0,0,0.0,0,0.0,0,0.0,0.0,0.0
2025-12-01,SUP-039,Supplier 039,Vietnam,APAC,PLT-04,Chennai Forge,India,APAC,SMB,USA,1,4702.2,1,4702.2,1,4702.2,0,0.0,0,0.0,100.0,100.0
2025-12-01,SUP-039,Supplier 039,Vietnam,APAC,PLT-07,Seoul Tech,South Korea,APAC,Government,Japan,1,754.78,0,0.0,0,0.0,0,0.0,0,0.0,0.0,0.0
2025-12-01,SUP-039,Supplier 039,Vietnam,APAC,PLT-09,Hanoi Assembly,Vietnam,APAC,Government,USA,1,15609.51,1,15609.51,1,15609.51,0,0.0,0,0.0,100.0,100.0
2025-12-01,SUP-040,Supplier 040,China,APAC,PLT-03,Tokyo Precision,Japan,APAC,Government,USA,1,1809.6,1,1809.6,1,1809.6,1,1809.6,0,0.0,100.0,100.0
2025-12-01,SUP-040,Supplier 040,China,APAC,PLT-02,Detroit Works,USA,NA,SMB,UK,1,49373.56,1,49373.56,1,49373.56,0,0.0,0,0.0,100.0,100.0
2025-12-01,SUP-040,Supplier 040,China,APAC,PLT-00,Shanghai Hub,China,APAC,SMB,France,1,15675.84,1,15675.84,1,15675.84,1,15675.84,0,0.0,100.0,100.0
2025-12-01,SUP-040,Supplier 040,China,APAC,PLT-06,Sao Paulo Ops,Brazil,LATAM,SMB,UK,1,13852.31,1,13852.31,1,13852.31,0,0.0,0,0.0,100.0,100.0
2025-12-01,SUP-040,Supplier 040,China,APAC,PLT-01,Munich Center,Germany,EMEA,Enterprise,Germany,1,22876.77,1,22876.77,1,22876.77,0,0.0,0,0.0,100.0,100.0
2025-12-01,SUP-040,Supplier 040,China,APAC,PLT-04,Chennai Forge,India,APAC,SMB,Australia,1,1116.72,1,1116.72,0,0.0,0,0.0,1,1116.72,100.0,100.0
2025-12-01,SUP-041,Supplier 041,Germany,EMEA,PLT-01,Munich Center,Germany,EMEA,Government,Germany,1,81690.84,1,81690.84,1,81690.84,1,81690.84,0,0.0,100.0,100.0
2025-12-01,SUP-041,Supplier 041,Germany,EMEA,PLT-02,Detroit Works,USA,NA,SMB,Germany,1,15188.25,1,15188.25,0,0.0,0,0.0,1,15188.25,100.0,100.0
2025-12-01,SUP-041,Supplier 041,Germany,EMEA,PLT-03,Tokyo Precision,Japan,APAC,Government,USA,1,6716.62,1,6716.62,1,6716.62,0,0.0,0,0.0,100.0,100.0
2025-12-01,SUP-041,Supplier 041,Germany,EMEA,PLT-05,Monterrey Plant,Mexico,LATAM,Enterprise,Germany,1,2611.2,0,0.0,0,0.0,0,0.0,0,0.0,0.0,0.0
2025-12-01,SUP-041,Supplier 041,Germany,EMEA,PLT-01,Munich Center,Germany,EMEA,SMB,Australia,1,37160.7,1,37160.7,1,37160.7,0,0.0,0,0.0,100.0,100.0
2025-12-01,SUP-041,Supplier 041,Germany,EMEA,PLT-06,Sao Paulo Ops,Brazil,LATAM,Enterprise,France,1,961.98,1,961.98,1,961.98,0,0.0,0,0.0,100.0,100.0
2025-12-01,SUP-042,Supplier 042,USA,NA,PLT-01,Munich Center,Germany,EMEA,SMB,UK,1,11943.36,1,11943.36,1,11943.36,0,0.0,0,0.0,100.0,100.0
2025-12-01,SUP-042,Supplier 042,USA,NA,PLT-01,Munich Center,Germany,EMEA,SMB,France,1,8971.3,1,8971.3,0,0.0,1,8971.3,0,0.0,100.0,100.0
2025-12-01,SUP-042,Supplier 042,USA,NA,PLT-08,Taipei Micro,Taiwan,APAC,Government,Australia,1,411.06,1,411.06,1,411.06,0,0.0,0,0.0,100.0,100.0
2025-12-01,SUP-042,Supplier 042,USA,NA,PLT-00,Shanghai Hub,China,APAC,Enterprise,Singapore,1,74697.43,1,74697.43,1,74697.43,0,0.0,0,0.0,100.0,100.0
2025-12-01,SUP-042,Supplier 042,USA,NA,PLT-07,Seoul Tech,South Korea,APAC,SMB,UK,1,26338.56,0,0.0,0,0.0,0,0.0,0,0.0,0.0,0.0
2025-12-01,SUP-042,Supplier 042,USA,NA,PLT-09,Hanoi Assembly,Vietnam,APAC,SMB,UK,1,762.3,1,762.3,1,762.3,1,762.3,0,0.0,100.0,100.0
2025-12-01,SUP-042,Supplier 042,USA,NA,PLT-01,Munich Center,Germany,EMEA,Government,Japan,1,19817.94,1,19817.94,1,19817.94,1,19817.94,0,0.0,100.0,100.0
2025-12-01,SUP-042,Supplier 042,USA,NA,PLT-09,Hanoi Assembly,Vietnam,APAC,Government,Australia,1,7016.52,1,7016.52,1,7016.52,0,0.0,0,0.0,100.0,100.0
2025-12-01,SUP-042,Supplier 042,USA,NA,PLT-00,Shanghai Hub,China,APAC,SMB,Canada,1,10918.18,1,10918.18,1,10918.18,0,0.0,0,0.0,100.0,100.0
2025-12-01,SUP-043,Supplier 043,Japan,APAC,PLT-01,Munich Center,Germany,EMEA,Government,Germany,1,3082.02,0,0.0,0,0.0,0,0.0,0,0.0,0.0,0.0
2025-12-01,SUP-043,Supplier 043,Japan,APAC,PLT-02,Detroit Works,USA,NA,Government,USA,1,2007.87,0,0.0,0,0.0,0,0.0,0,0.0,0.0,0.0
2025-12-01,SUP-043,Supplier 043,Japan,APAC,PLT-05,Monterrey Plant,Mexico,LATAM,SMB,France,1,27634.15,1,27634.15,1,27634.15,1,27634.15,0,0.0,100.0,100.0
2025-12-01,SUP-043,Supplier 043,Japan,APAC,PLT-09,Hanoi Assembly,Vietnam,APAC,SMB,Germany,1,8374.2,0,0.0,0,0.0,0,0.0,0,0.0,0.0,0.0
2025-12-01,SUP-043,Supplier 043,Japan,APAC,PLT-05,Monterrey Plant,Mexico,LATAM,Enterprise,USA,1,64490.58,1,64490.58,1,64490.58,0,0.0,0,0.0,100.0,100.0
2025-12-01,SUP-043,Supplier 043,Japan,APAC,PLT-07,Seoul Tech,South Korea,APAC,Enterprise,Germany,1,28044.36,1,28044.36,1,28044.36,1,28044.36,0,0.0,100.0,100.0
2025-12-01,SUP-043,Supplier 043,Japan,APAC,PLT-08,Taipei Micro,Taiwan,APAC,SMB,Canada,1,1230.96,1,1230.96,0,0.0,0,0.0,1,1230.96,100.0,100.0
2025-12-01,SUP-043,Supplier 043,Japan,APAC,PLT-06,Sao Paulo Ops,Brazil,LATAM,SMB,France,1,16115.26,1,16115.26,1,16115.26,0,0.0,0,0.0,100.0,100.0
2025-12-01,SUP-043,Supplier 043,Japan,APAC,PLT-06,Sao Paulo Ops,Brazil,LATAM,SMB,UK,1,3281.6,1,3281.6,0,0.0,1,3281.6,0,0.0,100.0,100.0
2025-12-01,SUP-043,Supplier 043,Japan,APAC,PLT-06,Sao Paulo Ops,Brazil,LATAM,SMB,USA,1,26703.6,1,26703.6,1,26703.6,0,0.0,0,0.0,100.0,100.0
2025-12-01,SUP-043,Supplier 043,Japan,APAC,PLT-07,Seoul Tech,South Korea,APAC,SMB,Canada,1,27083.43,1,27083.43,0,0.0,1,27083.43,0,0.0,100.0,100.0
2025-12-01,SUP-044,Supplier 044,India,APAC,PLT-05,Monterrey Plant,Mexico,LATAM,Government,Canada,1,32954.4,1,32954.4,1,32954.4,0,0.0,0,0.0,100.0,100.0
2025-12-01,SUP-044,Supplier 044,India,APAC,PLT-02,Detroit Works,USA,NA,Enterprise,USA,1,7189.12,1,7189.12,0,0.0,1,7189.12,0,0.0,100.0,100.0
2025-12-01,SUP-044,Supplier 044,India,APAC,PLT-05,Monterrey Plant,Mexico,LATAM,SMB,UK,1,10258.2,1,10258.2,1,10258.2,1,10258.2,0,0.0,100.0,100.0
2025-12-01,SUP-044,Supplier 044,India,APAC,PLT-04,Chennai Forge,India,APAC,SMB,Germany,2,17751.95,1,6480.2,1,6480.2,1,6480.2,0,0.0,50.0,36.5
2025-12-01,SUP-045,Supplier 045,Mexico,LATAM,PLT-07,Seoul Tech,South Korea,APAC,SMB,UK,1,28.84,1,28.84,1,28.84,0,0.0,0,0.0,100.0,100.0
2025-12-01,SUP-045,Supplier 045,Mexico,LATAM,PLT-08,Taipei Micro,Taiwan,APAC,Enterprise,France,1,257.46,1,257.46,1,257.46,0,0.0,0,0.0,100.0,100.0
2025-12-01,SUP-045,Supplier 045,Mexico,LATAM,PLT-01,Munich Center,Germany,EMEA,SMB,Germany,1,12866.38,1,12866.38,1,12866.38,1,12866.38,0,0.0,100.0,100.0
2025-12-01,SUP-045,Supplier 045,Mexico,LATAM,PLT-03,Tokyo Precision,Japan,APAC,Enterprise,USA,1,10365.18,1,10365.18,1,10365.18,0,0.0,0,0.0,100.0,100.0
2025-12-01,SUP-045,Supplier 045,Mexico,LATAM,PLT-09,Hanoi Assembly,Vietnam,APAC,Enterprise,Singapore,1,29103.0,1,29103.0,1,29103.0,0,0.0,0,0.0,100.0,100.0
2025-12-01,SUP-045,Supplier 045,Mexico,LATAM,PLT-00,Shanghai Hub,China,APAC,Enterprise,USA,1,7028.48,0,0.0,0,0.0,0,0.0,0,0.0,0.0,0.0
2025-12-01,SUP-046,Supplier 046,Brazil,LATAM,PLT-02,Detroit Works,USA,NA,Government,Germany,1,4150.48,1,4150.48,1,4150.48,0,0.0,0,0.0,100.0,100.0
2025-12-01,SUP-046,Supplier 046,Brazil,LATAM,PLT-00,Shanghai Hub,China,APAC,Government,Australia,1,43361.26,1,43361.26,1,43361.26,0,0.0,0,0.0,100.0,100.0
2025-12-01,SUP-046,Supplier 046,Brazil,LATAM,PLT-07,Seoul Tech,South Korea,APAC,SMB,USA,1,23216.86,1,23216.86,0,0.0,0,0.0,1,23216.86,100.0,100.0
2025-12-01,SUP-046,Supplier 046,Brazil,LATAM,PLT-09,Hanoi Assembly,Vietnam,APAC,SMB,Australia,1,13022.17,1,13022.17,1,13022.17,0,0.0,0,0.0,100.0,100.0
2025-12-01,SUP-046,Supplier 046,Brazil,LATAM,PLT-09,Hanoi Assembly,Vietnam,APAC,Government,Germany,1,83613.5,1,83613.5,0,0.0,1,83613.5,0,0.0,100.0,100.0
2025-12-01,SUP-046,Supplier 046,Brazil,LATAM,PLT-06,Sao Paulo Ops,Brazil,LATAM,SMB,UK,1,4263.6,1,4263.6,1,4263.6,0,0.0,0,0.0,100.0,100.0
2025-12-01,SUP-047,Supplier 047,South Korea,APAC,PLT-01,Munich Center,Germany,EMEA,Enterprise,Singapore,1,12445.95,1,12445.95,1,12445.95,0,0.0,0,0.0,100.0,100.0
2025-12-01,SUP-047,Supplier 047,South Korea,APAC,PLT-06,Sao Paulo Ops,Brazil,LATAM,Enterprise,Germany,1,3664.25,0,0.0,0,0.0,0,0.0,0,0.0,0.0,0.0
2025-12-01,SUP-047,Supplier 047,South Korea,APAC,PLT-00,Shanghai Hub,China,APAC,Enterprise,UK,1,19849.2,1,19849.2,1,19849.2,0,0.0,0,0.0,100.0,100.0
2025-12-01,SUP-047,Supplier 047,South Korea,APAC,PLT-01,Munich Center,Germany,EMEA,Enterprise,Canada,1,2877.6,0,0.0,0,0.0,0,0.0,0,0.0,0.0,0.0
2025-12-01,SUP-047,Supplier 047,South Korea,APAC,PLT-07,Seoul Tech,South Korea,APAC,SMB,UK,1,9297.54,1,9297.54,1,9297.54,0,0.0,0,0.0,100.0,100.0
2025-12-01,SUP-047,Supplier 047,South Korea,APAC,PLT-08,Taipei Micro,Taiwan,APAC,Enterprise,USA,1,501.3,1,501.3,0,0.0,1,501.3,0,0.0,100.0,100.0
2025-12-01,SUP-047,Supplier 047,South Korea,APAC,PLT-06,Sao Paulo Ops,Brazil,LATAM,Enterprise,UK,1,5969.52,1,5969.52,1,5969.52,0,0.0,0,0.0,100.0,100.0
2025-12-01,SUP-047,Supplier 047,South Korea,APAC,PLT-05,Monterrey Plant,Mexico,LATAM,Enterprise,France,1,391.44,0,0.0,0,0.0,0,0.0,0,0.0,0.0,0.0
2025-12-01,SUP-048,Supplier 048,Taiwan,APAC,PLT-09,Hanoi Assembly,Vietnam,APAC,Government,Germany,1,7844.86,1,7844.86,1,7844.86,0,0.0,0,0.0,100.0,100.0
2025-12-01,SUP-048,Supplier 048,Taiwan,APAC,PLT-09,Hanoi Assembly,Vietnam,APAC,SMB,Germany,1,29451.12,1,29451.12,0,0.0,0,0.0,1,29451.12,100.0,100.0
2025-12-01,SUP-048,Supplier 048,Taiwan,APAC,PLT-04,Chennai Forge,India,APAC,SMB,Germany,1,3914.4,1,3914.4,1,3914.4,0,0.0,0,0.0,100.0,100.0
2025-12-01,SUP-048,Supplier 048,Taiwan,APAC,PLT-09,Hanoi Assembly,Vietnam,APAC,Enterprise,Australia,1,10959.26,1,10959.26,1,10959.26,1,10959.26,0,0.0,100.0,100.0
2025-12-01,SUP-048,Supplier 048,Taiwan,APAC,PLT-07,Seoul Tech,South Korea,APAC,SMB,Australia,1,63382.32,0,0.0,0,0.0,0,0.0,0,0.0,0.0,0.0
2025-12-01,SUP-048,Supplier 048,Taiwan,APAC,PLT-04,Chennai Forge,India,APAC,SMB,Australia,1,39085.28,1,39085.28,1,39085.28,1,39085.28,0,0.0,100.0,100.0
2025-12-01,SUP-048,Supplier 048,Taiwan,APAC,PLT-02,Detroit Works,USA,NA,SMB,UK,1,28908.88,1,28908.88,1,28908.88,0,0.0,0,0.0,100.0,100.0
2025-12-01,SUP-049,Supplier 049,Vietnam,APAC,PLT-01,Munich Center,Germany,EMEA,Enterprise,France,1,30504.0,1,30504.0,0,0.0,0,0.0,1,30504.0,100.0,100.0
2025-12-01,SUP-049,Supplier 049,Vietnam,APAC,PLT-00,Shanghai Hub,China,APAC,Enterprise,USA,1,37398.39,1,37398.39,1,37398.39,0,0.0,0,0.0,100.0,100.0
2025-12-01,SUP-049,Supplier 049,Vietnam,APAC,PLT-04,Chennai Forge,India,APAC,SMB,Canada,1,27291.11,1,27291.11,1,27291.11,0,0.0,0,0.0,100.0,100.0
2025-12-01,SUP-049,Supplier 049,Vietnam,APAC,PLT-03,Tokyo Precision,Japan,APAC,Government,Australia,1,18678.0,0,0.0,0,0.0,0,0.0,0,0.0,0.0,0.0
2025-12-01,SUP-049,Supplier 049,Vietnam,APAC,PLT-02,Detroit Works,USA,NA,SMB,UK,1,27214.71,1,27214.71,0,0.0,1,27214.71,0,0.0,100.0,100.0
2025-12-01,SUP-049,Supplier 049,Vietnam,APAC,PLT-04,Chennai Forge,India,APAC,Government,Australia,1,3894.3,1,3894.3,1,3894.3,0,0.0,0,0.0,100.0,100.0
2025-12-01,SUP-049,Supplier 049,Vietnam,APAC,PLT-05,Monterrey Plant,Mexico,LATAM,Government,Australia,1,3529.25,1,3529.25,1,3529.25,0,0.0,0,0.0,100.0,100.0
2025-12-01,SUP-049,Supplier 049,Vietnam,APAC,PLT-01,Munich Center,Germany,EMEA,Government,USA,1,24084.24,1,24084.24,1,24084.24,0,0.0,0,0.0,100.0,100.0
2025-12-01,SUP-049,Supplier 049,Vietnam,APAC,PLT-01,Munich Center,Germany,EMEA,Enterprise,Germany,1,1721.76,1,1721.76,1,1721.76,0,0.0,0,0.0,100.0,100.0
2025-12-01,SUP-049,Supplier 049,Vietnam,APAC,PLT-09,Hanoi Assembly,Vietnam,APAC,SMB,Singapore,1,2221.32,1,2221.32,1,2221.32,0,0.0,0,0.0,100.0,100.0
2025-12-01,SUP-049,Supplier 049,Vietnam,APAC,PLT-04,Chennai Forge,India,APAC,Enterprise,USA,1,4587.15,1,4587.15,1,4587.15,0,0.0,0,0.0,100.0,100.0
2025-12-01,SUP-049,Supplier 049,Vietnam,APAC,PLT-06,Sao Paulo Ops,Brazil,LATAM,SMB,Australia,1,65476.2,1,65476.2,0,0.0,0,0.0,1,65476.2,100.0,100.0
2026-01-01,SUP-000,Supplier 000,China,APAC,PLT-02,Detroit Works,USA,NA,Government,USA,2,70735.11,0,0.0,0,0.0,0,0.0,0,0.0,0.0,0.0
2026-01-01,SUP-000,Supplier 000,China,APAC,PLT-00,Shanghai Hub,China,APAC,Government,Germany,1,1829.44,1,1829.44,1,1829.44,0,0.0,0,0.0,100.0,100.0
2026-01-01,SUP-000,Supplier 000,China,APAC,PLT-08,Taipei Micro,Taiwan,APAC,Enterprise,Japan,1,3105.17,1,3105.17,1,3105.17,0,0.0,0,0.0,100.0,100.0
2026-01-01,SUP-000,Supplier 000,China,APAC,PLT-09,Hanoi Assembly,Vietnam,APAC,Enterprise,Germany,1,31221.54,1,31221.54,0,0.0,0,0.0,1,31221.54,100.0,100.0
2026-01-01,SUP-000,Supplier 000,China,APAC,PLT-06,Sao Paulo Ops,Brazil,LATAM,Government,Germany,1,992.7,1,992.7,1,992.7,0,0.0,0,0.0,100.0,100.0
2026-01-01,SUP-000,Supplier 000,China,APAC,PLT-00,Shanghai Hub,China,APAC,SMB,Canada,1,20923.65,0,0.0,0,0.0,0,0.0,0,0.0,0.0,0.0
2026-01-01,SUP-000,Supplier 000,China,APAC,PLT-00,Shanghai Hub,China,APAC,SMB,UK,1,11708.0,1,11708.0,1,11708.0,0,0.0,0,0.0,100.0,100.0
2026-01-01,SUP-000,Supplier 000,China,APAC,PLT-05,Monterrey Plant,Mexico,LATAM,SMB,USA,1,26011.36,1,26011.36,1,26011.36,0,0.0,0,0.0,100.0,100.0
2026-01-01,SUP-000,Supplier 000,China,APAC,PLT-03,Tokyo Precision,Japan,APAC,Government,Japan,1,19727.25,1,19727.25,1,19727.25,0,0.0,0,0.0,100.0,100.0
2026-01-01,SUP-000,Supplier 000,China,APAC,PLT-03,Tokyo Precision,Japan,APAC,SMB,Germany,2,50555.38,1,26560.42,1,26560.42,1,26560.42,0,0.0,50.0,52.54
2026-01-01,SUP-000,Supplier 000,China,APAC,PLT-00,Shanghai Hub,China,APAC,Enterprise,Germany,1,1544.88,1,1544.88,1,1544.88,0,0.0,0,0.0,100.0,100.0
2026-01-01,SUP-001,Supplier 001,Germany,EMEA,PLT-02,Detroit Works,USA,NA,SMB,UK,1,6763.96,0,0.0,0,0.0,0,0.0,0,0.0,0.0,0.0
2026-01-01,SUP-001,Supplier 001,Germany,EMEA,PLT-09,Hanoi Assembly,Vietnam,APAC,Enterprise,Japan,1,19870.56,1,19870.56,0,0.0,0,0.0,1,19870.56,100.0,100.0
2026-01-01,SUP-001,Supplier 001,Germany,EMEA,PLT-09,Hanoi Assembly,Vietnam,APAC,Enterprise,France,1,711.21,1,711.21,0,0.0,0,0.0,1,711.21,100.0,100.0
2026-01-01,SUP-001,Supplier 001,Germany,EMEA,PLT-08,Taipei Micro,Taiwan,APAC,SMB,Japan,1,35882.82,1,35882.82,1,35882.82,0,0.0,0,0.0,100.0,100.0
2026-01-01,SUP-001,Supplier 001,Germany,EMEA,PLT-09,Hanoi Assembly,Vietnam,APAC,SMB,Canada,1,20191.41,1,20191.41,0,0.0,0,0.0,1,20191.41,100.0,100.0
2026-01-01,SUP-001,Supplier 001,Germany,EMEA,PLT-02,Detroit Works,USA,NA,SMB,Australia,1,9483.84,1,9483.84,1,9483.84,0,0.0,0,0.0,100.0,100.0
2026-01-01,SUP-001,Supplier 001,Germany,EMEA,PLT-03,Tokyo Precision,Japan,APAC,SMB,France,1,402.21,0,0.0,0,0.0,0,0.0,0,0.0,0.0,0.0
2026-01-01,SUP-001,Supplier 001,Germany,EMEA,PLT-05,Monterrey Plant,Mexico,LATAM,Enterprise,Japan,1,775.2,1,775.2,1,775.2,0,0.0,0,0.0,100.0,100.0
2026-01-01,SUP-001,Supplier 001,Germany,EMEA,PLT-01,Munich Center,Germany,EMEA,Government,UK,1,11325.92,1,11325.92,1,11325.92,0,0.0,0,0.0,100.0,100.0
2026-01-01,SUP-002,Supplier 002,USA,NA,PLT-07,Seoul Tech,South Korea,APAC,SMB,Japan,1,5693.56,1,5693.56,1,5693.56,0,0.0,0,0.0,100.0,100.0
2026-01-01,SUP-002,Supplier 002,USA,NA,PLT-06,Sao Paulo Ops,Brazil,LATAM,Enterprise,France,1,16392.78,1,16392.78,1,16392.78,1,16392.78,0,0.0,100.0,100.0
2026-01-01,SUP-002,Supplier 002,USA,NA,PLT-08,Taipei Micro,Taiwan,APAC,SMB,Japan,1,1618.2,1,1618.2,0,0.0,0,0.0,1,1618.2,100.0,100.0
2026-01-01,SUP-003,Supplier 003,Japan,APAC,PLT-00,Shanghai Hub,China,APAC,SMB,Singapore,1,2529.36,0,0.0,0,0.0,0,0.0,0,0.0,0.0,0.0
2026-01-01,SUP-003,Supplier 003,Japan,APAC,PLT-00,Shanghai Hub,China,APAC,SMB,UK,1,105.48,1,105.48,1,105.48,0,0.0,0,0.0,100.0,100.0
2026-01-01,SUP-003,Supplier 003,Japan,APAC,PLT-02,Detroit Works,USA,NA,Enterprise,Germany,1,17547.99,1,17547.99,1,17547.99,1,17547.99,0,0.0,100.0,100.0
2026-01-01,SUP-003,Supplier 003,Japan,APAC,PLT-02,Detroit Works,USA,NA,Government,USA,1,2478.04,1,2478.04,1,2478.04,0,0.0,0,0.0,100.0,100.0
2026-01-01,SUP-003,Supplier 003,Japan,APAC,PLT-04,Chennai Forge,India,APAC,SMB,Canada,1,41102.6,1,41102.6,1,41102.6,0,0.0,0,0.0,100.0,100.0
2026-01-01,SUP-004,Supplier 004,India,APAC,PLT-06,Sao Paulo Ops,Brazil,LATAM,Government,Japan,1,1054.35,1,1054.35,1,1054.35,0,0.0,0,0.0,100.0,100.0
2026-01-01,SUP-004,Supplier 004,India,APAC,PLT-05,Monterrey Plant,Mexico,LATAM,Enterprise,Japan,1,9743.25,1,9743.25,0,0.0,0,0.0,1,9743.25,100.0,100.0
2026-01-01,SUP-004,Supplier 004,India,APAC,PLT-07,Seoul Tech,South Korea,APAC,Government,UK,1,57071.3,1,57071.3,1,57071.3,0,0.0,0,0.0,100.0,100.0
2026-01-01,SUP-004,Supplier 004,India,APAC,PLT-04,Chennai Forge,India,APAC,SMB,France,1,1406.35,1,1406.35,1,1406.35,1,1406.35,0,0.0,100.0,100.0
2026-01-01,SUP-005,Supplier 005,Mexico,LATAM,PLT-02,Detroit Works,USA,NA,Enterprise,France,1,4838.08,1,4838.08,0,0.0,1,4838.08,0,0.0,100.0,100.0
2026-01-01,SUP-005,Supplier 005,Mexico,LATAM,PLT-03,Tokyo Precision,Japan,APAC,Government,UK,1,22219.89,1,22219.89,1,22219.89,1,22219.89,0,0.0,100.0,100.0
2026-01-01,SUP-005,Supplier 005,Mexico,LATAM,PLT-06,Sao Paulo Ops,Brazil,LATAM,Enterprise,Australia,1,39253.89,1,39253.89,1,39253.89,1,39253.89,0,0.0,100.0,100.0
2026-01-01,SUP-005,Supplier 005,Mexico,LATAM,PLT-00,Shanghai Hub,China,APAC,Enterprise,Japan,1,35192.56,1,35192.56,1,35192.56,0,0.0,0,0.0,100.0,100.0
2026-01-01,SUP-005,Supplier 005,Mexico,LATAM,PLT-07,Seoul Tech,South Korea,APAC,SMB,France,1,24486.55,1,24486.55,1,24486.55,1,24486.55,0,0.0,100.0,100.0
2026-01-01,SUP-005,Supplier 005,Mexico,LATAM,PLT-06,Sao Paulo Ops,Brazil,LATAM,SMB,Japan,2,8861.38,1,676.14,1,676.14,0,0.0,0,0.0,50.0,7.63
2026-01-01,SUP-005,Supplier 005,Mexico,LATAM,PLT-01,Munich Center,Germany,EMEA,Government,Japan,1,32225.76,0,0.0,0,0.0,0,0.0,0,0.0,0.0,0.0
2026-01-01,SUP-006,Supplier 006,Brazil,LATAM,PLT-03,Tokyo Precision,Japan,APAC,SMB,UK,1,40882.25,1,40882.25,1,40882.25,0,0.0,0,0.0,100.0,100.0
2026-01-01,SUP-006,Supplier 006,Brazil,LATAM,PLT-03,Tokyo Precision,Japan,APAC,Government,Singapore,1,802.6,1,802.6,1,802.6,0,0.0,0,0.0,100.0,100.0
2026-01-01,SUP-006,Supplier 006,Brazil,LATAM,PLT-07,Seoul Tech,South Korea,APAC,SMB,Canada,1,31749.52,1,31749.52,0,0.0,0,0.0,1,31749.52,100.0,100.0
2026-01-01,SUP-006,Supplier 006,Brazil,LATAM,PLT-02,Detroit Works,USA,NA,SMB,Japan,1,41164.98,1,41164.98,1,41164.98,1,41164.98,0,0.0,100.0,100.0
2026-01-01,SUP-006,Supplier 006,Brazil,LATAM,PLT-04,Chennai Forge,India,APAC,SMB,Germany,1,17378.16,1,17378.16,1,17378.16,0,0.0,0,0.0,100.0,100.0
2026-01-01,SUP-006,Supplier 006,Brazil,LATAM,PLT-02,Detroit Works,USA,NA,SMB,Canada,1,572.57,1,572.57,1,572.57,0,0.0,0,0.0,100.0,100.0
2026-01-01,SUP-006,Supplier 006,Brazil,LATAM,PLT-04,Chennai Forge,India,APAC,Government,Japan,1,6919.36,1,6919.36,1,6919.36,0,0.0,0,0.0,100.0,100.0
2026-01-01,SUP-006,Supplier 006,Brazil,LATAM,PLT-04,Chennai Forge,India,APAC,SMB,Australia,1,1193.6,1,1193.6,1,1193.6,0,0.0,0,0.0,100.0,100.0
2026-01-01,SUP-006,Supplier 006,Brazil,LATAM,PLT-07,Seoul Tech,South Korea,APAC,Enterprise,Germany,1,14183.43,0,0.0,0,0.0,0,0.0,0,0.0,0.0,0.0
2026-01-01,SUP-006,Supplier 006,Brazil,LATAM,PLT-02,Detroit Works,USA,NA,Enterprise,Singapore,1,28447.44,1,28447.44,0,0.0,0,0.0,1,28447.44,100.0,100.0
2026-01-01,SUP-007,Supplier 007,South Korea,APAC,PLT-02,Detroit Works,USA,NA,Enterprise,USA,1,21394.62,0,0.0,0,0.0,0,0.0,0,0.0,0.0,0.0
2026-01-01,SUP-007,Supplier 007,South Korea,APAC,PLT-08,Taipei Micro,Taiwan,APAC,Enterprise,France,1,4262.82,1,4262.82,1,4262.82,0,0.0,0,0.0,100.0,100.0
2026-01-01,SUP-007,Supplier 007,South Korea,APAC,PLT-06,Sao Paulo Ops,Brazil,LATAM,Government,USA,1,2959.6,1,2959.6,1,2959.6,0,0.0,0,0.0,100.0,100.0
2026-01-01,SUP-007,Supplier 007,South Korea,APAC,PLT-09,Hanoi Assembly,Vietnam,APAC,SMB,Germany,1,269.16,1,269.16,1,269.16,0,0.0,0,0.0,100.0,100.0
2026-01-01,SUP-007,Supplier 007,South Korea,APAC,PLT-07,Seoul Tech,South Korea,APAC,SMB,Japan,1,31460.4,1,31460.4,1,31460.4,1,31460.4,0,0.0,100.0,100.0
2026-01-01,SUP-008,Supplier 008,Taiwan,APAC,PLT-03,Tokyo Precision,Japan,APAC,SMB,UK,1,9195.39,1,9195.39,1,9195.39,1,9195.39,0,0.0,100.0,100.0
2026-01-01,SUP-008,Supplier 008,Taiwan,APAC,PLT-05,Monterrey Plant,Mexico,LATAM,Enterprise,Australia,1,1521.52,1,1521.52,1,1521.52,0,0.0,0,0.0,100.0,100.0
2026-01-01,SUP-008,Supplier 008,Taiwan,APAC,PLT-03,Tokyo Precision,Japan,APAC,SMB,USA,1,20424.32,1,20424.32,1,20424.32,0,0.0,0,0.0,100.0,100.0
2026-01-01,SUP-008,Supplier 008,Taiwan,APAC,PLT-08,Taipei Micro,Taiwan,APAC,SMB,Singapore,1,27787.23,1,27787.23,1,27787.23,0,0.0,0,0.0,100.0,100.0
2026-01-01,SUP-009,Supplier 009,Vietnam,APAC,PLT-01,Munich Center,Germany,EMEA,Government,Australia,1,7465.12,1,7465.12,1,7465.12,1,7465.12,0,0.0,100.0,100.0
2026-01-01,SUP-009,Supplier 009,Vietnam,APAC,PLT-00,Shanghai Hub,China,APAC,SMB,Singapore,1,17187.1,0,0.0,0,0.0,0,0.0,0,0.0,0.0,0.0
2026-01-01,SUP-009,Supplier 009,Vietnam,APAC,PLT-04,Chennai Forge,India,APAC,Enterprise,France,1,6810.44,0,0.0,0,0.0,0,0.0,0,0.0,0.0,0.0
2026-01-01,SUP-009,Supplier 009,Vietnam,APAC,PLT-09,Hanoi Assembly,Vietnam,APAC,Enterprise,Australia,1,2895.42,1,2895.42,1,2895.42,0,0.0,0,0.0,100.0,100.0
2026-01-01,SUP-009,Supplier 009,Vietnam,APAC,PLT-04,Chennai Forge,India,APAC,SMB,Australia,1,65465.45,0,0.0,0,0.0,0,0.0,0,0.0,0.0,0.0
2026-01-01,SUP-009,Supplier 009,Vietnam,APAC,PLT-06,Sao Paulo Ops,Brazil,LATAM,SMB,UK,1,28077.94,1,28077.94,1,28077.94,1,28077.94,0,0.0,100.0,100.0
2026-01-01,SUP-009,Supplier 009,Vietnam,APAC,PLT-07,Seoul Tech,South Korea,APAC,SMB,UK,1,3834.64,1,3834.64,1,3834.64,0,0.0,0,0.0,100.0,100.0
2026-01-01,SUP-010,Supplier 010,China,APAC,PLT-08,Taipei Micro,Taiwan,APAC,SMB,Germany,1,1214.4,1,1214.4,1,1214.4,0,0.0,0,0.0,100.0,100.0
2026-01-01,SUP-010,Supplier 010,China,APAC,PLT-05,Monterrey Plant,Mexico,LATAM,SMB,Japan,1,5973.1,0,0.0,0,0.0,0,0.0,0,0.0,0.0,0.0
2026-01-01,SUP-010,Supplier 010,China,APAC,PLT-08,Taipei Micro,Taiwan,APAC,Enterprise,France,1,1119.81,1,1119.81,0,0.0,0,0.0,1,1119.81,100.0,100.0
2026-01-01,SUP-010,Supplier 010,China,APAC,PLT-09,Hanoi Assembly,Vietnam,APAC,SMB,USA,1,3299.79,1,3299.79,0,0.0,1,3299.79,0,0.0,100.0,100.0
2026-01-01,SUP-010,Supplier 010,China,APAC,PLT-01,Munich Center,Germany,EMEA,Enterprise,Japan,1,27296.77,0,0.0,0,0.0,0,0.0,0,0.0,0.0,0.0
2026-01-01,SUP-011,Supplier 011,Germany,EMEA,PLT-07,Seoul Tech,South Korea,APAC,SMB,France,1,6610.44,1,6610.44,0,0.0,0,0.0,1,6610.44,100.0,100.0
2026-01-01,SUP-011,Supplier 011,Germany,EMEA,PLT-04,Chennai Forge,India,APAC,Government,USA,1,1652.0,0,0.0,0,0.0,0,0.0,0,0.0,0.0,0.0
2026-01-01,SUP-011,Supplier 011,Germany,EMEA,PLT-02,Detroit Works,USA,NA,SMB,Singapore,1,2424.05,1,2424.05,1,2424.05,0,0.0,0,0.0,100.0,100.0
2026-01-01,SUP-011,Supplier 011,Germany,EMEA,PLT-08,Taipei Micro,Taiwan,APAC,SMB,Singapore,1,23622.72,1,23622.72,1,23622.72,0,0.0,0,0.0,100.0,100.0
2026-01-01,SUP-011,Supplier 011,Germany,EMEA,PLT-04,Chennai Forge,India,APAC,SMB,UK,1,19181.54,1,19181.54,1,19181.54,0,0.0,0,0.0,100.0,100.0
2026-01-01,SUP-011,Supplier 011,Germany,EMEA,PLT-01,Munich Center,Germany,EMEA,Enterprise,Japan,1,1446.03,1,1446.03,1,1446.03,0,0.0,0,0.0,100.0,100.0
2026-01-01,SUP-012,Supplier 012,USA,NA,PLT-09,Hanoi Assembly,Vietnam,APAC,Enterprise,Canada,1,440.33,1,440.33,0,0.0,0,0.0,1,440.33,100.0,100.0
2026-01-01,SUP-012,Supplier 012,USA,NA,PLT-07,Seoul Tech,South Korea,APAC,Enterprise,UK,1,339.92,0,0.0,0,0.0,0,0.0,0,0.0,0.0,0.0
2026-01-01,SUP-012,Supplier 012,USA,NA,PLT-00,Shanghai Hub,China,APAC,SMB,UK,1,22673.64,1,22673.64,1,22673.64,0,0.0,0,0.0,100.0,100.0
2026-01-01,SUP-012,Supplier 012,USA,NA,PLT-04,Chennai Forge,India,APAC,SMB,Singapore,1,19797.6,1,19797.6,0,0.0,0,0.0,1,19797.6,100.0,100.0
2026-01-01,SUP-012,Supplier 012,USA,NA,PLT-03,Tokyo Precision,Japan,APAC,Government,Australia,1,918.4,1,918.4,1,918.4,0,0.0,0,0.0,100.0,100.0
2026-01-01,SUP-013,Supplier 013,Japan,APAC,PLT-01,Munich Center,Germany,EMEA,SMB,Singapore,1,23499.64,1,23499.64,1,23499.64,1,23499.64,0,0.0,100.0,100.0
2026-01-01,SUP-013,Supplier 013,Japan,APAC,PLT-07,Seoul Tech,South Korea,APAC,SMB,UK,2,38594.82,1,38054.62,1,38054.62,0,0.0,0,0.0,50.0,98.6
2026-01-01,SUP-013,Supplier 013,Japan,APAC,PLT-07,Seoul Tech,South Korea,APAC,SMB,France,1,5138.64,1,5138.64,1,5138.64,0,0.0,0,0.0,100.0,100.0
2026-01-01,SUP-013,Supplier 013,Japan,APAC,PLT-04,Chennai Forge,India,APAC,Government,USA,1,31792.5,1,31792.5,0,0.0,0,0.0,1,31792.5,100.0,100.0
2026-01-01,SUP-013,Supplier 013,Japan,APAC,PLT-09,Hanoi Assembly,Vietnam,APAC,SMB,Canada,1,33388.74,1,33388.74,1,33388.74,0,0.0,0,0.0,100.0,100.0
2026-01-01,SUP-013,Supplier 013,Japan,APAC,PLT-01,Munich Center,Germany,EMEA,Government,Japan,1,1380.0,1,1380.0,0,0.0,1,1380.0,0,0.0,100.0,100.0
2026-01-01,SUP-013,Supplier 013,Japan,APAC,PLT-09,Hanoi Assembly,Vietnam,APAC,Enterprise,UK,1,205.65,1,205.65,0,0.0,0,0.0,1,205.65,100.0,100.0
2026-01-01,SUP-013,Supplier 013,Japan,APAC,PLT-08,Taipei Micro,Taiwan,APAC,Government,Canada,1,13127.6,1,13127.6,1,13127.6,0,0.0,0,0.0,100.0,100.0
2026-01-01,SUP-014,Supplier 014,India,APAC,PLT-02,Detroit Works,USA,NA,Government,Japan,1,2409.99,1,2409.99,0,0.0,0,0.0,1,2409.99,100.0,100.0
2026-01-01,SUP-014,Supplier 014,India,APAC,PLT-00,Shanghai Hub,China,APAC,SMB,Singapore,1,7576.2,1,7576.2,1,7576.2,1,7576.2,0,0.0,100.0,100.0
2026-01-01,SUP-014,Supplier 014,India,APAC,PLT-02,Detroit Works,USA,NA,SMB,Canada,1,11419.78,1,11419.78,0,0.0,1,11419.78,0,0.0,100.0,100.0
2026-01-01,SUP-014,Supplier 014,India,APAC,PLT-08,Taipei Micro,Taiwan,APAC,Enterprise,Germany,1,7366.3,1,7366.3,1,7366.3,0,0.0,0,0.0,100.0,100.0
2026-01-01,SUP-014,Supplier 014,India,APAC,PLT-08,Taipei Micro,Taiwan,APAC,SMB,France,1,35729.04,1,35729.04,1,35729.04,0,0.0,0,0.0,100.0,100.0
2026-01-01,SUP-014,Supplier 014,India,APAC,PLT-03,Tokyo Precision,Japan,APAC,SMB,UK,1,62247.77,1,62247.77,1,62247.77,0,0.0,0,0.0,100.0,100.0
2026-01-01,SUP-014,Supplier 014,India,APAC,PLT-09,Hanoi Assembly,Vietnam,APAC,Government,Singapore,1,27728.61,1,27728.61,1,27728.61,0,0.0,0,0.0,100.0,100.0
2026-01-01,SUP-014,Supplier 014,India,APAC,PLT-09,Hanoi Assembly,Vietnam,APAC,SMB,USA,1,14759.4,1,14759.4,1,14759.4,0,0.0,0,0.0,100.0,100.0
2026-01-01,SUP-014,Supplier 014,India,APAC,PLT-02,Detroit Works,USA,NA,SMB,Singapore,1,55087.24,1,55087.24,1,55087.24,1,55087.24,0,0.0,100.0,100.0
2026-01-01,SUP-014,Supplier 014,India,APAC,PLT-08,Taipei Micro,Taiwan,APAC,SMB,Australia,1,7374.0,0,0.0,0,0.0,0,0.0,0,0.0,0.0,0.0
2026-01-01,SUP-015,Supplier 015,Mexico,LATAM,PLT-00,Shanghai Hub,China,APAC,SMB,Canada,1,5585.4,1,5585.4,1,5585.4,0,0.0,0,0.0,100.0,100.0
2026-01-01,SUP-015,Supplier 015,Mexico,LATAM,PLT-07,Seoul Tech,South Korea,APAC,SMB,France,1,13023.32,1,13023.32,0,0.0,1,13023.32,0,0.0,100.0,100.0
2026-01-01,SUP-015,Supplier 015,Mexico,LATAM,PLT-09,Hanoi Assembly,Vietnam,APAC,Enterprise,USA,1,78235.95,1,78235.95,1,78235.95,0,0.0,0,0.0,100.0,100.0
2026-01-01,SUP-015,Supplier 015,Mexico,LATAM,PLT-01,Munich Center,Germany,EMEA,Government,Japan,1,25394.94,1,25394.94,0,0.0,1,25394.94,0,0.0,100.0,100.0
2026-01-01,SUP-016,Supplier 016,Brazil,LATAM,PLT-01,Munich Center,Germany,EMEA,SMB,USA,1,84.52,1,84.52,0,0.0,0,0.0,1,84.52,100.0,100.0
2026-01-01,SUP-016,Supplier 016,Brazil,LATAM,PLT-02,Detroit Works,USA,NA,SMB,USA,1,18996.23,1,18996.23,1,18996.23,0,0.0,0,0.0,100.0,100.0
2026-01-01,SUP-016,Supplier 016,Brazil,LATAM,PLT-02,Detroit Works,USA,NA,Government,USA,1,5496.99,0,0.0,0,0.0,0,0.0,0,0.0,0.0,0.0
2026-01-01,SUP-016,Supplier 016,Brazil,LATAM,PLT-04,Chennai Forge,India,APAC,SMB,France,1,9586.56,1,9586.56,1,9586.56,1,9586.56,0,0.0,100.0,100.0
2026-01-01,SUP-016,Supplier 016,Brazil,LATAM,PLT-03,Tokyo Precision,Japan,APAC,SMB,France,1,12033.58,0,0.0,0,0.0,0,0.0,0,0.0,0.0,0.0
2026-01-01,SUP-016,Supplier 016,Brazil,LATAM,PLT-05,Monterrey Plant,Mexico,LATAM,SMB,Germany,1,5398.64,1,5398.64,1,5398.64,0,0.0,0,0.0,100.0,100.0
2026-01-01,SUP-017,Supplier 017,South Korea,APAC,PLT-09,Hanoi Assembly,Vietnam,APAC,SMB,Germany,1,35275.0,1,35275.0,1,35275.0,0,0.0,0,0.0,100.0,100.0
2026-01-01,SUP-017,Supplier 017,South Korea,APAC,PLT-04,Chennai Forge,India,APAC,SMB,Singapore,1,1377.74,1,1377.74,1,1377.74,0,0.0,0,0.0,100.0,100.0
2026-01-01,SUP-017,Supplier 017,South Korea,APAC,PLT-09,Hanoi Assembly,Vietnam,APAC,Enterprise,Germany,1,1158.56,1,1158.56,1,1158.56,0,0.0,0,0.0,100.0,100.0
2026-01-01,SUP-017,Supplier 017,South Korea,APAC,PLT-01,Munich Center,Germany,EMEA,SMB,Australia,1,5380.2,1,5380.2,1,5380.2,0,0.0,0,0.0,100.0,100.0
2026-01-01,SUP-017,Supplier 017,South Korea,APAC,PLT-07,Seoul Tech,South Korea,APAC,Enterprise,Japan,1,13508.22,0,0.0,0,0.0,0,0.0,0,0.0,0.0,0.0
2026-01-01,SUP-017,Supplier 017,South Korea,APAC,PLT-01,Munich Center,Germany,EMEA,SMB,UK,1,14375.42,1,14375.42,1,14375.42,0,0.0,0,0.0,100.0,100.0
2026-01-01,SUP-017,Supplier 017,South Korea,APAC,PLT-06,Sao Paulo Ops,Brazil,LATAM,SMB,Germany,1,4093.28,1,4093.28,1,4093.28,1,4093.28,0,0.0,100.0,100.0
2026-01-01,SUP-017,Supplier 017,South Korea,APAC,PLT-07,Seoul Tech,South Korea,APAC,SMB,Canada,1,23493.24,1,23493.24,1,23493.24,1,23493.24,0,0.0,100.0,100.0
2026-01-01,SUP-017,Supplier 017,South Korea,APAC,PLT-07,Seoul Tech,South Korea,APAC,SMB,Australia,1,19189.35,1,19189.35,1,19189.35,0,0.0,0,0.0,100.0,100.0
2026-01-01,SUP-017,Supplier 017,South Korea,APAC,PLT-08,Taipei Micro,Taiwan,APAC,Enterprise,USA,1,13408.15,1,13408.15,1,13408.15,0,0.0,0,0.0,100.0,100.0
2026-01-01,SUP-018,Supplier 018,Taiwan,APAC,PLT-05,Monterrey Plant,Mexico,LATAM,Enterprise,Germany,1,2590.08,1,2590.08,1,2590.08,0,0.0,0,0.0,100.0,100.0
2026-01-01,SUP-018,Supplier 018,Taiwan,APAC,PLT-08,Taipei Micro,Taiwan,APAC,Government,USA,1,12900.36,1,12900.36,1,12900.36,0,0.0,0,0.0,100.0,100.0
2026-01-01,SUP-018,Supplier 018,Taiwan,APAC,PLT-04,Chennai Forge,India,APAC,SMB,USA,1,101.16,1,101.16,1,101.16,0,0.0,0,0.0,100.0,100.0
2026-01-01,SUP-018,Supplier 018,Taiwan,APAC,PLT-01,Munich Center,Germany,EMEA,SMB,Singapore,1,384.28,1,384.28,1,384.28,0,0.0,0,0.0,100.0,100.0
2026-01-01,SUP-019,Supplier 019,Vietnam,APAC,PLT-00,Shanghai Hub,China,APAC,SMB,USA,1,4048.5,1,4048.5,1,4048.5,1,4048.5,0,0.0,100.0,100.0
2026-01-01,SUP-019,Supplier 019,Vietnam,APAC,PLT-01,Munich Center,Germany,EMEA,Government,Singapore,1,59974.49,1,59974.49,1,59974.49,0,0.0,0,0.0,100.0,100.0
2026-01-01,SUP-019,Supplier 019,Vietnam,APAC,PLT-09,Hanoi Assembly,Vietnam,APAC,SMB,UK,1,3244.5,0,0.0,0,0.0,0,0.0,0,0.0,0.0,0.0
2026-01-01,SUP-019,Supplier 019,Vietnam,APAC,PLT-02,Detroit Works,USA,NA,Government,Australia,1,793.44,1,793.44,1,793.44,0,0.0,0,0.0,100.0,100.0
2026-01-01,SUP-019,Supplier 019,Vietnam,APAC,PLT-04,Chennai Forge,India,APAC,SMB,France,1,58735.6,0,0.0,0,0.0,0,0.0,0,0.0,0.0,0.0
2026-01-01,SUP-019,Supplier 019,Vietnam,APAC,PLT-06,Sao Paulo Ops,Brazil,LATAM,SMB,Australia,1,47873.0,1,47873.0,1,47873.0,1,47873.0,0,0.0,100.0,100.0
2026-01-01,SUP-019,Supplier 019,Vietnam,APAC,PLT-04,Chennai Forge,India,APAC,Enterprise,Japan,1,62356.84,1,62356.84,1,62356.84,0,0.0,0,0.0,100.0,100.0
2026-01-01,SUP-019,Supplier 019,Vietnam,APAC,PLT-07,Seoul Tech,South Korea,APAC,SMB,USA,1,21130.85,0,0.0,0,0.0,0,0.0,0,0.0,0.0,0.0
2026-01-01,SUP-019,Supplier 019,Vietnam,APAC,PLT-04,Chennai Forge,India,APAC,SMB,UK,1,23222.09,1,23222.09,1,23222.09,1,23222.09,0,0.0,100.0,100.0
2026-01-01,SUP-019,Supplier 019,Vietnam,APAC,PLT-03,Tokyo Precision,Japan,APAC,Enterprise,Germany,1,1786.54,0,0.0,0,0.0,0,0.0,0,0.0,0.0,0.0
2026-01-01,SUP-019,Supplier 019,Vietnam,APAC,PLT-03,Tokyo Precision,Japan,APAC,SMB,Japan,1,21886.8,1,21886.8,0,0.0,1,21886.8,0,0.0,100.0,100.0
2026-01-01,SUP-020,Supplier 020,China,APAC,PLT-01,Munich Center,Germany,EMEA,SMB,Canada,1,4516.16,1,4516.16,1,4516.16,0,0.0,0,0.0,100.0,100.0
2026-01-01,SUP-020,Supplier 020,China,APAC,PLT-06,Sao Paulo Ops,Brazil,LATAM,SMB,Germany,1,3780.2,1,3780.2,1,3780.2,0,0.0,0,0.0,100.0,100.0
2026-01-01,SUP-020,Supplier 020,China,APAC,PLT-06,Sao Paulo Ops,Brazil,LATAM,SMB,France,1,61826.4,1,61826.4,1,61826.4,0,0.0,0,0.0,100.0,100.0
2026-01-01,SUP-020,Supplier 020,China,APAC,PLT-03,Tokyo Precision,Japan,APAC,SMB,UK,1,38205.2,1,38205.2,1,38205.2,0,0.0,0,0.0,100.0,100.0
2026-01-01,SUP-020,Supplier 020,China,APAC,PLT-01,Munich Center,Germany,EMEA,Government,Singapore,1,12754.56,0,0.0,0,0.0,0,0.0,0,0.0,0.0,0.0
2026-01-01,SUP-020,Supplier 020,China,APAC,PLT-05,Monterrey Plant,Mexico,LATAM,SMB,UK,1,12305.75,1,12305.75,1,12305.75,0,0.0,0,0.0,100.0,100.0
2026-01-01,SUP-020,Supplier 020,China,APAC,PLT-01,Munich Center,Germany,EMEA,SMB,Australia,1,16597.26,1,16597.26,1,16597.26,1,16597.26,0,0.0,100.0,100.0
2026-01-01,SUP-020,Supplier 020,China,APAC,PLT-00,Shanghai Hub,China,APAC,SMB,Japan,1,19477.26,1,19477.26,0,0.0,0,0.0,1,19477.26,100.0,100.0
2026-01-01,SUP-021,Supplier 021,Germany,EMEA,PLT-07,Seoul Tech,South Korea,APAC,Enterprise,France,1,1042.25,1,1042.25,1,1042.25,1,1042.25,0,0.0,100.0,100.0
2026-01-01,SUP-021,Supplier 021,Germany,EMEA,PLT-00,Shanghai Hub,China,APAC,Enterprise,France,1,14286.24,1,14286.24,1,14286.24,1,14286.24,0,0.0,100.0,100.0
2026-01-01,SUP-021,Supplier 021,Germany,EMEA,PLT-06,Sao Paulo Ops,Brazil,LATAM,Government,France,1,10581.48,0,0.0,0,0.0,0,0.0,0,0.0,0.0,0.0
2026-01-01,SUP-021,Supplier 021,Germany,EMEA,PLT-04,Chennai Forge,India,APAC,SMB,Canada,1,42934.08,0,0.0,0,0.0,0,0.0,0,0.0,0.0,0.0
2026-01-01,SUP-021,Supplier 021,Germany,EMEA,PLT-03,Tokyo Precision,Japan,APAC,Enterprise,Germany,1,6621.28,1,6621.28,1,6621.28,0,0.0,0,0.0,100.0,100.0
2026-01-01,SUP-021,Supplier 021,Germany,EMEA,PLT-01,Munich Center,Germany,EMEA,Enterprise,Japan,1,40080.0,1,40080.0,0,0.0,0,0.0,1,40080.0,100.0,100.0
2026-01-01,SUP-021,Supplier 021,Germany,EMEA,PLT-05,Monterrey Plant,Mexico,LATAM,SMB,France,1,8480.32,1,8480.32,1,8480.32,0,0.0,0,0.0,100.0,100.0
2026-01-01,SUP-022,Supplier 022,USA,NA,PLT-03,Tokyo Precision,Japan,APAC,SMB,Japan,1,2243.14,1,2243.14,1,2243.14,0,0.0,0,0.0,100.0,100.0
2026-01-01,SUP-022,Supplier 022,USA,NA,PLT-05,Monterrey Plant,Mexico,LATAM,SMB,Singapore,1,1296.0,1,1296.0,1,1296.0,0,0.0,0,0.0,100.0,100.0
2026-01-01,SUP-022,Supplier 022,USA,NA,PLT-06,Sao Paulo Ops,Brazil,LATAM,SMB,USA,1,5911.92,1,5911.92,1,5911.92,0,0.0,0,0.0,100.0,100.0
2026-01-01,SUP-022,Supplier 022,USA,NA,PLT-00,Shanghai Hub,China,APAC,Enterprise,Australia,1,867.92,1,867.92,1,867.92,0,0.0,0,0.0,100.0,100.0
2026-01-01,SUP-022,Supplier 022,USA,NA,PLT-01,Munich Center,Germany,EMEA,Enterprise,USA,1,2244.0,1,2244.0,1,2244.0,0,0.0,0,0.0,100.0,100.0
2026-01-01,SUP-022,Supplier 022,USA,NA,PLT-01,Munich Center,Germany,EMEA,Enterprise,Japan,1,5574.24,0,0.0,0,0.0,0,0.0,0,0.0,0.0,0.0
2026-01-01,SUP-023,Supplier 023,Japan,APAC,PLT-07,Seoul Tech,South Korea,APAC,SMB,France,1,21650.67,1,21650.67,1,21650.67,0,0.0,0,0.0,100.0,100.0
2026-01-01,SUP-023,Supplier 023,Japan,APAC,PLT-01,Munich Center,Germany,EMEA,Government,Germany,1,18818.14,1,18818.14,1,18818.14,0,0.0,0,0.0,100.0,100.0
2026-01-01,SUP-023,Supplier 023,Japan,APAC,PLT-04,Chennai Forge,India,APAC,Government,Canada,1,503.44,1,503.44,1,503.44,0,0.0,0,0.0,100.0,100.0
2026-01-01,SUP-023,Supplier 023,Japan,APAC,PLT-03,Tokyo Precision,Japan,APAC,SMB,Canada,1,1844.37,1,1844.37,1,1844.37,1,1844.37,0,0.0,100.0,100.0
2026-01-01,SUP-023,Supplier 023,Japan,APAC,PLT-01,Munich Center,Germany,EMEA,SMB,Australia,1,38091.13,1,38091.13,1,38091.13,0,0.0,0,0.0,100.0,100.0
2026-01-01,SUP-023,Supplier 023,Japan,APAC,PLT-05,Monterrey Plant,Mexico,LATAM,Enterprise,Australia,1,11097.73,0,0.0,0,0.0,0,0.0,0,0.0,0.0,0.0
2026-01-01,SUP-023,Supplier 023,Japan,APAC,PLT-05,Monterrey Plant,Mexico,LATAM,SMB,UK,1,22185.88,1,22185.88,1,22185.88,1,22185.88,0,0.0,100.0,100.0
2026-01-01,SUP-023,Supplier 023,Japan,APAC,PLT-04,Chennai Forge,India,APAC,SMB,UK,1,9987.47,1,9987.47,1,9987.47,1,9987.47,0,0.0,100.0,100.0
2026-01-01,SUP-023,Supplier 023,Japan,APAC,PLT-05,Monterrey Plant,Mexico,LATAM,Enterprise,Japan,1,23915.72,1,23915.72,1,23915.72,0,0.0,0,0.0,100.0,100.0
2026-01-01,SUP-024,Supplier 024,India,APAC,PLT-00,Shanghai Hub,China,APAC,SMB,USA,1,6467.75,1,6467.75,0,0.0,0,0.0,1,6467.75,100.0,100.0
2026-01-01,SUP-024,Supplier 024,India,APAC,PLT-05,Monterrey Plant,Mexico,LATAM,SMB,Germany,1,1141.76,1,1141.76,1,1141.76,1,1141.76,0,0.0,100.0,100.0
2026-01-01,SUP-024,Supplier 024,India,APAC,PLT-00,Shanghai Hub,China,APAC,SMB,Japan,1,2305.5,1,2305.5,1,2305.5,0,0.0,0,0.0,100.0,100.0
2026-01-01,SUP-024,Supplier 024,India,APAC,PLT-08,Taipei Micro,Taiwan,APAC,SMB,France,1,14728.8,1,14728.8,1,14728.8,1,14728.8,0,0.0,100.0,100.0
2026-01-01,SUP-024,Supplier 024,India,APAC,PLT-06,Sao Paulo Ops,Brazil,LATAM,SMB,Singapore,1,24387.18,1,24387.18,1,24387.18,1,24387.18,0,0.0,100.0,100.0
2026-01-01,SUP-024,Supplier 024,India,APAC,PLT-03,Tokyo Precision,Japan,APAC,SMB,USA,1,61554.96,0,0.0,0,0.0,0,0.0,0,0.0,0.0,0.0
2026-01-01,SUP-024,Supplier 024,India,APAC,PLT-09,Hanoi Assembly,Vietnam,APAC,Government,Germany,1,13082.4,1,13082.4,0,0.0,0,0.0,1,13082.4,100.0,100.0
2026-01-01,SUP-025,Supplier 025,Mexico,LATAM,PLT-01,Munich Center,Germany,EMEA,Enterprise,Japan,1,2521.68,0,0.0,0,0.0,0,0.0,0,0.0,0.0,0.0
2026-01-01,SUP-025,Supplier 025,Mexico,LATAM,PLT-05,Monterrey Plant,Mexico,LATAM,SMB,Singapore,1,4097.8,1,4097.8,1,4097.8,1,4097.8,0,0.0,100.0,100.0
2026-01-01,SUP-025,Supplier 025,Mexico,LATAM,PLT-08,Taipei Micro,Taiwan,APAC,Enterprise,USA,1,23081.85,1,23081.85,0,0.0,1,23081.85,0,0.0,100.0,100.0
2026-01-01,SUP-025,Supplier 025,Mexico,LATAM,PLT-05,Monterrey Plant,Mexico,LATAM,Enterprise,Germany,1,15307.6,1,15307.6,1,15307.6,0,0.0,0,0.0,100.0,100.0
2026-01-01,SUP-025,Supplier 025,Mexico,LATAM,PLT-02,Detroit Works,USA,NA,Enterprise,UK,1,21418.2,1,21418.2,1,21418.2,1,21418.2,0,0.0,100.0,100.0
2026-01-01,SUP-025,Supplier 025,Mexico,LATAM,PLT-00,Shanghai Hub,China,APAC,SMB,Japan,1,48241.66,1,48241.66,1,48241.66,1,48241.66,0,0.0,100.0,100.0
2026-01-01,SUP-025,Supplier 025,Mexico,LATAM,PLT-00,Shanghai Hub,China,APAC,Enterprise,Singapore,1,29717.56,1,29717.56,0,0.0,0,0.0,1,29717.56,100.0,100.0
2026-01-01,SUP-025,Supplier 025,Mexico,LATAM,PLT-06,Sao Paulo Ops,Brazil,LATAM,Enterprise,Japan,1,27667.06,1,27667.06,0,0.0,0,0.0,1,27667.06,100.0,100.0
2026-01-01,SUP-025,Supplier 025,Mexico,LATAM,PLT-01,Munich Center,Germany,EMEA,Enterprise,France,1,4450.68,1,4450.68,1,4450.68,0,0.0,0,0.0,100.0,100.0
2026-01-01,SUP-025,Supplier 025,Mexico,LATAM,PLT-02,Detroit Works,USA,NA,SMB,USA,1,28763.51,1,28763.51,1,28763.51,0,0.0,0,0.0,100.0,100.0
2026-01-01,SUP-025,Supplier 025,Mexico,LATAM,PLT-04,Chennai Forge,India,APAC,Government,Germany,1,16947.15,1,16947.15,0,0.0,0,0.0,1,16947.15,100.0,100.0
2026-01-01,SUP-025,Supplier 025,Mexico,LATAM,PLT-05,Monterrey Plant,Mexico,LATAM,Government,Singapore,1,37965.4,1,37965.4,1,37965.4,0,0.0,0,0.0,100.0,100.0
2026-01-01,SUP-026,Supplier 026,Brazil,LATAM,PLT-08,Taipei Micro,Taiwan,APAC,Enterprise,Japan,1,24584.46,1,24584.46,1,24584.46,0,0.0,0,0.0,100.0,100.0
2026-01-01,SUP-026,Supplier 026,Brazil,LATAM,PLT-03,Tokyo Precision,Japan,APAC,SMB,Singapore,1,32268.36,1,32268.36,1,32268.36,0,0.0,0,0.0,100.0,100.0
2026-01-01,SUP-026,Supplier 026,Brazil,LATAM,PLT-09,Hanoi Assembly,Vietnam,APAC,Enterprise,Australia,1,54839.55,0,0.0,0,0.0,0,0.0,0,0.0,0.0,0.0
2026-01-01,SUP-026,Supplier 026,Brazil,LATAM,PLT-02,Detroit Works,USA,NA,SMB,UK,1,21385.6,1,21385.6,0,0.0,0,0.0,1,21385.6,100.0,100.0
2026-01-01,SUP-026,Supplier 026,Brazil,LATAM,PLT-00,Shanghai Hub,China,APAC,Government,Australia,1,5664.0,1,5664.0,1,5664.0,0,0.0,0,0.0,100.0,100.0
2026-01-01,SUP-026,Supplier 026,Brazil,LATAM,PLT-01,Munich Center,Germany,EMEA,SMB,UK,1,10009.26,1,10009.26,1,10009.26,1,10009.26,0,0.0,100.0,100.0
2026-01-01,SUP-026,Supplier 026,Brazil,LATAM,PLT-09,Hanoi Assembly,Vietnam,APAC,SMB,Australia,1,6261.98,1,6261.98,1,6261.98,0,0.0,0,0.0,100.0,100.0
2026-01-01,SUP-026,Supplier 026,Brazil,LATAM,PLT-00,Shanghai Hub,China,APAC,SMB,UK,1,39178.08,1,39178.08,0,0.0,0,0.0,1,39178.08,100.0,100.0
2026-01-01,SUP-026,Supplier 026,Brazil,LATAM,PLT-06,Sao Paulo Ops,Brazil,LATAM,Enterprise,USA,1,11946.0,0,0.0,0,0.0,0,0.0,0,0.0,0.0,0.0
2026-01-01,SUP-026,Supplier 026,Brazil,LATAM,PLT-02,Detroit Works,USA,NA,Enterprise,France,1,12227.2,1,12227.2,1,12227.2,1,12227.2,0,0.0,100.0,100.0
2026-01-01,SUP-026,Supplier 026,Brazil,LATAM,PLT-08,Taipei Micro,Taiwan,APAC,SMB,France,1,7328.0,1,7328.0,0,0.0,0,0.0,1,7328.0,100.0,100.0
2026-01-01,SUP-027,Supplier 027,South Korea,APAC,PLT-02,Detroit Works,USA,NA,SMB,France,1,8542.98,0,0.0,0,0.0,0,0.0,0,0.0,0.0,0.0
2026-01-01,SUP-027,Supplier 027,South Korea,APAC,PLT-07,Seoul Tech,South Korea,APAC,SMB,Australia,1,84166.2,1,84166.2,1,84166.2,0,0.0,0,0.0,100.0,100.0
2026-01-01,SUP-027,Supplier 027,South Korea,APAC,PLT-09,Hanoi Assembly,Vietnam,APAC,Government,Germany,1,1762.95,1,1762.95,1,1762.95,0,0.0,0,0.0,100.0,100.0
2026-01-01,SUP-027,Supplier 027,South Korea,APAC,PLT-09,Hanoi Assembly,Vietnam,APAC,SMB,USA,1,597.3,1,597.3,1,597.3,0,0.0,0,0.0,100.0,100.0
2026-01-01,SUP-027,Supplier 027,South Korea,APAC,PLT-01,Munich Center,Germany,EMEA,SMB,Singapore,2,42509.81,2,42509.81,2,42509.81,1,1034.01,0,0.0,100.0,100.0
2026-01-01,SUP-027,Supplier 027,South Korea,APAC,PLT-03,Tokyo Precision,Japan,APAC,SMB,Australia,1,3904.04,1,3904.04,1,3904.04,1,3904.04,0,0.0,100.0,100.0
2026-01-01,SUP-027,Supplier 027,South Korea,APAC,PLT-06,Sao Paulo Ops,Brazil,LATAM,SMB,Canada,1,3575.16,1,3575.16,1,3575.16,0,0.0,0,0.0,100.0,100.0
2026-01-01,SUP-027,Supplier 027,South Korea,APAC,PLT-02,Detroit Works,USA,NA,Enterprise,France,1,7529.49,1,7529.49,1,7529.49,0,0.0,0,0.0,100.0,100.0
2026-01-01,SUP-027,Supplier 027,South Korea,APAC,PLT-06,Sao Paulo Ops,Brazil,LATAM,Government,France,1,30392.4,1,30392.4,1,30392.4,1,30392.4,0,0.0,100.0,100.0
2026-01-01,SUP-028,Supplier 028,Taiwan,APAC,PLT-08,Taipei Micro,Taiwan,APAC,Enterprise,USA,1,880.95,1,880.95,1,880.95,1,880.95,0,0.0,100.0,100.0
2026-01-01,SUP-028,Supplier 028,Taiwan,APAC,PLT-02,Detroit Works,USA,NA,SMB,USA,1,39694.23,1,39694.23,0,0.0,1,39694.23,0,0.0,100.0,100.0
2026-01-01,SUP-028,Supplier 028,Taiwan,APAC,PLT-08,Taipei Micro,Taiwan,APAC,Enterprise,Japan,1,2432.36,1,2432.36,1,2432.36,0,0.0,0,0.0,100.0,100.0
2026-01-01,SUP-028,Supplier 028,Taiwan,APAC,PLT-08,Taipei Micro,Taiwan,APAC,SMB,Canada,1,42754.89,1,42754.89,0,0.0,0,0.0,1,42754.89,100.0,100.0
2026-01-01,SUP-028,Supplier 028,Taiwan,APAC,PLT-01,Munich Center,Germany,EMEA,Enterprise,Japan,1,22212.0,1,22212.0,0,0.0,1,22212.0,0,0.0,100.0,100.0
2026-01-01,SUP-028,Supplier 028,Taiwan,APAC,PLT-06,Sao Paulo Ops,Brazil,LATAM,Enterprise,USA,1,6679.89,1,6679.89,1,6679.89,1,6679.89,0,0.0,100.0,100.0
2026-01-01,SUP-028,Supplier 028,Taiwan,APAC,PLT-06,Sao Paulo Ops,Brazil,LATAM,SMB,USA,1,46416.96,1,46416.96,1,46416.96,0,0.0,0,0.0,100.0,100.0
2026-01-01,SUP-028,Supplier 028,Taiwan,APAC,PLT-06,Sao Paulo Ops,Brazil,LATAM,Enterprise,Canada,1,51951.25,0,0.0,0,0.0,0,0.0,0,0.0,0.0,0.0
2026-01-01,SUP-028,Supplier 028,Taiwan,APAC,PLT-02,Detroit Works,USA,NA,SMB,Singapore,1,3034.78,0,0.0,0,0.0,0,0.0,0,0.0,0.0,0.0
2026-01-01,SUP-028,Supplier 028,Taiwan,APAC,PLT-08,Taipei Micro,Taiwan,APAC,Government,USA,1,8312.1,1,8312.1,1,8312.1,1,8312.1,0,0.0,100.0,100.0
2026-01-01,SUP-029,Supplier 029,Vietnam,APAC,PLT-08,Taipei Micro,Taiwan,APAC,Enterprise,France,1,4610.55,1,4610.55,1,4610.55,0,0.0,0,0.0,100.0,100.0
2026-01-01,SUP-029,Supplier 029,Vietnam,APAC,PLT-00,Shanghai Hub,China,APAC,SMB,Germany,1,3025.52,1,3025.52,1,3025.52,0,0.0,0,0.0,100.0,100.0
2026-01-01,SUP-029,Supplier 029,Vietnam,APAC,PLT-05,Monterrey Plant,Mexico,LATAM,Enterprise,USA,1,1641.74,1,1641.74,0,0.0,1,1641.74,0,0.0,100.0,100.0
2026-01-01,SUP-030,Supplier 030,China,APAC,PLT-09,Hanoi Assembly,Vietnam,APAC,Enterprise,Japan,1,15959.0,1,15959.0,1,15959.0,1,15959.0,0,0.0,100.0,100.0
2026-01-01,SUP-030,Supplier 030,China,APAC,PLT-08,Taipei Micro,Taiwan,APAC,Enterprise,USA,1,1053.07,1,1053.07,1,1053.07,0,0.0,0,0.0,100.0,100.0
2026-01-01,SUP-030,Supplier 030,China,APAC,PLT-02,Detroit Works,USA,NA,SMB,France,1,3898.04,1,3898.04,0,0.0,1,3898.04,0,0.0,100.0,100.0
2026-01-01,SUP-030,Supplier 030,China,APAC,PLT-02,Detroit Works,USA,NA,Government,USA,1,4624.48,0,0.0,0,0.0,0,0.0,0,0.0,0.0,0.0
2026-01-01,SUP-030,Supplier 030,China,APAC,PLT-08,Taipei Micro,Taiwan,APAC,SMB,Australia,1,2016.0,1,2016.0,1,2016.0,0,0.0,0,0.0,100.0,100.0
2026-01-01,SUP-030,Supplier 030,China,APAC,PLT-01,Munich Center,Germany,EMEA,Enterprise,Singapore,1,27380.62,1,27380.62,1,27380.62,0,0.0,0,0.0,100.0,100.0
2026-01-01,SUP-030,Supplier 030,China,APAC,PLT-05,Monterrey Plant,Mexico,LATAM,Government,USA,1,4214.56,1,4214.56,1,4214.56,0,0.0,0,0.0,100.0,100.0
2026-01-01,SUP-030,Supplier 030,China,APAC,PLT-01,Munich Center,Germany,EMEA,SMB,Australia,1,38607.2,1,38607.2,1,38607.2,1,38607.2,0,0.0,100.0,100.0
2026-01-01,SUP-030,Supplier 030,China,APAC,PLT-07,Seoul Tech,South Korea,APAC,Enterprise,France,1,26588.52,1,26588.52,1,26588.52,0,0.0,0,0.0,100.0,100.0
2026-01-01,SUP-031,Supplier 031,Germany,EMEA,PLT-06,Sao Paulo Ops,Brazil,LATAM,SMB,France,1,4922.52,1,4922.52,1,4922.52,1,4922.52,0,0.0,100.0,100.0
2026-01-01,SUP-031,Supplier 031,Germany,EMEA,PLT-00,Shanghai Hub,China,APAC,Enterprise,Germany,1,1906.2,0,0.0,0,0.0,0,0.0,0,0.0,0.0,0.0
2026-01-01,SUP-031,Supplier 031,Germany,EMEA,PLT-08,Taipei Micro,Taiwan,APAC,Government,Singapore,1,2166.12,1,2166.12,1,2166.12,0,0.0,0,0.0,100.0,100.0
2026-01-01,SUP-031,Supplier 031,Germany,EMEA,PLT-09,Hanoi Assembly,Vietnam,APAC,Enterprise,Singapore,1,46878.2,1,46878.2,0,0.0,1,46878.2,0,0.0,100.0,100.0
2026-01-01,SUP-031,Supplier 031,Germany,EMEA,PLT-00,Shanghai Hub,China,APAC,Enterprise,UK,1,43772.56,1,43772.56,0,0.0,1,43772.56,0,0.0,100.0,100.0
2026-01-01,SUP-031,Supplier 031,Germany,EMEA,PLT-07,Seoul Tech,South Korea,APAC,Government,Australia,1,15004.24,1,15004.24,0,0.0,0,0.0,1,15004.24,100.0,100.0
2026-01-01,SUP-031,Supplier 031,Germany,EMEA,PLT-05,Monterrey Plant,Mexico,LATAM,Enterprise,Canada,1,3948.96,1,3948.96,1,3948.96,0,0.0,0,0.0,100.0,100.0
2026-01-01,SUP-032,Supplier 032,USA,NA,PLT-02,Detroit Works,USA,NA,SMB,UK,1,8578.68,1,8578.68,1,8578.68,1,8578.68,0,0.0,100.0,100.0
2026-01-01,SUP-032,Supplier 032,USA,NA,PLT-06,Sao Paulo Ops,Brazil,LATAM,Enterprise,Germany,1,3608.92,0,0.0,0,0.0,0,0.0,0,0.0,0.0,0.0
2026-01-01,SUP-032,Supplier 032,USA,NA,PLT-06,Sao Paulo Ops,Brazil,LATAM,Enterprise,France,1,1802.5,0,0.0,0,0.0,0,0.0,0,0.0,0.0,0.0
2026-01-01,SUP-032,Supplier 032,USA,NA,PLT-03,Tokyo Precision,Japan,APAC,Enterprise,Singapore,1,21297.6,1,21297.6,1,21297.6,0,0.0,0,0.0,100.0,100.0
2026-01-01,SUP-032,Supplier 032,USA,NA,PLT-08,Taipei Micro,Taiwan,APAC,Enterprise,France,1,11379.09,1,11379.09,1,11379.09,1,11379.09,0,0.0,100.0,100.0
2026-01-01,SUP-032,Supplier 032,USA,NA,PLT-04,Chennai Forge,India,APAC,SMB,France,1,21012.0,1,21012.0,0,0.0,1,21012.0,0,0.0,100.0,100.0
2026-01-01,SUP-032,Supplier 032,USA,NA,PLT-09,Hanoi Assembly,Vietnam,APAC,Enterprise,Japan,1,4805.32,1,4805.32,1,4805.32,0,0.0,0,0.0,100.0,100.0
2026-01-01,SUP-033,Supplier 033,Japan,APAC,PLT-01,Munich Center,Germany,EMEA,Government,Australia,1,41932.8,1,41932.8,1,41932.8,1,41932.8,0,0.0,100.0,100.0
2026-01-01,SUP-033,Supplier 033,Japan,APAC,PLT-01,Munich Center,Germany,EMEA,Enterprise,Japan,1,9320.85,0,0.0,0,0.0,0,0.0,0,0.0,0.0,0.0
2026-01-01,SUP-033,Supplier 033,Japan,APAC,PLT-05,Monterrey Plant,Mexico,LATAM,SMB,Australia,1,4905.78,1,4905.78,1,4905.78,0,0.0,0,0.0,100.0,100.0
2026-01-01,SUP-033,Supplier 033,Japan,APAC,PLT-00,Shanghai Hub,China,APAC,Enterprise,USA,1,5099.82,1,5099.82,1,5099.82,0,0.0,0,0.0,100.0,100.0
2026-01-01,SUP-033,Supplier 033,Japan,APAC,PLT-03,Tokyo Precision,Japan,APAC,SMB,Germany,1,17946.2,1,17946.2,1,17946.2,0,0.0,0,0.0,100.0,100.0
2026-01-01,SUP-033,Supplier 033,Japan,APAC,PLT-05,Monterrey Plant,Mexico,LATAM,SMB,Japan,1,8636.88,1,8636.88,1,8636.88,0,0.0,0,0.0,100.0,100.0
2026-01-01,SUP-033,Supplier 033,Japan,APAC,PLT-02,Detroit Works,USA,NA,Government,Australia,1,714.36,1,714.36,1,714.36,1,714.36,0,0.0,100.0,100.0
2026-01-01,SUP-033,Supplier 033,Japan,APAC,PLT-02,Detroit Works,USA,NA,Enterprise,USA,1,12699.44,1,12699.44,1,12699.44,0,0.0,0,0.0,100.0,100.0
2026-01-01,SUP-033,Supplier 033,Japan,APAC,PLT-01,Munich Center,Germany,EMEA,Government,Japan,1,45774.3,0,0.0,0,0.0,0,0.0,0,0.0,0.0,0.0
2026-01-01,SUP-034,Supplier 034,India,APAC,PLT-02,Detroit Works,USA,NA,Enterprise,France,1,870.89,0,0.0,0,0.0,0,0.0,0,0.0,0.0,0.0
2026-01-01,SUP-034,Supplier 034,India,APAC,PLT-06,Sao Paulo Ops,Brazil,LATAM,SMB,Singapore,1,18830.78,1,18830.78,1,18830.78,1,18830.78,0,0.0,100.0,100.0
2026-01-01,SUP-034,Supplier 034,India,APAC,PLT-01,Munich Center,Germany,EMEA,Government,Canada,1,13840.89,1,13840.89,0,0.0,0,0.0,1,13840.89,100.0,100.0
2026-01-01,SUP-034,Supplier 034,India,APAC,PLT-05,Monterrey Plant,Mexico,LATAM,SMB,Canada,1,8231.4,0,0.0,0,0.0,0,0.0,0,0.0,0.0,0.0
2026-01-01,SUP-034,Supplier 034,India,APAC,PLT-02,Detroit Works,USA,NA,SMB,Germany,1,56008.4,0,0.0,0,0.0,0,0.0,0,0.0,0.0,0.0
2026-01-01,SUP-034,Supplier 034,India,APAC,PLT-03,Tokyo Precision,Japan,APAC,Government,Germany,1,13816.59,0,0.0,0,0.0,0,0.0,0,0.0,0.0,0.0
2026-01-01,SUP-034,Supplier 034,India,APAC,PLT-02,Detroit Works,USA,NA,Government,Germany,1,44911.14,1,44911.14,1,44911.14,0,0.0,0,0.0,100.0,100.0
2026-01-01,SUP-034,Supplier 034,India,APAC,PLT-00,Shanghai Hub,China,APAC,Enterprise,USA,1,41758.56,1,41758.56,1,41758.56,1,41758.56,0,0.0,100.0,100.0
2026-01-01,SUP-035,Supplier 035,Mexico,LATAM,PLT-02,Detroit Works,USA,NA,Enterprise,Japan,1,19243.98,1,19243.98,1,19243.98,0,0.0,0,0.0,100.0,100.0
2026-01-01,SUP-035,Supplier 035,Mexico,LATAM,PLT-08,Taipei Micro,Taiwan,APAC,Government,USA,1,25757.9,1,25757.9,1,25757.9,0,0.0,0,0.0,100.0,100.0
2026-01-01,SUP-035,Supplier 035,Mexico,LATAM,PLT-07,Seoul Tech,South Korea,APAC,SMB,Australia,1,10004.38,1,10004.38,1,10004.38,1,10004.38,0,0.0,100.0,100.0
2026-01-01,SUP-035,Supplier 035,Mexico,LATAM,PLT-04,Chennai Forge,India,APAC,Enterprise,Canada,1,40403.03,1,40403.03,1,40403.03,0,0.0,0,0.0,100.0,100.0
2026-01-01,SUP-036,Supplier 036,Brazil,LATAM,PLT-05,Monterrey Plant,Mexico,LATAM,SMB,USA,1,17722.94,1,17722.94,0,0.0,0,0.0,1,17722.94,100.0,100.0
2026-01-01,SUP-036,Supplier 036,Brazil,LATAM,PLT-06,Sao Paulo Ops,Brazil,LATAM,SMB,Canada,1,15471.0,1,15471.0,1,15471.0,0,0.0,0,0.0,100.0,100.0
2026-01-01,SUP-037,Supplier 037,South Korea,APAC,PLT-04,Chennai Forge,India,APAC,Enterprise,Germany,1,3283.98,1,3283.98,1,3283.98,0,0.0,0,0.0,100.0,100.0
2026-01-01,SUP-037,Supplier 037,South Korea,APAC,PLT-07,Seoul Tech,South Korea,APAC,Government,Germany,1,558.15,1,558.15,1,558.15,0,0.0,0,0.0,100.0,100.0
2026-01-01,SUP-037,Supplier 037,South Korea,APAC,PLT-01,Munich Center,Germany,EMEA,Government,USA,1,49796.72,0,0.0,0,0.0,0,0.0,0,0.0,0.0,0.0
2026-01-01,SUP-037,Supplier 037,South Korea,APAC,PLT-00,Shanghai Hub,China,APAC,SMB,UK,1,30147.3,1,30147.3,1,30147.3,0,0.0,0,0.0,100.0,100.0
2026-01-01,SUP-037,Supplier 037,South Korea,APAC,PLT-01,Munich Center,Germany,EMEA,SMB,Australia,1,30650.06,0,0.0,0,0.0,0,0.0,0,0.0,0.0,0.0
2026-01-01,SUP-037,Supplier 037,South Korea,APAC,PLT-04,Chennai Forge,India,APAC,SMB,Japan,1,3125.22,1,3125.22,0,0.0,1,3125.22,0,0.0,100.0,100.0
2026-01-01,SUP-037,Supplier 037,South Korea,APAC,PLT-00,Shanghai Hub,China,APAC,SMB,France,1,22103.9,1,22103.9,1,22103.9,1,22103.9,0,0.0,100.0,100.0
2026-01-01,SUP-037,Supplier 037,South Korea,APAC,PLT-06,Sao Paulo Ops,Brazil,LATAM,SMB,Singapore,1,9837.79,1,9837.79,1,9837.79,1,9837.79,0,0.0,100.0,100.0
2026-01-01,SUP-038,Supplier 038,Taiwan,APAC,PLT-09,Hanoi Assembly,Vietnam,APAC,SMB,France,1,809.28,1,809.28,1,809.28,1,809.28,0,0.0,100.0,100.0
2026-01-01,SUP-038,Supplier 038,Taiwan,APAC,PLT-03,Tokyo Precision,Japan,APAC,Enterprise,Singapore,1,38719.31,1,38719.31,1,38719.31,0,0.0,0,0.0,100.0,100.0
2026-01-01,SUP-038,Supplier 038,Taiwan,APAC,PLT-01,Munich Center,Germany,EMEA,Enterprise,Canada,1,21466.82,1,21466.82,1,21466.82,1,21466.82,0,0.0,100.0,100.0
2026-01-01,SUP-038,Supplier 038,Taiwan,APAC,PLT-09,Hanoi Assembly,Vietnam,APAC,SMB,Australia,1,37779.5,1,37779.5,1,37779.5,0,0.0,0,0.0,100.0,100.0
2026-01-01,SUP-038,Supplier 038,Taiwan,APAC,PLT-06,Sao Paulo Ops,Brazil,LATAM,Government,Singapore,1,46773.0,1,46773.0,0,0.0,0,0.0,1,46773.0,100.0,100.0
2026-01-01,SUP-038,Supplier 038,Taiwan,APAC,PLT-01,Munich Center,Germany,EMEA,SMB,Australia,1,3875.92,0,0.0,0,0.0,0,0.0,0,0.0,0.0,0.0
2026-01-01,SUP-038,Supplier 038,Taiwan,APAC,PLT-04,Chennai Forge,India,APAC,SMB,Japan,1,7836.06,1,7836.06,1,7836.06,0,0.0,0,0.0,100.0,100.0
2026-01-01,SUP-038,Supplier 038,Taiwan,APAC,PLT-01,Munich Center,Germany,EMEA,Enterprise,France,1,4930.4,1,4930.4,1,4930.4,0,0.0,0,0.0,100.0,100.0
2026-01-01,SUP-038,Supplier 038,Taiwan,APAC,PLT-00,Shanghai Hub,China,APAC,Enterprise,Australia,1,4199.76,1,4199.76,1,4199.76,0,0.0,0,0.0,100.0,100.0
2026-01-01,SUP-039,Supplier 039,Vietnam,APAC,PLT-00,Shanghai Hub,China,APAC,SMB,France,1,14922.4,0,0.0,0,0.0,0,0.0,0,0.0,0.0,0.0
2026-01-01,SUP-039,Supplier 039,Vietnam,APAC,PLT-07,Seoul Tech,South Korea,APAC,SMB,Canada,1,473.08,1,473.08,0,0.0,0,0.0,1,473.08,100.0,100.0
2026-01-01,SUP-039,Supplier 039,Vietnam,APAC,PLT-07,Seoul Tech,South Korea,APAC,SMB,Australia,1,16917.12,1,16917.12,1,16917.12,0,0.0,0,0.0,100.0,100.0
2026-01-01,SUP-039,Supplier 039,Vietnam,APAC,PLT-04,Chennai Forge,India,APAC,Enterprise,UK,1,44509.4,1,44509.4,1,44509.4,0,0.0,0,0.0,100.0,100.0
2026-01-01,SUP-039,Supplier 039,Vietnam,APAC,PLT-05,Monterrey Plant,Mexico,LATAM,Enterprise,Australia,1,1051.08,1,1051.08,1,1051.08,0,0.0,0,0.0,100.0,100.0
2026-01-01,SUP-039,Supplier 039,Vietnam,APAC,PLT-02,Detroit Works,USA,NA,SMB,Singapore,1,3889.76,1,3889.76,1,3889.76,0,0.0,0,0.0,100.0,100.0
2026-01-01,SUP-039,Supplier 039,Vietnam,APAC,PLT-04,Chennai Forge,India,APAC,SMB,France,2,39107.74,2,39107.74,1,23502.08,0,0.0,1,15605.66,100.0,100.0
2026-01-01,SUP-039,Supplier 039,Vietnam,APAC,PLT-06,Sao Paulo Ops,Brazil,LATAM,Government,Australia,1,9683.38,1,9683.38,1,9683.38,0,0.0,0,0.0,100.0,100.0
2026-01-01,SUP-040,Supplier 040,China,APAC,PLT-03,Tokyo Precision,Japan,APAC,Government,UK,1,15099.48,1,15099.48,1,15099.48,0,0.0,0,0.0,100.0,100.0
2026-01-01,SUP-040,Supplier 040,China,APAC,PLT-07,Seoul Tech,South Korea,APAC,SMB,UK,1,86.07,1,86.07,0,0.0,0,0.0,1,86.07,100.0,100.0
2026-01-01,SUP-040,Supplier 040,China,APAC,PLT-04,Chennai Forge,India,APAC,Government,France,1,87770.88,1,87770.88,1,87770.88,1,87770.88,0,0.0,100.0,100.0
2026-01-01,SUP-040,Supplier 040,China,APAC,PLT-06,Sao Paulo Ops,Brazil,LATAM,SMB,Singapore,1,8648.15,0,0.0,0,0.0,0,0.0,0,0.0,0.0,0.0
2026-01-01,SUP-040,Supplier 040,China,APAC,PLT-00,Shanghai Hub,China,APAC,Enterprise,Japan,1,6946.0,1,6946.0,1,6946.0,0,0.0,0,0.0,100.0,100.0
2026-01-01,SUP-040,Supplier 040,China,APAC,PLT-07,Seoul Tech,South Korea,APAC,Government,Germany,1,35877.0,1,35877.0,1,35877.0,0,0.0,0,0.0,100.0,100.0
2026-01-01,SUP-040,Supplier 040,China,APAC,PLT-02,Detroit Works,USA,NA,SMB,France,1,33393.78,0,0.0,0,0.0,0,0.0,0,0.0,0.0,0.0
2026-01-01,SUP-041,Supplier 041,Germany,EMEA,PLT-08,Taipei Micro,Taiwan,APAC,SMB,UK,1,7686.89,1,7686.89,1,7686.89,1,7686.89,0,0.0,100.0,100.0
2026-01-01,SUP-041,Supplier 041,Germany,EMEA,PLT-07,Seoul Tech,South Korea,APAC,SMB,UK,1,1859.4,1,1859.4,1,1859.4,0,0.0,0,0.0,100.0,100.0
2026-01-01,SUP-041,Supplier 041,Germany,EMEA,PLT-00,Shanghai Hub,China,APAC,SMB,France,1,3578.89,1,3578.89,1,3578.89,0,0.0,0,0.0,100.0,100.0
2026-01-01,SUP-041,Supplier 041,Germany,EMEA,PLT-05,Monterrey Plant,Mexico,LATAM,SMB,Canada,1,28576.0,1,28576.0,1,28576.0,0,0.0,0,0.0,100.0,100.0
2026-01-01,SUP-042,Supplier 042,USA,NA,PLT-06,Sao Paulo Ops,Brazil,LATAM,SMB,Canada,1,11861.83,1,11861.83,1,11861.83,0,0.0,0,0.0,100.0,100.0
2026-01-01,SUP-042,Supplier 042,USA,NA,PLT-05,Monterrey Plant,Mexico,LATAM,Enterprise,Canada,1,7807.41,1,7807.41,1,7807.41,0,0.0,0,0.0,100.0,100.0
2026-01-01,SUP-042,Supplier 042,USA,NA,PLT-06,Sao Paulo Ops,Brazil,LATAM,Enterprise,France,1,46605.59,1,46605.59,1,46605.59,1,46605.59,0,0.0,100.0,100.0
2026-01-01,SUP-042,Supplier 042,USA,NA,PLT-09,Hanoi Assembly,Vietnam,APAC,Enterprise,Australia,1,5177.01,1,5177.01,1,5177.01,0,0.0,0,0.0,100.0,100.0
2026-01-01,SUP-042,Supplier 042,USA,NA,PLT-01,Munich Center,Germany,EMEA,SMB,Australia,1,44234.87,0,0.0,0,0.0,0,0.0,0,0.0,0.0,0.0
2026-01-01,SUP-042,Supplier 042,USA,NA,PLT-04,Chennai Forge,India,APAC,Enterprise,Australia,1,42201.54,1,42201.54,0,0.0,0,0.0,1,42201.54,100.0,100.0
2026-01-01,SUP-042,Supplier 042,USA,NA,PLT-01,Munich Center,Germany,EMEA,Enterprise,Germany,1,62392.5,1,62392.5,0,0.0,0,0.0,1,62392.5,100.0,100.0
2026-01-01,SUP-042,Supplier 042,USA,NA,PLT-01,Munich Center,Germany,EMEA,Enterprise,Singapore,1,66274.74,1,66274.74,0,0.0,0,0.0,1,66274.74,100.0,100.0
2026-01-01,SUP-043,Supplier 043,Japan,APAC,PLT-07,Seoul Tech,South Korea,APAC,SMB,Australia,1,2285.64,0,0.0,0,0.0,0,0.0,0,0.0,0.0,0.0
2026-01-01,SUP-043,Supplier 043,Japan,APAC,PLT-09,Hanoi Assembly,Vietnam,APAC,Enterprise,Canada,1,10361.34,0,0.0,0,0.0,0,0.0,0,0.0,0.0,0.0
2026-01-01,SUP-043,Supplier 043,Japan,APAC,PLT-03,Tokyo Precision,Japan,APAC,SMB,Singapore,1,29950.2,0,0.0,0,0.0,0,0.0,0,0.0,0.0,0.0
2026-01-01,SUP-043,Supplier 043,Japan,APAC,PLT-01,Munich Center,Germany,EMEA,Government,Australia,1,16197.27,1,16197.27,0,0.0,1,16197.27,0,0.0,100.0,100.0
2026-01-01,SUP-043,Supplier 043,Japan,APAC,PLT-07,Seoul Tech,South Korea,APAC,Enterprise,Canada,1,54416.64,1,54416.64,1,54416.64,0,0.0,0,0.0,100.0,100.0
2026-01-01,SUP-043,Supplier 043,Japan,APAC,PLT-04,Chennai Forge,India,APAC,SMB,Germany,1,1781.26,1,1781.26,0,0.0,1,1781.26,0,0.0,100.0,100.0
2026-01-01,SUP-043,Supplier 043,Japan,APAC,PLT-08,Taipei Micro,Taiwan,APAC,Government,USA,1,39630.84,1,39630.84,0,0.0,1,39630.84,0,0.0,100.0,100.0
2026-01-01,SUP-044,Supplier 044,India,APAC,PLT-06,Sao Paulo Ops,Brazil,LATAM,Enterprise,Canada,1,9480.0,1,9480.0,1,9480.0,0,0.0,0,0.0,100.0,100.0
2026-01-01,SUP-044,Supplier 044,India,APAC,PLT-08,Taipei Micro,Taiwan,APAC,Enterprise,Japan,1,23910.12,1,23910.12,1,23910.12,0,0.0,0,0.0,100.0,100.0
2026-01-01,SUP-044,Supplier 044,India,APAC,PLT-01,Munich Center,Germany,EMEA,Government,Australia,1,43448.4,0,0.0,0,0.0,0,0.0,0,0.0,0.0,0.0
2026-01-01,SUP-044,Supplier 044,India,APAC,PLT-06,Sao Paulo Ops,Brazil,LATAM,SMB,Japan,1,23357.88,1,23357.88,1,23357.88,0,0.0,0,0.0,100.0,100.0
2026-01-01,SUP-044,Supplier 044,India,APAC,PLT-04,Chennai Forge,India,APAC,SMB,Germany,1,2128.8,1,2128.8,0,0.0,1,2128.8,0,0.0,100.0,100.0
2026-01-01,SUP-044,Supplier 044,India,APAC,PLT-01,Munich Center,Germany,EMEA,Enterprise,Australia,1,15218.58,1,15218.58,1,15218.58,0,0.0,0,0.0,100.0,100.0
2026-01-01,SUP-044,Supplier 044,India,APAC,PLT-05,Monterrey Plant,Mexico,LATAM,SMB,Canada,1,7241.78,1,7241.78,1,7241.78,1,7241.78,0,0.0,100.0,100.0
2026-01-01,SUP-044,Supplier 044,India,APAC,PLT-05,Monterrey Plant,Mexico,LATAM,SMB,UK,1,11329.5,1,11329.5,1,11329.5,0,0.0,0,0.0,100.0,100.0
2026-01-01,SUP-044,Supplier 044,India,APAC,PLT-04,Chennai Forge,India,APAC,SMB,USA,1,4512.78,1,4512.78,1,4512.78,1,4512.78,0,0.0,100.0,100.0
2026-01-01,SUP-045,Supplier 045,Mexico,LATAM,PLT-01,Munich Center,Germany,EMEA,SMB,France,1,192.33,0,0.0,0,0.0,0,0.0,0,0.0,0.0,0.0
2026-01-01,SUP-045,Supplier 045,Mexico,LATAM,PLT-01,Munich Center,Germany,EMEA,Enterprise,Japan,1,12664.4,0,0.0,0,0.0,0,0.0,0,0.0,0.0,0.0
2026-01-01,SUP-045,Supplier 045,Mexico,LATAM,PLT-07,Seoul Tech,South Korea,APAC,SMB,UK,1,288.06,1,288.06,1,288.06,0,0.0,0,0.0,100.0,100.0
2026-01-01,SUP-045,Supplier 045,Mexico,LATAM,PLT-08,Taipei Micro,Taiwan,APAC,SMB,Australia,1,35260.55,1,35260.55,1,35260.55,1,35260.55,0,0.0,100.0,100.0
2026-01-01,SUP-045,Supplier 045,Mexico,LATAM,PLT-03,Tokyo Precision,Japan,APAC,Enterprise,UK,1,37914.6,0,0.0,0,0.0,0,0.0,0,0.0,0.0,0.0
2026-01-01,SUP-045,Supplier 045,Mexico,LATAM,PLT-08,Taipei Micro,Taiwan,APAC,Government,UK,1,34025.25,1,34025.25,1,34025.25,0,0.0,0,0.0,100.0,100.0
2026-01-01,SUP-045,Supplier 045,Mexico,LATAM,PLT-00,Shanghai Hub,China,APAC,SMB,Singapore,1,2403.6,1,2403.6,1,2403.6,0,0.0,0,0.0,100.0,100.0
2026-01-01,SUP-045,Supplier 045,Mexico,LATAM,PLT-07,Seoul Tech,South Korea,APAC,SMB,Australia,1,44002.64,1,44002.64,1,44002.64,0,0.0,0,0.0,100.0,100.0
2026-01-01,SUP-045,Supplier 045,Mexico,LATAM,PLT-07,Seoul Tech,South Korea,APAC,SMB,Singapore,1,11318.85,1,11318.85,1,11318.85,0,0.0,0,0.0,100.0,100.0
2026-01-01,SUP-046,Supplier 046,Brazil,LATAM,PLT-05,Monterrey Plant,Mexico,LATAM,Government,Australia,1,16914.24,1,16914.24,1,16914.24,0,0.0,0,0.0,100.0,100.0
2026-01-01,SUP-046,Supplier 046,Brazil,LATAM,PLT-03,Tokyo Precision,Japan,APAC,SMB,France,1,88538.4,1,88538.4,1,88538.4,0,0.0,0,0.0,100.0,100.0
2026-01-01,SUP-046,Supplier 046,Brazil,LATAM,PLT-07,Seoul Tech,South Korea,APAC,SMB,UK,1,25445.25,1,25445.25,1,25445.25,0,0.0,0,0.0,100.0,100.0
2026-01-01,SUP-046,Supplier 046,Brazil,LATAM,PLT-07,Seoul Tech,South Korea,APAC,Enterprise,USA,1,10108.53,1,10108.53,1,10108.53,0,0.0,0,0.0,100.0,100.0
2026-01-01,SUP-046,Supplier 046,Brazil,LATAM,PLT-05,Monterrey Plant,Mexico,LATAM,SMB,Singapore,1,10142.96,1,10142.96,1,10142.96,0,0.0,0,0.0,100.0,100.0
2026-01-01,SUP-046,Supplier 046,Brazil,LATAM,PLT-04,Chennai Forge,India,APAC,Enterprise,Singapore,1,72772.47,1,72772.47,0,0.0,1,72772.47,0,0.0,100.0,100.0
2026-01-01,SUP-046,Supplier 046,Brazil,LATAM,PLT-04,Chennai Forge,India,APAC,SMB,Australia,1,10152.25,1,10152.25,1,10152.25,0,0.0,0,0.0,100.0,100.0
2026-01-01,SUP-046,Supplier 046,Brazil,LATAM,PLT-03,Tokyo Precision,Japan,APAC,Government,Germany,1,1624.56,1,1624.56,1,1624.56,0,0.0,0,0.0,100.0,100.0
2026-01-01,SUP-046,Supplier 046,Brazil,LATAM,PLT-01,Munich Center,Germany,EMEA,SMB,Singapore,1,43902.82,0,0.0,0,0.0,0,0.0,0,0.0,0.0,0.0
2026-01-01,SUP-046,Supplier 046,Brazil,LATAM,PLT-02,Detroit Works,USA,NA,SMB,Australia,1,13094.88,1,13094.88,1,13094.88,0,0.0,0,0.0,100.0,100.0
2026-01-01,SUP-047,Supplier 047,South Korea,APAC,PLT-04,Chennai Forge,India,APAC,Government,Singapore,1,20768.9,1,20768.9,1,20768.9,0,0.0,0,0.0,100.0,100.0
2026-01-01,SUP-047,Supplier 047,South Korea,APAC,PLT-04,Chennai Forge,India,APAC,SMB,UK,1,27672.3,1,27672.3,1,27672.3,0,0.0,0,0.0,100.0,100.0
2026-01-01,SUP-047,Supplier 047,South Korea,APAC,PLT-03,Tokyo Precision,Japan,APAC,SMB,Germany,1,12352.8,1,12352.8,1,12352.8,0,0.0,0,0.0,100.0,100.0
2026-01-01,SUP-047,Supplier 047,South Korea,APAC,PLT-04,Chennai Forge,India,APAC,SMB,USA,1,23600.7,1,23600.7,1,23600.7,0,0.0,0,0.0,100.0,100.0
2026-01-01,SUP-047,Supplier 047,South Korea,APAC,PLT-03,Tokyo Precision,Japan,APAC,Government,France,1,4789.8,1,4789.8,1,4789.8,0,0.0,0,0.0,100.0,100.0
2026-01-01,SUP-047,Supplier 047,South Korea,APAC,PLT-06,Sao Paulo Ops,Brazil,LATAM,Government,Australia,1,34780.32,1,34780.32,1,34780.32,0,0.0,0,0.0,100.0,100.0
2026-01-01,SUP-047,Supplier 047,South Korea,APAC,PLT-08,Taipei Micro,Taiwan,APAC,Government,Germany,1,2622.75,1,2622.75,1,2622.75,1,2622.75,0,0.0,100.0,100.0
2026-01-01,SUP-047,Supplier 047,South Korea,APAC,PLT-03,Tokyo Precision,Japan,APAC,Government,Australia,1,2648.51,1,2648.51,1,2648.51,0,0.0,0,0.0,100.0,100.0
2026-01-01,SUP-048,Supplier 048,Taiwan,APAC,PLT-02,Detroit Works,USA,NA,Government,Germany,1,33405.12,1,33405.12,1,33405.12,1,33405.12,0,0.0,100.0,100.0
2026-01-01,SUP-048,Supplier 048,Taiwan,APAC,PLT-06,Sao Paulo Ops,Brazil,LATAM,SMB,Singapore,1,4099.68,1,4099.68,0,0.0,0,0.0,1,4099.68,100.0,100.0
2026-01-01,SUP-048,Supplier 048,Taiwan,APAC,PLT-07,Seoul Tech,South Korea,APAC,SMB,Canada,1,1460.4,1,1460.4,1,1460.4,1,1460.4,0,0.0,100.0,100.0
2026-01-01,SUP-048,Supplier 048,Taiwan,APAC,PLT-01,Munich Center,Germany,EMEA,SMB,Japan,1,4682.65,0,0.0,0,0.0,0,0.0,0,0.0,0.0,0.0
2026-01-01,SUP-048,Supplier 048,Taiwan,APAC,PLT-04,Chennai Forge,India,APAC,SMB,Singapore,1,2558.85,1,2558.85,1,2558.85,0,0.0,0,0.0,100.0,100.0
2026-01-01,SUP-049,Supplier 049,Vietnam,APAC,PLT-08,Taipei Micro,Taiwan,APAC,SMB,USA,1,7279.04,1,7279.04,1,7279.04,0,0.0,0,0.0,100.0,100.0
2026-01-01,SUP-049,Supplier 049,Vietnam,APAC,PLT-09,Hanoi Assembly,Vietnam,APAC,SMB,Germany,1,6067.35,1,6067.35,1,6067.35,1,6067.35,0,0.0,100.0,100.0
2026-01-01,SUP-049,Supplier 049,Vietnam,APAC,PLT-06,Sao Paulo Ops,Brazil,LATAM,Enterprise,Canada,1,14715.78,1,14715.78,0,0.0,1,14715.78,0,0.0,100.0,100.0
2026-01-01,SUP-049,Supplier 049,Vietnam,APAC,PLT-05,Monterrey Plant,Mexico,LATAM,Government,Canada,1,11075.99,1,11075.99,1,11075.99,0,0.0,0,0.0,100.0,100.0
2026-01-01,SUP-049,Supplier 049,Vietnam,APAC,PLT-00,Shanghai Hub,China,APAC,SMB,Singapore,1,48549.15,1,48549.15,1,48549.15,0,0.0,0,0.0,100.0,100.0
2026-01-01,SUP-049,Supplier 049,Vietnam,APAC,PLT-01,Munich Center,Germany,EMEA,Enterprise,USA,1,19607.46,1,19607.46,1,19607.46,1,19607.46,0,0.0,100.0,100.0
2026-01-01,SUP-049,Supplier 049,Vietnam,APAC,PLT-00,Shanghai Hub,China,APAC,Enterprise,USA,1,7268.86,1,7268.86,1,7268.86,0,0.0,0,0.0,100.0,100.0
2026-01-01,SUP-049,Supplier 049,Vietnam,APAC,PLT-03,Tokyo Precision,Japan,APAC,Enterprise,Japan,1,2622.74,1,2622.74,1,2622.74,0,0.0,0,0.0,100.0,100.0
2026-02-01,SUP-000,Supplier 000,China,APAC,PLT-09,Hanoi Assembly,Vietnam,APAC,SMB,Singapore,1,2857.4,0,0.0,0,0.0,0,0.0,0,0.0,0.0,0.0
2026-02-01,SUP-000,Supplier 000,China,APAC,PLT-04,Chennai Forge,India,APAC,Enterprise,Canada,1,7513.45,1,7513.45,0,0.0,1,7513.45,0,0.0,100.0,100.0
2026-02-01,SUP-000,Supplier 000,China,APAC,PLT-05,Monterrey Plant,Mexico,LATAM,SMB,UK,1,28567.5,1,28567.5,1,28567.5,0,0.0,0,0.0,100.0,100.0
2026-02-01,SUP-000,Supplier 000,China,APAC,PLT-06,Sao Paulo Ops,Brazil,LATAM,SMB,Singapore,1,17783.08,1,17783.08,1,17783.08,0,0.0,0,0.0,100.0,100.0
2026-02-01,SUP-000,Supplier 000,China,APAC,PLT-06,Sao Paulo Ops,Brazil,LATAM,Government,France,1,19937.5,0,0.0,0,0.0,0,0.0,0,0.0,0.0,0.0
2026-02-01,SUP-000,Supplier 000,China,APAC,PLT-07,Seoul Tech,South Korea,APAC,SMB,USA,1,445.62,1,445.62,1,445.62,0,0.0,0,0.0,100.0,100.0
2026-02-01,SUP-000,Supplier 000,China,APAC,PLT-04,Chennai Forge,India,APAC,Enterprise,USA,1,5811.54,1,5811.54,1,5811.54,0,0.0,0,0.0,100.0,100.0
2026-02-01,SUP-000,Supplier 000,China,APAC,PLT-01,Munich Center,Germany,EMEA,Government,Canada,1,16634.16,1,16634.16,1,16634.16,1,16634.16,0,0.0,100.0,100.0
2026-02-01,SUP-000,Supplier 000,China,APAC,PLT-09,Hanoi Assembly,Vietnam,APAC,Government,Germany,1,15931.3,1,15931.3,1,15931.3,1,15931.3,0,0.0,100.0,100.0
2026-02-01,SUP-000,Supplier 000,China,APAC,PLT-08,Taipei Micro,Taiwan,APAC,Government,Germany,1,20557.54,1,20557.54,1,20557.54,1,20557.54,0,0.0,100.0,100.0
2026-02-01,SUP-000,Supplier 000,China,APAC,PLT-03,Tokyo Precision,Japan,APAC,Government,USA,1,746.64,1,746.64,1,746.64,0,0.0,0,0.0,100.0,100.0
2026-02-01,SUP-000,Supplier 000,China,APAC,PLT-06,Sao Paulo Ops,Brazil,LATAM,Enterprise,France,2,15231.68,2,15231.68,1,3856.64,0,0.0,1,11375.04,100.0,100.0
2026-02-01,SUP-001,Supplier 001,Germany,EMEA,PLT-05,Monterrey Plant,Mexico,LATAM,Enterprise,Japan,1,9167.6,1,9167.6,1,9167.6,1,9167.6,0,0.0,100.0,100.0
2026-02-01,SUP-001,Supplier 001,Germany,EMEA,PLT-03,Tokyo Precision,Japan,APAC,Enterprise,Germany,1,4907.0,1,4907.0,0,0.0,1,4907.0,0,0.0,100.0,100.0
2026-02-01,SUP-001,Supplier 001,Germany,EMEA,PLT-02,Detroit Works,USA,NA,Government,Germany,1,2625.0,0,0.0,0,0.0,0,0.0,0,0.0,0.0,0.0
2026-02-01,SUP-001,Supplier 001,Germany,EMEA,PLT-02,Detroit Works,USA,NA,Enterprise,Singapore,1,28457.56,1,28457.56,0,0.0,0,0.0,1,28457.56,100.0,100.0
2026-02-01,SUP-001,Supplier 001,Germany,EMEA,PLT-07,Seoul Tech,South Korea,APAC,Government,USA,1,35297.46,1,35297.46,1,35297.46,0,0.0,0,0.0,100.0,100.0
2026-02-01,SUP-001,Supplier 001,Germany,EMEA,PLT-02,Detroit Works,USA,NA,Enterprise,Canada,1,12131.7,0,0.0,0,0.0,0,0.0,0,0.0,0.0,0.0
2026-02-01,SUP-001,Supplier 001,Germany,EMEA,PLT-04,Chennai Forge,India,APAC,SMB,Singapore,1,54868.96,0,0.0,0,0.0,0,0.0,0,0.0,0.0,0.0
2026-02-01,SUP-001,Supplier 001,Germany,EMEA,PLT-08,Taipei Micro,Taiwan,APAC,SMB,Australia,1,21487.26,1,21487.26,1,21487.26,0,0.0,0,0.0,100.0,100.0
2026-02-01,SUP-002,Supplier 002,USA,NA,PLT-06,Sao Paulo Ops,Brazil,LATAM,Government,USA,1,11771.39,1,11771.39,1,11771.39,0,0.0,0,0.0,100.0,100.0
2026-02-01,SUP-002,Supplier 002,USA,NA,PLT-07,Seoul Tech,South Korea,APAC,SMB,Germany,1,1045.17,0,0.0,0,0.0,0,0.0,0,0.0,0.0,0.0
2026-02-01,SUP-002,Supplier 002,USA,NA,PLT-07,Seoul Tech,South Korea,APAC,Enterprise,Singapore,1,4667.6,1,4667.6,0,0.0,1,4667.6,0,0.0,100.0,100.0
2026-02-01,SUP-002,Supplier 002,USA,NA,PLT-07,Seoul Tech,South Korea,APAC,Enterprise,France,1,12794.88,1,12794.88,1,12794.88,0,0.0,0,0.0,100.0,100.0
2026-02-01,SUP-002,Supplier 002,USA,NA,PLT-03,Tokyo Precision,Japan,APAC,SMB,Japan,1,6073.6,1,6073.6,1,6073.6,1,6073.6,0,0.0,100.0,100.0
2026-02-01,SUP-002,Supplier 002,USA,NA,PLT-09,Hanoi Assembly,Vietnam,APAC,SMB,USA,1,4241.38,1,4241.38,0,0.0,1,4241.38,0,0.0,100.0,100.0
2026-02-01,SUP-002,Supplier 002,USA,NA,PLT-08,Taipei Micro,Taiwan,APAC,SMB,Singapore,1,3075.9,1,3075.9,0,0.0,0,0.0,1,3075.9,100.0,100.0
2026-02-01,SUP-003,Supplier 003,Japan,APAC,PLT-02,Detroit Works,USA,NA,Enterprise,Australia,1,41592.72,1,41592.72,1,41592.72,0,0.0,0,0.0,100.0,100.0
2026-02-01,SUP-003,Supplier 003,Japan,APAC,PLT-05,Monterrey Plant,Mexico,LATAM,Government,UK,1,15830.08,1,15830.08,1,15830.08,0,0.0,0,0.0,100.0,100.0
2026-02-01,SUP-003,Supplier 003,Japan,APAC,PLT-07,Seoul Tech,South Korea,APAC,Enterprise,Japan,1,16779.28,1,16779.28,1,16779.28,1,16779.28,0,0.0,100.0,100.0
2026-02-01,SUP-003,Supplier 003,Japan,APAC,PLT-04,Chennai Forge,India,APAC,Enterprise,UK,1,16316.04,1,16316.04,1,16316.04,1,16316.04,0,0.0,100.0,100.0
2026-02-01,SUP-004,Supplier 004,India,APAC,PLT-02,Detroit Works,USA,NA,Government,USA,1,4047.06,1,4047.06,1,4047.06,0,0.0,0,0.0,100.0,100.0
2026-02-01,SUP-004,Supplier 004,India,APAC,PLT-07,Seoul Tech,South Korea,APAC,SMB,UK,1,190.86,1,190.86,1,190.86,0,0.0,0,0.0,100.0,100.0
2026-02-01,SUP-004,Supplier 004,India,APAC,PLT-09,Hanoi Assembly,Vietnam,APAC,SMB,Canada,1,22346.52,1,22346.52,1,22346.52,0,0.0,0,0.0,100.0,100.0
2026-02-01,SUP-004,Supplier 004,India,APAC,PLT-01,Munich Center,Germany,EMEA,Enterprise,Australia,1,110813.15,1,110813.15,1,110813.15,1,110813.15,0,0.0,100.0,100.0
2026-02-01,SUP-004,Supplier 004,India,APAC,PLT-03,Tokyo Precision,Japan,APAC,Enterprise,Australia,1,29619.88,1,29619.88,1,29619.88,1,29619.88,0,0.0,100.0,100.0
2026-02-01,SUP-004,Supplier 004,India,APAC,PLT-08,Taipei Micro,Taiwan,APAC,SMB,France,1,29356.08,1,29356.08,1,29356.08,0,0.0,0,0.0,100.0,100.0
2026-02-01,SUP-004,Supplier 004,India,APAC,PLT-07,Seoul Tech,South Korea,APAC,SMB,Germany,1,40002.0,1,40002.0,1,40002.0,0,0.0,0,0.0,100.0,100.0
2026-02-01,SUP-004,Supplier 004,India,APAC,PLT-00,Shanghai Hub,China,APAC,Government,Germany,1,2540.0,1,2540.0,1,2540.0,0,0.0,0,0.0,100.0,100.0
2026-02-01,SUP-004,Supplier 004,India,APAC,PLT-09,Hanoi Assembly,Vietnam,APAC,Enterprise,Japan,1,1719.15,1,1719.15,1,1719.15,0,0.0,0,0.0,100.0,100.0
2026-02-01,SUP-004,Supplier 004,India,APAC,PLT-03,Tokyo Precision,Japan,APAC,Enterprise,Germany,1,15432.0,1,15432.0,1,15432.0,0,0.0,0,0.0,100.0,100.0
2026-02-01,SUP-004,Supplier 004,India,APAC,PLT-02,Detroit Works,USA,NA,Enterprise,USA,1,32812.0,1,32812.0,1,32812.0,1,32812.0,0,0.0,100.0,100.0
2026-02-01,SUP-004,Supplier 004,India,APAC,PLT-08,Taipei Micro,Taiwan,APAC,Enterprise,Australia,1,11230.2,1,11230.2,1,11230.2,0,0.0,0,0.0,100.0,100.0
2026-02-01,SUP-005,Supplier 005,Mexico,LATAM,PLT-00,Shanghai Hub,China,APAC,Government,USA,1,17350.41,1,17350.41,1,17350.41,0,0.0,0,0.0,100.0,100.0
2026-02-01,SUP-005,Supplier 005,Mexico,LATAM,PLT-02,Detroit Works,USA,NA,SMB,Germany,1,17568.85,0,0.0,0,0.0,0,0.0,0,0.0,0.0,0.0
2026-02-01,SUP-005,Supplier 005,Mexico,LATAM,PLT-01,Munich Center,Germany,EMEA,Enterprise,Germany,1,1512.35,1,1512.35,1,1512.35,0,0.0,0,0.0,100.0,100.0
2026-02-01,SUP-005,Supplier 005,Mexico,LATAM,PLT-04,Chennai Forge,India,APAC,Enterprise,France,1,11097.0,1,11097.0,1,11097.0,0,0.0,0,0.0,100.0,100.0
2026-02-01,SUP-005,Supplier 005,Mexico,LATAM,PLT-03,Tokyo Precision,Japan,APAC,SMB,Singapore,1,13857.61,1,13857.61,1,13857.61,0,0.0,0,0.0,100.0,100.0
2026-02-01,SUP-005,Supplier 005,Mexico,LATAM,PLT-01,Munich Center,Germany,EMEA,SMB,USA,1,1685.58,1,1685.58,1,1685.58,0,0.0,0,0.0,100.0,100.0
2026-02-01,SUP-005,Supplier 005,Mexico,LATAM,PLT-06,Sao Paulo Ops,Brazil,LATAM,SMB,Canada,1,45551.61,1,45551.61,1,45551.61,0,0.0,0,0.0,100.0,100.0
2026-02-01,SUP-005,Supplier 005,Mexico,LATAM,PLT-08,Taipei Micro,Taiwan,APAC,SMB,USA,1,11063.76,1,11063.76,1,11063.76,0,0.0,0,0.0,100.0,100.0
2026-02-01,SUP-005,Supplier 005,Mexico,LATAM,PLT-08,Taipei Micro,Taiwan,APAC,SMB,UK,1,7365.35,1,7365.35,1,7365.35,0,0.0,0,0.0,100.0,100.0
2026-02-01,SUP-005,Supplier 005,Mexico,LATAM,PLT-06,Sao Paulo Ops,Brazil,LATAM,SMB,Singapore,1,46307.04,1,46307.04,1,46307.04,0,0.0,0,0.0,100.0,100.0
2026-02-01,SUP-005,Supplier 005,Mexico,LATAM,PLT-08,Taipei Micro,Taiwan,APAC,Enterprise,Canada,1,26162.39,1,26162.39,1,26162.39,1,26162.39,0,0.0,100.0,100.0
2026-02-01,SUP-006,Supplier 006,Brazil,LATAM,PLT-08,Taipei Micro,Taiwan,APAC,Government,Germany,1,47185.04,1,47185.04,1,47185.04,0,0.0,0,0.0,100.0,100.0
2026-02-01,SUP-006,Supplier 006,Brazil,LATAM,PLT-05,Monterrey Plant,Mexico,LATAM,Government,Australia,1,17301.6,1,17301.6,1,17301.6,0,0.0,0,0.0,100.0,100.0
2026-02-01,SUP-006,Supplier 006,Brazil,LATAM,PLT-05,Monterrey Plant,Mexico,LATAM,Enterprise,Canada,1,3963.04,1,3963.04,1,3963.04,1,3963.04,0,0.0,100.0,100.0
2026-02-01,SUP-006,Supplier 006,Brazil,LATAM,PLT-04,Chennai Forge,India,APAC,SMB,France,1,11514.36,0,0.0,0,0.0,0,0.0,0,0.0,0.0,0.0
2026-02-01,SUP-006,Supplier 006,Brazil,LATAM,PLT-07,Seoul Tech,South Korea,APAC,Government,Canada,1,2947.41,1,2947.41,1,2947.41,0,0.0,0,0.0,100.0,100.0
2026-02-01,SUP-006,Supplier 006,Brazil,LATAM,PLT-02,Detroit Works,USA,NA,Enterprise,France,1,6490.4,0,0.0,0,0.0,0,0.0,0,0.0,0.0,0.0
2026-02-01,SUP-007,Supplier 007,South Korea,APAC,PLT-06,Sao Paulo Ops,Brazil,LATAM,Enterprise,Canada,1,16705.32,0,0.0,0,0.0,0,0.0,0,0.0,0.0,0.0
2026-02-01,SUP-007,Supplier 007,South Korea,APAC,PLT-01,Munich Center,Germany,EMEA,Enterprise,Germany,1,6249.6,0,0.0,0,0.0,0,0.0,0,0.0,0.0,0.0
2026-02-01,SUP-007,Supplier 007,South Korea,APAC,PLT-08,Taipei Micro,Taiwan,APAC,SMB,Singapore,1,10653.0,1,10653.0,1,10653.0,0,0.0,0,0.0,100.0,100.0
2026-02-01,SUP-007,Supplier 007,South Korea,APAC,PLT-00,Shanghai Hub,China,APAC,SMB,UK,2,2072.57,2,2072.57,1,839.93,0,0.0,1,1232.64,100.0,100.0
2026-02-01,SUP-007,Supplier 007,South Korea,APAC,PLT-07,Seoul Tech,South Korea,APAC,SMB,Australia,1,1834.84,1,1834.84,1,1834.84,0,0.0,0,0.0,100.0,100.0
2026-02-01,SUP-007,Supplier 007,South Korea,APAC,PLT-08,Taipei Micro,Taiwan,APAC,SMB,USA,1,4547.25,0,0.0,0,0.0,0,0.0,0,0.0,0.0,0.0
2026-02-01,SUP-007,Supplier 007,South Korea,APAC,PLT-06,Sao Paulo Ops,Brazil,LATAM,Enterprise,Singapore,1,6571.53,1,6571.53,0,0.0,0,0.0,1,6571.53,100.0,100.0
2026-02-01,SUP-007,Supplier 007,South Korea,APAC,PLT-08,Taipei Micro,Taiwan,APAC,Enterprise,USA,1,25274.41,1,25274.41,1,25274.41,0,0.0,0,0.0,100.0,100.0
2026-02-01,SUP-007,Supplier 007,South Korea,APAC,PLT-01,Munich Center,Germany,EMEA,Enterprise,Singapore,1,10832.64,0,0.0,0,0.0,0,0.0,0,0.0,0.0,0.0
2026-02-01,SUP-007,Supplier 007,South Korea,APAC,PLT-04,Chennai Forge,India,APAC,Enterprise,Canada,1,6685.5,1,6685.5,0,0.0,0,0.0,1,6685.5,100.0,100.0
2026-02-01,SUP-008,Supplier 008,Taiwan,APAC,PLT-08,Taipei Micro,Taiwan,APAC,SMB,Australia,1,18262.92,1,18262.92,1,18262.92,0,0.0,0,0.0,100.0,100.0
2026-02-01,SUP-008,Supplier 008,Taiwan,APAC,PLT-03,Tokyo Precision,Japan,APAC,Enterprise,USA,1,15014.7,1,15014.7,0,0.0,1,15014.7,0,0.0,100.0,100.0
2026-02-01,SUP-008,Supplier 008,Taiwan,APAC,PLT-00,Shanghai Hub,China,APAC,Enterprise,France,1,31404.36,1,31404.36,1,31404.36,0,0.0,0,0.0,100.0,100.0
2026-02-01,SUP-008,Supplier 008,Taiwan,APAC,PLT-07,Seoul Tech,South Korea,APAC,SMB,France,1,72018.75,1,72018.75,1,72018.75,0,0.0,0,0.0,100.0,100.0
2026-02-01,SUP-008,Supplier 008,Taiwan,APAC,PLT-02,Detroit Works,USA,NA,SMB,Australia,1,28727.88,0,0.0,0,0.0,0,0.0,0,0.0,0.0,0.0
2026-02-01,SUP-008,Supplier 008,Taiwan,APAC,PLT-01,Munich Center,Germany,EMEA,Enterprise,USA,1,46568.34,1,46568.34,1,46568.34,0,0.0,0,0.0,100.0,100.0
2026-02-01,SUP-008,Supplier 008,Taiwan,APAC,PLT-03,Tokyo Precision,Japan,APAC,Government,UK,1,5976.26,1,5976.26,1,5976.26,0,0.0,0,0.0,100.0,100.0
2026-02-01,SUP-008,Supplier 008,Taiwan,APAC,PLT-04,Chennai Forge,India,APAC,SMB,USA,1,9103.68,1,9103.68,1,9103.68,0,0.0,0,0.0,100.0,100.0
2026-02-01,SUP-008,Supplier 008,Taiwan,APAC,PLT-03,Tokyo Precision,Japan,APAC,SMB,Singapore,1,8694.63,1,8694.63,1,8694.63,0,0.0,0,0.0,100.0,100.0
2026-02-01,SUP-008,Supplier 008,Taiwan,APAC,PLT-09,Hanoi Assembly,Vietnam,APAC,Government,USA,1,10620.77,1,10620.77,1,10620.77,0,0.0,0,0.0,100.0,100.0
2026-02-01,SUP-008,Supplier 008,Taiwan,APAC,PLT-01,Munich Center,Germany,EMEA,SMB,Japan,1,23761.0,1,23761.0,1,23761.0,0,0.0,0,0.0,100.0,100.0
2026-02-01,SUP-009,Supplier 009,Vietnam,APAC,PLT-07,Seoul Tech,South Korea,APAC,SMB,Japan,1,64983.03,0,0.0,0,0.0,0,0.0,0,0.0,0.0,0.0
2026-02-01,SUP-009,Supplier 009,Vietnam,APAC,PLT-00,Shanghai Hub,China,APAC,SMB,France,1,26746.72,0,0.0,0,0.0,0,0.0,0,0.0,0.0,0.0
2026-02-01,SUP-009,Supplier 009,Vietnam,APAC,PLT-03,Tokyo Precision,Japan,APAC,Government,UK,1,206.72,1,206.72,1,206.72,1,206.72,0,0.0,100.0,100.0
2026-02-01,SUP-010,Supplier 010,China,APAC,PLT-01,Munich Center,Germany,EMEA,SMB,Germany,1,9942.4,1,9942.4,1,9942.4,0,0.0,0,0.0,100.0,100.0
2026-02-01,SUP-010,Supplier 010,China,APAC,PLT-06,Sao Paulo Ops,Brazil,LATAM,Government,USA,1,14626.92,1,14626.92,0,0.0,1,14626.92,0,0.0,100.0,100.0
2026-02-01,SUP-010,Supplier 010,China,APAC,PLT-07,Seoul Tech,South Korea,APAC,Enterprise,Germany,1,20397.5,1,20397.5,1,20397.5,0,0.0,0,0.0,100.0,100.0
2026-02-01,SUP-011,Supplier 011,Germany,EMEA,PLT-02,Detroit Works,USA,NA,SMB,Canada,1,56516.85,1,56516.85,0,0.0,0,0.0,1,56516.85,100.0,100.0
2026-02-01,SUP-011,Supplier 011,Germany,EMEA,PLT-09,Hanoi Assembly,Vietnam,APAC,SMB,Australia,1,4547.5,1,4547.5,1,4547.5,0,0.0,0,0.0,100.0,100.0
2026-02-01,SUP-011,Supplier 011,Germany,EMEA,PLT-04,Chennai Forge,India,APAC,Enterprise,Japan,1,13297.12,1,13297.12,1,13297.12,0,0.0,0,0.0,100.0,100.0
2026-02-01,SUP-011,Supplier 011,Germany,EMEA,PLT-01,Munich Center,Germany,EMEA,Enterprise,USA,1,14507.22,1,14507.22,1,14507.22,0,0.0,0,0.0,100.0,100.0
2026-02-01,SUP-011,Supplier 011,Germany,EMEA,PLT-04,Chennai Forge,India,APAC,SMB,Germany,1,37561.86,0,0.0,0,0.0,0,0.0,0,0.0,0.0,0.0
2026-02-01,SUP-011,Supplier 011,Germany,EMEA,PLT-09,Hanoi Assembly,Vietnam,APAC,SMB,Canada,1,6963.3,1,6963.3,1,6963.3,0,0.0,0,0.0,100.0,100.0
2026-02-01,SUP-011,Supplier 011,Germany,EMEA,PLT-09,Hanoi Assembly,Vietnam,APAC,Enterprise,Australia,1,21546.28,1,21546.28,1,21546.28,0,0.0,0,0.0,100.0,100.0
2026-02-01,SUP-011,Supplier 011,Germany,EMEA,PLT-04,Chennai Forge,India,APAC,SMB,UK,1,397.68,0,0.0,0,0.0,0,0.0,0,0.0,0.0,0.0
2026-02-01,SUP-011,Supplier 011,Germany,EMEA,PLT-02,Detroit Works,USA,NA,SMB,UK,1,64442.3,1,64442.3,1,64442.3,0,0.0,0,0.0,100.0,100.0
2026-02-01,SUP-012,Supplier 012,USA,NA,PLT-06,Sao Paulo Ops,Brazil,LATAM,Enterprise,USA,1,101356.1,1,101356.1,1,101356.1,1,101356.1,0,0.0,100.0,100.0
2026-02-01,SUP-012,Supplier 012,USA,NA,PLT-04,Chennai Forge,India,APAC,Government,Germany,1,41024.28,1,41024.28,1,41024.28,0,0.0,0,0.0,100.0,100.0
2026-02-01,SUP-012,Supplier 012,USA,NA,PLT-06,Sao Paulo Ops,Brazil,LATAM,Enterprise,Canada,1,21570.56,1,21570.56,1,21570.56,0,0.0,0,0.0,100.0,100.0
2026-02-01,SUP-012,Supplier 012,USA,NA,PLT-05,Monterrey Plant,Mexico,LATAM,SMB,Singapore,1,9776.75,1,9776.75,1,9776.75,0,0.0,0,0.0,100.0,100.0
2026-02-01,SUP-012,Supplier 012,USA,NA,PLT-07,Seoul Tech,South Korea,APAC,SMB,Singapore,1,41204.12,1,41204.12,1,41204.12,0,0.0,0,0.0,100.0,100.0
2026-02-01,SUP-012,Supplier 012,USA,NA,PLT-09,Hanoi Assembly,Vietnam,APAC,Enterprise,France,1,26433.5,1,26433.5,0,0.0,1,26433.5,0,0.0,100.0,100.0
2026-02-01,SUP-012,Supplier 012,USA,NA,PLT-01,Munich Center,Germany,EMEA,SMB,Singapore,1,21.6,1,21.6,1,21.6,0,0.0,0,0.0,100.0,100.0
2026-02-01,SUP-013,Supplier 013,Japan,APAC,PLT-08,Taipei Micro,Taiwan,APAC,SMB,USA,1,38011.26,1,38011.26,0,0.0,0,0.0,1,38011.26,100.0,100.0
2026-02-01,SUP-013,Supplier 013,Japan,APAC,PLT-03,Tokyo Precision,Japan,APAC,Enterprise,Canada,1,1537.56,1,1537.56,1,1537.56,0,0.0,0,0.0,100.0,100.0
2026-02-01,SUP-013,Supplier 013,Japan,APAC,PLT-09,Hanoi Assembly,Vietnam,APAC,SMB,UK,1,9627.03,1,9627.03,1,9627.03,0,0.0,0,0.0,100.0,100.0
2026-02-01,SUP-013,Supplier 013,Japan,APAC,PLT-05,Monterrey Plant,Mexico,LATAM,Enterprise,UK,1,14129.43,1,14129.43,1,14129.43,0,0.0,0,0.0,100.0,100.0
2026-02-01,SUP-013,Supplier 013,Japan,APAC,PLT-04,Chennai Forge,India,APAC,SMB,Canada,1,15080.09,1,15080.09,0,0.0,1,15080.09,0,0.0,100.0,100.0
2026-02-01,SUP-013,Supplier 013,Japan,APAC,PLT-01,Munich Center,Germany,EMEA,SMB,UK,1,42481.32,1,42481.32,1,42481.32,0,0.0,0,0.0,100.0,100.0
2026-02-01,SUP-013,Supplier 013,Japan,APAC,PLT-08,Taipei Micro,Taiwan,APAC,SMB,Singapore,2,61093.67,2,61093.67,2,61093.67,1,51730.91,0,0.0,100.0,100.0
2026-02-01,SUP-013,Supplier 013,Japan,APAC,PLT-04,Chennai Forge,India,APAC,SMB,France,1,56606.22,1,56606.22,1,56606.22,0,0.0,0,0.0,100.0,100.0
2026-02-01,SUP-013,Supplier 013,Japan,APAC,PLT-03,Tokyo Precision,Japan,APAC,SMB,France,1,1877.25,1,1877.25,1,1877.25,0,0.0,0,0.0,100.0,100.0
2026-02-01,SUP-013,Supplier 013,Japan,APAC,PLT-05,Monterrey Plant,Mexico,LATAM,SMB,UK,1,17747.1,1,17747.1,1,17747.1,0,0.0,0,0.0,100.0,100.0
2026-02-01,SUP-014,Supplier 014,India,APAC,PLT-06,Sao Paulo Ops,Brazil,LATAM,Enterprise,Germany,1,318.12,0,0.0,0,0.0,0,0.0,0,0.0,0.0,0.0
2026-02-01,SUP-014,Supplier 014,India,APAC,PLT-09,Hanoi Assembly,Vietnam,APAC,Government,Singapore,1,14569.86,1,14569.86,1,14569.86,0,0.0,0,0.0,100.0,100.0
2026-02-01,SUP-014,Supplier 014,India,APAC,PLT-02,Detroit Works,USA,NA,SMB,Japan,1,25423.32,0,0.0,0,0.0,0,0.0,0,0.0,0.0,0.0
2026-02-01,SUP-014,Supplier 014,India,APAC,PLT-02,Detroit Works,USA,NA,Government,Germany,1,1754.3,1,1754.3,1,1754.3,0,0.0,0,0.0,100.0,100.0
2026-02-01,SUP-014,Supplier 014,India,APAC,PLT-00,Shanghai Hub,China,APAC,SMB,Singapore,1,485.47,1,485.47,1,485.47,0,0.0,0,0.0,100.0,100.0
2026-02-01,SUP-014,Supplier 014,India,APAC,PLT-01,Munich Center,Germany,EMEA,SMB,Canada,1,724.02,0,0.0,0,0.0,0,0.0,0,0.0,0.0,0.0
2026-02-01,SUP-014,Supplier 014,India,APAC,PLT-03,Tokyo Precision,Japan,APAC,Enterprise,Australia,1,40326.0,1,40326.0,1,40326.0,1,40326.0,0,0.0,100.0,100.0
2026-02-01,SUP-014,Supplier 014,India,APAC,PLT-00,Shanghai Hub,China,APAC,SMB,France,1,2193.74,1,2193.74,1,2193.74,0,0.0,0,0.0,100.0,100.0
2026-02-01,SUP-014,Supplier 014,India,APAC,PLT-09,Hanoi Assembly,Vietnam,APAC,Enterprise,Germany,1,1882.5,1,1882.5,1,1882.5,0,0.0,0,0.0,100.0,100.0
2026-02-01,SUP-015,Supplier 015,Mexico,LATAM,PLT-01,Munich Center,Germany,EMEA,SMB,Australia,1,10566.4,1,10566.4,0,0.0,0,0.0,1,10566.4,100.0,100.0
2026-02-01,SUP-015,Supplier 015,Mexico,LATAM,PLT-05,Monterrey Plant,Mexico,LATAM,SMB,USA,1,19756.88,1,19756.88,1,19756.88,0,0.0,0,0.0,100.0,100.0
2026-02-01,SUP-015,Supplier 015,Mexico,LATAM,PLT-09,Hanoi Assembly,Vietnam,APAC,Enterprise,Australia,1,3328.38,1,3328.38,0,0.0,1,3328.38,0,0.0,100.0,100.0
2026-02-01,SUP-015,Supplier 015,Mexico,LATAM,PLT-09,Hanoi Assembly,Vietnam,APAC,Enterprise,Japan,1,18573.74,1,18573.74,0,0.0,1,18573.74,0,0.0,100.0,100.0
2026-02-01,SUP-015,Supplier 015,Mexico,LATAM,PLT-02,Detroit Works,USA,NA,SMB,Canada,1,2596.93,1,2596.93,0,0.0,0,0.0,1,2596.93,100.0,100.0
2026-02-01,SUP-015,Supplier 015,Mexico,LATAM,PLT-08,Taipei Micro,Taiwan,APAC,Enterprise,Germany,1,26669.72,1,26669.72,1,26669.72,0,0.0,0,0.0,100.0,100.0
2026-02-01,SUP-016,Supplier 016,Brazil,LATAM,PLT-03,Tokyo Precision,Japan,APAC,SMB,Canada,1,4013.75,1,4013.75,1,4013.75,0,0.0,0,0.0,100.0,100.0
2026-02-01,SUP-016,Supplier 016,Brazil,LATAM,PLT-05,Monterrey Plant,Mexico,LATAM,Enterprise,Japan,2,52433.45,1,5229.58,1,5229.58,0,0.0,0,0.0,50.0,9.97
2026-02-01,SUP-016,Supplier 016,Brazil,LATAM,PLT-02,Detroit Works,USA,NA,Enterprise,Germany,1,9607.1,0,0.0,0,0.0,0,0.0,0,0.0,0.0,0.0
2026-02-01,SUP-016,Supplier 016,Brazil,LATAM,PLT-03,Tokyo Precision,Japan,APAC,SMB,Germany,1,14227.8,1,14227.8,1,14227.8,1,14227.8,0,0.0,100.0,100.0
2026-02-01,SUP-016,Supplier 016,Brazil,LATAM,PLT-06,Sao Paulo Ops,Brazil,LATAM,Enterprise,Japan,1,1680.96,0,0.0,0,0.0,0,0.0,0,0.0,0.0,0.0
2026-02-01,SUP-016,Supplier 016,Brazil,LATAM,PLT-00,Shanghai Hub,China,APAC,Government,Canada,1,72646.19,1,72646.19,1,72646.19,0,0.0,0,0.0,100.0,100.0
2026-02-01,SUP-016,Supplier 016,Brazil,LATAM,PLT-04,Chennai Forge,India,APAC,Government,Canada,1,35262.1,1,35262.1,1,35262.1,1,35262.1,0,0.0,100.0,100.0
2026-02-01,SUP-016,Supplier 016,Brazil,LATAM,PLT-05,Monterrey Plant,Mexico,LATAM,Enterprise,Canada,1,13485.6,1,13485.6,1,13485.6,0,0.0,0,0.0,100.0,100.0
2026-02-01,SUP-017,Supplier 017,South Korea,APAC,PLT-03,Tokyo Precision,Japan,APAC,SMB,Germany,1,9616.96,1,9616.96,0,0.0,1,9616.96,0,0.0,100.0,100.0
2026-02-01,SUP-017,Supplier 017,South Korea,APAC,PLT-04,Chennai Forge,India,APAC,SMB,Canada,1,48320.42,1,48320.42,1,48320.42,0,0.0,0,0.0,100.0,100.0
2026-02-01,SUP-017,Supplier 017,South Korea,APAC,PLT-06,Sao Paulo Ops,Brazil,LATAM,SMB,Australia,1,3020.0,0,0.0,0,0.0,0,0.0,0,0.0,0.0,0.0
2026-02-01,SUP-017,Supplier 017,South Korea,APAC,PLT-07,Seoul Tech,South Korea,APAC,SMB,Germany,1,13028.15,1,13028.15,1,13028.15,0,0.0,0,0.0,100.0,100.0
2026-02-01,SUP-017,Supplier 017,South Korea,APAC,PLT-05,Monterrey Plant,Mexico,LATAM,SMB,Japan,1,18194.16,1,18194.16,1,18194.16,0,0.0,0,0.0,100.0,100.0
2026-02-01,SUP-017,Supplier 017,South Korea,APAC,PLT-09,Hanoi Assembly,Vietnam,APAC,Government,USA,1,13062.96,1,13062.96,1,13062.96,0,0.0,0,0.0,100.0,100.0
2026-02-01,SUP-018,Supplier 018,Taiwan,APAC,PLT-09,Hanoi Assembly,Vietnam,APAC,Government,USA,1,9627.6,1,9627.6,1,9627.6,0,0.0,0,0.0,100.0,100.0
2026-02-01,SUP-018,Supplier 018,Taiwan,APAC,PLT-00,Shanghai Hub,China,APAC,SMB,Canada,1,23981.35,1,23981.35,1,23981.35,0,0.0,0,0.0,100.0,100.0
2026-02-01,SUP-018,Supplier 018,Taiwan,APAC,PLT-05,Monterrey Plant,Mexico,LATAM,Government,Canada,1,39645.32,1,39645.32,1,39645.32,0,0.0,0,0.0,100.0,100.0
2026-02-01,SUP-018,Supplier 018,Taiwan,APAC,PLT-06,Sao Paulo Ops,Brazil,LATAM,Enterprise,Canada,1,9891.2,1,9891.2,1,9891.2,0,0.0,0,0.0,100.0,100.0
2026-02-01,SUP-018,Supplier 018,Taiwan,APAC,PLT-08,Taipei Micro,Taiwan,APAC,Enterprise,UK,1,1520.05,1,1520.05,1,1520.05,1,1520.05,0,0.0,100.0,100.0
2026-02-01,SUP-018,Supplier 018,Taiwan,APAC,PLT-06,Sao Paulo Ops,Brazil,LATAM,SMB,UK,1,5010.04,1,5010.04,1,5010.04,0,0.0,0,0.0,100.0,100.0
2026-02-01,SUP-018,Supplier 018,Taiwan,APAC,PLT-08,Taipei Micro,Taiwan,APAC,SMB,Australia,1,12333.59,1,12333.59,1,12333.59,0,0.0,0,0.0,100.0,100.0
2026-02-01,SUP-018,Supplier 018,Taiwan,APAC,PLT-09,Hanoi Assembly,Vietnam,APAC,SMB,Japan,1,1685.72,1,1685.72,1,1685.72,0,0.0,0,0.0,100.0,100.0
2026-02-01,SUP-019,Supplier 019,Vietnam,APAC,PLT-06,Sao Paulo Ops,Brazil,LATAM,Enterprise,Australia,1,5164.77,0,0.0,0,0.0,0,0.0,0,0.0,0.0,0.0
2026-02-01,SUP-019,Supplier 019,Vietnam,APAC,PLT-03,Tokyo Precision,Japan,APAC,Government,Australia,1,14675.76,1,14675.76,0,0.0,0,0.0,1,14675.76,100.0,100.0
2026-02-01,SUP-019,Supplier 019,Vietnam,APAC,PLT-02,Detroit Works,USA,NA,Enterprise,France,1,19948.96,1,19948.96,1,19948.96,0,0.0,0,0.0,100.0,100.0
2026-02-01,SUP-019,Supplier 019,Vietnam,APAC,PLT-07,Seoul Tech,South Korea,APAC,SMB,Canada,1,13670.8,1,13670.8,1,13670.8,0,0.0,0,0.0,100.0,100.0
2026-02-01,SUP-019,Supplier 019,Vietnam,APAC,PLT-05,Monterrey Plant,Mexico,LATAM,SMB,Germany,1,56006.15,1,56006.15,0,0.0,0,0.0,1,56006.15,100.0,100.0
2026-02-01,SUP-019,Supplier 019,Vietnam,APAC,PLT-07,Seoul Tech,South Korea,APAC,Government,USA,1,73512.5,1,73512.5,1,73512.5,0,0.0,0,0.0,100.0,100.0
2026-02-01,SUP-019,Supplier 019,Vietnam,APAC,PLT-07,Seoul Tech,South Korea,APAC,Enterprise,Germany,1,1758.24,0,0.0,0,0.0,0,0.0,0,0.0,0.0,0.0
2026-02-01,SUP-019,Supplier 019,Vietnam,APAC,PLT-00,Shanghai Hub,China,APAC,Enterprise,Germany,1,19923.52,1,19923.52,1,19923.52,0,0.0,0,0.0,100.0,100.0
2026-02-01,SUP-019,Supplier 019,Vietnam,APAC,PLT-02,Detroit Works,USA,NA,SMB,Japan,1,106074.55,0,0.0,0,0.0,0,0.0,0,0.0,0.0,0.0
2026-02-01,SUP-020,Supplier 020,China,APAC,PLT-03,Tokyo Precision,Japan,APAC,Enterprise,USA,1,3007.04,1,3007.04,1,3007.04,0,0.0,0,0.0,100.0,100.0
2026-02-01,SUP-020,Supplier 020,China,APAC,PLT-07,Seoul Tech,South Korea,APAC,Enterprise,Japan,1,43904.77,1,43904.77,0,0.0,0,0.0,1,43904.77,100.0,100.0
2026-02-01,SUP-020,Supplier 020,China,APAC,PLT-00,Shanghai Hub,China,APAC,SMB,France,1,2243.36,0,0.0,0,0.0,0,0.0,0,0.0,0.0,0.0
2026-02-01,SUP-020,Supplier 020,China,APAC,PLT-01,Munich Center,Germany,EMEA,SMB,Canada,1,78878.96,1,78878.96,0,0.0,0,0.0,1,78878.96,100.0,100.0
2026-02-01,SUP-020,Supplier 020,China,APAC,PLT-09,Hanoi Assembly,Vietnam,APAC,Government,Australia,2,8867.66,1,3777.96,1,3777.96,0,0.0,0,0.0,50.0,42.6
2026-02-01,SUP-020,Supplier 020,China,APAC,PLT-08,Taipei Micro,Taiwan,APAC,Government,Singapore,1,18677.7,1,18677.7,1,18677.7,0,0.0,0,0.0,100.0,100.0
2026-02-01,SUP-021,Supplier 021,Germany,EMEA,PLT-00,Shanghai Hub,China,APAC,SMB,Canada,1,2058.93,0,0.0,0,0.0,0,0.0,0,0.0,0.0,0.0
2026-02-01,SUP-021,Supplier 021,Germany,EMEA,PLT-00,Shanghai Hub,China,APAC,SMB,France,2,13123.47,2,13123.47,2,13123.47,0,0.0,0,0.0,100.0,100.0
2026-02-01,SUP-021,Supplier 021,Germany,EMEA,PLT-03,Tokyo Precision,Japan,APAC,SMB,USA,1,34366.8,1,34366.8,1,34366.8,0,0.0,0,0.0,100.0,100.0
2026-02-01,SUP-021,Supplier 021,Germany,EMEA,PLT-05,Monterrey Plant,Mexico,LATAM,Government,USA,1,10532.42,0,0.0,0,0.0,0,0.0,0,0.0,0.0,0.0
2026-02-01,SUP-021,Supplier 021,Germany,EMEA,PLT-02,Detroit Works,USA,NA,Enterprise,Singapore,1,20472.38,1,20472.38,1,20472.38,1,20472.38,0,0.0,100.0,100.0
2026-02-01,SUP-021,Supplier 021,Germany,EMEA,PLT-00,Shanghai Hub,China,APAC,SMB,Singapore,1,406.76,1,406.76,1,406.76,0,0.0,0,0.0,100.0,100.0
2026-02-01,SUP-021,Supplier 021,Germany,EMEA,PLT-01,Munich Center,Germany,EMEA,SMB,Singapore,1,50806.9,1,50806.9,1,50806.9,0,0.0,0,0.0,100.0,100.0
2026-02-01,SUP-022,Supplier 022,USA,NA,PLT-07,Seoul Tech,South Korea,APAC,Government,France,1,19986.27,1,19986.27,1,19986.27,1,19986.27,0,0.0,100.0,100.0
2026-02-01,SUP-022,Supplier 022,USA,NA,PLT-09,Hanoi Assembly,Vietnam,APAC,SMB,Singapore,1,11503.52,1,11503.52,1,11503.52,0,0.0,0,0.0,100.0,100.0
2026-02-01,SUP-022,Supplier 022,USA,NA,PLT-00,Shanghai Hub,China,APAC,Enterprise,Canada,1,42283.8,1,42283.8,1,42283.8,0,0.0,0,0.0,100.0,100.0
2026-02-01,SUP-022,Supplier 022,USA,NA,PLT-08,Taipei Micro,Taiwan,APAC,Enterprise,Canada,1,44594.08,1,44594.08,1,44594.08,0,0.0,0,0.0,100.0,100.0
2026-02-01,SUP-022,Supplier 022,USA,NA,PLT-07,Seoul Tech,South Korea,APAC,Government,Canada,1,276.38,1,276.38,1,276.38,0,0.0,0,0.0,100.0,100.0
2026-02-01,SUP-022,Supplier 022,USA,NA,PLT-07,Seoul Tech,South Korea,APAC,Enterprise,Japan,1,15111.6,1,15111.6,1,15111.6,0,0.0,0,0.0,100.0,100.0
2026-02-01,SUP-022,Supplier 022,USA,NA,PLT-02,Detroit Works,USA,NA,SMB,Australia,1,3747.06,1,3747.06,0,0.0,1,3747.06,0,0.0,100.0,100.0
2026-02-01,SUP-022,Supplier 022,USA,NA,PLT-08,Taipei Micro,Taiwan,APAC,SMB,Australia,1,83520.4,1,83520.4,1,83520.4,0,0.0,0,0.0,100.0,100.0
2026-02-01,SUP-022,Supplier 022,USA,NA,PLT-01,Munich Center,Germany,EMEA,Enterprise,Canada,1,4410.61,1,4410.61,1,4410.61,0,0.0,0,0.0,100.0,100.0
2026-02-01,SUP-022,Supplier 022,USA,NA,PLT-06,Sao Paulo Ops,Brazil,LATAM,Government,Canada,1,23850.72,1,23850.72,0,0.0,1,23850.72,0,0.0,100.0,100.0
2026-02-01,SUP-023,Supplier 023,Japan,APAC,PLT-05,Monterrey Plant,Mexico,LATAM,SMB,Canada,1,51087.6,1,51087.6,0,0.0,1,51087.6,0,0.0,100.0,100.0
2026-02-01,SUP-023,Supplier 023,Japan,APAC,PLT-02,Detroit Works,USA,NA,Enterprise,France,1,39069.22,1,39069.22,0,0.0,1,39069.22,0,0.0,100.0,100.0
2026-02-01,SUP-024,Supplier 024,India,APAC,PLT-02,Detroit Works,USA,NA,SMB,UK,2,33560.62,1,10542.0,0,0.0,0,0.0,1,10542.0,50.0,31.41
2026-02-01,SUP-024,Supplier 024,India,APAC,PLT-00,Shanghai Hub,China,APAC,Enterprise,UK,1,11019.65,1,11019.65,1,11019.65,0,0.0,0,0.0,100.0,100.0
2026-02-01,SUP-024,Supplier 024,India,APAC,PLT-08,Taipei Micro,Taiwan,APAC,SMB,Singapore,1,781.65,1,781.65,1,781.65,0,0.0,0,0.0,100.0,100.0
2026-02-01,SUP-024,Supplier 024,India,APAC,PLT-00,Shanghai Hub,China,APAC,Enterprise,Japan,1,12105.96,1,12105.96,1,12105.96,0,0.0,0,0.0,100.0,100.0
2026-02-01,SUP-024,Supplier 024,India,APAC,PLT-06,Sao Paulo Ops,Brazil,LATAM,Enterprise,Germany,1,30557.15,1,30557.15,1,30557.15,0,0.0,0,0.0,100.0,100.0
2026-02-01,SUP-024,Supplier 024,India,APAC,PLT-04,Chennai Forge,India,APAC,Enterprise,Germany,1,35852.16,1,35852.16,1,35852.16,0,0.0,0,0.0,100.0,100.0
2026-02-01,SUP-024,Supplier 024,India,APAC,PLT-00,Shanghai Hub,China,APAC,SMB,Japan,1,8574.16,1,8574.16,1,8574.16,0,0.0,0,0.0,100.0,100.0
2026-02-01,SUP-025,Supplier 025,Mexico,LATAM,PLT-02,Detroit Works,USA,NA,Enterprise,Canada,1,4164.61,1,4164.61,1,4164.61,0,0.0,0,0.0,100.0,100.0
2026-02-01,SUP-025,Supplier 025,Mexico,LATAM,PLT-07,Seoul Tech,South Korea,APAC,SMB,UK,1,24375.08,1,24375.08,1,24375.08,0,0.0,0,0.0,100.0,100.0
2026-02-01,SUP-025,Supplier 025,Mexico,LATAM,PLT-09,Hanoi Assembly,Vietnam,APAC,Enterprise,Canada,1,5888.0,1,5888.0,0,0.0,1,5888.0,0,0.0,100.0,100.0
2026-02-01,SUP-025,Supplier 025,Mexico,LATAM,PLT-01,Munich Center,Germany,EMEA,Enterprise,USA,1,25576.0,0,0.0,0,0.0,0,0.0,0,0.0,0.0,0.0
2026-02-01,SUP-025,Supplier 025,Mexico,LATAM,PLT-08,Taipei Micro,Taiwan,APAC,Government,Germany,1,12971.75,1,12971.75,0,0.0,0,0.0,1,12971.75,100.0,100.0
2026-02-01,SUP-025,Supplier 025,Mexico,LATAM,PLT-07,Seoul Tech,South Korea,APAC,Enterprise,Germany,1,22206.6,1,22206.6,0,0.0,1,22206.6,0,0.0,100.0,100.0
2026-02-01,SUP-025,Supplier 025,Mexico,LATAM,PLT-04,Chennai Forge,India,APAC,SMB,UK,1,19185.76,1,19185.76,1,19185.76,1,19185.76,0,0.0,100.0,100.0
2026-02-01,SUP-025,Supplier 025,Mexico,LATAM,PLT-03,Tokyo Precision,Japan,APAC,Enterprise,France,1,7534.72,1,7534.72,1,7534.72,0,0.0,0,0.0,100.0,100.0
2026-02-01,SUP-026,Supplier 026,Brazil,LATAM,PLT-03,Tokyo Precision,Japan,APAC,Enterprise,Japan,1,11611.2,1,11611.2,1,11611.2,0,0.0,0,0.0,100.0,100.0
2026-02-01,SUP-026,Supplier 026,Brazil,LATAM,PLT-06,Sao Paulo Ops,Brazil,LATAM,Government,Canada,1,22044.12,1,22044.12,0,0.0,1,22044.12,0,0.0,100.0,100.0
2026-02-01,SUP-026,Supplier 026,Brazil,LATAM,PLT-06,Sao Paulo Ops,Brazil,LATAM,SMB,UK,1,1473.15,1,1473.15,1,1473.15,0,0.0,0,0.0,100.0,100.0
2026-02-01,SUP-026,Supplier 026,Brazil,LATAM,PLT-06,Sao Paulo Ops,Brazil,LATAM,SMB,Germany,1,1688.83,1,1688.83,1,1688.83,1,1688.83,0,0.0,100.0,100.0
2026-02-01,SUP-026,Supplier 026,Brazil,LATAM,PLT-04,Chennai Forge,India,APAC,SMB,Germany,1,12386.64,1,12386.64,1,12386.64,0,0.0,0,0.0,100.0,100.0
2026-02-01,SUP-027,Supplier 027,South Korea,APAC,PLT-05,Monterrey Plant,Mexico,LATAM,Enterprise,Japan,2,19834.86,2,19834.86,2,19834.86,1,16731.11,0,0.0,100.0,100.0
2026-02-01,SUP-027,Supplier 027,South Korea,APAC,PLT-05,Monterrey Plant,Mexico,LATAM,SMB,Germany,1,4135.85,1,4135.85,0,0.0,1,4135.85,0,0.0,100.0,100.0
2026-02-01,SUP-027,Supplier 027,South Korea,APAC,PLT-08,Taipei Micro,Taiwan,APAC,SMB,Canada,1,20989.3,1,20989.3,0,0.0,0,0.0,1,20989.3,100.0,100.0
2026-02-01,SUP-027,Supplier 027,South Korea,APAC,PLT-04,Chennai Forge,India,APAC,SMB,UK,1,1404.16,1,1404.16,1,1404.16,0,0.0,0,0.0,100.0,100.0
2026-02-01,SUP-027,Supplier 027,South Korea,APAC,PLT-02,Detroit Works,USA,NA,Government,Australia,1,5362.84,1,5362.84,1,5362.84,0,0.0,0,0.0,100.0,100.0
2026-02-01,SUP-027,Supplier 027,South Korea,APAC,PLT-06,Sao Paulo Ops,Brazil,LATAM,Government,Germany,1,48834.72,1,48834.72,1,48834.72,0,0.0,0,0.0,100.0,100.0
2026-02-01,SUP-028,Supplier 028,Taiwan,APAC,PLT-05,Monterrey Plant,Mexico,LATAM,SMB,USA,1,19102.98,0,0.0,0,0.0,0,0.0,0,0.0,0.0,0.0
2026-02-01,SUP-028,Supplier 028,Taiwan,APAC,PLT-01,Munich Center,Germany,EMEA,Enterprise,Germany,1,16619.8,1,16619.8,1,16619.8,0,0.0,0,0.0,100.0,100.0
2026-02-01,SUP-028,Supplier 028,Taiwan,APAC,PLT-09,Hanoi Assembly,Vietnam,APAC,SMB,Australia,1,5171.53,1,5171.53,1,5171.53,1,5171.53,0,0.0,100.0,100.0
2026-02-01,SUP-028,Supplier 028,Taiwan,APAC,PLT-05,Monterrey Plant,Mexico,LATAM,Enterprise,France,1,3234.92,1,3234.92,1,3234.92,0,0.0,0,0.0,100.0,100.0
2026-02-01,SUP-028,Supplier 028,Taiwan,APAC,PLT-07,Seoul Tech,South Korea,APAC,SMB,Australia,1,36732.81,1,36732.81,1,36732.81,0,0.0,0,0.0,100.0,100.0
2026-02-01,SUP-028,Supplier 028,Taiwan,APAC,PLT-06,Sao Paulo Ops,Brazil,LATAM,Enterprise,USA,1,655.92,0,0.0,0,0.0,0,0.0,0,0.0,0.0,0.0
2026-02-01,SUP-028,Supplier 028,Taiwan,APAC,PLT-00,Shanghai Hub,China,APAC,Enterprise,France,1,2054.52,1,2054.52,1,2054.52,0,0.0,0,0.0,100.0,100.0
2026-02-01,SUP-028,Supplier 028,Taiwan,APAC,PLT-05,Monterrey Plant,Mexico,LATAM,Enterprise,Germany,1,23550.87,1,23550.87,1,23550.87,0,0.0,0,0.0,100.0,100.0
2026-02-01,SUP-029,Supplier 029,Vietnam,APAC,PLT-02,Detroit Works,USA,NA,SMB,Singapore,1,17590.17,1,17590.17,1,17590.17,0,0.0,0,0.0,100.0,100.0
2026-02-01,SUP-029,Supplier 029,Vietnam,APAC,PLT-09,Hanoi Assembly,Vietnam,APAC,SMB,UK,1,1741.35,1,1741.35,1,1741.35,1,1741.35,0,0.0,100.0,100.0
2026-02-01,SUP-029,Supplier 029,Vietnam,APAC,PLT-09,Hanoi Assembly,Vietnam,APAC,Government,Germany,1,18179.44,1,18179.44,1,18179.44,1,18179.44,0,0.0,100.0,100.0
2026-02-01,SUP-029,Supplier 029,Vietnam,APAC,PLT-02,Detroit Works,USA,NA,SMB,Australia,1,4790.94,1,4790.94,1,4790.94,0,0.0,0,0.0,100.0,100.0
2026-02-01,SUP-029,Supplier 029,Vietnam,APAC,PLT-04,Chennai Forge,India,APAC,SMB,Australia,2,58641.04,2,58641.04,2,58641.04,2,58641.04,0,0.0,100.0,100.0
2026-02-01,SUP-029,Supplier 029,Vietnam,APAC,PLT-07,Seoul Tech,South Korea,APAC,SMB,Germany,1,73755.8,1,73755.8,1,73755.8,1,73755.8,0,0.0,100.0,100.0
2026-02-01,SUP-029,Supplier 029,Vietnam,APAC,PLT-05,Monterrey Plant,Mexico,LATAM,Enterprise,Germany,1,6337.8,1,6337.8,1,6337.8,0,0.0,0,0.0,100.0,100.0
2026-02-01,SUP-029,Supplier 029,Vietnam,APAC,PLT-00,Shanghai Hub,China,APAC,Enterprise,France,1,11440.52,1,11440.52,0,0.0,0,0.0,1,11440.52,100.0,100.0
2026-02-01,SUP-029,Supplier 029,Vietnam,APAC,PLT-08,Taipei Micro,Taiwan,APAC,SMB,Germany,1,19582.76,1,19582.76,1,19582.76,0,0.0,0,0.0,100.0,100.0
2026-02-01,SUP-030,Supplier 030,China,APAC,PLT-08,Taipei Micro,Taiwan,APAC,Government,Germany,1,23141.27,1,23141.27,1,23141.27,0,0.0,0,0.0,100.0,100.0
2026-02-01,SUP-030,Supplier 030,China,APAC,PLT-04,Chennai Forge,India,APAC,SMB,Japan,1,1342.11,1,1342.11,1,1342.11,0,0.0,0,0.0,100.0,100.0
2026-02-01,SUP-030,Supplier 030,China,APAC,PLT-09,Hanoi Assembly,Vietnam,APAC,SMB,Germany,1,13926.44,1,13926.44,0,0.0,0,0.0,1,13926.44,100.0,100.0
2026-02-01,SUP-030,Supplier 030,China,APAC,PLT-04,Chennai Forge,India,APAC,Enterprise,Japan,1,1581.36,0,0.0,0,0.0,0,0.0,0,0.0,0.0,0.0
2026-02-01,SUP-030,Supplier 030,China,APAC,PLT-05,Monterrey Plant,Mexico,LATAM,Government,France,1,1373.84,1,1373.84,1,1373.84,1,1373.84,0,0.0,100.0,100.0
2026-02-01,SUP-030,Supplier 030,China,APAC,PLT-03,Tokyo Precision,Japan,APAC,SMB,Singapore,1,550.43,1,550.43,1,550.43,0,0.0,0,0.0,100.0,100.0
2026-02-01,SUP-030,Supplier 030,China,APAC,PLT-07,Seoul Tech,South Korea,APAC,Enterprise,France,1,34456.3,1,34456.3,1,34456.3,1,34456.3,0,0.0,100.0,100.0
2026-02-01,SUP-030,Supplier 030,China,APAC,PLT-01,Munich Center,Germany,EMEA,Government,Japan,1,1626.12,1,1626.12,1,1626.12,0,0.0,0,0.0,100.0,100.0
2026-02-01,SUP-031,Supplier 031,Germany,EMEA,PLT-02,Detroit Works,USA,NA,Enterprise,Japan,1,21399.95,1,21399.95,0,0.0,1,21399.95,0,0.0,100.0,100.0
2026-02-01,SUP-031,Supplier 031,Germany,EMEA,PLT-03,Tokyo Precision,Japan,APAC,Government,Japan,1,11567.82,1,11567.82,1,11567.82,1,11567.82,0,0.0,100.0,100.0
2026-02-01,SUP-031,Supplier 031,Germany,EMEA,PLT-04,Chennai Forge,India,APAC,Government,Germany,1,45059.84,1,45059.84,1,45059.84,0,0.0,0,0.0,100.0,100.0
2026-02-01,SUP-031,Supplier 031,Germany,EMEA,PLT-03,Tokyo Precision,Japan,APAC,SMB,Canada,1,40704.16,1,40704.16,1,40704.16,0,0.0,0,0.0,100.0,100.0
2026-02-01,SUP-031,Supplier 031,Germany,EMEA,PLT-01,Munich Center,Germany,EMEA,SMB,Singapore,1,14702.04,1,14702.04,1,14702.04,0,0.0,0,0.0,100.0,100.0
2026-02-01,SUP-031,Supplier 031,Germany,EMEA,PLT-06,Sao Paulo Ops,Brazil,LATAM,Enterprise,UK,1,9515.55,1,9515.55,0,0.0,0,0.0,1,9515.55,100.0,100.0
2026-02-01,SUP-031,Supplier 031,Germany,EMEA,PLT-08,Taipei Micro,Taiwan,APAC,Enterprise,USA,1,1046.0,1,1046.0,1,1046.0,0,0.0,0,0.0,100.0,100.0
2026-02-01,SUP-031,Supplier 031,Germany,EMEA,PLT-06,Sao Paulo Ops,Brazil,LATAM,SMB,Germany,1,30130.62,1,30130.62,0,0.0,0,0.0,1,30130.62,100.0,100.0
2026-02-01,SUP-031,Supplier 031,Germany,EMEA,PLT-08,Taipei Micro,Taiwan,APAC,SMB,Australia,1,26058.75,1,26058.75,0,0.0,0,0.0,1,26058.75,100.0,100.0
2026-02-01,SUP-031,Supplier 031,Germany,EMEA,PLT-00,Shanghai Hub,China,APAC,Enterprise,France,1,45570.55,1,45570.55,1,45570.55,1,45570.55,0,0.0,100.0,100.0
2026-02-01,SUP-031,Supplier 031,Germany,EMEA,PLT-06,Sao Paulo Ops,Brazil,LATAM,Government,Germany,1,13719.01,1,13719.01,1,13719.01,0,0.0,0,0.0,100.0,100.0
2026-02-01,SUP-031,Supplier 031,Germany,EMEA,PLT-07,Seoul Tech,South Korea,APAC,Enterprise,Japan,1,77592.48,1,77592.48,1,77592.48,0,0.0,0,0.0,100.0,100.0
2026-02-01,SUP-032,Supplier 032,USA,NA,PLT-06,Sao Paulo Ops,Brazil,LATAM,SMB,Japan,1,29139.5,0,0.0,0,0.0,0,0.0,0,0.0,0.0,0.0
2026-02-01,SUP-032,Supplier 032,USA,NA,PLT-04,Chennai Forge,India,APAC,Government,UK,1,66409.8,1,66409.8,1,66409.8,0,0.0,0,0.0,100.0,100.0
2026-02-01,SUP-032,Supplier 032,USA,NA,PLT-08,Taipei Micro,Taiwan,APAC,Government,Germany,1,11873.4,1,11873.4,1,11873.4,0,0.0,0,0.0,100.0,100.0
2026-02-01,SUP-032,Supplier 032,USA,NA,PLT-05,Monterrey Plant,Mexico,LATAM,SMB,Germany,1,14360.62,1,14360.62,1,14360.62,0,0.0,0,0.0,100.0,100.0
2026-02-01,SUP-032,Supplier 032,USA,NA,PLT-02,Detroit Works,USA,NA,Enterprise,Japan,1,683.18,0,0.0,0,0.0,0,0.0,0,0.0,0.0,0.0
2026-02-01,SUP-032,Supplier 032,USA,NA,PLT-02,Detroit Works,USA,NA,Enterprise,USA,1,46663.29,1,46663.29,1,46663.29,0,0.0,0,0.0,100.0,100.0
2026-02-01,SUP-032,Supplier 032,USA,NA,PLT-07,Seoul Tech,South Korea,APAC,Enterprise,UK,1,30677.4,1,30677.4,1,30677.4,0,0.0,0,0.0,100.0,100.0
2026-02-01,SUP-033,Supplier 033,Japan,APAC,PLT-07,Seoul Tech,South Korea,APAC,Enterprise,France,1,670.76,1,670.76,1,670.76,1,670.76,0,0.0,100.0,100.0
2026-02-01,SUP-033,Supplier 033,Japan,APAC,PLT-04,Chennai Forge,India,APAC,Enterprise,Japan,1,9775.36,1,9775.36,1,9775.36,0,0.0,0,0.0,100.0,100.0
2026-02-01,SUP-033,Supplier 033,Japan,APAC,PLT-05,Monterrey Plant,Mexico,LATAM,SMB,Germany,1,31648.0,1,31648.0,1,31648.0,0,0.0,0,0.0,100.0,100.0
2026-02-01,SUP-033,Supplier 033,Japan,APAC,PLT-09,Hanoi Assembly,Vietnam,APAC,Enterprise,Germany,1,48528.48,0,0.0,0,0.0,0,0.0,0,0.0,0.0,0.0
2026-02-01,SUP-033,Supplier 033,Japan,APAC,PLT-08,Taipei Micro,Taiwan,APAC,SMB,Germany,1,6948.2,1,6948.2,1,6948.2,0,0.0,0,0.0,100.0,100.0
2026-02-01,SUP-033,Supplier 033,Japan,APAC,PLT-06,Sao Paulo Ops,Brazil,LATAM,SMB,Singapore,1,1731.8,1,1731.8,1,1731.8,0,0.0,0,0.0,100.0,100.0
2026-02-01,SUP-033,Supplier 033,Japan,APAC,PLT-07,Seoul Tech,South Korea,APAC,SMB,Canada,1,15758.6,0,0.0,0,0.0,0,0.0,0,0.0,0.0,0.0
2026-02-01,SUP-033,Supplier 033,Japan,APAC,PLT-05,Monterrey Plant,Mexico,LATAM,SMB,Canada,1,11701.26,0,0.0,0,0.0,0,0.0,0,0.0,0.0,0.0
2026-02-01,SUP-033,Supplier 033,Japan,APAC,PLT-06,Sao Paulo Ops,Brazil,LATAM,SMB,Australia,1,42795.2,1,42795.2,1,42795.2,1,42795.2,0,0.0,100.0,100.0
2026-02-01,SUP-033,Supplier 033,Japan,APAC,PLT-00,Shanghai Hub,China,APAC,SMB,Singapore,1,5612.16,1,5612.16,0,0.0,0,0.0,1,5612.16,100.0,100.0
2026-02-01,SUP-034,Supplier 034,India,APAC,PLT-02,Detroit Works,USA,NA,SMB,Germany,1,12080.06,1,12080.06,0,0.0,0,0.0,1,12080.06,100.0,100.0
2026-02-01,SUP-034,Supplier 034,India,APAC,PLT-08,Taipei Micro,Taiwan,APAC,SMB,Singapore,1,8635.0,0,0.0,0,0.0,0,0.0,0,0.0,0.0,0.0
2026-02-01,SUP-034,Supplier 034,India,APAC,PLT-09,Hanoi Assembly,Vietnam,APAC,SMB,Japan,1,1240.08,1,1240.08,1,1240.08,0,0.0,0,0.0,100.0,100.0
2026-02-01,SUP-034,Supplier 034,India,APAC,PLT-03,Tokyo Precision,Japan,APAC,SMB,France,1,23404.24,1,23404.24,1,23404.24,0,0.0,0,0.0,100.0,100.0
2026-02-01,SUP-034,Supplier 034,India,APAC,PLT-01,Munich Center,Germany,EMEA,SMB,Singapore,1,3911.49,0,0.0,0,0.0,0,0.0,0,0.0,0.0,0.0
2026-02-01,SUP-034,Supplier 034,India,APAC,PLT-09,Hanoi Assembly,Vietnam,APAC,Government,France,1,5761.95,1,5761.95,1,5761.95,0,0.0,0,0.0,100.0,100.0
2026-02-01,SUP-035,Supplier 035,Mexico,LATAM,PLT-03,Tokyo Precision,Japan,APAC,Government,Germany,1,9814.2,1,9814.2,1,9814.2,0,0.0,0,0.0,100.0,100.0
2026-02-01,SUP-035,Supplier 035,Mexico,LATAM,PLT-05,Monterrey Plant,Mexico,LATAM,Government,Germany,2,21171.6,2,21171.6,1,3557.52,1,3557.52,1,17614.08,100.0,100.0
2026-02-01,SUP-035,Supplier 035,Mexico,LATAM,PLT-02,Detroit Works,USA,NA,Enterprise,Japan,1,2283.6,1,2283.6,0,0.0,0,0.0,1,2283.6,100.0,100.0
2026-02-01,SUP-035,Supplier 035,Mexico,LATAM,PLT-04,Chennai Forge,India,APAC,Enterprise,Canada,1,8456.98,1,8456.98,1,8456.98,1,8456.98,0,0.0,100.0,100.0
2026-02-01,SUP-035,Supplier 035,Mexico,LATAM,PLT-07,Seoul Tech,South Korea,APAC,Government,USA,1,19495.28,1,19495.28,1,19495.28,1,19495.28,0,0.0,100.0,100.0
2026-02-01,SUP-035,Supplier 035,Mexico,LATAM,PLT-06,Sao Paulo Ops,Brazil,LATAM,Government,USA,1,55629.37,1,55629.37,0,0.0,0,0.0,1,55629.37,100.0,100.0
2026-02-01,SUP-035,Supplier 035,Mexico,LATAM,PLT-05,Monterrey Plant,Mexico,LATAM,SMB,USA,1,24415.68,1,24415.68,1,24415.68,0,0.0,0,0.0,100.0,100.0
2026-02-01,SUP-035,Supplier 035,Mexico,LATAM,PLT-03,Tokyo Precision,Japan,APAC,SMB,Singapore,1,438.6,1,438.6,1,438.6,0,0.0,0,0.0,100.0,100.0
2026-02-01,SUP-035,Supplier 035,Mexico,LATAM,PLT-03,Tokyo Precision,Japan,APAC,Government,Singapore,2,71851.81,1,826.55,0,0.0,0,0.0,1,826.55,50.0,1.15
2026-02-01,SUP-035,Supplier 035,Mexico,LATAM,PLT-04,Chennai Forge,India,APAC,Enterprise,Germany,1,78761.76,1,78761.76,0,0.0,0,0.0,1,78761.76,100.0,100.0
2026-02-01,SUP-035,Supplier 035,Mexico,LATAM,PLT-01,Munich Center,Germany,EMEA,SMB,Japan,1,14134.4,1,14134.4,1,14134.4,0,0.0,0,0.0,100.0,100.0
2026-02-01,SUP-035,Supplier 035,Mexico,LATAM,PLT-00,Shanghai Hub,China,APAC,Government,Germany,2,40738.34,2,40738.34,2,40738.34,0,0.0,0,0.0,100.0,100.0
2026-02-01,SUP-035,Supplier 035,Mexico,LATAM,PLT-01,Munich Center,Germany,EMEA,SMB,Australia,1,4406.8,1,4406.8,1,4406.8,0,0.0,0,0.0,100.0,100.0
2026-02-01,SUP-036,Supplier 036,Brazil,LATAM,PLT-05,Monterrey Plant,Mexico,LATAM,Enterprise,Japan,1,14056.2,1,14056.2,0,0.0,1,14056.2,0,0.0,100.0,100.0
2026-02-01,SUP-036,Supplier 036,Brazil,LATAM,PLT-03,Tokyo Precision,Japan,APAC,Enterprise,Canada,1,2499.24,1,2499.24,1,2499.24,0,0.0,0,0.0,100.0,100.0
2026-02-01,SUP-036,Supplier 036,Brazil,LATAM,PLT-03,Tokyo Precision,Japan,APAC,SMB,Australia,1,8555.0,1,8555.0,0,0.0,0,0.0,1,8555.0,100.0,100.0
2026-02-01,SUP-036,Supplier 036,Brazil,LATAM,PLT-03,Tokyo Precision,Japan,APAC,Government,USA,1,8187.48,1,8187.48,1,8187.48,1,8187.48,0,0.0,100.0,100.0
2026-02-01,SUP-036,Supplier 036,Brazil,LATAM,PLT-06,Sao Paulo Ops,Brazil,LATAM,SMB,France,1,24570.78,1,24570.78,1,24570.78,0,0.0,0,0.0,100.0,100.0
2026-02-01,SUP-036,Supplier 036,Brazil,LATAM,PLT-05,Monterrey Plant,Mexico,LATAM,SMB,Germany,1,4982.56,1,4982.56,1,4982.56,0,0.0,0,0.0,100.0,100.0
2026-02-01,SUP-037,Supplier 037,South Korea,APAC,PLT-07,Seoul Tech,South Korea,APAC,SMB,Singapore,1,11565.78,1,11565.78,0,0.0,0,0.0,1,11565.78,100.0,100.0
2026-02-01,SUP-037,Supplier 037,South Korea,APAC,PLT-04,Chennai Forge,India,APAC,SMB,France,1,48190.8,1,48190.8,1,48190.8,0,0.0,0,0.0,100.0,100.0
2026-02-01,SUP-037,Supplier 037,South Korea,APAC,PLT-07,Seoul Tech,South Korea,APAC,SMB,Japan,1,82777.86,1,82777.86,1,82777.86,0,0.0,0,0.0,100.0,100.0
2026-02-01,SUP-037,Supplier 037,South Korea,APAC,PLT-02,Detroit Works,USA,NA,SMB,Australia,1,47908.82,1,47908.82,1,47908.82,0,0.0,0,0.0,100.0,100.0
2026-02-01,SUP-037,Supplier 037,South Korea,APAC,PLT-04,Chennai Forge,India,APAC,Government,Singapore,1,10066.75,1,10066.75,1,10066.75,0,0.0,0,0.0,100.0,100.0
2026-02-01,SUP-038,Supplier 038,Taiwan,APAC,PLT-05,Monterrey Plant,Mexico,LATAM,SMB,Singapore,1,38447.46,1,38447.46,0,0.0,0,0.0,1,38447.46,100.0,100.0
2026-02-01,SUP-038,Supplier 038,Taiwan,APAC,PLT-04,Chennai Forge,India,APAC,SMB,USA,1,26713.2,1,26713.2,0,0.0,1,26713.2,0,0.0,100.0,100.0
2026-02-01,SUP-038,Supplier 038,Taiwan,APAC,PLT-03,Tokyo Precision,Japan,APAC,SMB,Singapore,1,5603.68,0,0.0,0,0.0,0,0.0,0,0.0,0.0,0.0
2026-02-01,SUP-038,Supplier 038,Taiwan,APAC,PLT-02,Detroit Works,USA,NA,Government,Germany,1,52306.6,1,52306.6,1,52306.6,0,0.0,0,0.0,100.0,100.0
2026-02-01,SUP-038,Supplier 038,Taiwan,APAC,PLT-07,Seoul Tech,South Korea,APAC,Enterprise,Japan,1,16849.0,0,0.0,0,0.0,0,0.0,0,0.0,0.0,0.0
2026-02-01,SUP-038,Supplier 038,Taiwan,APAC,PLT-00,Shanghai Hub,China,APAC,Enterprise,Germany,2,8636.53,1,5585.44,0,0.0,0,0.0,1,5585.44,50.0,64.67
2026-02-01,SUP-038,Supplier 038,Taiwan,APAC,PLT-02,Detroit Works,USA,NA,Enterprise,Canada,1,1724.19,1,1724.19,1,1724.19,0,0.0,0,0.0,100.0,100.0
2026-02-01,SUP-038,Supplier 038,Taiwan,APAC,PLT-05,Monterrey Plant,Mexico,LATAM,Enterprise,Japan,1,11166.1,1,11166.1,1,11166.1,0,0.0,0,0.0,100.0,100.0
2026-02-01,SUP-039,Supplier 039,Vietnam,APAC,PLT-00,Shanghai Hub,China,APAC,SMB,France,1,855.56,1,855.56,1,855.56,0,0.0,0,0.0,100.0,100.0
2026-02-01,SUP-039,Supplier 039,Vietnam,APAC,PLT-05,Monterrey Plant,Mexico,LATAM,SMB,Canada,1,34169.28,1,34169.28,1,34169.28,0,0.0,0,0.0,100.0,100.0
2026-02-01,SUP-039,Supplier 039,Vietnam,APAC,PLT-09,Hanoi Assembly,Vietnam,APAC,SMB,USA,1,23915.7,0,0.0,0,0.0,0,0.0,0,0.0,0.0,0.0
2026-02-01,SUP-039,Supplier 039,Vietnam,APAC,PLT-06,Sao Paulo Ops,Brazil,LATAM,SMB,Singapore,1,4789.46,1,4789.46,1,4789.46,0,0.0,0,0.0,100.0,100.0
2026-02-01,SUP-039,Supplier 039,Vietnam,APAC,PLT-03,Tokyo Precision,Japan,APAC,Enterprise,Australia,1,7854.78,1,7854.78,1,7854.78,0,0.0,0,0.0,100.0,100.0
2026-02-01,SUP-039,Supplier 039,Vietnam,APAC,PLT-08,Taipei Micro,Taiwan,APAC,SMB,Germany,1,25704.0,1,25704.0,1,25704.0,0,0.0,0,0.0,100.0,100.0
2026-02-01,SUP-039,Supplier 039,Vietnam,APAC,PLT-09,Hanoi Assembly,Vietnam,APAC,SMB,Australia,2,64014.1,2,64014.1,1,50894.8,1,50894.8,1,13119.3,100.0,100.0
2026-02-01,SUP-039,Supplier 039,Vietnam,APAC,PLT-07,Seoul Tech,South Korea,APAC,Enterprise,Canada,1,18907.07,1,18907.07,1,18907.07,0,0.0,0,0.0,100.0,100.0
2026-02-01,SUP-039,Supplier 039,Vietnam,APAC,PLT-04,Chennai Forge,India,APAC,Enterprise,France,1,12623.4,1,12623.4,1,12623.4,0,0.0,0,0.0,100.0,100.0
2026-02-01,SUP-040,Supplier 040,China,APAC,PLT-07,Seoul Tech,South Korea,APAC,SMB,UK,2,50802.9,2,50802.9,2,50802.9,1,40599.42,0,0.0,100.0,100.0
2026-02-01,SUP-040,Supplier 040,China,APAC,PLT-00,Shanghai Hub,China,APAC,Enterprise,USA,1,1371.33,1,1371.33,1,1371.33,0,0.0,0,0.0,100.0,100.0
2026-02-01,SUP-040,Supplier 040,China,APAC,PLT-07,Seoul Tech,South Korea,APAC,SMB,Japan,1,18200.11,1,18200.11,1,18200.11,0,0.0,0,0.0,100.0,100.0
2026-02-01,SUP-040,Supplier 040,China,APAC,PLT-05,Monterrey Plant,Mexico,LATAM,Government,Japan,1,14293.2,1,14293.2,1,14293.2,0,0.0,0,0.0,100.0,100.0
2026-02-01,SUP-040,Supplier 040,China,APAC,PLT-06,Sao Paulo Ops,Brazil,LATAM,SMB,Canada,1,27967.68,1,27967.68,1,27967.68,1,27967.68,0,0.0,100.0,100.0
2026-02-01,SUP-040,Supplier 040,China,APAC,PLT-03,Tokyo Precision,Japan,APAC,Enterprise,Japan,1,4386.5,1,4386.5,1,4386.5,0,0.0,0,0.0,100.0,100.0
2026-02-01,SUP-041,Supplier 041,Germany,EMEA,PLT-03,Tokyo Precision,Japan,APAC,SMB,UK,1,21446.1,1,21446.1,1,21446.1,0,0.0,0,0.0,100.0,100.0
2026-02-01,SUP-041,Supplier 041,Germany,EMEA,PLT-09,Hanoi Assembly,Vietnam,APAC,Enterprise,USA,1,4411.36,1,4411.36,1,4411.36,0,0.0,0,0.0,100.0,100.0
2026-02-01,SUP-041,Supplier 041,Germany,EMEA,PLT-07,Seoul Tech,South Korea,APAC,Government,UK,1,10996.25,1,10996.25,1,10996.25,0,0.0,0,0.0,100.0,100.0
2026-02-01,SUP-041,Supplier 041,Germany,EMEA,PLT-06,Sao Paulo Ops,Brazil,LATAM,SMB,France,1,3023.12,1,3023.12,0,0.0,0,0.0,1,3023.12,100.0,100.0
2026-02-01,SUP-041,Supplier 041,Germany,EMEA,PLT-07,Seoul Tech,South Korea,APAC,Government,Canada,1,21098.36,1,21098.36,1,21098.36,1,21098.36,0,0.0,100.0,100.0
2026-02-01,SUP-041,Supplier 041,Germany,EMEA,PLT-07,Seoul Tech,South Korea,APAC,Government,Germany,1,3024.96,1,3024.96,1,3024.96,0,0.0,0,0.0,100.0,100.0
2026-02-01,SUP-041,Supplier 041,Germany,EMEA,PLT-09,Hanoi Assembly,Vietnam,APAC,Enterprise,France,1,2643.6,1,2643.6,0,0.0,1,2643.6,0,0.0,100.0,100.0
2026-02-01,SUP-042,Supplier 042,USA,NA,PLT-09,Hanoi Assembly,Vietnam,APAC,Government,Canada,1,4224.27,0,0.0,0,0.0,0,0.0,0,0.0,0.0,0.0
2026-02-01,SUP-042,Supplier 042,USA,NA,PLT-05,Monterrey Plant,Mexico,LATAM,SMB,UK,1,54904.12,1,54904.12,1,54904.12,1,54904.12,0,0.0,100.0,100.0
2026-02-01,SUP-042,Supplier 042,USA,NA,PLT-03,Tokyo Precision,Japan,APAC,Government,Canada,1,18500.04,1,18500.04,1,18500.04,0,0.0,0,0.0,100.0,100.0
2026-02-01,SUP-042,Supplier 042,USA,NA,PLT-08,Taipei Micro,Taiwan,APAC,Enterprise,Singapore,1,14358.4,1,14358.4,0,0.0,0,0.0,1,14358.4,100.0,100.0
2026-02-01,SUP-042,Supplier 042,USA,NA,PLT-07,Seoul Tech,South Korea,APAC,SMB,Singapore,2,20419.39,1,17058.39,1,17058.39,0,0.0,0,0.0,50.0,83.54
2026-02-01,SUP-042,Supplier 042,USA,NA,PLT-05,Monterrey Plant,Mexico,LATAM,Enterprise,France,1,68104.05,0,0.0,0,0.0,0,0.0,0,0.0,0.0,0.0
2026-02-01,SUP-042,Supplier 042,USA,NA,PLT-02,Detroit Works,USA,NA,SMB,UK,2,57438.48,2,57438.48,1,25927.44,1,31511.04,0,0.0,100.0,100.0
2026-02-01,SUP-042,Supplier 042,USA,NA,PLT-01,Munich Center,Germany,EMEA,Enterprise,Japan,1,28941.12,1,28941.12,1,28941.12,0,0.0,0,0.0,100.0,100.0
2026-02-01,SUP-043,Supplier 043,Japan,APAC,PLT-04,Chennai Forge,India,APAC,Enterprise,USA,1,1537.92,1,1537.92,1,1537.92,1,1537.92,0,0.0,100.0,100.0
2026-02-01,SUP-043,Supplier 043,Japan,APAC,PLT-04,Chennai Forge,India,APAC,SMB,UK,1,13468.7,1,13468.7,1,13468.7,0,0.0,0,0.0,100.0,100.0
2026-02-01,SUP-043,Supplier 043,Japan,APAC,PLT-06,Sao Paulo Ops,Brazil,LATAM,Enterprise,Singapore,1,72853.1,1,72853.1,1,72853.1,0,0.0,0,0.0,100.0,100.0
2026-02-01,SUP-043,Supplier 043,Japan,APAC,PLT-03,Tokyo Precision,Japan,APAC,SMB,France,1,55543.88,1,55543.88,0,0.0,0,0.0,1,55543.88,100.0,100.0
2026-02-01,SUP-043,Supplier 043,Japan,APAC,PLT-06,Sao Paulo Ops,Brazil,LATAM,Enterprise,Germany,1,4387.41,1,4387.41,1,4387.41,0,0.0,0,0.0,100.0,100.0
2026-02-01,SUP-043,Supplier 043,Japan,APAC,PLT-01,Munich Center,Germany,EMEA,SMB,Australia,1,675.18,1,675.18,1,675.18,0,0.0,0,0.0,100.0,100.0
2026-02-01,SUP-043,Supplier 043,Japan,APAC,PLT-06,Sao Paulo Ops,Brazil,LATAM,SMB,France,1,719.1,0,0.0,0,0.0,0,0.0,0,0.0,0.0,0.0
2026-02-01,SUP-043,Supplier 043,Japan,APAC,PLT-08,Taipei Micro,Taiwan,APAC,SMB,Australia,1,11501.28,1,11501.28,1,11501.28,0,0.0,0,0.0,100.0,100.0
2026-02-01,SUP-043,Supplier 043,Japan,APAC,PLT-08,Taipei Micro,Taiwan,APAC,SMB,UK,1,273.24,1,273.24,0,0.0,1,273.24,0,0.0,100.0,100.0
2026-02-01,SUP-044,Supplier 044,India,APAC,PLT-08,Taipei Micro,Taiwan,APAC,SMB,Germany,1,1089.53,1,1089.53,1,1089.53,0,0.0,0,0.0,100.0,100.0
2026-02-01,SUP-044,Supplier 044,India,APAC,PLT-03,Tokyo Precision,Japan,APAC,Government,Australia,1,915.6,0,0.0,0,0.0,0,0.0,0,0.0,0.0,0.0
2026-02-01,SUP-044,Supplier 044,India,APAC,PLT-01,Munich Center,Germany,EMEA,SMB,Germany,1,53156.88,0,0.0,0,0.0,0,0.0,0,0.0,0.0,0.0
2026-02-01,SUP-044,Supplier 044,India,APAC,PLT-07,Seoul Tech,South Korea,APAC,Enterprise,Singapore,1,16843.95,1,16843.95,1,16843.95,0,0.0,0,0.0,100.0,100.0
2026-02-01,SUP-045,Supplier 045,Mexico,LATAM,PLT-09,Hanoi Assembly,Vietnam,APAC,SMB,Japan,1,8661.84,1,8661.84,1,8661.84,1,8661.84,0,0.0,100.0,100.0
2026-02-01,SUP-045,Supplier 045,Mexico,LATAM,PLT-03,Tokyo Precision,Japan,APAC,SMB,Singapore,1,15538.5,1,15538.5,1,15538.5,1,15538.5,0,0.0,100.0,100.0
2026-02-01,SUP-045,Supplier 045,Mexico,LATAM,PLT-04,Chennai Forge,India,APAC,SMB,France,1,14433.59,1,14433.59,1,14433.59,0,0.0,0,0.0,100.0,100.0
2026-02-01,SUP-045,Supplier 045,Mexico,LATAM,PLT-00,Shanghai Hub,China,APAC,SMB,Singapore,1,21736.06,1,21736.06,1,21736.06,0,0.0,0,0.0,100.0,100.0
2026-02-01,SUP-045,Supplier 045,Mexico,LATAM,PLT-09,Hanoi Assembly,Vietnam,APAC,Enterprise,France,1,2465.2,1,2465.2,1,2465.2,1,2465.2,0,0.0,100.0,100.0
2026-02-01,SUP-045,Supplier 045,Mexico,LATAM,PLT-02,Detroit Works,USA,NA,SMB,Germany,1,71121.77,1,71121.77,1,71121.77,0,0.0,0,0.0,100.0,100.0
2026-02-01,SUP-045,Supplier 045,Mexico,LATAM,PLT-02,Detroit Works,USA,NA,SMB,Singapore,1,428.51,0,0.0,0,0.0,0,0.0,0,0.0,0.0,0.0
2026-02-01,SUP-045,Supplier 045,Mexico,LATAM,PLT-08,Taipei Micro,Taiwan,APAC,Enterprise,Japan,1,1621.0,1,1621.0,0,0.0,0,0.0,1,1621.0,100.0,100.0
2026-02-01,SUP-045,Supplier 045,Mexico,LATAM,PLT-01,Munich Center,Germany,EMEA,SMB,Australia,1,5802.84,1,5802.84,1,5802.84,1,5802.84,0,0.0,100.0,100.0
2026-02-01,SUP-045,Supplier 045,Mexico,LATAM,PLT-00,Shanghai Hub,China,APAC,SMB,Germany,1,2612.96,1,2612.96,1,2612.96,1,2612.96,0,0.0,100.0,100.0
2026-02-01,SUP-046,Supplier 046,Brazil,LATAM,PLT-07,Seoul Tech,South Korea,APAC,Government,Canada,1,28901.28,0,0.0,0,0.0,0,0.0,0,0.0,0.0,0.0
2026-02-01,SUP-046,Supplier 046,Brazil,LATAM,PLT-08,Taipei Micro,Taiwan,APAC,SMB,France,1,5208.84,1,5208.84,1,5208.84,0,0.0,0,0.0,100.0,100.0
2026-02-01,SUP-046,Supplier 046,Brazil,LATAM,PLT-07,Seoul Tech,South Korea,APAC,Government,Japan,1,16713.64,0,0.0,0,0.0,0,0.0,0,0.0,0.0,0.0
2026-02-01,SUP-046,Supplier 046,Brazil,LATAM,PLT-00,Shanghai Hub,China,APAC,Enterprise,France,1,1166.6,0,0.0,0,0.0,0,0.0,0,0.0,0.0,0.0
2026-02-01,SUP-046,Supplier 046,Brazil,LATAM,PLT-08,Taipei Micro,Taiwan,APAC,SMB,USA,1,31989.46,1,31989.46,1,31989.46,0,0.0,0,0.0,100.0,100.0
2026-02-01,SUP-046,Supplier 046,Brazil,LATAM,PLT-02,Detroit Works,USA,NA,Government,France,1,7845.08,0,0.0,0,0.0,0,0.0,0,0.0,0.0,0.0
2026-02-01,SUP-046,Supplier 046,Brazil,LATAM,PLT-03,Tokyo Precision,Japan,APAC,Enterprise,Australia,1,11181.56,1,11181.56,1,11181.56,0,0.0,0,0.0,100.0,100.0
2026-02-01,SUP-046,Supplier 046,Brazil,LATAM,PLT-06,Sao Paulo Ops,Brazil,LATAM,SMB,Singapore,1,911.04,1,911.04,0,0.0,1,911.04,0,0.0,100.0,100.0
2026-02-01,SUP-047,Supplier 047,South Korea,APAC,PLT-02,Detroit Works,USA,NA,SMB,UK,1,10903.08,1,10903.08,0,0.0,1,10903.08,0,0.0,100.0,100.0
2026-02-01,SUP-047,Supplier 047,South Korea,APAC,PLT-09,Hanoi Assembly,Vietnam,APAC,SMB,UK,1,32258.08,1,32258.08,1,32258.08,0,0.0,0,0.0,100.0,100.0
2026-02-01,SUP-047,Supplier 047,South Korea,APAC,PLT-07,Seoul Tech,South Korea,APAC,SMB,Japan,1,23998.56,1,23998.56,1,23998.56,1,23998.56,0,0.0,100.0,100.0
2026-02-01,SUP-047,Supplier 047,South Korea,APAC,PLT-06,Sao Paulo Ops,Brazil,LATAM,SMB,Australia,1,43193.92,1,43193.92,1,43193.92,0,0.0,0,0.0,100.0,100.0
2026-02-01,SUP-047,Supplier 047,South Korea,APAC,PLT-09,Hanoi Assembly,Vietnam,APAC,Enterprise,USA,1,56874.92,1,56874.92,1,56874.92,0,0.0,0,0.0,100.0,100.0
2026-02-01,SUP-047,Supplier 047,South Korea,APAC,PLT-01,Munich Center,Germany,EMEA,SMB,Singapore,1,66796.8,1,66796.8,0,0.0,0,0.0,1,66796.8,100.0,100.0
2026-02-01,SUP-048,Supplier 048,Taiwan,APAC,PLT-02,Detroit Works,USA,NA,Government,Germany,1,1320.52,0,0.0,0,0.0,0,0.0,0,0.0,0.0,0.0
2026-02-01,SUP-048,Supplier 048,Taiwan,APAC,PLT-03,Tokyo Precision,Japan,APAC,Enterprise,Japan,1,9367.9,1,9367.9,1,9367.9,0,0.0,0,0.0,100.0,100.0
2026-02-01,SUP-048,Supplier 048,Taiwan,APAC,PLT-01,Munich Center,Germany,EMEA,SMB,UK,1,11429.64,1,11429.64,0,0.0,0,0.0,1,11429.64,100.0,100.0
2026-02-01,SUP-048,Supplier 048,Taiwan,APAC,PLT-03,Tokyo Precision,Japan,APAC,Enterprise,USA,1,14906.64,1,14906.64,1,14906.64,1,14906.64,0,0.0,100.0,100.0
2026-02-01,SUP-048,Supplier 048,Taiwan,APAC,PLT-08,Taipei Micro,Taiwan,APAC,Government,Singapore,1,3614.22,1,3614.22,0,0.0,1,3614.22,0,0.0,100.0,100.0
2026-02-01,SUP-048,Supplier 048,Taiwan,APAC,PLT-03,Tokyo Precision,Japan,APAC,SMB,Australia,1,12086.28,1,12086.28,0,0.0,1,12086.28,0,0.0,100.0,100.0
2026-02-01,SUP-048,Supplier 048,Taiwan,APAC,PLT-09,Hanoi Assembly,Vietnam,APAC,Government,USA,2,36078.01,2,36078.01,1,20190.92,1,15887.09,0,0.0,100.0,100.0
2026-02-01,SUP-048,Supplier 048,Taiwan,APAC,PLT-07,Seoul Tech,South Korea,APAC,Government,France,1,2761.83,1,2761.83,1,2761.83,1,2761.83,0,0.0,100.0,100.0
2026-02-01,SUP-049,Supplier 049,Vietnam,APAC,PLT-03,Tokyo Precision,Japan,APAC,Government,Singapore,1,10.95,1,10.95,0,0.0,0,0.0,1,10.95,100.0,100.0
2026-02-01,SUP-049,Supplier 049,Vietnam,APAC,PLT-06,Sao Paulo Ops,Brazil,LATAM,SMB,Singapore,1,35069.44,1,35069.44,1,35069.44,1,35069.44,0,0.0,100.0,100.0
2026-02-01,SUP-049,Supplier 049,Vietnam,APAC,PLT-08,Taipei Micro,Taiwan,APAC,SMB,UK,1,14397.04,1,14397.04,1,14397.04,0,0.0,0,0.0,100.0,100.0
2026-02-01,SUP-049,Supplier 049,Vietnam,APAC,PLT-06,Sao Paulo Ops,Brazil,LATAM,SMB,Japan,1,18442.4,1,18442.4,1,18442.4,0,0.0,0,0.0,100.0,100.0
2026-02-01,SUP-049,Supplier 049,Vietnam,APAC,PLT-09,Hanoi Assembly,Vietnam,APAC,SMB,UK,1,2320.75,1,2320.75,1,2320.75,1,2320.75,0,0.0,100.0,100.0
2026-02-01,SUP-049,Supplier 049,Vietnam,APAC,PLT-00,Shanghai Hub,China,APAC,Government,Germany,1,4183.59,1,4183.59,1,4183.59,0,0.0,0,0.0,100.0,100.0
2026-03-01,SUP-000,Supplier 000,China,APAC,PLT-05,Monterrey Plant,Mexico,LATAM,Enterprise,USA,1,2409.9,1,2409.9,0,0.0,1,2409.9,0,0.0,100.0,100.0
2026-03-01,SUP-000,Supplier 000,China,APAC,PLT-04,Chennai Forge,India,APAC,SMB,France,1,33443.73,1,33443.73,1,33443.73,1,33443.73,0,0.0,100.0,100.0
2026-03-01,SUP-000,Supplier 000,China,APAC,PLT-02,Detroit Works,USA,NA,SMB,UK,1,440.55,1,440.55,1,440.55,0,0.0,0,0.0,100.0,100.0
2026-03-01,SUP-000,Supplier 000,China,APAC,PLT-02,Detroit Works,USA,NA,SMB,Australia,1,10055.1,1,10055.1,1,10055.1,1,10055.1,0,0.0,100.0,100.0
2026-03-01,SUP-000,Supplier 000,China,APAC,PLT-03,Tokyo Precision,Japan,APAC,SMB,UK,1,50009.66,1,50009.66,1,50009.66,0,0.0,0,0.0,100.0,100.0
2026-03-01,SUP-000,Supplier 000,China,APAC,PLT-09,Hanoi Assembly,Vietnam,APAC,Enterprise,Japan,1,54262.4,1,54262.4,1,54262.4,0,0.0,0,0.0,100.0,100.0
2026-03-01,SUP-001,Supplier 001,Germany,EMEA,PLT-01,Munich Center,Germany,EMEA,Government,Germany,1,444.25,1,444.25,1,444.25,0,0.0,0,0.0,100.0,100.0
2026-03-01,SUP-001,Supplier 001,Germany,EMEA,PLT-03,Tokyo Precision,Japan,APAC,Government,Germany,1,10782.2,1,10782.2,0,0.0,1,10782.2,0,0.0,100.0,100.0
2026-03-01,SUP-001,Supplier 001,Germany,EMEA,PLT-03,Tokyo Precision,Japan,APAC,Enterprise,France,1,62973.54,1,62973.54,1,62973.54,0,0.0,0,0.0,100.0,100.0
2026-03-01,SUP-001,Supplier 001,Germany,EMEA,PLT-06,Sao Paulo Ops,Brazil,LATAM,SMB,Canada,1,29781.18,1,29781.18,0,0.0,0,0.0,1,29781.18,100.0,100.0
2026-03-01,SUP-001,Supplier 001,Germany,EMEA,PLT-07,Seoul Tech,South Korea,APAC,Government,UK,1,4818.0,1,4818.0,1,4818.0,1,4818.0,0,0.0,100.0,100.0
2026-03-01,SUP-001,Supplier 001,Germany,EMEA,PLT-01,Munich Center,Germany,EMEA,Enterprise,Canada,1,3368.0,1,3368.0,1,3368.0,0,0.0,0,0.0,100.0,100.0
2026-03-01,SUP-002,Supplier 002,USA,NA,PLT-03,Tokyo Precision,Japan,APAC,Enterprise,Japan,1,15961.53,1,15961.53,0,0.0,0,0.0,1,15961.53,100.0,100.0
2026-03-01,SUP-002,Supplier 002,USA,NA,PLT-00,Shanghai Hub,China,APAC,Enterprise,USA,1,8132.94,1,8132.94,1,8132.94,0,0.0,0,0.0,100.0,100.0
2026-03-01,SUP-002,Supplier 002,USA,NA,PLT-05,Monterrey Plant,Mexico,LATAM,Enterprise,Singapore,1,36.38,1,36.38,0,0.0,1,36.38,0,0.0,100.0,100.0
2026-03-01,SUP-002,Supplier 002,USA,NA,PLT-09,Hanoi Assembly,Vietnam,APAC,Government,Singapore,1,24431.1,1,24431.1,1,24431.1,0,0.0,0,0.0,100.0,100.0
2026-03-01,SUP-002,Supplier 002,USA,NA,PLT-06,Sao Paulo Ops,Brazil,LATAM,Enterprise,Singapore,1,7025.46,1,7025.46,0,0.0,1,7025.46,0,0.0,100.0,100.0
2026-03-01,SUP-003,Supplier 003,Japan,APAC,PLT-08,Taipei Micro,Taiwan,APAC,SMB,UK,1,6331.26,1,6331.26,1,6331.26,0,0.0,0,0.0,100.0,100.0
2026-03-01,SUP-003,Supplier 003,Japan,APAC,PLT-01,Munich Center,Germany,EMEA,SMB,Singapore,1,6277.8,1,6277.8,1,6277.8,0,0.0,0,0.0,100.0,100.0
2026-03-01,SUP-003,Supplier 003,Japan,APAC,PLT-03,Tokyo Precision,Japan,APAC,Enterprise,Japan,1,1187.73,1,1187.73,0,0.0,0,0.0,1,1187.73,100.0,100.0
2026-03-01,SUP-003,Supplier 003,Japan,APAC,PLT-09,Hanoi Assembly,Vietnam,APAC,Enterprise,Singapore,1,1209.06,1,1209.06,1,1209.06,1,1209.06,0,0.0,100.0,100.0
2026-03-01,SUP-003,Supplier 003,Japan,APAC,PLT-05,Monterrey Plant,Mexico,LATAM,SMB,Germany,1,25582.44,1,25582.44,1,25582.44,0,0.0,0,0.0,100.0,100.0
2026-03-01,SUP-003,Supplier 003,Japan,APAC,PLT-07,Seoul Tech,South Korea,APAC,Enterprise,Japan,1,14601.02,1,14601.02,1,14601.02,1,14601.02,0,0.0,100.0,100.0
2026-03-01,SUP-003,Supplier 003,Japan,APAC,PLT-08,Taipei Micro,Taiwan,APAC,SMB,Australia,1,11408.04,1,11408.04,1,11408.04,1,11408.04,0,0.0,100.0,100.0
2026-03-01,SUP-004,Supplier 004,India,APAC,PLT-02,Detroit Works,USA,NA,SMB,Singapore,1,13896.9,1,13896.9,0,0.0,1,13896.9,0,0.0,100.0,100.0
2026-03-01,SUP-004,Supplier 004,India,APAC,PLT-05,Monterrey Plant,Mexico,LATAM,Government,Canada,1,60822.5,1,60822.5,1,60822.5,0,0.0,0,0.0,100.0,100.0
2026-03-01,SUP-004,Supplier 004,India,APAC,PLT-03,Tokyo Precision,Japan,APAC,SMB,USA,1,11149.92,1,11149.92,1,11149.92,0,0.0,0,0.0,100.0,100.0
2026-03-01,SUP-004,Supplier 004,India,APAC,PLT-09,Hanoi Assembly,Vietnam,APAC,SMB,Germany,1,45538.74,1,45538.74,1,45538.74,0,0.0,0,0.0,100.0,100.0
2026-03-01,SUP-004,Supplier 004,India,APAC,PLT-04,Chennai Forge,India,APAC,SMB,Germany,1,43595.09,1,43595.09,1,43595.09,1,43595.09,0,0.0,100.0,100.0
2026-03-01,SUP-004,Supplier 004,India,APAC,PLT-07,Seoul Tech,South Korea,APAC,Government,USA,1,40514.04,0,0.0,0,0.0,0,0.0,0,0.0,0.0,0.0
2026-03-01,SUP-004,Supplier 004,India,APAC,PLT-06,Sao Paulo Ops,Brazil,LATAM,Government,Singapore,1,11638.2,1,11638.2,1,11638.2,0,0.0,0,0.0,100.0,100.0
2026-03-01,SUP-004,Supplier 004,India,APAC,PLT-03,Tokyo Precision,Japan,APAC,SMB,Canada,1,2176.55,1,2176.55,1,2176.55,1,2176.55,0,0.0,100.0,100.0
2026-03-01,SUP-004,Supplier 004,India,APAC,PLT-09,Hanoi Assembly,Vietnam,APAC,SMB,Australia,1,14663.18,0,0.0,0,0.0,0,0.0,0,0.0,0.0,0.0
2026-03-01,SUP-005,Supplier 005,Mexico,LATAM,PLT-09,Hanoi Assembly,Vietnam,APAC,SMB,Germany,1,3326.12,1,3326.12,1,3326.12,0,0.0,0,0.0,100.0,100.0
2026-03-01,SUP-005,Supplier 005,Mexico,LATAM,PLT-04,Chennai Forge,India,APAC,Enterprise,Canada,1,66577.6,1,66577.6,1,66577.6,0,0.0,0,0.0,100.0,100.0
2026-03-01,SUP-005,Supplier 005,Mexico,LATAM,PLT-03,Tokyo Precision,Japan,APAC,Enterprise,Canada,1,22795.19,1,22795.19,1,22795.19,0,0.0,0,0.0,100.0,100.0
2026-03-01,SUP-005,Supplier 005,Mexico,LATAM,PLT-06,Sao Paulo Ops,Brazil,LATAM,SMB,UK,1,3843.0,0,0.0,0,0.0,0,0.0,0,0.0,0.0,0.0
2026-03-01,SUP-006,Supplier 006,Brazil,LATAM,PLT-00,Shanghai Hub,China,APAC,Government,Australia,1,7597.0,1,7597.0,1,7597.0,0,0.0,0,0.0,100.0,100.0
2026-03-01,SUP-006,Supplier 006,Brazil,LATAM,PLT-05,Monterrey Plant,Mexico,LATAM,Enterprise,Japan,1,6590.97,1,6590.97,1,6590.97,1,6590.97,0,0.0,100.0,100.0
2026-03-01,SUP-006,Supplier 006,Brazil,LATAM,PLT-01,Munich Center,Germany,EMEA,Government,France,1,21557.36,1,21557.36,1,21557.36,0,0.0,0,0.0,100.0,100.0
2026-03-01,SUP-006,Supplier 006,Brazil,LATAM,PLT-05,Monterrey Plant,Mexico,LATAM,Government,France,1,11175.93,1,11175.93,1,11175.93,0,0.0,0,0.0,100.0,100.0
2026-03-01,SUP-006,Supplier 006,Brazil,LATAM,PLT-08,Taipei Micro,Taiwan,APAC,Enterprise,Japan,1,44005.9,1,44005.9,1,44005.9,0,0.0,0,0.0,100.0,100.0
2026-03-01,SUP-006,Supplier 006,Brazil,LATAM,PLT-00,Shanghai Hub,China,APAC,Government,UK,1,14724.69,0,0.0,0,0.0,0,0.0,0,0.0,0.0,0.0
2026-03-01,SUP-006,Supplier 006,Brazil,LATAM,PLT-08,Taipei Micro,Taiwan,APAC,Enterprise,Germany,1,2197.47,1,2197.47,0,0.0,0,0.0,1,2197.47,100.0,100.0
2026-03-01,SUP-006,Supplier 006,Brazil,LATAM,PLT-08,Taipei Micro,Taiwan,APAC,Enterprise,USA,1,19020.5,1,19020.5,1,19020.5,0,0.0,0,0.0,100.0,100.0
2026-03-01,SUP-006,Supplier 006,Brazil,LATAM,PLT-03,Tokyo Precision,Japan,APAC,SMB,Australia,1,3915.0,1,3915.0,1,3915.0,1,3915.0,0,0.0,100.0,100.0
2026-03-01,SUP-006,Supplier 006,Brazil,LATAM,PLT-01,Munich Center,Germany,EMEA,SMB,USA,1,7081.2,1,7081.2,1,7081.2,0,0.0,0,0.0,100.0,100.0
2026-03-01,SUP-007,Supplier 007,South Korea,APAC,PLT-04,Chennai Forge,India,APAC,SMB,Singapore,1,6277.25,1,6277.25,1,6277.25,1,6277.25,0,0.0,100.0,100.0
2026-03-01,SUP-007,Supplier 007,South Korea,APAC,PLT-08,Taipei Micro,Taiwan,APAC,SMB,Germany,1,9516.51,1,9516.51,1,9516.51,0,0.0,0,0.0,100.0,100.0
2026-03-01,SUP-007,Supplier 007,South Korea,APAC,PLT-05,Monterrey Plant,Mexico,LATAM,SMB,France,1,6185.43,1,6185.43,1,6185.43,0,0.0,0,0.0,100.0,100.0
2026-03-01,SUP-008,Supplier 008,Taiwan,APAC,PLT-03,Tokyo Precision,Japan,APAC,SMB,Singapore,1,6198.56,1,6198.56,1,6198.56,0,0.0,0,0.0,100.0,100.0
2026-03-01,SUP-008,Supplier 008,Taiwan,APAC,PLT-09,Hanoi Assembly,Vietnam,APAC,SMB,UK,1,38266.95,1,38266.95,1,38266.95,1,38266.95,0,0.0,100.0,100.0
2026-03-01,SUP-008,Supplier 008,Taiwan,APAC,PLT-08,Taipei Micro,Taiwan,APAC,Government,Japan,1,26795.13,1,26795.13,0,0.0,0,0.0,1,26795.13,100.0,100.0
2026-03-01,SUP-008,Supplier 008,Taiwan,APAC,PLT-06,Sao Paulo Ops,Brazil,LATAM,SMB,UK,1,8925.6,1,8925.6,1,8925.6,1,8925.6,0,0.0,100.0,100.0
2026-03-01,SUP-008,Supplier 008,Taiwan,APAC,PLT-01,Munich Center,Germany,EMEA,SMB,France,1,12967.92,1,12967.92,1,12967.92,0,0.0,0,0.0,100.0,100.0
2026-03-01,SUP-008,Supplier 008,Taiwan,APAC,PLT-08,Taipei Micro,Taiwan,APAC,SMB,Australia,1,6328.65,1,6328.65,1,6328.65,1,6328.65,0,0.0,100.0,100.0
2026-03-01,SUP-008,Supplier 008,Taiwan,APAC,PLT-01,Munich Center,Germany,EMEA,Enterprise,Japan,1,6388.25,1,6388.25,1,6388.25,0,0.0,0,0.0,100.0,100.0
2026-03-01,SUP-008,Supplier 008,Taiwan,APAC,PLT-09,Hanoi Assembly,Vietnam,APAC,SMB,Canada,1,1326.81,1,1326.81,1,1326.81,0,0.0,0,0.0,100.0,100.0
2026-03-01,SUP-009,Supplier 009,Vietnam,APAC,PLT-08,Taipei Micro,Taiwan,APAC,Enterprise,USA,2,34491.36,2,34491.36,2,34491.36,0,0.0,0,0.0,100.0,100.0
2026-03-01,SUP-009,Supplier 009,Vietnam,APAC,PLT-01,Munich Center,Germany,EMEA,SMB,Australia,1,32861.25,1,32861.25,0,0.0,1,32861.25,0,0.0,100.0,100.0
2026-03-01,SUP-009,Supplier 009,Vietnam,APAC,PLT-03,Tokyo Precision,Japan,APAC,SMB,Japan,1,28360.5,0,0.0,0,0.0,0,0.0,0,0.0,0.0,0.0
2026-03-01,SUP-009,Supplier 009,Vietnam,APAC,PLT-07,Seoul Tech,South Korea,APAC,SMB,UK,1,19410.3,1,19410.3,1,19410.3,0,0.0,0,0.0,100.0,100.0
2026-03-01,SUP-009,Supplier 009,Vietnam,APAC,PLT-04,Chennai Forge,India,APAC,Enterprise,France,1,16235.44,1,16235.44,1,16235.44,1,16235.44,0,0.0,100.0,100.0
2026-03-01,SUP-009,Supplier 009,Vietnam,APAC,PLT-09,Hanoi Assembly,Vietnam,APAC,Government,UK,1,11598.56,1,11598.56,1,11598.56,1,11598.56,0,0.0,100.0,100.0
2026-03-01,SUP-009,Supplier 009,Vietnam,APAC,PLT-01,Munich Center,Germany,EMEA,Enterprise,Japan,1,1323.52,1,1323.52,1,1323.52,0,0.0,0,0.0,100.0,100.0
2026-03-01,SUP-009,Supplier 009,Vietnam,APAC,PLT-01,Munich Center,Germany,EMEA,Enterprise,Singapore,1,10633.84,1,10633.84,1,10633.84,0,0.0,0,0.0,100.0,100.0
2026-03-01,SUP-009,Supplier 009,Vietnam,APAC,PLT-06,Sao Paulo Ops,Brazil,LATAM,Enterprise,USA,1,5815.04,1,5815.04,0,0.0,1,5815.04,0,0.0,100.0,100.0
2026-03-01,SUP-009,Supplier 009,Vietnam,APAC,PLT-00,Shanghai Hub,China,APAC,SMB,France,1,6078.8,1,6078.8,1,6078.8,0,0.0,0,0.0,100.0,100.0
2026-03-01,SUP-009,Supplier 009,Vietnam,APAC,PLT-08,Taipei Micro,Taiwan,APAC,Government,Japan,1,3793.16,1,3793.16,1,3793.16,0,0.0,0,0.0,100.0,100.0
2026-03-01,SUP-010,Supplier 010,China,APAC,PLT-09,Hanoi Assembly,Vietnam,APAC,Enterprise,Japan,1,1221.6,0,0.0,0,0.0,0,0.0,0,0.0,0.0,0.0
2026-03-01,SUP-010,Supplier 010,China,APAC,PLT-00,Shanghai Hub,China,APAC,SMB,Australia,1,1353.66,1,1353.66,1,1353.66,0,0.0,0,0.0,100.0,100.0
2026-03-01,SUP-010,Supplier 010,China,APAC,PLT-08,Taipei Micro,Taiwan,APAC,SMB,Australia,1,8717.4,1,8717.4,1,8717.4,0,0.0,0,0.0,100.0,100.0
2026-03-01,SUP-010,Supplier 010,China,APAC,PLT-08,Taipei Micro,Taiwan,APAC,Government,Germany,1,24109.47,1,24109.47,1,24109.47,0,0.0,0,0.0,100.0,100.0
2026-03-01,SUP-010,Supplier 010,China,APAC,PLT-02,Detroit Works,USA,NA,SMB,UK,1,3389.31,0,0.0,0,0.0,0,0.0,0,0.0,0.0,0.0
2026-03-01,SUP-010,Supplier 010,China,APAC,PLT-06,Sao Paulo Ops,Brazil,LATAM,Government,UK,1,42731.43,1,42731.43,0,0.0,0,0.0,1,42731.43,100.0,100.0
2026-03-01,SUP-010,Supplier 010,China,APAC,PLT-07,Seoul Tech,South Korea,APAC,SMB,USA,1,23631.16,1,23631.16,1,23631.16,0,0.0,0,0.0,100.0,100.0
2026-03-01,SUP-010,Supplier 010,China,APAC,PLT-02,Detroit Works,USA,NA,Government,France,1,4719.0,1,4719.0,1,4719.0,0,0.0,0,0.0,100.0,100.0
2026-03-01,SUP-010,Supplier 010,China,APAC,PLT-01,Munich Center,Germany,EMEA,Government,Germany,1,9259.6,1,9259.6,1,9259.6,0,0.0,0,0.0,100.0,100.0
2026-03-01,SUP-011,Supplier 011,Germany,EMEA,PLT-09,Hanoi Assembly,Vietnam,APAC,SMB,USA,1,4265.46,1,4265.46,1,4265.46,0,0.0,0,0.0,100.0,100.0
2026-03-01,SUP-011,Supplier 011,Germany,EMEA,PLT-00,Shanghai Hub,China,APAC,SMB,Australia,1,29864.34,1,29864.34,0,0.0,1,29864.34,0,0.0,100.0,100.0
2026-03-01,SUP-011,Supplier 011,Germany,EMEA,PLT-07,Seoul Tech,South Korea,APAC,SMB,Australia,1,23323.71,0,0.0,0,0.0,0,0.0,0,0.0,0.0,0.0
2026-03-01,SUP-011,Supplier 011,Germany,EMEA,PLT-07,Seoul Tech,South Korea,APAC,Enterprise,Japan,1,13320.16,1,13320.16,1,13320.16,0,0.0,0,0.0,100.0,100.0
2026-03-01,SUP-011,Supplier 011,Germany,EMEA,PLT-05,Monterrey Plant,Mexico,LATAM,Enterprise,Japan,1,35787.18,0,0.0,0,0.0,0,0.0,0,0.0,0.0,0.0
2026-03-01,SUP-011,Supplier 011,Germany,EMEA,PLT-09,Hanoi Assembly,Vietnam,APAC,SMB,France,1,641.34,0,0.0,0,0.0,0,0.0,0,0.0,0.0,0.0
2026-03-01,SUP-011,Supplier 011,Germany,EMEA,PLT-06,Sao Paulo Ops,Brazil,LATAM,Government,Germany,1,25697.6,1,25697.6,1,25697.6,0,0.0,0,0.0,100.0,100.0
2026-03-01,SUP-012,Supplier 012,USA,NA,PLT-06,Sao Paulo Ops,Brazil,LATAM,Enterprise,Germany,1,22570.58,0,0.0,0,0.0,0,0.0,0,0.0,0.0,0.0
2026-03-01,SUP-012,Supplier 012,USA,NA,PLT-02,Detroit Works,USA,NA,Enterprise,Japan,1,37390.32,1,37390.32,1,37390.32,0,0.0,0,0.0,100.0,100.0
2026-03-01,SUP-012,Supplier 012,USA,NA,PLT-06,Sao Paulo Ops,Brazil,LATAM,SMB,Japan,1,2815.29,1,2815.29,1,2815.29,0,0.0,0,0.0,100.0,100.0
2026-03-01,SUP-012,Supplier 012,USA,NA,PLT-01,Munich Center,Germany,EMEA,Government,USA,1,8499.6,1,8499.6,1,8499.6,0,0.0,0,0.0,100.0,100.0
2026-03-01,SUP-012,Supplier 012,USA,NA,PLT-07,Seoul Tech,South Korea,APAC,Government,Germany,1,21488.8,1,21488.8,1,21488.8,0,0.0,0,0.0,100.0,100.0
2026-03-01,SUP-012,Supplier 012,USA,NA,PLT-01,Munich Center,Germany,EMEA,Enterprise,Germany,1,37532.6,1,37532.6,1,37532.6,1,37532.6,0,0.0,100.0,100.0
2026-03-01,SUP-012,Supplier 012,USA,NA,PLT-07,Seoul Tech,South Korea,APAC,Enterprise,Australia,1,12109.76,1,12109.76,1,12109.76,1,12109.76,0,0.0,100.0,100.0
2026-03-01,SUP-012,Supplier 012,USA,NA,PLT-09,Hanoi Assembly,Vietnam,APAC,Enterprise,France,1,16413.25,1,16413.25,1,16413.25,1,16413.25,0,0.0,100.0,100.0
2026-03-01,SUP-012,Supplier 012,USA,NA,PLT-02,Detroit Works,USA,NA,SMB,France,1,2139.72,1,2139.72,1,2139.72,0,0.0,0,0.0,100.0,100.0
2026-03-01,SUP-012,Supplier 012,USA,NA,PLT-02,Detroit Works,USA,NA,Enterprise,Germany,1,24557.13,1,24557.13,1,24557.13,0,0.0,0,0.0,100.0,100.0
2026-03-01,SUP-013,Supplier 013,Japan,APAC,PLT-00,Shanghai Hub,China,APAC,Enterprise,Japan,1,2458.04,1,2458.04,1,2458.04,1,2458.04,0,0.0,100.0,100.0
2026-03-01,SUP-013,Supplier 013,Japan,APAC,PLT-02,Detroit Works,USA,NA,SMB,UK,1,11814.72,1,11814.72,1,11814.72,0,0.0,0,0.0,100.0,100.0
2026-03-01,SUP-013,Supplier 013,Japan,APAC,PLT-05,Monterrey Plant,Mexico,LATAM,Government,USA,1,16470.68,1,16470.68,0,0.0,0,0.0,1,16470.68,100.0,100.0
2026-03-01,SUP-013,Supplier 013,Japan,APAC,PLT-08,Taipei Micro,Taiwan,APAC,Enterprise,USA,1,15592.32,1,15592.32,1,15592.32,1,15592.32,0,0.0,100.0,100.0
2026-03-01,SUP-013,Supplier 013,Japan,APAC,PLT-09,Hanoi Assembly,Vietnam,APAC,SMB,Canada,1,42804.73,1,42804.73,1,42804.73,0,0.0,0,0.0,100.0,100.0
2026-03-01,SUP-013,Supplier 013,Japan,APAC,PLT-01,Munich Center,Germany,EMEA,SMB,USA,1,12939.63,0,0.0,0,0.0,0,0.0,0,0.0,0.0,0.0
2026-03-01,SUP-013,Supplier 013,Japan,APAC,PLT-02,Detroit Works,USA,NA,Government,France,1,5638.8,1,5638.8,1,5638.8,0,0.0,0,0.0,100.0,100.0
2026-03-01,SUP-013,Supplier 013,Japan,APAC,PLT-00,Shanghai Hub,China,APAC,SMB,Australia,1,14931.44,1,14931.44,0,0.0,1,14931.44,0,0.0,100.0,100.0
2026-03-01,SUP-013,Supplier 013,Japan,APAC,PLT-07,Seoul Tech,South Korea,APAC,SMB,Singapore,1,14147.65,1,14147.65,1,14147.65,1,14147.65,0,0.0,100.0,100.0
2026-03-01,SUP-013,Supplier 013,Japan,APAC,PLT-06,Sao Paulo Ops,Brazil,LATAM,SMB,France,1,37128.28,0,0.0,0,0.0,0,0.0,0,0.0,0.0,0.0
2026-03-01,SUP-013,Supplier 013,Japan,APAC,PLT-07,Seoul Tech,South Korea,APAC,SMB,Australia,1,9056.02,1,9056.02,1,9056.02,0,0.0,0,0.0,100.0,100.0
2026-03-01,SUP-014,Supplier 014,India,APAC,PLT-04,Chennai Forge,India,APAC,Enterprise,Canada,1,47568.99,1,47568.99,0,0.0,1,47568.99,0,0.0,100.0,100.0
2026-03-01,SUP-014,Supplier 014,India,APAC,PLT-07,Seoul Tech,South Korea,APAC,Government,Australia,1,10779.84,1,10779.84,1,10779.84,1,10779.84,0,0.0,100.0,100.0
2026-03-01,SUP-014,Supplier 014,India,APAC,PLT-01,Munich Center,Germany,EMEA,SMB,Germany,1,14608.39,1,14608.39,0,0.0,0,0.0,1,14608.39,100.0,100.0
2026-03-01,SUP-014,Supplier 014,India,APAC,PLT-02,Detroit Works,USA,NA,Enterprise,Australia,1,22516.38,1,22516.38,1,22516.38,0,0.0,0,0.0,100.0,100.0
2026-03-01,SUP-014,Supplier 014,India,APAC,PLT-05,Monterrey Plant,Mexico,LATAM,SMB,Germany,1,1787.4,1,1787.4,1,1787.4,0,0.0,0,0.0,100.0,100.0
2026-03-01,SUP-014,Supplier 014,India,APAC,PLT-01,Munich Center,Germany,EMEA,Government,Australia,1,12760.44,0,0.0,0,0.0,0,0.0,0,0.0,0.0,0.0
2026-03-01,SUP-014,Supplier 014,India,APAC,PLT-03,Tokyo Precision,Japan,APAC,SMB,UK,1,1143.2,1,1143.2,1,1143.2,0,0.0,0,0.0,100.0,100.0
2026-03-01,SUP-015,Supplier 015,Mexico,LATAM,PLT-09,Hanoi Assembly,Vietnam,APAC,SMB,UK,1,11069.76,1,11069.76,1,11069.76,1,11069.76,0,0.0,100.0,100.0
2026-03-01,SUP-015,Supplier 015,Mexico,LATAM,PLT-08,Taipei Micro,Taiwan,APAC,Government,USA,1,29986.58,1,29986.58,1,29986.58,0,0.0,0,0.0,100.0,100.0
2026-03-01,SUP-015,Supplier 015,Mexico,LATAM,PLT-08,Taipei Micro,Taiwan,APAC,SMB,USA,1,6685.44,1,6685.44,1,6685.44,0,0.0,0,0.0,100.0,100.0
2026-03-01,SUP-015,Supplier 015,Mexico,LATAM,PLT-02,Detroit Works,USA,NA,SMB,Canada,1,9021.44,1,9021.44,1,9021.44,0,0.0,0,0.0,100.0,100.0
2026-03-01,SUP-015,Supplier 015,Mexico,LATAM,PLT-02,Detroit Works,USA,NA,Enterprise,Canada,1,6667.96,1,6667.96,1,6667.96,0,0.0,0,0.0,100.0,100.0
2026-03-01,SUP-015,Supplier 015,Mexico,LATAM,PLT-01,Munich Center,Germany,EMEA,Enterprise,USA,1,13907.04,1,13907.04,0,0.0,1,13907.04,0,0.0,100.0,100.0
2026-03-01,SUP-015,Supplier 015,Mexico,LATAM,PLT-00,Shanghai Hub,China,APAC,SMB,France,1,67813.98,1,67813.98,1,67813.98,0,0.0,0,0.0,100.0,100.0
2026-03-01,SUP-015,Supplier 015,Mexico,LATAM,PLT-08,Taipei Micro,Taiwan,APAC,SMB,Japan,1,54420.93,1,54420.93,1,54420.93,0,0.0,0,0.0,100.0,100.0
2026-03-01,SUP-016,Supplier 016,Brazil,LATAM,PLT-09,Hanoi Assembly,Vietnam,APAC,Enterprise,France,2,16563.48,2,16563.48,2,16563.48,0,0.0,0,0.0,100.0,100.0
2026-03-01,SUP-016,Supplier 016,Brazil,LATAM,PLT-03,Tokyo Precision,Japan,APAC,Government,Australia,1,58996.8,1,58996.8,1,58996.8,1,58996.8,0,0.0,100.0,100.0
2026-03-01,SUP-016,Supplier 016,Brazil,LATAM,PLT-06,Sao Paulo Ops,Brazil,LATAM,Government,Germany,1,10529.04,1,10529.04,1,10529.04,1,10529.04,0,0.0,100.0,100.0
2026-03-01,SUP-016,Supplier 016,Brazil,LATAM,PLT-05,Monterrey Plant,Mexico,LATAM,SMB,Singapore,1,4582.98,1,4582.98,1,4582.98,0,0.0,0,0.0,100.0,100.0
2026-03-01,SUP-016,Supplier 016,Brazil,LATAM,PLT-04,Chennai Forge,India,APAC,SMB,Germany,1,35208.0,1,35208.0,1,35208.0,0,0.0,0,0.0,100.0,100.0
2026-03-01,SUP-016,Supplier 016,Brazil,LATAM,PLT-01,Munich Center,Germany,EMEA,Enterprise,France,1,2851.2,1,2851.2,1,2851.2,0,0.0,0,0.0,100.0,100.0
2026-03-01,SUP-017,Supplier 017,South Korea,APAC,PLT-01,Munich Center,Germany,EMEA,Government,USA,1,11945.34,1,11945.34,0,0.0,0,0.0,1,11945.34,100.0,100.0
2026-03-01,SUP-017,Supplier 017,South Korea,APAC,PLT-04,Chennai Forge,India,APAC,SMB,Australia,1,508.41,1,508.41,1,508.41,0,0.0,0,0.0,100.0,100.0
2026-03-01,SUP-017,Supplier 017,South Korea,APAC,PLT-03,Tokyo Precision,Japan,APAC,SMB,Canada,1,48550.32,1,48550.32,0,0.0,1,48550.32,0,0.0,100.0,100.0
2026-03-01,SUP-017,Supplier 017,South Korea,APAC,PLT-02,Detroit Works,USA,NA,SMB,Singapore,1,4485.92,1,4485.92,0,0.0,1,4485.92,0,0.0,100.0,100.0
2026-03-01,SUP-017,Supplier 017,South Korea,APAC,PLT-01,Munich Center,Germany,EMEA,SMB,Japan,1,23506.2,1,23506.2,1,23506.2,0,0.0,0,0.0,100.0,100.0
2026-03-01,SUP-017,Supplier 017,South Korea,APAC,PLT-06,Sao Paulo Ops,Brazil,LATAM,Government,Singapore,1,762.32,1,762.32,1,762.32,1,762.32,0,0.0,100.0,100.0
2026-03-01,SUP-017,Supplier 017,South Korea,APAC,PLT-04,Chennai Forge,India,APAC,Enterprise,USA,1,4842.91,0,0.0,0,0.0,0,0.0,0,0.0,0.0,0.0
2026-03-01,SUP-018,Supplier 018,Taiwan,APAC,PLT-02,Detroit Works,USA,NA,Enterprise,USA,1,25847.84,1,25847.84,1,25847.84,1,25847.84,0,0.0,100.0,100.0
2026-03-01,SUP-018,Supplier 018,Taiwan,APAC,PLT-08,Taipei Micro,Taiwan,APAC,SMB,Australia,1,12368.5,1,12368.5,0,0.0,1,12368.5,0,0.0,100.0,100.0
2026-03-01,SUP-018,Supplier 018,Taiwan,APAC,PLT-00,Shanghai Hub,China,APAC,Government,UK,1,30273.88,1,30273.88,0,0.0,0,0.0,1,30273.88,100.0,100.0
2026-03-01,SUP-018,Supplier 018,Taiwan,APAC,PLT-00,Shanghai Hub,China,APAC,SMB,Australia,1,21041.28,1,21041.28,1,21041.28,0,0.0,0,0.0,100.0,100.0
2026-03-01,SUP-018,Supplier 018,Taiwan,APAC,PLT-03,Tokyo Precision,Japan,APAC,SMB,Germany,1,35881.56,1,35881.56,1,35881.56,0,0.0,0,0.0,100.0,100.0
2026-03-01,SUP-018,Supplier 018,Taiwan,APAC,PLT-03,Tokyo Precision,Japan,APAC,SMB,France,1,1229.5,1,1229.5,0,0.0,1,1229.5,0,0.0,100.0,100.0
2026-03-01,SUP-018,Supplier 018,Taiwan,APAC,PLT-06,Sao Paulo Ops,Brazil,LATAM,Enterprise,Germany,1,57498.27,1,57498.27,1,57498.27,0,0.0,0,0.0,100.0,100.0
2026-03-01,SUP-018,Supplier 018,Taiwan,APAC,PLT-04,Chennai Forge,India,APAC,SMB,France,1,90942.6,1,90942.6,1,90942.6,1,90942.6,0,0.0,100.0,100.0
2026-03-01,SUP-018,Supplier 018,Taiwan,APAC,PLT-08,Taipei Micro,Taiwan,APAC,Enterprise,France,1,16752.15,1,16752.15,0,0.0,1,16752.15,0,0.0,100.0,100.0
2026-03-01,SUP-019,Supplier 019,Vietnam,APAC,PLT-03,Tokyo Precision,Japan,APAC,Government,Germany,1,2502.24,0,0.0,0,0.0,0,0.0,0,0.0,0.0,0.0
2026-03-01,SUP-019,Supplier 019,Vietnam,APAC,PLT-00,Shanghai Hub,China,APAC,SMB,Germany,1,1343.02,1,1343.02,1,1343.02,0,0.0,0,0.0,100.0,100.0
2026-03-01,SUP-019,Supplier 019,Vietnam,APAC,PLT-00,Shanghai Hub,China,APAC,Government,France,1,26242.48,1,26242.48,0,0.0,1,26242.48,0,0.0,100.0,100.0
2026-03-01,SUP-019,Supplier 019,Vietnam,APAC,PLT-05,Monterrey Plant,Mexico,LATAM,Enterprise,Germany,1,55272.07,1,55272.07,0,0.0,1,55272.07,0,0.0,100.0,100.0
2026-03-01,SUP-019,Supplier 019,Vietnam,APAC,PLT-07,Seoul Tech,South Korea,APAC,Enterprise,UK,1,2934.75,0,0.0,0,0.0,0,0.0,0,0.0,0.0,0.0
2026-03-01,SUP-019,Supplier 019,Vietnam,APAC,PLT-09,Hanoi Assembly,Vietnam,APAC,Government,USA,1,9771.75,1,9771.75,1,9771.75,0,0.0,0,0.0,100.0,100.0
2026-03-01,SUP-020,Supplier 020,China,APAC,PLT-04,Chennai Forge,India,APAC,SMB,France,1,8090.2,1,8090.2,1,8090.2,0,0.0,0,0.0,100.0,100.0
2026-03-01,SUP-020,Supplier 020,China,APAC,PLT-05,Monterrey Plant,Mexico,LATAM,Enterprise,France,1,16478.13,1,16478.13,0,0.0,0,0.0,1,16478.13,100.0,100.0
2026-03-01,SUP-020,Supplier 020,China,APAC,PLT-06,Sao Paulo Ops,Brazil,LATAM,Enterprise,Canada,1,2940.3,1,2940.3,1,2940.3,1,2940.3,0,0.0,100.0,100.0
2026-03-01,SUP-020,Supplier 020,China,APAC,PLT-08,Taipei Micro,Taiwan,APAC,SMB,USA,1,3495.08,1,3495.08,1,3495.08,0,0.0,0,0.0,100.0,100.0
2026-03-01,SUP-020,Supplier 020,China,APAC,PLT-09,Hanoi Assembly,Vietnam,APAC,SMB,Japan,1,16656.84,1,16656.84,0,0.0,1,16656.84,0,0.0,100.0,100.0
2026-03-01,SUP-020,Supplier 020,China,APAC,PLT-04,Chennai Forge,India,APAC,Government,Canada,1,26579.3,1,26579.3,1,26579.3,0,0.0,0,0.0,100.0,100.0
2026-03-01,SUP-020,Supplier 020,China,APAC,PLT-01,Munich Center,Germany,EMEA,Enterprise,USA,1,10107.24,1,10107.24,1,10107.24,0,0.0,0,0.0,100.0,100.0
2026-03-01,SUP-020,Supplier 020,China,APAC,PLT-03,Tokyo Precision,Japan,APAC,Enterprise,USA,1,18137.76,0,0.0,0,0.0,0,0.0,0,0.0,0.0,0.0
2026-03-01,SUP-020,Supplier 020,China,APAC,PLT-06,Sao Paulo Ops,Brazil,LATAM,SMB,UK,1,2427.92,1,2427.92,1,2427.92,0,0.0,0,0.0,100.0,100.0
2026-03-01,SUP-021,Supplier 021,Germany,EMEA,PLT-09,Hanoi Assembly,Vietnam,APAC,Enterprise,Canada,1,100610.76,0,0.0,0,0.0,0,0.0,0,0.0,0.0,0.0
2026-03-01,SUP-021,Supplier 021,Germany,EMEA,PLT-01,Munich Center,Germany,EMEA,Enterprise,Canada,1,20420.4,0,0.0,0,0.0,0,0.0,0,0.0,0.0,0.0
2026-03-01,SUP-021,Supplier 021,Germany,EMEA,PLT-02,Detroit Works,USA,NA,Government,Germany,1,4232.34,1,4232.34,1,4232.34,0,0.0,0,0.0,100.0,100.0
2026-03-01,SUP-021,Supplier 021,Germany,EMEA,PLT-04,Chennai Forge,India,APAC,Government,USA,1,890.84,1,890.84,1,890.84,0,0.0,0,0.0,100.0,100.0
2026-03-01,SUP-021,Supplier 021,Germany,EMEA,PLT-00,Shanghai Hub,China,APAC,Government,USA,1,18010.49,1,18010.49,1,18010.49,0,0.0,0,0.0,100.0,100.0
2026-03-01,SUP-021,Supplier 021,Germany,EMEA,PLT-05,Monterrey Plant,Mexico,LATAM,SMB,UK,1,998.28,0,0.0,0,0.0,0,0.0,0,0.0,0.0,0.0
2026-03-01,SUP-022,Supplier 022,USA,NA,PLT-09,Hanoi Assembly,Vietnam,APAC,Enterprise,Australia,1,17044.42,1,17044.42,0,0.0,0,0.0,1,17044.42,100.0,100.0
2026-03-01,SUP-022,Supplier 022,USA,NA,PLT-01,Munich Center,Germany,EMEA,SMB,Singapore,1,21694.2,1,21694.2,1,21694.2,1,21694.2,0,0.0,100.0,100.0
2026-03-01,SUP-022,Supplier 022,USA,NA,PLT-08,Taipei Micro,Taiwan,APAC,Enterprise,UK,1,31373.66,1,31373.66,1,31373.66,0,0.0,0,0.0,100.0,100.0
2026-03-01,SUP-022,Supplier 022,USA,NA,PLT-07,Seoul Tech,South Korea,APAC,SMB,France,1,6242.64,1,6242.64,1,6242.64,1,6242.64,0,0.0,100.0,100.0
2026-03-01,SUP-022,Supplier 022,USA,NA,PLT-07,Seoul Tech,South Korea,APAC,Enterprise,Germany,1,8550.24,1,8550.24,1,8550.24,0,0.0,0,0.0,100.0,100.0
2026-03-01,SUP-022,Supplier 022,USA,NA,PLT-08,Taipei Micro,Taiwan,APAC,SMB,Australia,1,10486.8,1,10486.8,1,10486.8,1,10486.8,0,0.0,100.0,100.0
2026-03-01,SUP-022,Supplier 022,USA,NA,PLT-06,Sao Paulo Ops,Brazil,LATAM,SMB,Australia,1,8600.28,1,8600.28,1,8600.28,0,0.0,0,0.0,100.0,100.0
2026-03-01,SUP-022,Supplier 022,USA,NA,PLT-04,Chennai Forge,India,APAC,SMB,Australia,1,68338.08,0,0.0,0,0.0,0,0.0,0,0.0,0.0,0.0
2026-03-01,SUP-022,Supplier 022,USA,NA,PLT-02,Detroit Works,USA,NA,SMB,USA,1,7442.0,0,0.0,0,0.0,0,0.0,0,0.0,0.0,0.0
2026-03-01,SUP-022,Supplier 022,USA,NA,PLT-01,Munich Center,Germany,EMEA,Enterprise,Japan,1,25621.92,1,25621.92,1,25621.92,0,0.0,0,0.0,100.0,100.0
2026-03-01,SUP-022,Supplier 022,USA,NA,PLT-08,Taipei Micro,Taiwan,APAC,SMB,USA,1,65100.86,0,0.0,0,0.0,0,0.0,0,0.0,0.0,0.0
2026-03-01,SUP-022,Supplier 022,USA,NA,PLT-03,Tokyo Precision,Japan,APAC,Government,Japan,1,44274.71,1,44274.71,0,0.0,1,44274.71,0,0.0,100.0,100.0
2026-03-01,SUP-022,Supplier 022,USA,NA,PLT-04,Chennai Forge,India,APAC,Enterprise,UK,1,65787.12,0,0.0,0,0.0,0,0.0,0,0.0,0.0,0.0
2026-03-01,SUP-023,Supplier 023,Japan,APAC,PLT-08,Taipei Micro,Taiwan,APAC,Enterprise,Germany,1,427.95,1,427.95,1,427.95,0,0.0,0,0.0,100.0,100.0
2026-03-01,SUP-023,Supplier 023,Japan,APAC,PLT-01,Munich Center,Germany,EMEA,SMB,Australia,1,742.0,1,742.0,1,742.0,0,0.0,0,0.0,100.0,100.0
2026-03-01,SUP-023,Supplier 023,Japan,APAC,PLT-03,Tokyo Precision,Japan,APAC,Enterprise,Canada,1,2746.74,1,2746.74,0,0.0,0,0.0,1,2746.74,100.0,100.0
2026-03-01,SUP-023,Supplier 023,Japan,APAC,PLT-02,Detroit Works,USA,NA,SMB,France,1,421.3,1,421.3,0,0.0,0,0.0,1,421.3,100.0,100.0
2026-03-01,SUP-024,Supplier 024,India,APAC,PLT-03,Tokyo Precision,Japan,APAC,SMB,Singapore,1,5599.44,0,0.0,0,0.0,0,0.0,0,0.0,0.0,0.0
2026-03-01,SUP-024,Supplier 024,India,APAC,PLT-06,Sao Paulo Ops,Brazil,LATAM,SMB,Australia,1,29402.28,1,29402.28,1,29402.28,1,29402.28,0,0.0,100.0,100.0
2026-03-01,SUP-024,Supplier 024,India,APAC,PLT-02,Detroit Works,USA,NA,Enterprise,Japan,1,2493.06,1,2493.06,1,2493.06,0,0.0,0,0.0,100.0,100.0
2026-03-01,SUP-024,Supplier 024,India,APAC,PLT-08,Taipei Micro,Taiwan,APAC,Enterprise,France,1,21072.09,1,21072.09,1,21072.09,0,0.0,0,0.0,100.0,100.0
2026-03-01,SUP-024,Supplier 024,India,APAC,PLT-07,Seoul Tech,South Korea,APAC,SMB,USA,1,31880.02,1,31880.02,1,31880.02,0,0.0,0,0.0,100.0,100.0
2026-03-01,SUP-024,Supplier 024,India,APAC,PLT-04,Chennai Forge,India,APAC,SMB,France,1,39630.38,1,39630.38,1,39630.38,1,39630.38,0,0.0,100.0,100.0
2026-03-01,SUP-025,Supplier 025,Mexico,LATAM,PLT-08,Taipei Micro,Taiwan,APAC,Government,Singapore,1,9110.99,0,0.0,0,0.0,0,0.0,0,0.0,0.0,0.0
2026-03-01,SUP-025,Supplier 025,Mexico,LATAM,PLT-03,Tokyo Precision,Japan,APAC,Enterprise,France,1,39652.6,1,39652.6,1,39652.6,0,0.0,0,0.0,100.0,100.0
2026-03-01,SUP-025,Supplier 025,Mexico,LATAM,PLT-00,Shanghai Hub,China,APAC,Enterprise,Japan,1,28536.64,1,28536.64,1,28536.64,0,0.0,0,0.0,100.0,100.0
2026-03-01,SUP-025,Supplier 025,Mexico,LATAM,PLT-04,Chennai Forge,India,APAC,Government,USA,1,10619.96,1,10619.96,1,10619.96,0,0.0,0,0.0,100.0,100.0
2026-03-01,SUP-025,Supplier 025,Mexico,LATAM,PLT-05,Monterrey Plant,Mexico,LATAM,Enterprise,Singapore,1,1385.8,0,0.0,0,0.0,0,0.0,0,0.0,0.0,0.0
2026-03-01,SUP-025,Supplier 025,Mexico,LATAM,PLT-03,Tokyo Precision,Japan,APAC,SMB,Australia,1,41808.87,1,41808.87,1,41808.87,0,0.0,0,0.0,100.0,100.0
2026-03-01,SUP-025,Supplier 025,Mexico,LATAM,PLT-07,Seoul Tech,South Korea,APAC,SMB,Australia,1,9396.8,0,0.0,0,0.0,0,0.0,0,0.0,0.0,0.0
2026-03-01,SUP-025,Supplier 025,Mexico,LATAM,PLT-02,Detroit Works,USA,NA,SMB,Canada,1,31652.72,1,31652.72,0,0.0,0,0.0,1,31652.72,100.0,100.0
2026-03-01,SUP-025,Supplier 025,Mexico,LATAM,PLT-03,Tokyo Precision,Japan,APAC,SMB,Canada,1,1863.16,1,1863.16,1,1863.16,0,0.0,0,0.0,100.0,100.0
2026-03-01,SUP-026,Supplier 026,Brazil,LATAM,PLT-02,Detroit Works,USA,NA,SMB,Japan,1,43863.82,1,43863.82,1,43863.82,1,43863.82,0,0.0,100.0,100.0
2026-03-01,SUP-026,Supplier 026,Brazil,LATAM,PLT-00,Shanghai Hub,China,APAC,Enterprise,UK,1,8072.45,1,8072.45,1,8072.45,0,0.0,0,0.0,100.0,100.0
2026-03-01,SUP-026,Supplier 026,Brazil,LATAM,PLT-00,Shanghai Hub,China,APAC,Government,USA,1,22342.0,1,22342.0,0,0.0,1,22342.0,0,0.0,100.0,100.0
2026-03-01,SUP-026,Supplier 026,Brazil,LATAM,PLT-04,Chennai Forge,India,APAC,SMB,UK,1,31313.04,1,31313.04,1,31313.04,1,31313.04,0,0.0,100.0,100.0
2026-03-01,SUP-026,Supplier 026,Brazil,LATAM,PLT-08,Taipei Micro,Taiwan,APAC,SMB,France,1,5489.64,1,5489.64,1,5489.64,1,5489.64,0,0.0,100.0,100.0
2026-03-01,SUP-026,Supplier 026,Brazil,LATAM,PLT-08,Taipei Micro,Taiwan,APAC,SMB,Germany,1,2631.92,1,2631.92,0,0.0,0,0.0,1,2631.92,100.0,100.0
2026-03-01,SUP-027,Supplier 027,South Korea,APAC,PLT-05,Monterrey Plant,Mexico,LATAM,SMB,UK,1,42429.72,0,0.0,0,0.0,0,0.0,0,0.0,0.0,0.0
2026-03-01,SUP-027,Supplier 027,South Korea,APAC,PLT-04,Chennai Forge,India,APAC,SMB,Japan,1,32179.62,1,32179.62,1,32179.62,1,32179.62,0,0.0,100.0,100.0
2026-03-01,SUP-027,Supplier 027,South Korea,APAC,PLT-08,Taipei Micro,Taiwan,APAC,Government,Germany,1,63485.68,1,63485.68,1,63485.68,1,63485.68,0,0.0,100.0,100.0
2026-03-01,SUP-027,Supplier 027,South Korea,APAC,PLT-08,Taipei Micro,Taiwan,APAC,SMB,Germany,1,26583.84,1,26583.84,1,26583.84,0,0.0,0,0.0,100.0,100.0
2026-03-01,SUP-027,Supplier 027,South Korea,APAC,PLT-09,Hanoi Assembly,Vietnam,APAC,Enterprise,USA,1,12870.8,1,12870.8,1,12870.8,0,0.0,0,0.0,100.0,100.0
2026-03-01,SUP-027,Supplier 027,South Korea,APAC,PLT-00,Shanghai Hub,China,APAC,Enterprise,Canada,1,2143.13,1,2143.13,1,2143.13,0,0.0,0,0.0,100.0,100.0
2026-03-01,SUP-027,Supplier 027,South Korea,APAC,PLT-05,Monterrey Plant,Mexico,LATAM,SMB,USA,1,10314.72,0,0.0,0,0.0,0,0.0,0,0.0,0.0,0.0
2026-03-01,SUP-027,Supplier 027,South Korea,APAC,PLT-09,Hanoi Assembly,Vietnam,APAC,Government,Singapore,1,17470.67,1,17470.67,1,17470.67,0,0.0,0,0.0,100.0,100.0
2026-03-01,SUP-028,Supplier 028,Taiwan,APAC,PLT-06,Sao Paulo Ops,Brazil,LATAM,SMB,Canada,1,26544.96,0,0.0,0,0.0,0,0.0,0,0.0,0.0,0.0
2026-03-01,SUP-028,Supplier 028,Taiwan,APAC,PLT-03,Tokyo Precision,Japan,APAC,SMB,UK,1,5906.55,1,5906.55,0,0.0,0,0.0,1,5906.55,100.0,100.0
2026-03-01,SUP-028,Supplier 028,Taiwan,APAC,PLT-05,Monterrey Plant,Mexico,LATAM,Enterprise,Australia,1,13353.3,1,13353.3,0,0.0,1,13353.3,0,0.0,100.0,100.0
2026-03-01,SUP-028,Supplier 028,Taiwan,APAC,PLT-01,Munich Center,Germany,EMEA,SMB,UK,1,33036.16,1,33036.16,1,33036.16,0,0.0,0,0.0,100.0,100.0
2026-03-01,SUP-028,Supplier 028,Taiwan,APAC,PLT-06,Sao Paulo Ops,Brazil,LATAM,Enterprise,UK,1,9138.48,1,9138.48,1,9138.48,0,0.0,0,0.0,100.0,100.0
2026-03-01,SUP-028,Supplier 028,Taiwan,APAC,PLT-09,Hanoi Assembly,Vietnam,APAC,Government,USA,1,387.94,1,387.94,1,387.94,1,387.94,0,0.0,100.0,100.0
2026-03-01,SUP-028,Supplier 028,Taiwan,APAC,PLT-06,Sao Paulo Ops,Brazil,LATAM,SMB,France,1,6411.69,1,6411.69,1,6411.69,0,0.0,0,0.0,100.0,100.0
2026-03-01,SUP-029,Supplier 029,Vietnam,APAC,PLT-03,Tokyo Precision,Japan,APAC,SMB,Australia,1,5535.54,1,5535.54,1,5535.54,0,0.0,0,0.0,100.0,100.0
2026-03-01,SUP-029,Supplier 029,Vietnam,APAC,PLT-06,Sao Paulo Ops,Brazil,LATAM,Government,Singapore,1,15724.72,0,0.0,0,0.0,0,0.0,0,0.0,0.0,0.0
2026-03-01,SUP-029,Supplier 029,Vietnam,APAC,PLT-02,Detroit Works,USA,NA,SMB,Germany,1,10534.56,1,10534.56,1,10534.56,0,0.0,0,0.0,100.0,100.0
2026-03-01,SUP-029,Supplier 029,Vietnam,APAC,PLT-03,Tokyo Precision,Japan,APAC,SMB,Japan,1,1164.4,1,1164.4,1,1164.4,0,0.0,0,0.0,100.0,100.0
2026-03-01,SUP-029,Supplier 029,Vietnam,APAC,PLT-07,Seoul Tech,South Korea,APAC,Enterprise,Canada,1,1212.96,1,1212.96,1,1212.96,0,0.0,0,0.0,100.0,100.0
2026-03-01,SUP-029,Supplier 029,Vietnam,APAC,PLT-07,Seoul Tech,South Korea,APAC,SMB,France,1,67850.13,1,67850.13,1,67850.13,0,0.0,0,0.0,100.0,100.0
2026-03-01,SUP-029,Supplier 029,Vietnam,APAC,PLT-04,Chennai Forge,India,APAC,Enterprise,Germany,1,45696.68,1,45696.68,0,0.0,1,45696.68,0,0.0,100.0,100.0
2026-03-01,SUP-030,Supplier 030,China,APAC,PLT-04,Chennai Forge,India,APAC,Government,France,1,53303.88,1,53303.88,1,53303.88,0,0.0,0,0.0,100.0,100.0
2026-03-01,SUP-030,Supplier 030,China,APAC,PLT-08,Taipei Micro,Taiwan,APAC,SMB,France,1,35634.69,1,35634.69,0,0.0,0,0.0,1,35634.69,100.0,100.0
2026-03-01,SUP-030,Supplier 030,China,APAC,PLT-07,Seoul Tech,South Korea,APAC,SMB,France,1,100368.94,1,100368.94,1,100368.94,0,0.0,0,0.0,100.0,100.0
2026-03-01,SUP-030,Supplier 030,China,APAC,PLT-07,Seoul Tech,South Korea,APAC,Enterprise,France,1,14651.0,0,0.0,0,0.0,0,0.0,0,0.0,0.0,0.0
2026-03-01,SUP-030,Supplier 030,China,APAC,PLT-07,Seoul Tech,South Korea,APAC,Enterprise,Germany,1,1326.46,1,1326.46,1,1326.46,0,0.0,0,0.0,100.0,100.0
2026-03-01,SUP-030,Supplier 030,China,APAC,PLT-00,Shanghai Hub,China,APAC,SMB,Australia,1,36636.66,1,36636.66,1,36636.66,1,36636.66,0,0.0,100.0,100.0
2026-03-01,SUP-030,Supplier 030,China,APAC,PLT-09,Hanoi Assembly,Vietnam,APAC,SMB,Singapore,1,7170.03,1,7170.03,1,7170.03,0,0.0,0,0.0,100.0,100.0
2026-03-01,SUP-031,Supplier 031,Germany,EMEA,PLT-02,Detroit Works,USA,NA,Enterprise,Canada,1,858.9,0,0.0,0,0.0,0,0.0,0,0.0,0.0,0.0
2026-03-01,SUP-031,Supplier 031,Germany,EMEA,PLT-04,Chennai Forge,India,APAC,SMB,Germany,1,2115.68,1,2115.68,1,2115.68,1,2115.68,0,0.0,100.0,100.0
2026-03-01,SUP-031,Supplier 031,Germany,EMEA,PLT-08,Taipei Micro,Taiwan,APAC,SMB,Australia,1,54102.88,1,54102.88,1,54102.88,1,54102.88,0,0.0,100.0,100.0
2026-03-01,SUP-031,Supplier 031,Germany,EMEA,PLT-08,Taipei Micro,Taiwan,APAC,SMB,Germany,1,46207.63,1,46207.63,1,46207.63,0,0.0,0,0.0,100.0,100.0
2026-03-01,SUP-031,Supplier 031,Germany,EMEA,PLT-05,Monterrey Plant,Mexico,LATAM,SMB,Japan,1,10140.9,1,10140.9,1,10140.9,0,0.0,0,0.0,100.0,100.0
2026-03-01,SUP-031,Supplier 031,Germany,EMEA,PLT-08,Taipei Micro,Taiwan,APAC,SMB,UK,1,23510.25,1,23510.25,1,23510.25,1,23510.25,0,0.0,100.0,100.0
2026-03-01,SUP-031,Supplier 031,Germany,EMEA,PLT-01,Munich Center,Germany,EMEA,Enterprise,UK,1,438.48,1,438.48,0,0.0,1,438.48,0,0.0,100.0,100.0
2026-03-01,SUP-031,Supplier 031,Germany,EMEA,PLT-06,Sao Paulo Ops,Brazil,LATAM,Enterprise,Germany,1,307.5,1,307.5,1,307.5,0,0.0,0,0.0,100.0,100.0
2026-03-01,SUP-031,Supplier 031,Germany,EMEA,PLT-00,Shanghai Hub,China,APAC,Enterprise,USA,1,33007.92,1,33007.92,1,33007.92,1,33007.92,0,0.0,100.0,100.0
2026-03-01,SUP-032,Supplier 032,USA,NA,PLT-06,Sao Paulo Ops,Brazil,LATAM,Enterprise,Japan,1,12928.5,1,12928.5,1,12928.5,1,12928.5,0,0.0,100.0,100.0
2026-03-01,SUP-032,Supplier 032,USA,NA,PLT-04,Chennai Forge,India,APAC,Enterprise,France,1,1579.18,1,1579.18,1,1579.18,0,0.0,0,0.0,100.0,100.0
2026-03-01,SUP-032,Supplier 032,USA,NA,PLT-01,Munich Center,Germany,EMEA,SMB,USA,1,801.26,1,801.26,1,801.26,0,0.0,0,0.0,100.0,100.0
2026-03-01,SUP-032,Supplier 032,USA,NA,PLT-04,Chennai Forge,India,APAC,Enterprise,Japan,1,6728.4,0,0.0,0,0.0,0,0.0,0,0.0,0.0,0.0
2026-03-01,SUP-032,Supplier 032,USA,NA,PLT-07,Seoul Tech,South Korea,APAC,Government,Canada,1,72502.24,1,72502.24,1,72502.24,0,0.0,0,0.0,100.0,100.0
2026-03-01,SUP-032,Supplier 032,USA,NA,PLT-05,Monterrey Plant,Mexico,LATAM,Enterprise,Japan,1,42577.08,1,42577.08,1,42577.08,0,0.0,0,0.0,100.0,100.0
2026-03-01,SUP-032,Supplier 032,USA,NA,PLT-06,Sao Paulo Ops,Brazil,LATAM,Enterprise,Canada,1,11829.48,0,0.0,0,0.0,0,0.0,0,0.0,0.0,0.0
2026-03-01,SUP-033,Supplier 033,Japan,APAC,PLT-04,Chennai Forge,India,APAC,Government,UK,1,61897.68,1,61897.68,0,0.0,0,0.0,1,61897.68,100.0,100.0
2026-03-01,SUP-033,Supplier 033,Japan,APAC,PLT-05,Monterrey Plant,Mexico,LATAM,Enterprise,Canada,2,45139.07,2,45139.07,2,45139.07,0,0.0,0,0.0,100.0,100.0
2026-03-01,SUP-033,Supplier 033,Japan,APAC,PLT-08,Taipei Micro,Taiwan,APAC,SMB,Germany,1,1313.64,1,1313.64,1,1313.64,1,1313.64,0,0.0,100.0,100.0
2026-03-01,SUP-033,Supplier 033,Japan,APAC,PLT-04,Chennai Forge,India,APAC,SMB,UK,1,51161.88,0,0.0,0,0.0,0,0.0,0,0.0,0.0,0.0
2026-03-01,SUP-033,Supplier 033,Japan,APAC,PLT-02,Detroit Works,USA,NA,Government,USA,1,1571.68,1,1571.68,0,0.0,0,0.0,1,1571.68,100.0,100.0
2026-03-01,SUP-033,Supplier 033,Japan,APAC,PLT-01,Munich Center,Germany,EMEA,Enterprise,Japan,1,20152.66,1,20152.66,1,20152.66,0,0.0,0,0.0,100.0,100.0
2026-03-01,SUP-033,Supplier 033,Japan,APAC,PLT-05,Monterrey Plant,Mexico,LATAM,Government,Germany,1,40630.15,0,0.0,0,0.0,0,0.0,0,0.0,0.0,0.0
2026-03-01,SUP-033,Supplier 033,Japan,APAC,PLT-06,Sao Paulo Ops,Brazil,LATAM,SMB,France,1,14266.25,1,14266.25,1,14266.25,1,14266.25,0,0.0,100.0,100.0
2026-03-01,SUP-033,Supplier 033,Japan,APAC,PLT-03,Tokyo Precision,Japan,APAC,Enterprise,Australia,1,27039.0,0,0.0,0,0.0,0,0.0,0,0.0,0.0,0.0
2026-03-01,SUP-033,Supplier 033,Japan,APAC,PLT-04,Chennai Forge,India,APAC,SMB,Germany,1,6327.3,0,0.0,0,0.0,0,0.0,0,0.0,0.0,0.0
2026-03-01,SUP-033,Supplier 033,Japan,APAC,PLT-03,Tokyo Precision,Japan,APAC,Enterprise,Canada,1,22973.28,1,22973.28,1,22973.28,0,0.0,0,0.0,100.0,100.0
2026-03-01,SUP-033,Supplier 033,Japan,APAC,PLT-01,Munich Center,Germany,EMEA,Government,France,1,6049.69,0,0.0,0,0.0,0,0.0,0,0.0,0.0,0.0
2026-03-01,SUP-034,Supplier 034,India,APAC,PLT-00,Shanghai Hub,China,APAC,Government,UK,1,10686.88,1,10686.88,1,10686.88,0,0.0,0,0.0,100.0,100.0
2026-03-01,SUP-034,Supplier 034,India,APAC,PLT-08,Taipei Micro,Taiwan,APAC,SMB,Canada,1,472.56,1,472.56,1,472.56,0,0.0,0,0.0,100.0,100.0
2026-03-01,SUP-034,Supplier 034,India,APAC,PLT-00,Shanghai Hub,China,APAC,SMB,Japan,1,2553.0,1,2553.0,1,2553.0,0,0.0,0,0.0,100.0,100.0
2026-03-01,SUP-034,Supplier 034,India,APAC,PLT-02,Detroit Works,USA,NA,Enterprise,USA,1,43709.56,1,43709.56,1,43709.56,0,0.0,0,0.0,100.0,100.0
2026-03-01,SUP-034,Supplier 034,India,APAC,PLT-06,Sao Paulo Ops,Brazil,LATAM,SMB,Canada,1,1694.48,1,1694.48,1,1694.48,0,0.0,0,0.0,100.0,100.0
2026-03-01,SUP-034,Supplier 034,India,APAC,PLT-01,Munich Center,Germany,EMEA,Government,UK,1,14917.44,1,14917.44,0,0.0,0,0.0,1,14917.44,100.0,100.0
2026-03-01,SUP-034,Supplier 034,India,APAC,PLT-05,Monterrey Plant,Mexico,LATAM,SMB,Australia,1,21406.12,1,21406.12,1,21406.12,1,21406.12,0,0.0,100.0,100.0
2026-03-01,SUP-034,Supplier 034,India,APAC,PLT-04,Chennai Forge,India,APAC,SMB,Japan,1,4221.72,0,0.0,0,0.0,0,0.0,0,0.0,0.0,0.0
2026-03-01,SUP-035,Supplier 035,Mexico,LATAM,PLT-01,Munich Center,Germany,EMEA,Government,USA,1,66692.97,1,66692.97,1,66692.97,1,66692.97,0,0.0,100.0,100.0
2026-03-01,SUP-035,Supplier 035,Mexico,LATAM,PLT-01,Munich Center,Germany,EMEA,SMB,UK,1,7135.44,0,0.0,0,0.0,0,0.0,0,0.0,0.0,0.0
2026-03-01,SUP-035,Supplier 035,Mexico,LATAM,PLT-06,Sao Paulo Ops,Brazil,LATAM,SMB,Japan,1,3883.68,1,3883.68,1,3883.68,0,0.0,0,0.0,100.0,100.0
2026-03-01,SUP-035,Supplier 035,Mexico,LATAM,PLT-08,Taipei Micro,Taiwan,APAC,SMB,Canada,2,1693.91,2,1693.91,2,1693.91,0,0.0,0,0.0,100.0,100.0
2026-03-01,SUP-035,Supplier 035,Mexico,LATAM,PLT-05,Monterrey Plant,Mexico,LATAM,SMB,Australia,1,1959.66,0,0.0,0,0.0,0,0.0,0,0.0,0.0,0.0
2026-03-01,SUP-035,Supplier 035,Mexico,LATAM,PLT-03,Tokyo Precision,Japan,APAC,SMB,USA,1,15147.34,1,15147.34,0,0.0,0,0.0,1,15147.34,100.0,100.0
2026-03-01,SUP-035,Supplier 035,Mexico,LATAM,PLT-06,Sao Paulo Ops,Brazil,LATAM,SMB,Singapore,1,22503.36,1,22503.36,1,22503.36,0,0.0,0,0.0,100.0,100.0
2026-03-01,SUP-035,Supplier 035,Mexico,LATAM,PLT-03,Tokyo Precision,Japan,APAC,Government,USA,1,11216.6,1,11216.6,1,11216.6,0,0.0,0,0.0,100.0,100.0
2026-03-01,SUP-035,Supplier 035,Mexico,LATAM,PLT-00,Shanghai Hub,China,APAC,SMB,Japan,1,5362.0,1,5362.0,1,5362.0,0,0.0,0,0.0,100.0,100.0
2026-03-01,SUP-035,Supplier 035,Mexico,LATAM,PLT-00,Shanghai Hub,China,APAC,SMB,Singapore,1,16944.24,1,16944.24,1,16944.24,0,0.0,0,0.0,100.0,100.0
2026-03-01,SUP-035,Supplier 035,Mexico,LATAM,PLT-07,Seoul Tech,South Korea,APAC,SMB,Singapore,1,27488.82,1,27488.82,1,27488.82,0,0.0,0,0.0,100.0,100.0
2026-03-01,SUP-035,Supplier 035,Mexico,LATAM,PLT-06,Sao Paulo Ops,Brazil,LATAM,SMB,Canada,1,433.29,1,433.29,0,0.0,0,0.0,1,433.29,100.0,100.0
2026-03-01,SUP-036,Supplier 036,Brazil,LATAM,PLT-02,Detroit Works,USA,NA,SMB,UK,1,10915.02,1,10915.02,1,10915.02,0,0.0,0,0.0,100.0,100.0
2026-03-01,SUP-036,Supplier 036,Brazil,LATAM,PLT-02,Detroit Works,USA,NA,Government,Germany,1,2796.2,1,2796.2,1,2796.2,0,0.0,0,0.0,100.0,100.0
2026-03-01,SUP-036,Supplier 036,Brazil,LATAM,PLT-03,Tokyo Precision,Japan,APAC,SMB,Singapore,1,6353.64,1,6353.64,1,6353.64,1,6353.64,0,0.0,100.0,100.0
2026-03-01,SUP-036,Supplier 036,Brazil,LATAM,PLT-04,Chennai Forge,India,APAC,Government,Germany,1,2652.48,1,2652.48,1,2652.48,0,0.0,0,0.0,100.0,100.0
2026-03-01,SUP-036,Supplier 036,Brazil,LATAM,PLT-00,Shanghai Hub,China,APAC,Enterprise,USA,2,25088.18,2,25088.18,2,25088.18,0,0.0,0,0.0,100.0,100.0
2026-03-01,SUP-036,Supplier 036,Brazil,LATAM,PLT-07,Seoul Tech,South Korea,APAC,SMB,Singapore,1,11460.38,1,11460.38,0,0.0,1,11460.38,0,0.0,100.0,100.0
2026-03-01,SUP-036,Supplier 036,Brazil,LATAM,PLT-02,Detroit Works,USA,NA,Enterprise,Germany,1,9934.0,1,9934.0,1,9934.0,0,0.0,0,0.0,100.0,100.0
2026-03-01,SUP-036,Supplier 036,Brazil,LATAM,PLT-08,Taipei Micro,Taiwan,APAC,Government,Singapore,1,5844.23,1,5844.23,0,0.0,1,5844.23,0,0.0,100.0,100.0
2026-03-01,SUP-037,Supplier 037,South Korea,APAC,PLT-04,Chennai Forge,India,APAC,Government,Singapore,1,18600.85,1,18600.85,1,18600.85,0,0.0,0,0.0,100.0,100.0
2026-03-01,SUP-037,Supplier 037,South Korea,APAC,PLT-04,Chennai Forge,India,APAC,Government,USA,1,17022.42,1,17022.42,1,17022.42,1,17022.42,0,0.0,100.0,100.0
2026-03-01,SUP-037,Supplier 037,South Korea,APAC,PLT-00,Shanghai Hub,China,APAC,SMB,Australia,1,37040.96,1,37040.96,1,37040.96,1,37040.96,0,0.0,100.0,100.0
2026-03-01,SUP-037,Supplier 037,South Korea,APAC,PLT-01,Munich Center,Germany,EMEA,SMB,Canada,1,63079.15,1,63079.15,1,63079.15,0,0.0,0,0.0,100.0,100.0
2026-03-01,SUP-038,Supplier 038,Taiwan,APAC,PLT-02,Detroit Works,USA,NA,SMB,France,1,41820.0,0,0.0,0,0.0,0,0.0,0,0.0,0.0,0.0
2026-03-01,SUP-038,Supplier 038,Taiwan,APAC,PLT-08,Taipei Micro,Taiwan,APAC,SMB,Singapore,1,72818.17,1,72818.17,1,72818.17,0,0.0,0,0.0,100.0,100.0
2026-03-01,SUP-038,Supplier 038,Taiwan,APAC,PLT-09,Hanoi Assembly,Vietnam,APAC,SMB,Singapore,1,14773.94,1,14773.94,1,14773.94,0,0.0,0,0.0,100.0,100.0
2026-03-01,SUP-038,Supplier 038,Taiwan,APAC,PLT-02,Detroit Works,USA,NA,SMB,Canada,1,3109.47,1,3109.47,0,0.0,1,3109.47,0,0.0,100.0,100.0
2026-03-01,SUP-038,Supplier 038,Taiwan,APAC,PLT-06,Sao Paulo Ops,Brazil,LATAM,SMB,Australia,1,73359.57,0,0.0,0,0.0,0,0.0,0,0.0,0.0,0.0
2026-03-01,SUP-038,Supplier 038,Taiwan,APAC,PLT-07,Seoul Tech,South Korea,APAC,SMB,Australia,1,731.25,1,731.25,1,731.25,0,0.0,0,0.0,100.0,100.0
2026-03-01,SUP-038,Supplier 038,Taiwan,APAC,PLT-02,Detroit Works,USA,NA,SMB,Germany,1,73418.58,1,73418.58,0,0.0,1,73418.58,0,0.0,100.0,100.0
2026-03-01,SUP-038,Supplier 038,Taiwan,APAC,PLT-09,Hanoi Assembly,Vietnam,APAC,SMB,UK,1,15157.35,1,15157.35,1,15157.35,1,15157.35,0,0.0,100.0,100.0
2026-03-01,SUP-039,Supplier 039,Vietnam,APAC,PLT-01,Munich Center,Germany,EMEA,Enterprise,Canada,1,40660.0,1,40660.0,0,0.0,1,40660.0,0,0.0,100.0,100.0
2026-03-01,SUP-039,Supplier 039,Vietnam,APAC,PLT-06,Sao Paulo Ops,Brazil,LATAM,SMB,Japan,1,2139.92,1,2139.92,1,2139.92,0,0.0,0,0.0,100.0,100.0
2026-03-01,SUP-039,Supplier 039,Vietnam,APAC,PLT-09,Hanoi Assembly,Vietnam,APAC,SMB,France,1,11915.1,1,11915.1,1,11915.1,0,0.0,0,0.0,100.0,100.0
2026-03-01,SUP-039,Supplier 039,Vietnam,APAC,PLT-06,Sao Paulo Ops,Brazil,LATAM,SMB,France,1,1024.48,1,1024.48,1,1024.48,1,1024.48,0,0.0,100.0,100.0
2026-03-01,SUP-040,Supplier 040,China,APAC,PLT-00,Shanghai Hub,China,APAC,SMB,Japan,1,1969.15,1,1969.15,1,1969.15,0,0.0,0,0.0,100.0,100.0
2026-03-01,SUP-040,Supplier 040,China,APAC,PLT-03,Tokyo Precision,Japan,APAC,Government,Australia,1,5253.88,1,5253.88,1,5253.88,0,0.0,0,0.0,100.0,100.0
2026-03-01,SUP-040,Supplier 040,China,APAC,PLT-04,Chennai Forge,India,APAC,SMB,Australia,1,13950.45,1,13950.45,1,13950.45,0,0.0,0,0.0,100.0,100.0
2026-03-01,SUP-041,Supplier 041,Germany,EMEA,PLT-00,Shanghai Hub,China,APAC,SMB,France,1,44317.55,1,44317.55,1,44317.55,0,0.0,0,0.0,100.0,100.0
2026-03-01,SUP-041,Supplier 041,Germany,EMEA,PLT-05,Monterrey Plant,Mexico,LATAM,Government,USA,1,21260.16,1,21260.16,1,21260.16,0,0.0,0,0.0,100.0,100.0
2026-03-01,SUP-041,Supplier 041,Germany,EMEA,PLT-00,Shanghai Hub,China,APAC,Government,Japan,1,393.42,1,393.42,0,0.0,1,393.42,0,0.0,100.0,100.0
2026-03-01,SUP-041,Supplier 041,Germany,EMEA,PLT-00,Shanghai Hub,China,APAC,SMB,Australia,1,985.02,1,985.02,1,985.02,0,0.0,0,0.0,100.0,100.0
2026-03-01,SUP-041,Supplier 041,Germany,EMEA,PLT-09,Hanoi Assembly,Vietnam,APAC,Enterprise,USA,1,454.44,0,0.0,0,0.0,0,0.0,0,0.0,0.0,0.0
2026-03-01,SUP-041,Supplier 041,Germany,EMEA,PLT-02,Detroit Works,USA,NA,SMB,Singapore,1,8907.08,1,8907.08,0,0.0,1,8907.08,0,0.0,100.0,100.0
2026-03-01,SUP-041,Supplier 041,Germany,EMEA,PLT-02,Detroit Works,USA,NA,SMB,Australia,1,6480.88,0,0.0,0,0.0,0,0.0,0,0.0,0.0,0.0
2026-03-01,SUP-042,Supplier 042,USA,NA,PLT-04,Chennai Forge,India,APAC,Government,Germany,1,29552.32,1,29552.32,1,29552.32,1,29552.32,0,0.0,100.0,100.0
2026-03-01,SUP-042,Supplier 042,USA,NA,PLT-06,Sao Paulo Ops,Brazil,LATAM,SMB,Canada,1,8109.99,1,8109.99,1,8109.99,0,0.0,0,0.0,100.0,100.0
2026-03-01,SUP-042,Supplier 042,USA,NA,PLT-02,Detroit Works,USA,NA,Enterprise,Canada,1,4793.04,0,0.0,0,0.0,0,0.0,0,0.0,0.0,0.0
2026-03-01,SUP-042,Supplier 042,USA,NA,PLT-05,Monterrey Plant,Mexico,LATAM,Enterprise,UK,1,26456.85,0,0.0,0,0.0,0,0.0,0,0.0,0.0,0.0
2026-03-01,SUP-042,Supplier 042,USA,NA,PLT-04,Chennai Forge,India,APAC,SMB,Australia,1,36518.72,1,36518.72,1,36518.72,0,0.0,0,0.0,100.0,100.0
2026-03-01,SUP-042,Supplier 042,USA,NA,PLT-05,Monterrey Plant,Mexico,LATAM,SMB,USA,1,53941.44,1,53941.44,1,53941.44,1,53941.44,0,0.0,100.0,100.0
2026-03-01,SUP-043,Supplier 043,Japan,APAC,PLT-03,Tokyo Precision,Japan,APAC,Government,Australia,1,8850.87,1,8850.87,1,8850.87,1,8850.87,0,0.0,100.0,100.0
2026-03-01,SUP-043,Supplier 043,Japan,APAC,PLT-06,Sao Paulo Ops,Brazil,LATAM,Government,USA,1,13393.71,0,0.0,0,0.0,0,0.0,0,0.0,0.0,0.0
2026-03-01,SUP-043,Supplier 043,Japan,APAC,PLT-01,Munich Center,Germany,EMEA,Enterprise,Canada,1,18731.85,1,18731.85,1,18731.85,0,0.0,0,0.0,100.0,100.0
2026-03-01,SUP-043,Supplier 043,Japan,APAC,PLT-07,Seoul Tech,South Korea,APAC,Government,Canada,1,1623.12,1,1623.12,1,1623.12,0,0.0,0,0.0,100.0,100.0
2026-03-01,SUP-043,Supplier 043,Japan,APAC,PLT-04,Chennai Forge,India,APAC,Government,Australia,1,66502.64,1,66502.64,1,66502.64,0,0.0,0,0.0,100.0,100.0
2026-03-01,SUP-043,Supplier 043,Japan,APAC,PLT-08,Taipei Micro,Taiwan,APAC,Government,Germany,1,16182.24,1,16182.24,1,16182.24,1,16182.24,0,0.0,100.0,100.0
2026-03-01,SUP-043,Supplier 043,Japan,APAC,PLT-00,Shanghai Hub,China,APAC,SMB,Australia,1,2069.48,1,2069.48,1,2069.48,0,0.0,0,0.0,100.0,100.0
2026-03-01,SUP-043,Supplier 043,Japan,APAC,PLT-03,Tokyo Precision,Japan,APAC,SMB,Japan,1,738.99,1,738.99,1,738.99,0,0.0,0,0.0,100.0,100.0
2026-03-01,SUP-043,Supplier 043,Japan,APAC,PLT-00,Shanghai Hub,China,APAC,SMB,Canada,1,48555.36,0,0.0,0,0.0,0,0.0,0,0.0,0.0,0.0
2026-03-01,SUP-043,Supplier 043,Japan,APAC,PLT-03,Tokyo Precision,Japan,APAC,Enterprise,Canada,1,497.65,0,0.0,0,0.0,0,0.0,0,0.0,0.0,0.0
2026-03-01,SUP-043,Supplier 043,Japan,APAC,PLT-06,Sao Paulo Ops,Brazil,LATAM,Enterprise,France,1,57055.33,1,57055.33,1,57055.33,1,57055.33,0,0.0,100.0,100.0
2026-03-01,SUP-043,Supplier 043,Japan,APAC,PLT-02,Detroit Works,USA,NA,Enterprise,USA,1,15091.29,0,0.0,0,0.0,0,0.0,0,0.0,0.0,0.0
2026-03-01,SUP-044,Supplier 044,India,APAC,PLT-06,Sao Paulo Ops,Brazil,LATAM,SMB,Singapore,1,3386.7,1,3386.7,1,3386.7,0,0.0,0,0.0,100.0,100.0
2026-03-01,SUP-044,Supplier 044,India,APAC,PLT-09,Hanoi Assembly,Vietnam,APAC,Enterprise,Germany,1,2472.71,1,2472.71,1,2472.71,0,0.0,0,0.0,100.0,100.0
2026-03-01,SUP-044,Supplier 044,India,APAC,PLT-02,Detroit Works,USA,NA,SMB,Japan,1,12344.8,1,12344.8,1,12344.8,0,0.0,0,0.0,100.0,100.0
2026-03-01,SUP-044,Supplier 044,India,APAC,PLT-03,Tokyo Precision,Japan,APAC,Government,France,1,23036.4,1,23036.4,1,23036.4,0,0.0,0,0.0,100.0,100.0
2026-03-01,SUP-044,Supplier 044,India,APAC,PLT-01,Munich Center,Germany,EMEA,SMB,Australia,1,15802.8,1,15802.8,0,0.0,0,0.0,1,15802.8,100.0,100.0
2026-03-01,SUP-044,Supplier 044,India,APAC,PLT-02,Detroit Works,USA,NA,SMB,Singapore,1,33710.04,0,0.0,0,0.0,0,0.0,0,0.0,0.0,0.0
2026-03-01,SUP-045,Supplier 045,Mexico,LATAM,PLT-00,Shanghai Hub,China,APAC,Government,Germany,1,840.84,1,840.84,1,840.84,0,0.0,0,0.0,100.0,100.0
2026-03-01,SUP-045,Supplier 045,Mexico,LATAM,PLT-08,Taipei Micro,Taiwan,APAC,SMB,Canada,1,54338.58,1,54338.58,1,54338.58,0,0.0,0,0.0,100.0,100.0
2026-03-01,SUP-045,Supplier 045,Mexico,LATAM,PLT-07,Seoul Tech,South Korea,APAC,Government,France,1,818.82,1,818.82,1,818.82,0,0.0,0,0.0,100.0,100.0
2026-03-01,SUP-045,Supplier 045,Mexico,LATAM,PLT-00,Shanghai Hub,China,APAC,Government,France,1,1945.24,1,1945.24,1,1945.24,0,0.0,0,0.0,100.0,100.0
2026-03-01,SUP-045,Supplier 045,Mexico,LATAM,PLT-02,Detroit Works,USA,NA,Government,Canada,1,10960.95,1,10960.95,1,10960.95,0,0.0,0,0.0,100.0,100.0
2026-03-01,SUP-045,Supplier 045,Mexico,LATAM,PLT-01,Munich Center,Germany,EMEA,Enterprise,Canada,1,3101.56,0,0.0,0,0.0,0,0.0,0,0.0,0.0,0.0
2026-03-01,SUP-045,Supplier 045,Mexico,LATAM,PLT-04,Chennai Forge,India,APAC,SMB,Germany,1,2908.02,1,2908.02,1,2908.02,0,0.0,0,0.0,100.0,100.0
2026-03-01,SUP-045,Supplier 045,Mexico,LATAM,PLT-08,Taipei Micro,Taiwan,APAC,SMB,France,1,13187.54,1,13187.54,1,13187.54,0,0.0,0,0.0,100.0,100.0
2026-03-01,SUP-045,Supplier 045,Mexico,LATAM,PLT-04,Chennai Forge,India,APAC,SMB,UK,1,7220.2,1,7220.2,1,7220.2,0,0.0,0,0.0,100.0,100.0
2026-03-01,SUP-045,Supplier 045,Mexico,LATAM,PLT-03,Tokyo Precision,Japan,APAC,SMB,France,1,2456.32,1,2456.32,1,2456.32,0,0.0,0,0.0,100.0,100.0
2026-03-01,SUP-045,Supplier 045,Mexico,LATAM,PLT-06,Sao Paulo Ops,Brazil,LATAM,SMB,Singapore,1,1853.94,1,1853.94,0,0.0,0,0.0,1,1853.94,100.0,100.0
2026-03-01,SUP-045,Supplier 045,Mexico,LATAM,PLT-06,Sao Paulo Ops,Brazil,LATAM,Enterprise,Germany,1,13460.94,1,13460.94,0,0.0,0,0.0,1,13460.94,100.0,100.0
2026-03-01,SUP-045,Supplier 045,Mexico,LATAM,PLT-02,Detroit Works,USA,NA,SMB,UK,1,8467.2,1,8467.2,0,0.0,1,8467.2,0,0.0,100.0,100.0
2026-03-01,SUP-046,Supplier 046,Brazil,LATAM,PLT-00,Shanghai Hub,China,APAC,Enterprise,Canada,1,20091.36,1,20091.36,0,0.0,1,20091.36,0,0.0,100.0,100.0
2026-03-01,SUP-046,Supplier 046,Brazil,LATAM,PLT-04,Chennai Forge,India,APAC,SMB,Singapore,1,11792.55,0,0.0,0,0.0,0,0.0,0,0.0,0.0,0.0
2026-03-01,SUP-046,Supplier 046,Brazil,LATAM,PLT-01,Munich Center,Germany,EMEA,SMB,Japan,1,7163.31,0,0.0,0,0.0,0,0.0,0,0.0,0.0,0.0
2026-03-01,SUP-046,Supplier 046,Brazil,LATAM,PLT-05,Monterrey Plant,Mexico,LATAM,Enterprise,Japan,1,13409.5,1,13409.5,1,13409.5,0,0.0,0,0.0,100.0,100.0
2026-03-01,SUP-046,Supplier 046,Brazil,LATAM,PLT-05,Monterrey Plant,Mexico,LATAM,Government,Japan,1,4075.5,1,4075.5,1,4075.5,0,0.0,0,0.0,100.0,100.0
2026-03-01,SUP-046,Supplier 046,Brazil,LATAM,PLT-06,Sao Paulo Ops,Brazil,LATAM,Government,Japan,1,5690.28,1,5690.28,1,5690.28,0,0.0,0,0.0,100.0,100.0
2026-03-01,SUP-046,Supplier 046,Brazil,LATAM,PLT-09,Hanoi Assembly,Vietnam,APAC,SMB,Japan,1,70608.56,1,70608.56,0,0.0,0,0.0,1,70608.56,100.0,100.0
2026-03-01,SUP-046,Supplier 046,Brazil,LATAM,PLT-04,Chennai Forge,India,APAC,Enterprise,Canada,1,4856.9,1,4856.9,1,4856.9,0,0.0,0,0.0,100.0,100.0
2026-03-01,SUP-046,Supplier 046,Brazil,LATAM,PLT-07,Seoul Tech,South Korea,APAC,Government,Japan,1,52399.75,1,52399.75,1,52399.75,0,0.0,0,0.0,100.0,100.0
2026-03-01,SUP-046,Supplier 046,Brazil,LATAM,PLT-01,Munich Center,Germany,EMEA,SMB,Canada,1,50632.65,1,50632.65,1,50632.65,0,0.0,0,0.0,100.0,100.0
2026-03-01,SUP-047,Supplier 047,South Korea,APAC,PLT-09,Hanoi Assembly,Vietnam,APAC,Government,USA,2,106978.22,2,106978.22,2,106978.22,0,0.0,0,0.0,100.0,100.0
2026-03-01,SUP-047,Supplier 047,South Korea,APAC,PLT-03,Tokyo Precision,Japan,APAC,SMB,Australia,1,49.28,1,49.28,1,49.28,0,0.0,0,0.0,100.0,100.0
2026-03-01,SUP-047,Supplier 047,South Korea,APAC,PLT-06,Sao Paulo Ops,Brazil,LATAM,SMB,USA,1,8206.0,1,8206.0,1,8206.0,0,0.0,0,0.0,100.0,100.0
2026-03-01,SUP-047,Supplier 047,South Korea,APAC,PLT-07,Seoul Tech,South Korea,APAC,SMB,France,1,12906.3,1,12906.3,0,0.0,0,0.0,1,12906.3,100.0,100.0
2026-03-01,SUP-047,Supplier 047,South Korea,APAC,PLT-05,Monterrey Plant,Mexico,LATAM,Government,UK,1,1256.55,1,1256.55,1,1256.55,0,0.0,0,0.0,100.0,100.0
2026-03-01,SUP-047,Supplier 047,South Korea,APAC,PLT-02,Detroit Works,USA,NA,SMB,Australia,1,44612.0,0,0.0,0,0.0,0,0.0,0,0.0,0.0,0.0
2026-03-01,SUP-047,Supplier 047,South Korea,APAC,PLT-03,Tokyo Precision,Japan,APAC,SMB,France,1,38461.44,1,38461.44,1,38461.44,1,38461.44,0,0.0,100.0,100.0
2026-03-01,SUP-047,Supplier 047,South Korea,APAC,PLT-03,Tokyo Precision,Japan,APAC,SMB,Germany,1,12270.96,1,12270.96,1,12270.96,0,0.0,0,0.0,100.0,100.0
2026-03-01,SUP-048,Supplier 048,Taiwan,APAC,PLT-08,Taipei Micro,Taiwan,APAC,Government,USA,1,6573.0,0,0.0,0,0.0,0,0.0,0,0.0,0.0,0.0
2026-03-01,SUP-048,Supplier 048,Taiwan,APAC,PLT-01,Munich Center,Germany,EMEA,Enterprise,UK,1,37448.28,1,37448.28,0,0.0,0,0.0,1,37448.28,100.0,100.0
2026-03-01,SUP-048,Supplier 048,Taiwan,APAC,PLT-02,Detroit Works,USA,NA,SMB,USA,1,18414.72,1,18414.72,1,18414.72,0,0.0,0,0.0,100.0,100.0
2026-03-01,SUP-048,Supplier 048,Taiwan,APAC,PLT-06,Sao Paulo Ops,Brazil,LATAM,Enterprise,Canada,1,6236.1,0,0.0,0,0.0,0,0.0,0,0.0,0.0,0.0
2026-03-01,SUP-048,Supplier 048,Taiwan,APAC,PLT-06,Sao Paulo Ops,Brazil,LATAM,Enterprise,Japan,1,5053.2,1,5053.2,1,5053.2,0,0.0,0,0.0,100.0,100.0
2026-03-01,SUP-048,Supplier 048,Taiwan,APAC,PLT-03,Tokyo Precision,Japan,APAC,SMB,Singapore,1,30810.78,1,30810.78,1,30810.78,1,30810.78,0,0.0,100.0,100.0
2026-03-01,SUP-048,Supplier 048,Taiwan,APAC,PLT-05,Monterrey Plant,Mexico,LATAM,Enterprise,France,1,65998.2,1,65998.2,1,65998.2,0,0.0,0,0.0,100.0,100.0
2026-03-01,SUP-048,Supplier 048,Taiwan,APAC,PLT-09,Hanoi Assembly,Vietnam,APAC,SMB,USA,1,11840.23,1,11840.23,1,11840.23,0,0.0,0,0.0,100.0,100.0
2026-03-01,SUP-048,Supplier 048,Taiwan,APAC,PLT-03,Tokyo Precision,Japan,APAC,Government,France,1,15133.5,1,15133.5,1,15133.5,0,0.0,0,0.0,100.0,100.0
2026-03-01,SUP-048,Supplier 048,Taiwan,APAC,PLT-00,Shanghai Hub,China,APAC,Enterprise,Japan,1,45868.5,1,45868.5,1,45868.5,0,0.0,0,0.0,100.0,100.0
2026-03-01,SUP-049,Supplier 049,Vietnam,APAC,PLT-08,Taipei Micro,Taiwan,APAC,Enterprise,Japan,1,81485.25,1,81485.25,1,81485.25,0,0.0,0,0.0,100.0,100.0
2026-03-01,SUP-049,Supplier 049,Vietnam,APAC,PLT-07,Seoul Tech,South Korea,APAC,SMB,USA,1,39405.24,0,0.0,0,0.0,0,0.0,0,0.0,0.0,0.0
2026-03-01,SUP-049,Supplier 049,Vietnam,APAC,PLT-02,Detroit Works,USA,NA,SMB,Japan,1,24632.15,1,24632.15,1,24632.15,0,0.0,0,0.0,100.0,100.0
2026-03-01,SUP-049,Supplier 049,Vietnam,APAC,PLT-08,Taipei Micro,Taiwan,APAC,SMB,UK,1,12998.88,0,0.0,0,0.0,0,0.0,0,0.0,0.0,0.0
2026-03-01,SUP-049,Supplier 049,Vietnam,APAC,PLT-09,Hanoi Assembly,Vietnam,APAC,SMB,USA,1,29827.77,1,29827.77,1,29827.77,0,0.0,0,0.0,100.0,100.0
2026-03-01,SUP-049,Supplier 049,Vietnam,APAC,PLT-06,Sao Paulo Ops,Brazil,LATAM,SMB,UK,1,30133.11,1,30133.11,1,30133.11,1,30133.11,0,0.0,100.0,100.0
2026-03-01,SUP-049,Supplier 049,Vietnam,APAC,PLT-06,Sao Paulo Ops,Brazil,LATAM,Government,USA,1,10058.57,0,0.0,0,0.0,0,0.0,0,0.0,0.0,0.0
2026-03-01,SUP-049,Supplier 049,Vietnam,APAC,PLT-02,Detroit Works,USA,NA,Government,UK,1,16391.65,0,0.0,0,0.0,0,0.0,0,0.0,0.0,0.0
2026-03-01,SUP-049,Supplier 049,Vietnam,APAC,PLT-01,Munich Center,Germany,EMEA,SMB,Canada,1,9750.65,0,0.0,0,0.0,0,0.0,0,0.0,0.0,0.0
2026-03-01,SUP-049,Supplier 049,Vietnam,APAC,PLT-07,Seoul Tech,South Korea,APAC,Government,Germany,1,34759.2,1,34759.2,0,0.0,0,0.0,1,34759.2,100.0,100.0
2026-03-01,SUP-049,Supplier 049,Vietnam,APAC,PLT-02,Detroit Works,USA,NA,SMB,Canada,1,23495.5,0,0.0,0,0.0,0,0.0,0,0.0,0.0,0.0
2026-04-01,SUP-000,Supplier 000,China,APAC,PLT-03,Tokyo Precision,Japan,APAC,SMB,UK,1,10329.69,1,10329.69,0,0.0,0,0.0,1,10329.69,100.0,100.0
2026-04-01,SUP-000,Supplier 000,China,APAC,PLT-04,Chennai Forge,India,APAC,SMB,Singapore,1,71158.56,0,0.0,0,0.0,0,0.0,0,0.0,0.0,0.0
2026-04-01,SUP-000,Supplier 000,China,APAC,PLT-00,Shanghai Hub,China,APAC,Enterprise,Australia,1,6819.0,1,6819.0,1,6819.0,0,0.0,0,0.0,100.0,100.0
2026-04-01,SUP-000,Supplier 000,China,APAC,PLT-09,Hanoi Assembly,Vietnam,APAC,Enterprise,USA,1,12582.59,1,12582.59,1,12582.59,0,0.0,0,0.0,100.0,100.0
2026-04-01,SUP-000,Supplier 000,China,APAC,PLT-04,Chennai Forge,India,APAC,SMB,Germany,1,5590.62,1,5590.62,1,5590.62,1,5590.62,0,0.0,100.0,100.0
2026-04-01,SUP-000,Supplier 000,China,APAC,PLT-05,Monterrey Plant,Mexico,LATAM,SMB,Singapore,1,3605.28,1,3605.28,1,3605.28,0,0.0,0,0.0,100.0,100.0
2026-04-01,SUP-000,Supplier 000,China,APAC,PLT-05,Monterrey Plant,Mexico,LATAM,Enterprise,USA,1,8066.52,1,8066.52,1,8066.52,0,0.0,0,0.0,100.0,100.0
2026-04-01,SUP-000,Supplier 000,China,APAC,PLT-05,Monterrey Plant,Mexico,LATAM,Enterprise,Australia,1,14466.65,1,14466.65,1,14466.65,1,14466.65,0,0.0,100.0,100.0
2026-04-01,SUP-000,Supplier 000,China,APAC,PLT-06,Sao Paulo Ops,Brazil,LATAM,Enterprise,Germany,1,23811.06,1,23811.06,0,0.0,0,0.0,1,23811.06,100.0,100.0
2026-04-01,SUP-000,Supplier 000,China,APAC,PLT-04,Chennai Forge,India,APAC,SMB,Japan,1,23748.45,1,23748.45,1,23748.45,0,0.0,0,0.0,100.0,100.0
2026-04-01,SUP-000,Supplier 000,China,APAC,PLT-05,Monterrey Plant,Mexico,LATAM,Enterprise,Germany,1,79704.3,1,79704.3,1,79704.3,0,0.0,0,0.0,100.0,100.0
2026-04-01,SUP-001,Supplier 001,Germany,EMEA,PLT-08,Taipei Micro,Taiwan,APAC,SMB,Australia,1,1989.0,1,1989.0,0,0.0,1,1989.0,0,0.0,100.0,100.0
2026-04-01,SUP-001,Supplier 001,Germany,EMEA,PLT-00,Shanghai Hub,China,APAC,Enterprise,USA,1,53944.0,1,53944.0,1,53944.0,0,0.0,0,0.0,100.0,100.0
2026-04-01,SUP-001,Supplier 001,Germany,EMEA,PLT-01,Munich Center,Germany,EMEA,SMB,UK,1,237.24,1,237.24,1,237.24,0,0.0,0,0.0,100.0,100.0
2026-04-01,SUP-001,Supplier 001,Germany,EMEA,PLT-08,Taipei Micro,Taiwan,APAC,Government,Australia,1,44376.48,0,0.0,0,0.0,0,0.0,0,0.0,0.0,0.0
2026-04-01,SUP-001,Supplier 001,Germany,EMEA,PLT-06,Sao Paulo Ops,Brazil,LATAM,Enterprise,Japan,1,12773.92,1,12773.92,1,12773.92,0,0.0,0,0.0,100.0,100.0
2026-04-01,SUP-001,Supplier 001,Germany,EMEA,PLT-05,Monterrey Plant,Mexico,LATAM,Government,USA,1,16547.4,1,16547.4,0,0.0,0,0.0,1,16547.4,100.0,100.0
2026-04-01,SUP-001,Supplier 001,Germany,EMEA,PLT-06,Sao Paulo Ops,Brazil,LATAM,Enterprise,France,1,26573.58,1,26573.58,0,0.0,0,0.0,1,26573.58,100.0,100.0
2026-04-01,SUP-001,Supplier 001,Germany,EMEA,PLT-04,Chennai Forge,India,APAC,Enterprise,Singapore,1,2699.25,1,2699.25,1,2699.25,0,0.0,0,0.0,100.0,100.0
2026-04-01,SUP-001,Supplier 001,Germany,EMEA,PLT-07,Seoul Tech,South Korea,APAC,Government,Singapore,1,49670.07,1,49670.07,1,49670.07,0,0.0,0,0.0,100.0,100.0
2026-04-01,SUP-002,Supplier 002,USA,NA,PLT-07,Seoul Tech,South Korea,APAC,Enterprise,Germany,1,46832.5,0,0.0,0,0.0,0,0.0,0,0.0,0.0,0.0
2026-04-01,SUP-002,Supplier 002,USA,NA,PLT-05,Monterrey Plant,Mexico,LATAM,SMB,UK,1,12372.0,1,12372.0,1,12372.0,0,0.0,0,0.0,100.0,100.0
2026-04-01,SUP-002,Supplier 002,USA,NA,PLT-05,Monterrey Plant,Mexico,LATAM,Enterprise,Australia,1,13063.05,1,13063.05,1,13063.05,0,0.0,0,0.0,100.0,100.0
2026-04-01,SUP-002,Supplier 002,USA,NA,PLT-02,Detroit Works,USA,NA,Enterprise,USA,1,33239.7,1,33239.7,1,33239.7,0,0.0,0,0.0,100.0,100.0
2026-04-01,SUP-002,Supplier 002,USA,NA,PLT-07,Seoul Tech,South Korea,APAC,Enterprise,UK,1,5663.85,1,5663.85,1,5663.85,1,5663.85,0,0.0,100.0,100.0
2026-04-01,SUP-002,Supplier 002,USA,NA,PLT-03,Tokyo Precision,Japan,APAC,Enterprise,Japan,1,1544.92,1,1544.92,0,0.0,0,0.0,1,1544.92,100.0,100.0
2026-04-01,SUP-003,Supplier 003,Japan,APAC,PLT-07,Seoul Tech,South Korea,APAC,SMB,Australia,1,29123.84,1,29123.84,1,29123.84,0,0.0,0,0.0,100.0,100.0
2026-04-01,SUP-003,Supplier 003,Japan,APAC,PLT-05,Monterrey Plant,Mexico,LATAM,Enterprise,Canada,1,9473.21,1,9473.21,1,9473.21,0,0.0,0,0.0,100.0,100.0
2026-04-01,SUP-003,Supplier 003,Japan,APAC,PLT-02,Detroit Works,USA,NA,Government,Germany,1,39269.82,1,39269.82,1,39269.82,0,0.0,0,0.0,100.0,100.0
2026-04-01,SUP-003,Supplier 003,Japan,APAC,PLT-04,Chennai Forge,India,APAC,SMB,Japan,1,27501.79,1,27501.79,1,27501.79,0,0.0,0,0.0,100.0,100.0
2026-04-01,SUP-003,Supplier 003,Japan,APAC,PLT-07,Seoul Tech,South Korea,APAC,SMB,Singapore,1,14688.1,1,14688.1,1,14688.1,0,0.0,0,0.0,100.0,100.0
2026-04-01,SUP-003,Supplier 003,Japan,APAC,PLT-03,Tokyo Precision,Japan,APAC,SMB,France,1,27394.62,1,27394.62,1,27394.62,0,0.0,0,0.0,100.0,100.0
2026-04-01,SUP-003,Supplier 003,Japan,APAC,PLT-08,Taipei Micro,Taiwan,APAC,SMB,UK,1,1523.08,1,1523.08,1,1523.08,0,0.0,0,0.0,100.0,100.0
2026-04-01,SUP-003,Supplier 003,Japan,APAC,PLT-07,Seoul Tech,South Korea,APAC,Enterprise,Singapore,1,2413.2,0,0.0,0,0.0,0,0.0,0,0.0,0.0,0.0
2026-04-01,SUP-003,Supplier 003,Japan,APAC,PLT-05,Monterrey Plant,Mexico,LATAM,SMB,Japan,1,35599.2,1,35599.2,1,35599.2,1,35599.2,0,0.0,100.0,100.0
2026-04-01,SUP-003,Supplier 003,Japan,APAC,PLT-06,Sao Paulo Ops,Brazil,LATAM,Enterprise,USA,1,11911.05,1,11911.05,1,11911.05,0,0.0,0,0.0,100.0,100.0
2026-04-01,SUP-004,Supplier 004,India,APAC,PLT-07,Seoul Tech,South Korea,APAC,Enterprise,France,1,23662.98,1,23662.98,1,23662.98,1,23662.98,0,0.0,100.0,100.0
2026-04-01,SUP-004,Supplier 004,India,APAC,PLT-02,Detroit Works,USA,NA,Government,Germany,1,22190.0,0,0.0,0,0.0,0,0.0,0,0.0,0.0,0.0
2026-04-01,SUP-004,Supplier 004,India,APAC,PLT-09,Hanoi Assembly,Vietnam,APAC,SMB,Australia,1,2764.32,1,2764.32,1,2764.32,0,0.0,0,0.0,100.0,100.0
2026-04-01,SUP-004,Supplier 004,India,APAC,PLT-06,Sao Paulo Ops,Brazil,LATAM,Enterprise,Japan,1,32533.75,1,32533.75,1,32533.75,0,0.0,0,0.0,100.0,100.0
2026-04-01,SUP-004,Supplier 004,India,APAC,PLT-05,Monterrey Plant,Mexico,LATAM,SMB,Canada,1,16396.65,1,16396.65,1,16396.65,1,16396.65,0,0.0,100.0,100.0
2026-04-01,SUP-005,Supplier 005,Mexico,LATAM,PLT-09,Hanoi Assembly,Vietnam,APAC,Government,Germany,1,56787.34,0,0.0,0,0.0,0,0.0,0,0.0,0.0,0.0
2026-04-01,SUP-005,Supplier 005,Mexico,LATAM,PLT-05,Monterrey Plant,Mexico,LATAM,Enterprise,Japan,1,17825.76,0,0.0,0,0.0,0,0.0,0,0.0,0.0,0.0
2026-04-01,SUP-005,Supplier 005,Mexico,LATAM,PLT-07,Seoul Tech,South Korea,APAC,Enterprise,Canada,1,3147.08,1,3147.08,1,3147.08,0,0.0,0,0.0,100.0,100.0
2026-04-01,SUP-005,Supplier 005,Mexico,LATAM,PLT-04,Chennai Forge,India,APAC,Enterprise,France,1,3172.32,1,3172.32,1,3172.32,0,0.0,0,0.0,100.0,100.0
2026-04-01,SUP-005,Supplier 005,Mexico,LATAM,PLT-09,Hanoi Assembly,Vietnam,APAC,Enterprise,Japan,1,1040.15,1,1040.15,1,1040.15,0,0.0,0,0.0,100.0,100.0
2026-04-01,SUP-005,Supplier 005,Mexico,LATAM,PLT-05,Monterrey Plant,Mexico,LATAM,SMB,Germany,1,7224.96,1,7224.96,0,0.0,0,0.0,1,7224.96,100.0,100.0
2026-04-01,SUP-005,Supplier 005,Mexico,LATAM,PLT-05,Monterrey Plant,Mexico,LATAM,SMB,France,1,10245.9,1,10245.9,0,0.0,1,10245.9,0,0.0,100.0,100.0
2026-04-01,SUP-005,Supplier 005,Mexico,LATAM,PLT-08,Taipei Micro,Taiwan,APAC,SMB,Canada,1,18918.88,1,18918.88,0,0.0,0,0.0,1,18918.88,100.0,100.0
2026-04-01,SUP-005,Supplier 005,Mexico,LATAM,PLT-03,Tokyo Precision,Japan,APAC,SMB,Canada,1,10521.72,1,10521.72,1,10521.72,0,0.0,0,0.0,100.0,100.0
2026-04-01,SUP-005,Supplier 005,Mexico,LATAM,PLT-09,Hanoi Assembly,Vietnam,APAC,SMB,USA,1,10059.72,1,10059.72,1,10059.72,0,0.0,0,0.0,100.0,100.0
2026-04-01,SUP-005,Supplier 005,Mexico,LATAM,PLT-06,Sao Paulo Ops,Brazil,LATAM,SMB,Canada,1,40189.56,1,40189.56,0,0.0,0,0.0,1,40189.56,100.0,100.0
2026-04-01,SUP-006,Supplier 006,Brazil,LATAM,PLT-05,Monterrey Plant,Mexico,LATAM,SMB,UK,1,3231.36,0,0.0,0,0.0,0,0.0,0,0.0,0.0,0.0
2026-04-01,SUP-006,Supplier 006,Brazil,LATAM,PLT-06,Sao Paulo Ops,Brazil,LATAM,Government,Germany,1,1523.88,1,1523.88,0,0.0,1,1523.88,0,0.0,100.0,100.0
2026-04-01,SUP-006,Supplier 006,Brazil,LATAM,PLT-08,Taipei Micro,Taiwan,APAC,Enterprise,Singapore,1,7887.95,1,7887.95,1,7887.95,0,0.0,0,0.0,100.0,100.0
2026-04-01,SUP-006,Supplier 006,Brazil,LATAM,PLT-04,Chennai Forge,India,APAC,Government,Australia,1,890.26,1,890.26,1,890.26,0,0.0,0,0.0,100.0,100.0
2026-04-01,SUP-006,Supplier 006,Brazil,LATAM,PLT-07,Seoul Tech,South Korea,APAC,Enterprise,UK,1,8110.8,1,8110.8,0,0.0,1,8110.8,0,0.0,100.0,100.0
2026-04-01,SUP-007,Supplier 007,South Korea,APAC,PLT-07,Seoul Tech,South Korea,APAC,SMB,Germany,1,10978.8,0,0.0,0,0.0,0,0.0,0,0.0,0.0,0.0
2026-04-01,SUP-007,Supplier 007,South Korea,APAC,PLT-09,Hanoi Assembly,Vietnam,APAC,Enterprise,USA,1,39092.55,1,39092.55,1,39092.55,0,0.0,0,0.0,100.0,100.0
2026-04-01,SUP-007,Supplier 007,South Korea,APAC,PLT-09,Hanoi Assembly,Vietnam,APAC,SMB,UK,1,33886.0,0,0.0,0,0.0,0,0.0,0,0.0,0.0,0.0
2026-04-01,SUP-007,Supplier 007,South Korea,APAC,PLT-04,Chennai Forge,India,APAC,SMB,Canada,1,69566.56,1,69566.56,1,69566.56,0,0.0,0,0.0,100.0,100.0
2026-04-01,SUP-007,Supplier 007,South Korea,APAC,PLT-03,Tokyo Precision,Japan,APAC,SMB,Australia,1,796.11,0,0.0,0,0.0,0,0.0,0,0.0,0.0,0.0
2026-04-01,SUP-007,Supplier 007,South Korea,APAC,PLT-05,Monterrey Plant,Mexico,LATAM,Enterprise,Canada,1,3175.48,1,3175.48,0,0.0,1,3175.48,0,0.0,100.0,100.0
2026-04-01,SUP-007,Supplier 007,South Korea,APAC,PLT-04,Chennai Forge,India,APAC,Government,UK,1,7617.51,1,7617.51,1,7617.51,0,0.0,0,0.0,100.0,100.0
2026-04-01,SUP-007,Supplier 007,South Korea,APAC,PLT-01,Munich Center,Germany,EMEA,SMB,Canada,1,3698.64,1,3698.64,1,3698.64,0,0.0,0,0.0,100.0,100.0
2026-04-01,SUP-007,Supplier 007,South Korea,APAC,PLT-01,Munich Center,Germany,EMEA,Enterprise,Canada,1,15885.45,1,15885.45,1,15885.45,0,0.0,0,0.0,100.0,100.0
2026-04-01,SUP-007,Supplier 007,South Korea,APAC,PLT-04,Chennai Forge,India,APAC,SMB,Australia,1,44107.84,1,44107.84,1,44107.84,0,0.0,0,0.0,100.0,100.0
2026-04-01,SUP-007,Supplier 007,South Korea,APAC,PLT-09,Hanoi Assembly,Vietnam,APAC,SMB,Canada,1,17247.52,1,17247.52,0,0.0,0,0.0,1,17247.52,100.0,100.0
2026-04-01,SUP-007,Supplier 007,South Korea,APAC,PLT-09,Hanoi Assembly,Vietnam,APAC,Government,Germany,1,6652.75,1,6652.75,0,0.0,0,0.0,1,6652.75,100.0,100.0
2026-04-01,SUP-008,Supplier 008,Taiwan,APAC,PLT-05,Monterrey Plant,Mexico,LATAM,SMB,USA,1,37979.04,0,0.0,0,0.0,0,0.0,0,0.0,0.0,0.0
2026-04-01,SUP-008,Supplier 008,Taiwan,APAC,PLT-00,Shanghai Hub,China,APAC,SMB,France,1,9509.87,1,9509.87,0,0.0,0,0.0,1,9509.87,100.0,100.0
2026-04-01,SUP-008,Supplier 008,Taiwan,APAC,PLT-00,Shanghai Hub,China,APAC,Enterprise,Japan,1,2593.2,1,2593.2,1,2593.2,0,0.0,0,0.0,100.0,100.0
2026-04-01,SUP-008,Supplier 008,Taiwan,APAC,PLT-02,Detroit Works,USA,NA,SMB,Canada,1,20424.12,1,20424.12,1,20424.12,0,0.0,0,0.0,100.0,100.0
2026-04-01,SUP-008,Supplier 008,Taiwan,APAC,PLT-02,Detroit Works,USA,NA,SMB,Australia,1,20672.95,1,20672.95,1,20672.95,1,20672.95,0,0.0,100.0,100.0
2026-04-01,SUP-008,Supplier 008,Taiwan,APAC,PLT-08,Taipei Micro,Taiwan,APAC,Enterprise,USA,1,23349.06,1,23349.06,1,23349.06,0,0.0,0,0.0,100.0,100.0
2026-04-01,SUP-009,Supplier 009,Vietnam,APAC,PLT-00,Shanghai Hub,China,APAC,SMB,Japan,2,29839.75,2,29839.75,2,29839.75,0,0.0,0,0.0,100.0,100.0
2026-04-01,SUP-009,Supplier 009,Vietnam,APAC,PLT-02,Detroit Works,USA,NA,SMB,USA,1,3722.4,1,3722.4,0,0.0,1,3722.4,0,0.0,100.0,100.0
2026-04-01,SUP-009,Supplier 009,Vietnam,APAC,PLT-09,Hanoi Assembly,Vietnam,APAC,SMB,UK,1,2624.4,0,0.0,0,0.0,0,0.0,0,0.0,0.0,0.0
2026-04-01,SUP-009,Supplier 009,Vietnam,APAC,PLT-09,Hanoi Assembly,Vietnam,APAC,SMB,Australia,1,19158.65,1,19158.65,1,19158.65,1,19158.65,0,0.0,100.0,100.0
2026-04-01,SUP-009,Supplier 009,Vietnam,APAC,PLT-09,Hanoi Assembly,Vietnam,APAC,Enterprise,Canada,1,5416.04,0,0.0,0,0.0,0,0.0,0,0.0,0.0,0.0
2026-04-01,SUP-009,Supplier 009,Vietnam,APAC,PLT-06,Sao Paulo Ops,Brazil,LATAM,SMB,Australia,1,38302.23,0,0.0,0,0.0,0,0.0,0,0.0,0.0,0.0
2026-04-01,SUP-009,Supplier 009,Vietnam,APAC,PLT-03,Tokyo Precision,Japan,APAC,SMB,Canada,1,1777.44,1,1777.44,1,1777.44,1,1777.44,0,0.0,100.0,100.0
2026-04-01,SUP-009,Supplier 009,Vietnam,APAC,PLT-05,Monterrey Plant,Mexico,LATAM,SMB,UK,1,12904.86,0,0.0,0,0.0,0,0.0,0,0.0,0.0,0.0
2026-04-01,SUP-010,Supplier 010,China,APAC,PLT-05,Monterrey Plant,Mexico,LATAM,Enterprise,Germany,1,10919.7,1,10919.7,1,10919.7,1,10919.7,0,0.0,100.0,100.0
2026-04-01,SUP-010,Supplier 010,China,APAC,PLT-02,Detroit Works,USA,NA,Enterprise,Germany,1,27482.14,1,27482.14,1,27482.14,0,0.0,0,0.0,100.0,100.0
2026-04-01,SUP-010,Supplier 010,China,APAC,PLT-03,Tokyo Precision,Japan,APAC,Enterprise,Japan,1,6481.79,1,6481.79,1,6481.79,0,0.0,0,0.0,100.0,100.0
2026-04-01,SUP-010,Supplier 010,China,APAC,PLT-09,Hanoi Assembly,Vietnam,APAC,SMB,USA,1,766.53,1,766.53,1,766.53,1,766.53,0,0.0,100.0,100.0
2026-04-01,SUP-010,Supplier 010,China,APAC,PLT-08,Taipei Micro,Taiwan,APAC,Enterprise,USA,1,21344.58,1,21344.58,1,21344.58,0,0.0,0,0.0,100.0,100.0
2026-04-01,SUP-010,Supplier 010,China,APAC,PLT-02,Detroit Works,USA,NA,SMB,France,1,2144.06,1,2144.06,1,2144.06,0,0.0,0,0.0,100.0,100.0
2026-04-01,SUP-010,Supplier 010,China,APAC,PLT-03,Tokyo Precision,Japan,APAC,SMB,Canada,1,2792.02,1,2792.02,1,2792.02,0,0.0,0,0.0,100.0,100.0
2026-04-01,SUP-010,Supplier 010,China,APAC,PLT-02,Detroit Works,USA,NA,Government,France,1,18079.68,1,18079.68,0,0.0,0,0.0,1,18079.68,100.0,100.0
2026-04-01,SUP-010,Supplier 010,China,APAC,PLT-05,Monterrey Plant,Mexico,LATAM,SMB,UK,1,27282.6,1,27282.6,1,27282.6,0,0.0,0,0.0,100.0,100.0
2026-04-01,SUP-010,Supplier 010,China,APAC,PLT-04,Chennai Forge,India,APAC,Enterprise,Germany,1,31178.7,1,31178.7,1,31178.7,1,31178.7,0,0.0,100.0,100.0
2026-04-01,SUP-010,Supplier 010,China,APAC,PLT-04,Chennai Forge,India,APAC,SMB,Canada,1,2344.3,0,0.0,0,0.0,0,0.0,0,0.0,0.0,0.0
2026-04-01,SUP-011,Supplier 011,Germany,EMEA,PLT-00,Shanghai Hub,China,APAC,Enterprise,USA,1,23229.7,1,23229.7,1,23229.7,0,0.0,0,0.0,100.0,100.0
2026-04-01,SUP-011,Supplier 011,Germany,EMEA,PLT-05,Monterrey Plant,Mexico,LATAM,Enterprise,Singapore,1,6138.65,1,6138.65,0,0.0,0,0.0,1,6138.65,100.0,100.0
2026-04-01,SUP-011,Supplier 011,Germany,EMEA,PLT-08,Taipei Micro,Taiwan,APAC,Enterprise,Germany,1,21351.25,1,21351.25,1,21351.25,0,0.0,0,0.0,100.0,100.0
2026-04-01,SUP-011,Supplier 011,Germany,EMEA,PLT-05,Monterrey Plant,Mexico,LATAM,Government,Singapore,1,7772.0,1,7772.0,1,7772.0,0,0.0,0,0.0,100.0,100.0
2026-04-01,SUP-011,Supplier 011,Germany,EMEA,PLT-00,Shanghai Hub,China,APAC,SMB,Canada,1,7417.6,1,7417.6,1,7417.6,1,7417.6,0,0.0,100.0,100.0
2026-04-01,SUP-011,Supplier 011,Germany,EMEA,PLT-04,Chennai Forge,India,APAC,Enterprise,Germany,1,1339.94,1,1339.94,1,1339.94,0,0.0,0,0.0,100.0,100.0
2026-04-01,SUP-011,Supplier 011,Germany,EMEA,PLT-05,Monterrey Plant,Mexico,LATAM,SMB,UK,1,911.79,1,911.79,1,911.79,0,0.0,0,0.0,100.0,100.0
2026-04-01,SUP-011,Supplier 011,Germany,EMEA,PLT-07,Seoul Tech,South Korea,APAC,SMB,Germany,1,27683.25,1,27683.25,1,27683.25,0,0.0,0,0.0,100.0,100.0
2026-04-01,SUP-011,Supplier 011,Germany,EMEA,PLT-01,Munich Center,Germany,EMEA,SMB,Canada,1,2076.57,1,2076.57,1,2076.57,0,0.0,0,0.0,100.0,100.0
2026-04-01,SUP-011,Supplier 011,Germany,EMEA,PLT-08,Taipei Micro,Taiwan,APAC,Government,Canada,1,7726.32,1,7726.32,1,7726.32,0,0.0,0,0.0,100.0,100.0
2026-04-01,SUP-011,Supplier 011,Germany,EMEA,PLT-08,Taipei Micro,Taiwan,APAC,SMB,UK,1,22088.0,1,22088.0,1,22088.0,0,0.0,0,0.0,100.0,100.0
2026-04-01,SUP-011,Supplier 011,Germany,EMEA,PLT-01,Munich Center,Germany,EMEA,SMB,Germany,1,15083.52,1,15083.52,0,0.0,0,0.0,1,15083.52,100.0,100.0
2026-04-01,SUP-012,Supplier 012,USA,NA,PLT-00,Shanghai Hub,China,APAC,SMB,Germany,1,51526.86,1,51526.86,1,51526.86,0,0.0,0,0.0,100.0,100.0
2026-04-01,SUP-012,Supplier 012,USA,NA,PLT-07,Seoul Tech,South Korea,APAC,SMB,UK,1,47072.8,1,47072.8,1,47072.8,1,47072.8,0,0.0,100.0,100.0
2026-04-01,SUP-012,Supplier 012,USA,NA,PLT-00,Shanghai Hub,China,APAC,Government,USA,1,14277.66,1,14277.66,1,14277.66,0,0.0,0,0.0,100.0,100.0
2026-04-01,SUP-012,Supplier 012,USA,NA,PLT-09,Hanoi Assembly,Vietnam,APAC,Enterprise,UK,1,4270.56,1,4270.56,1,4270.56,1,4270.56,0,0.0,100.0,100.0
2026-04-01,SUP-012,Supplier 012,USA,NA,PLT-00,Shanghai Hub,China,APAC,Enterprise,UK,1,849.04,1,849.04,1,849.04,0,0.0,0,0.0,100.0,100.0
2026-04-01,SUP-012,Supplier 012,USA,NA,PLT-06,Sao Paulo Ops,Brazil,LATAM,SMB,USA,1,9854.12,1,9854.12,1,9854.12,0,0.0,0,0.0,100.0,100.0
2026-04-01,SUP-012,Supplier 012,USA,NA,PLT-07,Seoul Tech,South Korea,APAC,SMB,USA,1,13591.71,0,0.0,0,0.0,0,0.0,0,0.0,0.0,0.0
2026-04-01,SUP-012,Supplier 012,USA,NA,PLT-09,Hanoi Assembly,Vietnam,APAC,Government,UK,1,37198.62,1,37198.62,1,37198.62,0,0.0,0,0.0,100.0,100.0
2026-04-01,SUP-012,Supplier 012,USA,NA,PLT-07,Seoul Tech,South Korea,APAC,SMB,France,1,4879.36,1,4879.36,0,0.0,0,0.0,1,4879.36,100.0,100.0
2026-04-01,SUP-012,Supplier 012,USA,NA,PLT-08,Taipei Micro,Taiwan,APAC,SMB,UK,1,15807.75,1,15807.75,1,15807.75,0,0.0,0,0.0,100.0,100.0
2026-04-01,SUP-012,Supplier 012,USA,NA,PLT-03,Tokyo Precision,Japan,APAC,SMB,USA,1,24612.21,1,24612.21,1,24612.21,0,0.0,0,0.0,100.0,100.0
2026-04-01,SUP-012,Supplier 012,USA,NA,PLT-04,Chennai Forge,India,APAC,SMB,Canada,1,7176.96,1,7176.96,1,7176.96,0,0.0,0,0.0,100.0,100.0
2026-04-01,SUP-013,Supplier 013,Japan,APAC,PLT-06,Sao Paulo Ops,Brazil,LATAM,Enterprise,France,1,8316.28,1,8316.28,1,8316.28,1,8316.28,0,0.0,100.0,100.0
2026-04-01,SUP-013,Supplier 013,Japan,APAC,PLT-02,Detroit Works,USA,NA,SMB,UK,1,31047.95,0,0.0,0,0.0,0,0.0,0,0.0,0.0,0.0
2026-04-01,SUP-013,Supplier 013,Japan,APAC,PLT-04,Chennai Forge,India,APAC,Enterprise,Australia,1,8608.32,1,8608.32,1,8608.32,0,0.0,0,0.0,100.0,100.0
2026-04-01,SUP-013,Supplier 013,Japan,APAC,PLT-04,Chennai Forge,India,APAC,SMB,Singapore,1,4437.85,1,4437.85,0,0.0,0,0.0,1,4437.85,100.0,100.0
2026-04-01,SUP-013,Supplier 013,Japan,APAC,PLT-09,Hanoi Assembly,Vietnam,APAC,Government,USA,1,49885.16,1,49885.16,1,49885.16,0,0.0,0,0.0,100.0,100.0
2026-04-01,SUP-014,Supplier 014,India,APAC,PLT-00,Shanghai Hub,China,APAC,SMB,Canada,1,31103.04,1,31103.04,1,31103.04,1,31103.04,0,0.0,100.0,100.0
2026-04-01,SUP-014,Supplier 014,India,APAC,PLT-00,Shanghai Hub,China,APAC,Enterprise,Japan,1,76764.3,1,76764.3,0,0.0,0,0.0,1,76764.3,100.0,100.0
2026-04-01,SUP-014,Supplier 014,India,APAC,PLT-07,Seoul Tech,South Korea,APAC,Government,USA,1,8689.59,1,8689.59,1,8689.59,0,0.0,0,0.0,100.0,100.0
2026-04-01,SUP-014,Supplier 014,India,APAC,PLT-02,Detroit Works,USA,NA,SMB,Australia,2,62685.34,0,0.0,0,0.0,0,0.0,0,0.0,0.0,0.0
2026-04-01,SUP-014,Supplier 014,India,APAC,PLT-00,Shanghai Hub,China,APAC,SMB,Germany,1,32818.5,1,32818.5,1,32818.5,0,0.0,0,0.0,100.0,100.0
2026-04-01,SUP-014,Supplier 014,India,APAC,PLT-02,Detroit Works,USA,NA,Government,Japan,1,2642.7,0,0.0,0,0.0,0,0.0,0,0.0,0.0,0.0
2026-04-01,SUP-014,Supplier 014,India,APAC,PLT-06,Sao Paulo Ops,Brazil,LATAM,SMB,Germany,1,1892.7,0,0.0,0,0.0,0,0.0,0,0.0,0.0,0.0
2026-04-01,SUP-014,Supplier 014,India,APAC,PLT-04,Chennai Forge,India,APAC,SMB,Australia,1,21797.13,1,21797.13,1,21797.13,0,0.0,0,0.0,100.0,100.0
2026-04-01,SUP-014,Supplier 014,India,APAC,PLT-06,Sao Paulo Ops,Brazil,LATAM,SMB,Japan,1,14945.76,1,14945.76,1,14945.76,0,0.0,0,0.0,100.0,100.0
2026-04-01,SUP-014,Supplier 014,India,APAC,PLT-01,Munich Center,Germany,EMEA,Enterprise,Australia,1,1787.52,1,1787.52,1,1787.52,0,0.0,0,0.0,100.0,100.0
2026-04-01,SUP-015,Supplier 015,Mexico,LATAM,PLT-02,Detroit Works,USA,NA,SMB,UK,2,37105.86,2,37105.86,2,37105.86,0,0.0,0,0.0,100.0,100.0
2026-04-01,SUP-015,Supplier 015,Mexico,LATAM,PLT-01,Munich Center,Germany,EMEA,SMB,France,1,46803.96,1,46803.96,1,46803.96,0,0.0,0,0.0,100.0,100.0
2026-04-01,SUP-015,Supplier 015,Mexico,LATAM,PLT-04,Chennai Forge,India,APAC,SMB,USA,1,35997.25,1,35997.25,1,35997.25,0,0.0,0,0.0,100.0,100.0
2026-04-01,SUP-015,Supplier 015,Mexico,LATAM,PLT-02,Detroit Works,USA,NA,SMB,USA,1,407.04,0,0.0,0,0.0,0,0.0,0,0.0,0.0,0.0
2026-04-01,SUP-015,Supplier 015,Mexico,LATAM,PLT-09,Hanoi Assembly,Vietnam,APAC,Enterprise,Australia,1,14932.8,1,14932.8,1,14932.8,0,0.0,0,0.0,100.0,100.0
2026-04-01,SUP-015,Supplier 015,Mexico,LATAM,PLT-02,Detroit Works,USA,NA,SMB,Japan,1,39802.21,0,0.0,0,0.0,0,0.0,0,0.0,0.0,0.0
2026-04-01,SUP-015,Supplier 015,Mexico,LATAM,PLT-09,Hanoi Assembly,Vietnam,APAC,Enterprise,USA,1,34717.76,1,34717.76,1,34717.76,1,34717.76,0,0.0,100.0,100.0
2026-04-01,SUP-015,Supplier 015,Mexico,LATAM,PLT-09,Hanoi Assembly,Vietnam,APAC,SMB,UK,1,20991.54,0,0.0,0,0.0,0,0.0,0,0.0,0.0,0.0
2026-04-01,SUP-016,Supplier 016,Brazil,LATAM,PLT-05,Monterrey Plant,Mexico,LATAM,SMB,Australia,1,13454.54,1,13454.54,1,13454.54,0,0.0,0,0.0,100.0,100.0
2026-04-01,SUP-016,Supplier 016,Brazil,LATAM,PLT-05,Monterrey Plant,Mexico,LATAM,Government,France,1,4506.3,1,4506.3,1,4506.3,0,0.0,0,0.0,100.0,100.0
2026-04-01,SUP-016,Supplier 016,Brazil,LATAM,PLT-02,Detroit Works,USA,NA,SMB,USA,1,2695.0,1,2695.0,1,2695.0,0,0.0,0,0.0,100.0,100.0
2026-04-01,SUP-016,Supplier 016,Brazil,LATAM,PLT-04,Chennai Forge,India,APAC,Government,Germany,1,6831.45,1,6831.45,1,6831.45,0,0.0,0,0.0,100.0,100.0
2026-04-01,SUP-016,Supplier 016,Brazil,LATAM,PLT-05,Monterrey Plant,Mexico,LATAM,Enterprise,Japan,1,18326.1,1,18326.1,1,18326.1,0,0.0,0,0.0,100.0,100.0
2026-04-01,SUP-016,Supplier 016,Brazil,LATAM,PLT-03,Tokyo Precision,Japan,APAC,SMB,Canada,1,1994.52,1,1994.52,1,1994.52,0,0.0,0,0.0,100.0,100.0
2026-04-01,SUP-016,Supplier 016,Brazil,LATAM,PLT-03,Tokyo Precision,Japan,APAC,SMB,UK,1,5102.7,0,0.0,0,0.0,0,0.0,0,0.0,0.0,0.0
2026-04-01,SUP-017,Supplier 017,South Korea,APAC,PLT-01,Munich Center,Germany,EMEA,Government,France,1,24071.25,0,0.0,0,0.0,0,0.0,0,0.0,0.0,0.0
2026-04-01,SUP-017,Supplier 017,South Korea,APAC,PLT-06,Sao Paulo Ops,Brazil,LATAM,Government,USA,1,42171.8,1,42171.8,1,42171.8,0,0.0,0,0.0,100.0,100.0
2026-04-01,SUP-017,Supplier 017,South Korea,APAC,PLT-01,Munich Center,Germany,EMEA,SMB,Singapore,1,22181.82,1,22181.82,1,22181.82,1,22181.82,0,0.0,100.0,100.0
2026-04-01,SUP-017,Supplier 017,South Korea,APAC,PLT-04,Chennai Forge,India,APAC,Enterprise,Japan,1,17037.72,1,17037.72,1,17037.72,0,0.0,0,0.0,100.0,100.0
2026-04-01,SUP-017,Supplier 017,South Korea,APAC,PLT-01,Munich Center,Germany,EMEA,SMB,UK,1,10550.79,1,10550.79,1,10550.79,0,0.0,0,0.0,100.0,100.0
2026-04-01,SUP-017,Supplier 017,South Korea,APAC,PLT-08,Taipei Micro,Taiwan,APAC,SMB,Singapore,1,2098.32,1,2098.32,1,2098.32,0,0.0,0,0.0,100.0,100.0
2026-04-01,SUP-017,Supplier 017,South Korea,APAC,PLT-02,Detroit Works,USA,NA,Government,Germany,1,37507.61,1,37507.61,0,0.0,1,37507.61,0,0.0,100.0,100.0
2026-04-01,SUP-017,Supplier 017,South Korea,APAC,PLT-07,Seoul Tech,South Korea,APAC,SMB,Japan,1,29556.48,1,29556.48,1,29556.48,0,0.0,0,0.0,100.0,100.0
2026-04-01,SUP-017,Supplier 017,South Korea,APAC,PLT-02,Detroit Works,USA,NA,SMB,UK,1,9938.16,1,9938.16,1,9938.16,0,0.0,0,0.0,100.0,100.0
2026-04-01,SUP-018,Supplier 018,Taiwan,APAC,PLT-09,Hanoi Assembly,Vietnam,APAC,Enterprise,France,1,17408.91,1,17408.91,1,17408.91,0,0.0,0,0.0,100.0,100.0
2026-04-01,SUP-018,Supplier 018,Taiwan,APAC,PLT-07,Seoul Tech,South Korea,APAC,Enterprise,USA,1,2163.98,1,2163.98,1,2163.98,0,0.0,0,0.0,100.0,100.0
2026-04-01,SUP-018,Supplier 018,Taiwan,APAC,PLT-06,Sao Paulo Ops,Brazil,LATAM,SMB,France,1,13072.0,1,13072.0,1,13072.0,0,0.0,0,0.0,100.0,100.0
2026-04-01,SUP-018,Supplier 018,Taiwan,APAC,PLT-00,Shanghai Hub,China,APAC,SMB,Germany,1,4769.84,1,4769.84,1,4769.84,0,0.0,0,0.0,100.0,100.0
2026-04-01,SUP-018,Supplier 018,Taiwan,APAC,PLT-07,Seoul Tech,South Korea,APAC,SMB,Japan,1,8840.64,1,8840.64,1,8840.64,1,8840.64,0,0.0,100.0,100.0
2026-04-01,SUP-018,Supplier 018,Taiwan,APAC,PLT-06,Sao Paulo Ops,Brazil,LATAM,SMB,Australia,1,1791.24,1,1791.24,1,1791.24,0,0.0,0,0.0,100.0,100.0
2026-04-01,SUP-018,Supplier 018,Taiwan,APAC,PLT-09,Hanoi Assembly,Vietnam,APAC,Enterprise,Singapore,1,19401.76,1,19401.76,1,19401.76,1,19401.76,0,0.0,100.0,100.0
2026-04-01,SUP-018,Supplier 018,Taiwan,APAC,PLT-02,Detroit Works,USA,NA,Government,USA,1,524.76,0,0.0,0,0.0,0,0.0,0,0.0,0.0,0.0
2026-04-01,SUP-018,Supplier 018,Taiwan,APAC,PLT-00,Shanghai Hub,China,APAC,SMB,Singapore,1,25098.5,1,25098.5,1,25098.5,1,25098.5,0,0.0,100.0,100.0
2026-04-01,SUP-019,Supplier 019,Vietnam,APAC,PLT-01,Munich Center,Germany,EMEA,Enterprise,Canada,1,12521.78,1,12521.78,1,12521.78,1,12521.78,0,0.0,100.0,100.0
2026-04-01,SUP-019,Supplier 019,Vietnam,APAC,PLT-08,Taipei Micro,Taiwan,APAC,Enterprise,Japan,1,4800.04,1,4800.04,1,4800.04,1,4800.04,0,0.0,100.0,100.0
2026-04-01,SUP-019,Supplier 019,Vietnam,APAC,PLT-05,Monterrey Plant,Mexico,LATAM,SMB,UK,1,19753.36,1,19753.36,1,19753.36,0,0.0,0,0.0,100.0,100.0
2026-04-01,SUP-019,Supplier 019,Vietnam,APAC,PLT-03,Tokyo Precision,Japan,APAC,Government,UK,1,1931.65,0,0.0,0,0.0,0,0.0,0,0.0,0.0,0.0
2026-04-01,SUP-019,Supplier 019,Vietnam,APAC,PLT-02,Detroit Works,USA,NA,Government,Japan,1,20353.72,1,20353.72,1,20353.72,0,0.0,0,0.0,100.0,100.0
2026-04-01,SUP-019,Supplier 019,Vietnam,APAC,PLT-01,Munich Center,Germany,EMEA,Enterprise,Singapore,1,15884.05,1,15884.05,1,15884.05,0,0.0,0,0.0,100.0,100.0
2026-04-01,SUP-020,Supplier 020,China,APAC,PLT-07,Seoul Tech,South Korea,APAC,SMB,USA,1,16394.82,1,16394.82,1,16394.82,0,0.0,0,0.0,100.0,100.0
2026-04-01,SUP-020,Supplier 020,China,APAC,PLT-09,Hanoi Assembly,Vietnam,APAC,SMB,Japan,1,38066.7,0,0.0,0,0.0,0,0.0,0,0.0,0.0,0.0
2026-04-01,SUP-020,Supplier 020,China,APAC,PLT-08,Taipei Micro,Taiwan,APAC,Government,Australia,1,59.7,1,59.7,1,59.7,0,0.0,0,0.0,100.0,100.0
2026-04-01,SUP-020,Supplier 020,China,APAC,PLT-08,Taipei Micro,Taiwan,APAC,Enterprise,Germany,1,7941.78,1,7941.78,0,0.0,0,0.0,1,7941.78,100.0,100.0
2026-04-01,SUP-021,Supplier 021,Germany,EMEA,PLT-08,Taipei Micro,Taiwan,APAC,SMB,UK,1,2460.06,0,0.0,0,0.0,0,0.0,0,0.0,0.0,0.0
2026-04-01,SUP-021,Supplier 021,Germany,EMEA,PLT-03,Tokyo Precision,Japan,APAC,SMB,Germany,1,92005.29,1,92005.29,1,92005.29,0,0.0,0,0.0,100.0,100.0
2026-04-01,SUP-021,Supplier 021,Germany,EMEA,PLT-06,Sao Paulo Ops,Brazil,LATAM,SMB,UK,1,37563.35,0,0.0,0,0.0,0,0.0,0,0.0,0.0,0.0
2026-04-01,SUP-021,Supplier 021,Germany,EMEA,PLT-07,Seoul Tech,South Korea,APAC,Government,Canada,1,5843.64,1,5843.64,1,5843.64,0,0.0,0,0.0,100.0,100.0
2026-04-01,SUP-022,Supplier 022,USA,NA,PLT-03,Tokyo Precision,Japan,APAC,SMB,Australia,1,22128.54,1,22128.54,1,22128.54,0,0.0,0,0.0,100.0,100.0
2026-04-01,SUP-022,Supplier 022,USA,NA,PLT-02,Detroit Works,USA,NA,SMB,USA,1,2940.04,0,0.0,0,0.0,0,0.0,0,0.0,0.0,0.0
2026-04-01,SUP-022,Supplier 022,USA,NA,PLT-03,Tokyo Precision,Japan,APAC,SMB,Singapore,1,9499.68,1,9499.68,1,9499.68,0,0.0,0,0.0,100.0,100.0
2026-04-01,SUP-022,Supplier 022,USA,NA,PLT-00,Shanghai Hub,China,APAC,SMB,UK,1,6563.86,1,6563.86,1,6563.86,0,0.0,0,0.0,100.0,100.0
2026-04-01,SUP-022,Supplier 022,USA,NA,PLT-04,Chennai Forge,India,APAC,Enterprise,UK,1,937.94,1,937.94,1,937.94,0,0.0,0,0.0,100.0,100.0
2026-04-01,SUP-022,Supplier 022,USA,NA,PLT-07,Seoul Tech,South Korea,APAC,SMB,UK,1,10359.36,0,0.0,0,0.0,0,0.0,0,0.0,0.0,0.0
2026-04-01,SUP-022,Supplier 022,USA,NA,PLT-06,Sao Paulo Ops,Brazil,LATAM,Government,Germany,1,51498.2,1,51498.2,1,51498.2,0,0.0,0,0.0,100.0,100.0
2026-04-01,SUP-023,Supplier 023,Japan,APAC,PLT-07,Seoul Tech,South Korea,APAC,SMB,Germany,1,50667.75,1,50667.75,1,50667.75,0,0.0,0,0.0,100.0,100.0
2026-04-01,SUP-023,Supplier 023,Japan,APAC,PLT-04,Chennai Forge,India,APAC,SMB,Canada,1,11079.0,1,11079.0,1,11079.0,0,0.0,0,0.0,100.0,100.0
2026-04-01,SUP-023,Supplier 023,Japan,APAC,PLT-07,Seoul Tech,South Korea,APAC,Enterprise,USA,1,15367.32,1,15367.32,1,15367.32,0,0.0,0,0.0,100.0,100.0
2026-04-01,SUP-023,Supplier 023,Japan,APAC,PLT-06,Sao Paulo Ops,Brazil,LATAM,Enterprise,Canada,1,9325.25,1,9325.25,1,9325.25,0,0.0,0,0.0,100.0,100.0
2026-04-01,SUP-023,Supplier 023,Japan,APAC,PLT-05,Monterrey Plant,Mexico,LATAM,SMB,Singapore,1,26440.02,0,0.0,0,0.0,0,0.0,0,0.0,0.0,0.0
2026-04-01,SUP-024,Supplier 024,India,APAC,PLT-02,Detroit Works,USA,NA,Enterprise,France,1,50777.1,1,50777.1,1,50777.1,1,50777.1,0,0.0,100.0,100.0
2026-04-01,SUP-024,Supplier 024,India,APAC,PLT-09,Hanoi Assembly,Vietnam,APAC,SMB,Singapore,1,9619.1,1,9619.1,1,9619.1,1,9619.1,0,0.0,100.0,100.0
2026-04-01,SUP-024,Supplier 024,India,APAC,PLT-01,Munich Center,Germany,EMEA,SMB,UK,1,38028.87,1,38028.87,1,38028.87,0,0.0,0,0.0,100.0,100.0
2026-04-01,SUP-024,Supplier 024,India,APAC,PLT-03,Tokyo Precision,Japan,APAC,Enterprise,Germany,1,2940.42,0,0.0,0,0.0,0,0.0,0,0.0,0.0,0.0
2026-04-01,SUP-024,Supplier 024,India,APAC,PLT-02,Detroit Works,USA,NA,SMB,Japan,1,18331.32,0,0.0,0,0.0,0,0.0,0,0.0,0.0,0.0
2026-04-01,SUP-024,Supplier 024,India,APAC,PLT-00,Shanghai Hub,China,APAC,SMB,Australia,1,6468.93,1,6468.93,1,6468.93,1,6468.93,0,0.0,100.0,100.0
2026-04-01,SUP-024,Supplier 024,India,APAC,PLT-08,Taipei Micro,Taiwan,APAC,SMB,Australia,1,5208.9,1,5208.9,1,5208.9,0,0.0,0,0.0,100.0,100.0
2026-04-01,SUP-024,Supplier 024,India,APAC,PLT-02,Detroit Works,USA,NA,Government,UK,1,27433.1,0,0.0,0,0.0,0,0.0,0,0.0,0.0,0.0
2026-04-01,SUP-024,Supplier 024,India,APAC,PLT-07,Seoul Tech,South Korea,APAC,SMB,Australia,1,8245.05,1,8245.05,1,8245.05,0,0.0,0,0.0,100.0,100.0
2026-04-01,SUP-025,Supplier 025,Mexico,LATAM,PLT-04,Chennai Forge,India,APAC,SMB,UK,1,4854.12,1,4854.12,1,4854.12,0,0.0,0,0.0,100.0,100.0
2026-04-01,SUP-025,Supplier 025,Mexico,LATAM,PLT-09,Hanoi Assembly,Vietnam,APAC,SMB,Singapore,1,26457.28,0,0.0,0,0.0,0,0.0,0,0.0,0.0,0.0
2026-04-01,SUP-025,Supplier 025,Mexico,LATAM,PLT-01,Munich Center,Germany,EMEA,Government,Canada,1,1691.08,0,0.0,0,0.0,0,0.0,0,0.0,0.0,0.0
2026-04-01,SUP-025,Supplier 025,Mexico,LATAM,PLT-00,Shanghai Hub,China,APAC,Government,Germany,1,18360.21,1,18360.21,1,18360.21,0,0.0,0,0.0,100.0,100.0
2026-04-01,SUP-025,Supplier 025,Mexico,LATAM,PLT-02,Detroit Works,USA,NA,Government,Germany,1,1249.92,1,1249.92,1,1249.92,0,0.0,0,0.0,100.0,100.0
2026-04-01,SUP-025,Supplier 025,Mexico,LATAM,PLT-05,Monterrey Plant,Mexico,LATAM,Enterprise,USA,1,1531.52,0,0.0,0,0.0,0,0.0,0,0.0,0.0,0.0
2026-04-01,SUP-025,Supplier 025,Mexico,LATAM,PLT-00,Shanghai Hub,China,APAC,Enterprise,Japan,1,101824.8,0,0.0,0,0.0,0,0.0,0,0.0,0.0,0.0
2026-04-01,SUP-025,Supplier 025,Mexico,LATAM,PLT-01,Munich Center,Germany,EMEA,Government,USA,1,52099.2,1,52099.2,1,52099.2,1,52099.2,0,0.0,100.0,100.0
2026-04-01,SUP-026,Supplier 026,Brazil,LATAM,PLT-00,Shanghai Hub,China,APAC,Enterprise,Canada,1,44119.17,1,44119.17,1,44119.17,0,0.0,0,0.0,100.0,100.0
2026-04-01,SUP-026,Supplier 026,Brazil,LATAM,PLT-02,Detroit Works,USA,NA,Enterprise,Japan,1,34876.83,1,34876.83,1,34876.83,0,0.0,0,0.0,100.0,100.0
2026-04-01,SUP-026,Supplier 026,Brazil,LATAM,PLT-00,Shanghai Hub,China,APAC,Enterprise,Germany,2,29824.86,2,29824.86,2,29824.86,1,18276.28,0,0.0,100.0,100.0
2026-04-01,SUP-026,Supplier 026,Brazil,LATAM,PLT-05,Monterrey Plant,Mexico,LATAM,Enterprise,Germany,1,18276.26,1,18276.26,0,0.0,0,0.0,1,18276.26,100.0,100.0
2026-04-01,SUP-026,Supplier 026,Brazil,LATAM,PLT-01,Munich Center,Germany,EMEA,Enterprise,Japan,1,690.58,1,690.58,1,690.58,0,0.0,0,0.0,100.0,100.0
2026-04-01,SUP-026,Supplier 026,Brazil,LATAM,PLT-00,Shanghai Hub,China,APAC,Enterprise,Japan,1,12333.88,0,0.0,0,0.0,0,0.0,0,0.0,0.0,0.0
2026-04-01,SUP-026,Supplier 026,Brazil,LATAM,PLT-09,Hanoi Assembly,Vietnam,APAC,SMB,France,1,626.25,0,0.0,0,0.0,0,0.0,0,0.0,0.0,0.0
2026-04-01,SUP-026,Supplier 026,Brazil,LATAM,PLT-04,Chennai Forge,India,APAC,Enterprise,France,1,3357.12,1,3357.12,1,3357.12,0,0.0,0,0.0,100.0,100.0
2026-04-01,SUP-026,Supplier 026,Brazil,LATAM,PLT-07,Seoul Tech,South Korea,APAC,SMB,UK,1,27507.6,1,27507.6,1,27507.6,1,27507.6,0,0.0,100.0,100.0
2026-04-01,SUP-026,Supplier 026,Brazil,LATAM,PLT-08,Taipei Micro,Taiwan,APAC,Enterprise,France,1,2038.86,1,2038.86,0,0.0,0,0.0,1,2038.86,100.0,100.0
2026-04-01,SUP-027,Supplier 027,South Korea,APAC,PLT-03,Tokyo Precision,Japan,APAC,SMB,UK,1,1345.4,0,0.0,0,0.0,0,0.0,0,0.0,0.0,0.0
2026-04-01,SUP-027,Supplier 027,South Korea,APAC,PLT-06,Sao Paulo Ops,Brazil,LATAM,SMB,UK,1,8380.8,1,8380.8,1,8380.8,0,0.0,0,0.0,100.0,100.0
2026-04-01,SUP-027,Supplier 027,South Korea,APAC,PLT-07,Seoul Tech,South Korea,APAC,SMB,Singapore,1,5147.73,1,5147.73,1,5147.73,1,5147.73,0,0.0,100.0,100.0
2026-04-01,SUP-027,Supplier 027,South Korea,APAC,PLT-00,Shanghai Hub,China,APAC,SMB,UK,1,37871.47,0,0.0,0,0.0,0,0.0,0,0.0,0.0,0.0
2026-04-01,SUP-027,Supplier 027,South Korea,APAC,PLT-02,Detroit Works,USA,NA,Enterprise,Germany,1,53860.8,1,53860.8,0,0.0,0,0.0,1,53860.8,100.0,100.0
2026-04-01,SUP-027,Supplier 027,South Korea,APAC,PLT-01,Munich Center,Germany,EMEA,Enterprise,UK,1,17967.6,1,17967.6,1,17967.6,1,17967.6,0,0.0,100.0,100.0
2026-04-01,SUP-027,Supplier 027,South Korea,APAC,PLT-03,Tokyo Precision,Japan,APAC,SMB,Germany,1,25627.59,1,25627.59,1,25627.59,0,0.0,0,0.0,100.0,100.0
2026-04-01,SUP-027,Supplier 027,South Korea,APAC,PLT-02,Detroit Works,USA,NA,SMB,Japan,1,7011.87,1,7011.87,0,0.0,1,7011.87,0,0.0,100.0,100.0
2026-04-01,SUP-027,Supplier 027,South Korea,APAC,PLT-08,Taipei Micro,Taiwan,APAC,Government,Australia,1,29072.46,1,29072.46,1,29072.46,1,29072.46,0,0.0,100.0,100.0
2026-04-01,SUP-027,Supplier 027,South Korea,APAC,PLT-07,Seoul Tech,South Korea,APAC,SMB,France,1,10772.48,1,10772.48,0,0.0,1,10772.48,0,0.0,100.0,100.0
2026-04-01,SUP-027,Supplier 027,South Korea,APAC,PLT-05,Monterrey Plant,Mexico,LATAM,SMB,UK,1,13853.28,1,13853.28,1,13853.28,0,0.0,0,0.0,100.0,100.0
2026-04-01,SUP-027,Supplier 027,South Korea,APAC,PLT-01,Munich Center,Germany,EMEA,Government,France,1,13462.68,0,0.0,0,0.0,0,0.0,0,0.0,0.0,0.0
2026-04-01,SUP-027,Supplier 027,South Korea,APAC,PLT-06,Sao Paulo Ops,Brazil,LATAM,SMB,Canada,1,13417.5,1,13417.5,1,13417.5,0,0.0,0,0.0,100.0,100.0
2026-04-01,SUP-028,Supplier 028,Taiwan,APAC,PLT-06,Sao Paulo Ops,Brazil,LATAM,SMB,Japan,1,2025.54,1,2025.54,1,2025.54,0,0.0,0,0.0,100.0,100.0
2026-04-01,SUP-028,Supplier 028,Taiwan,APAC,PLT-04,Chennai Forge,India,APAC,SMB,France,1,1638.28,1,1638.28,0,0.0,0,0.0,1,1638.28,100.0,100.0
2026-04-01,SUP-028,Supplier 028,Taiwan,APAC,PLT-00,Shanghai Hub,China,APAC,Enterprise,Japan,1,4700.62,1,4700.62,0,0.0,0,0.0,1,4700.62,100.0,100.0
2026-04-01,SUP-028,Supplier 028,Taiwan,APAC,PLT-00,Shanghai Hub,China,APAC,SMB,Singapore,1,36587.76,1,36587.76,1,36587.76,0,0.0,0,0.0,100.0,100.0
2026-04-01,SUP-028,Supplier 028,Taiwan,APAC,PLT-07,Seoul Tech,South Korea,APAC,Enterprise,UK,1,2625.24,1,2625.24,0,0.0,1,2625.24,0,0.0,100.0,100.0
2026-04-01,SUP-028,Supplier 028,Taiwan,APAC,PLT-08,Taipei Micro,Taiwan,APAC,SMB,France,1,190.23,1,190.23,1,190.23,1,190.23,0,0.0,100.0,100.0
2026-04-01,SUP-029,Supplier 029,Vietnam,APAC,PLT-04,Chennai Forge,India,APAC,Enterprise,Canada,1,28370.61,1,28370.61,0,0.0,0,0.0,1,28370.61,100.0,100.0
2026-04-01,SUP-029,Supplier 029,Vietnam,APAC,PLT-09,Hanoi Assembly,Vietnam,APAC,SMB,UK,1,20720.0,1,20720.0,1,20720.0,0,0.0,0,0.0,100.0,100.0
2026-04-01,SUP-029,Supplier 029,Vietnam,APAC,PLT-08,Taipei Micro,Taiwan,APAC,SMB,USA,1,13751.1,0,0.0,0,0.0,0,0.0,0,0.0,0.0,0.0
2026-04-01,SUP-029,Supplier 029,Vietnam,APAC,PLT-04,Chennai Forge,India,APAC,SMB,France,1,27378.78,1,27378.78,1,27378.78,0,0.0,0,0.0,100.0,100.0
2026-04-01,SUP-029,Supplier 029,Vietnam,APAC,PLT-03,Tokyo Precision,Japan,APAC,SMB,Singapore,1,28454.69,1,28454.69,1,28454.69,0,0.0,0,0.0,100.0,100.0
2026-04-01,SUP-029,Supplier 029,Vietnam,APAC,PLT-05,Monterrey Plant,Mexico,LATAM,Government,Australia,1,8885.16,0,0.0,0,0.0,0,0.0,0,0.0,0.0,0.0
2026-04-01,SUP-029,Supplier 029,Vietnam,APAC,PLT-02,Detroit Works,USA,NA,SMB,France,1,31107.6,1,31107.6,1,31107.6,1,31107.6,0,0.0,100.0,100.0
2026-04-01,SUP-029,Supplier 029,Vietnam,APAC,PLT-04,Chennai Forge,India,APAC,SMB,Canada,1,18681.3,1,18681.3,1,18681.3,1,18681.3,0,0.0,100.0,100.0
2026-04-01,SUP-030,Supplier 030,China,APAC,PLT-01,Munich Center,Germany,EMEA,Enterprise,USA,1,46317.56,1,46317.56,1,46317.56,0,0.0,0,0.0,100.0,100.0
2026-04-01,SUP-030,Supplier 030,China,APAC,PLT-01,Munich Center,Germany,EMEA,Enterprise,France,1,386.46,1,386.46,1,386.46,0,0.0,0,0.0,100.0,100.0
2026-04-01,SUP-030,Supplier 030,China,APAC,PLT-09,Hanoi Assembly,Vietnam,APAC,SMB,Japan,1,3034.39,1,3034.39,0,0.0,1,3034.39,0,0.0,100.0,100.0
2026-04-01,SUP-030,Supplier 030,China,APAC,PLT-05,Monterrey Plant,Mexico,LATAM,Enterprise,Germany,1,844.96,1,844.96,1,844.96,0,0.0,0,0.0,100.0,100.0
2026-04-01,SUP-030,Supplier 030,China,APAC,PLT-09,Hanoi Assembly,Vietnam,APAC,Enterprise,Japan,1,7485.58,1,7485.58,1,7485.58,0,0.0,0,0.0,100.0,100.0
2026-04-01,SUP-030,Supplier 030,China,APAC,PLT-02,Detroit Works,USA,NA,SMB,France,1,5959.92,1,5959.92,0,0.0,0,0.0,1,5959.92,100.0,100.0
2026-04-01,SUP-030,Supplier 030,China,APAC,PLT-07,Seoul Tech,South Korea,APAC,Government,France,1,21215.24,1,21215.24,1,21215.24,0,0.0,0,0.0,100.0,100.0
2026-04-01,SUP-030,Supplier 030,China,APAC,PLT-06,Sao Paulo Ops,Brazil,LATAM,Enterprise,France,1,22146.48,1,22146.48,1,22146.48,0,0.0,0,0.0,100.0,100.0
2026-04-01,SUP-030,Supplier 030,China,APAC,PLT-01,Munich Center,Germany,EMEA,Enterprise,Japan,2,65886.05,2,65886.05,1,52972.91,1,12913.14,0,0.0,100.0,100.0
2026-04-01,SUP-030,Supplier 030,China,APAC,PLT-07,Seoul Tech,South Korea,APAC,SMB,Germany,1,18202.98,1,18202.98,1,18202.98,0,0.0,0,0.0,100.0,100.0
2026-04-01,SUP-031,Supplier 031,Germany,EMEA,PLT-04,Chennai Forge,India,APAC,Enterprise,Singapore,1,20247.6,0,0.0,0,0.0,0,0.0,0,0.0,0.0,0.0
2026-04-01,SUP-031,Supplier 031,Germany,EMEA,PLT-02,Detroit Works,USA,NA,Enterprise,Germany,1,45031.36,1,45031.36,0,0.0,1,45031.36,0,0.0,100.0,100.0
2026-04-01,SUP-031,Supplier 031,Germany,EMEA,PLT-09,Hanoi Assembly,Vietnam,APAC,Government,Australia,1,34272.84,1,34272.84,1,34272.84,0,0.0,0,0.0,100.0,100.0
2026-04-01,SUP-031,Supplier 031,Germany,EMEA,PLT-05,Monterrey Plant,Mexico,LATAM,SMB,Australia,1,1770.09,1,1770.09,0,0.0,0,0.0,1,1770.09,100.0,100.0
2026-04-01,SUP-031,Supplier 031,Germany,EMEA,PLT-07,Seoul Tech,South Korea,APAC,Enterprise,Canada,1,2162.44,1,2162.44,1,2162.44,1,2162.44,0,0.0,100.0,100.0
2026-04-01,SUP-031,Supplier 031,Germany,EMEA,PLT-00,Shanghai Hub,China,APAC,SMB,USA,1,29973.8,1,29973.8,1,29973.8,0,0.0,0,0.0,100.0,100.0
2026-04-01,SUP-031,Supplier 031,Germany,EMEA,PLT-00,Shanghai Hub,China,APAC,Enterprise,USA,1,7808.5,1,7808.5,0,0.0,0,0.0,1,7808.5,100.0,100.0
2026-04-01,SUP-031,Supplier 031,Germany,EMEA,PLT-03,Tokyo Precision,Japan,APAC,SMB,Japan,1,28635.42,1,28635.42,1,28635.42,1,28635.42,0,0.0,100.0,100.0
2026-04-01,SUP-031,Supplier 031,Germany,EMEA,PLT-02,Detroit Works,USA,NA,SMB,Canada,2,17385.08,0,0.0,0,0.0,0,0.0,0,0.0,0.0,0.0
2026-04-01,SUP-031,Supplier 031,Germany,EMEA,PLT-07,Seoul Tech,South Korea,APAC,Enterprise,Japan,1,3752.4,1,3752.4,1,3752.4,1,3752.4,0,0.0,100.0,100.0
2026-04-01,SUP-031,Supplier 031,Germany,EMEA,PLT-03,Tokyo Precision,Japan,APAC,SMB,France,1,491.76,1,491.76,1,491.76,0,0.0,0,0.0,100.0,100.0
2026-04-01,SUP-032,Supplier 032,USA,NA,PLT-00,Shanghai Hub,China,APAC,Government,Australia,1,12118.96,1,12118.96,1,12118.96,0,0.0,0,0.0,100.0,100.0
2026-04-01,SUP-032,Supplier 032,USA,NA,PLT-02,Detroit Works,USA,NA,SMB,France,1,398.52,1,398.52,0,0.0,1,398.52,0,0.0,100.0,100.0
2026-04-01,SUP-032,Supplier 032,USA,NA,PLT-03,Tokyo Precision,Japan,APAC,Enterprise,France,1,31839.5,1,31839.5,1,31839.5,0,0.0,0,0.0,100.0,100.0
2026-04-01,SUP-032,Supplier 032,USA,NA,PLT-02,Detroit Works,USA,NA,Enterprise,France,1,8568.49,0,0.0,0,0.0,0,0.0,0,0.0,0.0,0.0
2026-04-01,SUP-032,Supplier 032,USA,NA,PLT-08,Taipei Micro,Taiwan,APAC,Enterprise,USA,1,10283.69,1,10283.69,0,0.0,0,0.0,1,10283.69,100.0,100.0
2026-04-01,SUP-032,Supplier 032,USA,NA,PLT-04,Chennai Forge,India,APAC,Enterprise,Singapore,1,4365.26,1,4365.26,1,4365.26,0,0.0,0,0.0,100.0,100.0
2026-04-01,SUP-032,Supplier 032,USA,NA,PLT-08,Taipei Micro,Taiwan,APAC,Government,France,1,11464.18,1,11464.18,1,11464.18,0,0.0,0,0.0,100.0,100.0
2026-04-01,SUP-032,Supplier 032,USA,NA,PLT-03,Tokyo Precision,Japan,APAC,SMB,Singapore,1,531.64,1,531.64,1,531.64,0,0.0,0,0.0,100.0,100.0
2026-04-01,SUP-033,Supplier 033,Japan,APAC,PLT-03,Tokyo Precision,Japan,APAC,Enterprise,Japan,1,1916.5,1,1916.5,1,1916.5,0,0.0,0,0.0,100.0,100.0
2026-04-01,SUP-033,Supplier 033,Japan,APAC,PLT-02,Detroit Works,USA,NA,SMB,USA,1,8792.4,0,0.0,0,0.0,0,0.0,0,0.0,0.0,0.0
2026-04-01,SUP-033,Supplier 033,Japan,APAC,PLT-02,Detroit Works,USA,NA,Enterprise,Singapore,1,3162.74,1,3162.74,0,0.0,0,0.0,1,3162.74,100.0,100.0
2026-04-01,SUP-034,Supplier 034,India,APAC,PLT-00,Shanghai Hub,China,APAC,SMB,Singapore,1,39116.85,1,39116.85,0,0.0,0,0.0,1,39116.85,100.0,100.0
2026-04-01,SUP-034,Supplier 034,India,APAC,PLT-07,Seoul Tech,South Korea,APAC,Enterprise,USA,1,16846.68,1,16846.68,1,16846.68,0,0.0,0,0.0,100.0,100.0
2026-04-01,SUP-034,Supplier 034,India,APAC,PLT-05,Monterrey Plant,Mexico,LATAM,SMB,Australia,1,56721.52,1,56721.52,1,56721.52,1,56721.52,0,0.0,100.0,100.0
2026-04-01,SUP-034,Supplier 034,India,APAC,PLT-02,Detroit Works,USA,NA,SMB,USA,1,30326.39,1,30326.39,0,0.0,0,0.0,1,30326.39,100.0,100.0
2026-04-01,SUP-034,Supplier 034,India,APAC,PLT-06,Sao Paulo Ops,Brazil,LATAM,SMB,France,1,36464.4,1,36464.4,1,36464.4,1,36464.4,0,0.0,100.0,100.0
2026-04-01,SUP-034,Supplier 034,India,APAC,PLT-07,Seoul Tech,South Korea,APAC,SMB,Germany,1,2221.48,1,2221.48,1,2221.48,0,0.0,0,0.0,100.0,100.0
2026-04-01,SUP-034,Supplier 034,India,APAC,PLT-01,Munich Center,Germany,EMEA,Enterprise,France,1,77435.64,0,0.0,0,0.0,0,0.0,0,0.0,0.0,0.0
2026-04-01,SUP-035,Supplier 035,Mexico,LATAM,PLT-06,Sao Paulo Ops,Brazil,LATAM,Government,UK,1,27487.3,0,0.0,0,0.0,0,0.0,0,0.0,0.0,0.0
2026-04-01,SUP-035,Supplier 035,Mexico,LATAM,PLT-05,Monterrey Plant,Mexico,LATAM,SMB,France,1,2239.02,0,0.0,0,0.0,0,0.0,0,0.0,0.0,0.0
2026-04-01,SUP-035,Supplier 035,Mexico,LATAM,PLT-07,Seoul Tech,South Korea,APAC,SMB,Germany,1,51682.05,1,51682.05,1,51682.05,1,51682.05,0,0.0,100.0,100.0
2026-04-01,SUP-035,Supplier 035,Mexico,LATAM,PLT-09,Hanoi Assembly,Vietnam,APAC,SMB,Canada,1,1906.08,1,1906.08,1,1906.08,1,1906.08,0,0.0,100.0,100.0
2026-04-01,SUP-035,Supplier 035,Mexico,LATAM,PLT-05,Monterrey Plant,Mexico,LATAM,SMB,UK,1,2969.78,1,2969.78,1,2969.78,0,0.0,0,0.0,100.0,100.0
2026-04-01,SUP-035,Supplier 035,Mexico,LATAM,PLT-07,Seoul Tech,South Korea,APAC,Enterprise,UK,1,27046.78,1,27046.78,1,27046.78,0,0.0,0,0.0,100.0,100.0
2026-04-01,SUP-035,Supplier 035,Mexico,LATAM,PLT-05,Monterrey Plant,Mexico,LATAM,SMB,Australia,1,14511.39,1,14511.39,0,0.0,1,14511.39,0,0.0,100.0,100.0
2026-04-01,SUP-035,Supplier 035,Mexico,LATAM,PLT-09,Hanoi Assembly,Vietnam,APAC,SMB,France,2,43322.58,1,19421.92,1,19421.92,1,19421.92,0,0.0,50.0,44.83
2026-04-01,SUP-035,Supplier 035,Mexico,LATAM,PLT-07,Seoul Tech,South Korea,APAC,Government,Japan,1,42891.64,1,42891.64,1,42891.64,0,0.0,0,0.0,100.0,100.0
2026-04-01,SUP-036,Supplier 036,Brazil,LATAM,PLT-09,Hanoi Assembly,Vietnam,APAC,Enterprise,Japan,1,6072.0,0,0.0,0,0.0,0,0.0,0,0.0,0.0,0.0
2026-04-01,SUP-036,Supplier 036,Brazil,LATAM,PLT-00,Shanghai Hub,China,APAC,SMB,Japan,1,70060.2,1,70060.2,1,70060.2,1,70060.2,0,0.0,100.0,100.0
2026-04-01,SUP-036,Supplier 036,Brazil,LATAM,PLT-00,Shanghai Hub,China,APAC,SMB,USA,1,15615.05,1,15615.05,1,15615.05,0,0.0,0,0.0,100.0,100.0
2026-04-01,SUP-036,Supplier 036,Brazil,LATAM,PLT-06,Sao Paulo Ops,Brazil,LATAM,Government,Australia,1,5645.76,1,5645.76,0,0.0,0,0.0,1,5645.76,100.0,100.0
2026-04-01,SUP-036,Supplier 036,Brazil,LATAM,PLT-00,Shanghai Hub,China,APAC,SMB,Singapore,1,33423.0,1,33423.0,0,0.0,0,0.0,1,33423.0,100.0,100.0
2026-04-01,SUP-036,Supplier 036,Brazil,LATAM,PLT-06,Sao Paulo Ops,Brazil,LATAM,SMB,Japan,1,13803.68,0,0.0,0,0.0,0,0.0,0,0.0,0.0,0.0
2026-04-01,SUP-036,Supplier 036,Brazil,LATAM,PLT-05,Monterrey Plant,Mexico,LATAM,Enterprise,Singapore,1,9385.24,0,0.0,0,0.0,0,0.0,0,0.0,0.0,0.0
2026-04-01,SUP-036,Supplier 036,Brazil,LATAM,PLT-06,Sao Paulo Ops,Brazil,LATAM,SMB,Australia,1,2929.86,1,2929.86,1,2929.86,1,2929.86,0,0.0,100.0,100.0
2026-04-01,SUP-037,Supplier 037,South Korea,APAC,PLT-08,Taipei Micro,Taiwan,APAC,SMB,Singapore,2,43714.6,2,43714.6,1,2169.2,0,0.0,1,41545.4,100.0,100.0
2026-04-01,SUP-037,Supplier 037,South Korea,APAC,PLT-09,Hanoi Assembly,Vietnam,APAC,SMB,USA,1,34588.07,1,34588.07,1,34588.07,0,0.0,0,0.0,100.0,100.0
2026-04-01,SUP-037,Supplier 037,South Korea,APAC,PLT-03,Tokyo Precision,Japan,APAC,Government,Germany,1,102.48,1,102.48,1,102.48,0,0.0,0,0.0,100.0,100.0
2026-04-01,SUP-037,Supplier 037,South Korea,APAC,PLT-07,Seoul Tech,South Korea,APAC,SMB,USA,1,13645.49,1,13645.49,1,13645.49,1,13645.49,0,0.0,100.0,100.0
2026-04-01,SUP-037,Supplier 037,South Korea,APAC,PLT-06,Sao Paulo Ops,Brazil,LATAM,Enterprise,Canada,1,12686.76,1,12686.76,0,0.0,1,12686.76,0,0.0,100.0,100.0
2026-04-01,SUP-037,Supplier 037,South Korea,APAC,PLT-03,Tokyo Precision,Japan,APAC,Enterprise,USA,1,50510.46,1,50510.46,0,0.0,1,50510.46,0,0.0,100.0,100.0
2026-04-01,SUP-037,Supplier 037,South Korea,APAC,PLT-09,Hanoi Assembly,Vietnam,APAC,SMB,France,1,3868.74,1,3868.74,1,3868.74,0,0.0,0,0.0,100.0,100.0
2026-04-01,SUP-037,Supplier 037,South Korea,APAC,PLT-04,Chennai Forge,India,APAC,Government,Germany,1,3547.52,0,0.0,0,0.0,0,0.0,0,0.0,0.0,0.0
2026-04-01,SUP-037,Supplier 037,South Korea,APAC,PLT-01,Munich Center,Germany,EMEA,SMB,USA,1,8499.6,1,8499.6,1,8499.6,1,8499.6,0,0.0,100.0,100.0
2026-04-01,SUP-038,Supplier 038,Taiwan,APAC,PLT-03,Tokyo Precision,Japan,APAC,SMB,Canada,1,17537.17,1,17537.17,0,0.0,1,17537.17,0,0.0,100.0,100.0
2026-04-01,SUP-038,Supplier 038,Taiwan,APAC,PLT-07,Seoul Tech,South Korea,APAC,SMB,Australia,1,6704.94,1,6704.94,1,6704.94,0,0.0,0,0.0,100.0,100.0
2026-04-01,SUP-038,Supplier 038,Taiwan,APAC,PLT-09,Hanoi Assembly,Vietnam,APAC,Government,Germany,1,7824.37,1,7824.37,1,7824.37,0,0.0,0,0.0,100.0,100.0
2026-04-01,SUP-038,Supplier 038,Taiwan,APAC,PLT-05,Monterrey Plant,Mexico,LATAM,SMB,Singapore,1,22779.6,1,22779.6,0,0.0,1,22779.6,0,0.0,100.0,100.0
2026-04-01,SUP-038,Supplier 038,Taiwan,APAC,PLT-09,Hanoi Assembly,Vietnam,APAC,SMB,Canada,1,4171.2,1,4171.2,0,0.0,1,4171.2,0,0.0,100.0,100.0
2026-04-01,SUP-038,Supplier 038,Taiwan,APAC,PLT-06,Sao Paulo Ops,Brazil,LATAM,SMB,Canada,1,2447.13,0,0.0,0,0.0,0,0.0,0,0.0,0.0,0.0
2026-04-01,SUP-038,Supplier 038,Taiwan,APAC,PLT-00,Shanghai Hub,China,APAC,SMB,Australia,1,59778.36,1,59778.36,1,59778.36,1,59778.36,0,0.0,100.0,100.0
2026-04-01,SUP-039,Supplier 039,Vietnam,APAC,PLT-05,Monterrey Plant,Mexico,LATAM,SMB,USA,1,50765.52,1,50765.52,1,50765.52,0,0.0,0,0.0,100.0,100.0
2026-04-01,SUP-039,Supplier 039,Vietnam,APAC,PLT-01,Munich Center,Germany,EMEA,SMB,UK,1,11451.0,0,0.0,0,0.0,0,0.0,0,0.0,0.0,0.0
2026-04-01,SUP-039,Supplier 039,Vietnam,APAC,PLT-07,Seoul Tech,South Korea,APAC,Government,Singapore,1,25552.8,1,25552.8,1,25552.8,0,0.0,0,0.0,100.0,100.0
2026-04-01,SUP-039,Supplier 039,Vietnam,APAC,PLT-09,Hanoi Assembly,Vietnam,APAC,Government,Germany,1,47050.82,1,47050.82,1,47050.82,0,0.0,0,0.0,100.0,100.0
2026-04-01,SUP-040,Supplier 040,China,APAC,PLT-06,Sao Paulo Ops,Brazil,LATAM,Enterprise,Canada,1,12612.83,0,0.0,0,0.0,0,0.0,0,0.0,0.0,0.0
2026-04-01,SUP-040,Supplier 040,China,APAC,PLT-02,Detroit Works,USA,NA,Government,Singapore,1,53221.85,1,53221.85,1,53221.85,0,0.0,0,0.0,100.0,100.0
2026-04-01,SUP-040,Supplier 040,China,APAC,PLT-07,Seoul Tech,South Korea,APAC,Enterprise,France,1,16591.25,1,16591.25,1,16591.25,0,0.0,0,0.0,100.0,100.0
2026-04-01,SUP-040,Supplier 040,China,APAC,PLT-05,Monterrey Plant,Mexico,LATAM,Enterprise,Japan,1,14563.56,1,14563.56,1,14563.56,1,14563.56,0,0.0,100.0,100.0
2026-04-01,SUP-040,Supplier 040,China,APAC,PLT-07,Seoul Tech,South Korea,APAC,Enterprise,Germany,1,5908.9,0,0.0,0,0.0,0,0.0,0,0.0,0.0,0.0
2026-04-01,SUP-040,Supplier 040,China,APAC,PLT-07,Seoul Tech,South Korea,APAC,SMB,Australia,1,26429.49,0,0.0,0,0.0,0,0.0,0,0.0,0.0,0.0
2026-04-01,SUP-040,Supplier 040,China,APAC,PLT-07,Seoul Tech,South Korea,APAC,SMB,Japan,1,8067.8,1,8067.8,1,8067.8,0,0.0,0,0.0,100.0,100.0
2026-04-01,SUP-041,Supplier 041,Germany,EMEA,PLT-06,Sao Paulo Ops,Brazil,LATAM,SMB,Singapore,1,9864.96,1,9864.96,0,0.0,1,9864.96,0,0.0,100.0,100.0
2026-04-01,SUP-041,Supplier 041,Germany,EMEA,PLT-07,Seoul Tech,South Korea,APAC,Enterprise,USA,1,5491.64,1,5491.64,0,0.0,0,0.0,1,5491.64,100.0,100.0
2026-04-01,SUP-041,Supplier 041,Germany,EMEA,PLT-05,Monterrey Plant,Mexico,LATAM,SMB,Germany,1,7527.38,0,0.0,0,0.0,0,0.0,0,0.0,0.0,0.0
2026-04-01,SUP-041,Supplier 041,Germany,EMEA,PLT-07,Seoul Tech,South Korea,APAC,SMB,Singapore,1,18622.08,1,18622.08,1,18622.08,0,0.0,0,0.0,100.0,100.0
2026-04-01,SUP-041,Supplier 041,Germany,EMEA,PLT-06,Sao Paulo Ops,Brazil,LATAM,Enterprise,USA,1,24908.22,1,24908.22,1,24908.22,1,24908.22,0,0.0,100.0,100.0
2026-04-01,SUP-042,Supplier 042,USA,NA,PLT-00,Shanghai Hub,China,APAC,Government,USA,1,30560.0,0,0.0,0,0.0,0,0.0,0,0.0,0.0,0.0
2026-04-01,SUP-042,Supplier 042,USA,NA,PLT-04,Chennai Forge,India,APAC,Enterprise,Germany,1,10442.52,1,10442.52,1,10442.52,0,0.0,0,0.0,100.0,100.0
2026-04-01,SUP-042,Supplier 042,USA,NA,PLT-03,Tokyo Precision,Japan,APAC,SMB,Singapore,1,13314.0,1,13314.0,1,13314.0,0,0.0,0,0.0,100.0,100.0
2026-04-01,SUP-042,Supplier 042,USA,NA,PLT-06,Sao Paulo Ops,Brazil,LATAM,SMB,Canada,1,54362.31,1,54362.31,1,54362.31,0,0.0,0,0.0,100.0,100.0
2026-04-01,SUP-042,Supplier 042,USA,NA,PLT-08,Taipei Micro,Taiwan,APAC,Enterprise,Canada,1,26460.07,1,26460.07,1,26460.07,0,0.0,0,0.0,100.0,100.0
2026-04-01,SUP-043,Supplier 043,Japan,APAC,PLT-05,Monterrey Plant,Mexico,LATAM,SMB,France,1,79802.4,1,79802.4,1,79802.4,0,0.0,0,0.0,100.0,100.0
2026-04-01,SUP-043,Supplier 043,Japan,APAC,PLT-03,Tokyo Precision,Japan,APAC,Government,USA,1,327.14,1,327.14,1,327.14,0,0.0,0,0.0,100.0,100.0
2026-04-01,SUP-043,Supplier 043,Japan,APAC,PLT-04,Chennai Forge,India,APAC,Government,USA,1,2408.49,1,2408.49,0,0.0,0,0.0,1,2408.49,100.0,100.0
2026-04-01,SUP-043,Supplier 043,Japan,APAC,PLT-02,Detroit Works,USA,NA,Enterprise,France,1,24078.51,1,24078.51,1,24078.51,0,0.0,0,0.0,100.0,100.0
2026-04-01,SUP-043,Supplier 043,Japan,APAC,PLT-00,Shanghai Hub,China,APAC,Government,Singapore,1,73978.84,1,73978.84,0,0.0,1,73978.84,0,0.0,100.0,100.0
2026-04-01,SUP-043,Supplier 043,Japan,APAC,PLT-09,Hanoi Assembly,Vietnam,APAC,Government,Singapore,1,589.05,1,589.05,1,589.05,1,589.05,0,0.0,100.0,100.0
2026-04-01,SUP-043,Supplier 043,Japan,APAC,PLT-03,Tokyo Precision,Japan,APAC,Government,Singapore,1,11585.28,1,11585.28,1,11585.28,0,0.0,0,0.0,100.0,100.0
2026-04-01,SUP-043,Supplier 043,Japan,APAC,PLT-06,Sao Paulo Ops,Brazil,LATAM,Enterprise,USA,1,4352.13,1,4352.13,0,0.0,0,0.0,1,4352.13,100.0,100.0
2026-04-01,SUP-044,Supplier 044,India,APAC,PLT-00,Shanghai Hub,China,APAC,SMB,Canada,1,10838.16,1,10838.16,1,10838.16,0,0.0,0,0.0,100.0,100.0
2026-04-01,SUP-044,Supplier 044,India,APAC,PLT-09,Hanoi Assembly,Vietnam,APAC,SMB,USA,2,4791.6,1,4142.05,1,4142.05,0,0.0,0,0.0,50.0,86.44
2026-04-01,SUP-044,Supplier 044,India,APAC,PLT-00,Shanghai Hub,China,APAC,SMB,UK,1,2225.07,1,2225.07,1,2225.07,1,2225.07,0,0.0,100.0,100.0
2026-04-01,SUP-044,Supplier 044,India,APAC,PLT-06,Sao Paulo Ops,Brazil,LATAM,Enterprise,USA,1,14975.73,1,14975.73,1,14975.73,0,0.0,0,0.0,100.0,100.0
2026-04-01,SUP-044,Supplier 044,India,APAC,PLT-01,Munich Center,Germany,EMEA,SMB,Germany,1,26568.78,1,26568.78,0,0.0,0,0.0,1,26568.78,100.0,100.0
2026-04-01,SUP-044,Supplier 044,India,APAC,PLT-00,Shanghai Hub,China,APAC,Government,USA,1,47815.56,1,47815.56,0,0.0,0,0.0,1,47815.56,100.0,100.0
2026-04-01,SUP-044,Supplier 044,India,APAC,PLT-04,Chennai Forge,India,APAC,SMB,Canada,1,2317.5,1,2317.5,0,0.0,0,0.0,1,2317.5,100.0,100.0
2026-04-01,SUP-044,Supplier 044,India,APAC,PLT-03,Tokyo Precision,Japan,APAC,SMB,Singapore,1,146.97,1,146.97,1,146.97,0,0.0,0,0.0,100.0,100.0
2026-04-01,SUP-044,Supplier 044,India,APAC,PLT-04,Chennai Forge,India,APAC,Enterprise,Canada,1,1613.64,1,1613.64,1,1613.64,0,0.0,0,0.0,100.0,100.0
2026-04-01,SUP-045,Supplier 045,Mexico,LATAM,PLT-01,Munich Center,Germany,EMEA,Enterprise,Germany,1,37700.37,1,37700.37,1,37700.37,0,0.0,0,0.0,100.0,100.0
2026-04-01,SUP-045,Supplier 045,Mexico,LATAM,PLT-01,Munich Center,Germany,EMEA,Enterprise,Japan,1,31953.76,0,0.0,0,0.0,0,0.0,0,0.0,0.0,0.0
2026-04-01,SUP-045,Supplier 045,Mexico,LATAM,PLT-01,Munich Center,Germany,EMEA,SMB,France,1,4028.4,0,0.0,0,0.0,0,0.0,0,0.0,0.0,0.0
2026-04-01,SUP-045,Supplier 045,Mexico,LATAM,PLT-07,Seoul Tech,South Korea,APAC,Government,Singapore,1,26091.45,1,26091.45,1,26091.45,0,0.0,0,0.0,100.0,100.0
2026-04-01,SUP-045,Supplier 045,Mexico,LATAM,PLT-09,Hanoi Assembly,Vietnam,APAC,SMB,Australia,1,3596.32,1,3596.32,0,0.0,0,0.0,1,3596.32,100.0,100.0
2026-04-01,SUP-045,Supplier 045,Mexico,LATAM,PLT-04,Chennai Forge,India,APAC,SMB,UK,1,26514.95,1,26514.95,1,26514.95,0,0.0,0,0.0,100.0,100.0
2026-04-01,SUP-046,Supplier 046,Brazil,LATAM,PLT-08,Taipei Micro,Taiwan,APAC,Enterprise,USA,1,70552.89,1,70552.89,0,0.0,1,70552.89,0,0.0,100.0,100.0
2026-04-01,SUP-046,Supplier 046,Brazil,LATAM,PLT-04,Chennai Forge,India,APAC,SMB,Canada,1,1023.72,1,1023.72,1,1023.72,0,0.0,0,0.0,100.0,100.0
2026-04-01,SUP-046,Supplier 046,Brazil,LATAM,PLT-02,Detroit Works,USA,NA,SMB,Germany,1,6844.03,1,6844.03,0,0.0,0,0.0,1,6844.03,100.0,100.0
2026-04-01,SUP-046,Supplier 046,Brazil,LATAM,PLT-07,Seoul Tech,South Korea,APAC,SMB,France,1,3966.34,1,3966.34,0,0.0,0,0.0,1,3966.34,100.0,100.0
2026-04-01,SUP-046,Supplier 046,Brazil,LATAM,PLT-01,Munich Center,Germany,EMEA,SMB,UK,1,15252.0,1,15252.0,1,15252.0,1,15252.0,0,0.0,100.0,100.0
2026-04-01,SUP-046,Supplier 046,Brazil,LATAM,PLT-03,Tokyo Precision,Japan,APAC,SMB,UK,1,12036.1,1,12036.1,0,0.0,0,0.0,1,12036.1,100.0,100.0
2026-04-01,SUP-046,Supplier 046,Brazil,LATAM,PLT-01,Munich Center,Germany,EMEA,SMB,Japan,1,12245.1,1,12245.1,0,0.0,0,0.0,1,12245.1,100.0,100.0
2026-04-01,SUP-046,Supplier 046,Brazil,LATAM,PLT-03,Tokyo Precision,Japan,APAC,Enterprise,USA,1,22303.24,1,22303.24,0,0.0,1,22303.24,0,0.0,100.0,100.0
2026-04-01,SUP-046,Supplier 046,Brazil,LATAM,PLT-08,Taipei Micro,Taiwan,APAC,Government,Canada,1,43454.32,0,0.0,0,0.0,0,0.0,0,0.0,0.0,0.0
2026-04-01,SUP-046,Supplier 046,Brazil,LATAM,PLT-01,Munich Center,Germany,EMEA,Enterprise,USA,1,17542.4,1,17542.4,1,17542.4,1,17542.4,0,0.0,100.0,100.0
2026-04-01,SUP-046,Supplier 046,Brazil,LATAM,PLT-03,Tokyo Precision,Japan,APAC,SMB,Singapore,1,13329.54,1,13329.54,1,13329.54,1,13329.54,0,0.0,100.0,100.0
2026-04-01,SUP-047,Supplier 047,South Korea,APAC,PLT-07,Seoul Tech,South Korea,APAC,SMB,UK,1,90660.4,1,90660.4,1,90660.4,0,0.0,0,0.0,100.0,100.0
2026-04-01,SUP-047,Supplier 047,South Korea,APAC,PLT-07,Seoul Tech,South Korea,APAC,Government,Japan,1,43361.28,1,43361.28,1,43361.28,1,43361.28,0,0.0,100.0,100.0
2026-04-01,SUP-047,Supplier 047,South Korea,APAC,PLT-07,Seoul Tech,South Korea,APAC,SMB,Japan,1,19831.35,1,19831.35,1,19831.35,0,0.0,0,0.0,100.0,100.0
2026-04-01,SUP-047,Supplier 047,South Korea,APAC,PLT-08,Taipei Micro,Taiwan,APAC,Enterprise,USA,1,20045.55,0,0.0,0,0.0,0,0.0,0,0.0,0.0,0.0
2026-04-01,SUP-047,Supplier 047,South Korea,APAC,PLT-05,Monterrey Plant,Mexico,LATAM,SMB,Australia,1,2015.91,1,2015.91,1,2015.91,0,0.0,0,0.0,100.0,100.0
2026-04-01,SUP-047,Supplier 047,South Korea,APAC,PLT-01,Munich Center,Germany,EMEA,SMB,UK,1,14354.46,0,0.0,0,0.0,0,0.0,0,0.0,0.0,0.0
2026-04-01,SUP-048,Supplier 048,Taiwan,APAC,PLT-07,Seoul Tech,South Korea,APAC,SMB,Germany,1,878.1,1,878.1,1,878.1,0,0.0,0,0.0,100.0,100.0
2026-04-01,SUP-048,Supplier 048,Taiwan,APAC,PLT-00,Shanghai Hub,China,APAC,SMB,Germany,1,424.7,1,424.7,1,424.7,0,0.0,0,0.0,100.0,100.0
2026-04-01,SUP-048,Supplier 048,Taiwan,APAC,PLT-03,Tokyo Precision,Japan,APAC,SMB,Canada,1,17230.2,1,17230.2,1,17230.2,0,0.0,0,0.0,100.0,100.0
2026-04-01,SUP-048,Supplier 048,Taiwan,APAC,PLT-03,Tokyo Precision,Japan,APAC,SMB,France,1,6889.53,1,6889.53,1,6889.53,0,0.0,0,0.0,100.0,100.0
2026-04-01,SUP-048,Supplier 048,Taiwan,APAC,PLT-04,Chennai Forge,India,APAC,Enterprise,Japan,1,3794.08,1,3794.08,1,3794.08,0,0.0,0,0.0,100.0,100.0
2026-04-01,SUP-048,Supplier 048,Taiwan,APAC,PLT-05,Monterrey Plant,Mexico,LATAM,SMB,Germany,1,6983.6,1,6983.6,1,6983.6,0,0.0,0,0.0,100.0,100.0
2026-04-01,SUP-048,Supplier 048,Taiwan,APAC,PLT-02,Detroit Works,USA,NA,SMB,UK,1,8452.34,1,8452.34,1,8452.34,0,0.0,0,0.0,100.0,100.0
2026-04-01,SUP-048,Supplier 048,Taiwan,APAC,PLT-02,Detroit Works,USA,NA,SMB,Germany,1,5151.3,1,5151.3,0,0.0,0,0.0,1,5151.3,100.0,100.0
2026-04-01,SUP-048,Supplier 048,Taiwan,APAC,PLT-05,Monterrey Plant,Mexico,LATAM,SMB,Australia,1,26224.8,1,26224.8,1,26224.8,0,0.0,0,0.0,100.0,100.0
2026-04-01,SUP-049,Supplier 049,Vietnam,APAC,PLT-01,Munich Center,Germany,EMEA,SMB,USA,1,2097.55,1,2097.55,1,2097.55,0,0.0,0,0.0,100.0,100.0
2026-04-01,SUP-049,Supplier 049,Vietnam,APAC,PLT-04,Chennai Forge,India,APAC,SMB,UK,1,9599.1,1,9599.1,1,9599.1,0,0.0,0,0.0,100.0,100.0
2026-04-01,SUP-049,Supplier 049,Vietnam,APAC,PLT-03,Tokyo Precision,Japan,APAC,Government,Canada,1,3727.5,1,3727.5,1,3727.5,1,3727.5,0,0.0,100.0,100.0
2026-04-01,SUP-049,Supplier 049,Vietnam,APAC,PLT-02,Detroit Works,USA,NA,SMB,France,1,22014.14,1,22014.14,0,0.0,0,0.0,1,22014.14,100.0,100.0
2026-04-01,SUP-049,Supplier 049,Vietnam,APAC,PLT-03,Tokyo Precision,Japan,APAC,Enterprise,USA,1,13172.76,1,13172.76,1,13172.76,0,0.0,0,0.0,100.0,100.0
2026-05-01,SUP-000,Supplier 000,China,APAC,PLT-07,Seoul Tech,South Korea,APAC,Government,Australia,1,1690.56,1,1690.56,0,0.0,1,1690.56,0,0.0,100.0,100.0
2026-05-01,SUP-000,Supplier 000,China,APAC,PLT-04,Chennai Forge,India,APAC,SMB,Singapore,1,30900.54,1,30900.54,1,30900.54,0,0.0,0,0.0,100.0,100.0
2026-05-01,SUP-000,Supplier 000,China,APAC,PLT-07,Seoul Tech,South Korea,APAC,Enterprise,USA,1,12115.9,1,12115.9,0,0.0,0,0.0,1,12115.9,100.0,100.0
2026-05-01,SUP-000,Supplier 000,China,APAC,PLT-01,Munich Center,Germany,EMEA,Enterprise,Germany,1,216.96,1,216.96,0,0.0,0,0.0,1,216.96,100.0,100.0
2026-05-01,SUP-000,Supplier 000,China,APAC,PLT-00,Shanghai Hub,China,APAC,SMB,Australia,1,14947.76,1,14947.76,1,14947.76,1,14947.76,0,0.0,100.0,100.0
2026-05-01,SUP-000,Supplier 000,China,APAC,PLT-05,Monterrey Plant,Mexico,LATAM,SMB,Canada,1,8762.52,1,8762.52,1,8762.52,0,0.0,0,0.0,100.0,100.0
2026-05-01,SUP-000,Supplier 000,China,APAC,PLT-09,Hanoi Assembly,Vietnam,APAC,Government,Germany,1,7191.31,1,7191.31,1,7191.31,0,0.0,0,0.0,100.0,100.0
2026-05-01,SUP-001,Supplier 001,Germany,EMEA,PLT-08,Taipei Micro,Taiwan,APAC,SMB,Australia,1,471.38,1,471.38,1,471.38,0,0.0,0,0.0,100.0,100.0
2026-05-01,SUP-001,Supplier 001,Germany,EMEA,PLT-00,Shanghai Hub,China,APAC,SMB,Australia,1,51779.44,1,51779.44,1,51779.44,0,0.0,0,0.0,100.0,100.0
2026-05-01,SUP-001,Supplier 001,Germany,EMEA,PLT-07,Seoul Tech,South Korea,APAC,Government,USA,1,65806.64,1,65806.64,1,65806.64,0,0.0,0,0.0,100.0,100.0
2026-05-01,SUP-001,Supplier 001,Germany,EMEA,PLT-02,Detroit Works,USA,NA,Government,USA,1,10107.66,1,10107.66,1,10107.66,0,0.0,0,0.0,100.0,100.0
2026-05-01,SUP-001,Supplier 001,Germany,EMEA,PLT-05,Monterrey Plant,Mexico,LATAM,Enterprise,Germany,1,23258.78,1,23258.78,1,23258.78,1,23258.78,0,0.0,100.0,100.0
2026-05-01,SUP-001,Supplier 001,Germany,EMEA,PLT-07,Seoul Tech,South Korea,APAC,Government,Germany,1,68016.87,1,68016.87,1,68016.87,0,0.0,0,0.0,100.0,100.0
2026-05-01,SUP-002,Supplier 002,USA,NA,PLT-02,Detroit Works,USA,NA,Government,USA,1,2509.11,0,0.0,0,0.0,0,0.0,0,0.0,0.0,0.0
2026-05-01,SUP-002,Supplier 002,USA,NA,PLT-09,Hanoi Assembly,Vietnam,APAC,Government,Singapore,1,98329.56,1,98329.56,0,0.0,1,98329.56,0,0.0,100.0,100.0
2026-05-01,SUP-002,Supplier 002,USA,NA,PLT-09,Hanoi Assembly,Vietnam,APAC,Government,Japan,1,17758.27,1,17758.27,1,17758.27,0,0.0,0,0.0,100.0,100.0
2026-05-01,SUP-002,Supplier 002,USA,NA,PLT-06,Sao Paulo Ops,Brazil,LATAM,SMB,UK,1,8877.99,0,0.0,0,0.0,0,0.0,0,0.0,0.0,0.0
2026-05-01,SUP-002,Supplier 002,USA,NA,PLT-02,Detroit Works,USA,NA,SMB,UK,1,4426.24,0,0.0,0,0.0,0,0.0,0,0.0,0.0,0.0
2026-05-01,SUP-002,Supplier 002,USA,NA,PLT-09,Hanoi Assembly,Vietnam,APAC,Enterprise,Singapore,1,10101.28,1,10101.28,1,10101.28,0,0.0,0,0.0,100.0,100.0
2026-05-01,SUP-002,Supplier 002,USA,NA,PLT-02,Detroit Works,USA,NA,SMB,Australia,1,3457.92,1,3457.92,1,3457.92,1,3457.92,0,0.0,100.0,100.0
2026-05-01,SUP-002,Supplier 002,USA,NA,PLT-07,Seoul Tech,South Korea,APAC,SMB,Germany,1,43391.66,1,43391.66,1,43391.66,1,43391.66,0,0.0,100.0,100.0
2026-05-01,SUP-002,Supplier 002,USA,NA,PLT-05,Monterrey Plant,Mexico,LATAM,SMB,Germany,1,6453.48,1,6453.48,1,6453.48,1,6453.48,0,0.0,100.0,100.0
2026-05-01,SUP-002,Supplier 002,USA,NA,PLT-04,Chennai Forge,India,APAC,Government,Singapore,1,3825.15,1,3825.15,0,0.0,1,3825.15,0,0.0,100.0,100.0
2026-05-01,SUP-003,Supplier 003,Japan,APAC,PLT-08,Taipei Micro,Taiwan,APAC,SMB,UK,1,1645.8,1,1645.8,1,1645.8,0,0.0,0,0.0,100.0,100.0
2026-05-01,SUP-003,Supplier 003,Japan,APAC,PLT-00,Shanghai Hub,China,APAC,SMB,Japan,1,11982.43,1,11982.43,0,0.0,0,0.0,1,11982.43,100.0,100.0
2026-05-01,SUP-003,Supplier 003,Japan,APAC,PLT-08,Taipei Micro,Taiwan,APAC,Government,Australia,1,48235.77,1,48235.77,1,48235.77,0,0.0,0,0.0,100.0,100.0
2026-05-01,SUP-003,Supplier 003,Japan,APAC,PLT-09,Hanoi Assembly,Vietnam,APAC,SMB,Singapore,1,11387.65,1,11387.65,1,11387.65,0,0.0,0,0.0,100.0,100.0
2026-05-01,SUP-003,Supplier 003,Japan,APAC,PLT-01,Munich Center,Germany,EMEA,Enterprise,Japan,1,6720.6,0,0.0,0,0.0,0,0.0,0,0.0,0.0,0.0
2026-05-01,SUP-003,Supplier 003,Japan,APAC,PLT-02,Detroit Works,USA,NA,Enterprise,France,1,11178.73,1,11178.73,1,11178.73,1,11178.73,0,0.0,100.0,100.0
2026-05-01,SUP-003,Supplier 003,Japan,APAC,PLT-05,Monterrey Plant,Mexico,LATAM,SMB,Germany,1,3908.8,1,3908.8,1,3908.8,0,0.0,0,0.0,100.0,100.0
2026-05-01,SUP-003,Supplier 003,Japan,APAC,PLT-02,Detroit Works,USA,NA,Enterprise,Germany,1,1220.48,1,1220.48,1,1220.48,0,0.0,0,0.0,100.0,100.0
2026-05-01,SUP-003,Supplier 003,Japan,APAC,PLT-08,Taipei Micro,Taiwan,APAC,SMB,Australia,1,5794.0,1,5794.0,1,5794.0,1,5794.0,0,0.0,100.0,100.0
2026-05-01,SUP-003,Supplier 003,Japan,APAC,PLT-04,Chennai Forge,India,APAC,SMB,Canada,1,4174.55,0,0.0,0,0.0,0,0.0,0,0.0,0.0,0.0
2026-05-01,SUP-003,Supplier 003,Japan,APAC,PLT-06,Sao Paulo Ops,Brazil,LATAM,Government,Germany,1,2131.11,1,2131.11,1,2131.11,1,2131.11,0,0.0,100.0,100.0
2026-05-01,SUP-003,Supplier 003,Japan,APAC,PLT-04,Chennai Forge,India,APAC,Enterprise,France,1,4627.92,1,4627.92,1,4627.92,1,4627.92,0,0.0,100.0,100.0
2026-05-01,SUP-004,Supplier 004,India,APAC,PLT-03,Tokyo Precision,Japan,APAC,Government,France,1,70726.05,1,70726.05,1,70726.05,0,0.0,0,0.0,100.0,100.0
2026-05-01,SUP-004,Supplier 004,India,APAC,PLT-08,Taipei Micro,Taiwan,APAC,Government,Australia,1,167.21,1,167.21,1,167.21,0,0.0,0,0.0,100.0,100.0
2026-05-01,SUP-004,Supplier 004,India,APAC,PLT-02,Detroit Works,USA,NA,Government,Germany,1,30442.23,1,30442.23,1,30442.23,0,0.0,0,0.0,100.0,100.0
2026-05-01,SUP-004,Supplier 004,India,APAC,PLT-04,Chennai Forge,India,APAC,SMB,France,1,3457.72,1,3457.72,0,0.0,1,3457.72,0,0.0,100.0,100.0
2026-05-01,SUP-004,Supplier 004,India,APAC,PLT-07,Seoul Tech,South Korea,APAC,SMB,France,1,14143.3,1,14143.3,0,0.0,0,0.0,1,14143.3,100.0,100.0
2026-05-01,SUP-004,Supplier 004,India,APAC,PLT-03,Tokyo Precision,Japan,APAC,SMB,Australia,1,1847.29,1,1847.29,1,1847.29,1,1847.29,0,0.0,100.0,100.0
2026-05-01,SUP-005,Supplier 005,Mexico,LATAM,PLT-04,Chennai Forge,India,APAC,SMB,France,1,15059.66,1,15059.66,1,15059.66,1,15059.66,0,0.0,100.0,100.0
2026-05-01,SUP-005,Supplier 005,Mexico,LATAM,PLT-01,Munich Center,Germany,EMEA,Government,Australia,1,27557.28,1,27557.28,1,27557.28,0,0.0,0,0.0,100.0,100.0
2026-05-01,SUP-005,Supplier 005,Mexico,LATAM,PLT-07,Seoul Tech,South Korea,APAC,Enterprise,Germany,1,48486.0,1,48486.0,0,0.0,0,0.0,1,48486.0,100.0,100.0
2026-05-01,SUP-005,Supplier 005,Mexico,LATAM,PLT-01,Munich Center,Germany,EMEA,Government,Germany,1,31946.88,1,31946.88,1,31946.88,1,31946.88,0,0.0,100.0,100.0
2026-05-01,SUP-005,Supplier 005,Mexico,LATAM,PLT-01,Munich Center,Germany,EMEA,Enterprise,Germany,1,4704.96,1,4704.96,1,4704.96,0,0.0,0,0.0,100.0,100.0
2026-05-01,SUP-005,Supplier 005,Mexico,LATAM,PLT-02,Detroit Works,USA,NA,SMB,Germany,1,18453.6,1,18453.6,1,18453.6,1,18453.6,0,0.0,100.0,100.0
2026-05-01,SUP-005,Supplier 005,Mexico,LATAM,PLT-06,Sao Paulo Ops,Brazil,LATAM,Government,Germany,1,13505.31,1,13505.31,1,13505.31,0,0.0,0,0.0,100.0,100.0
2026-05-01,SUP-006,Supplier 006,Brazil,LATAM,PLT-09,Hanoi Assembly,Vietnam,APAC,Enterprise,USA,1,16317.6,1,16317.6,0,0.0,1,16317.6,0,0.0,100.0,100.0
2026-05-01,SUP-006,Supplier 006,Brazil,LATAM,PLT-04,Chennai Forge,India,APAC,Government,Germany,1,5330.45,1,5330.45,1,5330.45,1,5330.45,0,0.0,100.0,100.0
2026-05-01,SUP-006,Supplier 006,Brazil,LATAM,PLT-01,Munich Center,Germany,EMEA,SMB,Singapore,1,24810.88,1,24810.88,1,24810.88,0,0.0,0,0.0,100.0,100.0
2026-05-01,SUP-006,Supplier 006,Brazil,LATAM,PLT-08,Taipei Micro,Taiwan,APAC,Enterprise,USA,1,4497.88,1,4497.88,1,4497.88,0,0.0,0,0.0,100.0,100.0
2026-05-01,SUP-006,Supplier 006,Brazil,LATAM,PLT-00,Shanghai Hub,China,APAC,Enterprise,USA,1,82755.76,0,0.0,0,0.0,0,0.0,0,0.0,0.0,0.0
2026-05-01,SUP-006,Supplier 006,Brazil,LATAM,PLT-08,Taipei Micro,Taiwan,APAC,Government,Germany,1,3339.0,1,3339.0,1,3339.0,1,3339.0,0,0.0,100.0,100.0
2026-05-01,SUP-006,Supplier 006,Brazil,LATAM,PLT-02,Detroit Works,USA,NA,SMB,USA,1,34340.46,1,34340.46,1,34340.46,0,0.0,0,0.0,100.0,100.0
2026-05-01,SUP-007,Supplier 007,South Korea,APAC,PLT-09,Hanoi Assembly,Vietnam,APAC,Enterprise,Germany,1,1843.02,1,1843.02,0,0.0,0,0.0,1,1843.02,100.0,100.0
2026-05-01,SUP-007,Supplier 007,South Korea,APAC,PLT-04,Chennai Forge,India,APAC,SMB,Singapore,1,55913.0,0,0.0,0,0.0,0,0.0,0,0.0,0.0,0.0
2026-05-01,SUP-007,Supplier 007,South Korea,APAC,PLT-04,Chennai Forge,India,APAC,Enterprise,Germany,1,55090.42,1,55090.42,1,55090.42,0,0.0,0,0.0,100.0,100.0
2026-05-01,SUP-007,Supplier 007,South Korea,APAC,PLT-09,Hanoi Assembly,Vietnam,APAC,Enterprise,Japan,1,16710.2,1,16710.2,1,16710.2,0,0.0,0,0.0,100.0,100.0
2026-05-01,SUP-007,Supplier 007,South Korea,APAC,PLT-05,Monterrey Plant,Mexico,LATAM,SMB,Japan,1,16093.73,1,16093.73,1,16093.73,0,0.0,0,0.0,100.0,100.0
2026-05-01,SUP-007,Supplier 007,South Korea,APAC,PLT-05,Monterrey Plant,Mexico,LATAM,SMB,Singapore,1,51246.36,1,51246.36,1,51246.36,0,0.0,0,0.0,100.0,100.0
2026-05-01,SUP-007,Supplier 007,South Korea,APAC,PLT-00,Shanghai Hub,China,APAC,Enterprise,Japan,1,25404.65,1,25404.65,1,25404.65,0,0.0,0,0.0,100.0,100.0
2026-05-01,SUP-007,Supplier 007,South Korea,APAC,PLT-00,Shanghai Hub,China,APAC,SMB,Australia,1,39833.73,1,39833.73,1,39833.73,0,0.0,0,0.0,100.0,100.0
2026-05-01,SUP-007,Supplier 007,South Korea,APAC,PLT-01,Munich Center,Germany,EMEA,Enterprise,USA,1,27327.0,0,0.0,0,0.0,0,0.0,0,0.0,0.0,0.0
2026-05-01,SUP-008,Supplier 008,Taiwan,APAC,PLT-05,Monterrey Plant,Mexico,LATAM,SMB,UK,1,21943.98,1,21943.98,1,21943.98,0,0.0,0,0.0,100.0,100.0
2026-05-01,SUP-008,Supplier 008,Taiwan,APAC,PLT-04,Chennai Forge,India,APAC,SMB,France,1,44413.38,1,44413.38,1,44413.38,0,0.0,0,0.0,100.0,100.0
2026-05-01,SUP-008,Supplier 008,Taiwan,APAC,PLT-00,Shanghai Hub,China,APAC,SMB,Australia,1,17004.36,1,17004.36,1,17004.36,0,0.0,0,0.0,100.0,100.0
2026-05-01,SUP-008,Supplier 008,Taiwan,APAC,PLT-06,Sao Paulo Ops,Brazil,LATAM,Enterprise,Japan,1,6741.63,1,6741.63,1,6741.63,1,6741.63,0,0.0,100.0,100.0
2026-05-01,SUP-008,Supplier 008,Taiwan,APAC,PLT-08,Taipei Micro,Taiwan,APAC,SMB,Singapore,1,22322.08,0,0.0,0,0.0,0,0.0,0,0.0,0.0,0.0
2026-05-01,SUP-008,Supplier 008,Taiwan,APAC,PLT-01,Munich Center,Germany,EMEA,SMB,Singapore,1,54328.6,1,54328.6,1,54328.6,0,0.0,0,0.0,100.0,100.0
2026-05-01,SUP-009,Supplier 009,Vietnam,APAC,PLT-01,Munich Center,Germany,EMEA,Enterprise,Canada,1,8984.79,1,8984.79,1,8984.79,1,8984.79,0,0.0,100.0,100.0
2026-05-01,SUP-009,Supplier 009,Vietnam,APAC,PLT-08,Taipei Micro,Taiwan,APAC,SMB,Japan,1,16204.65,1,16204.65,1,16204.65,0,0.0,0,0.0,100.0,100.0
2026-05-01,SUP-009,Supplier 009,Vietnam,APAC,PLT-05,Monterrey Plant,Mexico,LATAM,SMB,Japan,1,5107.11,0,0.0,0,0.0,0,0.0,0,0.0,0.0,0.0
2026-05-01,SUP-009,Supplier 009,Vietnam,APAC,PLT-01,Munich Center,Germany,EMEA,Enterprise,USA,1,635.52,0,0.0,0,0.0,0,0.0,0,0.0,0.0,0.0
2026-05-01,SUP-009,Supplier 009,Vietnam,APAC,PLT-01,Munich Center,Germany,EMEA,SMB,Australia,1,26054.99,1,26054.99,0,0.0,1,26054.99,0,0.0,100.0,100.0
2026-05-01,SUP-009,Supplier 009,Vietnam,APAC,PLT-09,Hanoi Assembly,Vietnam,APAC,Enterprise,Japan,1,5241.4,1,5241.4,1,5241.4,0,0.0,0,0.0,100.0,100.0
2026-05-01,SUP-009,Supplier 009,Vietnam,APAC,PLT-05,Monterrey Plant,Mexico,LATAM,SMB,France,1,32034.59,1,32034.59,1,32034.59,0,0.0,0,0.0,100.0,100.0
2026-05-01,SUP-009,Supplier 009,Vietnam,APAC,PLT-05,Monterrey Plant,Mexico,LATAM,SMB,UK,1,27571.85,1,27571.85,1,27571.85,0,0.0,0,0.0,100.0,100.0
2026-05-01,SUP-009,Supplier 009,Vietnam,APAC,PLT-06,Sao Paulo Ops,Brazil,LATAM,SMB,UK,1,4418.26,0,0.0,0,0.0,0,0.0,0,0.0,0.0,0.0
2026-05-01,SUP-009,Supplier 009,Vietnam,APAC,PLT-04,Chennai Forge,India,APAC,SMB,France,1,22953.0,0,0.0,0,0.0,0,0.0,0,0.0,0.0,0.0
2026-05-01,SUP-010,Supplier 010,China,APAC,PLT-00,Shanghai Hub,China,APAC,Government,Australia,1,14070.75,1,14070.75,1,14070.75,0,0.0,0,0.0,100.0,100.0
2026-05-01,SUP-010,Supplier 010,China,APAC,PLT-00,Shanghai Hub,China,APAC,SMB,Germany,1,10914.4,1,10914.4,1,10914.4,1,10914.4,0,0.0,100.0,100.0
2026-05-01,SUP-010,Supplier 010,China,APAC,PLT-09,Hanoi Assembly,Vietnam,APAC,SMB,UK,1,63127.4,1,63127.4,1,63127.4,1,63127.4,0,0.0,100.0,100.0
2026-05-01,SUP-010,Supplier 010,China,APAC,PLT-03,Tokyo Precision,Japan,APAC,Government,USA,1,6361.32,1,6361.32,1,6361.32,0,0.0,0,0.0,100.0,100.0
2026-05-01,SUP-010,Supplier 010,China,APAC,PLT-04,Chennai Forge,India,APAC,Enterprise,Germany,1,2330.24,1,2330.24,1,2330.24,0,0.0,0,0.0,100.0,100.0
2026-05-01,SUP-010,Supplier 010,China,APAC,PLT-06,Sao Paulo Ops,Brazil,LATAM,Enterprise,France,2,17607.45,1,10647.12,1,10647.12,0,0.0,0,0.0,50.0,60.47
2026-05-01,SUP-010,Supplier 010,China,APAC,PLT-03,Tokyo Precision,Japan,APAC,Enterprise,Australia,1,50670.92,1,50670.92,1,50670.92,0,0.0,0,0.0,100.0,100.0
2026-05-01,SUP-010,Supplier 010,China,APAC,PLT-03,Tokyo Precision,Japan,APAC,Enterprise,USA,1,39872.56,1,39872.56,0,0.0,0,0.0,1,39872.56,100.0,100.0
2026-05-01,SUP-010,Supplier 010,China,APAC,PLT-04,Chennai Forge,India,APAC,SMB,Singapore,1,6539.56,1,6539.56,1,6539.56,0,0.0,0,0.0,100.0,100.0
2026-05-01,SUP-011,Supplier 011,Germany,EMEA,PLT-05,Monterrey Plant,Mexico,LATAM,SMB,Germany,1,62855.1,1,62855.1,1,62855.1,1,62855.1,0,0.0,100.0,100.0
2026-05-01,SUP-011,Supplier 011,Germany,EMEA,PLT-00,Shanghai Hub,China,APAC,Government,USA,1,45948.0,1,45948.0,1,45948.0,0,0.0,0,0.0,100.0,100.0
2026-05-01,SUP-011,Supplier 011,Germany,EMEA,PLT-03,Tokyo Precision,Japan,APAC,SMB,USA,1,36457.23,1,36457.23,1,36457.23,1,36457.23,0,0.0,100.0,100.0
2026-05-01,SUP-011,Supplier 011,Germany,EMEA,PLT-05,Monterrey Plant,Mexico,LATAM,Enterprise,France,1,50723.92,1,50723.92,1,50723.92,1,50723.92,0,0.0,100.0,100.0
2026-05-01,SUP-011,Supplier 011,Germany,EMEA,PLT-02,Detroit Works,USA,NA,Enterprise,France,1,60383.92,1,60383.92,0,0.0,0,0.0,1,60383.92,100.0,100.0
2026-05-01,SUP-011,Supplier 011,Germany,EMEA,PLT-01,Munich Center,Germany,EMEA,SMB,Australia,1,21682.08,1,21682.08,0,0.0,0,0.0,1,21682.08,100.0,100.0
2026-05-01,SUP-011,Supplier 011,Germany,EMEA,PLT-07,Seoul Tech,South Korea,APAC,SMB,Australia,1,27112.4,1,27112.4,1,27112.4,0,0.0,0,0.0,100.0,100.0
2026-05-01,SUP-011,Supplier 011,Germany,EMEA,PLT-07,Seoul Tech,South Korea,APAC,SMB,USA,1,6784.04,1,6784.04,1,6784.04,0,0.0,0,0.0,100.0,100.0
2026-05-01,SUP-011,Supplier 011,Germany,EMEA,PLT-03,Tokyo Precision,Japan,APAC,SMB,France,2,6083.84,2,6083.84,2,6083.84,0,0.0,0,0.0,100.0,100.0
2026-05-01,SUP-012,Supplier 012,USA,NA,PLT-09,Hanoi Assembly,Vietnam,APAC,SMB,Canada,1,19350.63,1,19350.63,1,19350.63,0,0.0,0,0.0,100.0,100.0
2026-05-01,SUP-012,Supplier 012,USA,NA,PLT-02,Detroit Works,USA,NA,Government,Singapore,1,21334.02,1,21334.02,0,0.0,1,21334.02,0,0.0,100.0,100.0
2026-05-01,SUP-012,Supplier 012,USA,NA,PLT-02,Detroit Works,USA,NA,Enterprise,Japan,1,42691.88,0,0.0,0,0.0,0,0.0,0,0.0,0.0,0.0
2026-05-01,SUP-012,Supplier 012,USA,NA,PLT-08,Taipei Micro,Taiwan,APAC,SMB,Germany,1,2009.0,1,2009.0,1,2009.0,0,0.0,0,0.0,100.0,100.0
2026-05-01,SUP-012,Supplier 012,USA,NA,PLT-03,Tokyo Precision,Japan,APAC,Enterprise,Canada,1,1241.76,1,1241.76,1,1241.76,0,0.0,0,0.0,100.0,100.0
2026-05-01,SUP-012,Supplier 012,USA,NA,PLT-08,Taipei Micro,Taiwan,APAC,SMB,Japan,1,22214.01,1,22214.01,1,22214.01,0,0.0,0,0.0,100.0,100.0
2026-05-01,SUP-012,Supplier 012,USA,NA,PLT-09,Hanoi Assembly,Vietnam,APAC,SMB,UK,1,1778.57,1,1778.57,0,0.0,1,1778.57,0,0.0,100.0,100.0
2026-05-01,SUP-012,Supplier 012,USA,NA,PLT-06,Sao Paulo Ops,Brazil,LATAM,SMB,Canada,1,29394.2,0,0.0,0,0.0,0,0.0,0,0.0,0.0,0.0
2026-05-01,SUP-013,Supplier 013,Japan,APAC,PLT-08,Taipei Micro,Taiwan,APAC,Government,France,1,4480.28,1,4480.28,0,0.0,1,4480.28,0,0.0,100.0,100.0
2026-05-01,SUP-013,Supplier 013,Japan,APAC,PLT-06,Sao Paulo Ops,Brazil,LATAM,SMB,Germany,1,18591.2,1,18591.2,1,18591.2,1,18591.2,0,0.0,100.0,100.0
2026-05-01,SUP-013,Supplier 013,Japan,APAC,PLT-03,Tokyo Precision,Japan,APAC,Government,Singapore,1,20948.07,1,20948.07,1,20948.07,1,20948.07,0,0.0,100.0,100.0
2026-05-01,SUP-013,Supplier 013,Japan,APAC,PLT-06,Sao Paulo Ops,Brazil,LATAM,Enterprise,USA,1,8302.56,1,8302.56,1,8302.56,1,8302.56,0,0.0,100.0,100.0
2026-05-01,SUP-013,Supplier 013,Japan,APAC,PLT-01,Munich Center,Germany,EMEA,Enterprise,Canada,1,28965.86,1,28965.86,1,28965.86,1,28965.86,0,0.0,100.0,100.0
2026-05-01,SUP-013,Supplier 013,Japan,APAC,PLT-03,Tokyo Precision,Japan,APAC,SMB,UK,1,11254.88,1,11254.88,1,11254.88,0,0.0,0,0.0,100.0,100.0
2026-05-01,SUP-013,Supplier 013,Japan,APAC,PLT-05,Monterrey Plant,Mexico,LATAM,SMB,Singapore,1,5172.44,1,5172.44,1,5172.44,0,0.0,0,0.0,100.0,100.0
2026-05-01,SUP-013,Supplier 013,Japan,APAC,PLT-00,Shanghai Hub,China,APAC,Enterprise,France,1,3630.0,1,3630.0,1,3630.0,0,0.0,0,0.0,100.0,100.0
2026-05-01,SUP-014,Supplier 014,India,APAC,PLT-02,Detroit Works,USA,NA,Government,USA,1,296.68,0,0.0,0,0.0,0,0.0,0,0.0,0.0,0.0
2026-05-01,SUP-014,Supplier 014,India,APAC,PLT-01,Munich Center,Germany,EMEA,Enterprise,France,1,70320.26,1,70320.26,0,0.0,0,0.0,1,70320.26,100.0,100.0
2026-05-01,SUP-014,Supplier 014,India,APAC,PLT-03,Tokyo Precision,Japan,APAC,Enterprise,Canada,1,525.72,1,525.72,1,525.72,1,525.72,0,0.0,100.0,100.0
2026-05-01,SUP-014,Supplier 014,India,APAC,PLT-06,Sao Paulo Ops,Brazil,LATAM,SMB,Singapore,1,33484.8,1,33484.8,1,33484.8,0,0.0,0,0.0,100.0,100.0
2026-05-01,SUP-014,Supplier 014,India,APAC,PLT-05,Monterrey Plant,Mexico,LATAM,SMB,France,1,826.8,1,826.8,1,826.8,1,826.8,0,0.0,100.0,100.0
2026-05-01,SUP-014,Supplier 014,India,APAC,PLT-03,Tokyo Precision,Japan,APAC,Government,Germany,1,319.32,1,319.32,0,0.0,0,0.0,1,319.32,100.0,100.0
2026-05-01,SUP-014,Supplier 014,India,APAC,PLT-03,Tokyo Precision,Japan,APAC,Enterprise,France,1,5222.65,1,5222.65,1,5222.65,1,5222.65,0,0.0,100.0,100.0
2026-05-01,SUP-014,Supplier 014,India,APAC,PLT-03,Tokyo Precision,Japan,APAC,SMB,Singapore,1,27104.9,1,27104.9,0,0.0,0,0.0,1,27104.9,100.0,100.0
2026-05-01,SUP-015,Supplier 015,Mexico,LATAM,PLT-06,Sao Paulo Ops,Brazil,LATAM,Enterprise,Australia,1,6528.06,1,6528.06,1,6528.06,0,0.0,0,0.0,100.0,100.0
2026-05-01,SUP-015,Supplier 015,Mexico,LATAM,PLT-04,Chennai Forge,India,APAC,Government,France,1,19307.42,1,19307.42,0,0.0,0,0.0,1,19307.42,100.0,100.0
2026-05-01,SUP-016,Supplier 016,Brazil,LATAM,PLT-06,Sao Paulo Ops,Brazil,LATAM,SMB,Australia,1,7861.12,0,0.0,0,0.0,0,0.0,0,0.0,0.0,0.0
2026-05-01,SUP-016,Supplier 016,Brazil,LATAM,PLT-09,Hanoi Assembly,Vietnam,APAC,Government,Japan,1,3987.75,1,3987.75,1,3987.75,1,3987.75,0,0.0,100.0,100.0
2026-05-01,SUP-016,Supplier 016,Brazil,LATAM,PLT-02,Detroit Works,USA,NA,Government,UK,1,7716.42,1,7716.42,0,0.0,1,7716.42,0,0.0,100.0,100.0
2026-05-01,SUP-016,Supplier 016,Brazil,LATAM,PLT-08,Taipei Micro,Taiwan,APAC,Enterprise,UK,1,25078.2,0,0.0,0,0.0,0,0.0,0,0.0,0.0,0.0
2026-05-01,SUP-016,Supplier 016,Brazil,LATAM,PLT-00,Shanghai Hub,China,APAC,Enterprise,France,1,4866.66,1,4866.66,1,4866.66,0,0.0,0,0.0,100.0,100.0
2026-05-01,SUP-016,Supplier 016,Brazil,LATAM,PLT-05,Monterrey Plant,Mexico,LATAM,SMB,Germany,2,77310.48,2,77310.48,2,77310.48,0,0.0,0,0.0,100.0,100.0
2026-05-01,SUP-016,Supplier 016,Brazil,LATAM,PLT-00,Shanghai Hub,China,APAC,SMB,Canada,1,9127.3,1,9127.3,1,9127.3,1,9127.3,0,0.0,100.0,100.0
2026-05-01,SUP-016,Supplier 016,Brazil,LATAM,PLT-07,Seoul Tech,South Korea,APAC,SMB,UK,1,5455.28,1,5455.28,1,5455.28,0,0.0,0,0.0,100.0,100.0
2026-05-01,SUP-017,Supplier 017,South Korea,APAC,PLT-05,Monterrey Plant,Mexico,LATAM,SMB,USA,2,45799.0,2,45799.0,1,32534.84,1,13264.16,0,0.0,100.0,100.0
2026-05-01,SUP-017,Supplier 017,South Korea,APAC,PLT-01,Munich Center,Germany,EMEA,SMB,Japan,1,13532.96,1,13532.96,0,0.0,0,0.0,1,13532.96,100.0,100.0
2026-05-01,SUP-017,Supplier 017,South Korea,APAC,PLT-02,Detroit Works,USA,NA,SMB,UK,1,12134.61,1,12134.61,0,0.0,0,0.0,1,12134.61,100.0,100.0
2026-05-01,SUP-017,Supplier 017,South Korea,APAC,PLT-00,Shanghai Hub,China,APAC,SMB,Germany,1,6648.36,0,0.0,0,0.0,0,0.0,0,0.0,0.0,0.0
2026-05-01,SUP-017,Supplier 017,South Korea,APAC,PLT-06,Sao Paulo Ops,Brazil,LATAM,SMB,Singapore,1,19800.27,1,19800.27,1,19800.27,0,0.0,0,0.0,100.0,100.0
2026-05-01,SUP-017,Supplier 017,South Korea,APAC,PLT-05,Monterrey Plant,Mexico,LATAM,SMB,Canada,1,33180.84,1,33180.84,1,33180.84,0,0.0,0,0.0,100.0,100.0
2026-05-01,SUP-017,Supplier 017,South Korea,APAC,PLT-01,Munich Center,Germany,EMEA,SMB,Singapore,1,23674.82,1,23674.82,1,23674.82,0,0.0,0,0.0,100.0,100.0
2026-05-01,SUP-018,Supplier 018,Taiwan,APAC,PLT-04,Chennai Forge,India,APAC,Enterprise,USA,1,613.8,1,613.8,1,613.8,1,613.8,0,0.0,100.0,100.0
2026-05-01,SUP-018,Supplier 018,Taiwan,APAC,PLT-03,Tokyo Precision,Japan,APAC,SMB,France,1,1822.6,1,1822.6,0,0.0,0,0.0,1,1822.6,100.0,100.0
2026-05-01,SUP-018,Supplier 018,Taiwan,APAC,PLT-03,Tokyo Precision,Japan,APAC,SMB,Australia,1,1372.55,1,1372.55,0,0.0,0,0.0,1,1372.55,100.0,100.0
2026-05-01,SUP-018,Supplier 018,Taiwan,APAC,PLT-05,Monterrey Plant,Mexico,LATAM,SMB,France,1,8365.44,1,8365.44,0,0.0,1,8365.44,0,0.0,100.0,100.0
2026-05-01,SUP-018,Supplier 018,Taiwan,APAC,PLT-00,Shanghai Hub,China,APAC,Enterprise,France,1,3008.28,1,3008.28,1,3008.28,0,0.0,0,0.0,100.0,100.0
2026-05-01,SUP-018,Supplier 018,Taiwan,APAC,PLT-08,Taipei Micro,Taiwan,APAC,Enterprise,Canada,1,30923.2,1,30923.2,1,30923.2,0,0.0,0,0.0,100.0,100.0
2026-05-01,SUP-018,Supplier 018,Taiwan,APAC,PLT-08,Taipei Micro,Taiwan,APAC,Government,USA,1,17716.04,0,0.0,0,0.0,0,0.0,0,0.0,0.0,0.0
2026-05-01,SUP-018,Supplier 018,Taiwan,APAC,PLT-07,Seoul Tech,South Korea,APAC,Government,Germany,1,37928.88,1,37928.88,1,37928.88,0,0.0,0,0.0,100.0,100.0
2026-05-01,SUP-018,Supplier 018,Taiwan,APAC,PLT-00,Shanghai Hub,China,APAC,Government,Germany,1,14166.9,1,14166.9,1,14166.9,1,14166.9,0,0.0,100.0,100.0
2026-05-01,SUP-018,Supplier 018,Taiwan,APAC,PLT-07,Seoul Tech,South Korea,APAC,Enterprise,Germany,1,3323.53,1,3323.53,1,3323.53,0,0.0,0,0.0,100.0,100.0
2026-05-01,SUP-018,Supplier 018,Taiwan,APAC,PLT-01,Munich Center,Germany,EMEA,SMB,Singapore,1,6355.26,1,6355.26,1,6355.26,0,0.0,0,0.0,100.0,100.0
2026-05-01,SUP-019,Supplier 019,Vietnam,APAC,PLT-02,Detroit Works,USA,NA,SMB,USA,1,39601.44,1,39601.44,1,39601.44,0,0.0,0,0.0,100.0,100.0
2026-05-01,SUP-019,Supplier 019,Vietnam,APAC,PLT-04,Chennai Forge,India,APAC,SMB,Australia,1,14783.4,1,14783.4,1,14783.4,0,0.0,0,0.0,100.0,100.0
2026-05-01,SUP-020,Supplier 020,China,APAC,PLT-09,Hanoi Assembly,Vietnam,APAC,Government,Germany,1,56971.25,1,56971.25,1,56971.25,1,56971.25,0,0.0,100.0,100.0
2026-05-01,SUP-020,Supplier 020,China,APAC,PLT-09,Hanoi Assembly,Vietnam,APAC,Government,Singapore,1,9974.87,1,9974.87,1,9974.87,1,9974.87,0,0.0,100.0,100.0
2026-05-01,SUP-020,Supplier 020,China,APAC,PLT-09,Hanoi Assembly,Vietnam,APAC,Enterprise,Canada,1,2920.38,1,2920.38,1,2920.38,0,0.0,0,0.0,100.0,100.0
2026-05-01,SUP-020,Supplier 020,China,APAC,PLT-09,Hanoi Assembly,Vietnam,APAC,SMB,Australia,2,6279.19,2,6279.19,2,6279.19,0,0.0,0,0.0,100.0,100.0
2026-05-01,SUP-020,Supplier 020,China,APAC,PLT-01,Munich Center,Germany,EMEA,SMB,Australia,1,18655.0,0,0.0,0,0.0,0,0.0,0,0.0,0.0,0.0
2026-05-01,SUP-020,Supplier 020,China,APAC,PLT-03,Tokyo Precision,Japan,APAC,SMB,Germany,1,24734.04,1,24734.04,1,24734.04,1,24734.04,0,0.0,100.0,100.0
2026-05-01,SUP-020,Supplier 020,China,APAC,PLT-03,Tokyo Precision,Japan,APAC,Government,Canada,1,3185.64,1,3185.64,1,3185.64,0,0.0,0,0.0,100.0,100.0
2026-05-01,SUP-020,Supplier 020,China,APAC,PLT-08,Taipei Micro,Taiwan,APAC,SMB,France,1,3088.0,1,3088.0,1,3088.0,0,0.0,0,0.0,100.0,100.0
2026-05-01,SUP-021,Supplier 021,Germany,EMEA,PLT-01,Munich Center,Germany,EMEA,Enterprise,USA,1,8535.1,0,0.0,0,0.0,0,0.0,0,0.0,0.0,0.0
2026-05-01,SUP-021,Supplier 021,Germany,EMEA,PLT-04,Chennai Forge,India,APAC,Enterprise,Japan,1,3599.1,1,3599.1,1,3599.1,0,0.0,0,0.0,100.0,100.0
2026-05-01,SUP-021,Supplier 021,Germany,EMEA,PLT-09,Hanoi Assembly,Vietnam,APAC,Government,Canada,1,19418.44,1,19418.44,1,19418.44,0,0.0,0,0.0,100.0,100.0
2026-05-01,SUP-021,Supplier 021,Germany,EMEA,PLT-05,Monterrey Plant,Mexico,LATAM,SMB,Singapore,1,987.84,1,987.84,0,0.0,0,0.0,1,987.84,100.0,100.0
2026-05-01,SUP-021,Supplier 021,Germany,EMEA,PLT-00,Shanghai Hub,China,APAC,SMB,Germany,1,67769.5,1,67769.5,1,67769.5,0,0.0,0,0.0,100.0,100.0
2026-05-01,SUP-021,Supplier 021,Germany,EMEA,PLT-08,Taipei Micro,Taiwan,APAC,Government,Singapore,1,2106.94,1,2106.94,0,0.0,0,0.0,1,2106.94,100.0,100.0
2026-05-01,SUP-021,Supplier 021,Germany,EMEA,PLT-02,Detroit Works,USA,NA,SMB,UK,1,34082.92,1,34082.92,1,34082.92,0,0.0,0,0.0,100.0,100.0
2026-05-01,SUP-022,Supplier 022,USA,NA,PLT-03,Tokyo Precision,Japan,APAC,Government,Germany,1,3976.42,1,3976.42,1,3976.42,0,0.0,0,0.0,100.0,100.0
2026-05-01,SUP-022,Supplier 022,USA,NA,PLT-00,Shanghai Hub,China,APAC,SMB,Singapore,1,23941.8,1,23941.8,1,23941.8,1,23941.8,0,0.0,100.0,100.0
2026-05-01,SUP-022,Supplier 022,USA,NA,PLT-00,Shanghai Hub,China,APAC,Enterprise,USA,2,56522.17,2,56522.17,2,56522.17,0,0.0,0,0.0,100.0,100.0
2026-05-01,SUP-022,Supplier 022,USA,NA,PLT-07,Seoul Tech,South Korea,APAC,SMB,Singapore,1,21175.44,1,21175.44,1,21175.44,0,0.0,0,0.0,100.0,100.0
2026-05-01,SUP-022,Supplier 022,USA,NA,PLT-05,Monterrey Plant,Mexico,LATAM,Government,Australia,1,12394.03,1,12394.03,1,12394.03,0,0.0,0,0.0,100.0,100.0
2026-05-01,SUP-023,Supplier 023,Japan,APAC,PLT-04,Chennai Forge,India,APAC,SMB,Germany,1,63710.9,1,63710.9,0,0.0,0,0.0,1,63710.9,100.0,100.0
2026-05-01,SUP-023,Supplier 023,Japan,APAC,PLT-04,Chennai Forge,India,APAC,SMB,USA,1,2969.68,1,2969.68,0,0.0,0,0.0,1,2969.68,100.0,100.0
2026-05-01,SUP-023,Supplier 023,Japan,APAC,PLT-09,Hanoi Assembly,Vietnam,APAC,Enterprise,Japan,1,11250.56,1,11250.56,0,0.0,0,0.0,1,11250.56,100.0,100.0
2026-05-01,SUP-024,Supplier 024,India,APAC,PLT-05,Monterrey Plant,Mexico,LATAM,Enterprise,USA,1,15340.22,1,15340.22,1,15340.22,0,0.0,0,0.0,100.0,100.0
2026-05-01,SUP-024,Supplier 024,India,APAC,PLT-03,Tokyo Precision,Japan,APAC,SMB,USA,1,5883.52,1,5883.52,0,0.0,0,0.0,1,5883.52,100.0,100.0
2026-05-01,SUP-024,Supplier 024,India,APAC,PLT-02,Detroit Works,USA,NA,Enterprise,UK,1,13575.52,1,13575.52,1,13575.52,0,0.0,0,0.0,100.0,100.0
2026-05-01,SUP-024,Supplier 024,India,APAC,PLT-00,Shanghai Hub,China,APAC,Government,USA,1,11055.96,1,11055.96,1,11055.96,1,11055.96,0,0.0,100.0,100.0
2026-05-01,SUP-024,Supplier 024,India,APAC,PLT-06,Sao Paulo Ops,Brazil,LATAM,Government,Germany,1,22113.15,1,22113.15,0,0.0,1,22113.15,0,0.0,100.0,100.0
2026-05-01,SUP-024,Supplier 024,India,APAC,PLT-03,Tokyo Precision,Japan,APAC,SMB,Australia,1,54891.08,1,54891.08,1,54891.08,0,0.0,0,0.0,100.0,100.0
2026-05-01,SUP-024,Supplier 024,India,APAC,PLT-03,Tokyo Precision,Japan,APAC,Government,UK,1,3454.5,1,3454.5,1,3454.5,0,0.0,0,0.0,100.0,100.0
2026-05-01,SUP-024,Supplier 024,India,APAC,PLT-06,Sao Paulo Ops,Brazil,LATAM,Enterprise,Germany,1,49770.56,1,49770.56,1,49770.56,0,0.0,0,0.0,100.0,100.0
2026-05-01,SUP-024,Supplier 024,India,APAC,PLT-08,Taipei Micro,Taiwan,APAC,SMB,USA,1,9037.63,1,9037.63,1,9037.63,0,0.0,0,0.0,100.0,100.0
2026-05-01,SUP-025,Supplier 025,Mexico,LATAM,PLT-01,Munich Center,Germany,EMEA,SMB,Canada,1,10012.74,1,10012.74,0,0.0,0,0.0,1,10012.74,100.0,100.0
2026-05-01,SUP-025,Supplier 025,Mexico,LATAM,PLT-01,Munich Center,Germany,EMEA,SMB,Singapore,1,27404.0,1,27404.0,1,27404.0,0,0.0,0,0.0,100.0,100.0
2026-05-01,SUP-025,Supplier 025,Mexico,LATAM,PLT-01,Munich Center,Germany,EMEA,Enterprise,USA,1,15854.55,1,15854.55,1,15854.55,0,0.0,0,0.0,100.0,100.0
2026-05-01,SUP-025,Supplier 025,Mexico,LATAM,PLT-08,Taipei Micro,Taiwan,APAC,Government,Singapore,1,11024.16,1,11024.16,1,11024.16,0,0.0,0,0.0,100.0,100.0
2026-05-01,SUP-025,Supplier 025,Mexico,LATAM,PLT-04,Chennai Forge,India,APAC,Government,Germany,1,609.36,1,609.36,1,609.36,0,0.0,0,0.0,100.0,100.0
2026-05-01,SUP-025,Supplier 025,Mexico,LATAM,PLT-08,Taipei Micro,Taiwan,APAC,Enterprise,Japan,1,402.97,0,0.0,0,0.0,0,0.0,0,0.0,0.0,0.0
2026-05-01,SUP-025,Supplier 025,Mexico,LATAM,PLT-08,Taipei Micro,Taiwan,APAC,Government,USA,1,109.4,1,109.4,1,109.4,1,109.4,0,0.0,100.0,100.0
2026-05-01,SUP-025,Supplier 025,Mexico,LATAM,PLT-08,Taipei Micro,Taiwan,APAC,SMB,Japan,1,81216.06,1,81216.06,1,81216.06,1,81216.06,0,0.0,100.0,100.0
2026-05-01,SUP-025,Supplier 025,Mexico,LATAM,PLT-03,Tokyo Precision,Japan,APAC,SMB,Australia,1,4370.7,1,4370.7,0,0.0,0,0.0,1,4370.7,100.0,100.0
2026-05-01,SUP-025,Supplier 025,Mexico,LATAM,PLT-03,Tokyo Precision,Japan,APAC,Enterprise,UK,1,728.31,1,728.31,1,728.31,0,0.0,0,0.0,100.0,100.0
2026-05-01,SUP-025,Supplier 025,Mexico,LATAM,PLT-02,Detroit Works,USA,NA,Government,Germany,1,7412.75,0,0.0,0,0.0,0,0.0,0,0.0,0.0,0.0
2026-05-01,SUP-025,Supplier 025,Mexico,LATAM,PLT-07,Seoul Tech,South Korea,APAC,SMB,USA,1,20392.75,1,20392.75,1,20392.75,0,0.0,0,0.0,100.0,100.0
2026-05-01,SUP-025,Supplier 025,Mexico,LATAM,PLT-07,Seoul Tech,South Korea,APAC,SMB,Australia,1,6481.3,1,6481.3,1,6481.3,0,0.0,0,0.0,100.0,100.0
2026-05-01,SUP-026,Supplier 026,Brazil,LATAM,PLT-04,Chennai Forge,India,APAC,Enterprise,USA,1,5468.4,1,5468.4,1,5468.4,0,0.0,0,0.0,100.0,100.0
2026-05-01,SUP-026,Supplier 026,Brazil,LATAM,PLT-03,Tokyo Precision,Japan,APAC,SMB,Singapore,1,20978.1,1,20978.1,0,0.0,0,0.0,1,20978.1,100.0,100.0
2026-05-01,SUP-026,Supplier 026,Brazil,LATAM,PLT-04,Chennai Forge,India,APAC,Government,Germany,1,1568.35,1,1568.35,0,0.0,0,0.0,1,1568.35,100.0,100.0
2026-05-01,SUP-026,Supplier 026,Brazil,LATAM,PLT-09,Hanoi Assembly,Vietnam,APAC,SMB,Canada,1,19942.26,1,19942.26,1,19942.26,0,0.0,0,0.0,100.0,100.0
2026-05-01,SUP-026,Supplier 026,Brazil,LATAM,PLT-01,Munich Center,Germany,EMEA,Enterprise,Germany,1,10312.69,0,0.0,0,0.0,0,0.0,0,0.0,0.0,0.0
2026-05-01,SUP-026,Supplier 026,Brazil,LATAM,PLT-06,Sao Paulo Ops,Brazil,LATAM,Government,Germany,1,6258.77,0,0.0,0,0.0,0,0.0,0,0.0,0.0,0.0
2026-05-01,SUP-026,Supplier 026,Brazil,LATAM,PLT-09,Hanoi Assembly,Vietnam,APAC,Enterprise,USA,1,25046.37,1,25046.37,1,25046.37,0,0.0,0,0.0,100.0,100.0
2026-05-01,SUP-026,Supplier 026,Brazil,LATAM,PLT-08,Taipei Micro,Taiwan,APAC,SMB,Australia,1,731.43,1,731.43,1,731.43,1,731.43,0,0.0,100.0,100.0
2026-05-01,SUP-026,Supplier 026,Brazil,LATAM,PLT-08,Taipei Micro,Taiwan,APAC,SMB,UK,1,15587.91,1,15587.91,1,15587.91,0,0.0,0,0.0,100.0,100.0
2026-05-01,SUP-026,Supplier 026,Brazil,LATAM,PLT-05,Monterrey Plant,Mexico,LATAM,Enterprise,France,1,2178.75,1,2178.75,1,2178.75,0,0.0,0,0.0,100.0,100.0
2026-05-01,SUP-026,Supplier 026,Brazil,LATAM,PLT-06,Sao Paulo Ops,Brazil,LATAM,Enterprise,Australia,1,28029.24,1,28029.24,0,0.0,0,0.0,1,28029.24,100.0,100.0
2026-05-01,SUP-027,Supplier 027,South Korea,APAC,PLT-07,Seoul Tech,South Korea,APAC,Government,Germany,1,20469.44,1,20469.44,1,20469.44,0,0.0,0,0.0,100.0,100.0
2026-05-01,SUP-027,Supplier 027,South Korea,APAC,PLT-02,Detroit Works,USA,NA,Enterprise,Canada,1,1123.84,0,0.0,0,0.0,0,0.0,0,0.0,0.0,0.0
2026-05-01,SUP-028,Supplier 028,Taiwan,APAC,PLT-06,Sao Paulo Ops,Brazil,LATAM,Enterprise,USA,1,40494.3,1,40494.3,1,40494.3,1,40494.3,0,0.0,100.0,100.0
2026-05-01,SUP-028,Supplier 028,Taiwan,APAC,PLT-06,Sao Paulo Ops,Brazil,LATAM,SMB,Australia,1,11909.5,1,11909.5,0,0.0,1,11909.5,0,0.0,100.0,100.0
2026-05-01,SUP-028,Supplier 028,Taiwan,APAC,PLT-00,Shanghai Hub,China,APAC,SMB,UK,1,59831.96,1,59831.96,1,59831.96,0,0.0,0,0.0,100.0,100.0
2026-05-01,SUP-028,Supplier 028,Taiwan,APAC,PLT-02,Detroit Works,USA,NA,Enterprise,USA,1,23932.68,1,23932.68,1,23932.68,0,0.0,0,0.0,100.0,100.0
2026-05-01,SUP-029,Supplier 029,Vietnam,APAC,PLT-02,Detroit Works,USA,NA,Enterprise,Germany,1,23461.44,1,23461.44,1,23461.44,1,23461.44,0,0.0,100.0,100.0
2026-05-01,SUP-029,Supplier 029,Vietnam,APAC,PLT-06,Sao Paulo Ops,Brazil,LATAM,Government,Australia,1,8785.8,1,8785.8,0,0.0,0,0.0,1,8785.8,100.0,100.0
2026-05-01,SUP-029,Supplier 029,Vietnam,APAC,PLT-03,Tokyo Precision,Japan,APAC,SMB,Germany,1,94745.61,1,94745.61,1,94745.61,0,0.0,0,0.0,100.0,100.0
2026-05-01,SUP-029,Supplier 029,Vietnam,APAC,PLT-02,Detroit Works,USA,NA,SMB,UK,1,11789.34,1,11789.34,0,0.0,1,11789.34,0,0.0,100.0,100.0
2026-05-01,SUP-029,Supplier 029,Vietnam,APAC,PLT-05,Monterrey Plant,Mexico,LATAM,SMB,Australia,1,8831.2,1,8831.2,0,0.0,0,0.0,1,8831.2,100.0,100.0
2026-05-01,SUP-030,Supplier 030,China,APAC,PLT-08,Taipei Micro,Taiwan,APAC,Enterprise,France,1,2217.06,0,0.0,0,0.0,0,0.0,0,0.0,0.0,0.0
2026-05-01,SUP-030,Supplier 030,China,APAC,PLT-09,Hanoi Assembly,Vietnam,APAC,Enterprise,Germany,1,8952.3,1,8952.3,1,8952.3,0,0.0,0,0.0,100.0,100.0
2026-05-01,SUP-030,Supplier 030,China,APAC,PLT-06,Sao Paulo Ops,Brazil,LATAM,SMB,Singapore,1,1625.34,1,1625.34,1,1625.34,0,0.0,0,0.0,100.0,100.0
2026-05-01,SUP-030,Supplier 030,China,APAC,PLT-08,Taipei Micro,Taiwan,APAC,SMB,Singapore,1,11465.28,1,11465.28,1,11465.28,0,0.0,0,0.0,100.0,100.0
2026-05-01,SUP-030,Supplier 030,China,APAC,PLT-03,Tokyo Precision,Japan,APAC,SMB,Singapore,1,19144.79,0,0.0,0,0.0,0,0.0,0,0.0,0.0,0.0
2026-05-01,SUP-030,Supplier 030,China,APAC,PLT-03,Tokyo Precision,Japan,APAC,Enterprise,UK,1,10863.6,1,10863.6,1,10863.6,1,10863.6,0,0.0,100.0,100.0
2026-05-01,SUP-030,Supplier 030,China,APAC,PLT-01,Munich Center,Germany,EMEA,Enterprise,France,1,6873.1,1,6873.1,0,0.0,0,0.0,1,6873.1,100.0,100.0
2026-05-01,SUP-030,Supplier 030,China,APAC,PLT-08,Taipei Micro,Taiwan,APAC,Enterprise,Japan,1,585.9,1,585.9,1,585.9,0,0.0,0,0.0,100.0,100.0
2026-05-01,SUP-030,Supplier 030,China,APAC,PLT-00,Shanghai Hub,China,APAC,Enterprise,USA,1,41282.4,1,41282.4,1,41282.4,1,41282.4,0,0.0,100.0,100.0
2026-05-01,SUP-030,Supplier 030,China,APAC,PLT-05,Monterrey Plant,Mexico,LATAM,Enterprise,Germany,1,14489.04,1,14489.04,1,14489.04,0,0.0,0,0.0,100.0,100.0
2026-05-01,SUP-030,Supplier 030,China,APAC,PLT-03,Tokyo Precision,Japan,APAC,SMB,France,1,7612.94,1,7612.94,1,7612.94,0,0.0,0,0.0,100.0,100.0
2026-05-01,SUP-030,Supplier 030,China,APAC,PLT-01,Munich Center,Germany,EMEA,Enterprise,Australia,1,30082.8,0,0.0,0,0.0,0,0.0,0,0.0,0.0,0.0
2026-05-01,SUP-030,Supplier 030,China,APAC,PLT-02,Detroit Works,USA,NA,SMB,Singapore,1,80441.7,0,0.0,0,0.0,0,0.0,0,0.0,0.0,0.0
2026-05-01,SUP-030,Supplier 030,China,APAC,PLT-03,Tokyo Precision,Japan,APAC,Enterprise,Singapore,1,8642.8,1,8642.8,1,8642.8,0,0.0,0,0.0,100.0,100.0
2026-05-01,SUP-030,Supplier 030,China,APAC,PLT-09,Hanoi Assembly,Vietnam,APAC,Government,Canada,1,15921.36,1,15921.36,1,15921.36,0,0.0,0,0.0,100.0,100.0
2026-05-01,SUP-030,Supplier 030,China,APAC,PLT-01,Munich Center,Germany,EMEA,Enterprise,USA,1,52315.8,1,52315.8,1,52315.8,0,0.0,0,0.0,100.0,100.0
2026-05-01,SUP-031,Supplier 031,Germany,EMEA,PLT-06,Sao Paulo Ops,Brazil,LATAM,Government,Germany,1,27491.2,1,27491.2,0,0.0,0,0.0,1,27491.2,100.0,100.0
2026-05-01,SUP-031,Supplier 031,Germany,EMEA,PLT-01,Munich Center,Germany,EMEA,SMB,Australia,1,5767.47,0,0.0,0,0.0,0,0.0,0,0.0,0.0,0.0
2026-05-01,SUP-031,Supplier 031,Germany,EMEA,PLT-01,Munich Center,Germany,EMEA,Enterprise,USA,1,35956.41,1,35956.41,1,35956.41,0,0.0,0,0.0,100.0,100.0
2026-05-01,SUP-031,Supplier 031,Germany,EMEA,PLT-06,Sao Paulo Ops,Brazil,LATAM,SMB,Germany,1,64596.87,1,64596.87,1,64596.87,0,0.0,0,0.0,100.0,100.0
2026-05-01,SUP-031,Supplier 031,Germany,EMEA,PLT-04,Chennai Forge,India,APAC,Government,Japan,1,14885.12,1,14885.12,1,14885.12,0,0.0,0,0.0,100.0,100.0
2026-05-01,SUP-031,Supplier 031,Germany,EMEA,PLT-05,Monterrey Plant,Mexico,LATAM,Government,Singapore,1,590.18,1,590.18,0,0.0,0,0.0,1,590.18,100.0,100.0
2026-05-01,SUP-031,Supplier 031,Germany,EMEA,PLT-04,Chennai Forge,India,APAC,SMB,Canada,1,14799.63,1,14799.63,1,14799.63,1,14799.63,0,0.0,100.0,100.0
2026-05-01,SUP-031,Supplier 031,Germany,EMEA,PLT-04,Chennai Forge,India,APAC,SMB,Australia,1,12991.17,1,12991.17,1,12991.17,1,12991.17,0,0.0,100.0,100.0
2026-05-01,SUP-031,Supplier 031,Germany,EMEA,PLT-04,Chennai Forge,India,APAC,Enterprise,Germany,1,82678.9,0,0.0,0,0.0,0,0.0,0,0.0,0.0,0.0
2026-05-01,SUP-031,Supplier 031,Germany,EMEA,PLT-02,Detroit Works,USA,NA,Enterprise,UK,1,7618.38,0,0.0,0,0.0,0,0.0,0,0.0,0.0,0.0
2026-05-01,SUP-032,Supplier 032,USA,NA,PLT-04,Chennai Forge,India,APAC,Government,France,1,1231.89,1,1231.89,1,1231.89,0,0.0,0,0.0,100.0,100.0
2026-05-01,SUP-032,Supplier 032,USA,NA,PLT-00,Shanghai Hub,China,APAC,SMB,Australia,1,28403.78,1,28403.78,0,0.0,0,0.0,1,28403.78,100.0,100.0
2026-05-01,SUP-032,Supplier 032,USA,NA,PLT-01,Munich Center,Germany,EMEA,Enterprise,Australia,1,4176.9,1,4176.9,1,4176.9,0,0.0,0,0.0,100.0,100.0
2026-05-01,SUP-032,Supplier 032,USA,NA,PLT-07,Seoul Tech,South Korea,APAC,Government,Japan,2,52257.9,1,40826.1,1,40826.1,1,40826.1,0,0.0,50.0,78.12
2026-05-01,SUP-032,Supplier 032,USA,NA,PLT-00,Shanghai Hub,China,APAC,SMB,Germany,1,25600.62,1,25600.62,1,25600.62,0,0.0,0,0.0,100.0,100.0
2026-05-01,SUP-033,Supplier 033,Japan,APAC,PLT-01,Munich Center,Germany,EMEA,SMB,Canada,1,26706.24,1,26706.24,1,26706.24,1,26706.24,0,0.0,100.0,100.0
2026-05-01,SUP-033,Supplier 033,Japan,APAC,PLT-09,Hanoi Assembly,Vietnam,APAC,Government,UK,1,7711.9,1,7711.9,1,7711.9,1,7711.9,0,0.0,100.0,100.0
2026-05-01,SUP-033,Supplier 033,Japan,APAC,PLT-02,Detroit Works,USA,NA,Enterprise,France,1,4860.6,0,0.0,0,0.0,0,0.0,0,0.0,0.0,0.0
2026-05-01,SUP-033,Supplier 033,Japan,APAC,PLT-01,Munich Center,Germany,EMEA,Government,France,1,56801.26,1,56801.26,0,0.0,1,56801.26,0,0.0,100.0,100.0
2026-05-01,SUP-033,Supplier 033,Japan,APAC,PLT-01,Munich Center,Germany,EMEA,SMB,Germany,1,1585.56,1,1585.56,0,0.0,0,0.0,1,1585.56,100.0,100.0
2026-05-01,SUP-033,Supplier 033,Japan,APAC,PLT-09,Hanoi Assembly,Vietnam,APAC,Enterprise,USA,1,6378.72,1,6378.72,1,6378.72,0,0.0,0,0.0,100.0,100.0
2026-05-01,SUP-034,Supplier 034,India,APAC,PLT-03,Tokyo Precision,Japan,APAC,Government,USA,1,1032.78,1,1032.78,1,1032.78,0,0.0,0,0.0,100.0,100.0
2026-05-01,SUP-034,Supplier 034,India,APAC,PLT-08,Taipei Micro,Taiwan,APAC,SMB,Australia,1,1673.75,0,0.0,0,0.0,0,0.0,0,0.0,0.0,0.0
2026-05-01,SUP-034,Supplier 034,India,APAC,PLT-07,Seoul Tech,South Korea,APAC,SMB,Germany,1,4414.02,1,4414.02,1,4414.02,1,4414.02,0,0.0,100.0,100.0
2026-05-01,SUP-034,Supplier 034,India,APAC,PLT-02,Detroit Works,USA,NA,SMB,Australia,1,25351.76,0,0.0,0,0.0,0,0.0,0,0.0,0.0,0.0
2026-05-01,SUP-034,Supplier 034,India,APAC,PLT-02,Detroit Works,USA,NA,SMB,UK,1,35119.36,1,35119.36,1,35119.36,0,0.0,0,0.0,100.0,100.0
2026-05-01,SUP-035,Supplier 035,Mexico,LATAM,PLT-08,Taipei Micro,Taiwan,APAC,Enterprise,Canada,1,63231.48,1,63231.48,1,63231.48,0,0.0,0,0.0,100.0,100.0
2026-05-01,SUP-035,Supplier 035,Mexico,LATAM,PLT-00,Shanghai Hub,China,APAC,Government,Canada,1,225.4,1,225.4,1,225.4,0,0.0,0,0.0,100.0,100.0
2026-05-01,SUP-035,Supplier 035,Mexico,LATAM,PLT-01,Munich Center,Germany,EMEA,SMB,France,1,26140.73,1,26140.73,1,26140.73,0,0.0,0,0.0,100.0,100.0
2026-05-01,SUP-035,Supplier 035,Mexico,LATAM,PLT-06,Sao Paulo Ops,Brazil,LATAM,Enterprise,Canada,1,21386.9,0,0.0,0,0.0,0,0.0,0,0.0,0.0,0.0
2026-05-01,SUP-035,Supplier 035,Mexico,LATAM,PLT-03,Tokyo Precision,Japan,APAC,SMB,Germany,1,31979.2,1,31979.2,1,31979.2,0,0.0,0,0.0,100.0,100.0
2026-05-01,SUP-035,Supplier 035,Mexico,LATAM,PLT-03,Tokyo Precision,Japan,APAC,SMB,Singapore,1,15743.12,1,15743.12,1,15743.12,1,15743.12,0,0.0,100.0,100.0
2026-05-01,SUP-035,Supplier 035,Mexico,LATAM,PLT-04,Chennai Forge,India,APAC,SMB,Canada,1,29137.15,1,29137.15,1,29137.15,0,0.0,0,0.0,100.0,100.0
2026-05-01,SUP-035,Supplier 035,Mexico,LATAM,PLT-09,Hanoi Assembly,Vietnam,APAC,Government,Germany,1,8896.44,1,8896.44,1,8896.44,0,0.0,0,0.0,100.0,100.0
2026-05-01,SUP-035,Supplier 035,Mexico,LATAM,PLT-02,Detroit Works,USA,NA,SMB,Germany,1,30094.74,1,30094.74,1,30094.74,1,30094.74,0,0.0,100.0,100.0
2026-05-01,SUP-035,Supplier 035,Mexico,LATAM,PLT-02,Detroit Works,USA,NA,Government,Australia,1,4360.86,1,4360.86,1,4360.86,0,0.0,0,0.0,100.0,100.0
2026-05-01,SUP-035,Supplier 035,Mexico,LATAM,PLT-03,Tokyo Precision,Japan,APAC,Enterprise,USA,1,9466.8,0,0.0,0,0.0,0,0.0,0,0.0,0.0,0.0
2026-05-01,SUP-035,Supplier 035,Mexico,LATAM,PLT-00,Shanghai Hub,China,APAC,Government,Singapore,1,9687.45,1,9687.45,0,0.0,0,0.0,1,9687.45,100.0,100.0
2026-05-01,SUP-036,Supplier 036,Brazil,LATAM,PLT-03,Tokyo Precision,Japan,APAC,Government,Germany,1,22841.0,1,22841.0,1,22841.0,0,0.0,0,0.0,100.0,100.0
2026-05-01,SUP-036,Supplier 036,Brazil,LATAM,PLT-05,Monterrey Plant,Mexico,LATAM,Enterprise,USA,1,18071.23,1,18071.23,1,18071.23,0,0.0,0,0.0,100.0,100.0
2026-05-01,SUP-036,Supplier 036,Brazil,LATAM,PLT-03,Tokyo Precision,Japan,APAC,SMB,France,1,5456.88,0,0.0,0,0.0,0,0.0,0,0.0,0.0,0.0
2026-05-01,SUP-036,Supplier 036,Brazil,LATAM,PLT-07,Seoul Tech,South Korea,APAC,Enterprise,Australia,1,4826.85,0,0.0,0,0.0,0,0.0,0,0.0,0.0,0.0
2026-05-01,SUP-036,Supplier 036,Brazil,LATAM,PLT-05,Monterrey Plant,Mexico,LATAM,SMB,Singapore,1,36346.87,1,36346.87,0,0.0,0,0.0,1,36346.87,100.0,100.0
2026-05-01,SUP-036,Supplier 036,Brazil,LATAM,PLT-08,Taipei Micro,Taiwan,APAC,SMB,Canada,1,8308.75,0,0.0,0,0.0,0,0.0,0,0.0,0.0,0.0
2026-05-01,SUP-036,Supplier 036,Brazil,LATAM,PLT-04,Chennai Forge,India,APAC,Government,Japan,1,867.45,1,867.45,1,867.45,0,0.0,0,0.0,100.0,100.0
2026-05-01,SUP-036,Supplier 036,Brazil,LATAM,PLT-08,Taipei Micro,Taiwan,APAC,SMB,UK,1,17427.6,1,17427.6,1,17427.6,0,0.0,0,0.0,100.0,100.0
2026-05-01,SUP-036,Supplier 036,Brazil,LATAM,PLT-00,Shanghai Hub,China,APAC,Enterprise,Canada,1,15129.27,1,15129.27,1,15129.27,1,15129.27,0,0.0,100.0,100.0
2026-05-01,SUP-037,Supplier 037,South Korea,APAC,PLT-00,Shanghai Hub,China,APAC,SMB,Singapore,1,12627.5,1,12627.5,1,12627.5,0,0.0,0,0.0,100.0,100.0
2026-05-01,SUP-037,Supplier 037,South Korea,APAC,PLT-00,Shanghai Hub,China,APAC,SMB,Japan,1,5201.95,1,5201.95,1,5201.95,0,0.0,0,0.0,100.0,100.0
2026-05-01,SUP-037,Supplier 037,South Korea,APAC,PLT-01,Munich Center,Germany,EMEA,SMB,France,1,22835.76,1,22835.76,1,22835.76,0,0.0,0,0.0,100.0,100.0
2026-05-01,SUP-037,Supplier 037,South Korea,APAC,PLT-04,Chennai Forge,India,APAC,SMB,UK,1,1613.48,1,1613.48,0,0.0,1,1613.48,0,0.0,100.0,100.0
2026-05-01,SUP-037,Supplier 037,South Korea,APAC,PLT-08,Taipei Micro,Taiwan,APAC,Enterprise,Japan,1,3170.56,1,3170.56,1,3170.56,0,0.0,0,0.0,100.0,100.0
2026-05-01,SUP-037,Supplier 037,South Korea,APAC,PLT-04,Chennai Forge,India,APAC,SMB,Australia,1,849.0,0,0.0,0,0.0,0,0.0,0,0.0,0.0,0.0
2026-05-01,SUP-037,Supplier 037,South Korea,APAC,PLT-09,Hanoi Assembly,Vietnam,APAC,SMB,Germany,1,27725.4,1,27725.4,0,0.0,0,0.0,1,27725.4,100.0,100.0
2026-05-01,SUP-037,Supplier 037,South Korea,APAC,PLT-03,Tokyo Precision,Japan,APAC,Government,Australia,1,3956.4,1,3956.4,1,3956.4,0,0.0,0,0.0,100.0,100.0
2026-05-01,SUP-037,Supplier 037,South Korea,APAC,PLT-01,Munich Center,Germany,EMEA,SMB,Australia,1,7507.15,1,7507.15,1,7507.15,1,7507.15,0,0.0,100.0,100.0
2026-05-01,SUP-037,Supplier 037,South Korea,APAC,PLT-03,Tokyo Precision,Japan,APAC,SMB,UK,1,15693.47,1,15693.47,1,15693.47,1,15693.47,0,0.0,100.0,100.0
2026-05-01,SUP-037,Supplier 037,South Korea,APAC,PLT-00,Shanghai Hub,China,APAC,Government,France,1,16092.84,1,16092.84,1,16092.84,1,16092.84,0,0.0,100.0,100.0
2026-05-01,SUP-037,Supplier 037,South Korea,APAC,PLT-09,Hanoi Assembly,Vietnam,APAC,Government,Canada,1,36816.66,1,36816.66,1,36816.66,0,0.0,0,0.0,100.0,100.0
2026-05-01,SUP-037,Supplier 037,South Korea,APAC,PLT-08,Taipei Micro,Taiwan,APAC,Government,Germany,1,55152.9,0,0.0,0,0.0,0,0.0,0,0.0,0.0,0.0
2026-05-01,SUP-038,Supplier 038,Taiwan,APAC,PLT-06,Sao Paulo Ops,Brazil,LATAM,SMB,France,1,7998.69,1,7998.69,1,7998.69,0,0.0,0,0.0,100.0,100.0
2026-05-01,SUP-038,Supplier 038,Taiwan,APAC,PLT-09,Hanoi Assembly,Vietnam,APAC,Enterprise,Australia,1,49415.58,1,49415.58,0,0.0,1,49415.58,0,0.0,100.0,100.0
2026-05-01,SUP-038,Supplier 038,Taiwan,APAC,PLT-06,Sao Paulo Ops,Brazil,LATAM,Enterprise,Canada,1,5114.0,1,5114.0,1,5114.0,0,0.0,0,0.0,100.0,100.0
2026-05-01,SUP-038,Supplier 038,Taiwan,APAC,PLT-05,Monterrey Plant,Mexico,LATAM,SMB,UK,1,1361.9,1,1361.9,1,1361.9,0,0.0,0,0.0,100.0,100.0
2026-05-01,SUP-038,Supplier 038,Taiwan,APAC,PLT-02,Detroit Works,USA,NA,SMB,Australia,1,13933.15,0,0.0,0,0.0,0,0.0,0,0.0,0.0,0.0
2026-05-01,SUP-039,Supplier 039,Vietnam,APAC,PLT-03,Tokyo Precision,Japan,APAC,SMB,Germany,1,8355.66,1,8355.66,1,8355.66,0,0.0,0,0.0,100.0,100.0
2026-05-01,SUP-039,Supplier 039,Vietnam,APAC,PLT-00,Shanghai Hub,China,APAC,SMB,Germany,1,57336.44,1,57336.44,1,57336.44,0,0.0,0,0.0,100.0,100.0
2026-05-01,SUP-039,Supplier 039,Vietnam,APAC,PLT-07,Seoul Tech,South Korea,APAC,SMB,Canada,1,12897.86,1,12897.86,1,12897.86,0,0.0,0,0.0,100.0,100.0
2026-05-01,SUP-039,Supplier 039,Vietnam,APAC,PLT-09,Hanoi Assembly,Vietnam,APAC,SMB,Canada,1,71833.3,1,71833.3,0,0.0,0,0.0,1,71833.3,100.0,100.0
2026-05-01,SUP-039,Supplier 039,Vietnam,APAC,PLT-08,Taipei Micro,Taiwan,APAC,SMB,Germany,1,33129.2,1,33129.2,1,33129.2,0,0.0,0,0.0,100.0,100.0
2026-05-01,SUP-039,Supplier 039,Vietnam,APAC,PLT-08,Taipei Micro,Taiwan,APAC,SMB,Singapore,1,26845.72,1,26845.72,0,0.0,1,26845.72,0,0.0,100.0,100.0
2026-05-01,SUP-039,Supplier 039,Vietnam,APAC,PLT-03,Tokyo Precision,Japan,APAC,SMB,France,1,1434.6,1,1434.6,1,1434.6,1,1434.6,0,0.0,100.0,100.0
2026-05-01,SUP-039,Supplier 039,Vietnam,APAC,PLT-01,Munich Center,Germany,EMEA,SMB,Australia,1,9754.56,0,0.0,0,0.0,0,0.0,0,0.0,0.0,0.0
2026-05-01,SUP-039,Supplier 039,Vietnam,APAC,PLT-00,Shanghai Hub,China,APAC,Government,Germany,1,3562.25,1,3562.25,0,0.0,0,0.0,1,3562.25,100.0,100.0
2026-05-01,SUP-040,Supplier 040,China,APAC,PLT-09,Hanoi Assembly,Vietnam,APAC,Enterprise,Canada,1,3417.12,1,3417.12,1,3417.12,0,0.0,0,0.0,100.0,100.0
2026-05-01,SUP-040,Supplier 040,China,APAC,PLT-04,Chennai Forge,India,APAC,SMB,Australia,1,33181.98,0,0.0,0,0.0,0,0.0,0,0.0,0.0,0.0
2026-05-01,SUP-040,Supplier 040,China,APAC,PLT-02,Detroit Works,USA,NA,Enterprise,Japan,1,12748.32,1,12748.32,1,12748.32,0,0.0,0,0.0,100.0,100.0
2026-05-01,SUP-040,Supplier 040,China,APAC,PLT-09,Hanoi Assembly,Vietnam,APAC,SMB,UK,1,1258.77,1,1258.77,1,1258.77,0,0.0,0,0.0,100.0,100.0
2026-05-01,SUP-040,Supplier 040,China,APAC,PLT-02,Detroit Works,USA,NA,SMB,Singapore,1,9001.5,0,0.0,0,0.0,0,0.0,0,0.0,0.0,0.0
2026-05-01,SUP-041,Supplier 041,Germany,EMEA,PLT-00,Shanghai Hub,China,APAC,Enterprise,France,1,40978.4,1,40978.4,1,40978.4,0,0.0,0,0.0,100.0,100.0
2026-05-01,SUP-041,Supplier 041,Germany,EMEA,PLT-05,Monterrey Plant,Mexico,LATAM,Government,Canada,1,18166.32,1,18166.32,1,18166.32,1,18166.32,0,0.0,100.0,100.0
2026-05-01,SUP-041,Supplier 041,Germany,EMEA,PLT-07,Seoul Tech,South Korea,APAC,SMB,Singapore,1,16770.1,1,16770.1,1,16770.1,0,0.0,0,0.0,100.0,100.0
2026-05-01,SUP-041,Supplier 041,Germany,EMEA,PLT-01,Munich Center,Germany,EMEA,SMB,Canada,1,28962.05,1,28962.05,1,28962.05,0,0.0,0,0.0,100.0,100.0
2026-05-01,SUP-041,Supplier 041,Germany,EMEA,PLT-00,Shanghai Hub,China,APAC,SMB,Germany,1,47018.42,1,47018.42,1,47018.42,0,0.0,0,0.0,100.0,100.0
2026-05-01,SUP-041,Supplier 041,Germany,EMEA,PLT-00,Shanghai Hub,China,APAC,SMB,UK,2,28460.44,2,28460.44,2,28460.44,0,0.0,0,0.0,100.0,100.0
2026-05-01,SUP-041,Supplier 041,Germany,EMEA,PLT-01,Munich Center,Germany,EMEA,Government,Germany,1,2272.98,1,2272.98,1,2272.98,0,0.0,0,0.0,100.0,100.0
2026-05-01,SUP-041,Supplier 041,Germany,EMEA,PLT-09,Hanoi Assembly,Vietnam,APAC,SMB,Canada,1,26903.1,1,26903.1,1,26903.1,0,0.0,0,0.0,100.0,100.0
2026-05-01,SUP-041,Supplier 041,Germany,EMEA,PLT-05,Monterrey Plant,Mexico,LATAM,SMB,UK,1,321.34,0,0.0,0,0.0,0,0.0,0,0.0,0.0,0.0
2026-05-01,SUP-042,Supplier 042,USA,NA,PLT-09,Hanoi Assembly,Vietnam,APAC,SMB,Singapore,1,3889.16,1,3889.16,1,3889.16,0,0.0,0,0.0,100.0,100.0
2026-05-01,SUP-042,Supplier 042,USA,NA,PLT-08,Taipei Micro,Taiwan,APAC,SMB,Singapore,2,61147.88,1,37597.16,1,37597.16,1,37597.16,0,0.0,50.0,61.49
2026-05-01,SUP-042,Supplier 042,USA,NA,PLT-00,Shanghai Hub,China,APAC,Enterprise,Canada,1,41150.76,1,41150.76,1,41150.76,0,0.0,0,0.0,100.0,100.0
2026-05-01,SUP-042,Supplier 042,USA,NA,PLT-00,Shanghai Hub,China,APAC,Government,UK,1,63144.2,1,63144.2,1,63144.2,0,0.0,0,0.0,100.0,100.0
2026-05-01,SUP-042,Supplier 042,USA,NA,PLT-05,Monterrey Plant,Mexico,LATAM,SMB,USA,1,22106.65,1,22106.65,1,22106.65,0,0.0,0,0.0,100.0,100.0
2026-05-01,SUP-042,Supplier 042,USA,NA,PLT-05,Monterrey Plant,Mexico,LATAM,SMB,UK,1,20436.0,1,20436.0,1,20436.0,0,0.0,0,0.0,100.0,100.0
2026-05-01,SUP-042,Supplier 042,USA,NA,PLT-02,Detroit Works,USA,NA,Government,USA,1,32540.72,1,32540.72,0,0.0,1,32540.72,0,0.0,100.0,100.0
2026-05-01,SUP-042,Supplier 042,USA,NA,PLT-01,Munich Center,Germany,EMEA,Government,Japan,1,3623.34,0,0.0,0,0.0,0,0.0,0,0.0,0.0,0.0
2026-05-01,SUP-042,Supplier 042,USA,NA,PLT-04,Chennai Forge,India,APAC,Enterprise,USA,1,1044.66,0,0.0,0,0.0,0,0.0,0,0.0,0.0,0.0
2026-05-01,SUP-042,Supplier 042,USA,NA,PLT-01,Munich Center,Germany,EMEA,Enterprise,Japan,1,7050.8,0,0.0,0,0.0,0,0.0,0,0.0,0.0,0.0
2026-05-01,SUP-043,Supplier 043,Japan,APAC,PLT-06,Sao Paulo Ops,Brazil,LATAM,SMB,Singapore,1,3178.56,0,0.0,0,0.0,0,0.0,0,0.0,0.0,0.0
2026-05-01,SUP-043,Supplier 043,Japan,APAC,PLT-03,Tokyo Precision,Japan,APAC,Enterprise,Germany,1,11284.56,1,11284.56,0,0.0,1,11284.56,0,0.0,100.0,100.0
2026-05-01,SUP-043,Supplier 043,Japan,APAC,PLT-07,Seoul Tech,South Korea,APAC,Enterprise,Canada,1,23618.88,0,0.0,0,0.0,0,0.0,0,0.0,0.0,0.0
2026-05-01,SUP-043,Supplier 043,Japan,APAC,PLT-03,Tokyo Precision,Japan,APAC,Enterprise,France,1,4148.1,1,4148.1,1,4148.1,1,4148.1,0,0.0,100.0,100.0
2026-05-01,SUP-043,Supplier 043,Japan,APAC,PLT-07,Seoul Tech,South Korea,APAC,SMB,Singapore,1,18325.8,1,18325.8,1,18325.8,1,18325.8,0,0.0,100.0,100.0
2026-05-01,SUP-043,Supplier 043,Japan,APAC,PLT-06,Sao Paulo Ops,Brazil,LATAM,Enterprise,Japan,1,4914.0,1,4914.0,1,4914.0,0,0.0,0,0.0,100.0,100.0
2026-05-01,SUP-043,Supplier 043,Japan,APAC,PLT-02,Detroit Works,USA,NA,SMB,Australia,1,51485.85,1,51485.85,0,0.0,1,51485.85,0,0.0,100.0,100.0
2026-05-01,SUP-044,Supplier 044,India,APAC,PLT-00,Shanghai Hub,China,APAC,Enterprise,Singapore,1,6016.73,1,6016.73,1,6016.73,0,0.0,0,0.0,100.0,100.0
2026-05-01,SUP-044,Supplier 044,India,APAC,PLT-09,Hanoi Assembly,Vietnam,APAC,Enterprise,USA,1,18043.56,1,18043.56,1,18043.56,0,0.0,0,0.0,100.0,100.0
2026-05-01,SUP-044,Supplier 044,India,APAC,PLT-07,Seoul Tech,South Korea,APAC,SMB,Australia,1,55148.0,1,55148.0,1,55148.0,0,0.0,0,0.0,100.0,100.0
2026-05-01,SUP-044,Supplier 044,India,APAC,PLT-09,Hanoi Assembly,Vietnam,APAC,Enterprise,Japan,1,2518.48,1,2518.48,0,0.0,0,0.0,1,2518.48,100.0,100.0
2026-05-01,SUP-044,Supplier 044,India,APAC,PLT-03,Tokyo Precision,Japan,APAC,Government,Australia,1,37172.52,1,37172.52,1,37172.52,0,0.0,0,0.0,100.0,100.0
2026-05-01,SUP-044,Supplier 044,India,APAC,PLT-06,Sao Paulo Ops,Brazil,LATAM,SMB,Canada,1,4414.75,0,0.0,0,0.0,0,0.0,0,0.0,0.0,0.0
2026-05-01,SUP-044,Supplier 044,India,APAC,PLT-00,Shanghai Hub,China,APAC,SMB,Canada,1,22720.0,1,22720.0,1,22720.0,0,0.0,0,0.0,100.0,100.0
2026-05-01,SUP-044,Supplier 044,India,APAC,PLT-02,Detroit Works,USA,NA,SMB,UK,1,4963.2,1,4963.2,1,4963.2,0,0.0,0,0.0,100.0,100.0
2026-05-01,SUP-044,Supplier 044,India,APAC,PLT-05,Monterrey Plant,Mexico,LATAM,SMB,USA,1,31688.01,1,31688.01,1,31688.01,0,0.0,0,0.0,100.0,100.0
2026-05-01,SUP-044,Supplier 044,India,APAC,PLT-05,Monterrey Plant,Mexico,LATAM,Government,Japan,1,8877.99,0,0.0,0,0.0,0,0.0,0,0.0,0.0,0.0
2026-05-01,SUP-044,Supplier 044,India,APAC,PLT-07,Seoul Tech,South Korea,APAC,Enterprise,Canada,1,4041.4,1,4041.4,1,4041.4,0,0.0,0,0.0,100.0,100.0
2026-05-01,SUP-044,Supplier 044,India,APAC,PLT-04,Chennai Forge,India,APAC,SMB,France,1,6784.2,1,6784.2,0,0.0,0,0.0,1,6784.2,100.0,100.0
2026-05-01,SUP-045,Supplier 045,Mexico,LATAM,PLT-09,Hanoi Assembly,Vietnam,APAC,Government,France,1,6652.85,1,6652.85,0,0.0,0,0.0,1,6652.85,100.0,100.0
2026-05-01,SUP-045,Supplier 045,Mexico,LATAM,PLT-07,Seoul Tech,South Korea,APAC,Government,Germany,1,2247.0,1,2247.0,1,2247.0,0,0.0,0,0.0,100.0,100.0
2026-05-01,SUP-045,Supplier 045,Mexico,LATAM,PLT-04,Chennai Forge,India,APAC,SMB,Australia,1,12355.2,1,12355.2,0,0.0,0,0.0,1,12355.2,100.0,100.0
2026-05-01,SUP-045,Supplier 045,Mexico,LATAM,PLT-09,Hanoi Assembly,Vietnam,APAC,Enterprise,USA,1,6473.08,1,6473.08,1,6473.08,0,0.0,0,0.0,100.0,100.0
2026-05-01,SUP-045,Supplier 045,Mexico,LATAM,PLT-01,Munich Center,Germany,EMEA,Enterprise,Germany,1,34124.0,0,0.0,0,0.0,0,0.0,0,0.0,0.0,0.0
2026-05-01,SUP-046,Supplier 046,Brazil,LATAM,PLT-06,Sao Paulo Ops,Brazil,LATAM,SMB,Canada,1,6110.4,1,6110.4,1,6110.4,1,6110.4,0,0.0,100.0,100.0
2026-05-01,SUP-046,Supplier 046,Brazil,LATAM,PLT-04,Chennai Forge,India,APAC,SMB,France,1,17665.04,1,17665.04,1,17665.04,0,0.0,0,0.0,100.0,100.0
2026-05-01,SUP-046,Supplier 046,Brazil,LATAM,PLT-05,Monterrey Plant,Mexico,LATAM,Government,UK,1,23211.4,1,23211.4,0,0.0,0,0.0,1,23211.4,100.0,100.0
2026-05-01,SUP-046,Supplier 046,Brazil,LATAM,PLT-06,Sao Paulo Ops,Brazil,LATAM,SMB,UK,1,13847.82,0,0.0,0,0.0,0,0.0,0,0.0,0.0,0.0
2026-05-01,SUP-046,Supplier 046,Brazil,LATAM,PLT-02,Detroit Works,USA,NA,SMB,Australia,1,37817.52,0,0.0,0,0.0,0,0.0,0,0.0,0.0,0.0
2026-05-01,SUP-046,Supplier 046,Brazil,LATAM,PLT-04,Chennai Forge,India,APAC,SMB,Singapore,1,45493.58,1,45493.58,1,45493.58,0,0.0,0,0.0,100.0,100.0
2026-05-01,SUP-046,Supplier 046,Brazil,LATAM,PLT-05,Monterrey Plant,Mexico,LATAM,SMB,Australia,1,8995.06,0,0.0,0,0.0,0,0.0,0,0.0,0.0,0.0
2026-05-01,SUP-046,Supplier 046,Brazil,LATAM,PLT-08,Taipei Micro,Taiwan,APAC,Enterprise,France,1,9671.07,1,9671.07,1,9671.07,0,0.0,0,0.0,100.0,100.0
2026-05-01,SUP-047,Supplier 047,South Korea,APAC,PLT-00,Shanghai Hub,China,APAC,Government,Japan,1,4383.36,1,4383.36,1,4383.36,0,0.0,0,0.0,100.0,100.0
2026-05-01,SUP-047,Supplier 047,South Korea,APAC,PLT-02,Detroit Works,USA,NA,Government,USA,1,11922.18,0,0.0,0,0.0,0,0.0,0,0.0,0.0,0.0
2026-05-01,SUP-047,Supplier 047,South Korea,APAC,PLT-05,Monterrey Plant,Mexico,LATAM,SMB,Singapore,1,28243.6,1,28243.6,1,28243.6,0,0.0,0,0.0,100.0,100.0
2026-05-01,SUP-047,Supplier 047,South Korea,APAC,PLT-08,Taipei Micro,Taiwan,APAC,SMB,Australia,1,9637.75,0,0.0,0,0.0,0,0.0,0,0.0,0.0,0.0
2026-05-01,SUP-047,Supplier 047,South Korea,APAC,PLT-00,Shanghai Hub,China,APAC,Government,Australia,1,55137.6,1,55137.6,1,55137.6,0,0.0,0,0.0,100.0,100.0
2026-05-01,SUP-047,Supplier 047,South Korea,APAC,PLT-06,Sao Paulo Ops,Brazil,LATAM,Enterprise,Australia,1,3892.38,1,3892.38,1,3892.38,1,3892.38,0,0.0,100.0,100.0
2026-05-01,SUP-048,Supplier 048,Taiwan,APAC,PLT-00,Shanghai Hub,China,APAC,Enterprise,USA,1,224.9,1,224.9,0,0.0,0,0.0,1,224.9,100.0,100.0
2026-05-01,SUP-048,Supplier 048,Taiwan,APAC,PLT-00,Shanghai Hub,China,APAC,Government,Australia,1,28065.41,1,28065.41,1,28065.41,0,0.0,0,0.0,100.0,100.0
2026-05-01,SUP-048,Supplier 048,Taiwan,APAC,PLT-02,Detroit Works,USA,NA,Government,Germany,1,10999.98,1,10999.98,0,0.0,0,0.0,1,10999.98,100.0,100.0
2026-05-01,SUP-048,Supplier 048,Taiwan,APAC,PLT-03,Tokyo Precision,Japan,APAC,SMB,Singapore,1,45183.04,1,45183.04,1,45183.04,0,0.0,0,0.0,100.0,100.0
2026-05-01,SUP-048,Supplier 048,Taiwan,APAC,PLT-09,Hanoi Assembly,Vietnam,APAC,Government,USA,1,9440.42,1,9440.42,0,0.0,0,0.0,1,9440.42,100.0,100.0
2026-05-01,SUP-048,Supplier 048,Taiwan,APAC,PLT-07,Seoul Tech,South Korea,APAC,Government,USA,1,4522.76,1,4522.76,1,4522.76,1,4522.76,0,0.0,100.0,100.0
2026-05-01,SUP-048,Supplier 048,Taiwan,APAC,PLT-02,Detroit Works,USA,NA,Government,Australia,1,41376.33,1,41376.33,1,41376.33,0,0.0,0,0.0,100.0,100.0
2026-05-01,SUP-049,Supplier 049,Vietnam,APAC,PLT-05,Monterrey Plant,Mexico,LATAM,SMB,Japan,1,21557.96,1,21557.96,0,0.0,0,0.0,1,21557.96,100.0,100.0
2026-05-01,SUP-049,Supplier 049,Vietnam,APAC,PLT-03,Tokyo Precision,Japan,APAC,SMB,UK,1,1175.79,1,1175.79,0,0.0,0,0.0,1,1175.79,100.0,100.0
2026-05-01,SUP-049,Supplier 049,Vietnam,APAC,PLT-06,Sao Paulo Ops,Brazil,LATAM,Enterprise,USA,1,54659.2,0,0.0,0,0.0,0,0.0,0,0.0,0.0,0.0
2026-05-01,SUP-049,Supplier 049,Vietnam,APAC,PLT-05,Monterrey Plant,Mexico,LATAM,SMB,USA,1,4461.6,1,4461.6,1,4461.6,0,0.0,0,0.0,100.0,100.0
2026-05-01,SUP-049,Supplier 049,Vietnam,APAC,PLT-07,Seoul Tech,South Korea,APAC,Enterprise,Japan,1,12375.6,1,12375.6,0,0.0,0,0.0,1,12375.6,100.0,100.0
2026-05-01,SUP-049,Supplier 049,Vietnam,APAC,PLT-09,Hanoi Assembly,Vietnam,APAC,SMB,Singapore,1,34501.05,1,34501.05,1,34501.05,0,0.0,0,0.0,100.0,100.0
2026-05-01,SUP-049,Supplier 049,Vietnam,APAC,PLT-00,Shanghai Hub,China,APAC,SMB,Singapore,1,14452.83,1,14452.83,0,0.0,0,0.0,1,14452.83,100.0,100.0
2026-05-01,SUP-049,Supplier 049,Vietnam,APAC,PLT-04,Chennai Forge,India,APAC,SMB,Japan,1,14495.48,1,14495.48,1,14495.48,0,0.0,0,0.0,100.0,100.0
2026-05-01,SUP-049,Supplier 049,Vietnam,APAC,PLT-08,Taipei Micro,Taiwan,APAC,Government,USA,1,23524.5,1,23524.5,1,23524.5,0,0.0,0,0.0,100.0,100.0
2026-05-01,SUP-049,Supplier 049,Vietnam,APAC,PLT-06,Sao Paulo Ops,Brazil,LATAM,Government,UK,1,4772.64,0,0.0,0,0.0,0,0.0,0,0.0,0.0,0.0
2026-06-01,SUP-000,Supplier 000,China,APAC,PLT-01,Munich Center,Germany,EMEA,SMB,Canada,1,23396.8,1,23396.8,1,23396.8,0,0.0,0,0.0,100.0,100.0
2026-06-01,SUP-000,Supplier 000,China,APAC,PLT-08,Taipei Micro,Taiwan,APAC,SMB,France,1,5541.75,1,5541.75,1,5541.75,0,0.0,0,0.0,100.0,100.0
2026-06-01,SUP-000,Supplier 000,China,APAC,PLT-05,Monterrey Plant,Mexico,LATAM,Enterprise,Japan,1,7640.6,1,7640.6,1,7640.6,0,0.0,0,0.0,100.0,100.0
2026-06-01,SUP-000,Supplier 000,China,APAC,PLT-06,Sao Paulo Ops,Brazil,LATAM,SMB,Japan,1,4530.38,1,4530.38,0,0.0,0,0.0,1,4530.38,100.0,100.0
2026-06-01,SUP-000,Supplier 000,China,APAC,PLT-00,Shanghai Hub,China,APAC,SMB,UK,1,2033.28,1,2033.28,0,0.0,1,2033.28,0,0.0,100.0,100.0
2026-06-01,SUP-000,Supplier 000,China,APAC,PLT-09,Hanoi Assembly,Vietnam,APAC,Enterprise,Japan,1,34488.12,1,34488.12,0,0.0,0,0.0,1,34488.12,100.0,100.0
2026-06-01,SUP-000,Supplier 000,China,APAC,PLT-02,Detroit Works,USA,NA,SMB,Japan,1,3321.38,1,3321.38,1,3321.38,1,3321.38,0,0.0,100.0,100.0
2026-06-01,SUP-000,Supplier 000,China,APAC,PLT-06,Sao Paulo Ops,Brazil,LATAM,Enterprise,Canada,1,280.64,0,0.0,0,0.0,0,0.0,0,0.0,0.0,0.0
2026-06-01,SUP-001,Supplier 001,Germany,EMEA,PLT-03,Tokyo Precision,Japan,APAC,SMB,Japan,1,1020.55,1,1020.55,1,1020.55,0,0.0,0,0.0,100.0,100.0
2026-06-01,SUP-001,Supplier 001,Germany,EMEA,PLT-04,Chennai Forge,India,APAC,Enterprise,Canada,1,10141.76,1,10141.76,1,10141.76,1,10141.76,0,0.0,100.0,100.0
2026-06-01,SUP-001,Supplier 001,Germany,EMEA,PLT-09,Hanoi Assembly,Vietnam,APAC,Government,Germany,1,10567.9,1,10567.9,1,10567.9,0,0.0,0,0.0,100.0,100.0
2026-06-01,SUP-001,Supplier 001,Germany,EMEA,PLT-06,Sao Paulo Ops,Brazil,LATAM,Enterprise,USA,1,57792.0,0,0.0,0,0.0,0,0.0,0,0.0,0.0,0.0
2026-06-01,SUP-001,Supplier 001,Germany,EMEA,PLT-04,Chennai Forge,India,APAC,Enterprise,Germany,1,5563.66,1,5563.66,1,5563.66,1,5563.66,0,0.0,100.0,100.0
2026-06-01,SUP-001,Supplier 001,Germany,EMEA,PLT-09,Hanoi Assembly,Vietnam,APAC,SMB,USA,1,26115.6,1,26115.6,0,0.0,0,0.0,1,26115.6,100.0,100.0
2026-06-01,SUP-001,Supplier 001,Germany,EMEA,PLT-00,Shanghai Hub,China,APAC,SMB,Australia,1,36422.62,1,36422.62,1,36422.62,1,36422.62,0,0.0,100.0,100.0
2026-06-01,SUP-001,Supplier 001,Germany,EMEA,PLT-07,Seoul Tech,South Korea,APAC,Enterprise,France,1,9151.66,1,9151.66,1,9151.66,0,0.0,0,0.0,100.0,100.0
2026-06-01,SUP-001,Supplier 001,Germany,EMEA,PLT-00,Shanghai Hub,China,APAC,SMB,Germany,1,106027.2,1,106027.2,1,106027.2,0,0.0,0,0.0,100.0,100.0
2026-06-01,SUP-001,Supplier 001,Germany,EMEA,PLT-02,Detroit Works,USA,NA,Government,Singapore,1,10305.36,1,10305.36,1,10305.36,0,0.0,0,0.0,100.0,100.0
2026-06-01,SUP-002,Supplier 002,USA,NA,PLT-02,Detroit Works,USA,NA,SMB,Singapore,1,33956.8,1,33956.8,1,33956.8,1,33956.8,0,0.0,100.0,100.0
2026-06-01,SUP-002,Supplier 002,USA,NA,PLT-02,Detroit Works,USA,NA,Enterprise,Singapore,1,31041.6,1,31041.6,0,0.0,1,31041.6,0,0.0,100.0,100.0
2026-06-01,SUP-002,Supplier 002,USA,NA,PLT-04,Chennai Forge,India,APAC,SMB,Germany,1,10838.42,1,10838.42,1,10838.42,0,0.0,0,0.0,100.0,100.0
2026-06-01,SUP-002,Supplier 002,USA,NA,PLT-09,Hanoi Assembly,Vietnam,APAC,SMB,Canada,1,9386.16,1,9386.16,1,9386.16,0,0.0,0,0.0,100.0,100.0
2026-06-01,SUP-002,Supplier 002,USA,NA,PLT-02,Detroit Works,USA,NA,SMB,Germany,1,3859.4,1,3859.4,1,3859.4,0,0.0,0,0.0,100.0,100.0
2026-06-01,SUP-002,Supplier 002,USA,NA,PLT-03,Tokyo Precision,Japan,APAC,Enterprise,Germany,1,113110.8,1,113110.8,1,113110.8,0,0.0,0,0.0,100.0,100.0
2026-06-01,SUP-002,Supplier 002,USA,NA,PLT-09,Hanoi Assembly,Vietnam,APAC,Government,USA,1,44639.76,0,0.0,0,0.0,0,0.0,0,0.0,0.0,0.0
2026-06-01,SUP-003,Supplier 003,Japan,APAC,PLT-06,Sao Paulo Ops,Brazil,LATAM,SMB,Australia,1,2038.5,1,2038.5,1,2038.5,0,0.0,0,0.0,100.0,100.0
2026-06-01,SUP-003,Supplier 003,Japan,APAC,PLT-02,Detroit Works,USA,NA,Enterprise,Australia,1,430.54,1,430.54,0,0.0,0,0.0,1,430.54,100.0,100.0
2026-06-01,SUP-003,Supplier 003,Japan,APAC,PLT-08,Taipei Micro,Taiwan,APAC,Enterprise,UK,1,18753.14,1,18753.14,1,18753.14,0,0.0,0,0.0,100.0,100.0
2026-06-01,SUP-003,Supplier 003,Japan,APAC,PLT-08,Taipei Micro,Taiwan,APAC,Enterprise,USA,1,43187.55,0,0.0,0,0.0,0,0.0,0,0.0,0.0,0.0
2026-06-01,SUP-003,Supplier 003,Japan,APAC,PLT-00,Shanghai Hub,China,APAC,SMB,Singapore,1,9553.28,1,9553.28,1,9553.28,0,0.0,0,0.0,100.0,100.0
2026-06-01,SUP-003,Supplier 003,Japan,APAC,PLT-08,Taipei Micro,Taiwan,APAC,Government,USA,1,3827.04,0,0.0,0,0.0,0,0.0,0,0.0,0.0,0.0
2026-06-01,SUP-003,Supplier 003,Japan,APAC,PLT-00,Shanghai Hub,China,APAC,Enterprise,USA,1,11832.48,1,11832.48,1,11832.48,0,0.0,0,0.0,100.0,100.0
2026-06-01,SUP-003,Supplier 003,Japan,APAC,PLT-06,Sao Paulo Ops,Brazil,LATAM,Enterprise,Singapore,1,44056.32,1,44056.32,1,44056.32,0,0.0,0,0.0,100.0,100.0
2026-06-01,SUP-004,Supplier 004,India,APAC,PLT-06,Sao Paulo Ops,Brazil,LATAM,Government,France,1,4932.68,1,4932.68,1,4932.68,0,0.0,0,0.0,100.0,100.0
2026-06-01,SUP-004,Supplier 004,India,APAC,PLT-05,Monterrey Plant,Mexico,LATAM,Enterprise,Japan,1,12791.8,1,12791.8,1,12791.8,0,0.0,0,0.0,100.0,100.0
2026-06-01,SUP-004,Supplier 004,India,APAC,PLT-07,Seoul Tech,South Korea,APAC,Enterprise,France,1,5410.32,1,5410.32,1,5410.32,0,0.0,0,0.0,100.0,100.0
2026-06-01,SUP-004,Supplier 004,India,APAC,PLT-04,Chennai Forge,India,APAC,Government,Canada,1,11577.06,1,11577.06,0,0.0,0,0.0,1,11577.06,100.0,100.0
2026-06-01,SUP-004,Supplier 004,India,APAC,PLT-00,Shanghai Hub,China,APAC,Enterprise,Canada,1,35703.36,1,35703.36,1,35703.36,1,35703.36,0,0.0,100.0,100.0
2026-06-01,SUP-004,Supplier 004,India,APAC,PLT-09,Hanoi Assembly,Vietnam,APAC,SMB,UK,1,44739.3,1,44739.3,1,44739.3,0,0.0,0,0.0,100.0,100.0
2026-06-01,SUP-004,Supplier 004,India,APAC,PLT-09,Hanoi Assembly,Vietnam,APAC,Government,USA,1,484.51,1,484.51,1,484.51,0,0.0,0,0.0,100.0,100.0
2026-06-01,SUP-004,Supplier 004,India,APAC,PLT-02,Detroit Works,USA,NA,Enterprise,USA,1,10606.68,1,10606.68,0,0.0,0,0.0,1,10606.68,100.0,100.0
2026-06-01,SUP-004,Supplier 004,India,APAC,PLT-05,Monterrey Plant,Mexico,LATAM,SMB,Canada,1,3919.8,1,3919.8,1,3919.8,1,3919.8,0,0.0,100.0,100.0
2026-06-01,SUP-005,Supplier 005,Mexico,LATAM,PLT-07,Seoul Tech,South Korea,APAC,SMB,Australia,1,12471.52,1,12471.52,1,12471.52,0,0.0,0,0.0,100.0,100.0
2026-06-01,SUP-005,Supplier 005,Mexico,LATAM,PLT-04,Chennai Forge,India,APAC,Enterprise,UK,1,5683.07,1,5683.07,0,0.0,0,0.0,1,5683.07,100.0,100.0
2026-06-01,SUP-005,Supplier 005,Mexico,LATAM,PLT-02,Detroit Works,USA,NA,SMB,France,1,22427.2,0,0.0,0,0.0,0,0.0,0,0.0,0.0,0.0
2026-06-01,SUP-005,Supplier 005,Mexico,LATAM,PLT-05,Monterrey Plant,Mexico,LATAM,Enterprise,UK,1,43203.76,1,43203.76,0,0.0,1,43203.76,0,0.0,100.0,100.0
2026-06-01,SUP-005,Supplier 005,Mexico,LATAM,PLT-06,Sao Paulo Ops,Brazil,LATAM,SMB,France,1,28017.6,0,0.0,0,0.0,0,0.0,0,0.0,0.0,0.0
2026-06-01,SUP-006,Supplier 006,Brazil,LATAM,PLT-04,Chennai Forge,India,APAC,Enterprise,France,1,2430.6,1,2430.6,1,2430.6,0,0.0,0,0.0,100.0,100.0
2026-06-01,SUP-006,Supplier 006,Brazil,LATAM,PLT-03,Tokyo Precision,Japan,APAC,SMB,Germany,1,452.66,0,0.0,0,0.0,0,0.0,0,0.0,0.0,0.0
2026-06-01,SUP-006,Supplier 006,Brazil,LATAM,PLT-02,Detroit Works,USA,NA,Enterprise,USA,1,42648.3,0,0.0,0,0.0,0,0.0,0,0.0,0.0,0.0
2026-06-01,SUP-006,Supplier 006,Brazil,LATAM,PLT-04,Chennai Forge,India,APAC,Enterprise,Germany,1,15210.75,1,15210.75,1,15210.75,0,0.0,0,0.0,100.0,100.0
2026-06-01,SUP-006,Supplier 006,Brazil,LATAM,PLT-01,Munich Center,Germany,EMEA,SMB,UK,1,13929.28,1,13929.28,1,13929.28,0,0.0,0,0.0,100.0,100.0
2026-06-01,SUP-006,Supplier 006,Brazil,LATAM,PLT-02,Detroit Works,USA,NA,Government,France,1,1760.25,1,1760.25,0,0.0,1,1760.25,0,0.0,100.0,100.0
2026-06-01,SUP-006,Supplier 006,Brazil,LATAM,PLT-05,Monterrey Plant,Mexico,LATAM,Enterprise,USA,1,52967.33,1,52967.33,1,52967.33,0,0.0,0,0.0,100.0,100.0
2026-06-01,SUP-006,Supplier 006,Brazil,LATAM,PLT-05,Monterrey Plant,Mexico,LATAM,Enterprise,Japan,1,1484.14,1,1484.14,1,1484.14,0,0.0,0,0.0,100.0,100.0
2026-06-01,SUP-006,Supplier 006,Brazil,LATAM,PLT-01,Munich Center,Germany,EMEA,Enterprise,Australia,1,2224.79,1,2224.79,1,2224.79,1,2224.79,0,0.0,100.0,100.0
2026-06-01,SUP-006,Supplier 006,Brazil,LATAM,PLT-07,Seoul Tech,South Korea,APAC,Enterprise,UK,1,6738.16,1,6738.16,1,6738.16,0,0.0,0,0.0,100.0,100.0
2026-06-01,SUP-006,Supplier 006,Brazil,LATAM,PLT-08,Taipei Micro,Taiwan,APAC,SMB,Japan,1,5645.1,1,5645.1,1,5645.1,0,0.0,0,0.0,100.0,100.0
2026-06-01,SUP-007,Supplier 007,South Korea,APAC,PLT-06,Sao Paulo Ops,Brazil,LATAM,Enterprise,Canada,1,17547.24,1,17547.24,1,17547.24,0,0.0,0,0.0,100.0,100.0
2026-06-01,SUP-007,Supplier 007,South Korea,APAC,PLT-06,Sao Paulo Ops,Brazil,LATAM,SMB,France,1,6414.25,0,0.0,0,0.0,0,0.0,0,0.0,0.0,0.0
2026-06-01,SUP-007,Supplier 007,South Korea,APAC,PLT-04,Chennai Forge,India,APAC,Enterprise,Australia,1,2129.04,1,2129.04,1,2129.04,1,2129.04,0,0.0,100.0,100.0
2026-06-01,SUP-007,Supplier 007,South Korea,APAC,PLT-01,Munich Center,Germany,EMEA,SMB,UK,1,1443.7,0,0.0,0,0.0,0,0.0,0,0.0,0.0,0.0
2026-06-01,SUP-007,Supplier 007,South Korea,APAC,PLT-03,Tokyo Precision,Japan,APAC,SMB,Japan,1,8827.42,0,0.0,0,0.0,0,0.0,0,0.0,0.0,0.0
2026-06-01,SUP-007,Supplier 007,South Korea,APAC,PLT-05,Monterrey Plant,Mexico,LATAM,SMB,Singapore,1,46744.32,1,46744.32,1,46744.32,0,0.0,0,0.0,100.0,100.0
2026-06-01,SUP-007,Supplier 007,South Korea,APAC,PLT-03,Tokyo Precision,Japan,APAC,SMB,UK,1,64522.89,1,64522.89,0,0.0,1,64522.89,0,0.0,100.0,100.0
2026-06-01,SUP-007,Supplier 007,South Korea,APAC,PLT-02,Detroit Works,USA,NA,SMB,Canada,1,26565.34,1,26565.34,1,26565.34,0,0.0,0,0.0,100.0,100.0
2026-06-01,SUP-007,Supplier 007,South Korea,APAC,PLT-07,Seoul Tech,South Korea,APAC,SMB,Canada,1,3330.47,0,0.0,0,0.0,0,0.0,0,0.0,0.0,0.0
2026-06-01,SUP-008,Supplier 008,Taiwan,APAC,PLT-05,Monterrey Plant,Mexico,LATAM,SMB,France,1,12907.5,1,12907.5,1,12907.5,0,0.0,0,0.0,100.0,100.0
2026-06-01,SUP-008,Supplier 008,Taiwan,APAC,PLT-06,Sao Paulo Ops,Brazil,LATAM,SMB,Singapore,1,12917.96,1,12917.96,1,12917.96,0,0.0,0,0.0,100.0,100.0
2026-06-01,SUP-008,Supplier 008,Taiwan,APAC,PLT-03,Tokyo Precision,Japan,APAC,SMB,USA,1,4540.27,1,4540.27,1,4540.27,0,0.0,0,0.0,100.0,100.0
2026-06-01,SUP-008,Supplier 008,Taiwan,APAC,PLT-01,Munich Center,Germany,EMEA,SMB,Germany,1,24252.38,1,24252.38,1,24252.38,0,0.0,0,0.0,100.0,100.0
2026-06-01,SUP-009,Supplier 009,Vietnam,APAC,PLT-04,Chennai Forge,India,APAC,SMB,Japan,1,20791.5,1,20791.5,1,20791.5,1,20791.5,0,0.0,100.0,100.0
2026-06-01,SUP-009,Supplier 009,Vietnam,APAC,PLT-09,Hanoi Assembly,Vietnam,APAC,Government,USA,1,3087.06,1,3087.06,1,3087.06,0,0.0,0,0.0,100.0,100.0
2026-06-01,SUP-009,Supplier 009,Vietnam,APAC,PLT-05,Monterrey Plant,Mexico,LATAM,Enterprise,France,1,12924.1,1,12924.1,1,12924.1,0,0.0,0,0.0,100.0,100.0
2026-06-01,SUP-009,Supplier 009,Vietnam,APAC,PLT-05,Monterrey Plant,Mexico,LATAM,SMB,Australia,1,5125.38,1,5125.38,0,0.0,0,0.0,1,5125.38,100.0,100.0
2026-06-01,SUP-009,Supplier 009,Vietnam,APAC,PLT-00,Shanghai Hub,China,APAC,SMB,Australia,1,14947.2,1,14947.2,1,14947.2,1,14947.2,0,0.0,100.0,100.0
2026-06-01,SUP-009,Supplier 009,Vietnam,APAC,PLT-01,Munich Center,Germany,EMEA,Enterprise,UK,1,4159.0,1,4159.0,0,0.0,0,0.0,1,4159.0,100.0,100.0
2026-06-01,SUP-009,Supplier 009,Vietnam,APAC,PLT-07,Seoul Tech,South Korea,APAC,Enterprise,Japan,1,16773.12,1,16773.12,1,16773.12,0,0.0,0,0.0,100.0,100.0
2026-06-01,SUP-009,Supplier 009,Vietnam,APAC,PLT-02,Detroit Works,USA,NA,SMB,Canada,1,2285.36,0,0.0,0,0.0,0,0.0,0,0.0,0.0,0.0
2026-06-01,SUP-009,Supplier 009,Vietnam,APAC,PLT-08,Taipei Micro,Taiwan,APAC,SMB,UK,1,5969.4,1,5969.4,0,0.0,0,0.0,1,5969.4,100.0,100.0
2026-06-01,SUP-009,Supplier 009,Vietnam,APAC,PLT-05,Monterrey Plant,Mexico,LATAM,Enterprise,Singapore,1,18127.46,1,18127.46,1,18127.46,1,18127.46,0,0.0,100.0,100.0
2026-06-01,SUP-009,Supplier 009,Vietnam,APAC,PLT-03,Tokyo Precision,Japan,APAC,SMB,UK,1,12738.55,1,12738.55,1,12738.55,0,0.0,0,0.0,100.0,100.0
2026-06-01,SUP-009,Supplier 009,Vietnam,APAC,PLT-02,Detroit Works,USA,NA,SMB,UK,1,27118.77,1,27118.77,1,27118.77,0,0.0,0,0.0,100.0,100.0
2026-06-01,SUP-010,Supplier 010,China,APAC,PLT-01,Munich Center,Germany,EMEA,Enterprise,UK,1,30055.04,1,30055.04,1,30055.04,0,0.0,0,0.0,100.0,100.0
2026-06-01,SUP-010,Supplier 010,China,APAC,PLT-09,Hanoi Assembly,Vietnam,APAC,Government,Japan,1,10404.4,1,10404.4,0,0.0,0,0.0,1,10404.4,100.0,100.0
2026-06-01,SUP-010,Supplier 010,China,APAC,PLT-05,Monterrey Plant,Mexico,LATAM,Enterprise,Germany,1,1306.04,1,1306.04,1,1306.04,0,0.0,0,0.0,100.0,100.0
2026-06-01,SUP-011,Supplier 011,Germany,EMEA,PLT-07,Seoul Tech,South Korea,APAC,Enterprise,Japan,1,4871.2,0,0.0,0,0.0,0,0.0,0,0.0,0.0,0.0
2026-06-01,SUP-011,Supplier 011,Germany,EMEA,PLT-01,Munich Center,Germany,EMEA,Enterprise,France,2,26167.5,2,26167.5,2,26167.5,0,0.0,0,0.0,100.0,100.0
2026-06-01,SUP-011,Supplier 011,Germany,EMEA,PLT-05,Monterrey Plant,Mexico,LATAM,SMB,Australia,1,13352.7,1,13352.7,0,0.0,0,0.0,1,13352.7,100.0,100.0
2026-06-01,SUP-011,Supplier 011,Germany,EMEA,PLT-03,Tokyo Precision,Japan,APAC,SMB,Germany,1,1450.46,1,1450.46,1,1450.46,0,0.0,0,0.0,100.0,100.0
2026-06-01,SUP-011,Supplier 011,Germany,EMEA,PLT-08,Taipei Micro,Taiwan,APAC,Government,Germany,1,5014.71,1,5014.71,1,5014.71,0,0.0,0,0.0,100.0,100.0
2026-06-01,SUP-011,Supplier 011,Germany,EMEA,PLT-06,Sao Paulo Ops,Brazil,LATAM,SMB,UK,1,43671.6,1,43671.6,0,0.0,0,0.0,1,43671.6,100.0,100.0
2026-06-01,SUP-011,Supplier 011,Germany,EMEA,PLT-05,Monterrey Plant,Mexico,LATAM,SMB,Singapore,1,890.88,0,0.0,0,0.0,0,0.0,0,0.0,0.0,0.0
2026-06-01,SUP-011,Supplier 011,Germany,EMEA,PLT-01,Munich Center,Germany,EMEA,SMB,USA,1,49837.2,1,49837.2,1,49837.2,0,0.0,0,0.0,100.0,100.0
2026-06-01,SUP-012,Supplier 012,USA,NA,PLT-04,Chennai Forge,India,APAC,SMB,Australia,1,22423.85,1,22423.85,1,22423.85,0,0.0,0,0.0,100.0,100.0
2026-06-01,SUP-012,Supplier 012,USA,NA,PLT-07,Seoul Tech,South Korea,APAC,SMB,Germany,1,23277.76,1,23277.76,1,23277.76,0,0.0,0,0.0,100.0,100.0
2026-06-01,SUP-012,Supplier 012,USA,NA,PLT-02,Detroit Works,USA,NA,Enterprise,France,1,115400.07,1,115400.07,1,115400.07,1,115400.07,0,0.0,100.0,100.0
2026-06-01,SUP-012,Supplier 012,USA,NA,PLT-07,Seoul Tech,South Korea,APAC,SMB,Canada,1,61284.6,1,61284.6,1,61284.6,0,0.0,0,0.0,100.0,100.0
2026-06-01,SUP-012,Supplier 012,USA,NA,PLT-01,Munich Center,Germany,EMEA,SMB,Canada,1,16560.0,1,16560.0,1,16560.0,0,0.0,0,0.0,100.0,100.0
2026-06-01,SUP-012,Supplier 012,USA,NA,PLT-03,Tokyo Precision,Japan,APAC,SMB,Canada,1,28819.45,1,28819.45,1,28819.45,1,28819.45,0,0.0,100.0,100.0
2026-06-01,SUP-012,Supplier 012,USA,NA,PLT-00,Shanghai Hub,China,APAC,Enterprise,Singapore,1,31432.7,1,31432.7,1,31432.7,0,0.0,0,0.0,100.0,100.0
2026-06-01,SUP-013,Supplier 013,Japan,APAC,PLT-01,Munich Center,Germany,EMEA,Government,UK,1,7684.17,1,7684.17,0,0.0,1,7684.17,0,0.0,100.0,100.0
2026-06-01,SUP-013,Supplier 013,Japan,APAC,PLT-05,Monterrey Plant,Mexico,LATAM,SMB,France,1,603.68,1,603.68,1,603.68,0,0.0,0,0.0,100.0,100.0
2026-06-01,SUP-013,Supplier 013,Japan,APAC,PLT-04,Chennai Forge,India,APAC,SMB,Australia,1,2328.3,1,2328.3,1,2328.3,0,0.0,0,0.0,100.0,100.0
2026-06-01,SUP-013,Supplier 013,Japan,APAC,PLT-04,Chennai Forge,India,APAC,Government,UK,1,4079.79,1,4079.79,1,4079.79,0,0.0,0,0.0,100.0,100.0
2026-06-01,SUP-013,Supplier 013,Japan,APAC,PLT-08,Taipei Micro,Taiwan,APAC,Enterprise,Germany,1,26990.18,1,26990.18,1,26990.18,0,0.0,0,0.0,100.0,100.0
2026-06-01,SUP-013,Supplier 013,Japan,APAC,PLT-06,Sao Paulo Ops,Brazil,LATAM,Government,Australia,1,21686.49,1,21686.49,0,0.0,1,21686.49,0,0.0,100.0,100.0
2026-06-01,SUP-013,Supplier 013,Japan,APAC,PLT-02,Detroit Works,USA,NA,Enterprise,France,1,27596.55,1,27596.55,1,27596.55,0,0.0,0,0.0,100.0,100.0
2026-06-01,SUP-014,Supplier 014,India,APAC,PLT-04,Chennai Forge,India,APAC,Government,Singapore,1,60018.81,1,60018.81,1,60018.81,0,0.0,0,0.0,100.0,100.0
2026-06-01,SUP-014,Supplier 014,India,APAC,PLT-09,Hanoi Assembly,Vietnam,APAC,SMB,France,1,20392.05,1,20392.05,1,20392.05,0,0.0,0,0.0,100.0,100.0
2026-06-01,SUP-014,Supplier 014,India,APAC,PLT-00,Shanghai Hub,China,APAC,SMB,UK,1,3709.84,0,0.0,0,0.0,0,0.0,0,0.0,0.0,0.0
2026-06-01,SUP-014,Supplier 014,India,APAC,PLT-05,Monterrey Plant,Mexico,LATAM,SMB,Canada,1,9715.68,0,0.0,0,0.0,0,0.0,0,0.0,0.0,0.0
2026-06-01,SUP-014,Supplier 014,India,APAC,PLT-01,Munich Center,Germany,EMEA,Enterprise,France,1,29724.87,1,29724.87,1,29724.87,0,0.0,0,0.0,100.0,100.0
2026-06-01,SUP-014,Supplier 014,India,APAC,PLT-08,Taipei Micro,Taiwan,APAC,Enterprise,Japan,1,2204.28,1,2204.28,1,2204.28,0,0.0,0,0.0,100.0,100.0
2026-06-01,SUP-015,Supplier 015,Mexico,LATAM,PLT-02,Detroit Works,USA,NA,Enterprise,Canada,1,12012.57,1,12012.57,0,0.0,0,0.0,1,12012.57,100.0,100.0
2026-06-01,SUP-015,Supplier 015,Mexico,LATAM,PLT-09,Hanoi Assembly,Vietnam,APAC,SMB,Canada,1,26615.6,1,26615.6,1,26615.6,0,0.0,0,0.0,100.0,100.0
2026-06-01,SUP-015,Supplier 015,Mexico,LATAM,PLT-02,Detroit Works,USA,NA,SMB,UK,1,15896.76,1,15896.76,0,0.0,1,15896.76,0,0.0,100.0,100.0
2026-06-01,SUP-015,Supplier 015,Mexico,LATAM,PLT-03,Tokyo Precision,Japan,APAC,Enterprise,France,1,17407.35,1,17407.35,0,0.0,0,0.0,1,17407.35,100.0,100.0
2026-06-01,SUP-015,Supplier 015,Mexico,LATAM,PLT-08,Taipei Micro,Taiwan,APAC,SMB,Germany,1,576.8,0,0.0,0,0.0,0,0.0,0,0.0,0.0,0.0
2026-06-01,SUP-015,Supplier 015,Mexico,LATAM,PLT-02,Detroit Works,USA,NA,Enterprise,USA,1,4503.84,1,4503.84,0,0.0,1,4503.84,0,0.0,100.0,100.0
2026-06-01,SUP-015,Supplier 015,Mexico,LATAM,PLT-00,Shanghai Hub,China,APAC,Enterprise,Germany,1,31534.23,1,31534.23,0,0.0,1,31534.23,0,0.0,100.0,100.0
2026-06-01,SUP-015,Supplier 015,Mexico,LATAM,PLT-06,Sao Paulo Ops,Brazil,LATAM,Government,Germany,1,10830.7,1,10830.7,1,10830.7,0,0.0,0,0.0,100.0,100.0
2026-06-01,SUP-015,Supplier 015,Mexico,LATAM,PLT-02,Detroit Works,USA,NA,Enterprise,France,1,56473.32,1,56473.32,1,56473.32,0,0.0,0,0.0,100.0,100.0
2026-06-01,SUP-016,Supplier 016,Brazil,LATAM,PLT-04,Chennai Forge,India,APAC,Enterprise,USA,1,25315.67,0,0.0,0,0.0,0,0.0,0,0.0,0.0,0.0
2026-06-01,SUP-016,Supplier 016,Brazil,LATAM,PLT-04,Chennai Forge,India,APAC,SMB,UK,1,6234.5,1,6234.5,0,0.0,0,0.0,1,6234.5,100.0,100.0
2026-06-01,SUP-016,Supplier 016,Brazil,LATAM,PLT-03,Tokyo Precision,Japan,APAC,Enterprise,Germany,1,989.76,1,989.76,1,989.76,0,0.0,0,0.0,100.0,100.0
2026-06-01,SUP-016,Supplier 016,Brazil,LATAM,PLT-06,Sao Paulo Ops,Brazil,LATAM,Government,Germany,1,13931.4,1,13931.4,1,13931.4,0,0.0,0,0.0,100.0,100.0
2026-06-01,SUP-016,Supplier 016,Brazil,LATAM,PLT-00,Shanghai Hub,China,APAC,SMB,Canada,1,47878.0,1,47878.0,0,0.0,1,47878.0,0,0.0,100.0,100.0
2026-06-01,SUP-017,Supplier 017,South Korea,APAC,PLT-03,Tokyo Precision,Japan,APAC,Enterprise,France,1,604.08,0,0.0,0,0.0,0,0.0,0,0.0,0.0,0.0
2026-06-01,SUP-017,Supplier 017,South Korea,APAC,PLT-05,Monterrey Plant,Mexico,LATAM,Enterprise,Australia,1,13743.48,1,13743.48,1,13743.48,0,0.0,0,0.0,100.0,100.0
2026-06-01,SUP-017,Supplier 017,South Korea,APAC,PLT-03,Tokyo Precision,Japan,APAC,SMB,Germany,1,84862.09,1,84862.09,1,84862.09,0,0.0,0,0.0,100.0,100.0
2026-06-01,SUP-017,Supplier 017,South Korea,APAC,PLT-08,Taipei Micro,Taiwan,APAC,SMB,Canada,1,43550.94,1,43550.94,0,0.0,1,43550.94,0,0.0,100.0,100.0
2026-06-01,SUP-017,Supplier 017,South Korea,APAC,PLT-03,Tokyo Precision,Japan,APAC,Enterprise,Australia,1,49039.65,0,0.0,0,0.0,0,0.0,0,0.0,0.0,0.0
2026-06-01,SUP-017,Supplier 017,South Korea,APAC,PLT-03,Tokyo Precision,Japan,APAC,Government,Germany,1,35434.8,0,0.0,0,0.0,0,0.0,0,0.0,0.0,0.0
2026-06-01,SUP-017,Supplier 017,South Korea,APAC,PLT-04,Chennai Forge,India,APAC,SMB,UK,1,23526.36,1,23526.36,1,23526.36,0,0.0,0,0.0,100.0,100.0
2026-06-01,SUP-017,Supplier 017,South Korea,APAC,PLT-05,Monterrey Plant,Mexico,LATAM,Enterprise,Germany,1,10093.44,1,10093.44,0,0.0,1,10093.44,0,0.0,100.0,100.0
2026-06-01,SUP-018,Supplier 018,Taiwan,APAC,PLT-04,Chennai Forge,India,APAC,SMB,Canada,1,9111.96,0,0.0,0,0.0,0,0.0,0,0.0,0.0,0.0
2026-06-01,SUP-018,Supplier 018,Taiwan,APAC,PLT-00,Shanghai Hub,China,APAC,Enterprise,Japan,1,39269.44,1,39269.44,1,39269.44,0,0.0,0,0.0,100.0,100.0
2026-06-01,SUP-018,Supplier 018,Taiwan,APAC,PLT-00,Shanghai Hub,China,APAC,Government,France,1,10900.39,1,10900.39,1,10900.39,0,0.0,0,0.0,100.0,100.0
2026-06-01,SUP-018,Supplier 018,Taiwan,APAC,PLT-06,Sao Paulo Ops,Brazil,LATAM,SMB,Australia,1,26561.1,0,0.0,0,0.0,0,0.0,0,0.0,0.0,0.0
2026-06-01,SUP-018,Supplier 018,Taiwan,APAC,PLT-03,Tokyo Precision,Japan,APAC,SMB,Australia,1,5100.81,1,5100.81,1,5100.81,0,0.0,0,0.0,100.0,100.0
2026-06-01,SUP-018,Supplier 018,Taiwan,APAC,PLT-07,Seoul Tech,South Korea,APAC,Government,UK,1,2723.75,1,2723.75,1,2723.75,0,0.0,0,0.0,100.0,100.0
2026-06-01,SUP-018,Supplier 018,Taiwan,APAC,PLT-06,Sao Paulo Ops,Brazil,LATAM,SMB,UK,1,1117.35,1,1117.35,1,1117.35,1,1117.35,0,0.0,100.0,100.0
2026-06-01,SUP-018,Supplier 018,Taiwan,APAC,PLT-01,Munich Center,Germany,EMEA,SMB,Japan,1,7404.68,1,7404.68,1,7404.68,0,0.0,0,0.0,100.0,100.0
2026-06-01,SUP-018,Supplier 018,Taiwan,APAC,PLT-03,Tokyo Precision,Japan,APAC,Enterprise,Singapore,1,4012.61,1,4012.61,1,4012.61,0,0.0,0,0.0,100.0,100.0
2026-06-01,SUP-019,Supplier 019,Vietnam,APAC,PLT-05,Monterrey Plant,Mexico,LATAM,SMB,Germany,1,32505.67,1,32505.67,1,32505.67,0,0.0,0,0.0,100.0,100.0
2026-06-01,SUP-019,Supplier 019,Vietnam,APAC,PLT-03,Tokyo Precision,Japan,APAC,Enterprise,USA,1,429.43,1,429.43,1,429.43,0,0.0,0,0.0,100.0,100.0
2026-06-01,SUP-019,Supplier 019,Vietnam,APAC,PLT-00,Shanghai Hub,China,APAC,SMB,Germany,1,4892.11,1,4892.11,1,4892.11,0,0.0,0,0.0,100.0,100.0
2026-06-01,SUP-019,Supplier 019,Vietnam,APAC,PLT-01,Munich Center,Germany,EMEA,SMB,USA,1,10480.41,1,10480.41,1,10480.41,0,0.0,0,0.0,100.0,100.0
2026-06-01,SUP-020,Supplier 020,China,APAC,PLT-06,Sao Paulo Ops,Brazil,LATAM,SMB,UK,1,18416.2,1,18416.2,1,18416.2,0,0.0,0,0.0,100.0,100.0
2026-06-01,SUP-020,Supplier 020,China,APAC,PLT-09,Hanoi Assembly,Vietnam,APAC,Enterprise,Germany,1,32143.2,1,32143.2,1,32143.2,0,0.0,0,0.0,100.0,100.0
2026-06-01,SUP-021,Supplier 021,Germany,EMEA,PLT-04,Chennai Forge,India,APAC,SMB,France,1,458.08,1,458.08,1,458.08,1,458.08,0,0.0,100.0,100.0
2026-06-01,SUP-021,Supplier 021,Germany,EMEA,PLT-08,Taipei Micro,Taiwan,APAC,SMB,Singapore,1,12040.2,1,12040.2,1,12040.2,0,0.0,0,0.0,100.0,100.0
2026-06-01,SUP-021,Supplier 021,Germany,EMEA,PLT-06,Sao Paulo Ops,Brazil,LATAM,SMB,Germany,1,7073.7,1,7073.7,1,7073.7,0,0.0,0,0.0,100.0,100.0
2026-06-01,SUP-021,Supplier 021,Germany,EMEA,PLT-00,Shanghai Hub,China,APAC,Enterprise,USA,1,4292.86,1,4292.86,0,0.0,1,4292.86,0,0.0,100.0,100.0
2026-06-01,SUP-021,Supplier 021,Germany,EMEA,PLT-09,Hanoi Assembly,Vietnam,APAC,Enterprise,Canada,1,12250.2,1,12250.2,1,12250.2,0,0.0,0,0.0,100.0,100.0
2026-06-01,SUP-021,Supplier 021,Germany,EMEA,PLT-01,Munich Center,Germany,EMEA,Enterprise,Japan,1,2013.18,1,2013.18,1,2013.18,0,0.0,0,0.0,100.0,100.0
2026-06-01,SUP-022,Supplier 022,USA,NA,PLT-04,Chennai Forge,India,APAC,SMB,Singapore,1,8757.6,1,8757.6,1,8757.6,1,8757.6,0,0.0,100.0,100.0
2026-06-01,SUP-022,Supplier 022,USA,NA,PLT-01,Munich Center,Germany,EMEA,SMB,Australia,1,30602.65,1,30602.65,1,30602.65,0,0.0,0,0.0,100.0,100.0
2026-06-01,SUP-022,Supplier 022,USA,NA,PLT-02,Detroit Works,USA,NA,SMB,France,1,4624.68,1,4624.68,0,0.0,1,4624.68,0,0.0,100.0,100.0
2026-06-01,SUP-022,Supplier 022,USA,NA,PLT-04,Chennai Forge,India,APAC,Enterprise,USA,1,1665.9,0,0.0,0,0.0,0,0.0,0,0.0,0.0,0.0
2026-06-01,SUP-022,Supplier 022,USA,NA,PLT-06,Sao Paulo Ops,Brazil,LATAM,Government,USA,1,51255.96,1,51255.96,1,51255.96,1,51255.96,0,0.0,100.0,100.0
2026-06-01,SUP-022,Supplier 022,USA,NA,PLT-04,Chennai Forge,India,APAC,Government,Japan,1,35658.48,1,35658.48,0,0.0,0,0.0,1,35658.48,100.0,100.0
2026-06-01,SUP-022,Supplier 022,USA,NA,PLT-06,Sao Paulo Ops,Brazil,LATAM,Government,Australia,1,11620.8,1,11620.8,0,0.0,0,0.0,1,11620.8,100.0,100.0
2026-06-01,SUP-022,Supplier 022,USA,NA,PLT-05,Monterrey Plant,Mexico,LATAM,Enterprise,USA,1,10484.07,1,10484.07,0,0.0,0,0.0,1,10484.07,100.0,100.0
2026-06-01,SUP-022,Supplier 022,USA,NA,PLT-08,Taipei Micro,Taiwan,APAC,Enterprise,Japan,1,64200.06,0,0.0,0,0.0,0,0.0,0,0.0,0.0,0.0
2026-06-01,SUP-022,Supplier 022,USA,NA,PLT-00,Shanghai Hub,China,APAC,SMB,France,1,8256.64,1,8256.64,1,8256.64,0,0.0,0,0.0,100.0,100.0
2026-06-01,SUP-023,Supplier 023,Japan,APAC,PLT-02,Detroit Works,USA,NA,SMB,Singapore,1,4233.04,1,4233.04,1,4233.04,1,4233.04,0,0.0,100.0,100.0
2026-06-01,SUP-023,Supplier 023,Japan,APAC,PLT-06,Sao Paulo Ops,Brazil,LATAM,SMB,Singapore,1,28431.36,1,28431.36,0,0.0,1,28431.36,0,0.0,100.0,100.0
2026-06-01,SUP-023,Supplier 023,Japan,APAC,PLT-04,Chennai Forge,India,APAC,Enterprise,USA,1,1140.92,1,1140.92,1,1140.92,0,0.0,0,0.0,100.0,100.0
2026-06-01,SUP-023,Supplier 023,Japan,APAC,PLT-06,Sao Paulo Ops,Brazil,LATAM,Enterprise,Japan,1,18680.75,1,18680.75,1,18680.75,0,0.0,0,0.0,100.0,100.0
2026-06-01,SUP-023,Supplier 023,Japan,APAC,PLT-00,Shanghai Hub,China,APAC,SMB,UK,1,3762.0,1,3762.0,0,0.0,1,3762.0,0,0.0,100.0,100.0
2026-06-01,SUP-024,Supplier 024,India,APAC,PLT-09,Hanoi Assembly,Vietnam,APAC,Government,Singapore,1,18674.0,1,18674.0,1,18674.0,1,18674.0,0,0.0,100.0,100.0
2026-06-01,SUP-024,Supplier 024,India,APAC,PLT-06,Sao Paulo Ops,Brazil,LATAM,SMB,France,1,5090.09,1,5090.09,1,5090.09,0,0.0,0,0.0,100.0,100.0
2026-06-01,SUP-025,Supplier 025,Mexico,LATAM,PLT-08,Taipei Micro,Taiwan,APAC,Government,Germany,1,7942.2,1,7942.2,1,7942.2,0,0.0,0,0.0,100.0,100.0
2026-06-01,SUP-025,Supplier 025,Mexico,LATAM,PLT-04,Chennai Forge,India,APAC,SMB,Australia,1,63905.28,1,63905.28,1,63905.28,0,0.0,0,0.0,100.0,100.0
2026-06-01,SUP-025,Supplier 025,Mexico,LATAM,PLT-07,Seoul Tech,South Korea,APAC,SMB,Canada,1,10803.0,1,10803.0,1,10803.0,0,0.0,0,0.0,100.0,100.0
2026-06-01,SUP-025,Supplier 025,Mexico,LATAM,PLT-08,Taipei Micro,Taiwan,APAC,SMB,Singapore,1,482.68,1,482.68,1,482.68,0,0.0,0,0.0,100.0,100.0
2026-06-01,SUP-025,Supplier 025,Mexico,LATAM,PLT-01,Munich Center,Germany,EMEA,Enterprise,Canada,1,37328.59,1,37328.59,1,37328.59,1,37328.59,0,0.0,100.0,100.0
2026-06-01,SUP-025,Supplier 025,Mexico,LATAM,PLT-00,Shanghai Hub,China,APAC,Government,France,1,7365.4,1,7365.4,1,7365.4,0,0.0,0,0.0,100.0,100.0
2026-06-01,SUP-025,Supplier 025,Mexico,LATAM,PLT-05,Monterrey Plant,Mexico,LATAM,SMB,Japan,1,16855.08,1,16855.08,0,0.0,0,0.0,1,16855.08,100.0,100.0
2026-06-01,SUP-025,Supplier 025,Mexico,LATAM,PLT-04,Chennai Forge,India,APAC,SMB,France,1,10561.08,1,10561.08,0,0.0,1,10561.08,0,0.0,100.0,100.0
2026-06-01,SUP-025,Supplier 025,Mexico,LATAM,PLT-02,Detroit Works,USA,NA,Enterprise,USA,1,8231.74,0,0.0,0,0.0,0,0.0,0,0.0,0.0,0.0
2026-06-01,SUP-025,Supplier 025,Mexico,LATAM,PLT-01,Munich Center,Germany,EMEA,SMB,UK,1,6740.66,1,6740.66,1,6740.66,1,6740.66,0,0.0,100.0,100.0
2026-06-01,SUP-026,Supplier 026,Brazil,LATAM,PLT-09,Hanoi Assembly,Vietnam,APAC,SMB,Canada,1,20469.36,1,20469.36,1,20469.36,0,0.0,0,0.0,100.0,100.0
2026-06-01,SUP-026,Supplier 026,Brazil,LATAM,PLT-02,Detroit Works,USA,NA,Government,Germany,1,3924.96,0,0.0,0,0.0,0,0.0,0,0.0,0.0,0.0
2026-06-01,SUP-026,Supplier 026,Brazil,LATAM,PLT-06,Sao Paulo Ops,Brazil,LATAM,SMB,Germany,1,10795.19,1,10795.19,1,10795.19,0,0.0,0,0.0,100.0,100.0
2026-06-01,SUP-026,Supplier 026,Brazil,LATAM,PLT-06,Sao Paulo Ops,Brazil,LATAM,SMB,France,1,124380.99,1,124380.99,1,124380.99,1,124380.99,0,0.0,100.0,100.0
2026-06-01,SUP-026,Supplier 026,Brazil,LATAM,PLT-08,Taipei Micro,Taiwan,APAC,SMB,France,1,22517.12,1,22517.12,1,22517.12,0,0.0,0,0.0,100.0,100.0
2026-06-01,SUP-026,Supplier 026,Brazil,LATAM,PLT-09,Hanoi Assembly,Vietnam,APAC,SMB,France,1,5030.1,1,5030.1,1,5030.1,0,0.0,0,0.0,100.0,100.0
2026-06-01,SUP-026,Supplier 026,Brazil,LATAM,PLT-00,Shanghai Hub,China,APAC,Enterprise,USA,1,6010.03,1,6010.03,1,6010.03,0,0.0,0,0.0,100.0,100.0
2026-06-01,SUP-026,Supplier 026,Brazil,LATAM,PLT-09,Hanoi Assembly,Vietnam,APAC,SMB,Singapore,1,39252.4,1,39252.4,1,39252.4,0,0.0,0,0.0,100.0,100.0
2026-06-01,SUP-026,Supplier 026,Brazil,LATAM,PLT-05,Monterrey Plant,Mexico,LATAM,SMB,Canada,1,4680.06,1,4680.06,1,4680.06,0,0.0,0,0.0,100.0,100.0
2026-06-01,SUP-026,Supplier 026,Brazil,LATAM,PLT-05,Monterrey Plant,Mexico,LATAM,Enterprise,Germany,1,8918.22,0,0.0,0,0.0,0,0.0,0,0.0,0.0,0.0
2026-06-01,SUP-026,Supplier 026,Brazil,LATAM,PLT-06,Sao Paulo Ops,Brazil,LATAM,Government,Canada,1,21573.76,1,21573.76,1,21573.76,1,21573.76,0,0.0,100.0,100.0
2026-06-01,SUP-027,Supplier 027,South Korea,APAC,PLT-05,Monterrey Plant,Mexico,LATAM,SMB,Canada,1,19521.6,0,0.0,0,0.0,0,0.0,0,0.0,0.0,0.0
2026-06-01,SUP-027,Supplier 027,South Korea,APAC,PLT-09,Hanoi Assembly,Vietnam,APAC,Enterprise,Canada,1,35651.22,0,0.0,0,0.0,0,0.0,0,0.0,0.0,0.0
2026-06-01,SUP-027,Supplier 027,South Korea,APAC,PLT-04,Chennai Forge,India,APAC,Government,Japan,1,2774.64,0,0.0,0,0.0,0,0.0,0,0.0,0.0,0.0
2026-06-01,SUP-027,Supplier 027,South Korea,APAC,PLT-09,Hanoi Assembly,Vietnam,APAC,Enterprise,Singapore,1,4045.8,1,4045.8,1,4045.8,0,0.0,0,0.0,100.0,100.0
2026-06-01,SUP-027,Supplier 027,South Korea,APAC,PLT-05,Monterrey Plant,Mexico,LATAM,SMB,Singapore,1,126.3,1,126.3,1,126.3,0,0.0,0,0.0,100.0,100.0
2026-06-01,SUP-027,Supplier 027,South Korea,APAC,PLT-00,Shanghai Hub,China,APAC,Enterprise,Japan,1,81001.29,0,0.0,0,0.0,0,0.0,0,0.0,0.0,0.0
2026-06-01,SUP-027,Supplier 027,South Korea,APAC,PLT-02,Detroit Works,USA,NA,Government,Germany,1,46952.7,1,46952.7,1,46952.7,0,0.0,0,0.0,100.0,100.0
2026-06-01,SUP-028,Supplier 028,Taiwan,APAC,PLT-05,Monterrey Plant,Mexico,LATAM,SMB,Germany,1,20832.48,1,20832.48,1,20832.48,1,20832.48,0,0.0,100.0,100.0
2026-06-01,SUP-028,Supplier 028,Taiwan,APAC,PLT-01,Munich Center,Germany,EMEA,SMB,Australia,1,242.83,1,242.83,1,242.83,0,0.0,0,0.0,100.0,100.0
2026-06-01,SUP-028,Supplier 028,Taiwan,APAC,PLT-08,Taipei Micro,Taiwan,APAC,Enterprise,Germany,1,44667.87,0,0.0,0,0.0,0,0.0,0,0.0,0.0,0.0
2026-06-01,SUP-028,Supplier 028,Taiwan,APAC,PLT-08,Taipei Micro,Taiwan,APAC,Government,France,1,51216.08,1,51216.08,1,51216.08,1,51216.08,0,0.0,100.0,100.0
2026-06-01,SUP-028,Supplier 028,Taiwan,APAC,PLT-04,Chennai Forge,India,APAC,Enterprise,USA,1,10772.16,0,0.0,0,0.0,0,0.0,0,0.0,0.0,0.0
2026-06-01,SUP-028,Supplier 028,Taiwan,APAC,PLT-07,Seoul Tech,South Korea,APAC,SMB,Canada,1,45582.03,1,45582.03,1,45582.03,0,0.0,0,0.0,100.0,100.0
2026-06-01,SUP-028,Supplier 028,Taiwan,APAC,PLT-06,Sao Paulo Ops,Brazil,LATAM,SMB,Australia,1,12356.76,1,12356.76,1,12356.76,0,0.0,0,0.0,100.0,100.0
2026-06-01,SUP-028,Supplier 028,Taiwan,APAC,PLT-05,Monterrey Plant,Mexico,LATAM,SMB,Canada,1,14420.56,1,14420.56,1,14420.56,0,0.0,0,0.0,100.0,100.0
2026-06-01,SUP-028,Supplier 028,Taiwan,APAC,PLT-06,Sao Paulo Ops,Brazil,LATAM,SMB,Japan,1,3315.7,1,3315.7,0,0.0,0,0.0,1,3315.7,100.0,100.0
2026-06-01,SUP-029,Supplier 029,Vietnam,APAC,PLT-02,Detroit Works,USA,NA,SMB,USA,1,39063.12,0,0.0,0,0.0,0,0.0,0,0.0,0.0,0.0
2026-06-01,SUP-029,Supplier 029,Vietnam,APAC,PLT-01,Munich Center,Germany,EMEA,SMB,Singapore,1,8631.21,1,8631.21,1,8631.21,0,0.0,0,0.0,100.0,100.0
2026-06-01,SUP-029,Supplier 029,Vietnam,APAC,PLT-09,Hanoi Assembly,Vietnam,APAC,Government,USA,1,6346.65,1,6346.65,1,6346.65,0,0.0,0,0.0,100.0,100.0
2026-06-01,SUP-029,Supplier 029,Vietnam,APAC,PLT-05,Monterrey Plant,Mexico,LATAM,Enterprise,Germany,1,13827.44,1,13827.44,1,13827.44,0,0.0,0,0.0,100.0,100.0
2026-06-01,SUP-029,Supplier 029,Vietnam,APAC,PLT-06,Sao Paulo Ops,Brazil,LATAM,SMB,Canada,1,22608.75,1,22608.75,1,22608.75,0,0.0,0,0.0,100.0,100.0
2026-06-01,SUP-029,Supplier 029,Vietnam,APAC,PLT-05,Monterrey Plant,Mexico,LATAM,Government,Germany,1,27158.88,1,27158.88,1,27158.88,0,0.0,0,0.0,100.0,100.0
2026-06-01,SUP-029,Supplier 029,Vietnam,APAC,PLT-01,Munich Center,Germany,EMEA,Enterprise,Japan,1,3206.2,1,3206.2,1,3206.2,1,3206.2,0,0.0,100.0,100.0
2026-06-01,SUP-029,Supplier 029,Vietnam,APAC,PLT-03,Tokyo Precision,Japan,APAC,SMB,UK,1,37781.58,1,37781.58,1,37781.58,0,0.0,0,0.0,100.0,100.0
2026-06-01,SUP-029,Supplier 029,Vietnam,APAC,PLT-06,Sao Paulo Ops,Brazil,LATAM,SMB,Australia,1,14665.17,1,14665.17,1,14665.17,0,0.0,0,0.0,100.0,100.0
2026-06-01,SUP-030,Supplier 030,China,APAC,PLT-07,Seoul Tech,South Korea,APAC,SMB,Singapore,1,10236.04,1,10236.04,0,0.0,0,0.0,1,10236.04,100.0,100.0
2026-06-01,SUP-030,Supplier 030,China,APAC,PLT-05,Monterrey Plant,Mexico,LATAM,SMB,UK,1,7716.03,0,0.0,0,0.0,0,0.0,0,0.0,0.0,0.0
2026-06-01,SUP-030,Supplier 030,China,APAC,PLT-03,Tokyo Precision,Japan,APAC,SMB,Germany,1,11037.0,0,0.0,0,0.0,0,0.0,0,0.0,0.0,0.0
2026-06-01,SUP-030,Supplier 030,China,APAC,PLT-00,Shanghai Hub,China,APAC,Enterprise,Singapore,1,1401.4,1,1401.4,1,1401.4,0,0.0,0,0.0,100.0,100.0
2026-06-01,SUP-030,Supplier 030,China,APAC,PLT-05,Monterrey Plant,Mexico,LATAM,Enterprise,Germany,1,2168.79,1,2168.79,1,2168.79,0,0.0,0,0.0,100.0,100.0
2026-06-01,SUP-030,Supplier 030,China,APAC,PLT-07,Seoul Tech,South Korea,APAC,Government,USA,1,12822.84,1,12822.84,1,12822.84,1,12822.84,0,0.0,100.0,100.0
2026-06-01,SUP-030,Supplier 030,China,APAC,PLT-09,Hanoi Assembly,Vietnam,APAC,Government,USA,1,32176.62,1,32176.62,1,32176.62,0,0.0,0,0.0,100.0,100.0
2026-06-01,SUP-030,Supplier 030,China,APAC,PLT-08,Taipei Micro,Taiwan,APAC,Enterprise,France,1,3154.14,1,3154.14,1,3154.14,0,0.0,0,0.0,100.0,100.0
2026-06-01,SUP-031,Supplier 031,Germany,EMEA,PLT-03,Tokyo Precision,Japan,APAC,SMB,Canada,1,35289.27,1,35289.27,1,35289.27,0,0.0,0,0.0,100.0,100.0
2026-06-01,SUP-031,Supplier 031,Germany,EMEA,PLT-05,Monterrey Plant,Mexico,LATAM,Government,Japan,1,619.2,1,619.2,1,619.2,0,0.0,0,0.0,100.0,100.0
2026-06-01,SUP-031,Supplier 031,Germany,EMEA,PLT-07,Seoul Tech,South Korea,APAC,Enterprise,UK,1,18322.2,1,18322.2,0,0.0,0,0.0,1,18322.2,100.0,100.0
2026-06-01,SUP-031,Supplier 031,Germany,EMEA,PLT-06,Sao Paulo Ops,Brazil,LATAM,SMB,Germany,1,5804.04,1,5804.04,1,5804.04,0,0.0,0,0.0,100.0,100.0
2026-06-01,SUP-031,Supplier 031,Germany,EMEA,PLT-03,Tokyo Precision,Japan,APAC,SMB,USA,1,2350.53,1,2350.53,1,2350.53,0,0.0,0,0.0,100.0,100.0
2026-06-01,SUP-031,Supplier 031,Germany,EMEA,PLT-00,Shanghai Hub,China,APAC,SMB,UK,1,8235.52,1,8235.52,1,8235.52,0,0.0,0,0.0,100.0,100.0
2026-06-01,SUP-031,Supplier 031,Germany,EMEA,PLT-06,Sao Paulo Ops,Brazil,LATAM,Government,Germany,1,32983.4,1,32983.4,0,0.0,0,0.0,1,32983.4,100.0,100.0
2026-06-01,SUP-031,Supplier 031,Germany,EMEA,PLT-09,Hanoi Assembly,Vietnam,APAC,SMB,USA,1,95399.06,1,95399.06,0,0.0,1,95399.06,0,0.0,100.0,100.0
2026-06-01,SUP-032,Supplier 032,USA,NA,PLT-05,Monterrey Plant,Mexico,LATAM,Enterprise,France,1,686.07,1,686.07,1,686.07,0,0.0,0,0.0,100.0,100.0
2026-06-01,SUP-032,Supplier 032,USA,NA,PLT-09,Hanoi Assembly,Vietnam,APAC,Enterprise,Australia,1,13011.96,1,13011.96,1,13011.96,1,13011.96,0,0.0,100.0,100.0
2026-06-01,SUP-032,Supplier 032,USA,NA,PLT-04,Chennai Forge,India,APAC,SMB,Germany,1,6930.39,1,6930.39,1,6930.39,0,0.0,0,0.0,100.0,100.0
2026-06-01,SUP-032,Supplier 032,USA,NA,PLT-07,Seoul Tech,South Korea,APAC,SMB,UK,1,891.42,1,891.42,1,891.42,1,891.42,0,0.0,100.0,100.0
2026-06-01,SUP-032,Supplier 032,USA,NA,PLT-05,Monterrey Plant,Mexico,LATAM,Government,France,1,17461.8,0,0.0,0,0.0,0,0.0,0,0.0,0.0,0.0
2026-06-01,SUP-032,Supplier 032,USA,NA,PLT-02,Detroit Works,USA,NA,Enterprise,UK,1,54703.0,1,54703.0,1,54703.0,0,0.0,0,0.0,100.0,100.0
2026-06-01,SUP-032,Supplier 032,USA,NA,PLT-07,Seoul Tech,South Korea,APAC,Enterprise,France,1,35788.4,0,0.0,0,0.0,0,0.0,0,0.0,0.0,0.0
2026-06-01,SUP-033,Supplier 033,Japan,APAC,PLT-05,Monterrey Plant,Mexico,LATAM,SMB,France,1,622.62,1,622.62,1,622.62,1,622.62,0,0.0,100.0,100.0
2026-06-01,SUP-033,Supplier 033,Japan,APAC,PLT-04,Chennai Forge,India,APAC,SMB,UK,1,13042.1,1,13042.1,1,13042.1,0,0.0,0,0.0,100.0,100.0
2026-06-01,SUP-033,Supplier 033,Japan,APAC,PLT-07,Seoul Tech,South Korea,APAC,SMB,Canada,1,4380.41,1,4380.41,1,4380.41,1,4380.41,0,0.0,100.0,100.0
2026-06-01,SUP-034,Supplier 034,India,APAC,PLT-01,Munich Center,Germany,EMEA,Enterprise,Australia,1,3860.7,0,0.0,0,0.0,0,0.0,0,0.0,0.0,0.0
2026-06-01,SUP-034,Supplier 034,India,APAC,PLT-07,Seoul Tech,South Korea,APAC,Enterprise,UK,1,20472.1,1,20472.1,0,0.0,0,0.0,1,20472.1,100.0,100.0
2026-06-01,SUP-034,Supplier 034,India,APAC,PLT-00,Shanghai Hub,China,APAC,SMB,USA,1,48514.87,1,48514.87,0,0.0,1,48514.87,0,0.0,100.0,100.0
2026-06-01,SUP-034,Supplier 034,India,APAC,PLT-04,Chennai Forge,India,APAC,Enterprise,USA,1,6158.5,1,6158.5,1,6158.5,1,6158.5,0,0.0,100.0,100.0
2026-06-01,SUP-034,Supplier 034,India,APAC,PLT-09,Hanoi Assembly,Vietnam,APAC,SMB,Canada,1,45134.44,1,45134.44,1,45134.44,0,0.0,0,0.0,100.0,100.0
2026-06-01,SUP-034,Supplier 034,India,APAC,PLT-08,Taipei Micro,Taiwan,APAC,Enterprise,UK,1,478.9,1,478.9,0,0.0,0,0.0,1,478.9,100.0,100.0
2026-06-01,SUP-034,Supplier 034,India,APAC,PLT-00,Shanghai Hub,China,APAC,Enterprise,Singapore,1,10252.11,1,10252.11,1,10252.11,0,0.0,0,0.0,100.0,100.0
2026-06-01,SUP-034,Supplier 034,India,APAC,PLT-03,Tokyo Precision,Japan,APAC,SMB,Canada,1,25587.97,1,25587.97,0,0.0,0,0.0,1,25587.97,100.0,100.0
2026-06-01,SUP-034,Supplier 034,India,APAC,PLT-00,Shanghai Hub,China,APAC,Government,USA,1,13133.25,0,0.0,0,0.0,0,0.0,0,0.0,0.0,0.0
2026-06-01,SUP-035,Supplier 035,Mexico,LATAM,PLT-07,Seoul Tech,South Korea,APAC,Government,Germany,1,85410.22,1,85410.22,1,85410.22,0,0.0,0,0.0,100.0,100.0
2026-06-01,SUP-035,Supplier 035,Mexico,LATAM,PLT-06,Sao Paulo Ops,Brazil,LATAM,Government,France,1,49255.8,1,49255.8,1,49255.8,0,0.0,0,0.0,100.0,100.0
2026-06-01,SUP-035,Supplier 035,Mexico,LATAM,PLT-06,Sao Paulo Ops,Brazil,LATAM,Enterprise,France,1,127342.08,1,127342.08,1,127342.08,0,0.0,0,0.0,100.0,100.0
2026-06-01,SUP-035,Supplier 035,Mexico,LATAM,PLT-06,Sao Paulo Ops,Brazil,LATAM,Government,UK,1,19.62,1,19.62,1,19.62,0,0.0,0,0.0,100.0,100.0
2026-06-01,SUP-035,Supplier 035,Mexico,LATAM,PLT-04,Chennai Forge,India,APAC,Government,Singapore,1,990.22,1,990.22,1,990.22,0,0.0,0,0.0,100.0,100.0
2026-06-01,SUP-035,Supplier 035,Mexico,LATAM,PLT-01,Munich Center,Germany,EMEA,Enterprise,Canada,1,18598.91,1,18598.91,1,18598.91,0,0.0,0,0.0,100.0,100.0
2026-06-01,SUP-035,Supplier 035,Mexico,LATAM,PLT-00,Shanghai Hub,China,APAC,Enterprise,Canada,1,43650.18,1,43650.18,1,43650.18,0,0.0,0,0.0,100.0,100.0
2026-06-01,SUP-035,Supplier 035,Mexico,LATAM,PLT-03,Tokyo Precision,Japan,APAC,Government,Japan,1,9477.55,1,9477.55,0,0.0,0,0.0,1,9477.55,100.0,100.0
2026-06-01,SUP-035,Supplier 035,Mexico,LATAM,PLT-01,Munich Center,Germany,EMEA,SMB,Australia,1,13130.91,1,13130.91,1,13130.91,0,0.0,0,0.0,100.0,100.0
2026-06-01,SUP-035,Supplier 035,Mexico,LATAM,PLT-06,Sao Paulo Ops,Brazil,LATAM,SMB,Australia,1,2589.12,1,2589.12,1,2589.12,0,0.0,0,0.0,100.0,100.0
2026-06-01,SUP-036,Supplier 036,Brazil,LATAM,PLT-01,Munich Center,Germany,EMEA,Government,USA,1,3313.28,1,3313.28,1,3313.28,0,0.0,0,0.0,100.0,100.0
2026-06-01,SUP-036,Supplier 036,Brazil,LATAM,PLT-04,Chennai Forge,India,APAC,SMB,Singapore,1,96208.56,0,0.0,0,0.0,0,0.0,0,0.0,0.0,0.0
2026-06-01,SUP-036,Supplier 036,Brazil,LATAM,PLT-00,Shanghai Hub,China,APAC,Enterprise,USA,1,20193.13,1,20193.13,1,20193.13,0,0.0,0,0.0,100.0,100.0
2026-06-01,SUP-036,Supplier 036,Brazil,LATAM,PLT-04,Chennai Forge,India,APAC,Enterprise,USA,1,164.8,1,164.8,1,164.8,0,0.0,0,0.0,100.0,100.0
2026-06-01,SUP-036,Supplier 036,Brazil,LATAM,PLT-04,Chennai Forge,India,APAC,SMB,Australia,1,11229.6,1,11229.6,1,11229.6,0,0.0,0,0.0,100.0,100.0
2026-06-01,SUP-036,Supplier 036,Brazil,LATAM,PLT-01,Munich Center,Germany,EMEA,SMB,USA,1,8629.5,0,0.0,0,0.0,0,0.0,0,0.0,0.0,0.0
2026-06-01,SUP-036,Supplier 036,Brazil,LATAM,PLT-02,Detroit Works,USA,NA,Government,France,1,25032.28,1,25032.28,1,25032.28,0,0.0,0,0.0,100.0,100.0
2026-06-01,SUP-036,Supplier 036,Brazil,LATAM,PLT-07,Seoul Tech,South Korea,APAC,Enterprise,USA,1,974.6,1,974.6,1,974.6,1,974.6,0,0.0,100.0,100.0
2026-06-01,SUP-036,Supplier 036,Brazil,LATAM,PLT-09,Hanoi Assembly,Vietnam,APAC,Enterprise,Australia,1,11306.16,1,11306.16,1,11306.16,0,0.0,0,0.0,100.0,100.0
2026-06-01,SUP-036,Supplier 036,Brazil,LATAM,PLT-02,Detroit Works,USA,NA,SMB,France,1,66374.1,1,66374.1,1,66374.1,0,0.0,0,0.0,100.0,100.0
2026-06-01,SUP-036,Supplier 036,Brazil,LATAM,PLT-01,Munich Center,Germany,EMEA,SMB,France,1,80889.6,1,80889.6,0,0.0,1,80889.6,0,0.0,100.0,100.0
2026-06-01,SUP-036,Supplier 036,Brazil,LATAM,PLT-05,Monterrey Plant,Mexico,LATAM,SMB,Japan,1,2049.8,1,2049.8,1,2049.8,0,0.0,0,0.0,100.0,100.0
2026-06-01,SUP-036,Supplier 036,Brazil,LATAM,PLT-00,Shanghai Hub,China,APAC,Government,USA,1,630.1,1,630.1,1,630.1,0,0.0,0,0.0,100.0,100.0
2026-06-01,SUP-037,Supplier 037,South Korea,APAC,PLT-06,Sao Paulo Ops,Brazil,LATAM,SMB,Australia,1,30184.0,1,30184.0,1,30184.0,0,0.0,0,0.0,100.0,100.0
2026-06-01,SUP-037,Supplier 037,South Korea,APAC,PLT-04,Chennai Forge,India,APAC,SMB,Canada,1,8885.7,1,8885.7,1,8885.7,0,0.0,0,0.0,100.0,100.0
2026-06-01,SUP-037,Supplier 037,South Korea,APAC,PLT-02,Detroit Works,USA,NA,SMB,UK,1,1424.5,1,1424.5,1,1424.5,0,0.0,0,0.0,100.0,100.0
2026-06-01,SUP-037,Supplier 037,South Korea,APAC,PLT-04,Chennai Forge,India,APAC,SMB,Australia,1,9192.64,1,9192.64,1,9192.64,0,0.0,0,0.0,100.0,100.0
2026-06-01,SUP-037,Supplier 037,South Korea,APAC,PLT-08,Taipei Micro,Taiwan,APAC,SMB,Singapore,1,13381.42,1,13381.42,1,13381.42,1,13381.42,0,0.0,100.0,100.0
2026-06-01,SUP-037,Supplier 037,South Korea,APAC,PLT-00,Shanghai Hub,China,APAC,Government,USA,1,57937.32,0,0.0,0,0.0,0,0.0,0,0.0,0.0,0.0
2026-06-01,SUP-037,Supplier 037,South Korea,APAC,PLT-09,Hanoi Assembly,Vietnam,APAC,SMB,UK,1,23522.73,0,0.0,0,0.0,0,0.0,0,0.0,0.0,0.0
2026-06-01,SUP-037,Supplier 037,South Korea,APAC,PLT-03,Tokyo Precision,Japan,APAC,SMB,France,1,17819.92,1,17819.92,1,17819.92,0,0.0,0,0.0,100.0,100.0
2026-06-01,SUP-037,Supplier 037,South Korea,APAC,PLT-01,Munich Center,Germany,EMEA,SMB,France,1,15565.71,1,15565.71,1,15565.71,0,0.0,0,0.0,100.0,100.0
2026-06-01,SUP-038,Supplier 038,Taiwan,APAC,PLT-06,Sao Paulo Ops,Brazil,LATAM,SMB,Canada,1,33448.5,1,33448.5,1,33448.5,0,0.0,0,0.0,100.0,100.0
2026-06-01,SUP-038,Supplier 038,Taiwan,APAC,PLT-05,Monterrey Plant,Mexico,LATAM,SMB,Singapore,1,14998.83,1,14998.83,1,14998.83,0,0.0,0,0.0,100.0,100.0
2026-06-01,SUP-038,Supplier 038,Taiwan,APAC,PLT-04,Chennai Forge,India,APAC,Enterprise,France,1,4619.9,1,4619.9,0,0.0,0,0.0,1,4619.9,100.0,100.0
2026-06-01,SUP-038,Supplier 038,Taiwan,APAC,PLT-02,Detroit Works,USA,NA,Government,Australia,1,14257.7,1,14257.7,1,14257.7,1,14257.7,0,0.0,100.0,100.0
2026-06-01,SUP-038,Supplier 038,Taiwan,APAC,PLT-06,Sao Paulo Ops,Brazil,LATAM,Enterprise,USA,1,6015.75,0,0.0,0,0.0,0,0.0,0,0.0,0.0,0.0
2026-06-01,SUP-039,Supplier 039,Vietnam,APAC,PLT-09,Hanoi Assembly,Vietnam,APAC,Enterprise,Japan,1,4397.76,1,4397.76,1,4397.76,0,0.0,0,0.0,100.0,100.0
2026-06-01,SUP-039,Supplier 039,Vietnam,APAC,PLT-08,Taipei Micro,Taiwan,APAC,SMB,Germany,1,6848.31,1,6848.31,1,6848.31,0,0.0,0,0.0,100.0,100.0
2026-06-01,SUP-039,Supplier 039,Vietnam,APAC,PLT-04,Chennai Forge,India,APAC,Enterprise,Canada,1,324.28,1,324.28,1,324.28,0,0.0,0,0.0,100.0,100.0
2026-06-01,SUP-039,Supplier 039,Vietnam,APAC,PLT-01,Munich Center,Germany,EMEA,Enterprise,Japan,1,5302.99,0,0.0,0,0.0,0,0.0,0,0.0,0.0,0.0
2026-06-01,SUP-039,Supplier 039,Vietnam,APAC,PLT-06,Sao Paulo Ops,Brazil,LATAM,SMB,Singapore,1,49696.8,1,49696.8,1,49696.8,0,0.0,0,0.0,100.0,100.0
2026-06-01,SUP-039,Supplier 039,Vietnam,APAC,PLT-02,Detroit Works,USA,NA,Enterprise,Australia,1,32843.36,1,32843.36,1,32843.36,0,0.0,0,0.0,100.0,100.0
2026-06-01,SUP-039,Supplier 039,Vietnam,APAC,PLT-02,Detroit Works,USA,NA,SMB,France,1,6092.8,1,6092.8,1,6092.8,0,0.0,0,0.0,100.0,100.0
2026-06-01,SUP-039,Supplier 039,Vietnam,APAC,PLT-06,Sao Paulo Ops,Brazil,LATAM,SMB,Australia,1,7859.43,0,0.0,0,0.0,0,0.0,0,0.0,0.0,0.0
2026-06-01,SUP-039,Supplier 039,Vietnam,APAC,PLT-01,Munich Center,Germany,EMEA,SMB,UK,1,28891.8,1,28891.8,0,0.0,1,28891.8,0,0.0,100.0,100.0
2026-06-01,SUP-039,Supplier 039,Vietnam,APAC,PLT-08,Taipei Micro,Taiwan,APAC,Government,Singapore,1,35127.8,1,35127.8,1,35127.8,1,35127.8,0,0.0,100.0,100.0
2026-06-01,SUP-039,Supplier 039,Vietnam,APAC,PLT-05,Monterrey Plant,Mexico,LATAM,Government,Germany,1,58002.0,1,58002.0,1,58002.0,0,0.0,0,0.0,100.0,100.0
2026-06-01,SUP-040,Supplier 040,China,APAC,PLT-03,Tokyo Precision,Japan,APAC,SMB,Singapore,1,24733.02,1,24733.02,0,0.0,1,24733.02,0,0.0,100.0,100.0
2026-06-01,SUP-040,Supplier 040,China,APAC,PLT-02,Detroit Works,USA,NA,SMB,USA,1,5122.62,1,5122.62,1,5122.62,0,0.0,0,0.0,100.0,100.0
2026-06-01,SUP-040,Supplier 040,China,APAC,PLT-06,Sao Paulo Ops,Brazil,LATAM,Government,Singapore,1,24032.2,0,0.0,0,0.0,0,0.0,0,0.0,0.0,0.0
2026-06-01,SUP-040,Supplier 040,China,APAC,PLT-08,Taipei Micro,Taiwan,APAC,SMB,UK,1,217.12,1,217.12,1,217.12,1,217.12,0,0.0,100.0,100.0
2026-06-01,SUP-040,Supplier 040,China,APAC,PLT-02,Detroit Works,USA,NA,Enterprise,France,1,457.36,0,0.0,0,0.0,0,0.0,0,0.0,0.0,0.0
2026-06-01,SUP-040,Supplier 040,China,APAC,PLT-04,Chennai Forge,India,APAC,SMB,Germany,1,26059.64,1,26059.64,0,0.0,1,26059.64,0,0.0,100.0,100.0
2026-06-01,SUP-040,Supplier 040,China,APAC,PLT-04,Chennai Forge,India,APAC,SMB,Australia,1,31227.0,0,0.0,0,0.0,0,0.0,0,0.0,0.0,0.0
2026-06-01,SUP-040,Supplier 040,China,APAC,PLT-02,Detroit Works,USA,NA,Enterprise,Germany,2,64422.72,1,62766.54,0,0.0,1,62766.54,0,0.0,50.0,97.43
2026-06-01,SUP-040,Supplier 040,China,APAC,PLT-08,Taipei Micro,Taiwan,APAC,SMB,Australia,1,33558.54,1,33558.54,1,33558.54,0,0.0,0,0.0,100.0,100.0
2026-06-01,SUP-041,Supplier 041,Germany,EMEA,PLT-01,Munich Center,Germany,EMEA,SMB,Germany,1,1726.89,1,1726.89,1,1726.89,0,0.0,0,0.0,100.0,100.0
2026-06-01,SUP-041,Supplier 041,Germany,EMEA,PLT-05,Monterrey Plant,Mexico,LATAM,SMB,Canada,1,3762.64,1,3762.64,1,3762.64,0,0.0,0,0.0,100.0,100.0
2026-06-01,SUP-041,Supplier 041,Germany,EMEA,PLT-02,Detroit Works,USA,NA,SMB,Japan,1,566.86,0,0.0,0,0.0,0,0.0,0,0.0,0.0,0.0
2026-06-01,SUP-041,Supplier 041,Germany,EMEA,PLT-09,Hanoi Assembly,Vietnam,APAC,SMB,Australia,1,34801.67,1,34801.67,1,34801.67,0,0.0,0,0.0,100.0,100.0
2026-06-01,SUP-041,Supplier 041,Germany,EMEA,PLT-02,Detroit Works,USA,NA,SMB,Germany,1,8209.02,1,8209.02,1,8209.02,0,0.0,0,0.0,100.0,100.0
2026-06-01,SUP-041,Supplier 041,Germany,EMEA,PLT-01,Munich Center,Germany,EMEA,Enterprise,Singapore,1,6015.64,1,6015.64,0,0.0,1,6015.64,0,0.0,100.0,100.0
2026-06-01,SUP-041,Supplier 041,Germany,EMEA,PLT-03,Tokyo Precision,Japan,APAC,Government,Germany,1,40607.16,0,0.0,0,0.0,0,0.0,0,0.0,0.0,0.0
2026-06-01,SUP-041,Supplier 041,Germany,EMEA,PLT-03,Tokyo Precision,Japan,APAC,Enterprise,Japan,1,27835.86,1,27835.86,0,0.0,1,27835.86,0,0.0,100.0,100.0
2026-06-01,SUP-041,Supplier 041,Germany,EMEA,PLT-09,Hanoi Assembly,Vietnam,APAC,SMB,UK,1,2226.28,1,2226.28,1,2226.28,0,0.0,0,0.0,100.0,100.0
2026-06-01,SUP-041,Supplier 041,Germany,EMEA,PLT-08,Taipei Micro,Taiwan,APAC,SMB,Australia,1,21909.52,1,21909.52,0,0.0,0,0.0,1,21909.52,100.0,100.0
2026-06-01,SUP-041,Supplier 041,Germany,EMEA,PLT-01,Munich Center,Germany,EMEA,Enterprise,Japan,1,7305.3,1,7305.3,0,0.0,0,0.0,1,7305.3,100.0,100.0
2026-06-01,SUP-042,Supplier 042,USA,NA,PLT-02,Detroit Works,USA,NA,Enterprise,Germany,1,25828.2,0,0.0,0,0.0,0,0.0,0,0.0,0.0,0.0
2026-06-01,SUP-042,Supplier 042,USA,NA,PLT-00,Shanghai Hub,China,APAC,SMB,UK,1,37637.18,0,0.0,0,0.0,0,0.0,0,0.0,0.0,0.0
2026-06-01,SUP-042,Supplier 042,USA,NA,PLT-09,Hanoi Assembly,Vietnam,APAC,Government,Canada,1,21826.77,1,21826.77,0,0.0,1,21826.77,0,0.0,100.0,100.0
2026-06-01,SUP-042,Supplier 042,USA,NA,PLT-05,Monterrey Plant,Mexico,LATAM,SMB,Germany,1,6579.81,1,6579.81,1,6579.81,0,0.0,0,0.0,100.0,100.0
2026-06-01,SUP-042,Supplier 042,USA,NA,PLT-09,Hanoi Assembly,Vietnam,APAC,SMB,France,1,739.86,1,739.86,0,0.0,1,739.86,0,0.0,100.0,100.0
2026-06-01,SUP-042,Supplier 042,USA,NA,PLT-00,Shanghai Hub,China,APAC,Enterprise,Germany,1,20180.7,1,20180.7,1,20180.7,0,0.0,0,0.0,100.0,100.0
2026-06-01,SUP-042,Supplier 042,USA,NA,PLT-01,Munich Center,Germany,EMEA,Government,France,1,17054.4,0,0.0,0,0.0,0,0.0,0,0.0,0.0,0.0
2026-06-01,SUP-042,Supplier 042,USA,NA,PLT-08,Taipei Micro,Taiwan,APAC,SMB,USA,1,8384.58,1,8384.58,1,8384.58,0,0.0,0,0.0,100.0,100.0
2026-06-01,SUP-042,Supplier 042,USA,NA,PLT-09,Hanoi Assembly,Vietnam,APAC,Government,Singapore,1,46218.18,1,46218.18,1,46218.18,0,0.0,0,0.0,100.0,100.0
2026-06-01,SUP-043,Supplier 043,Japan,APAC,PLT-04,Chennai Forge,India,APAC,Government,Canada,1,31454.67,1,31454.67,1,31454.67,0,0.0,0,0.0,100.0,100.0
2026-06-01,SUP-043,Supplier 043,Japan,APAC,PLT-09,Hanoi Assembly,Vietnam,APAC,Enterprise,USA,1,45364.8,1,45364.8,1,45364.8,0,0.0,0,0.0,100.0,100.0
2026-06-01,SUP-043,Supplier 043,Japan,APAC,PLT-08,Taipei Micro,Taiwan,APAC,SMB,Canada,1,47230.2,1,47230.2,1,47230.2,0,0.0,0,0.0,100.0,100.0
2026-06-01,SUP-043,Supplier 043,Japan,APAC,PLT-00,Shanghai Hub,China,APAC,SMB,Australia,1,2992.44,1,2992.44,1,2992.44,0,0.0,0,0.0,100.0,100.0
2026-06-01,SUP-043,Supplier 043,Japan,APAC,PLT-07,Seoul Tech,South Korea,APAC,Government,Japan,1,1896.15,1,1896.15,0,0.0,1,1896.15,0,0.0,100.0,100.0
2026-06-01,SUP-043,Supplier 043,Japan,APAC,PLT-05,Monterrey Plant,Mexico,LATAM,Enterprise,USA,1,2955.15,1,2955.15,1,2955.15,1,2955.15,0,0.0,100.0,100.0
2026-06-01,SUP-043,Supplier 043,Japan,APAC,PLT-03,Tokyo Precision,Japan,APAC,SMB,Singapore,1,48292.58,1,48292.58,1,48292.58,0,0.0,0,0.0,100.0,100.0
2026-06-01,SUP-043,Supplier 043,Japan,APAC,PLT-00,Shanghai Hub,China,APAC,SMB,Canada,1,26066.58,1,26066.58,0,0.0,0,0.0,1,26066.58,100.0,100.0
2026-06-01,SUP-043,Supplier 043,Japan,APAC,PLT-00,Shanghai Hub,China,APAC,Enterprise,USA,1,934.89,1,934.89,1,934.89,1,934.89,0,0.0,100.0,100.0
2026-06-01,SUP-043,Supplier 043,Japan,APAC,PLT-06,Sao Paulo Ops,Brazil,LATAM,SMB,USA,1,25030.32,1,25030.32,1,25030.32,0,0.0,0,0.0,100.0,100.0
2026-06-01,SUP-044,Supplier 044,India,APAC,PLT-08,Taipei Micro,Taiwan,APAC,Enterprise,Canada,1,19026.8,1,19026.8,1,19026.8,0,0.0,0,0.0,100.0,100.0
2026-06-01,SUP-044,Supplier 044,India,APAC,PLT-01,Munich Center,Germany,EMEA,Government,Germany,1,3920.28,1,3920.28,1,3920.28,0,0.0,0,0.0,100.0,100.0
2026-06-01,SUP-044,Supplier 044,India,APAC,PLT-09,Hanoi Assembly,Vietnam,APAC,SMB,Singapore,1,9025.56,1,9025.56,1,9025.56,0,0.0,0,0.0,100.0,100.0
2026-06-01,SUP-044,Supplier 044,India,APAC,PLT-01,Munich Center,Germany,EMEA,SMB,UK,1,6901.48,1,6901.48,0,0.0,0,0.0,1,6901.48,100.0,100.0
2026-06-01,SUP-044,Supplier 044,India,APAC,PLT-09,Hanoi Assembly,Vietnam,APAC,Government,Japan,1,40802.04,1,40802.04,0,0.0,1,40802.04,0,0.0,100.0,100.0
2026-06-01,SUP-044,Supplier 044,India,APAC,PLT-04,Chennai Forge,India,APAC,SMB,UK,1,54821.34,1,54821.34,0,0.0,0,0.0,1,54821.34,100.0,100.0
2026-06-01,SUP-045,Supplier 045,Mexico,LATAM,PLT-08,Taipei Micro,Taiwan,APAC,Government,France,1,1290.66,0,0.0,0,0.0,0,0.0,0,0.0,0.0,0.0
2026-06-01,SUP-045,Supplier 045,Mexico,LATAM,PLT-08,Taipei Micro,Taiwan,APAC,Government,Canada,1,20702.79,1,20702.79,1,20702.79,0,0.0,0,0.0,100.0,100.0
2026-06-01,SUP-045,Supplier 045,Mexico,LATAM,PLT-04,Chennai Forge,India,APAC,SMB,Singapore,1,17714.0,1,17714.0,0,0.0,1,17714.0,0,0.0,100.0,100.0
2026-06-01,SUP-045,Supplier 045,Mexico,LATAM,PLT-00,Shanghai Hub,China,APAC,SMB,Germany,1,2097.28,0,0.0,0,0.0,0,0.0,0,0.0,0.0,0.0
2026-06-01,SUP-045,Supplier 045,Mexico,LATAM,PLT-02,Detroit Works,USA,NA,Enterprise,Japan,1,10252.75,1,10252.75,1,10252.75,0,0.0,0,0.0,100.0,100.0
2026-06-01,SUP-045,Supplier 045,Mexico,LATAM,PLT-02,Detroit Works,USA,NA,SMB,Japan,1,2705.28,1,2705.28,1,2705.28,0,0.0,0,0.0,100.0,100.0
2026-06-01,SUP-045,Supplier 045,Mexico,LATAM,PLT-08,Taipei Micro,Taiwan,APAC,SMB,France,1,5500.0,1,5500.0,0,0.0,0,0.0,1,5500.0,100.0,100.0
2026-06-01,SUP-045,Supplier 045,Mexico,LATAM,PLT-06,Sao Paulo Ops,Brazil,LATAM,Enterprise,UK,1,52859.04,0,0.0,0,0.0,0,0.0,0,0.0,0.0,0.0
2026-06-01,SUP-045,Supplier 045,Mexico,LATAM,PLT-07,Seoul Tech,South Korea,APAC,SMB,Japan,1,47754.05,1,47754.05,1,47754.05,0,0.0,0,0.0,100.0,100.0
2026-06-01,SUP-045,Supplier 045,Mexico,LATAM,PLT-00,Shanghai Hub,China,APAC,Government,UK,1,81841.68,1,81841.68,0,0.0,0,0.0,1,81841.68,100.0,100.0
2026-06-01,SUP-045,Supplier 045,Mexico,LATAM,PLT-09,Hanoi Assembly,Vietnam,APAC,SMB,Germany,1,7247.68,0,0.0,0,0.0,0,0.0,0,0.0,0.0,0.0
2026-06-01,SUP-045,Supplier 045,Mexico,LATAM,PLT-00,Shanghai Hub,China,APAC,SMB,France,2,39364.63,1,2514.88,1,2514.88,0,0.0,0,0.0,50.0,6.39
2026-06-01,SUP-045,Supplier 045,Mexico,LATAM,PLT-03,Tokyo Precision,Japan,APAC,Government,Japan,1,27652.66,1,27652.66,1,27652.66,0,0.0,0,0.0,100.0,100.0
2026-06-01,SUP-046,Supplier 046,Brazil,LATAM,PLT-05,Monterrey Plant,Mexico,LATAM,SMB,Germany,1,1311.66,1,1311.66,0,0.0,1,1311.66,0,0.0,100.0,100.0
2026-06-01,SUP-046,Supplier 046,Brazil,LATAM,PLT-02,Detroit Works,USA,NA,SMB,Japan,1,19777.7,1,19777.7,1,19777.7,1,19777.7,0,0.0,100.0,100.0
2026-06-01,SUP-046,Supplier 046,Brazil,LATAM,PLT-00,Shanghai Hub,China,APAC,Enterprise,France,1,6359.04,1,6359.04,1,6359.04,0,0.0,0,0.0,100.0,100.0
2026-06-01,SUP-046,Supplier 046,Brazil,LATAM,PLT-02,Detroit Works,USA,NA,Enterprise,USA,1,2120.56,0,0.0,0,0.0,0,0.0,0,0.0,0.0,0.0
2026-06-01,SUP-046,Supplier 046,Brazil,LATAM,PLT-02,Detroit Works,USA,NA,Enterprise,Germany,1,1126.1,1,1126.1,1,1126.1,1,1126.1,0,0.0,100.0,100.0
2026-06-01,SUP-046,Supplier 046,Brazil,LATAM,PLT-00,Shanghai Hub,China,APAC,SMB,Singapore,1,27633.76,1,27633.76,1,27633.76,0,0.0,0,0.0,100.0,100.0
2026-06-01,SUP-046,Supplier 046,Brazil,LATAM,PLT-01,Munich Center,Germany,EMEA,SMB,Japan,1,20154.54,1,20154.54,0,0.0,1,20154.54,0,0.0,100.0,100.0
2026-06-01,SUP-047,Supplier 047,South Korea,APAC,PLT-06,Sao Paulo Ops,Brazil,LATAM,SMB,USA,1,13482.22,1,13482.22,0,0.0,1,13482.22,0,0.0,100.0,100.0
2026-06-01,SUP-047,Supplier 047,South Korea,APAC,PLT-06,Sao Paulo Ops,Brazil,LATAM,Enterprise,Canada,1,20942.32,1,20942.32,1,20942.32,0,0.0,0,0.0,100.0,100.0
2026-06-01,SUP-047,Supplier 047,South Korea,APAC,PLT-07,Seoul Tech,South Korea,APAC,Government,France,1,14139.01,1,14139.01,1,14139.01,0,0.0,0,0.0,100.0,100.0
2026-06-01,SUP-048,Supplier 048,Taiwan,APAC,PLT-06,Sao Paulo Ops,Brazil,LATAM,Government,Singapore,1,3013.71,0,0.0,0,0.0,0,0.0,0,0.0,0.0,0.0
2026-06-01,SUP-048,Supplier 048,Taiwan,APAC,PLT-06,Sao Paulo Ops,Brazil,LATAM,Enterprise,USA,1,51992.32,1,51992.32,1,51992.32,1,51992.32,0,0.0,100.0,100.0
2026-06-01,SUP-048,Supplier 048,Taiwan,APAC,PLT-01,Munich Center,Germany,EMEA,SMB,Singapore,1,12965.04,1,12965.04,1,12965.04,0,0.0,0,0.0,100.0,100.0
2026-06-01,SUP-048,Supplier 048,Taiwan,APAC,PLT-00,Shanghai Hub,China,APAC,Government,USA,1,36302.82,1,36302.82,1,36302.82,1,36302.82,0,0.0,100.0,100.0
2026-06-01,SUP-048,Supplier 048,Taiwan,APAC,PLT-05,Monterrey Plant,Mexico,LATAM,SMB,France,1,6792.24,1,6792.24,1,6792.24,0,0.0,0,0.0,100.0,100.0
2026-06-01,SUP-048,Supplier 048,Taiwan,APAC,PLT-01,Munich Center,Germany,EMEA,Enterprise,Canada,1,2564.62,1,2564.62,1,2564.62,0,0.0,0,0.0,100.0,100.0
2026-06-01,SUP-049,Supplier 049,Vietnam,APAC,PLT-06,Sao Paulo Ops,Brazil,LATAM,SMB,Germany,1,913.6,1,913.6,1,913.6,0,0.0,0,0.0,100.0,100.0
2026-06-01,SUP-049,Supplier 049,Vietnam,APAC,PLT-08,Taipei Micro,Taiwan,APAC,SMB,Germany,1,17093.92,1,17093.92,1,17093.92,0,0.0,0,0.0,100.0,100.0
2026-06-01,SUP-049,Supplier 049,Vietnam,APAC,PLT-03,Tokyo Precision,Japan,APAC,SMB,France,1,18540.3,1,18540.3,1,18540.3,0,0.0,0,0.0,100.0,100.0
2026-07-01,SUP-000,Supplier 000,China,APAC,PLT-04,Chennai Forge,India,APAC,SMB,Canada,1,16445.1,1,16445.1,0,0.0,0,0.0,1,16445.1,100.0,100.0
2026-07-01,SUP-000,Supplier 000,China,APAC,PLT-09,Hanoi Assembly,Vietnam,APAC,SMB,Australia,1,7400.34,1,7400.34,1,7400.34,0,0.0,0,0.0,100.0,100.0
2026-07-01,SUP-000,Supplier 000,China,APAC,PLT-04,Chennai Forge,India,APAC,SMB,Australia,1,11733.26,1,11733.26,1,11733.26,0,0.0,0,0.0,100.0,100.0
2026-07-01,SUP-000,Supplier 000,China,APAC,PLT-09,Hanoi Assembly,Vietnam,APAC,Enterprise,Canada,1,14468.7,1,14468.7,0,0.0,0,0.0,1,14468.7,100.0,100.0
2026-07-01,SUP-000,Supplier 000,China,APAC,PLT-06,Sao Paulo Ops,Brazil,LATAM,Enterprise,Japan,1,24483.68,1,24483.68,1,24483.68,1,24483.68,0,0.0,100.0,100.0
2026-07-01,SUP-000,Supplier 000,China,APAC,PLT-09,Hanoi Assembly,Vietnam,APAC,SMB,UK,2,48550.3,1,2572.09,1,2572.09,0,0.0,0,0.0,50.0,5.3
2026-07-01,SUP-000,Supplier 000,China,APAC,PLT-00,Shanghai Hub,China,APAC,SMB,Germany,1,14079.06,1,14079.06,1,14079.06,0,0.0,0,0.0,100.0,100.0
2026-07-01,SUP-000,Supplier 000,China,APAC,PLT-09,Hanoi Assembly,Vietnam,APAC,Government,Singapore,1,2769.87,1,2769.87,1,2769.87,0,0.0,0,0.0,100.0,100.0
2026-07-01,SUP-000,Supplier 000,China,APAC,PLT-05,Monterrey Plant,Mexico,LATAM,Government,Germany,1,776.16,1,776.16,1,776.16,0,0.0,0,0.0,100.0,100.0
2026-07-01,SUP-000,Supplier 000,China,APAC,PLT-07,Seoul Tech,South Korea,APAC,Enterprise,Canada,1,9858.42,1,9858.42,0,0.0,0,0.0,1,9858.42,100.0,100.0
2026-07-01,SUP-000,Supplier 000,China,APAC,PLT-02,Detroit Works,USA,NA,SMB,France,1,18048.56,0,0.0,0,0.0,0,0.0,0,0.0,0.0,0.0
2026-07-01,SUP-000,Supplier 000,China,APAC,PLT-04,Chennai Forge,India,APAC,Government,USA,1,9158.4,1,9158.4,1,9158.4,0,0.0,0,0.0,100.0,100.0
2026-07-01,SUP-000,Supplier 000,China,APAC,PLT-05,Monterrey Plant,Mexico,LATAM,SMB,Singapore,1,2084.64,1,2084.64,0,0.0,1,2084.64,0,0.0,100.0,100.0
2026-07-01,SUP-000,Supplier 000,China,APAC,PLT-02,Detroit Works,USA,NA,Government,Japan,1,30799.6,0,0.0,0,0.0,0,0.0,0,0.0,0.0,0.0
2026-07-01,SUP-000,Supplier 000,China,APAC,PLT-01,Munich Center,Germany,EMEA,Government,Germany,1,11039.04,1,11039.04,1,11039.04,0,0.0,0,0.0,100.0,100.0
2026-07-01,SUP-000,Supplier 000,China,APAC,PLT-06,Sao Paulo Ops,Brazil,LATAM,SMB,Canada,1,6051.54,1,6051.54,1,6051.54,0,0.0,0,0.0,100.0,100.0
2026-07-01,SUP-001,Supplier 001,Germany,EMEA,PLT-02,Detroit Works,USA,NA,SMB,Germany,1,32063.85,0,0.0,0,0.0,0,0.0,0,0.0,0.0,0.0
2026-07-01,SUP-001,Supplier 001,Germany,EMEA,PLT-03,Tokyo Precision,Japan,APAC,Government,France,1,17328.78,1,17328.78,1,17328.78,0,0.0,0,0.0,100.0,100.0
2026-07-01,SUP-001,Supplier 001,Germany,EMEA,PLT-09,Hanoi Assembly,Vietnam,APAC,SMB,Australia,1,3167.78,0,0.0,0,0.0,0,0.0,0,0.0,0.0,0.0
2026-07-01,SUP-001,Supplier 001,Germany,EMEA,PLT-01,Munich Center,Germany,EMEA,Government,UK,1,13814.64,1,13814.64,1,13814.64,0,0.0,0,0.0,100.0,100.0
2026-07-01,SUP-001,Supplier 001,Germany,EMEA,PLT-04,Chennai Forge,India,APAC,Government,Canada,1,8621.51,1,8621.51,1,8621.51,1,8621.51,0,0.0,100.0,100.0
2026-07-01,SUP-001,Supplier 001,Germany,EMEA,PLT-03,Tokyo Precision,Japan,APAC,SMB,France,1,202.48,1,202.48,1,202.48,0,0.0,0,0.0,100.0,100.0
2026-07-01,SUP-001,Supplier 001,Germany,EMEA,PLT-00,Shanghai Hub,China,APAC,Government,USA,1,7145.44,1,7145.44,1,7145.44,0,0.0,0,0.0,100.0,100.0
2026-07-01,SUP-001,Supplier 001,Germany,EMEA,PLT-05,Monterrey Plant,Mexico,LATAM,SMB,Singapore,1,57908.48,1,57908.48,1,57908.48,0,0.0,0,0.0,100.0,100.0
2026-07-01,SUP-002,Supplier 002,USA,NA,PLT-06,Sao Paulo Ops,Brazil,LATAM,Enterprise,USA,1,33979.6,1,33979.6,1,33979.6,0,0.0,0,0.0,100.0,100.0
2026-07-01,SUP-002,Supplier 002,USA,NA,PLT-03,Tokyo Precision,Japan,APAC,SMB,Germany,1,21425.0,1,21425.0,1,21425.0,0,0.0,0,0.0,100.0,100.0
2026-07-01,SUP-002,Supplier 002,USA,NA,PLT-05,Monterrey Plant,Mexico,LATAM,SMB,France,1,2156.7,1,2156.7,1,2156.7,0,0.0,0,0.0,100.0,100.0
2026-07-01,SUP-002,Supplier 002,USA,NA,PLT-04,Chennai Forge,India,APAC,SMB,Australia,1,2468.52,1,2468.52,1,2468.52,0,0.0,0,0.0,100.0,100.0
2026-07-01,SUP-002,Supplier 002,USA,NA,PLT-08,Taipei Micro,Taiwan,APAC,Enterprise,Japan,1,4643.25,1,4643.25,1,4643.25,0,0.0,0,0.0,100.0,100.0
2026-07-01,SUP-002,Supplier 002,USA,NA,PLT-00,Shanghai Hub,China,APAC,Government,Germany,1,6360.32,1,6360.32,1,6360.32,0,0.0,0,0.0,100.0,100.0
2026-07-01,SUP-002,Supplier 002,USA,NA,PLT-05,Monterrey Plant,Mexico,LATAM,Government,France,1,37518.88,1,37518.88,1,37518.88,0,0.0,0,0.0,100.0,100.0
2026-07-01,SUP-002,Supplier 002,USA,NA,PLT-04,Chennai Forge,India,APAC,Enterprise,Japan,1,25929.6,1,25929.6,1,25929.6,0,0.0,0,0.0,100.0,100.0
2026-07-01,SUP-002,Supplier 002,USA,NA,PLT-09,Hanoi Assembly,Vietnam,APAC,SMB,Australia,1,21878.48,0,0.0,0,0.0,0,0.0,0,0.0,0.0,0.0
2026-07-01,SUP-003,Supplier 003,Japan,APAC,PLT-06,Sao Paulo Ops,Brazil,LATAM,SMB,France,1,32719.83,1,32719.83,1,32719.83,0,0.0,0,0.0,100.0,100.0
2026-07-01,SUP-003,Supplier 003,Japan,APAC,PLT-07,Seoul Tech,South Korea,APAC,SMB,Japan,1,8434.79,1,8434.79,1,8434.79,1,8434.79,0,0.0,100.0,100.0
2026-07-01,SUP-003,Supplier 003,Japan,APAC,PLT-03,Tokyo Precision,Japan,APAC,SMB,Japan,1,52891.64,1,52891.64,1,52891.64,0,0.0,0,0.0,100.0,100.0
2026-07-01,SUP-003,Supplier 003,Japan,APAC,PLT-09,Hanoi Assembly,Vietnam,APAC,Enterprise,Singapore,1,24714.25,0,0.0,0,0.0,0,0.0,0,0.0,0.0,0.0
2026-07-01,SUP-003,Supplier 003,Japan,APAC,PLT-07,Seoul Tech,South Korea,APAC,Enterprise,Canada,1,7056.92,1,7056.92,0,0.0,0,0.0,1,7056.92,100.0,100.0
2026-07-01,SUP-003,Supplier 003,Japan,APAC,PLT-00,Shanghai Hub,China,APAC,Enterprise,USA,1,2017.84,0,0.0,0,0.0,0,0.0,0,0.0,0.0,0.0
2026-07-01,SUP-003,Supplier 003,Japan,APAC,PLT-07,Seoul Tech,South Korea,APAC,SMB,Germany,1,28917.0,1,28917.0,1,28917.0,0,0.0,0,0.0,100.0,100.0
2026-07-01,SUP-003,Supplier 003,Japan,APAC,PLT-06,Sao Paulo Ops,Brazil,LATAM,SMB,Singapore,1,47304.32,1,47304.32,1,47304.32,0,0.0,0,0.0,100.0,100.0
2026-07-01,SUP-003,Supplier 003,Japan,APAC,PLT-07,Seoul Tech,South Korea,APAC,SMB,Australia,1,8459.44,0,0.0,0,0.0,0,0.0,0,0.0,0.0,0.0
2026-07-01,SUP-003,Supplier 003,Japan,APAC,PLT-07,Seoul Tech,South Korea,APAC,Enterprise,Australia,1,28635.2,1,28635.2,1,28635.2,1,28635.2,0,0.0,100.0,100.0
2026-07-01,SUP-004,Supplier 004,India,APAC,PLT-05,Monterrey Plant,Mexico,LATAM,SMB,Australia,1,91316.0,1,91316.0,1,91316.0,1,91316.0,0,0.0,100.0,100.0
2026-07-01,SUP-004,Supplier 004,India,APAC,PLT-07,Seoul Tech,South Korea,APAC,SMB,France,1,777.2,1,777.2,1,777.2,0,0.0,0,0.0,100.0,100.0
2026-07-01,SUP-004,Supplier 004,India,APAC,PLT-09,Hanoi Assembly,Vietnam,APAC,SMB,Canada,1,5021.27,1,5021.27,0,0.0,0,0.0,1,5021.27,100.0,100.0
2026-07-01,SUP-004,Supplier 004,India,APAC,PLT-08,Taipei Micro,Taiwan,APAC,Enterprise,UK,1,4850.55,1,4850.55,1,4850.55,0,0.0,0,0.0,100.0,100.0
2026-07-01,SUP-004,Supplier 004,India,APAC,PLT-08,Taipei Micro,Taiwan,APAC,Enterprise,Australia,1,7153.43,1,7153.43,1,7153.43,0,0.0,0,0.0,100.0,100.0
2026-07-01,SUP-004,Supplier 004,India,APAC,PLT-05,Monterrey Plant,Mexico,LATAM,Government,Germany,1,3645.0,1,3645.0,1,3645.0,1,3645.0,0,0.0,100.0,100.0
2026-07-01,SUP-004,Supplier 004,India,APAC,PLT-01,Munich Center,Germany,EMEA,Enterprise,UK,1,16558.62,1,16558.62,1,16558.62,0,0.0,0,0.0,100.0,100.0
2026-07-01,SUP-004,Supplier 004,India,APAC,PLT-08,Taipei Micro,Taiwan,APAC,SMB,France,1,24053.09,1,24053.09,0,0.0,0,0.0,1,24053.09,100.0,100.0
2026-07-01,SUP-004,Supplier 004,India,APAC,PLT-09,Hanoi Assembly,Vietnam,APAC,Enterprise,France,1,31718.94,1,31718.94,1,31718.94,0,0.0,0,0.0,100.0,100.0
2026-07-01,SUP-004,Supplier 004,India,APAC,PLT-05,Monterrey Plant,Mexico,LATAM,SMB,Germany,1,31944.96,1,31944.96,0,0.0,0,0.0,1,31944.96,100.0,100.0
2026-07-01,SUP-004,Supplier 004,India,APAC,PLT-05,Monterrey Plant,Mexico,LATAM,Enterprise,Germany,1,45557.82,1,45557.82,1,45557.82,0,0.0,0,0.0,100.0,100.0
2026-07-01,SUP-005,Supplier 005,Mexico,LATAM,PLT-06,Sao Paulo Ops,Brazil,LATAM,SMB,Japan,1,14759.04,1,14759.04,0,0.0,0,0.0,1,14759.04,100.0,100.0
2026-07-01,SUP-005,Supplier 005,Mexico,LATAM,PLT-05,Monterrey Plant,Mexico,LATAM,Enterprise,USA,1,27072.59,1,27072.59,0,0.0,1,27072.59,0,0.0,100.0,100.0
2026-07-01,SUP-005,Supplier 005,Mexico,LATAM,PLT-05,Monterrey Plant,Mexico,LATAM,Enterprise,Germany,1,23304.25,1,23304.25,1,23304.25,0,0.0,0,0.0,100.0,100.0
2026-07-01,SUP-005,Supplier 005,Mexico,LATAM,PLT-04,Chennai Forge,India,APAC,SMB,UK,1,8872.5,1,8872.5,1,8872.5,0,0.0,0,0.0,100.0,100.0
2026-07-01,SUP-005,Supplier 005,Mexico,LATAM,PLT-08,Taipei Micro,Taiwan,APAC,Government,Singapore,1,13729.59,1,13729.59,1,13729.59,1,13729.59,0,0.0,100.0,100.0
2026-07-01,SUP-005,Supplier 005,Mexico,LATAM,PLT-01,Munich Center,Germany,EMEA,SMB,Singapore,1,4714.2,1,4714.2,1,4714.2,1,4714.2,0,0.0,100.0,100.0
2026-07-01,SUP-005,Supplier 005,Mexico,LATAM,PLT-06,Sao Paulo Ops,Brazil,LATAM,SMB,France,1,3902.25,1,3902.25,1,3902.25,0,0.0,0,0.0,100.0,100.0
2026-07-01,SUP-005,Supplier 005,Mexico,LATAM,PLT-05,Monterrey Plant,Mexico,LATAM,SMB,Singapore,1,20269.2,1,20269.2,0,0.0,0,0.0,1,20269.2,100.0,100.0
2026-07-01,SUP-005,Supplier 005,Mexico,LATAM,PLT-07,Seoul Tech,South Korea,APAC,Enterprise,Japan,1,6521.9,1,6521.9,1,6521.9,0,0.0,0,0.0,100.0,100.0
2026-07-01,SUP-005,Supplier 005,Mexico,LATAM,PLT-05,Monterrey Plant,Mexico,LATAM,SMB,Germany,1,2229.99,1,2229.99,1,2229.99,1,2229.99,0,0.0,100.0,100.0
2026-07-01,SUP-005,Supplier 005,Mexico,LATAM,PLT-03,Tokyo Precision,Japan,APAC,SMB,Australia,1,3525.06,1,3525.06,1,3525.06,0,0.0,0,0.0,100.0,100.0
2026-07-01,SUP-006,Supplier 006,Brazil,LATAM,PLT-06,Sao Paulo Ops,Brazil,LATAM,Enterprise,Japan,1,9657.72,1,9657.72,0,0.0,0,0.0,1,9657.72,100.0,100.0
2026-07-01,SUP-006,Supplier 006,Brazil,LATAM,PLT-00,Shanghai Hub,China,APAC,Enterprise,Japan,1,46702.76,1,46702.76,1,46702.76,0,0.0,0,0.0,100.0,100.0
2026-07-01,SUP-006,Supplier 006,Brazil,LATAM,PLT-01,Munich Center,Germany,EMEA,SMB,Australia,1,7857.69,0,0.0,0,0.0,0,0.0,0,0.0,0.0,0.0
2026-07-01,SUP-006,Supplier 006,Brazil,LATAM,PLT-08,Taipei Micro,Taiwan,APAC,Government,Germany,1,1846.2,1,1846.2,1,1846.2,0,0.0,0,0.0,100.0,100.0
2026-07-01,SUP-006,Supplier 006,Brazil,LATAM,PLT-02,Detroit Works,USA,NA,SMB,Singapore,1,17875.14,1,17875.14,1,17875.14,0,0.0,0,0.0,100.0,100.0
2026-07-01,SUP-006,Supplier 006,Brazil,LATAM,PLT-08,Taipei Micro,Taiwan,APAC,Enterprise,Germany,1,14742.6,1,14742.6,1,14742.6,1,14742.6,0,0.0,100.0,100.0
2026-07-01,SUP-006,Supplier 006,Brazil,LATAM,PLT-04,Chennai Forge,India,APAC,Enterprise,France,1,7887.84,1,7887.84,0,0.0,0,0.0,1,7887.84,100.0,100.0
2026-07-01,SUP-006,Supplier 006,Brazil,LATAM,PLT-00,Shanghai Hub,China,APAC,SMB,France,1,18212.0,1,18212.0,1,18212.0,1,18212.0,0,0.0,100.0,100.0
2026-07-01,SUP-006,Supplier 006,Brazil,LATAM,PLT-07,Seoul Tech,South Korea,APAC,Government,Japan,1,2378.74,1,2378.74,1,2378.74,0,0.0,0,0.0,100.0,100.0
2026-07-01,SUP-007,Supplier 007,South Korea,APAC,PLT-05,Monterrey Plant,Mexico,LATAM,Government,Germany,1,36655.9,0,0.0,0,0.0,0,0.0,0,0.0,0.0,0.0
2026-07-01,SUP-007,Supplier 007,South Korea,APAC,PLT-06,Sao Paulo Ops,Brazil,LATAM,Enterprise,UK,1,32910.36,1,32910.36,1,32910.36,1,32910.36,0,0.0,100.0,100.0
2026-07-01,SUP-007,Supplier 007,South Korea,APAC,PLT-04,Chennai Forge,India,APAC,SMB,Germany,1,59472.36,1,59472.36,1,59472.36,0,0.0,0,0.0,100.0,100.0
2026-07-01,SUP-007,Supplier 007,South Korea,APAC,PLT-09,Hanoi Assembly,Vietnam,APAC,Government,USA,1,8568.56,1,8568.56,1,8568.56,1,8568.56,0,0.0,100.0,100.0
2026-07-01,SUP-007,Supplier 007,South Korea,APAC,PLT-03,Tokyo Precision,Japan,APAC,SMB,Australia,1,595.66,0,0.0,0,0.0,0,0.0,0,0.0,0.0,0.0
2026-07-01,SUP-007,Supplier 007,South Korea,APAC,PLT-05,Monterrey Plant,Mexico,LATAM,SMB,Japan,1,18893.2,0,0.0,0,0.0,0,0.0,0,0.0,0.0,0.0
2026-07-01,SUP-007,Supplier 007,South Korea,APAC,PLT-09,Hanoi Assembly,Vietnam,APAC,Enterprise,Canada,1,49247.88,1,49247.88,1,49247.88,0,0.0,0,0.0,100.0,100.0
2026-07-01,SUP-007,Supplier 007,South Korea,APAC,PLT-07,Seoul Tech,South Korea,APAC,Enterprise,Canada,1,1218.96,1,1218.96,0,0.0,1,1218.96,0,0.0,100.0,100.0
2026-07-01,SUP-007,Supplier 007,South Korea,APAC,PLT-05,Monterrey Plant,Mexico,LATAM,Government,USA,1,5465.35,1,5465.35,1,5465.35,0,0.0,0,0.0,100.0,100.0
2026-07-01,SUP-007,Supplier 007,South Korea,APAC,PLT-04,Chennai Forge,India,APAC,Enterprise,Singapore,1,17566.48,1,17566.48,1,17566.48,1,17566.48,0,0.0,100.0,100.0
2026-07-01,SUP-008,Supplier 008,Taiwan,APAC,PLT-08,Taipei Micro,Taiwan,APAC,Government,Australia,1,2766.12,1,2766.12,1,2766.12,0,0.0,0,0.0,100.0,100.0
2026-07-01,SUP-008,Supplier 008,Taiwan,APAC,PLT-09,Hanoi Assembly,Vietnam,APAC,SMB,Canada,1,19351.08,1,19351.08,1,19351.08,0,0.0,0,0.0,100.0,100.0
2026-07-01,SUP-008,Supplier 008,Taiwan,APAC,PLT-08,Taipei Micro,Taiwan,APAC,Enterprise,France,1,21418.8,1,21418.8,1,21418.8,0,0.0,0,0.0,100.0,100.0
2026-07-01,SUP-008,Supplier 008,Taiwan,APAC,PLT-05,Monterrey Plant,Mexico,LATAM,Enterprise,Canada,1,2088.06,1,2088.06,1,2088.06,0,0.0,0,0.0,100.0,100.0
2026-07-01,SUP-008,Supplier 008,Taiwan,APAC,PLT-02,Detroit Works,USA,NA,Enterprise,France,1,10125.9,1,10125.9,1,10125.9,0,0.0,0,0.0,100.0,100.0
2026-07-01,SUP-008,Supplier 008,Taiwan,APAC,PLT-07,Seoul Tech,South Korea,APAC,SMB,UK,1,34861.54,1,34861.54,1,34861.54,0,0.0,0,0.0,100.0,100.0
2026-07-01,SUP-008,Supplier 008,Taiwan,APAC,PLT-05,Monterrey Plant,Mexico,LATAM,Enterprise,UK,1,33706.11,0,0.0,0,0.0,0,0.0,0,0.0,0.0,0.0
2026-07-01,SUP-009,Supplier 009,Vietnam,APAC,PLT-04,Chennai Forge,India,APAC,SMB,Australia,1,11811.12,1,11811.12,1,11811.12,1,11811.12,0,0.0,100.0,100.0
2026-07-01,SUP-009,Supplier 009,Vietnam,APAC,PLT-04,Chennai Forge,India,APAC,SMB,UK,1,32250.6,1,32250.6,1,32250.6,0,0.0,0,0.0,100.0,100.0
2026-07-01,SUP-009,Supplier 009,Vietnam,APAC,PLT-00,Shanghai Hub,China,APAC,SMB,Singapore,1,5200.58,1,5200.58,1,5200.58,0,0.0,0,0.0,100.0,100.0
2026-07-01,SUP-009,Supplier 009,Vietnam,APAC,PLT-03,Tokyo Precision,Japan,APAC,SMB,France,1,1415.75,1,1415.75,0,0.0,0,0.0,1,1415.75,100.0,100.0
2026-07-01,SUP-009,Supplier 009,Vietnam,APAC,PLT-09,Hanoi Assembly,Vietnam,APAC,Enterprise,UK,1,13228.72,1,13228.72,1,13228.72,0,0.0,0,0.0,100.0,100.0
2026-07-01,SUP-009,Supplier 009,Vietnam,APAC,PLT-00,Shanghai Hub,China,APAC,Enterprise,Germany,1,56281.36,1,56281.36,1,56281.36,0,0.0,0,0.0,100.0,100.0
2026-07-01,SUP-009,Supplier 009,Vietnam,APAC,PLT-06,Sao Paulo Ops,Brazil,LATAM,Enterprise,France,1,529.55,1,529.55,1,529.55,0,0.0,0,0.0,100.0,100.0
2026-07-01,SUP-009,Supplier 009,Vietnam,APAC,PLT-07,Seoul Tech,South Korea,APAC,Enterprise,Canada,1,959.53,1,959.53,1,959.53,0,0.0,0,0.0,100.0,100.0
2026-07-01,SUP-009,Supplier 009,Vietnam,APAC,PLT-09,Hanoi Assembly,Vietnam,APAC,SMB,France,1,7021.7,1,7021.7,1,7021.7,0,0.0,0,0.0,100.0,100.0
2026-07-01,SUP-009,Supplier 009,Vietnam,APAC,PLT-06,Sao Paulo Ops,Brazil,LATAM,SMB,Germany,1,22703.08,1,22703.08,0,0.0,1,22703.08,0,0.0,100.0,100.0
2026-07-01,SUP-010,Supplier 010,China,APAC,PLT-04,Chennai Forge,India,APAC,SMB,France,1,33211.92,1,33211.92,1,33211.92,0,0.0,0,0.0,100.0,100.0
2026-07-01,SUP-010,Supplier 010,China,APAC,PLT-06,Sao Paulo Ops,Brazil,LATAM,Government,Australia,1,13038.96,1,13038.96,1,13038.96,0,0.0,0,0.0,100.0,100.0
2026-07-01,SUP-010,Supplier 010,China,APAC,PLT-08,Taipei Micro,Taiwan,APAC,SMB,France,1,6955.0,1,6955.0,1,6955.0,0,0.0,0,0.0,100.0,100.0
2026-07-01,SUP-010,Supplier 010,China,APAC,PLT-04,Chennai Forge,India,APAC,Enterprise,Australia,1,7740.88,1,7740.88,1,7740.88,0,0.0,0,0.0,100.0,100.0
2026-07-01,SUP-010,Supplier 010,China,APAC,PLT-07,Seoul Tech,South Korea,APAC,SMB,USA,1,42436.2,1,42436.2,1,42436.2,0,0.0,0,0.0,100.0,100.0
2026-07-01,SUP-010,Supplier 010,China,APAC,PLT-01,Munich Center,Germany,EMEA,Enterprise,Japan,1,12742.45,1,12742.45,1,12742.45,0,0.0,0,0.0,100.0,100.0
2026-07-01,SUP-010,Supplier 010,China,APAC,PLT-06,Sao Paulo Ops,Brazil,LATAM,Enterprise,Canada,1,3591.3,1,3591.3,1,3591.3,1,3591.3,0,0.0,100.0,100.0
2026-07-01,SUP-010,Supplier 010,China,APAC,PLT-02,Detroit Works,USA,NA,SMB,France,1,82744.95,0,0.0,0,0.0,0,0.0,0,0.0,0.0,0.0
2026-07-01,SUP-010,Supplier 010,China,APAC,PLT-07,Seoul Tech,South Korea,APAC,Enterprise,USA,1,3813.7,1,3813.7,1,3813.7,0,0.0,0,0.0,100.0,100.0
2026-07-01,SUP-011,Supplier 011,Germany,EMEA,PLT-00,Shanghai Hub,China,APAC,SMB,Japan,2,34752.05,0,0.0,0,0.0,0,0.0,0,0.0,0.0,0.0
2026-07-01,SUP-011,Supplier 011,Germany,EMEA,PLT-03,Tokyo Precision,Japan,APAC,SMB,Japan,1,10521.6,1,10521.6,1,10521.6,1,10521.6,0,0.0,100.0,100.0
2026-07-01,SUP-011,Supplier 011,Germany,EMEA,PLT-03,Tokyo Precision,Japan,APAC,SMB,UK,1,39255.72,0,0.0,0,0.0,0,0.0,0,0.0,0.0,0.0
2026-07-01,SUP-011,Supplier 011,Germany,EMEA,PLT-01,Munich Center,Germany,EMEA,Enterprise,USA,1,20548.64,0,0.0,0,0.0,0,0.0,0,0.0,0.0,0.0
2026-07-01,SUP-011,Supplier 011,Germany,EMEA,PLT-09,Hanoi Assembly,Vietnam,APAC,SMB,Singapore,1,1524.42,1,1524.42,1,1524.42,0,0.0,0,0.0,100.0,100.0
2026-07-01,SUP-011,Supplier 011,Germany,EMEA,PLT-05,Monterrey Plant,Mexico,LATAM,Enterprise,USA,1,2292.74,1,2292.74,0,0.0,1,2292.74,0,0.0,100.0,100.0
2026-07-01,SUP-011,Supplier 011,Germany,EMEA,PLT-01,Munich Center,Germany,EMEA,Government,Canada,1,26465.48,1,26465.48,1,26465.48,0,0.0,0,0.0,100.0,100.0
2026-07-01,SUP-011,Supplier 011,Germany,EMEA,PLT-03,Tokyo Precision,Japan,APAC,SMB,USA,1,11099.64,1,11099.64,1,11099.64,0,0.0,0,0.0,100.0,100.0
2026-07-01,SUP-012,Supplier 012,USA,NA,PLT-05,Monterrey Plant,Mexico,LATAM,Enterprise,Australia,1,35620.25,1,35620.25,1,35620.25,0,0.0,0,0.0,100.0,100.0
2026-07-01,SUP-012,Supplier 012,USA,NA,PLT-00,Shanghai Hub,China,APAC,SMB,France,2,82003.92,2,82003.92,2,82003.92,1,23699.52,0,0.0,100.0,100.0
2026-07-01,SUP-012,Supplier 012,USA,NA,PLT-03,Tokyo Precision,Japan,APAC,SMB,France,1,388.62,1,388.62,1,388.62,0,0.0,0,0.0,100.0,100.0
2026-07-01,SUP-012,Supplier 012,USA,NA,PLT-04,Chennai Forge,India,APAC,SMB,UK,1,13083.96,1,13083.96,1,13083.96,1,13083.96,0,0.0,100.0,100.0
2026-07-01,SUP-012,Supplier 012,USA,NA,PLT-00,Shanghai Hub,China,APAC,Enterprise,Japan,1,60858.0,0,0.0,0,0.0,0,0.0,0,0.0,0.0,0.0
2026-07-01,SUP-012,Supplier 012,USA,NA,PLT-07,Seoul Tech,South Korea,APAC,Government,Australia,1,533.61,1,533.61,1,533.61,0,0.0,0,0.0,100.0,100.0
2026-07-01,SUP-013,Supplier 013,Japan,APAC,PLT-02,Detroit Works,USA,NA,Enterprise,France,1,38289.56,0,0.0,0,0.0,0,0.0,0,0.0,0.0,0.0
2026-07-01,SUP-013,Supplier 013,Japan,APAC,PLT-09,Hanoi Assembly,Vietnam,APAC,Government,USA,1,2668.4,1,2668.4,1,2668.4,0,0.0,0,0.0,100.0,100.0
2026-07-01,SUP-013,Supplier 013,Japan,APAC,PLT-06,Sao Paulo Ops,Brazil,LATAM,SMB,Australia,1,9849.0,1,9849.0,1,9849.0,0,0.0,0,0.0,100.0,100.0
2026-07-01,SUP-013,Supplier 013,Japan,APAC,PLT-03,Tokyo Precision,Japan,APAC,Government,USA,1,42882.32,1,42882.32,1,42882.32,0,0.0,0,0.0,100.0,100.0
2026-07-01,SUP-013,Supplier 013,Japan,APAC,PLT-08,Taipei Micro,Taiwan,APAC,Enterprise,USA,1,9483.98,0,0.0,0,0.0,0,0.0,0,0.0,0.0,0.0
2026-07-01,SUP-013,Supplier 013,Japan,APAC,PLT-03,Tokyo Precision,Japan,APAC,SMB,Singapore,1,16518.39,1,16518.39,1,16518.39,0,0.0,0,0.0,100.0,100.0
2026-07-01,SUP-013,Supplier 013,Japan,APAC,PLT-08,Taipei Micro,Taiwan,APAC,SMB,Singapore,1,65788.77,1,65788.77,0,0.0,0,0.0,1,65788.77,100.0,100.0
2026-07-01,SUP-013,Supplier 013,Japan,APAC,PLT-03,Tokyo Precision,Japan,APAC,Government,Singapore,1,46553.22,1,46553.22,1,46553.22,0,0.0,0,0.0,100.0,100.0
2026-07-01,SUP-013,Supplier 013,Japan,APAC,PLT-06,Sao Paulo Ops,Brazil,LATAM,Enterprise,Japan,1,2402.24,1,2402.24,1,2402.24,1,2402.24,0,0.0,100.0,100.0
2026-07-01,SUP-014,Supplier 014,India,APAC,PLT-07,Seoul Tech,South Korea,APAC,Enterprise,Japan,1,44997.3,0,0.0,0,0.0,0,0.0,0,0.0,0.0,0.0
2026-07-01,SUP-014,Supplier 014,India,APAC,PLT-08,Taipei Micro,Taiwan,APAC,SMB,Australia,1,2086.41,1,2086.41,1,2086.41,0,0.0,0,0.0,100.0,100.0
2026-07-01,SUP-014,Supplier 014,India,APAC,PLT-03,Tokyo Precision,Japan,APAC,Government,Canada,1,15888.81,1,15888.81,1,15888.81,0,0.0,0,0.0,100.0,100.0
2026-07-01,SUP-014,Supplier 014,India,APAC,PLT-08,Taipei Micro,Taiwan,APAC,Enterprise,Germany,1,1551.81,1,1551.81,0,0.0,0,0.0,1,1551.81,100.0,100.0
2026-07-01,SUP-014,Supplier 014,India,APAC,PLT-09,Hanoi Assembly,Vietnam,APAC,SMB,Singapore,1,895.57,1,895.57,1,895.57,1,895.57,0,0.0,100.0,100.0
2026-07-01,SUP-015,Supplier 015,Mexico,LATAM,PLT-03,Tokyo Precision,Japan,APAC,Government,USA,1,1478.67,1,1478.67,1,1478.67,0,0.0,0,0.0,100.0,100.0
2026-07-01,SUP-015,Supplier 015,Mexico,LATAM,PLT-00,Shanghai Hub,China,APAC,Enterprise,Japan,1,19113.6,0,0.0,0,0.0,0,0.0,0,0.0,0.0,0.0
2026-07-01,SUP-015,Supplier 015,Mexico,LATAM,PLT-09,Hanoi Assembly,Vietnam,APAC,Enterprise,Japan,1,15261.88,1,15261.88,1,15261.88,0,0.0,0,0.0,100.0,100.0
2026-07-01,SUP-015,Supplier 015,Mexico,LATAM,PLT-08,Taipei Micro,Taiwan,APAC,Government,USA,1,20958.24,1,20958.24,1,20958.24,0,0.0,0,0.0,100.0,100.0
2026-07-01,SUP-015,Supplier 015,Mexico,LATAM,PLT-00,Shanghai Hub,China,APAC,SMB,Singapore,1,64046.65,1,64046.65,1,64046.65,1,64046.65,0,0.0,100.0,100.0
2026-07-01,SUP-015,Supplier 015,Mexico,LATAM,PLT-07,Seoul Tech,South Korea,APAC,Enterprise,France,1,30238.0,1,30238.0,1,30238.0,0,0.0,0,0.0,100.0,100.0
2026-07-01,SUP-015,Supplier 015,Mexico,LATAM,PLT-05,Monterrey Plant,Mexico,LATAM,Government,Germany,1,10098.72,1,10098.72,1,10098.72,0,0.0,0,0.0,100.0,100.0
2026-07-01,SUP-016,Supplier 016,Brazil,LATAM,PLT-07,Seoul Tech,South Korea,APAC,SMB,Singapore,1,44919.9,1,44919.9,1,44919.9,0,0.0,0,0.0,100.0,100.0
2026-07-01,SUP-017,Supplier 017,South Korea,APAC,PLT-01,Munich Center,Germany,EMEA,SMB,USA,1,28398.0,1,28398.0,0,0.0,0,0.0,1,28398.0,100.0,100.0
2026-07-01,SUP-017,Supplier 017,South Korea,APAC,PLT-05,Monterrey Plant,Mexico,LATAM,Government,France,1,1224.16,1,1224.16,1,1224.16,1,1224.16,0,0.0,100.0,100.0
2026-07-01,SUP-017,Supplier 017,South Korea,APAC,PLT-05,Monterrey Plant,Mexico,LATAM,Enterprise,Germany,1,4573.9,1,4573.9,1,4573.9,0,0.0,0,0.0,100.0,100.0
2026-07-01,SUP-017,Supplier 017,South Korea,APAC,PLT-02,Detroit Works,USA,NA,Enterprise,USA,1,8557.55,1,8557.55,0,0.0,0,0.0,1,8557.55,100.0,100.0
2026-07-01,SUP-017,Supplier 017,South Korea,APAC,PLT-05,Monterrey Plant,Mexico,LATAM,Government,Australia,1,35358.4,1,35358.4,1,35358.4,0,0.0,0,0.0,100.0,100.0
2026-07-01,SUP-017,Supplier 017,South Korea,APAC,PLT-07,Seoul Tech,South Korea,APAC,SMB,Singapore,1,27787.12,1,27787.12,1,27787.12,1,27787.12,0,0.0,100.0,100.0
2026-07-01,SUP-017,Supplier 017,South Korea,APAC,PLT-07,Seoul Tech,South Korea,APAC,SMB,France,1,16628.8,1,16628.8,1,16628.8,0,0.0,0,0.0,100.0,100.0
2026-07-01,SUP-017,Supplier 017,South Korea,APAC,PLT-09,Hanoi Assembly,Vietnam,APAC,Enterprise,Canada,1,23621.22,1,23621.22,1,23621.22,0,0.0,0,0.0,100.0,100.0
2026-07-01,SUP-017,Supplier 017,South Korea,APAC,PLT-00,Shanghai Hub,China,APAC,Enterprise,France,1,21193.74,1,21193.74,1,21193.74,0,0.0,0,0.0,100.0,100.0
2026-07-01,SUP-017,Supplier 017,South Korea,APAC,PLT-08,Taipei Micro,Taiwan,APAC,SMB,UK,1,2103.36,1,2103.36,1,2103.36,0,0.0,0,0.0,100.0,100.0
2026-07-01,SUP-018,Supplier 018,Taiwan,APAC,PLT-06,Sao Paulo Ops,Brazil,LATAM,SMB,Singapore,1,19214.0,1,19214.0,1,19214.0,0,0.0,0,0.0,100.0,100.0
2026-07-01,SUP-018,Supplier 018,Taiwan,APAC,PLT-06,Sao Paulo Ops,Brazil,LATAM,SMB,Germany,1,10115.16,1,10115.16,1,10115.16,0,0.0,0,0.0,100.0,100.0
2026-07-01,SUP-018,Supplier 018,Taiwan,APAC,PLT-09,Hanoi Assembly,Vietnam,APAC,Enterprise,Japan,1,7019.64,1,7019.64,1,7019.64,0,0.0,0,0.0,100.0,100.0
2026-07-01,SUP-018,Supplier 018,Taiwan,APAC,PLT-00,Shanghai Hub,China,APAC,SMB,Australia,1,19994.36,1,19994.36,0,0.0,0,0.0,1,19994.36,100.0,100.0
2026-07-01,SUP-019,Supplier 019,Vietnam,APAC,PLT-00,Shanghai Hub,China,APAC,SMB,UK,1,2399.4,1,2399.4,1,2399.4,0,0.0,0,0.0,100.0,100.0
2026-07-01,SUP-019,Supplier 019,Vietnam,APAC,PLT-00,Shanghai Hub,China,APAC,Government,UK,1,61127.08,0,0.0,0,0.0,0,0.0,0,0.0,0.0,0.0
2026-07-01,SUP-019,Supplier 019,Vietnam,APAC,PLT-03,Tokyo Precision,Japan,APAC,SMB,Germany,1,7568.4,1,7568.4,1,7568.4,0,0.0,0,0.0,100.0,100.0
2026-07-01,SUP-019,Supplier 019,Vietnam,APAC,PLT-02,Detroit Works,USA,NA,Government,Australia,1,6707.6,0,0.0,0,0.0,0,0.0,0,0.0,0.0,0.0
2026-07-01,SUP-019,Supplier 019,Vietnam,APAC,PLT-06,Sao Paulo Ops,Brazil,LATAM,SMB,Canada,2,83976.06,1,35369.32,1,35369.32,0,0.0,0,0.0,50.0,42.12
2026-07-01,SUP-019,Supplier 019,Vietnam,APAC,PLT-03,Tokyo Precision,Japan,APAC,Government,USA,1,36245.0,1,36245.0,1,36245.0,0,0.0,0,0.0,100.0,100.0
2026-07-01,SUP-019,Supplier 019,Vietnam,APAC,PLT-07,Seoul Tech,South Korea,APAC,Enterprise,USA,1,2182.4,1,2182.4,1,2182.4,1,2182.4,0,0.0,100.0,100.0
2026-07-01,SUP-020,Supplier 020,China,APAC,PLT-08,Taipei Micro,Taiwan,APAC,SMB,Australia,1,3105.44,0,0.0,0,0.0,0,0.0,0,0.0,0.0,0.0
2026-07-01,SUP-020,Supplier 020,China,APAC,PLT-01,Munich Center,Germany,EMEA,Government,USA,1,911.28,1,911.28,1,911.28,0,0.0,0,0.0,100.0,100.0
2026-07-01,SUP-020,Supplier 020,China,APAC,PLT-00,Shanghai Hub,China,APAC,Government,Canada,1,16983.43,1,16983.43,1,16983.43,0,0.0,0,0.0,100.0,100.0
2026-07-01,SUP-020,Supplier 020,China,APAC,PLT-09,Hanoi Assembly,Vietnam,APAC,SMB,UK,1,64631.28,1,64631.28,1,64631.28,0,0.0,0,0.0,100.0,100.0
2026-07-01,SUP-021,Supplier 021,Germany,EMEA,PLT-07,Seoul Tech,South Korea,APAC,SMB,Singapore,1,19379.67,1,19379.67,1,19379.67,1,19379.67,0,0.0,100.0,100.0
2026-07-01,SUP-021,Supplier 021,Germany,EMEA,PLT-03,Tokyo Precision,Japan,APAC,SMB,Germany,1,40455.0,1,40455.0,0,0.0,0,0.0,1,40455.0,100.0,100.0
2026-07-01,SUP-021,Supplier 021,Germany,EMEA,PLT-06,Sao Paulo Ops,Brazil,LATAM,Enterprise,USA,1,3403.71,1,3403.71,1,3403.71,0,0.0,0,0.0,100.0,100.0
2026-07-01,SUP-021,Supplier 021,Germany,EMEA,PLT-04,Chennai Forge,India,APAC,SMB,Singapore,1,32392.15,1,32392.15,1,32392.15,0,0.0,0,0.0,100.0,100.0
2026-07-01,SUP-022,Supplier 022,USA,NA,PLT-04,Chennai Forge,India,APAC,Government,Singapore,1,4489.5,0,0.0,0,0.0,0,0.0,0,0.0,0.0,0.0
2026-07-01,SUP-022,Supplier 022,USA,NA,PLT-01,Munich Center,Germany,EMEA,Government,Germany,2,53584.88,2,53584.88,2,53584.88,1,33130.98,0,0.0,100.0,100.0
2026-07-01,SUP-022,Supplier 022,USA,NA,PLT-00,Shanghai Hub,China,APAC,SMB,Australia,1,6425.97,1,6425.97,1,6425.97,0,0.0,0,0.0,100.0,100.0
2026-07-01,SUP-022,Supplier 022,USA,NA,PLT-07,Seoul Tech,South Korea,APAC,Government,France,1,23972.76,1,23972.76,0,0.0,1,23972.76,0,0.0,100.0,100.0
2026-07-01,SUP-022,Supplier 022,USA,NA,PLT-00,Shanghai Hub,China,APAC,Enterprise,Canada,1,18942.92,1,18942.92,0,0.0,1,18942.92,0,0.0,100.0,100.0
2026-07-01,SUP-022,Supplier 022,USA,NA,PLT-08,Taipei Micro,Taiwan,APAC,Enterprise,Germany,1,45719.97,1,45719.97,1,45719.97,0,0.0,0,0.0,100.0,100.0
2026-07-01,SUP-023,Supplier 023,Japan,APAC,PLT-00,Shanghai Hub,China,APAC,Enterprise,Germany,1,2450.5,1,2450.5,1,2450.5,0,0.0,0,0.0,100.0,100.0
2026-07-01,SUP-023,Supplier 023,Japan,APAC,PLT-09,Hanoi Assembly,Vietnam,APAC,Government,Australia,1,19877.18,1,19877.18,1,19877.18,1,19877.18,0,0.0,100.0,100.0
2026-07-01,SUP-023,Supplier 023,Japan,APAC,PLT-03,Tokyo Precision,Japan,APAC,Enterprise,UK,1,13502.1,0,0.0,0,0.0,0,0.0,0,0.0,0.0,0.0
2026-07-01,SUP-023,Supplier 023,Japan,APAC,PLT-05,Monterrey Plant,Mexico,LATAM,Government,USA,1,37269.04,1,37269.04,1,37269.04,0,0.0,0,0.0,100.0,100.0
2026-07-01,SUP-023,Supplier 023,Japan,APAC,PLT-00,Shanghai Hub,China,APAC,SMB,UK,1,21989.25,1,21989.25,1,21989.25,0,0.0,0,0.0,100.0,100.0
2026-07-01,SUP-023,Supplier 023,Japan,APAC,PLT-00,Shanghai Hub,China,APAC,SMB,Singapore,1,36696.6,0,0.0,0,0.0,0,0.0,0,0.0,0.0,0.0
2026-07-01,SUP-024,Supplier 024,India,APAC,PLT-06,Sao Paulo Ops,Brazil,LATAM,Government,Singapore,1,15870.4,1,15870.4,1,15870.4,0,0.0,0,0.0,100.0,100.0
2026-07-01,SUP-024,Supplier 024,India,APAC,PLT-08,Taipei Micro,Taiwan,APAC,Government,Japan,1,1117.92,1,1117.92,1,1117.92,1,1117.92,0,0.0,100.0,100.0
2026-07-01,SUP-024,Supplier 024,India,APAC,PLT-05,Monterrey Plant,Mexico,LATAM,SMB,Canada,1,66259.84,1,66259.84,1,66259.84,0,0.0,0,0.0,100.0,100.0
2026-07-01,SUP-024,Supplier 024,India,APAC,PLT-07,Seoul Tech,South Korea,APAC,Enterprise,Canada,1,6159.02,1,6159.02,1,6159.02,0,0.0,0,0.0,100.0,100.0
2026-07-01,SUP-024,Supplier 024,India,APAC,PLT-09,Hanoi Assembly,Vietnam,APAC,SMB,Australia,1,36223.39,1,36223.39,1,36223.39,0,0.0,0,0.0,100.0,100.0
2026-07-01,SUP-024,Supplier 024,India,APAC,PLT-00,Shanghai Hub,China,APAC,Government,USA,1,39880.92,1,39880.92,1,39880.92,0,0.0,0,0.0,100.0,100.0
2026-07-01,SUP-024,Supplier 024,India,APAC,PLT-04,Chennai Forge,India,APAC,SMB,Canada,1,16613.52,1,16613.52,0,0.0,0,0.0,1,16613.52,100.0,100.0
2026-07-01,SUP-024,Supplier 024,India,APAC,PLT-03,Tokyo Precision,Japan,APAC,Government,France,1,2797.92,1,2797.92,1,2797.92,0,0.0,0,0.0,100.0,100.0
2026-07-01,SUP-024,Supplier 024,India,APAC,PLT-05,Monterrey Plant,Mexico,LATAM,SMB,Japan,1,4609.99,1,4609.99,1,4609.99,0,0.0,0,0.0,100.0,100.0
2026-07-01,SUP-024,Supplier 024,India,APAC,PLT-04,Chennai Forge,India,APAC,SMB,Singapore,1,13704.04,1,13704.04,0,0.0,0,0.0,1,13704.04,100.0,100.0
2026-07-01,SUP-025,Supplier 025,Mexico,LATAM,PLT-05,Monterrey Plant,Mexico,LATAM,SMB,UK,1,18546.03,1,18546.03,1,18546.03,0,0.0,0,0.0,100.0,100.0
2026-07-01,SUP-025,Supplier 025,Mexico,LATAM,PLT-04,Chennai Forge,India,APAC,Government,Germany,1,29036.87,1,29036.87,1,29036.87,0,0.0,0,0.0,100.0,100.0
2026-07-01,SUP-025,Supplier 025,Mexico,LATAM,PLT-05,Monterrey Plant,Mexico,LATAM,Enterprise,USA,1,9965.44,1,9965.44,0,0.0,0,0.0,1,9965.44,100.0,100.0
2026-07-01,SUP-025,Supplier 025,Mexico,LATAM,PLT-05,Monterrey Plant,Mexico,LATAM,Enterprise,Germany,1,11408.4,1,11408.4,1,11408.4,0,0.0,0,0.0,100.0,100.0
2026-07-01,SUP-025,Supplier 025,Mexico,LATAM,PLT-03,Tokyo Precision,Japan,APAC,Government,Japan,1,18782.14,1,18782.14,1,18782.14,1,18782.14,0,0.0,100.0,100.0
2026-07-01,SUP-026,Supplier 026,Brazil,LATAM,PLT-06,Sao Paulo Ops,Brazil,LATAM,SMB,Australia,1,17496.18,0,0.0,0,0.0,0,0.0,0,0.0,0.0,0.0
2026-07-01,SUP-026,Supplier 026,Brazil,LATAM,PLT-05,Monterrey Plant,Mexico,LATAM,SMB,Australia,1,14631.4,1,14631.4,1,14631.4,1,14631.4,0,0.0,100.0,100.0
2026-07-01,SUP-026,Supplier 026,Brazil,LATAM,PLT-02,Detroit Works,USA,NA,SMB,France,1,8695.06,1,8695.06,1,8695.06,0,0.0,0,0.0,100.0,100.0
2026-07-01,SUP-026,Supplier 026,Brazil,LATAM,PLT-02,Detroit Works,USA,NA,SMB,UK,1,12488.75,1,12488.75,1,12488.75,0,0.0,0,0.0,100.0,100.0
2026-07-01,SUP-026,Supplier 026,Brazil,LATAM,PLT-09,Hanoi Assembly,Vietnam,APAC,SMB,UK,1,1199.1,0,0.0,0,0.0,0,0.0,0,0.0,0.0,0.0
2026-07-01,SUP-026,Supplier 026,Brazil,LATAM,PLT-01,Munich Center,Germany,EMEA,SMB,France,1,1837.16,1,1837.16,1,1837.16,0,0.0,0,0.0,100.0,100.0
2026-07-01,SUP-026,Supplier 026,Brazil,LATAM,PLT-00,Shanghai Hub,China,APAC,SMB,Germany,1,34034.32,1,34034.32,1,34034.32,1,34034.32,0,0.0,100.0,100.0
2026-07-01,SUP-026,Supplier 026,Brazil,LATAM,PLT-08,Taipei Micro,Taiwan,APAC,Enterprise,USA,1,54736.64,0,0.0,0,0.0,0,0.0,0,0.0,0.0,0.0
2026-07-01,SUP-027,Supplier 027,South Korea,APAC,PLT-03,Tokyo Precision,Japan,APAC,Government,Germany,1,27198.16,1,27198.16,1,27198.16,0,0.0,0,0.0,100.0,100.0
2026-07-01,SUP-027,Supplier 027,South Korea,APAC,PLT-00,Shanghai Hub,China,APAC,Enterprise,Singapore,1,6550.83,1,6550.83,1,6550.83,0,0.0,0,0.0,100.0,100.0
2026-07-01,SUP-027,Supplier 027,South Korea,APAC,PLT-05,Monterrey Plant,Mexico,LATAM,Government,Singapore,1,2618.96,1,2618.96,0,0.0,1,2618.96,0,0.0,100.0,100.0
2026-07-01,SUP-027,Supplier 027,South Korea,APAC,PLT-08,Taipei Micro,Taiwan,APAC,Enterprise,Germany,1,25133.22,1,25133.22,1,25133.22,0,0.0,0,0.0,100.0,100.0
2026-07-01,SUP-027,Supplier 027,South Korea,APAC,PLT-09,Hanoi Assembly,Vietnam,APAC,Enterprise,France,1,19364.1,1,19364.1,1,19364.1,1,19364.1,0,0.0,100.0,100.0
2026-07-01,SUP-027,Supplier 027,South Korea,APAC,PLT-00,Shanghai Hub,China,APAC,Government,UK,1,2006.85,1,2006.85,1,2006.85,0,0.0,0,0.0,100.0,100.0
2026-07-01,SUP-027,Supplier 027,South Korea,APAC,PLT-07,Seoul Tech,South Korea,APAC,Enterprise,USA,1,20790.0,1,20790.0,1,20790.0,1,20790.0,0,0.0,100.0,100.0
2026-07-01,SUP-028,Supplier 028,Taiwan,APAC,PLT-08,Taipei Micro,Taiwan,APAC,SMB,Singapore,1,10549.76,1,10549.76,0,0.0,0,0.0,1,10549.76,100.0,100.0
2026-07-01,SUP-028,Supplier 028,Taiwan,APAC,PLT-00,Shanghai Hub,China,APAC,Government,Japan,1,23878.72,1,23878.72,0,0.0,1,23878.72,0,0.0,100.0,100.0
2026-07-01,SUP-028,Supplier 028,Taiwan,APAC,PLT-02,Detroit Works,USA,NA,SMB,Singapore,1,15920.52,0,0.0,0,0.0,0,0.0,0,0.0,0.0,0.0
2026-07-01,SUP-028,Supplier 028,Taiwan,APAC,PLT-05,Monterrey Plant,Mexico,LATAM,Enterprise,Japan,1,10526.85,0,0.0,0,0.0,0,0.0,0,0.0,0.0,0.0
2026-07-01,SUP-028,Supplier 028,Taiwan,APAC,PLT-00,Shanghai Hub,China,APAC,SMB,UK,1,33539.76,1,33539.76,1,33539.76,0,0.0,0,0.0,100.0,100.0
2026-07-01,SUP-028,Supplier 028,Taiwan,APAC,PLT-00,Shanghai Hub,China,APAC,SMB,Singapore,1,9259.0,1,9259.0,1,9259.0,0,0.0,0,0.0,100.0,100.0
2026-07-01,SUP-028,Supplier 028,Taiwan,APAC,PLT-07,Seoul Tech,South Korea,APAC,Government,Japan,1,4415.7,1,4415.7,1,4415.7,0,0.0,0,0.0,100.0,100.0
2026-07-01,SUP-028,Supplier 028,Taiwan,APAC,PLT-07,Seoul Tech,South Korea,APAC,Enterprise,Japan,1,11388.3,1,11388.3,1,11388.3,0,0.0,0,0.0,100.0,100.0
2026-07-01,SUP-028,Supplier 028,Taiwan,APAC,PLT-04,Chennai Forge,India,APAC,Enterprise,Japan,1,36253.14,1,36253.14,0,0.0,0,0.0,1,36253.14,100.0,100.0
2026-07-01,SUP-029,Supplier 029,Vietnam,APAC,PLT-05,Monterrey Plant,Mexico,LATAM,SMB,Singapore,1,5816.72,1,5816.72,0,0.0,1,5816.72,0,0.0,100.0,100.0
2026-07-01,SUP-029,Supplier 029,Vietnam,APAC,PLT-00,Shanghai Hub,China,APAC,Government,France,1,1974.72,0,0.0,0,0.0,0,0.0,0,0.0,0.0,0.0
2026-07-01,SUP-029,Supplier 029,Vietnam,APAC,PLT-02,Detroit Works,USA,NA,SMB,Japan,1,6630.9,1,6630.9,0,0.0,0,0.0,1,6630.9,100.0,100.0
2026-07-01,SUP-029,Supplier 029,Vietnam,APAC,PLT-08,Taipei Micro,Taiwan,APAC,Enterprise,USA,1,27224.0,1,27224.0,1,27224.0,1,27224.0,0,0.0,100.0,100.0
2026-07-01,SUP-029,Supplier 029,Vietnam,APAC,PLT-02,Detroit Works,USA,NA,SMB,Germany,1,20847.68,1,20847.68,1,20847.68,1,20847.68,0,0.0,100.0,100.0
2026-07-01,SUP-029,Supplier 029,Vietnam,APAC,PLT-00,Shanghai Hub,China,APAC,Enterprise,USA,1,6845.25,1,6845.25,1,6845.25,0,0.0,0,0.0,100.0,100.0
2026-07-01,SUP-029,Supplier 029,Vietnam,APAC,PLT-08,Taipei Micro,Taiwan,APAC,Enterprise,Canada,1,63677.34,1,63677.34,1,63677.34,0,0.0,0,0.0,100.0,100.0
2026-07-01,SUP-029,Supplier 029,Vietnam,APAC,PLT-03,Tokyo Precision,Japan,APAC,SMB,UK,1,31455.71,1,31455.71,0,0.0,0,0.0,1,31455.71,100.0,100.0
2026-07-01,SUP-030,Supplier 030,China,APAC,PLT-09,Hanoi Assembly,Vietnam,APAC,Enterprise,Australia,1,7028.34,1,7028.34,1,7028.34,0,0.0,0,0.0,100.0,100.0
2026-07-01,SUP-030,Supplier 030,China,APAC,PLT-06,Sao Paulo Ops,Brazil,LATAM,Enterprise,Germany,1,16599.15,1,16599.15,0,0.0,0,0.0,1,16599.15,100.0,100.0
2026-07-01,SUP-030,Supplier 030,China,APAC,PLT-05,Monterrey Plant,Mexico,LATAM,Enterprise,USA,1,8339.18,1,8339.18,1,8339.18,0,0.0,0,0.0,100.0,100.0
2026-07-01,SUP-030,Supplier 030,China,APAC,PLT-03,Tokyo Precision,Japan,APAC,SMB,Canada,1,26026.0,1,26026.0,1,26026.0,0,0.0,0,0.0,100.0,100.0
2026-07-01,SUP-030,Supplier 030,China,APAC,PLT-07,Seoul Tech,South Korea,APAC,Government,Germany,1,42577.0,1,42577.0,1,42577.0,1,42577.0,0,0.0,100.0,100.0
2026-07-01,SUP-030,Supplier 030,China,APAC,PLT-02,Detroit Works,USA,NA,SMB,France,1,47034.12,1,47034.12,1,47034.12,0,0.0,0,0.0,100.0,100.0
2026-07-01,SUP-030,Supplier 030,China,APAC,PLT-05,Monterrey Plant,Mexico,LATAM,SMB,UK,1,7558.88,1,7558.88,1,7558.88,1,7558.88,0,0.0,100.0,100.0
2026-07-01,SUP-030,Supplier 030,China,APAC,PLT-06,Sao Paulo Ops,Brazil,LATAM,SMB,Singapore,1,7439.85,0,0.0,0,0.0,0,0.0,0,0.0,0.0,0.0
2026-07-01,SUP-031,Supplier 031,Germany,EMEA,PLT-08,Taipei Micro,Taiwan,APAC,SMB,Singapore,1,39863.52,1,39863.52,0,0.0,1,39863.52,0,0.0,100.0,100.0
2026-07-01,SUP-031,Supplier 031,Germany,EMEA,PLT-08,Taipei Micro,Taiwan,APAC,SMB,France,1,28137.85,1,28137.85,1,28137.85,0,0.0,0,0.0,100.0,100.0
2026-07-01,SUP-031,Supplier 031,Germany,EMEA,PLT-08,Taipei Micro,Taiwan,APAC,Government,Singapore,1,7942.4,1,7942.4,1,7942.4,1,7942.4,0,0.0,100.0,100.0
2026-07-01,SUP-031,Supplier 031,Germany,EMEA,PLT-02,Detroit Works,USA,NA,SMB,Canada,1,32939.52,1,32939.52,1,32939.52,0,0.0,0,0.0,100.0,100.0
2026-07-01,SUP-031,Supplier 031,Germany,EMEA,PLT-09,Hanoi Assembly,Vietnam,APAC,SMB,Australia,1,22329.84,1,22329.84,1,22329.84,0,0.0,0,0.0,100.0,100.0
2026-07-01,SUP-031,Supplier 031,Germany,EMEA,PLT-02,Detroit Works,USA,NA,Government,Germany,1,9338.7,1,9338.7,1,9338.7,0,0.0,0,0.0,100.0,100.0
2026-07-01,SUP-031,Supplier 031,Germany,EMEA,PLT-01,Munich Center,Germany,EMEA,Enterprise,UK,1,17553.12,1,17553.12,1,17553.12,0,0.0,0,0.0,100.0,100.0
2026-07-01,SUP-032,Supplier 032,USA,NA,PLT-08,Taipei Micro,Taiwan,APAC,Enterprise,Australia,1,12419.2,0,0.0,0,0.0,0,0.0,0,0.0,0.0,0.0
2026-07-01,SUP-032,Supplier 032,USA,NA,PLT-07,Seoul Tech,South Korea,APAC,Enterprise,Australia,1,21017.04,1,21017.04,1,21017.04,0,0.0,0,0.0,100.0,100.0
2026-07-01,SUP-032,Supplier 032,USA,NA,PLT-01,Munich Center,Germany,EMEA,SMB,USA,1,12863.07,1,12863.07,1,12863.07,0,0.0,0,0.0,100.0,100.0
2026-07-01,SUP-032,Supplier 032,USA,NA,PLT-02,Detroit Works,USA,NA,SMB,Singapore,1,3244.86,1,3244.86,1,3244.86,0,0.0,0,0.0,100.0,100.0
2026-07-01,SUP-032,Supplier 032,USA,NA,PLT-02,Detroit Works,USA,NA,SMB,France,1,23339.8,0,0.0,0,0.0,0,0.0,0,0.0,0.0,0.0
2026-07-01,SUP-032,Supplier 032,USA,NA,PLT-02,Detroit Works,USA,NA,Government,Japan,1,4147.87,1,4147.87,0,0.0,0,0.0,1,4147.87,100.0,100.0
2026-07-01,SUP-032,Supplier 032,USA,NA,PLT-08,Taipei Micro,Taiwan,APAC,Enterprise,Japan,1,2538.51,1,2538.51,1,2538.51,0,0.0,0,0.0,100.0,100.0
2026-07-01,SUP-032,Supplier 032,USA,NA,PLT-07,Seoul Tech,South Korea,APAC,Government,Canada,1,19288.08,1,19288.08,1,19288.08,0,0.0,0,0.0,100.0,100.0
2026-07-01,SUP-032,Supplier 032,USA,NA,PLT-09,Hanoi Assembly,Vietnam,APAC,Enterprise,France,1,11461.96,0,0.0,0,0.0,0,0.0,0,0.0,0.0,0.0
2026-07-01,SUP-032,Supplier 032,USA,NA,PLT-00,Shanghai Hub,China,APAC,Enterprise,Japan,1,49921.56,1,49921.56,0,0.0,1,49921.56,0,0.0,100.0,100.0
2026-07-01,SUP-033,Supplier 033,Japan,APAC,PLT-09,Hanoi Assembly,Vietnam,APAC,SMB,UK,1,83769.19,1,83769.19,1,83769.19,0,0.0,0,0.0,100.0,100.0
2026-07-01,SUP-033,Supplier 033,Japan,APAC,PLT-06,Sao Paulo Ops,Brazil,LATAM,Government,Germany,1,1712.88,1,1712.88,1,1712.88,0,0.0,0,0.0,100.0,100.0
2026-07-01,SUP-033,Supplier 033,Japan,APAC,PLT-03,Tokyo Precision,Japan,APAC,SMB,USA,1,4487.76,1,4487.76,1,4487.76,0,0.0,0,0.0,100.0,100.0
2026-07-01,SUP-033,Supplier 033,Japan,APAC,PLT-03,Tokyo Precision,Japan,APAC,Government,USA,1,23316.54,1,23316.54,0,0.0,1,23316.54,0,0.0,100.0,100.0
2026-07-01,SUP-033,Supplier 033,Japan,APAC,PLT-01,Munich Center,Germany,EMEA,SMB,Germany,1,19284.16,1,19284.16,1,19284.16,0,0.0,0,0.0,100.0,100.0
2026-07-01,SUP-033,Supplier 033,Japan,APAC,PLT-00,Shanghai Hub,China,APAC,SMB,Singapore,1,1386.66,1,1386.66,1,1386.66,0,0.0,0,0.0,100.0,100.0
2026-07-01,SUP-034,Supplier 034,India,APAC,PLT-07,Seoul Tech,South Korea,APAC,Government,Germany,1,30605.19,1,30605.19,1,30605.19,0,0.0,0,0.0,100.0,100.0
2026-07-01,SUP-034,Supplier 034,India,APAC,PLT-06,Sao Paulo Ops,Brazil,LATAM,Enterprise,Japan,1,75042.4,1,75042.4,0,0.0,0,0.0,1,75042.4,100.0,100.0
2026-07-01,SUP-034,Supplier 034,India,APAC,PLT-06,Sao Paulo Ops,Brazil,LATAM,Government,Germany,1,20579.02,0,0.0,0,0.0,0,0.0,0,0.0,0.0,0.0
2026-07-01,SUP-034,Supplier 034,India,APAC,PLT-00,Shanghai Hub,China,APAC,Enterprise,Singapore,1,6177.58,0,0.0,0,0.0,0,0.0,0,0.0,0.0,0.0
2026-07-01,SUP-034,Supplier 034,India,APAC,PLT-02,Detroit Works,USA,NA,SMB,Australia,1,7002.16,1,7002.16,0,0.0,1,7002.16,0,0.0,100.0,100.0
2026-07-01,SUP-034,Supplier 034,India,APAC,PLT-09,Hanoi Assembly,Vietnam,APAC,SMB,UK,1,57869.28,1,57869.28,0,0.0,1,57869.28,0,0.0,100.0,100.0
2026-07-01,SUP-035,Supplier 035,Mexico,LATAM,PLT-06,Sao Paulo Ops,Brazil,LATAM,Enterprise,USA,1,5128.88,1,5128.88,1,5128.88,0,0.0,0,0.0,100.0,100.0
2026-07-01,SUP-035,Supplier 035,Mexico,LATAM,PLT-04,Chennai Forge,India,APAC,SMB,Canada,1,33644.72,1,33644.72,1,33644.72,0,0.0,0,0.0,100.0,100.0
2026-07-01,SUP-035,Supplier 035,Mexico,LATAM,PLT-01,Munich Center,Germany,EMEA,SMB,Singapore,1,1921.2,0,0.0,0,0.0,0,0.0,0,0.0,0.0,0.0
2026-07-01,SUP-035,Supplier 035,Mexico,LATAM,PLT-01,Munich Center,Germany,EMEA,Enterprise,France,1,13810.04,1,13810.04,1,13810.04,1,13810.04,0,0.0,100.0,100.0
2026-07-01,SUP-035,Supplier 035,Mexico,LATAM,PLT-05,Monterrey Plant,Mexico,LATAM,SMB,Singapore,1,29627.4,1,29627.4,1,29627.4,1,29627.4,0,0.0,100.0,100.0
2026-07-01,SUP-035,Supplier 035,Mexico,LATAM,PLT-01,Munich Center,Germany,EMEA,Government,Singapore,1,3875.9,1,3875.9,1,3875.9,1,3875.9,0,0.0,100.0,100.0
2026-07-01,SUP-035,Supplier 035,Mexico,LATAM,PLT-01,Munich Center,Germany,EMEA,SMB,USA,1,12563.1,1,12563.1,0,0.0,0,0.0,1,12563.1,100.0,100.0
2026-07-01,SUP-035,Supplier 035,Mexico,LATAM,PLT-05,Monterrey Plant,Mexico,LATAM,SMB,Canada,1,9541.27,1,9541.27,0,0.0,0,0.0,1,9541.27,100.0,100.0
2026-07-01,SUP-035,Supplier 035,Mexico,LATAM,PLT-08,Taipei Micro,Taiwan,APAC,Enterprise,USA,1,29220.0,1,29220.0,1,29220.0,0,0.0,0,0.0,100.0,100.0
2026-07-01,SUP-035,Supplier 035,Mexico,LATAM,PLT-09,Hanoi Assembly,Vietnam,APAC,Government,Japan,1,6671.84,1,6671.84,1,6671.84,0,0.0,0,0.0,100.0,100.0
2026-07-01,SUP-035,Supplier 035,Mexico,LATAM,PLT-03,Tokyo Precision,Japan,APAC,SMB,Canada,1,42317.1,1,42317.1,1,42317.1,1,42317.1,0,0.0,100.0,100.0
2026-07-01,SUP-036,Supplier 036,Brazil,LATAM,PLT-03,Tokyo Precision,Japan,APAC,SMB,Singapore,1,44992.29,1,44992.29,1,44992.29,0,0.0,0,0.0,100.0,100.0
2026-07-01,SUP-036,Supplier 036,Brazil,LATAM,PLT-09,Hanoi Assembly,Vietnam,APAC,Government,Germany,1,4969.0,1,4969.0,1,4969.0,0,0.0,0,0.0,100.0,100.0
2026-07-01,SUP-036,Supplier 036,Brazil,LATAM,PLT-05,Monterrey Plant,Mexico,LATAM,SMB,Australia,1,125686.32,1,125686.32,1,125686.32,0,0.0,0,0.0,100.0,100.0
2026-07-01,SUP-036,Supplier 036,Brazil,LATAM,PLT-07,Seoul Tech,South Korea,APAC,Government,France,1,6324.12,1,6324.12,1,6324.12,1,6324.12,0,0.0,100.0,100.0
2026-07-01,SUP-036,Supplier 036,Brazil,LATAM,PLT-08,Taipei Micro,Taiwan,APAC,SMB,Australia,1,330.62,0,0.0,0,0.0,0,0.0,0,0.0,0.0,0.0
2026-07-01,SUP-036,Supplier 036,Brazil,LATAM,PLT-09,Hanoi Assembly,Vietnam,APAC,SMB,Singapore,1,3498.82,1,3498.82,0,0.0,1,3498.82,0,0.0,100.0,100.0
2026-07-01,SUP-036,Supplier 036,Brazil,LATAM,PLT-07,Seoul Tech,South Korea,APAC,SMB,France,1,9057.86,1,9057.86,1,9057.86,0,0.0,0,0.0,100.0,100.0
2026-07-01,SUP-036,Supplier 036,Brazil,LATAM,PLT-08,Taipei Micro,Taiwan,APAC,Government,Singapore,1,27942.44,1,27942.44,1,27942.44,0,0.0,0,0.0,100.0,100.0
2026-07-01,SUP-036,Supplier 036,Brazil,LATAM,PLT-08,Taipei Micro,Taiwan,APAC,Enterprise,USA,1,321.42,1,321.42,0,0.0,0,0.0,1,321.42,100.0,100.0
2026-07-01,SUP-037,Supplier 037,South Korea,APAC,PLT-04,Chennai Forge,India,APAC,SMB,France,1,17876.56,1,17876.56,1,17876.56,1,17876.56,0,0.0,100.0,100.0
2026-07-01,SUP-037,Supplier 037,South Korea,APAC,PLT-09,Hanoi Assembly,Vietnam,APAC,Enterprise,Australia,1,3892.2,1,3892.2,1,3892.2,0,0.0,0,0.0,100.0,100.0
2026-07-01,SUP-037,Supplier 037,South Korea,APAC,PLT-04,Chennai Forge,India,APAC,SMB,Germany,1,14840.9,1,14840.9,1,14840.9,0,0.0,0,0.0,100.0,100.0
2026-07-01,SUP-037,Supplier 037,South Korea,APAC,PLT-04,Chennai Forge,India,APAC,Enterprise,Germany,1,6278.58,1,6278.58,1,6278.58,1,6278.58,0,0.0,100.0,100.0
2026-07-01,SUP-037,Supplier 037,South Korea,APAC,PLT-07,Seoul Tech,South Korea,APAC,SMB,Canada,1,9605.2,1,9605.2,1,9605.2,1,9605.2,0,0.0,100.0,100.0
2026-07-01,SUP-037,Supplier 037,South Korea,APAC,PLT-02,Detroit Works,USA,NA,SMB,Singapore,1,5214.82,0,0.0,0,0.0,0,0.0,0,0.0,0.0,0.0
2026-07-01,SUP-037,Supplier 037,South Korea,APAC,PLT-08,Taipei Micro,Taiwan,APAC,SMB,UK,1,23681.15,1,23681.15,0,0.0,1,23681.15,0,0.0,100.0,100.0
2026-07-01,SUP-037,Supplier 037,South Korea,APAC,PLT-05,Monterrey Plant,Mexico,LATAM,SMB,USA,1,456.0,1,456.0,1,456.0,0,0.0,0,0.0,100.0,100.0
2026-07-01,SUP-038,Supplier 038,Taiwan,APAC,PLT-06,Sao Paulo Ops,Brazil,LATAM,Enterprise,Australia,1,1519.8,1,1519.8,1,1519.8,0,0.0,0,0.0,100.0,100.0
2026-07-01,SUP-038,Supplier 038,Taiwan,APAC,PLT-07,Seoul Tech,South Korea,APAC,Enterprise,Canada,1,25741.5,1,25741.5,1,25741.5,0,0.0,0,0.0,100.0,100.0
2026-07-01,SUP-038,Supplier 038,Taiwan,APAC,PLT-06,Sao Paulo Ops,Brazil,LATAM,Government,Singapore,1,16227.75,1,16227.75,0,0.0,1,16227.75,0,0.0,100.0,100.0
2026-07-01,SUP-038,Supplier 038,Taiwan,APAC,PLT-04,Chennai Forge,India,APAC,SMB,Singapore,1,7001.76,1,7001.76,1,7001.76,0,0.0,0,0.0,100.0,100.0
2026-07-01,SUP-038,Supplier 038,Taiwan,APAC,PLT-00,Shanghai Hub,China,APAC,Government,Germany,1,6262.62,1,6262.62,1,6262.62,0,0.0,0,0.0,100.0,100.0
2026-07-01,SUP-038,Supplier 038,Taiwan,APAC,PLT-00,Shanghai Hub,China,APAC,Enterprise,Japan,1,65027.2,1,65027.2,0,0.0,1,65027.2,0,0.0,100.0,100.0
2026-07-01,SUP-038,Supplier 038,Taiwan,APAC,PLT-07,Seoul Tech,South Korea,APAC,Government,France,1,5446.0,1,5446.0,0,0.0,1,5446.0,0,0.0,100.0,100.0
2026-07-01,SUP-038,Supplier 038,Taiwan,APAC,PLT-02,Detroit Works,USA,NA,SMB,Singapore,1,2708.3,1,2708.3,1,2708.3,0,0.0,0,0.0,100.0,100.0
2026-07-01,SUP-038,Supplier 038,Taiwan,APAC,PLT-00,Shanghai Hub,China,APAC,Government,USA,1,49037.04,1,49037.04,1,49037.04,0,0.0,0,0.0,100.0,100.0
2026-07-01,SUP-038,Supplier 038,Taiwan,APAC,PLT-01,Munich Center,Germany,EMEA,Enterprise,Singapore,1,6380.96,1,6380.96,1,6380.96,0,0.0,0,0.0,100.0,100.0
2026-07-01,SUP-038,Supplier 038,Taiwan,APAC,PLT-09,Hanoi Assembly,Vietnam,APAC,SMB,Australia,1,40913.28,0,0.0,0,0.0,0,0.0,0,0.0,0.0,0.0
2026-07-01,SUP-039,Supplier 039,Vietnam,APAC,PLT-04,Chennai Forge,India,APAC,SMB,Canada,1,19498.7,1,19498.7,0,0.0,0,0.0,1,19498.7,100.0,100.0
2026-07-01,SUP-039,Supplier 039,Vietnam,APAC,PLT-00,Shanghai Hub,China,APAC,Government,Japan,1,396.47,1,396.47,1,396.47,0,0.0,0,0.0,100.0,100.0
2026-07-01,SUP-039,Supplier 039,Vietnam,APAC,PLT-02,Detroit Works,USA,NA,SMB,Australia,1,35866.8,1,35866.8,1,35866.8,0,0.0,0,0.0,100.0,100.0
2026-07-01,SUP-040,Supplier 040,China,APAC,PLT-02,Detroit Works,USA,NA,SMB,Germany,1,45007.38,1,45007.38,0,0.0,1,45007.38,0,0.0,100.0,100.0
2026-07-01,SUP-040,Supplier 040,China,APAC,PLT-03,Tokyo Precision,Japan,APAC,SMB,Canada,1,25404.81,1,25404.81,1,25404.81,0,0.0,0,0.0,100.0,100.0
2026-07-01,SUP-040,Supplier 040,China,APAC,PLT-00,Shanghai Hub,China,APAC,SMB,UK,1,39131.4,1,39131.4,1,39131.4,0,0.0,0,0.0,100.0,100.0
2026-07-01,SUP-040,Supplier 040,China,APAC,PLT-07,Seoul Tech,South Korea,APAC,SMB,France,1,27129.04,1,27129.04,0,0.0,1,27129.04,0,0.0,100.0,100.0
2026-07-01,SUP-040,Supplier 040,China,APAC,PLT-01,Munich Center,Germany,EMEA,SMB,Germany,1,16093.55,0,0.0,0,0.0,0,0.0,0,0.0,0.0,0.0
2026-07-01,SUP-040,Supplier 040,China,APAC,PLT-08,Taipei Micro,Taiwan,APAC,SMB,UK,1,16386.4,0,0.0,0,0.0,0,0.0,0,0.0,0.0,0.0
2026-07-01,SUP-040,Supplier 040,China,APAC,PLT-06,Sao Paulo Ops,Brazil,LATAM,SMB,Australia,1,8393.87,1,8393.87,1,8393.87,0,0.0,0,0.0,100.0,100.0
2026-07-01,SUP-041,Supplier 041,Germany,EMEA,PLT-01,Munich Center,Germany,EMEA,Government,UK,1,12862.78,1,12862.78,1,12862.78,0,0.0,0,0.0,100.0,100.0
2026-07-01,SUP-041,Supplier 041,Germany,EMEA,PLT-04,Chennai Forge,India,APAC,SMB,Singapore,1,19359.6,0,0.0,0,0.0,0,0.0,0,0.0,0.0,0.0
2026-07-01,SUP-041,Supplier 041,Germany,EMEA,PLT-03,Tokyo Precision,Japan,APAC,SMB,Singapore,1,6233.46,1,6233.46,1,6233.46,0,0.0,0,0.0,100.0,100.0
2026-07-01,SUP-041,Supplier 041,Germany,EMEA,PLT-04,Chennai Forge,India,APAC,SMB,Germany,1,2176.34,1,2176.34,1,2176.34,0,0.0,0,0.0,100.0,100.0
2026-07-01,SUP-041,Supplier 041,Germany,EMEA,PLT-09,Hanoi Assembly,Vietnam,APAC,Government,Japan,2,46469.77,2,46469.77,1,24607.44,0,0.0,1,21862.33,100.0,100.0
2026-07-01,SUP-041,Supplier 041,Germany,EMEA,PLT-01,Munich Center,Germany,EMEA,SMB,UK,1,24205.44,1,24205.44,1,24205.44,1,24205.44,0,0.0,100.0,100.0
2026-07-01,SUP-041,Supplier 041,Germany,EMEA,PLT-00,Shanghai Hub,China,APAC,SMB,USA,1,64013.45,1,64013.45,1,64013.45,0,0.0,0,0.0,100.0,100.0
2026-07-01,SUP-041,Supplier 041,Germany,EMEA,PLT-00,Shanghai Hub,China,APAC,Enterprise,Canada,1,41678.4,1,41678.4,1,41678.4,0,0.0,0,0.0,100.0,100.0
2026-07-01,SUP-041,Supplier 041,Germany,EMEA,PLT-06,Sao Paulo Ops,Brazil,LATAM,Enterprise,Canada,1,524.68,1,524.68,1,524.68,0,0.0,0,0.0,100.0,100.0
2026-07-01,SUP-041,Supplier 041,Germany,EMEA,PLT-02,Detroit Works,USA,NA,Enterprise,Canada,1,1404.48,1,1404.48,0,0.0,1,1404.48,0,0.0,100.0,100.0
2026-07-01,SUP-041,Supplier 041,Germany,EMEA,PLT-01,Munich Center,Germany,EMEA,SMB,Canada,1,5585.1,1,5585.1,1,5585.1,0,0.0,0,0.0,100.0,100.0
2026-07-01,SUP-042,Supplier 042,USA,NA,PLT-06,Sao Paulo Ops,Brazil,LATAM,Enterprise,Australia,1,11102.96,0,0.0,0,0.0,0,0.0,0,0.0,0.0,0.0
2026-07-01,SUP-042,Supplier 042,USA,NA,PLT-05,Monterrey Plant,Mexico,LATAM,SMB,Australia,1,13678.1,1,13678.1,0,0.0,1,13678.1,0,0.0,100.0,100.0
2026-07-01,SUP-042,Supplier 042,USA,NA,PLT-08,Taipei Micro,Taiwan,APAC,SMB,Australia,1,35214.48,0,0.0,0,0.0,0,0.0,0,0.0,0.0,0.0
2026-07-01,SUP-042,Supplier 042,USA,NA,PLT-09,Hanoi Assembly,Vietnam,APAC,SMB,Singapore,1,4120.12,1,4120.12,1,4120.12,1,4120.12,0,0.0,100.0,100.0
2026-07-01,SUP-042,Supplier 042,USA,NA,PLT-09,Hanoi Assembly,Vietnam,APAC,SMB,Canada,1,5002.53,1,5002.53,1,5002.53,0,0.0,0,0.0,100.0,100.0
2026-07-01,SUP-042,Supplier 042,USA,NA,PLT-07,Seoul Tech,South Korea,APAC,SMB,Australia,1,22395.22,0,0.0,0,0.0,0,0.0,0,0.0,0.0,0.0
2026-07-01,SUP-043,Supplier 043,Japan,APAC,PLT-01,Munich Center,Germany,EMEA,Enterprise,USA,1,12529.44,1,12529.44,1,12529.44,0,0.0,0,0.0,100.0,100.0
2026-07-01,SUP-043,Supplier 043,Japan,APAC,PLT-04,Chennai Forge,India,APAC,SMB,Singapore,1,22586.76,1,22586.76,1,22586.76,0,0.0,0,0.0,100.0,100.0
2026-07-01,SUP-043,Supplier 043,Japan,APAC,PLT-00,Shanghai Hub,China,APAC,Government,Singapore,1,415.58,0,0.0,0,0.0,0,0.0,0,0.0,0.0,0.0
2026-07-01,SUP-043,Supplier 043,Japan,APAC,PLT-06,Sao Paulo Ops,Brazil,LATAM,Government,Germany,1,71184.65,1,71184.65,1,71184.65,0,0.0,0,0.0,100.0,100.0
2026-07-01,SUP-044,Supplier 044,India,APAC,PLT-06,Sao Paulo Ops,Brazil,LATAM,SMB,UK,1,45815.76,1,45815.76,1,45815.76,0,0.0,0,0.0,100.0,100.0
2026-07-01,SUP-044,Supplier 044,India,APAC,PLT-06,Sao Paulo Ops,Brazil,LATAM,SMB,Canada,1,14656.2,1,14656.2,0,0.0,0,0.0,1,14656.2,100.0,100.0
2026-07-01,SUP-044,Supplier 044,India,APAC,PLT-07,Seoul Tech,South Korea,APAC,Enterprise,UK,1,239.36,1,239.36,1,239.36,0,0.0,0,0.0,100.0,100.0
2026-07-01,SUP-044,Supplier 044,India,APAC,PLT-06,Sao Paulo Ops,Brazil,LATAM,Enterprise,USA,1,5234.97,1,5234.97,1,5234.97,1,5234.97,0,0.0,100.0,100.0
2026-07-01,SUP-044,Supplier 044,India,APAC,PLT-03,Tokyo Precision,Japan,APAC,SMB,Germany,1,17723.16,0,0.0,0,0.0,0,0.0,0,0.0,0.0,0.0
2026-07-01,SUP-044,Supplier 044,India,APAC,PLT-07,Seoul Tech,South Korea,APAC,Government,Germany,1,58433.97,1,58433.97,1,58433.97,1,58433.97,0,0.0,100.0,100.0
2026-07-01,SUP-044,Supplier 044,India,APAC,PLT-01,Munich Center,Germany,EMEA,Government,France,1,42753.36,0,0.0,0,0.0,0,0.0,0,0.0,0.0,0.0
2026-07-01,SUP-044,Supplier 044,India,APAC,PLT-00,Shanghai Hub,China,APAC,SMB,Singapore,1,11688.73,0,0.0,0,0.0,0,0.0,0,0.0,0.0,0.0
2026-07-01,SUP-044,Supplier 044,India,APAC,PLT-08,Taipei Micro,Taiwan,APAC,Government,Australia,1,24543.0,0,0.0,0,0.0,0,0.0,0,0.0,0.0,0.0
2026-07-01,SUP-044,Supplier 044,India,APAC,PLT-02,Detroit Works,USA,NA,SMB,Australia,1,1446.06,1,1446.06,0,0.0,1,1446.06,0,0.0,100.0,100.0
2026-07-01,SUP-044,Supplier 044,India,APAC,PLT-03,Tokyo Precision,Japan,APAC,Enterprise,Canada,1,8867.88,0,0.0,0,0.0,0,0.0,0,0.0,0.0,0.0
2026-07-01,SUP-044,Supplier 044,India,APAC,PLT-05,Monterrey Plant,Mexico,LATAM,SMB,Australia,1,7170.94,0,0.0,0,0.0,0,0.0,0,0.0,0.0,0.0
2026-07-01,SUP-044,Supplier 044,India,APAC,PLT-05,Monterrey Plant,Mexico,LATAM,SMB,Germany,1,19602.54,1,19602.54,1,19602.54,1,19602.54,0,0.0,100.0,100.0
2026-07-01,SUP-044,Supplier 044,India,APAC,PLT-01,Munich Center,Germany,EMEA,SMB,UK,1,15976.15,1,15976.15,1,15976.15,0,0.0,0,0.0,100.0,100.0
2026-07-01,SUP-044,Supplier 044,India,APAC,PLT-06,Sao Paulo Ops,Brazil,LATAM,Government,Canada,1,79573.9,1,79573.9,1,79573.9,0,0.0,0,0.0,100.0,100.0
2026-07-01,SUP-044,Supplier 044,India,APAC,PLT-00,Shanghai Hub,China,APAC,Enterprise,Australia,1,34124.87,1,34124.87,0,0.0,1,34124.87,0,0.0,100.0,100.0
2026-07-01,SUP-044,Supplier 044,India,APAC,PLT-07,Seoul Tech,South Korea,APAC,SMB,Canada,1,7752.15,1,7752.15,1,7752.15,0,0.0,0,0.0,100.0,100.0
2026-07-01,SUP-045,Supplier 045,Mexico,LATAM,PLT-08,Taipei Micro,Taiwan,APAC,SMB,Singapore,1,17320.38,0,0.0,0,0.0,0,0.0,0,0.0,0.0,0.0
2026-07-01,SUP-045,Supplier 045,Mexico,LATAM,PLT-00,Shanghai Hub,China,APAC,SMB,Germany,1,4778.2,1,4778.2,1,4778.2,1,4778.2,0,0.0,100.0,100.0
2026-07-01,SUP-045,Supplier 045,Mexico,LATAM,PLT-02,Detroit Works,USA,NA,SMB,USA,1,1016.56,0,0.0,0,0.0,0,0.0,0,0.0,0.0,0.0
2026-07-01,SUP-045,Supplier 045,Mexico,LATAM,PLT-02,Detroit Works,USA,NA,Enterprise,Australia,1,62801.4,1,62801.4,0,0.0,1,62801.4,0,0.0,100.0,100.0
2026-07-01,SUP-045,Supplier 045,Mexico,LATAM,PLT-01,Munich Center,Germany,EMEA,Enterprise,UK,1,4796.12,0,0.0,0,0.0,0,0.0,0,0.0,0.0,0.0
2026-07-01,SUP-045,Supplier 045,Mexico,LATAM,PLT-07,Seoul Tech,South Korea,APAC,SMB,France,1,15449.85,0,0.0,0,0.0,0,0.0,0,0.0,0.0,0.0
2026-07-01,SUP-046,Supplier 046,Brazil,LATAM,PLT-04,Chennai Forge,India,APAC,SMB,Japan,1,1963.46,1,1963.46,0,0.0,1,1963.46,0,0.0,100.0,100.0
2026-07-01,SUP-046,Supplier 046,Brazil,LATAM,PLT-05,Monterrey Plant,Mexico,LATAM,Government,Canada,1,10724.74,1,10724.74,1,10724.74,0,0.0,0,0.0,100.0,100.0
2026-07-01,SUP-046,Supplier 046,Brazil,LATAM,PLT-05,Monterrey Plant,Mexico,LATAM,Enterprise,USA,1,10263.06,0,0.0,0,0.0,0,0.0,0,0.0,0.0,0.0
2026-07-01,SUP-046,Supplier 046,Brazil,LATAM,PLT-01,Munich Center,Germany,EMEA,Enterprise,Japan,1,42695.8,1,42695.8,0,0.0,1,42695.8,0,0.0,100.0,100.0
2026-07-01,SUP-046,Supplier 046,Brazil,LATAM,PLT-06,Sao Paulo Ops,Brazil,LATAM,Enterprise,Germany,1,8865.45,1,8865.45,0,0.0,1,8865.45,0,0.0,100.0,100.0
2026-07-01,SUP-046,Supplier 046,Brazil,LATAM,PLT-08,Taipei Micro,Taiwan,APAC,Enterprise,USA,1,23766.21,1,23766.21,1,23766.21,0,0.0,0,0.0,100.0,100.0
2026-07-01,SUP-046,Supplier 046,Brazil,LATAM,PLT-03,Tokyo Precision,Japan,APAC,Enterprise,UK,1,32844.35,1,32844.35,1,32844.35,0,0.0,0,0.0,100.0,100.0
2026-07-01,SUP-046,Supplier 046,Brazil,LATAM,PLT-09,Hanoi Assembly,Vietnam,APAC,SMB,Australia,1,14378.91,1,14378.91,1,14378.91,0,0.0,0,0.0,100.0,100.0
2026-07-01,SUP-046,Supplier 046,Brazil,LATAM,PLT-06,Sao Paulo Ops,Brazil,LATAM,Enterprise,USA,1,29607.57,1,29607.57,1,29607.57,0,0.0,0,0.0,100.0,100.0
2026-07-01,SUP-046,Supplier 046,Brazil,LATAM,PLT-03,Tokyo Precision,Japan,APAC,Enterprise,Japan,1,18169.6,1,18169.6,1,18169.6,1,18169.6,0,0.0,100.0,100.0
2026-07-01,SUP-047,Supplier 047,South Korea,APAC,PLT-08,Taipei Micro,Taiwan,APAC,Government,Singapore,1,1459.8,0,0.0,0,0.0,0,0.0,0,0.0,0.0,0.0
2026-07-01,SUP-047,Supplier 047,South Korea,APAC,PLT-05,Monterrey Plant,Mexico,LATAM,SMB,Japan,1,20618.58,1,20618.58,0,0.0,0,0.0,1,20618.58,100.0,100.0
2026-07-01,SUP-047,Supplier 047,South Korea,APAC,PLT-02,Detroit Works,USA,NA,Enterprise,Canada,1,1617.44,1,1617.44,1,1617.44,0,0.0,0,0.0,100.0,100.0
2026-07-01,SUP-047,Supplier 047,South Korea,APAC,PLT-07,Seoul Tech,South Korea,APAC,SMB,Japan,1,30861.52,1,30861.52,0,0.0,0,0.0,1,30861.52,100.0,100.0
2026-07-01,SUP-047,Supplier 047,South Korea,APAC,PLT-05,Monterrey Plant,Mexico,LATAM,Government,Canada,1,1973.16,0,0.0,0,0.0,0,0.0,0,0.0,0.0,0.0
2026-07-01,SUP-047,Supplier 047,South Korea,APAC,PLT-00,Shanghai Hub,China,APAC,SMB,Japan,1,11777.94,0,0.0,0,0.0,0,0.0,0,0.0,0.0,0.0
2026-07-01,SUP-047,Supplier 047,South Korea,APAC,PLT-01,Munich Center,Germany,EMEA,Enterprise,Germany,1,6488.56,1,6488.56,1,6488.56,1,6488.56,0,0.0,100.0,100.0
2026-07-01,SUP-047,Supplier 047,South Korea,APAC,PLT-09,Hanoi Assembly,Vietnam,APAC,SMB,Australia,1,31237.08,1,31237.08,1,31237.08,0,0.0,0,0.0,100.0,100.0
2026-07-01,SUP-047,Supplier 047,South Korea,APAC,PLT-05,Monterrey Plant,Mexico,LATAM,Government,USA,1,11277.63,1,11277.63,1,11277.63,0,0.0,0,0.0,100.0,100.0
2026-07-01,SUP-047,Supplier 047,South Korea,APAC,PLT-07,Seoul Tech,South Korea,APAC,Government,USA,1,7765.5,0,0.0,0,0.0,0,0.0,0,0.0,0.0,0.0
2026-07-01,SUP-048,Supplier 048,Taiwan,APAC,PLT-07,Seoul Tech,South Korea,APAC,Enterprise,Japan,1,13406.07,1,13406.07,1,13406.07,1,13406.07,0,0.0,100.0,100.0
2026-07-01,SUP-048,Supplier 048,Taiwan,APAC,PLT-01,Munich Center,Germany,EMEA,Government,USA,1,39409.11,1,39409.11,0,0.0,0,0.0,1,39409.11,100.0,100.0
2026-07-01,SUP-048,Supplier 048,Taiwan,APAC,PLT-03,Tokyo Precision,Japan,APAC,Government,Germany,1,4041.4,1,4041.4,1,4041.4,0,0.0,0,0.0,100.0,100.0
2026-07-01,SUP-048,Supplier 048,Taiwan,APAC,PLT-09,Hanoi Assembly,Vietnam,APAC,Government,Singapore,1,1886.97,0,0.0,0,0.0,0,0.0,0,0.0,0.0,0.0
2026-07-01,SUP-048,Supplier 048,Taiwan,APAC,PLT-02,Detroit Works,USA,NA,Enterprise,Australia,1,25627.55,0,0.0,0,0.0,0,0.0,0,0.0,0.0,0.0
2026-07-01,SUP-048,Supplier 048,Taiwan,APAC,PLT-07,Seoul Tech,South Korea,APAC,SMB,Australia,1,459.1,1,459.1,1,459.1,0,0.0,0,0.0,100.0,100.0
2026-07-01,SUP-049,Supplier 049,Vietnam,APAC,PLT-08,Taipei Micro,Taiwan,APAC,Enterprise,Germany,1,13549.8,1,13549.8,1,13549.8,0,0.0,0,0.0,100.0,100.0
2026-07-01,SUP-049,Supplier 049,Vietnam,APAC,PLT-09,Hanoi Assembly,Vietnam,APAC,Enterprise,UK,1,43429.52,1,43429.52,1,43429.52,1,43429.52,0,0.0,100.0,100.0
2026-07-01,SUP-049,Supplier 049,Vietnam,APAC,PLT-04,Chennai Forge,India,APAC,SMB,Japan,2,27909.87,2,27909.87,2,27909.87,1,22059.9,0,0.0,100.0,100.0
2026-07-01,SUP-049,Supplier 049,Vietnam,APAC,PLT-05,Monterrey Plant,Mexico,LATAM,Government,Germany,1,45758.05,1,45758.05,1,45758.05,1,45758.05,0,0.0,100.0,100.0
2026-07-01,SUP-049,Supplier 049,Vietnam,APAC,PLT-04,Chennai Forge,India,APAC,SMB,Germany,1,646.64,1,646.64,1,646.64,0,0.0,0,0.0,100.0,100.0
2026-07-01,SUP-049,Supplier 049,Vietnam,APAC,PLT-09,Hanoi Assembly,Vietnam,APAC,SMB,Canada,1,30211.36,1,30211.36,0,0.0,1,30211.36,0,0.0,100.0,100.0
2026-08-01,SUP-000,Supplier 000,China,APAC,PLT-02,Detroit Works,USA,NA,SMB,Singapore,1,259.71,1,259.71,0,0.0,0,0.0,1,259.71,100.0,100.0
2026-08-01,SUP-000,Supplier 000,China,APAC,PLT-00,Shanghai Hub,China,APAC,Enterprise,France,1,986.1,1,986.1,1,986.1,0,0.0,0,0.0,100.0,100.0
2026-08-01,SUP-000,Supplier 000,China,APAC,PLT-02,Detroit Works,USA,NA,SMB,Canada,1,3889.78,0,0.0,0,0.0,0,0.0,0,0.0,0.0,0.0
2026-08-01,SUP-000,Supplier 000,China,APAC,PLT-06,Sao Paulo Ops,Brazil,LATAM,SMB,France,1,8735.96,1,8735.96,1,8735.96,0,0.0,0,0.0,100.0,100.0
2026-08-01,SUP-000,Supplier 000,China,APAC,PLT-07,Seoul Tech,South Korea,APAC,Enterprise,Germany,1,1265.88,1,1265.88,1,1265.88,0,0.0,0,0.0,100.0,100.0
2026-08-01,SUP-000,Supplier 000,China,APAC,PLT-05,Monterrey Plant,Mexico,LATAM,Government,Germany,1,6675.9,1,6675.9,1,6675.9,0,0.0,0,0.0,100.0,100.0
2026-08-01,SUP-000,Supplier 000,China,APAC,PLT-09,Hanoi Assembly,Vietnam,APAC,SMB,Australia,1,48991.02,1,48991.02,1,48991.02,0,0.0,0,0.0,100.0,100.0
2026-08-01,SUP-001,Supplier 001,Germany,EMEA,PLT-09,Hanoi Assembly,Vietnam,APAC,SMB,Australia,1,56238.28,1,56238.28,1,56238.28,0,0.0,0,0.0,100.0,100.0
2026-08-01,SUP-001,Supplier 001,Germany,EMEA,PLT-00,Shanghai Hub,China,APAC,Enterprise,Germany,1,37564.8,1,37564.8,1,37564.8,0,0.0,0,0.0,100.0,100.0
2026-08-01,SUP-001,Supplier 001,Germany,EMEA,PLT-04,Chennai Forge,India,APAC,SMB,Canada,1,4455.34,1,4455.34,1,4455.34,1,4455.34,0,0.0,100.0,100.0
2026-08-01,SUP-001,Supplier 001,Germany,EMEA,PLT-01,Munich Center,Germany,EMEA,Enterprise,USA,1,13147.68,0,0.0,0,0.0,0,0.0,0,0.0,0.0,0.0
2026-08-01,SUP-001,Supplier 001,Germany,EMEA,PLT-08,Taipei Micro,Taiwan,APAC,SMB,USA,1,5071.04,0,0.0,0,0.0,0,0.0,0,0.0,0.0,0.0
2026-08-01,SUP-001,Supplier 001,Germany,EMEA,PLT-01,Munich Center,Germany,EMEA,SMB,Australia,1,26168.27,1,26168.27,1,26168.27,0,0.0,0,0.0,100.0,100.0
2026-08-01,SUP-001,Supplier 001,Germany,EMEA,PLT-07,Seoul Tech,South Korea,APAC,Government,Canada,1,9069.36,1,9069.36,1,9069.36,0,0.0,0,0.0,100.0,100.0
2026-08-01,SUP-001,Supplier 001,Germany,EMEA,PLT-04,Chennai Forge,India,APAC,SMB,Singapore,1,39920.04,0,0.0,0,0.0,0,0.0,0,0.0,0.0,0.0
2026-08-01,SUP-001,Supplier 001,Germany,EMEA,PLT-02,Detroit Works,USA,NA,SMB,France,1,17497.24,0,0.0,0,0.0,0,0.0,0,0.0,0.0,0.0
2026-08-01,SUP-001,Supplier 001,Germany,EMEA,PLT-01,Munich Center,Germany,EMEA,SMB,Singapore,1,2406.13,1,2406.13,1,2406.13,0,0.0,0,0.0,100.0,100.0
2026-08-01,SUP-001,Supplier 001,Germany,EMEA,PLT-04,Chennai Forge,India,APAC,SMB,Australia,1,40781.7,1,40781.7,1,40781.7,0,0.0,0,0.0,100.0,100.0
2026-08-01,SUP-001,Supplier 001,Germany,EMEA,PLT-00,Shanghai Hub,China,APAC,Government,USA,1,3517.85,1,3517.85,1,3517.85,1,3517.85,0,0.0,100.0,100.0
2026-08-01,SUP-001,Supplier 001,Germany,EMEA,PLT-05,Monterrey Plant,Mexico,LATAM,SMB,Australia,1,49056.0,1,49056.0,1,49056.0,0,0.0,0,0.0,100.0,100.0
2026-08-01,SUP-002,Supplier 002,USA,NA,PLT-08,Taipei Micro,Taiwan,APAC,SMB,USA,1,31575.7,1,31575.7,0,0.0,1,31575.7,0,0.0,100.0,100.0
2026-08-01,SUP-002,Supplier 002,USA,NA,PLT-05,Monterrey Plant,Mexico,LATAM,SMB,Australia,1,1144.1,1,1144.1,0,0.0,1,1144.1,0,0.0,100.0,100.0
2026-08-01,SUP-002,Supplier 002,USA,NA,PLT-03,Tokyo Precision,Japan,APAC,Enterprise,Canada,1,1165.08,1,1165.08,0,0.0,0,0.0,1,1165.08,100.0,100.0
2026-08-01,SUP-002,Supplier 002,USA,NA,PLT-04,Chennai Forge,India,APAC,Government,Germany,1,10103.28,1,10103.28,1,10103.28,0,0.0,0,0.0,100.0,100.0
2026-08-01,SUP-002,Supplier 002,USA,NA,PLT-03,Tokyo Precision,Japan,APAC,Enterprise,Singapore,1,35246.53,1,35246.53,1,35246.53,0,0.0,0,0.0,100.0,100.0
2026-08-01,SUP-002,Supplier 002,USA,NA,PLT-09,Hanoi Assembly,Vietnam,APAC,SMB,Australia,1,96923.0,1,96923.0,1,96923.0,0,0.0,0,0.0,100.0,100.0
2026-08-01,SUP-002,Supplier 002,USA,NA,PLT-09,Hanoi Assembly,Vietnam,APAC,Enterprise,USA,1,15162.84,1,15162.84,1,15162.84,1,15162.84,0,0.0,100.0,100.0
2026-08-01,SUP-002,Supplier 002,USA,NA,PLT-01,Munich Center,Germany,EMEA,SMB,UK,1,25630.26,1,25630.26,1,25630.26,0,0.0,0,0.0,100.0,100.0
2026-08-01,SUP-002,Supplier 002,USA,NA,PLT-02,Detroit Works,USA,NA,SMB,Australia,1,3853.4,1,3853.4,0,0.0,0,0.0,1,3853.4,100.0,100.0
2026-08-01,SUP-003,Supplier 003,Japan,APAC,PLT-08,Taipei Micro,Taiwan,APAC,Government,Germany,1,50941.4,1,50941.4,1,50941.4,0,0.0,0,0.0,100.0,100.0
2026-08-01,SUP-003,Supplier 003,Japan,APAC,PLT-08,Taipei Micro,Taiwan,APAC,SMB,Germany,1,46.41,1,46.41,1,46.41,0,0.0,0,0.0,100.0,100.0
2026-08-01,SUP-003,Supplier 003,Japan,APAC,PLT-05,Monterrey Plant,Mexico,LATAM,Government,Germany,1,23758.02,1,23758.02,1,23758.02,0,0.0,0,0.0,100.0,100.0
2026-08-01,SUP-003,Supplier 003,Japan,APAC,PLT-08,Taipei Micro,Taiwan,APAC,SMB,UK,1,8764.84,1,8764.84,1,8764.84,1,8764.84,0,0.0,100.0,100.0
2026-08-01,SUP-003,Supplier 003,Japan,APAC,PLT-07,Seoul Tech,South Korea,APAC,SMB,Canada,1,2187.9,1,2187.9,1,2187.9,1,2187.9,0,0.0,100.0,100.0
2026-08-01,SUP-003,Supplier 003,Japan,APAC,PLT-06,Sao Paulo Ops,Brazil,LATAM,SMB,France,1,17035.42,1,17035.42,1,17035.42,0,0.0,0,0.0,100.0,100.0
2026-08-01,SUP-003,Supplier 003,Japan,APAC,PLT-05,Monterrey Plant,Mexico,LATAM,SMB,UK,1,33783.02,1,33783.02,1,33783.02,1,33783.02,0,0.0,100.0,100.0
2026-08-01,SUP-004,Supplier 004,India,APAC,PLT-04,Chennai Forge,India,APAC,Enterprise,Australia,1,49287.65,1,49287.65,1,49287.65,0,0.0,0,0.0,100.0,100.0
2026-08-01,SUP-004,Supplier 004,India,APAC,PLT-07,Seoul Tech,South Korea,APAC,Enterprise,France,1,19094.93,1,19094.93,1,19094.93,0,0.0,0,0.0,100.0,100.0
2026-08-01,SUP-004,Supplier 004,India,APAC,PLT-05,Monterrey Plant,Mexico,LATAM,Government,Singapore,1,1352.75,1,1352.75,0,0.0,0,0.0,1,1352.75,100.0,100.0
2026-08-01,SUP-004,Supplier 004,India,APAC,PLT-09,Hanoi Assembly,Vietnam,APAC,SMB,Singapore,1,1079.43,1,1079.43,1,1079.43,1,1079.43,0,0.0,100.0,100.0
2026-08-01,SUP-004,Supplier 004,India,APAC,PLT-08,Taipei Micro,Taiwan,APAC,SMB,France,1,12672.1,1,12672.1,1,12672.1,0,0.0,0,0.0,100.0,100.0
2026-08-01,SUP-004,Supplier 004,India,APAC,PLT-04,Chennai Forge,India,APAC,Enterprise,Canada,1,4264.11,1,4264.11,1,4264.11,1,4264.11,0,0.0,100.0,100.0
2026-08-01,SUP-004,Supplier 004,India,APAC,PLT-08,Taipei Micro,Taiwan,APAC,SMB,Singapore,1,8598.26,1,8598.26,1,8598.26,0,0.0,0,0.0,100.0,100.0
2026-08-01,SUP-004,Supplier 004,India,APAC,PLT-06,Sao Paulo Ops,Brazil,LATAM,SMB,Germany,1,16392.48,1,16392.48,1,16392.48,0,0.0,0,0.0,100.0,100.0
2026-08-01,SUP-004,Supplier 004,India,APAC,PLT-03,Tokyo Precision,Japan,APAC,Government,USA,1,10359.84,0,0.0,0,0.0,0,0.0,0,0.0,0.0,0.0
2026-08-01,SUP-004,Supplier 004,India,APAC,PLT-04,Chennai Forge,India,APAC,Government,Japan,1,25854.5,1,25854.5,1,25854.5,1,25854.5,0,0.0,100.0,100.0
2026-08-01,SUP-005,Supplier 005,Mexico,LATAM,PLT-08,Taipei Micro,Taiwan,APAC,Enterprise,USA,1,2484.92,1,2484.92,1,2484.92,0,0.0,0,0.0,100.0,100.0
2026-08-01,SUP-005,Supplier 005,Mexico,LATAM,PLT-02,Detroit Works,USA,NA,SMB,UK,1,31318.3,1,31318.3,0,0.0,0,0.0,1,31318.3,100.0,100.0
2026-08-01,SUP-005,Supplier 005,Mexico,LATAM,PLT-03,Tokyo Precision,Japan,APAC,SMB,USA,1,38968.32,1,38968.32,1,38968.32,0,0.0,0,0.0,100.0,100.0
2026-08-01,SUP-005,Supplier 005,Mexico,LATAM,PLT-07,Seoul Tech,South Korea,APAC,Enterprise,France,1,30591.08,0,0.0,0,0.0,0,0.0,0,0.0,0.0,0.0
2026-08-01,SUP-005,Supplier 005,Mexico,LATAM,PLT-06,Sao Paulo Ops,Brazil,LATAM,SMB,Singapore,1,47098.53,1,47098.53,1,47098.53,0,0.0,0,0.0,100.0,100.0
2026-08-01,SUP-005,Supplier 005,Mexico,LATAM,PLT-00,Shanghai Hub,China,APAC,Enterprise,USA,1,42626.55,1,42626.55,1,42626.55,0,0.0,0,0.0,100.0,100.0
2026-08-01,SUP-005,Supplier 005,Mexico,LATAM,PLT-06,Sao Paulo Ops,Brazil,LATAM,SMB,Canada,1,50793.2,1,50793.2,0,0.0,0,0.0,1,50793.2,100.0,100.0
2026-08-01,SUP-005,Supplier 005,Mexico,LATAM,PLT-02,Detroit Works,USA,NA,SMB,Australia,1,29923.23,1,29923.23,1,29923.23,1,29923.23,0,0.0,100.0,100.0
2026-08-01,SUP-005,Supplier 005,Mexico,LATAM,PLT-09,Hanoi Assembly,Vietnam,APAC,Enterprise,UK,1,12802.68,1,12802.68,1,12802.68,0,0.0,0,0.0,100.0,100.0
2026-08-01,SUP-005,Supplier 005,Mexico,LATAM,PLT-01,Munich Center,Germany,EMEA,SMB,Japan,1,37908.0,1,37908.0,0,0.0,1,37908.0,0,0.0,100.0,100.0
2026-08-01,SUP-005,Supplier 005,Mexico,LATAM,PLT-08,Taipei Micro,Taiwan,APAC,SMB,Singapore,1,49373.28,1,49373.28,1,49373.28,0,0.0,0,0.0,100.0,100.0
2026-08-01,SUP-006,Supplier 006,Brazil,LATAM,PLT-04,Chennai Forge,India,APAC,Enterprise,Japan,1,8500.22,1,8500.22,1,8500.22,0,0.0,0,0.0,100.0,100.0
2026-08-01,SUP-006,Supplier 006,Brazil,LATAM,PLT-03,Tokyo Precision,Japan,APAC,SMB,Germany,1,36155.77,1,36155.77,0,0.0,0,0.0,1,36155.77,100.0,100.0
2026-08-01,SUP-006,Supplier 006,Brazil,LATAM,PLT-01,Munich Center,Germany,EMEA,SMB,UK,1,10315.36,1,10315.36,1,10315.36,1,10315.36,0,0.0,100.0,100.0
2026-08-01,SUP-006,Supplier 006,Brazil,LATAM,PLT-04,Chennai Forge,India,APAC,Enterprise,Canada,1,35441.01,1,35441.01,1,35441.01,0,0.0,0,0.0,100.0,100.0
2026-08-01,SUP-007,Supplier 007,South Korea,APAC,PLT-00,Shanghai Hub,China,APAC,Government,UK,1,36787.8,1,36787.8,0,0.0,0,0.0,1,36787.8,100.0,100.0
2026-08-01,SUP-007,Supplier 007,South Korea,APAC,PLT-01,Munich Center,Germany,EMEA,SMB,Australia,1,11850.57,1,11850.57,1,11850.57,0,0.0,0,0.0,100.0,100.0
2026-08-01,SUP-007,Supplier 007,South Korea,APAC,PLT-09,Hanoi Assembly,Vietnam,APAC,SMB,Canada,1,61416.67,1,61416.67,1,61416.67,0,0.0,0,0.0,100.0,100.0
2026-08-01,SUP-007,Supplier 007,South Korea,APAC,PLT-00,Shanghai Hub,China,APAC,Enterprise,Japan,1,12121.2,1,12121.2,0,0.0,0,0.0,1,12121.2,100.0,100.0
2026-08-01,SUP-007,Supplier 007,South Korea,APAC,PLT-09,Hanoi Assembly,Vietnam,APAC,Government,Canada,1,15453.9,1,15453.9,1,15453.9,0,0.0,0,0.0,100.0,100.0
2026-08-01,SUP-007,Supplier 007,South Korea,APAC,PLT-01,Munich Center,Germany,EMEA,Enterprise,Germany,1,5566.95,1,5566.95,1,5566.95,1,5566.95,0,0.0,100.0,100.0
2026-08-01,SUP-007,Supplier 007,South Korea,APAC,PLT-08,Taipei Micro,Taiwan,APAC,Enterprise,Germany,1,30104.31,1,30104.31,0,0.0,0,0.0,1,30104.31,100.0,100.0
2026-08-01,SUP-007,Supplier 007,South Korea,APAC,PLT-01,Munich Center,Germany,EMEA,SMB,UK,1,940.42,1,940.42,1,940.42,0,0.0,0,0.0,100.0,100.0
2026-08-01,SUP-007,Supplier 007,South Korea,APAC,PLT-00,Shanghai Hub,China,APAC,Enterprise,Germany,1,26553.96,1,26553.96,1,26553.96,1,26553.96,0,0.0,100.0,100.0
2026-08-01,SUP-008,Supplier 008,Taiwan,APAC,PLT-05,Monterrey Plant,Mexico,LATAM,SMB,Canada,1,6972.03,1,6972.03,1,6972.03,0,0.0,0,0.0,100.0,100.0
2026-08-01,SUP-008,Supplier 008,Taiwan,APAC,PLT-03,Tokyo Precision,Japan,APAC,SMB,Canada,1,56041.72,1,56041.72,1,56041.72,0,0.0,0,0.0,100.0,100.0
2026-08-01,SUP-008,Supplier 008,Taiwan,APAC,PLT-04,Chennai Forge,India,APAC,Government,Canada,1,28802.28,0,0.0,0,0.0,0,0.0,0,0.0,0.0,0.0
2026-08-01,SUP-008,Supplier 008,Taiwan,APAC,PLT-09,Hanoi Assembly,Vietnam,APAC,Government,Singapore,1,31152.42,1,31152.42,1,31152.42,0,0.0,0,0.0,100.0,100.0
2026-08-01,SUP-009,Supplier 009,Vietnam,APAC,PLT-06,Sao Paulo Ops,Brazil,LATAM,SMB,France,1,2330.64,1,2330.64,0,0.0,0,0.0,1,2330.64,100.0,100.0
2026-08-01,SUP-009,Supplier 009,Vietnam,APAC,PLT-05,Monterrey Plant,Mexico,LATAM,SMB,UK,1,19556.48,1,19556.48,1,19556.48,0,0.0,0,0.0,100.0,100.0
2026-08-01,SUP-009,Supplier 009,Vietnam,APAC,PLT-05,Monterrey Plant,Mexico,LATAM,Enterprise,Germany,1,8120.58,1,8120.58,1,8120.58,0,0.0,0,0.0,100.0,100.0
2026-08-01,SUP-009,Supplier 009,Vietnam,APAC,PLT-00,Shanghai Hub,China,APAC,SMB,France,1,37972.35,1,37972.35,0,0.0,0,0.0,1,37972.35,100.0,100.0
2026-08-01,SUP-009,Supplier 009,Vietnam,APAC,PLT-08,Taipei Micro,Taiwan,APAC,SMB,France,1,5194.03,1,5194.03,1,5194.03,0,0.0,0,0.0,100.0,100.0
2026-08-01,SUP-009,Supplier 009,Vietnam,APAC,PLT-08,Taipei Micro,Taiwan,APAC,SMB,UK,1,16616.31,1,16616.31,1,16616.31,1,16616.31,0,0.0,100.0,100.0
2026-08-01,SUP-009,Supplier 009,Vietnam,APAC,PLT-01,Munich Center,Germany,EMEA,SMB,Germany,1,2797.52,1,2797.52,0,0.0,0,0.0,1,2797.52,100.0,100.0
2026-08-01,SUP-010,Supplier 010,China,APAC,PLT-02,Detroit Works,USA,NA,Enterprise,France,1,52396.68,1,52396.68,1,52396.68,1,52396.68,0,0.0,100.0,100.0
2026-08-01,SUP-010,Supplier 010,China,APAC,PLT-06,Sao Paulo Ops,Brazil,LATAM,Enterprise,Germany,1,5244.84,1,5244.84,1,5244.84,1,5244.84,0,0.0,100.0,100.0
2026-08-01,SUP-010,Supplier 010,China,APAC,PLT-09,Hanoi Assembly,Vietnam,APAC,SMB,Singapore,1,40235.34,1,40235.34,1,40235.34,1,40235.34,0,0.0,100.0,100.0
2026-08-01,SUP-010,Supplier 010,China,APAC,PLT-09,Hanoi Assembly,Vietnam,APAC,SMB,Japan,1,22948.69,1,22948.69,1,22948.69,0,0.0,0,0.0,100.0,100.0
2026-08-01,SUP-010,Supplier 010,China,APAC,PLT-09,Hanoi Assembly,Vietnam,APAC,Enterprise,Japan,1,46785.6,1,46785.6,1,46785.6,0,0.0,0,0.0,100.0,100.0
2026-08-01,SUP-010,Supplier 010,China,APAC,PLT-01,Munich Center,Germany,EMEA,Enterprise,Australia,1,18089.43,0,0.0,0,0.0,0,0.0,0,0.0,0.0,0.0
2026-08-01,SUP-010,Supplier 010,China,APAC,PLT-07,Seoul Tech,South Korea,APAC,Enterprise,Canada,1,7225.35,1,7225.35,1,7225.35,0,0.0,0,0.0,100.0,100.0
2026-08-01,SUP-010,Supplier 010,China,APAC,PLT-08,Taipei Micro,Taiwan,APAC,SMB,UK,1,9045.9,1,9045.9,1,9045.9,0,0.0,0,0.0,100.0,100.0
2026-08-01,SUP-010,Supplier 010,China,APAC,PLT-02,Detroit Works,USA,NA,SMB,France,1,11907.36,1,11907.36,1,11907.36,0,0.0,0,0.0,100.0,100.0
2026-08-01,SUP-010,Supplier 010,China,APAC,PLT-00,Shanghai Hub,China,APAC,SMB,Japan,1,8403.36,0,0.0,0,0.0,0,0.0,0,0.0,0.0,0.0
2026-08-01,SUP-010,Supplier 010,China,APAC,PLT-07,Seoul Tech,South Korea,APAC,Enterprise,Germany,1,4416.36,1,4416.36,1,4416.36,0,0.0,0,0.0,100.0,100.0
2026-08-01,SUP-011,Supplier 011,Germany,EMEA,PLT-00,Shanghai Hub,China,APAC,SMB,Singapore,1,22608.81,1,22608.81,1,22608.81,1,22608.81,0,0.0,100.0,100.0
2026-08-01,SUP-011,Supplier 011,Germany,EMEA,PLT-09,Hanoi Assembly,Vietnam,APAC,Government,UK,1,871.66,1,871.66,0,0.0,1,871.66,0,0.0,100.0,100.0
2026-08-01,SUP-011,Supplier 011,Germany,EMEA,PLT-07,Seoul Tech,South Korea,APAC,Enterprise,Germany,1,50398.57,1,50398.57,0,0.0,0,0.0,1,50398.57,100.0,100.0
2026-08-01,SUP-011,Supplier 011,Germany,EMEA,PLT-02,Detroit Works,USA,NA,Enterprise,Germany,1,3132.72,1,3132.72,1,3132.72,0,0.0,0,0.0,100.0,100.0
2026-08-01,SUP-011,Supplier 011,Germany,EMEA,PLT-06,Sao Paulo Ops,Brazil,LATAM,Enterprise,USA,1,13455.04,1,13455.04,1,13455.04,0,0.0,0,0.0,100.0,100.0
2026-08-01,SUP-011,Supplier 011,Germany,EMEA,PLT-01,Munich Center,Germany,EMEA,Government,Japan,1,11330.84,1,11330.84,1,11330.84,0,0.0,0,0.0,100.0,100.0
2026-08-01,SUP-012,Supplier 012,USA,NA,PLT-05,Monterrey Plant,Mexico,LATAM,Enterprise,Japan,1,305.41,0,0.0,0,0.0,0,0.0,0,0.0,0.0,0.0
2026-08-01,SUP-012,Supplier 012,USA,NA,PLT-02,Detroit Works,USA,NA,Government,Australia,1,36930.12,1,36930.12,1,36930.12,0,0.0,0,0.0,100.0,100.0
2026-08-01,SUP-012,Supplier 012,USA,NA,PLT-01,Munich Center,Germany,EMEA,SMB,Japan,1,23672.67,1,23672.67,1,23672.67,0,0.0,0,0.0,100.0,100.0
2026-08-01,SUP-012,Supplier 012,USA,NA,PLT-08,Taipei Micro,Taiwan,APAC,SMB,Australia,1,7963.56,1,7963.56,1,7963.56,0,0.0,0,0.0,100.0,100.0
2026-08-01,SUP-012,Supplier 012,USA,NA,PLT-09,Hanoi Assembly,Vietnam,APAC,SMB,Singapore,1,34981.06,1,34981.06,1,34981.06,1,34981.06,0,0.0,100.0,100.0
2026-08-01,SUP-012,Supplier 012,USA,NA,PLT-06,Sao Paulo Ops,Brazil,LATAM,Enterprise,Singapore,1,499.45,1,499.45,1,499.45,0,0.0,0,0.0,100.0,100.0
2026-08-01,SUP-013,Supplier 013,Japan,APAC,PLT-00,Shanghai Hub,China,APAC,Government,Germany,1,8256.36,1,8256.36,1,8256.36,0,0.0,0,0.0,100.0,100.0
2026-08-01,SUP-013,Supplier 013,Japan,APAC,PLT-02,Detroit Works,USA,NA,Government,Germany,1,5231.35,1,5231.35,0,0.0,1,5231.35,0,0.0,100.0,100.0
2026-08-01,SUP-013,Supplier 013,Japan,APAC,PLT-09,Hanoi Assembly,Vietnam,APAC,Government,USA,1,32559.16,1,32559.16,1,32559.16,0,0.0,0,0.0,100.0,100.0
2026-08-01,SUP-013,Supplier 013,Japan,APAC,PLT-07,Seoul Tech,South Korea,APAC,SMB,USA,1,48053.2,1,48053.2,1,48053.2,0,0.0,0,0.0,100.0,100.0
2026-08-01,SUP-013,Supplier 013,Japan,APAC,PLT-01,Munich Center,Germany,EMEA,Enterprise,France,1,48001.68,1,48001.68,0,0.0,1,48001.68,0,0.0,100.0,100.0
2026-08-01,SUP-013,Supplier 013,Japan,APAC,PLT-09,Hanoi Assembly,Vietnam,APAC,Enterprise,Japan,1,35049.96,1,35049.96,1,35049.96,0,0.0,0,0.0,100.0,100.0
2026-08-01,SUP-013,Supplier 013,Japan,APAC,PLT-09,Hanoi Assembly,Vietnam,APAC,SMB,UK,1,13967.25,1,13967.25,1,13967.25,0,0.0,0,0.0,100.0,100.0
2026-08-01,SUP-014,Supplier 014,India,APAC,PLT-00,Shanghai Hub,China,APAC,Enterprise,USA,1,36539.17,1,36539.17,1,36539.17,0,0.0,0,0.0,100.0,100.0
2026-08-01,SUP-014,Supplier 014,India,APAC,PLT-08,Taipei Micro,Taiwan,APAC,SMB,Japan,1,48643.2,1,48643.2,1,48643.2,0,0.0,0,0.0,100.0,100.0
2026-08-01,SUP-014,Supplier 014,India,APAC,PLT-08,Taipei Micro,Taiwan,APAC,SMB,UK,1,45637.2,1,45637.2,1,45637.2,0,0.0,0,0.0,100.0,100.0
2026-08-01,SUP-014,Supplier 014,India,APAC,PLT-05,Monterrey Plant,Mexico,LATAM,SMB,USA,1,34671.2,0,0.0,0,0.0,0,0.0,0,0.0,0.0,0.0
2026-08-01,SUP-014,Supplier 014,India,APAC,PLT-08,Taipei Micro,Taiwan,APAC,Government,USA,1,27322.15,1,27322.15,0,0.0,0,0.0,1,27322.15,100.0,100.0
2026-08-01,SUP-014,Supplier 014,India,APAC,PLT-02,Detroit Works,USA,NA,SMB,Singapore,1,31659.21,1,31659.21,0,0.0,1,31659.21,0,0.0,100.0,100.0
2026-08-01,SUP-014,Supplier 014,India,APAC,PLT-04,Chennai Forge,India,APAC,Enterprise,Japan,2,73694.1,1,29499.6,1,29499.6,0,0.0,0,0.0,50.0,40.03
2026-08-01,SUP-015,Supplier 015,Mexico,LATAM,PLT-00,Shanghai Hub,China,APAC,Enterprise,Germany,1,44601.6,1,44601.6,1,44601.6,0,0.0,0,0.0,100.0,100.0
2026-08-01,SUP-015,Supplier 015,Mexico,LATAM,PLT-00,Shanghai Hub,China,APAC,Enterprise,UK,1,7499.84,1,7499.84,1,7499.84,0,0.0,0,0.0,100.0,100.0
2026-08-01,SUP-015,Supplier 015,Mexico,LATAM,PLT-02,Detroit Works,USA,NA,Enterprise,Japan,1,34374.0,0,0.0,0,0.0,0,0.0,0,0.0,0.0,0.0
2026-08-01,SUP-015,Supplier 015,Mexico,LATAM,PLT-03,Tokyo Precision,Japan,APAC,Government,Japan,1,9793.24,1,9793.24,1,9793.24,0,0.0,0,0.0,100.0,100.0
2026-08-01,SUP-015,Supplier 015,Mexico,LATAM,PLT-03,Tokyo Precision,Japan,APAC,SMB,UK,1,24762.0,1,24762.0,1,24762.0,1,24762.0,0,0.0,100.0,100.0
2026-08-01,SUP-015,Supplier 015,Mexico,LATAM,PLT-02,Detroit Works,USA,NA,SMB,Canada,1,8441.28,0,0.0,0,0.0,0,0.0,0,0.0,0.0,0.0
2026-08-01,SUP-015,Supplier 015,Mexico,LATAM,PLT-02,Detroit Works,USA,NA,SMB,Singapore,1,24265.23,1,24265.23,0,0.0,1,24265.23,0,0.0,100.0,100.0
2026-08-01,SUP-015,Supplier 015,Mexico,LATAM,PLT-07,Seoul Tech,South Korea,APAC,Enterprise,UK,1,43063.02,1,43063.02,0,0.0,1,43063.02,0,0.0,100.0,100.0
2026-08-01,SUP-015,Supplier 015,Mexico,LATAM,PLT-00,Shanghai Hub,China,APAC,Enterprise,Japan,1,23683.5,1,23683.5,1,23683.5,0,0.0,0,0.0,100.0,100.0
2026-08-01,SUP-015,Supplier 015,Mexico,LATAM,PLT-01,Munich Center,Germany,EMEA,Enterprise,Australia,1,10596.31,1,10596.31,1,10596.31,0,0.0,0,0.0,100.0,100.0
2026-08-01,SUP-015,Supplier 015,Mexico,LATAM,PLT-06,Sao Paulo Ops,Brazil,LATAM,Enterprise,UK,1,1961.68,1,1961.68,1,1961.68,0,0.0,0,0.0,100.0,100.0
2026-08-01,SUP-015,Supplier 015,Mexico,LATAM,PLT-01,Munich Center,Germany,EMEA,Enterprise,Singapore,1,7256.15,0,0.0,0,0.0,0,0.0,0,0.0,0.0,0.0
2026-08-01,SUP-016,Supplier 016,Brazil,LATAM,PLT-02,Detroit Works,USA,NA,Enterprise,Japan,1,16053.48,1,16053.48,0,0.0,1,16053.48,0,0.0,100.0,100.0
2026-08-01,SUP-016,Supplier 016,Brazil,LATAM,PLT-02,Detroit Works,USA,NA,Government,Germany,1,28724.6,0,0.0,0,0.0,0,0.0,0,0.0,0.0,0.0
2026-08-01,SUP-016,Supplier 016,Brazil,LATAM,PLT-06,Sao Paulo Ops,Brazil,LATAM,SMB,Germany,1,8721.52,1,8721.52,1,8721.52,0,0.0,0,0.0,100.0,100.0
2026-08-01,SUP-016,Supplier 016,Brazil,LATAM,PLT-05,Monterrey Plant,Mexico,LATAM,SMB,UK,1,31815.9,1,31815.9,1,31815.9,0,0.0,0,0.0,100.0,100.0
2026-08-01,SUP-016,Supplier 016,Brazil,LATAM,PLT-04,Chennai Forge,India,APAC,SMB,Singapore,1,13575.83,1,13575.83,1,13575.83,0,0.0,0,0.0,100.0,100.0
2026-08-01,SUP-016,Supplier 016,Brazil,LATAM,PLT-07,Seoul Tech,South Korea,APAC,Government,Singapore,1,378.56,1,378.56,1,378.56,1,378.56,0,0.0,100.0,100.0
2026-08-01,SUP-016,Supplier 016,Brazil,LATAM,PLT-09,Hanoi Assembly,Vietnam,APAC,Government,USA,1,86502.66,1,86502.66,1,86502.66,0,0.0,0,0.0,100.0,100.0
2026-08-01,SUP-016,Supplier 016,Brazil,LATAM,PLT-06,Sao Paulo Ops,Brazil,LATAM,SMB,Australia,1,9170.4,1,9170.4,1,9170.4,0,0.0,0,0.0,100.0,100.0
2026-08-01,SUP-016,Supplier 016,Brazil,LATAM,PLT-04,Chennai Forge,India,APAC,Enterprise,USA,1,21620.82,1,21620.82,1,21620.82,0,0.0,0,0.0,100.0,100.0
2026-08-01,SUP-016,Supplier 016,Brazil,LATAM,PLT-08,Taipei Micro,Taiwan,APAC,SMB,Australia,1,119.9,0,0.0,0,0.0,0,0.0,0,0.0,0.0,0.0
2026-08-01,SUP-016,Supplier 016,Brazil,LATAM,PLT-02,Detroit Works,USA,NA,SMB,Japan,1,7648.75,1,7648.75,1,7648.75,0,0.0,0,0.0,100.0,100.0
2026-08-01,SUP-017,Supplier 017,South Korea,APAC,PLT-01,Munich Center,Germany,EMEA,SMB,Canada,1,15543.14,1,15543.14,1,15543.14,0,0.0,0,0.0,100.0,100.0
2026-08-01,SUP-017,Supplier 017,South Korea,APAC,PLT-07,Seoul Tech,South Korea,APAC,Enterprise,USA,1,54384.84,1,54384.84,1,54384.84,0,0.0,0,0.0,100.0,100.0
2026-08-01,SUP-017,Supplier 017,South Korea,APAC,PLT-09,Hanoi Assembly,Vietnam,APAC,Government,Australia,1,9895.6,1,9895.6,1,9895.6,0,0.0,0,0.0,100.0,100.0
2026-08-01,SUP-017,Supplier 017,South Korea,APAC,PLT-02,Detroit Works,USA,NA,SMB,Australia,1,1839.74,1,1839.74,0,0.0,0,0.0,1,1839.74,100.0,100.0
2026-08-01,SUP-017,Supplier 017,South Korea,APAC,PLT-08,Taipei Micro,Taiwan,APAC,Government,France,1,15157.66,1,15157.66,1,15157.66,0,0.0,0,0.0,100.0,100.0
2026-08-01,SUP-017,Supplier 017,South Korea,APAC,PLT-06,Sao Paulo Ops,Brazil,LATAM,SMB,Germany,1,138.93,1,138.93,1,138.93,1,138.93,0,0.0,100.0,100.0
2026-08-01,SUP-017,Supplier 017,South Korea,APAC,PLT-02,Detroit Works,USA,NA,Government,Australia,1,59356.0,1,59356.0,1,59356.0,0,0.0,0,0.0,100.0,100.0
2026-08-01,SUP-017,Supplier 017,South Korea,APAC,PLT-08,Taipei Micro,Taiwan,APAC,SMB,Singapore,1,1398.75,1,1398.75,1,1398.75,1,1398.75,0,0.0,100.0,100.0
2026-08-01,SUP-018,Supplier 018,Taiwan,APAC,PLT-02,Detroit Works,USA,NA,Government,USA,1,24027.75,0,0.0,0,0.0,0,0.0,0,0.0,0.0,0.0
2026-08-01,SUP-018,Supplier 018,Taiwan,APAC,PLT-02,Detroit Works,USA,NA,SMB,UK,1,20146.86,1,20146.86,0,0.0,1,20146.86,0,0.0,100.0,100.0
2026-08-01,SUP-018,Supplier 018,Taiwan,APAC,PLT-01,Munich Center,Germany,EMEA,SMB,Australia,1,2961.7,1,2961.7,1,2961.7,0,0.0,0,0.0,100.0,100.0
2026-08-01,SUP-018,Supplier 018,Taiwan,APAC,PLT-08,Taipei Micro,Taiwan,APAC,SMB,Canada,1,1140.57,1,1140.57,1,1140.57,0,0.0,0,0.0,100.0,100.0
2026-08-01,SUP-018,Supplier 018,Taiwan,APAC,PLT-07,Seoul Tech,South Korea,APAC,Enterprise,USA,1,8218.8,1,8218.8,0,0.0,0,0.0,1,8218.8,100.0,100.0
2026-08-01,SUP-018,Supplier 018,Taiwan,APAC,PLT-03,Tokyo Precision,Japan,APAC,Government,USA,1,2015.16,1,2015.16,1,2015.16,1,2015.16,0,0.0,100.0,100.0
2026-08-01,SUP-019,Supplier 019,Vietnam,APAC,PLT-08,Taipei Micro,Taiwan,APAC,Enterprise,USA,1,37348.85,1,37348.85,1,37348.85,0,0.0,0,0.0,100.0,100.0
2026-08-01,SUP-019,Supplier 019,Vietnam,APAC,PLT-08,Taipei Micro,Taiwan,APAC,SMB,Canada,1,9979.03,1,9979.03,1,9979.03,0,0.0,0,0.0,100.0,100.0
2026-08-01,SUP-019,Supplier 019,Vietnam,APAC,PLT-02,Detroit Works,USA,NA,SMB,Singapore,1,20684.93,0,0.0,0,0.0,0,0.0,0,0.0,0.0,0.0
2026-08-01,SUP-019,Supplier 019,Vietnam,APAC,PLT-01,Munich Center,Germany,EMEA,Enterprise,Germany,2,23338.84,2,23338.84,1,19969.95,1,19969.95,1,3368.89,100.0,100.0
2026-08-01,SUP-019,Supplier 019,Vietnam,APAC,PLT-01,Munich Center,Germany,EMEA,Enterprise,France,1,33266.42,0,0.0,0,0.0,0,0.0,0,0.0,0.0,0.0
2026-08-01,SUP-019,Supplier 019,Vietnam,APAC,PLT-05,Monterrey Plant,Mexico,LATAM,Enterprise,Germany,1,667.5,1,667.5,1,667.5,0,0.0,0,0.0,100.0,100.0
2026-08-01,SUP-019,Supplier 019,Vietnam,APAC,PLT-08,Taipei Micro,Taiwan,APAC,Enterprise,France,1,11007.87,1,11007.87,1,11007.87,0,0.0,0,0.0,100.0,100.0
2026-08-01,SUP-019,Supplier 019,Vietnam,APAC,PLT-05,Monterrey Plant,Mexico,LATAM,SMB,UK,1,67814.52,1,67814.52,1,67814.52,0,0.0,0,0.0,100.0,100.0
2026-08-01,SUP-019,Supplier 019,Vietnam,APAC,PLT-01,Munich Center,Germany,EMEA,SMB,UK,1,21009.2,0,0.0,0,0.0,0,0.0,0,0.0,0.0,0.0
2026-08-01,SUP-019,Supplier 019,Vietnam,APAC,PLT-03,Tokyo Precision,Japan,APAC,SMB,Germany,1,13164.8,1,13164.8,1,13164.8,0,0.0,0,0.0,100.0,100.0
2026-08-01,SUP-019,Supplier 019,Vietnam,APAC,PLT-07,Seoul Tech,South Korea,APAC,SMB,Canada,1,93.9,1,93.9,1,93.9,0,0.0,0,0.0,100.0,100.0
2026-08-01,SUP-020,Supplier 020,China,APAC,PLT-01,Munich Center,Germany,EMEA,SMB,France,1,4897.42,1,4897.42,1,4897.42,0,0.0,0,0.0,100.0,100.0
2026-08-01,SUP-020,Supplier 020,China,APAC,PLT-08,Taipei Micro,Taiwan,APAC,SMB,Japan,1,71806.91,1,71806.91,1,71806.91,0,0.0,0,0.0,100.0,100.0
2026-08-01,SUP-020,Supplier 020,China,APAC,PLT-00,Shanghai Hub,China,APAC,Government,Germany,1,16927.33,1,16927.33,1,16927.33,1,16927.33,0,0.0,100.0,100.0
2026-08-01,SUP-020,Supplier 020,China,APAC,PLT-04,Chennai Forge,India,APAC,Government,USA,1,7905.69,1,7905.69,1,7905.69,1,7905.69,0,0.0,100.0,100.0
2026-08-01,SUP-020,Supplier 020,China,APAC,PLT-07,Seoul Tech,South Korea,APAC,SMB,Australia,1,48738.66,1,48738.66,1,48738.66,0,0.0,0,0.0,100.0,100.0
2026-08-01,SUP-020,Supplier 020,China,APAC,PLT-05,Monterrey Plant,Mexico,LATAM,SMB,France,2,115520.44,2,115520.44,1,64235.2,0,0.0,1,51285.24,100.0,100.0
2026-08-01,SUP-020,Supplier 020,China,APAC,PLT-08,Taipei Micro,Taiwan,APAC,Enterprise,Germany,1,29160.45,1,29160.45,1,29160.45,0,0.0,0,0.0,100.0,100.0
2026-08-01,SUP-020,Supplier 020,China,APAC,PLT-01,Munich Center,Germany,EMEA,SMB,Japan,1,1357.35,0,0.0,0,0.0,0,0.0,0,0.0,0.0,0.0
2026-08-01,SUP-020,Supplier 020,China,APAC,PLT-09,Hanoi Assembly,Vietnam,APAC,SMB,USA,1,34529.02,1,34529.02,0,0.0,0,0.0,1,34529.02,100.0,100.0
2026-08-01,SUP-020,Supplier 020,China,APAC,PLT-07,Seoul Tech,South Korea,APAC,SMB,UK,1,41904.54,0,0.0,0,0.0,0,0.0,0,0.0,0.0,0.0
2026-08-01,SUP-021,Supplier 021,Germany,EMEA,PLT-06,Sao Paulo Ops,Brazil,LATAM,SMB,Australia,1,5431.04,1,5431.04,1,5431.04,0,0.0,0,0.0,100.0,100.0
2026-08-01,SUP-021,Supplier 021,Germany,EMEA,PLT-08,Taipei Micro,Taiwan,APAC,Government,Australia,1,48000.54,1,48000.54,1,48000.54,0,0.0,0,0.0,100.0,100.0
2026-08-01,SUP-021,Supplier 021,Germany,EMEA,PLT-06,Sao Paulo Ops,Brazil,LATAM,Enterprise,USA,1,7660.06,1,7660.06,1,7660.06,0,0.0,0,0.0,100.0,100.0
2026-08-01,SUP-021,Supplier 021,Germany,EMEA,PLT-01,Munich Center,Germany,EMEA,Government,Singapore,1,10531.89,1,10531.89,0,0.0,0,0.0,1,10531.89,100.0,100.0
2026-08-01,SUP-021,Supplier 021,Germany,EMEA,PLT-04,Chennai Forge,India,APAC,Enterprise,Canada,1,1417.6,1,1417.6,0,0.0,1,1417.6,0,0.0,100.0,100.0
2026-08-01,SUP-022,Supplier 022,USA,NA,PLT-09,Hanoi Assembly,Vietnam,APAC,Enterprise,Japan,1,44320.86,1,44320.86,1,44320.86,0,0.0,0,0.0,100.0,100.0
2026-08-01,SUP-022,Supplier 022,USA,NA,PLT-05,Monterrey Plant,Mexico,LATAM,SMB,Singapore,1,19801.62,1,19801.62,1,19801.62,1,19801.62,0,0.0,100.0,100.0
2026-08-01,SUP-022,Supplier 022,USA,NA,PLT-09,Hanoi Assembly,Vietnam,APAC,SMB,USA,1,187.5,1,187.5,1,187.5,0,0.0,0,0.0,100.0,100.0
2026-08-01,SUP-022,Supplier 022,USA,NA,PLT-07,Seoul Tech,South Korea,APAC,Enterprise,Germany,1,24733.1,1,24733.1,0,0.0,0,0.0,1,24733.1,100.0,100.0
2026-08-01,SUP-022,Supplier 022,USA,NA,PLT-09,Hanoi Assembly,Vietnam,APAC,SMB,Japan,1,28943.04,1,28943.04,1,28943.04,1,28943.04,0,0.0,100.0,100.0
2026-08-01,SUP-022,Supplier 022,USA,NA,PLT-01,Munich Center,Germany,EMEA,Enterprise,Germany,1,35314.58,1,35314.58,0,0.0,1,35314.58,0,0.0,100.0,100.0
2026-08-01,SUP-022,Supplier 022,USA,NA,PLT-01,Munich Center,Germany,EMEA,SMB,Germany,1,11470.68,1,11470.68,1,11470.68,0,0.0,0,0.0,100.0,100.0
2026-08-01,SUP-022,Supplier 022,USA,NA,PLT-05,Monterrey Plant,Mexico,LATAM,Government,Singapore,1,10796.8,1,10796.8,1,10796.8,0,0.0,0,0.0,100.0,100.0
2026-08-01,SUP-022,Supplier 022,USA,NA,PLT-07,Seoul Tech,South Korea,APAC,Enterprise,USA,1,2228.17,1,2228.17,1,2228.17,0,0.0,0,0.0,100.0,100.0
2026-08-01,SUP-022,Supplier 022,USA,NA,PLT-00,Shanghai Hub,China,APAC,SMB,Germany,1,17318.4,1,17318.4,1,17318.4,1,17318.4,0,0.0,100.0,100.0
2026-08-01,SUP-022,Supplier 022,USA,NA,PLT-03,Tokyo Precision,Japan,APAC,SMB,UK,1,39456.0,1,39456.0,1,39456.0,1,39456.0,0,0.0,100.0,100.0
2026-08-01,SUP-022,Supplier 022,USA,NA,PLT-02,Detroit Works,USA,NA,Enterprise,USA,1,17251.52,1,17251.52,1,17251.52,1,17251.52,0,0.0,100.0,100.0
2026-08-01,SUP-023,Supplier 023,Japan,APAC,PLT-07,Seoul Tech,South Korea,APAC,Enterprise,USA,1,65408.49,1,65408.49,0,0.0,0,0.0,1,65408.49,100.0,100.0
2026-08-01,SUP-023,Supplier 023,Japan,APAC,PLT-08,Taipei Micro,Taiwan,APAC,SMB,Japan,1,12097.64,1,12097.64,1,12097.64,1,12097.64,0,0.0,100.0,100.0
2026-08-01,SUP-023,Supplier 023,Japan,APAC,PLT-02,Detroit Works,USA,NA,Enterprise,USA,1,12012.99,0,0.0,0,0.0,0,0.0,0,0.0,0.0,0.0
2026-08-01,SUP-023,Supplier 023,Japan,APAC,PLT-02,Detroit Works,USA,NA,SMB,France,1,4406.4,1,4406.4,0,0.0,1,4406.4,0,0.0,100.0,100.0
2026-08-01,SUP-023,Supplier 023,Japan,APAC,PLT-05,Monterrey Plant,Mexico,LATAM,Enterprise,Singapore,1,41436.99,0,0.0,0,0.0,0,0.0,0,0.0,0.0,0.0
2026-08-01,SUP-023,Supplier 023,Japan,APAC,PLT-03,Tokyo Precision,Japan,APAC,SMB,USA,1,2943.92,1,2943.92,1,2943.92,0,0.0,0,0.0,100.0,100.0
2026-08-01,SUP-023,Supplier 023,Japan,APAC,PLT-02,Detroit Works,USA,NA,Government,Germany,1,23901.35,1,23901.35,1,23901.35,0,0.0,0,0.0,100.0,100.0
2026-08-01,SUP-023,Supplier 023,Japan,APAC,PLT-08,Taipei Micro,Taiwan,APAC,SMB,France,1,4189.86,1,4189.86,1,4189.86,0,0.0,0,0.0,100.0,100.0
2026-08-01,SUP-023,Supplier 023,Japan,APAC,PLT-04,Chennai Forge,India,APAC,SMB,Germany,1,4189.51,1,4189.51,1,4189.51,0,0.0,0,0.0,100.0,100.0
2026-08-01,SUP-023,Supplier 023,Japan,APAC,PLT-02,Detroit Works,USA,NA,Government,France,1,13349.25,1,13349.25,1,13349.25,0,0.0,0,0.0,100.0,100.0
2026-08-01,SUP-024,Supplier 024,India,APAC,PLT-01,Munich Center,Germany,EMEA,SMB,Canada,1,2875.47,1,2875.47,1,2875.47,0,0.0,0,0.0,100.0,100.0
2026-08-01,SUP-024,Supplier 024,India,APAC,PLT-07,Seoul Tech,South Korea,APAC,SMB,Germany,1,14906.16,1,14906.16,1,14906.16,1,14906.16,0,0.0,100.0,100.0
2026-08-01,SUP-024,Supplier 024,India,APAC,PLT-02,Detroit Works,USA,NA,SMB,Germany,1,10010.16,0,0.0,0,0.0,0,0.0,0,0.0,0.0,0.0
2026-08-01,SUP-024,Supplier 024,India,APAC,PLT-08,Taipei Micro,Taiwan,APAC,Enterprise,Canada,1,5776.81,1,5776.81,1,5776.81,1,5776.81,0,0.0,100.0,100.0
2026-08-01,SUP-024,Supplier 024,India,APAC,PLT-08,Taipei Micro,Taiwan,APAC,SMB,Germany,1,6097.78,1,6097.78,1,6097.78,0,0.0,0,0.0,100.0,100.0
2026-08-01,SUP-024,Supplier 024,India,APAC,PLT-00,Shanghai Hub,China,APAC,Enterprise,USA,1,13283.5,1,13283.5,1,13283.5,0,0.0,0,0.0,100.0,100.0
2026-08-01,SUP-024,Supplier 024,India,APAC,PLT-04,Chennai Forge,India,APAC,Government,France,1,8940.86,1,8940.86,1,8940.86,0,0.0,0,0.0,100.0,100.0
2026-08-01,SUP-024,Supplier 024,India,APAC,PLT-09,Hanoi Assembly,Vietnam,APAC,SMB,Germany,1,3789.5,0,0.0,0,0.0,0,0.0,0,0.0,0.0,0.0
2026-08-01,SUP-024,Supplier 024,India,APAC,PLT-08,Taipei Micro,Taiwan,APAC,SMB,Australia,1,2439.85,1,2439.85,1,2439.85,0,0.0,0,0.0,100.0,100.0
2026-08-01,SUP-024,Supplier 024,India,APAC,PLT-07,Seoul Tech,South Korea,APAC,Government,UK,1,73985.05,1,73985.05,1,73985.05,0,0.0,0,0.0,100.0,100.0
2026-08-01,SUP-025,Supplier 025,Mexico,LATAM,PLT-06,Sao Paulo Ops,Brazil,LATAM,Enterprise,Australia,1,34975.8,1,34975.8,0,0.0,0,0.0,1,34975.8,100.0,100.0
2026-08-01,SUP-025,Supplier 025,Mexico,LATAM,PLT-06,Sao Paulo Ops,Brazil,LATAM,Enterprise,Japan,1,72770.28,1,72770.28,1,72770.28,0,0.0,0,0.0,100.0,100.0
2026-08-01,SUP-025,Supplier 025,Mexico,LATAM,PLT-02,Detroit Works,USA,NA,Government,Germany,1,1893.82,1,1893.82,1,1893.82,0,0.0,0,0.0,100.0,100.0
2026-08-01,SUP-025,Supplier 025,Mexico,LATAM,PLT-06,Sao Paulo Ops,Brazil,LATAM,SMB,Singapore,1,2758.0,1,2758.0,1,2758.0,0,0.0,0,0.0,100.0,100.0
2026-08-01,SUP-025,Supplier 025,Mexico,LATAM,PLT-07,Seoul Tech,South Korea,APAC,SMB,Singapore,1,21417.88,1,21417.88,0,0.0,1,21417.88,0,0.0,100.0,100.0
2026-08-01,SUP-025,Supplier 025,Mexico,LATAM,PLT-01,Munich Center,Germany,EMEA,Government,Japan,1,84166.24,1,84166.24,1,84166.24,0,0.0,0,0.0,100.0,100.0
2026-08-01,SUP-025,Supplier 025,Mexico,LATAM,PLT-00,Shanghai Hub,China,APAC,Enterprise,Canada,1,1613.98,1,1613.98,1,1613.98,1,1613.98,0,0.0,100.0,100.0
2026-08-01,SUP-025,Supplier 025,Mexico,LATAM,PLT-02,Detroit Works,USA,NA,Government,Australia,1,18986.26,1,18986.26,1,18986.26,0,0.0,0,0.0,100.0,100.0
2026-08-01,SUP-025,Supplier 025,Mexico,LATAM,PLT-06,Sao Paulo Ops,Brazil,LATAM,Government,USA,1,31406.72,1,31406.72,1,31406.72,0,0.0,0,0.0,100.0,100.0
2026-08-01,SUP-025,Supplier 025,Mexico,LATAM,PLT-05,Monterrey Plant,Mexico,LATAM,SMB,Australia,1,6692.84,0,0.0,0,0.0,0,0.0,0,0.0,0.0,0.0
2026-08-01,SUP-025,Supplier 025,Mexico,LATAM,PLT-03,Tokyo Precision,Japan,APAC,Enterprise,USA,1,11005.63,1,11005.63,1,11005.63,0,0.0,0,0.0,100.0,100.0
2026-08-01,SUP-025,Supplier 025,Mexico,LATAM,PLT-00,Shanghai Hub,China,APAC,Government,Germany,1,1070.6,1,1070.6,1,1070.6,0,0.0,0,0.0,100.0,100.0
2026-08-01,SUP-026,Supplier 026,Brazil,LATAM,PLT-04,Chennai Forge,India,APAC,SMB,USA,1,76142.82,1,76142.82,1,76142.82,0,0.0,0,0.0,100.0,100.0
2026-08-01,SUP-026,Supplier 026,Brazil,LATAM,PLT-06,Sao Paulo Ops,Brazil,LATAM,Enterprise,Japan,1,27293.16,1,27293.16,1,27293.16,0,0.0,0,0.0,100.0,100.0
2026-08-01,SUP-026,Supplier 026,Brazil,LATAM,PLT-01,Munich Center,Germany,EMEA,Government,Germany,1,68971.0,1,68971.0,1,68971.0,0,0.0,0,0.0,100.0,100.0
2026-08-01,SUP-026,Supplier 026,Brazil,LATAM,PLT-01,Munich Center,Germany,EMEA,Government,Canada,1,12764.2,0,0.0,0,0.0,0,0.0,0,0.0,0.0,0.0
2026-08-01,SUP-026,Supplier 026,Brazil,LATAM,PLT-05,Monterrey Plant,Mexico,LATAM,SMB,UK,1,6876.33,1,6876.33,1,6876.33,0,0.0,0,0.0,100.0,100.0
2026-08-01,SUP-026,Supplier 026,Brazil,LATAM,PLT-07,Seoul Tech,South Korea,APAC,SMB,France,1,20021.04,1,20021.04,1,20021.04,0,0.0,0,0.0,100.0,100.0
2026-08-01,SUP-026,Supplier 026,Brazil,LATAM,PLT-09,Hanoi Assembly,Vietnam,APAC,Enterprise,Japan,1,31071.92,1,31071.92,1,31071.92,0,0.0,0,0.0,100.0,100.0
2026-08-01,SUP-026,Supplier 026,Brazil,LATAM,PLT-05,Monterrey Plant,Mexico,LATAM,Enterprise,Australia,1,48387.78,0,0.0,0,0.0,0,0.0,0,0.0,0.0,0.0
2026-08-01,SUP-027,Supplier 027,South Korea,APAC,PLT-08,Taipei Micro,Taiwan,APAC,SMB,Australia,1,65865.6,0,0.0,0,0.0,0,0.0,0,0.0,0.0,0.0
2026-08-01,SUP-027,Supplier 027,South Korea,APAC,PLT-02,Detroit Works,USA,NA,SMB,USA,1,10876.48,1,10876.48,0,0.0,0,0.0,1,10876.48,100.0,100.0
2026-08-01,SUP-027,Supplier 027,South Korea,APAC,PLT-00,Shanghai Hub,China,APAC,SMB,UK,1,21453.48,1,21453.48,1,21453.48,0,0.0,0,0.0,100.0,100.0
2026-08-01,SUP-027,Supplier 027,South Korea,APAC,PLT-03,Tokyo Precision,Japan,APAC,Enterprise,Japan,1,22751.52,0,0.0,0,0.0,0,0.0,0,0.0,0.0,0.0
2026-08-01,SUP-027,Supplier 027,South Korea,APAC,PLT-06,Sao Paulo Ops,Brazil,LATAM,Enterprise,France,1,6580.42,1,6580.42,0,0.0,1,6580.42,0,0.0,100.0,100.0
2026-08-01,SUP-027,Supplier 027,South Korea,APAC,PLT-01,Munich Center,Germany,EMEA,SMB,Canada,1,15416.06,0,0.0,0,0.0,0,0.0,0,0.0,0.0,0.0
2026-08-01,SUP-027,Supplier 027,South Korea,APAC,PLT-07,Seoul Tech,South Korea,APAC,Enterprise,Australia,1,19950.84,1,19950.84,1,19950.84,0,0.0,0,0.0,100.0,100.0
2026-08-01,SUP-027,Supplier 027,South Korea,APAC,PLT-08,Taipei Micro,Taiwan,APAC,SMB,Singapore,1,31646.32,1,31646.32,1,31646.32,0,0.0,0,0.0,100.0,100.0
2026-08-01,SUP-028,Supplier 028,Taiwan,APAC,PLT-04,Chennai Forge,India,APAC,Government,Canada,1,29033.1,1,29033.1,1,29033.1,0,0.0,0,0.0,100.0,100.0
2026-08-01,SUP-028,Supplier 028,Taiwan,APAC,PLT-04,Chennai Forge,India,APAC,Enterprise,Germany,1,31193.94,1,31193.94,1,31193.94,0,0.0,0,0.0,100.0,100.0
2026-08-01,SUP-028,Supplier 028,Taiwan,APAC,PLT-06,Sao Paulo Ops,Brazil,LATAM,Government,Canada,1,2529.67,1,2529.67,1,2529.67,1,2529.67,0,0.0,100.0,100.0
2026-08-01,SUP-028,Supplier 028,Taiwan,APAC,PLT-09,Hanoi Assembly,Vietnam,APAC,SMB,Australia,1,1171.84,1,1171.84,1,1171.84,0,0.0,0,0.0,100.0,100.0
2026-08-01,SUP-028,Supplier 028,Taiwan,APAC,PLT-07,Seoul Tech,South Korea,APAC,Enterprise,Japan,1,21102.32,1,21102.32,1,21102.32,1,21102.32,0,0.0,100.0,100.0
2026-08-01,SUP-028,Supplier 028,Taiwan,APAC,PLT-00,Shanghai Hub,China,APAC,SMB,Japan,1,14427.2,1,14427.2,0,0.0,1,14427.2,0,0.0,100.0,100.0
2026-08-01,SUP-028,Supplier 028,Taiwan,APAC,PLT-04,Chennai Forge,India,APAC,SMB,France,1,35866.32,1,35866.32,1,35866.32,1,35866.32,0,0.0,100.0,100.0
2026-08-01,SUP-029,Supplier 029,Vietnam,APAC,PLT-05,Monterrey Plant,Mexico,LATAM,SMB,UK,1,5583.2,1,5583.2,1,5583.2,0,0.0,0,0.0,100.0,100.0
2026-08-01,SUP-029,Supplier 029,Vietnam,APAC,PLT-07,Seoul Tech,South Korea,APAC,SMB,UK,1,27552.48,1,27552.48,1,27552.48,0,0.0,0,0.0,100.0,100.0
2026-08-01,SUP-029,Supplier 029,Vietnam,APAC,PLT-09,Hanoi Assembly,Vietnam,APAC,Government,Japan,1,34141.44,1,34141.44,1,34141.44,0,0.0,0,0.0,100.0,100.0
2026-08-01,SUP-029,Supplier 029,Vietnam,APAC,PLT-03,Tokyo Precision,Japan,APAC,SMB,Australia,1,9350.0,1,9350.0,1,9350.0,0,0.0,0,0.0,100.0,100.0
2026-08-01,SUP-029,Supplier 029,Vietnam,APAC,PLT-00,Shanghai Hub,China,APAC,SMB,Canada,1,13814.72,1,13814.72,1,13814.72,0,0.0,0,0.0,100.0,100.0
2026-08-01,SUP-029,Supplier 029,Vietnam,APAC,PLT-05,Monterrey Plant,Mexico,LATAM,SMB,Canada,1,29539.49,0,0.0,0,0.0,0,0.0,0,0.0,0.0,0.0
2026-08-01,SUP-029,Supplier 029,Vietnam,APAC,PLT-00,Shanghai Hub,China,APAC,Enterprise,Canada,1,5323.65,1,5323.65,1,5323.65,0,0.0,0,0.0,100.0,100.0
2026-08-01,SUP-029,Supplier 029,Vietnam,APAC,PLT-08,Taipei Micro,Taiwan,APAC,Enterprise,Australia,1,674.4,1,674.4,1,674.4,0,0.0,0,0.0,100.0,100.0
2026-08-01,SUP-029,Supplier 029,Vietnam,APAC,PLT-03,Tokyo Precision,Japan,APAC,SMB,UK,1,319.68,1,319.68,1,319.68,0,0.0,0,0.0,100.0,100.0
2026-08-01,SUP-030,Supplier 030,China,APAC,PLT-02,Detroit Works,USA,NA,Government,Australia,1,3452.58,1,3452.58,1,3452.58,0,0.0,0,0.0,100.0,100.0
2026-08-01,SUP-030,Supplier 030,China,APAC,PLT-06,Sao Paulo Ops,Brazil,LATAM,Enterprise,Canada,1,3296.7,1,3296.7,0,0.0,1,3296.7,0,0.0,100.0,100.0
2026-08-01,SUP-030,Supplier 030,China,APAC,PLT-08,Taipei Micro,Taiwan,APAC,Enterprise,Japan,1,17328.88,1,17328.88,1,17328.88,0,0.0,0,0.0,100.0,100.0
2026-08-01,SUP-030,Supplier 030,China,APAC,PLT-05,Monterrey Plant,Mexico,LATAM,Enterprise,France,1,12522.54,1,12522.54,1,12522.54,0,0.0,0,0.0,100.0,100.0
2026-08-01,SUP-030,Supplier 030,China,APAC,PLT-02,Detroit Works,USA,NA,Enterprise,Germany,1,44676.45,1,44676.45,0,0.0,0,0.0,1,44676.45,100.0,100.0
2026-08-01,SUP-030,Supplier 030,China,APAC,PLT-05,Monterrey Plant,Mexico,LATAM,SMB,USA,1,5401.76,0,0.0,0,0.0,0,0.0,0,0.0,0.0,0.0
2026-08-01,SUP-030,Supplier 030,China,APAC,PLT-07,Seoul Tech,South Korea,APAC,Enterprise,France,1,58616.4,1,58616.4,0,0.0,0,0.0,1,58616.4,100.0,100.0
2026-08-01,SUP-031,Supplier 031,Germany,EMEA,PLT-02,Detroit Works,USA,NA,Enterprise,Germany,1,2532.33,1,2532.33,1,2532.33,0,0.0,0,0.0,100.0,100.0
2026-08-01,SUP-031,Supplier 031,Germany,EMEA,PLT-02,Detroit Works,USA,NA,SMB,UK,1,26911.92,1,26911.92,0,0.0,0,0.0,1,26911.92,100.0,100.0
2026-08-01,SUP-031,Supplier 031,Germany,EMEA,PLT-00,Shanghai Hub,China,APAC,Government,USA,1,10136.61,0,0.0,0,0.0,0,0.0,0,0.0,0.0,0.0
2026-08-01,SUP-031,Supplier 031,Germany,EMEA,PLT-05,Monterrey Plant,Mexico,LATAM,SMB,Germany,1,4230.28,1,4230.28,0,0.0,0,0.0,1,4230.28,100.0,100.0
2026-08-01,SUP-031,Supplier 031,Germany,EMEA,PLT-08,Taipei Micro,Taiwan,APAC,Government,Japan,1,9628.52,0,0.0,0,0.0,0,0.0,0,0.0,0.0,0.0
2026-08-01,SUP-031,Supplier 031,Germany,EMEA,PLT-07,Seoul Tech,South Korea,APAC,Enterprise,Germany,1,5037.6,1,5037.6,1,5037.6,0,0.0,0,0.0,100.0,100.0
2026-08-01,SUP-032,Supplier 032,USA,NA,PLT-04,Chennai Forge,India,APAC,SMB,UK,1,15554.66,1,15554.66,1,15554.66,0,0.0,0,0.0,100.0,100.0
2026-08-01,SUP-032,Supplier 032,USA,NA,PLT-01,Munich Center,Germany,EMEA,SMB,France,1,4409.52,1,4409.52,0,0.0,0,0.0,1,4409.52,100.0,100.0
2026-08-01,SUP-032,Supplier 032,USA,NA,PLT-05,Monterrey Plant,Mexico,LATAM,Enterprise,Germany,1,2450.28,1,2450.28,1,2450.28,0,0.0,0,0.0,100.0,100.0
2026-08-01,SUP-032,Supplier 032,USA,NA,PLT-01,Munich Center,Germany,EMEA,Enterprise,Germany,1,30454.8,1,30454.8,0,0.0,1,30454.8,0,0.0,100.0,100.0
2026-08-01,SUP-032,Supplier 032,USA,NA,PLT-07,Seoul Tech,South Korea,APAC,Enterprise,Canada,1,13173.81,1,13173.81,1,13173.81,0,0.0,0,0.0,100.0,100.0
2026-08-01,SUP-032,Supplier 032,USA,NA,PLT-05,Monterrey Plant,Mexico,LATAM,Enterprise,USA,1,8727.12,0,0.0,0,0.0,0,0.0,0,0.0,0.0,0.0
2026-08-01,SUP-032,Supplier 032,USA,NA,PLT-09,Hanoi Assembly,Vietnam,APAC,Enterprise,Japan,1,8138.46,0,0.0,0,0.0,0,0.0,0,0.0,0.0,0.0
2026-08-01,SUP-032,Supplier 032,USA,NA,PLT-08,Taipei Micro,Taiwan,APAC,SMB,Germany,1,44281.76,1,44281.76,0,0.0,1,44281.76,0,0.0,100.0,100.0
2026-08-01,SUP-032,Supplier 032,USA,NA,PLT-05,Monterrey Plant,Mexico,LATAM,SMB,UK,1,29562.15,1,29562.15,0,0.0,0,0.0,1,29562.15,100.0,100.0
2026-08-01,SUP-033,Supplier 033,Japan,APAC,PLT-09,Hanoi Assembly,Vietnam,APAC,SMB,Singapore,1,48901.6,1,48901.6,1,48901.6,1,48901.6,0,0.0,100.0,100.0
2026-08-01,SUP-033,Supplier 033,Japan,APAC,PLT-08,Taipei Micro,Taiwan,APAC,Government,Singapore,1,2258.72,1,2258.72,1,2258.72,0,0.0,0,0.0,100.0,100.0
2026-08-01,SUP-033,Supplier 033,Japan,APAC,PLT-03,Tokyo Precision,Japan,APAC,SMB,Singapore,1,53759.2,1,53759.2,1,53759.2,0,0.0,0,0.0,100.0,100.0
2026-08-01,SUP-033,Supplier 033,Japan,APAC,PLT-09,Hanoi Assembly,Vietnam,APAC,Enterprise,France,1,52076.92,1,52076.92,0,0.0,0,0.0,1,52076.92,100.0,100.0
2026-08-01,SUP-033,Supplier 033,Japan,APAC,PLT-02,Detroit Works,USA,NA,Government,Germany,1,2010.25,1,2010.25,1,2010.25,1,2010.25,0,0.0,100.0,100.0
2026-08-01,SUP-033,Supplier 033,Japan,APAC,PLT-01,Munich Center,Germany,EMEA,SMB,Australia,1,16414.8,1,16414.8,1,16414.8,0,0.0,0,0.0,100.0,100.0
2026-08-01,SUP-033,Supplier 033,Japan,APAC,PLT-04,Chennai Forge,India,APAC,SMB,Japan,1,20406.38,1,20406.38,1,20406.38,0,0.0,0,0.0,100.0,100.0
2026-08-01,SUP-034,Supplier 034,India,APAC,PLT-03,Tokyo Precision,Japan,APAC,SMB,USA,1,27905.22,1,27905.22,1,27905.22,0,0.0,0,0.0,100.0,100.0
2026-08-01,SUP-034,Supplier 034,India,APAC,PLT-00,Shanghai Hub,China,APAC,Government,Germany,1,4203.73,0,0.0,0,0.0,0,0.0,0,0.0,0.0,0.0
2026-08-01,SUP-034,Supplier 034,India,APAC,PLT-00,Shanghai Hub,China,APAC,SMB,UK,1,10460.74,1,10460.74,1,10460.74,1,10460.74,0,0.0,100.0,100.0
2026-08-01,SUP-034,Supplier 034,India,APAC,PLT-07,Seoul Tech,South Korea,APAC,SMB,Singapore,1,715.09,1,715.09,1,715.09,0,0.0,0,0.0,100.0,100.0
2026-08-01,SUP-034,Supplier 034,India,APAC,PLT-01,Munich Center,Germany,EMEA,Enterprise,France,1,10482.54,1,10482.54,0,0.0,1,10482.54,0,0.0,100.0,100.0
2026-08-01,SUP-034,Supplier 034,India,APAC,PLT-07,Seoul Tech,South Korea,APAC,Enterprise,Japan,1,15646.08,1,15646.08,0,0.0,1,15646.08,0,0.0,100.0,100.0
2026-08-01,SUP-034,Supplier 034,India,APAC,PLT-06,Sao Paulo Ops,Brazil,LATAM,Enterprise,USA,1,59553.45,1,59553.45,1,59553.45,0,0.0,0,0.0,100.0,100.0
2026-08-01,SUP-034,Supplier 034,India,APAC,PLT-06,Sao Paulo Ops,Brazil,LATAM,SMB,UK,1,44619.15,1,44619.15,1,44619.15,1,44619.15,0,0.0,100.0,100.0
2026-08-01,SUP-034,Supplier 034,India,APAC,PLT-01,Munich Center,Germany,EMEA,Enterprise,Canada,1,5357.66,0,0.0,0,0.0,0,0.0,0,0.0,0.0,0.0
2026-08-01,SUP-034,Supplier 034,India,APAC,PLT-07,Seoul Tech,South Korea,APAC,Government,France,1,19431.68,0,0.0,0,0.0,0,0.0,0,0.0,0.0,0.0
2026-08-01,SUP-034,Supplier 034,India,APAC,PLT-02,Detroit Works,USA,NA,SMB,Singapore,1,8894.38,0,0.0,0,0.0,0,0.0,0,0.0,0.0,0.0
2026-08-01,SUP-035,Supplier 035,Mexico,LATAM,PLT-07,Seoul Tech,South Korea,APAC,SMB,Singapore,1,22555.29,1,22555.29,0,0.0,0,0.0,1,22555.29,100.0,100.0
2026-08-01,SUP-035,Supplier 035,Mexico,LATAM,PLT-05,Monterrey Plant,Mexico,LATAM,Enterprise,Japan,1,5456.16,1,5456.16,0,0.0,0,0.0,1,5456.16,100.0,100.0
2026-08-01,SUP-035,Supplier 035,Mexico,LATAM,PLT-00,Shanghai Hub,China,APAC,SMB,Australia,1,56537.16,1,56537.16,1,56537.16,0,0.0,0,0.0,100.0,100.0
2026-08-01,SUP-035,Supplier 035,Mexico,LATAM,PLT-03,Tokyo Precision,Japan,APAC,SMB,Singapore,1,32586.4,1,32586.4,1,32586.4,0,0.0,0,0.0,100.0,100.0
2026-08-01,SUP-035,Supplier 035,Mexico,LATAM,PLT-07,Seoul Tech,South Korea,APAC,SMB,Canada,1,6682.53,1,6682.53,1,6682.53,0,0.0,0,0.0,100.0,100.0
2026-08-01,SUP-035,Supplier 035,Mexico,LATAM,PLT-04,Chennai Forge,India,APAC,Enterprise,USA,1,13868.14,1,13868.14,1,13868.14,1,13868.14,0,0.0,100.0,100.0
2026-08-01,SUP-035,Supplier 035,Mexico,LATAM,PLT-02,Detroit Works,USA,NA,SMB,Singapore,1,3521.8,1,3521.8,0,0.0,0,0.0,1,3521.8,100.0,100.0
2026-08-01,SUP-035,Supplier 035,Mexico,LATAM,PLT-03,Tokyo Precision,Japan,APAC,Enterprise,Canada,1,20491.8,1,20491.8,1,20491.8,0,0.0,0,0.0,100.0,100.0
2026-08-01,SUP-035,Supplier 035,Mexico,LATAM,PLT-03,Tokyo Precision,Japan,APAC,SMB,Germany,1,72518.25,1,72518.25,1,72518.25,0,0.0,0,0.0,100.0,100.0
2026-08-01,SUP-036,Supplier 036,Brazil,LATAM,PLT-00,Shanghai Hub,China,APAC,Enterprise,Australia,1,3508.4,1,3508.4,0,0.0,0,0.0,1,3508.4,100.0,100.0
2026-08-01,SUP-036,Supplier 036,Brazil,LATAM,PLT-03,Tokyo Precision,Japan,APAC,SMB,Germany,1,201.18,0,0.0,0,0.0,0,0.0,0,0.0,0.0,0.0
2026-08-01,SUP-036,Supplier 036,Brazil,LATAM,PLT-00,Shanghai Hub,China,APAC,Enterprise,Japan,1,17292.05,1,17292.05,1,17292.05,0,0.0,0,0.0,100.0,100.0
2026-08-01,SUP-036,Supplier 036,Brazil,LATAM,PLT-06,Sao Paulo Ops,Brazil,LATAM,SMB,Singapore,1,9333.66,1,9333.66,1,9333.66,1,9333.66,0,0.0,100.0,100.0
2026-08-01,SUP-036,Supplier 036,Brazil,LATAM,PLT-03,Tokyo Precision,Japan,APAC,SMB,France,1,61176.7,1,61176.7,1,61176.7,0,0.0,0,0.0,100.0,100.0
2026-08-01,SUP-036,Supplier 036,Brazil,LATAM,PLT-09,Hanoi Assembly,Vietnam,APAC,Enterprise,Germany,1,2237.12,1,2237.12,0,0.0,0,0.0,1,2237.12,100.0,100.0
2026-08-01,SUP-036,Supplier 036,Brazil,LATAM,PLT-03,Tokyo Precision,Japan,APAC,Enterprise,USA,1,33810.45,1,33810.45,1,33810.45,0,0.0,0,0.0,100.0,100.0
2026-08-01,SUP-036,Supplier 036,Brazil,LATAM,PLT-05,Monterrey Plant,Mexico,LATAM,SMB,Germany,1,27370.5,1,27370.5,1,27370.5,0,0.0,0,0.0,100.0,100.0
2026-08-01,SUP-037,Supplier 037,South Korea,APAC,PLT-04,Chennai Forge,India,APAC,Enterprise,Australia,1,2940.25,1,2940.25,1,2940.25,0,0.0,0,0.0,100.0,100.0
2026-08-01,SUP-037,Supplier 037,South Korea,APAC,PLT-03,Tokyo Precision,Japan,APAC,SMB,UK,1,62945.64,1,62945.64,1,62945.64,0,0.0,0,0.0,100.0,100.0
2026-08-01,SUP-037,Supplier 037,South Korea,APAC,PLT-02,Detroit Works,USA,NA,Enterprise,Japan,1,6940.08,0,0.0,0,0.0,0,0.0,0,0.0,0.0,0.0
2026-08-01,SUP-037,Supplier 037,South Korea,APAC,PLT-02,Detroit Works,USA,NA,SMB,Germany,1,28791.0,0,0.0,0,0.0,0,0.0,0,0.0,0.0,0.0
2026-08-01,SUP-037,Supplier 037,South Korea,APAC,PLT-03,Tokyo Precision,Japan,APAC,SMB,Singapore,1,2017.61,1,2017.61,1,2017.61,1,2017.61,0,0.0,100.0,100.0
2026-08-01,SUP-037,Supplier 037,South Korea,APAC,PLT-02,Detroit Works,USA,NA,SMB,UK,1,24593.79,0,0.0,0,0.0,0,0.0,0,0.0,0.0,0.0
2026-08-01,SUP-037,Supplier 037,South Korea,APAC,PLT-03,Tokyo Precision,Japan,APAC,SMB,Germany,1,18076.2,0,0.0,0,0.0,0,0.0,0,0.0,0.0,0.0
2026-08-01,SUP-037,Supplier 037,South Korea,APAC,PLT-00,Shanghai Hub,China,APAC,SMB,Australia,1,98348.42,1,98348.42,1,98348.42,0,0.0,0,0.0,100.0,100.0
2026-08-01,SUP-037,Supplier 037,South Korea,APAC,PLT-07,Seoul Tech,South Korea,APAC,SMB,Canada,1,3868.04,1,3868.04,0,0.0,0,0.0,1,3868.04,100.0,100.0
2026-08-01,SUP-038,Supplier 038,Taiwan,APAC,PLT-09,Hanoi Assembly,Vietnam,APAC,SMB,Australia,1,1578.24,1,1578.24,1,1578.24,0,0.0,0,0.0,100.0,100.0
2026-08-01,SUP-038,Supplier 038,Taiwan,APAC,PLT-02,Detroit Works,USA,NA,SMB,Canada,1,6725.0,1,6725.0,0,0.0,0,0.0,1,6725.0,100.0,100.0
2026-08-01,SUP-038,Supplier 038,Taiwan,APAC,PLT-08,Taipei Micro,Taiwan,APAC,SMB,Germany,1,2999.0,1,2999.0,0,0.0,1,2999.0,0,0.0,100.0,100.0
2026-08-01,SUP-038,Supplier 038,Taiwan,APAC,PLT-04,Chennai Forge,India,APAC,Enterprise,Germany,1,49770.9,1,49770.9,1,49770.9,0,0.0,0,0.0,100.0,100.0
2026-08-01,SUP-038,Supplier 038,Taiwan,APAC,PLT-08,Taipei Micro,Taiwan,APAC,SMB,UK,1,94126.98,1,94126.98,0,0.0,1,94126.98,0,0.0,100.0,100.0
2026-08-01,SUP-039,Supplier 039,Vietnam,APAC,PLT-02,Detroit Works,USA,NA,SMB,Australia,1,10706.85,0,0.0,0,0.0,0,0.0,0,0.0,0.0,0.0
2026-08-01,SUP-039,Supplier 039,Vietnam,APAC,PLT-00,Shanghai Hub,China,APAC,SMB,Australia,1,36491.36,1,36491.36,1,36491.36,1,36491.36,0,0.0,100.0,100.0
2026-08-01,SUP-039,Supplier 039,Vietnam,APAC,PLT-04,Chennai Forge,India,APAC,SMB,Japan,1,1400.67,1,1400.67,1,1400.67,0,0.0,0,0.0,100.0,100.0
2026-08-01,SUP-039,Supplier 039,Vietnam,APAC,PLT-09,Hanoi Assembly,Vietnam,APAC,Government,USA,1,1079.36,1,1079.36,0,0.0,0,0.0,1,1079.36,100.0,100.0
2026-08-01,SUP-039,Supplier 039,Vietnam,APAC,PLT-03,Tokyo Precision,Japan,APAC,Enterprise,Japan,1,10898.58,1,10898.58,1,10898.58,0,0.0,0,0.0,100.0,100.0
2026-08-01,SUP-040,Supplier 040,China,APAC,PLT-04,Chennai Forge,India,APAC,Government,Germany,1,86595.25,1,86595.25,0,0.0,1,86595.25,0,0.0,100.0,100.0
2026-08-01,SUP-040,Supplier 040,China,APAC,PLT-05,Monterrey Plant,Mexico,LATAM,Enterprise,USA,1,47944.6,0,0.0,0,0.0,0,0.0,0,0.0,0.0,0.0
2026-08-01,SUP-040,Supplier 040,China,APAC,PLT-01,Munich Center,Germany,EMEA,SMB,Japan,1,8071.6,1,8071.6,1,8071.6,1,8071.6,0,0.0,100.0,100.0
2026-08-01,SUP-040,Supplier 040,China,APAC,PLT-04,Chennai Forge,India,APAC,Government,Japan,1,23155.26,1,23155.26,1,23155.26,0,0.0,0,0.0,100.0,100.0
2026-08-01,SUP-040,Supplier 040,China,APAC,PLT-05,Monterrey Plant,Mexico,LATAM,Government,USA,1,9914.31,1,9914.31,1,9914.31,1,9914.31,0,0.0,100.0,100.0
2026-08-01,SUP-040,Supplier 040,China,APAC,PLT-09,Hanoi Assembly,Vietnam,APAC,SMB,France,1,35613.88,1,35613.88,1,35613.88,1,35613.88,0,0.0,100.0,100.0
2026-08-01,SUP-041,Supplier 041,Germany,EMEA,PLT-06,Sao Paulo Ops,Brazil,LATAM,Enterprise,Canada,1,16465.37,0,0.0,0,0.0,0,0.0,0,0.0,0.0,0.0
2026-08-01,SUP-041,Supplier 041,Germany,EMEA,PLT-04,Chennai Forge,India,APAC,SMB,Germany,1,10903.2,0,0.0,0,0.0,0,0.0,0,0.0,0.0,0.0
2026-08-01,SUP-041,Supplier 041,Germany,EMEA,PLT-03,Tokyo Precision,Japan,APAC,Government,UK,1,25239.51,1,25239.51,1,25239.51,0,0.0,0,0.0,100.0,100.0
2026-08-01,SUP-041,Supplier 041,Germany,EMEA,PLT-05,Monterrey Plant,Mexico,LATAM,SMB,Australia,1,13302.98,1,13302.98,1,13302.98,0,0.0,0,0.0,100.0,100.0
2026-08-01,SUP-041,Supplier 041,Germany,EMEA,PLT-00,Shanghai Hub,China,APAC,SMB,USA,1,14011.69,1,14011.69,1,14011.69,0,0.0,0,0.0,100.0,100.0
2026-08-01,SUP-041,Supplier 041,Germany,EMEA,PLT-00,Shanghai Hub,China,APAC,Enterprise,Canada,1,9646.89,1,9646.89,0,0.0,1,9646.89,0,0.0,100.0,100.0
2026-08-01,SUP-042,Supplier 042,USA,NA,PLT-01,Munich Center,Germany,EMEA,SMB,France,1,3766.23,1,3766.23,1,3766.23,0,0.0,0,0.0,100.0,100.0
2026-08-01,SUP-042,Supplier 042,USA,NA,PLT-02,Detroit Works,USA,NA,Government,Australia,1,30361.0,1,30361.0,1,30361.0,0,0.0,0,0.0,100.0,100.0
2026-08-01,SUP-042,Supplier 042,USA,NA,PLT-07,Seoul Tech,South Korea,APAC,SMB,USA,1,15713.14,1,15713.14,1,15713.14,0,0.0,0,0.0,100.0,100.0
2026-08-01,SUP-042,Supplier 042,USA,NA,PLT-04,Chennai Forge,India,APAC,Enterprise,France,1,10684.16,0,0.0,0,0.0,0,0.0,0,0.0,0.0,0.0
2026-08-01,SUP-042,Supplier 042,USA,NA,PLT-01,Munich Center,Germany,EMEA,Enterprise,USA,1,30649.9,0,0.0,0,0.0,0,0.0,0,0.0,0.0,0.0
2026-08-01,SUP-042,Supplier 042,USA,NA,PLT-04,Chennai Forge,India,APAC,Government,France,1,18263.83,1,18263.83,1,18263.83,1,18263.83,0,0.0,100.0,100.0
2026-08-01,SUP-042,Supplier 042,USA,NA,PLT-03,Tokyo Precision,Japan,APAC,SMB,Australia,1,41302.96,1,41302.96,1,41302.96,0,0.0,0,0.0,100.0,100.0
2026-08-01,SUP-042,Supplier 042,USA,NA,PLT-00,Shanghai Hub,China,APAC,SMB,France,1,18519.54,1,18519.54,1,18519.54,1,18519.54,0,0.0,100.0,100.0
2026-08-01,SUP-042,Supplier 042,USA,NA,PLT-04,Chennai Forge,India,APAC,SMB,Japan,1,17199.18,1,17199.18,1,17199.18,0,0.0,0,0.0,100.0,100.0
2026-08-01,SUP-042,Supplier 042,USA,NA,PLT-09,Hanoi Assembly,Vietnam,APAC,Government,France,1,18865.25,1,18865.25,1,18865.25,0,0.0,0,0.0,100.0,100.0
2026-08-01,SUP-042,Supplier 042,USA,NA,PLT-05,Monterrey Plant,Mexico,LATAM,Enterprise,France,1,5287.86,1,5287.86,1,5287.86,0,0.0,0,0.0,100.0,100.0
2026-08-01,SUP-043,Supplier 043,Japan,APAC,PLT-00,Shanghai Hub,China,APAC,SMB,UK,1,280.8,1,280.8,0,0.0,1,280.8,0,0.0,100.0,100.0
2026-08-01,SUP-043,Supplier 043,Japan,APAC,PLT-09,Hanoi Assembly,Vietnam,APAC,SMB,France,1,4752.54,1,4752.54,1,4752.54,0,0.0,0,0.0,100.0,100.0
2026-08-01,SUP-043,Supplier 043,Japan,APAC,PLT-02,Detroit Works,USA,NA,Government,Singapore,1,2487.8,1,2487.8,0,0.0,1,2487.8,0,0.0,100.0,100.0
2026-08-01,SUP-043,Supplier 043,Japan,APAC,PLT-08,Taipei Micro,Taiwan,APAC,SMB,Australia,1,9923.55,1,9923.55,1,9923.55,0,0.0,0,0.0,100.0,100.0
2026-08-01,SUP-043,Supplier 043,Japan,APAC,PLT-05,Monterrey Plant,Mexico,LATAM,SMB,France,1,36646.05,1,36646.05,1,36646.05,1,36646.05,0,0.0,100.0,100.0
2026-08-01,SUP-043,Supplier 043,Japan,APAC,PLT-01,Munich Center,Germany,EMEA,SMB,Singapore,1,3811.6,1,3811.6,1,3811.6,0,0.0,0,0.0,100.0,100.0
2026-08-01,SUP-043,Supplier 043,Japan,APAC,PLT-03,Tokyo Precision,Japan,APAC,SMB,UK,1,27830.97,0,0.0,0,0.0,0,0.0,0,0.0,0.0,0.0
2026-08-01,SUP-043,Supplier 043,Japan,APAC,PLT-03,Tokyo Precision,Japan,APAC,Enterprise,Japan,1,6427.92,1,6427.92,1,6427.92,0,0.0,0,0.0,100.0,100.0
2026-08-01,SUP-043,Supplier 043,Japan,APAC,PLT-01,Munich Center,Germany,EMEA,Enterprise,France,1,14651.89,1,14651.89,1,14651.89,0,0.0,0,0.0,100.0,100.0
2026-08-01,SUP-044,Supplier 044,India,APAC,PLT-00,Shanghai Hub,China,APAC,Government,Germany,1,4504.52,1,4504.52,1,4504.52,0,0.0,0,0.0,100.0,100.0
2026-08-01,SUP-044,Supplier 044,India,APAC,PLT-04,Chennai Forge,India,APAC,Enterprise,France,1,42059.6,1,42059.6,1,42059.6,1,42059.6,0,0.0,100.0,100.0
2026-08-01,SUP-044,Supplier 044,India,APAC,PLT-05,Monterrey Plant,Mexico,LATAM,SMB,France,1,36971.97,1,36971.97,1,36971.97,0,0.0,0,0.0,100.0,100.0
2026-08-01,SUP-044,Supplier 044,India,APAC,PLT-03,Tokyo Precision,Japan,APAC,Government,Germany,1,19226.13,1,19226.13,1,19226.13,1,19226.13,0,0.0,100.0,100.0
2026-08-01,SUP-044,Supplier 044,India,APAC,PLT-03,Tokyo Precision,Japan,APAC,SMB,Singapore,1,21436.0,0,0.0,0,0.0,0,0.0,0,0.0,0.0,0.0
2026-08-01,SUP-044,Supplier 044,India,APAC,PLT-02,Detroit Works,USA,NA,SMB,Canada,1,8441.76,1,8441.76,1,8441.76,0,0.0,0,0.0,100.0,100.0
2026-08-01,SUP-044,Supplier 044,India,APAC,PLT-04,Chennai Forge,India,APAC,Enterprise,Germany,1,21775.02,1,21775.02,0,0.0,0,0.0,1,21775.02,100.0,100.0
2026-08-01,SUP-044,Supplier 044,India,APAC,PLT-02,Detroit Works,USA,NA,Enterprise,Canada,1,2055.35,1,2055.35,1,2055.35,0,0.0,0,0.0,100.0,100.0
2026-08-01,SUP-044,Supplier 044,India,APAC,PLT-07,Seoul Tech,South Korea,APAC,Government,USA,1,32916.17,1,32916.17,1,32916.17,0,0.0,0,0.0,100.0,100.0
2026-08-01,SUP-044,Supplier 044,India,APAC,PLT-05,Monterrey Plant,Mexico,LATAM,SMB,USA,1,4678.56,1,4678.56,0,0.0,0,0.0,1,4678.56,100.0,100.0
2026-08-01,SUP-044,Supplier 044,India,APAC,PLT-03,Tokyo Precision,Japan,APAC,Enterprise,Canada,1,9252.87,1,9252.87,1,9252.87,0,0.0,0,0.0,100.0,100.0
2026-08-01,SUP-044,Supplier 044,India,APAC,PLT-03,Tokyo Precision,Japan,APAC,SMB,Japan,1,17857.8,1,17857.8,1,17857.8,0,0.0,0,0.0,100.0,100.0
2026-08-01,SUP-044,Supplier 044,India,APAC,PLT-04,Chennai Forge,India,APAC,SMB,Canada,1,14520.97,1,14520.97,1,14520.97,0,0.0,0,0.0,100.0,100.0
2026-08-01,SUP-044,Supplier 044,India,APAC,PLT-09,Hanoi Assembly,Vietnam,APAC,Government,Germany,1,1026.16,1,1026.16,1,1026.16,0,0.0,0,0.0,100.0,100.0
2026-08-01,SUP-045,Supplier 045,Mexico,LATAM,PLT-03,Tokyo Precision,Japan,APAC,Government,Canada,1,6291.47,1,6291.47,1,6291.47,1,6291.47,0,0.0,100.0,100.0
2026-08-01,SUP-045,Supplier 045,Mexico,LATAM,PLT-07,Seoul Tech,South Korea,APAC,Enterprise,Japan,1,18028.14,1,18028.14,1,18028.14,1,18028.14,0,0.0,100.0,100.0
2026-08-01,SUP-045,Supplier 045,Mexico,LATAM,PLT-05,Monterrey Plant,Mexico,LATAM,SMB,USA,1,1741.5,1,1741.5,1,1741.5,0,0.0,0,0.0,100.0,100.0
2026-08-01,SUP-045,Supplier 045,Mexico,LATAM,PLT-08,Taipei Micro,Taiwan,APAC,SMB,Australia,1,31087.65,1,31087.65,1,31087.65,0,0.0,0,0.0,100.0,100.0
2026-08-01,SUP-045,Supplier 045,Mexico,LATAM,PLT-00,Shanghai Hub,China,APAC,Government,UK,1,60584.63,1,60584.63,0,0.0,0,0.0,1,60584.63,100.0,100.0
2026-08-01,SUP-045,Supplier 045,Mexico,LATAM,PLT-07,Seoul Tech,South Korea,APAC,Enterprise,Canada,1,952.32,1,952.32,1,952.32,0,0.0,0,0.0,100.0,100.0
2026-08-01,SUP-045,Supplier 045,Mexico,LATAM,PLT-01,Munich Center,Germany,EMEA,Enterprise,France,1,5037.93,1,5037.93,0,0.0,0,0.0,1,5037.93,100.0,100.0
2026-08-01,SUP-045,Supplier 045,Mexico,LATAM,PLT-03,Tokyo Precision,Japan,APAC,Government,USA,1,28042.21,1,28042.21,1,28042.21,0,0.0,0,0.0,100.0,100.0
2026-08-01,SUP-045,Supplier 045,Mexico,LATAM,PLT-08,Taipei Micro,Taiwan,APAC,SMB,UK,1,53410.56,0,0.0,0,0.0,0,0.0,0,0.0,0.0,0.0
2026-08-01,SUP-045,Supplier 045,Mexico,LATAM,PLT-01,Munich Center,Germany,EMEA,Enterprise,Canada,1,96899.0,1,96899.0,0,0.0,1,96899.0,0,0.0,100.0,100.0
2026-08-01,SUP-045,Supplier 045,Mexico,LATAM,PLT-06,Sao Paulo Ops,Brazil,LATAM,SMB,France,1,3401.1,1,3401.1,1,3401.1,0,0.0,0,0.0,100.0,100.0
2026-08-01,SUP-046,Supplier 046,Brazil,LATAM,PLT-08,Taipei Micro,Taiwan,APAC,Government,USA,1,3198.58,1,3198.58,0,0.0,1,3198.58,0,0.0,100.0,100.0
2026-08-01,SUP-046,Supplier 046,Brazil,LATAM,PLT-04,Chennai Forge,India,APAC,SMB,Singapore,1,635.32,1,635.32,1,635.32,1,635.32,0,0.0,100.0,100.0
2026-08-01,SUP-046,Supplier 046,Brazil,LATAM,PLT-09,Hanoi Assembly,Vietnam,APAC,SMB,Singapore,1,12711.05,0,0.0,0,0.0,0,0.0,0,0.0,0.0,0.0
2026-08-01,SUP-046,Supplier 046,Brazil,LATAM,PLT-09,Hanoi Assembly,Vietnam,APAC,Enterprise,Japan,2,24961.04,2,24961.04,1,24313.8,0,0.0,1,647.24,100.0,100.0
2026-08-01,SUP-047,Supplier 047,South Korea,APAC,PLT-06,Sao Paulo Ops,Brazil,LATAM,Enterprise,UK,1,23793.9,1,23793.9,1,23793.9,1,23793.9,0,0.0,100.0,100.0
2026-08-01,SUP-047,Supplier 047,South Korea,APAC,PLT-01,Munich Center,Germany,EMEA,Government,Singapore,1,20850.03,1,20850.03,1,20850.03,0,0.0,0,0.0,100.0,100.0
2026-08-01,SUP-047,Supplier 047,South Korea,APAC,PLT-09,Hanoi Assembly,Vietnam,APAC,Enterprise,Canada,1,24378.75,1,24378.75,1,24378.75,0,0.0,0,0.0,100.0,100.0
2026-08-01,SUP-047,Supplier 047,South Korea,APAC,PLT-02,Detroit Works,USA,NA,Enterprise,Australia,1,603.64,1,603.64,1,603.64,0,0.0,0,0.0,100.0,100.0
2026-08-01,SUP-048,Supplier 048,Taiwan,APAC,PLT-08,Taipei Micro,Taiwan,APAC,Government,France,1,7025.35,1,7025.35,1,7025.35,1,7025.35,0,0.0,100.0,100.0
2026-08-01,SUP-048,Supplier 048,Taiwan,APAC,PLT-02,Detroit Works,USA,NA,SMB,Australia,1,12938.16,1,12938.16,1,12938.16,0,0.0,0,0.0,100.0,100.0
2026-08-01,SUP-048,Supplier 048,Taiwan,APAC,PLT-08,Taipei Micro,Taiwan,APAC,SMB,USA,1,106493.8,1,106493.8,1,106493.8,0,0.0,0,0.0,100.0,100.0
2026-08-01,SUP-048,Supplier 048,Taiwan,APAC,PLT-06,Sao Paulo Ops,Brazil,LATAM,Enterprise,UK,1,16925.6,1,16925.6,1,16925.6,0,0.0,0,0.0,100.0,100.0
2026-08-01,SUP-048,Supplier 048,Taiwan,APAC,PLT-04,Chennai Forge,India,APAC,Enterprise,France,1,21971.31,1,21971.31,1,21971.31,0,0.0,0,0.0,100.0,100.0
2026-08-01,SUP-048,Supplier 048,Taiwan,APAC,PLT-08,Taipei Micro,Taiwan,APAC,SMB,Germany,1,19735.0,1,19735.0,1,19735.0,0,0.0,0,0.0,100.0,100.0
2026-08-01,SUP-048,Supplier 048,Taiwan,APAC,PLT-03,Tokyo Precision,Japan,APAC,SMB,Australia,1,14265.21,1,14265.21,1,14265.21,0,0.0,0,0.0,100.0,100.0
2026-08-01,SUP-049,Supplier 049,Vietnam,APAC,PLT-02,Detroit Works,USA,NA,SMB,Australia,1,943.25,1,943.25,1,943.25,0,0.0,0,0.0,100.0,100.0
2026-08-01,SUP-049,Supplier 049,Vietnam,APAC,PLT-00,Shanghai Hub,China,APAC,SMB,Germany,1,3954.2,0,0.0,0,0.0,0,0.0,0,0.0,0.0,0.0
2026-08-01,SUP-049,Supplier 049,Vietnam,APAC,PLT-06,Sao Paulo Ops,Brazil,LATAM,Enterprise,Germany,1,54838.48,1,54838.48,1,54838.48,1,54838.48,0,0.0,100.0,100.0
2026-08-01,SUP-049,Supplier 049,Vietnam,APAC,PLT-09,Hanoi Assembly,Vietnam,APAC,SMB,USA,1,10723.98,1,10723.98,0,0.0,0,0.0,1,10723.98,100.0,100.0
2026-08-01,SUP-049,Supplier 049,Vietnam,APAC,PLT-02,Detroit Works,USA,NA,SMB,USA,1,8793.42,1,8793.42,1,8793.42,1,8793.42,0,0.0,100.0,100.0
2026-08-01,SUP-049,Supplier 049,Vietnam,APAC,PLT-04,Chennai Forge,India,APAC,SMB,Canada,1,84199.5,1,84199.5,0,0.0,1,84199.5,0,0.0,100.0,100.0
2026-09-01,SUP-000,Supplier 000,China,APAC,PLT-03,Tokyo Precision,Japan,APAC,SMB,Singapore,1,5808.32,1,5808.32,1,5808.32,0,0.0,0,0.0,100.0,100.0
2026-09-01,SUP-000,Supplier 000,China,APAC,PLT-01,Munich Center,Germany,EMEA,Government,Singapore,1,41908.21,0,0.0,0,0.0,0,0.0,0,0.0,0.0,0.0
2026-09-01,SUP-000,Supplier 000,China,APAC,PLT-08,Taipei Micro,Taiwan,APAC,SMB,Japan,1,3841.8,1,3841.8,0,0.0,0,0.0,1,3841.8,100.0,100.0
2026-09-01,SUP-000,Supplier 000,China,APAC,PLT-00,Shanghai Hub,China,APAC,Enterprise,Japan,1,5300.91,1,5300.91,1,5300.91,0,0.0,0,0.0,100.0,100.0
2026-09-01,SUP-000,Supplier 000,China,APAC,PLT-06,Sao Paulo Ops,Brazil,LATAM,SMB,UK,1,16126.2,1,16126.2,1,16126.2,0,0.0,0,0.0,100.0,100.0
2026-09-01,SUP-001,Supplier 001,Germany,EMEA,PLT-00,Shanghai Hub,China,APAC,SMB,Canada,1,7528.56,1,7528.56,1,7528.56,0,0.0,0,0.0,100.0,100.0
2026-09-01,SUP-001,Supplier 001,Germany,EMEA,PLT-07,Seoul Tech,South Korea,APAC,SMB,UK,1,28708.95,1,28708.95,1,28708.95,0,0.0,0,0.0,100.0,100.0
2026-09-01,SUP-001,Supplier 001,Germany,EMEA,PLT-00,Shanghai Hub,China,APAC,Government,Germany,1,8923.04,1,8923.04,0,0.0,0,0.0,1,8923.04,100.0,100.0
2026-09-01,SUP-001,Supplier 001,Germany,EMEA,PLT-06,Sao Paulo Ops,Brazil,LATAM,SMB,Canada,1,12081.52,1,12081.52,1,12081.52,0,0.0,0,0.0,100.0,100.0
2026-09-01,SUP-001,Supplier 001,Germany,EMEA,PLT-02,Detroit Works,USA,NA,SMB,UK,1,3631.03,1,3631.03,1,3631.03,0,0.0,0,0.0,100.0,100.0
2026-09-01,SUP-001,Supplier 001,Germany,EMEA,PLT-00,Shanghai Hub,China,APAC,Government,Canada,1,7478.64,1,7478.64,1,7478.64,1,7478.64,0,0.0,100.0,100.0
2026-09-01,SUP-001,Supplier 001,Germany,EMEA,PLT-04,Chennai Forge,India,APAC,Enterprise,Singapore,1,757.4,1,757.4,1,757.4,0,0.0,0,0.0,100.0,100.0
2026-09-01,SUP-001,Supplier 001,Germany,EMEA,PLT-03,Tokyo Precision,Japan,APAC,Enterprise,France,1,8483.0,1,8483.0,1,8483.0,0,0.0,0,0.0,100.0,100.0
2026-09-01,SUP-001,Supplier 001,Germany,EMEA,PLT-04,Chennai Forge,India,APAC,SMB,France,1,70618.8,0,0.0,0,0.0,0,0.0,0,0.0,0.0,0.0
2026-09-01,SUP-001,Supplier 001,Germany,EMEA,PLT-04,Chennai Forge,India,APAC,SMB,Germany,1,18806.97,1,18806.97,1,18806.97,0,0.0,0,0.0,100.0,100.0
2026-09-01,SUP-002,Supplier 002,USA,NA,PLT-08,Taipei Micro,Taiwan,APAC,Enterprise,France,1,26773.38,1,26773.38,1,26773.38,0,0.0,0,0.0,100.0,100.0
2026-09-01,SUP-002,Supplier 002,USA,NA,PLT-00,Shanghai Hub,China,APAC,SMB,Germany,1,9758.78,1,9758.78,1,9758.78,0,0.0,0,0.0,100.0,100.0
2026-09-01,SUP-002,Supplier 002,USA,NA,PLT-08,Taipei Micro,Taiwan,APAC,Enterprise,Japan,1,1578.48,1,1578.48,1,1578.48,1,1578.48,0,0.0,100.0,100.0
2026-09-01,SUP-002,Supplier 002,USA,NA,PLT-02,Detroit Works,USA,NA,Enterprise,USA,1,2413.44,0,0.0,0,0.0,0,0.0,0,0.0,0.0,0.0
2026-09-01,SUP-002,Supplier 002,USA,NA,PLT-06,Sao Paulo Ops,Brazil,LATAM,SMB,Germany,1,6519.16,1,6519.16,1,6519.16,0,0.0,0,0.0,100.0,100.0
2026-09-01,SUP-002,Supplier 002,USA,NA,PLT-08,Taipei Micro,Taiwan,APAC,SMB,Germany,1,635.26,1,635.26,1,635.26,0,0.0,0,0.0,100.0,100.0
2026-09-01,SUP-002,Supplier 002,USA,NA,PLT-08,Taipei Micro,Taiwan,APAC,Government,Singapore,1,40105.6,1,40105.6,1,40105.6,0,0.0,0,0.0,100.0,100.0
2026-09-01,SUP-002,Supplier 002,USA,NA,PLT-09,Hanoi Assembly,Vietnam,APAC,Enterprise,USA,1,10288.35,1,10288.35,1,10288.35,1,10288.35,0,0.0,100.0,100.0
2026-09-01,SUP-002,Supplier 002,USA,NA,PLT-05,Monterrey Plant,Mexico,LATAM,SMB,Singapore,1,1669.26,0,0.0,0,0.0,0,0.0,0,0.0,0.0,0.0
2026-09-01,SUP-002,Supplier 002,USA,NA,PLT-04,Chennai Forge,India,APAC,SMB,France,1,2382.11,1,2382.11,0,0.0,0,0.0,1,2382.11,100.0,100.0
2026-09-01,SUP-003,Supplier 003,Japan,APAC,PLT-07,Seoul Tech,South Korea,APAC,SMB,Singapore,1,10488.92,1,10488.92,1,10488.92,0,0.0,0,0.0,100.0,100.0
2026-09-01,SUP-003,Supplier 003,Japan,APAC,PLT-05,Monterrey Plant,Mexico,LATAM,Enterprise,Canada,1,27482.68,1,27482.68,1,27482.68,1,27482.68,0,0.0,100.0,100.0
2026-09-01,SUP-003,Supplier 003,Japan,APAC,PLT-03,Tokyo Precision,Japan,APAC,SMB,Canada,1,25320.36,1,25320.36,1,25320.36,1,25320.36,0,0.0,100.0,100.0
2026-09-01,SUP-003,Supplier 003,Japan,APAC,PLT-06,Sao Paulo Ops,Brazil,LATAM,SMB,Singapore,1,29883.76,1,29883.76,1,29883.76,0,0.0,0,0.0,100.0,100.0
2026-09-01,SUP-003,Supplier 003,Japan,APAC,PLT-03,Tokyo Precision,Japan,APAC,Government,USA,1,1817.1,0,0.0,0,0.0,0,0.0,0,0.0,0.0,0.0
2026-09-01,SUP-004,Supplier 004,India,APAC,PLT-09,Hanoi Assembly,Vietnam,APAC,Enterprise,UK,1,20569.71,1,20569.71,1,20569.71,1,20569.71,0,0.0,100.0,100.0
2026-09-01,SUP-004,Supplier 004,India,APAC,PLT-03,Tokyo Precision,Japan,APAC,Government,France,1,31643.99,1,31643.99,1,31643.99,0,0.0,0,0.0,100.0,100.0
2026-09-01,SUP-004,Supplier 004,India,APAC,PLT-00,Shanghai Hub,China,APAC,Government,USA,1,8457.0,1,8457.0,1,8457.0,0,0.0,0,0.0,100.0,100.0
2026-09-01,SUP-004,Supplier 004,India,APAC,PLT-08,Taipei Micro,Taiwan,APAC,SMB,France,1,4947.88,1,4947.88,1,4947.88,0,0.0,0,0.0,100.0,100.0
2026-09-01,SUP-004,Supplier 004,India,APAC,PLT-00,Shanghai Hub,China,APAC,SMB,Australia,1,5027.4,1,5027.4,1,5027.4,0,0.0,0,0.0,100.0,100.0
2026-09-01,SUP-004,Supplier 004,India,APAC,PLT-08,Taipei Micro,Taiwan,APAC,SMB,USA,1,37901.76,1,37901.76,1,37901.76,0,0.0,0,0.0,100.0,100.0
2026-09-01,SUP-004,Supplier 004,India,APAC,PLT-05,Monterrey Plant,Mexico,LATAM,SMB,Germany,1,20653.99,0,0.0,0,0.0,0,0.0,0,0.0,0.0,0.0
2026-09-01,SUP-004,Supplier 004,India,APAC,PLT-07,Seoul Tech,South Korea,APAC,Enterprise,USA,1,11148.24,1,11148.24,0,0.0,1,11148.24,0,0.0,100.0,100.0
2026-09-01,SUP-004,Supplier 004,India,APAC,PLT-07,Seoul Tech,South Korea,APAC,SMB,France,1,4745.52,1,4745.52,1,4745.52,0,0.0,0,0.0,100.0,100.0
2026-09-01,SUP-004,Supplier 004,India,APAC,PLT-01,Munich Center,Germany,EMEA,SMB,Australia,1,27743.8,1,27743.8,1,27743.8,0,0.0,0,0.0,100.0,100.0
2026-09-01,SUP-005,Supplier 005,Mexico,LATAM,PLT-04,Chennai Forge,India,APAC,SMB,Germany,1,37863.2,1,37863.2,0,0.0,1,37863.2,0,0.0,100.0,100.0
2026-09-01,SUP-005,Supplier 005,Mexico,LATAM,PLT-00,Shanghai Hub,China,APAC,SMB,Singapore,1,50825.44,1,50825.44,1,50825.44,1,50825.44,0,0.0,100.0,100.0
2026-09-01,SUP-005,Supplier 005,Mexico,LATAM,PLT-09,Hanoi Assembly,Vietnam,APAC,Government,Australia,1,7692.91,1,7692.91,1,7692.91,0,0.0,0,0.0,100.0,100.0
2026-09-01,SUP-005,Supplier 005,Mexico,LATAM,PLT-02,Detroit Works,USA,NA,SMB,Germany,1,35931.06,1,35931.06,0,0.0,1,35931.06,0,0.0,100.0,100.0
2026-09-01,SUP-005,Supplier 005,Mexico,LATAM,PLT-06,Sao Paulo Ops,Brazil,LATAM,SMB,USA,1,69612.96,1,69612.96,1,69612.96,1,69612.96,0,0.0,100.0,100.0
2026-09-01,SUP-005,Supplier 005,Mexico,LATAM,PLT-04,Chennai Forge,India,APAC,Enterprise,Australia,1,21248.7,1,21248.7,1,21248.7,0,0.0,0,0.0,100.0,100.0
2026-09-01,SUP-005,Supplier 005,Mexico,LATAM,PLT-06,Sao Paulo Ops,Brazil,LATAM,SMB,France,1,12628.27,1,12628.27,1,12628.27,0,0.0,0,0.0,100.0,100.0
2026-09-01,SUP-005,Supplier 005,Mexico,LATAM,PLT-02,Detroit Works,USA,NA,SMB,Australia,1,2071.15,1,2071.15,1,2071.15,0,0.0,0,0.0,100.0,100.0
2026-09-01,SUP-005,Supplier 005,Mexico,LATAM,PLT-05,Monterrey Plant,Mexico,LATAM,SMB,USA,1,3412.5,0,0.0,0,0.0,0,0.0,0,0.0,0.0,0.0
2026-09-01,SUP-006,Supplier 006,Brazil,LATAM,PLT-06,Sao Paulo Ops,Brazil,LATAM,SMB,UK,1,21377.91,1,21377.91,1,21377.91,0,0.0,0,0.0,100.0,100.0
2026-09-01,SUP-006,Supplier 006,Brazil,LATAM,PLT-07,Seoul Tech,South Korea,APAC,SMB,USA,1,17489.39,1,17489.39,1,17489.39,1,17489.39,0,0.0,100.0,100.0
2026-09-01,SUP-006,Supplier 006,Brazil,LATAM,PLT-07,Seoul Tech,South Korea,APAC,Government,Germany,1,25017.1,1,25017.1,1,25017.1,0,0.0,0,0.0,100.0,100.0
2026-09-01,SUP-006,Supplier 006,Brazil,LATAM,PLT-09,Hanoi Assembly,Vietnam,APAC,Enterprise,Germany,1,19494.32,1,19494.32,1,19494.32,1,19494.32,0,0.0,100.0,100.0
2026-09-01,SUP-006,Supplier 006,Brazil,LATAM,PLT-08,Taipei Micro,Taiwan,APAC,SMB,Germany,1,3638.08,1,3638.08,1,3638.08,0,0.0,0,0.0,100.0,100.0
2026-09-01,SUP-006,Supplier 006,Brazil,LATAM,PLT-00,Shanghai Hub,China,APAC,Government,USA,1,30668.4,1,30668.4,1,30668.4,0,0.0,0,0.0,100.0,100.0
2026-09-01,SUP-007,Supplier 007,South Korea,APAC,PLT-00,Shanghai Hub,China,APAC,Government,Canada,1,15107.87,1,15107.87,1,15107.87,0,0.0,0,0.0,100.0,100.0
2026-09-01,SUP-007,Supplier 007,South Korea,APAC,PLT-06,Sao Paulo Ops,Brazil,LATAM,SMB,USA,1,12027.25,1,12027.25,1,12027.25,0,0.0,0,0.0,100.0,100.0
2026-09-01,SUP-007,Supplier 007,South Korea,APAC,PLT-05,Monterrey Plant,Mexico,LATAM,SMB,USA,1,5354.1,1,5354.1,1,5354.1,0,0.0,0,0.0,100.0,100.0
2026-09-01,SUP-007,Supplier 007,South Korea,APAC,PLT-03,Tokyo Precision,Japan,APAC,Enterprise,UK,1,2717.12,1,2717.12,1,2717.12,0,0.0,0,0.0,100.0,100.0
2026-09-01,SUP-007,Supplier 007,South Korea,APAC,PLT-05,Monterrey Plant,Mexico,LATAM,SMB,UK,1,7939.8,0,0.0,0,0.0,0,0.0,0,0.0,0.0,0.0
2026-09-01,SUP-007,Supplier 007,South Korea,APAC,PLT-07,Seoul Tech,South Korea,APAC,SMB,Singapore,1,3954.45,1,3954.45,1,3954.45,1,3954.45,0,0.0,100.0,100.0
2026-09-01,SUP-008,Supplier 008,Taiwan,APAC,PLT-01,Munich Center,Germany,EMEA,SMB,Singapore,1,25785.54,0,0.0,0,0.0,0,0.0,0,0.0,0.0,0.0
2026-09-01,SUP-008,Supplier 008,Taiwan,APAC,PLT-07,Seoul Tech,South Korea,APAC,SMB,USA,1,46664.1,1,46664.1,1,46664.1,1,46664.1,0,0.0,100.0,100.0
2026-09-01,SUP-008,Supplier 008,Taiwan,APAC,PLT-07,Seoul Tech,South Korea,APAC,Government,Canada,1,1570.52,0,0.0,0,0.0,0,0.0,0,0.0,0.0,0.0
2026-09-01,SUP-008,Supplier 008,Taiwan,APAC,PLT-01,Munich Center,Germany,EMEA,Government,France,1,9064.8,1,9064.8,0,0.0,0,0.0,1,9064.8,100.0,100.0
2026-09-01,SUP-008,Supplier 008,Taiwan,APAC,PLT-00,Shanghai Hub,China,APAC,Government,Germany,1,35110.44,0,0.0,0,0.0,0,0.0,0,0.0,0.0,0.0
2026-09-01,SUP-008,Supplier 008,Taiwan,APAC,PLT-08,Taipei Micro,Taiwan,APAC,SMB,USA,1,20173.44,1,20173.44,1,20173.44,1,20173.44,0,0.0,100.0,100.0
2026-09-01,SUP-008,Supplier 008,Taiwan,APAC,PLT-03,Tokyo Precision,Japan,APAC,SMB,Singapore,1,37946.64,1,37946.64,0,0.0,1,37946.64,0,0.0,100.0,100.0
2026-09-01,SUP-008,Supplier 008,Taiwan,APAC,PLT-00,Shanghai Hub,China,APAC,Enterprise,Singapore,1,2616.6,1,2616.6,1,2616.6,0,0.0,0,0.0,100.0,100.0
2026-09-01,SUP-008,Supplier 008,Taiwan,APAC,PLT-07,Seoul Tech,South Korea,APAC,SMB,Australia,1,39470.08,1,39470.08,1,39470.08,1,39470.08,0,0.0,100.0,100.0
2026-09-01,SUP-008,Supplier 008,Taiwan,APAC,PLT-05,Monterrey Plant,Mexico,LATAM,Enterprise,UK,1,6095.53,1,6095.53,1,6095.53,0,0.0,0,0.0,100.0,100.0
2026-09-01,SUP-008,Supplier 008,Taiwan,APAC,PLT-09,Hanoi Assembly,Vietnam,APAC,Enterprise,Canada,2,21656.52,1,15695.19,1,15695.19,0,0.0,0,0.0,50.0,72.47
2026-09-01,SUP-008,Supplier 008,Taiwan,APAC,PLT-00,Shanghai Hub,China,APAC,Government,USA,1,23775.6,1,23775.6,1,23775.6,0,0.0,0,0.0,100.0,100.0
2026-09-01,SUP-009,Supplier 009,Vietnam,APAC,PLT-08,Taipei Micro,Taiwan,APAC,Enterprise,Germany,1,7275.84,1,7275.84,1,7275.84,0,0.0,0,0.0,100.0,100.0
2026-09-01,SUP-009,Supplier 009,Vietnam,APAC,PLT-04,Chennai Forge,India,APAC,Government,Australia,1,3497.7,0,0.0,0,0.0,0,0.0,0,0.0,0.0,0.0
2026-09-01,SUP-009,Supplier 009,Vietnam,APAC,PLT-04,Chennai Forge,India,APAC,Government,UK,1,23218.98,1,23218.98,1,23218.98,0,0.0,0,0.0,100.0,100.0
2026-09-01,SUP-009,Supplier 009,Vietnam,APAC,PLT-02,Detroit Works,USA,NA,Government,France,1,18993.38,0,0.0,0,0.0,0,0.0,0,0.0,0.0,0.0
2026-09-01,SUP-009,Supplier 009,Vietnam,APAC,PLT-00,Shanghai Hub,China,APAC,Enterprise,USA,2,76003.42,2,76003.42,1,61227.12,1,14776.3,0,0.0,100.0,100.0
2026-09-01,SUP-009,Supplier 009,Vietnam,APAC,PLT-09,Hanoi Assembly,Vietnam,APAC,Enterprise,Germany,1,103743.36,1,103743.36,0,0.0,1,103743.36,0,0.0,100.0,100.0
2026-09-01,SUP-009,Supplier 009,Vietnam,APAC,PLT-01,Munich Center,Germany,EMEA,Government,France,1,15097.95,0,0.0,0,0.0,0,0.0,0,0.0,0.0,0.0
2026-09-01,SUP-010,Supplier 010,China,APAC,PLT-08,Taipei Micro,Taiwan,APAC,SMB,France,1,82563.75,0,0.0,0,0.0,0,0.0,0,0.0,0.0,0.0
2026-09-01,SUP-010,Supplier 010,China,APAC,PLT-06,Sao Paulo Ops,Brazil,LATAM,Government,Australia,1,36113.6,1,36113.6,1,36113.6,0,0.0,0,0.0,100.0,100.0
2026-09-01,SUP-010,Supplier 010,China,APAC,PLT-02,Detroit Works,USA,NA,SMB,UK,1,76691.64,1,76691.64,1,76691.64,0,0.0,0,0.0,100.0,100.0
2026-09-01,SUP-010,Supplier 010,China,APAC,PLT-02,Detroit Works,USA,NA,SMB,France,1,44005.99,0,0.0,0,0.0,0,0.0,0,0.0,0.0,0.0
2026-09-01,SUP-010,Supplier 010,China,APAC,PLT-00,Shanghai Hub,China,APAC,SMB,UK,2,32769.39,2,32769.39,1,31349.34,2,32769.39,0,0.0,100.0,100.0
2026-09-01,SUP-010,Supplier 010,China,APAC,PLT-07,Seoul Tech,South Korea,APAC,SMB,UK,1,20564.22,1,20564.22,1,20564.22,0,0.0,0,0.0,100.0,100.0
2026-09-01,SUP-010,Supplier 010,China,APAC,PLT-08,Taipei Micro,Taiwan,APAC,SMB,Germany,1,8878.54,1,8878.54,1,8878.54,0,0.0,0,0.0,100.0,100.0
2026-09-01,SUP-010,Supplier 010,China,APAC,PLT-04,Chennai Forge,India,APAC,Enterprise,USA,1,4313.92,0,0.0,0,0.0,0,0.0,0,0.0,0.0,0.0
2026-09-01,SUP-011,Supplier 011,Germany,EMEA,PLT-08,Taipei Micro,Taiwan,APAC,Enterprise,Canada,1,77720.16,0,0.0,0,0.0,0,0.0,0,0.0,0.0,0.0
2026-09-01,SUP-011,Supplier 011,Germany,EMEA,PLT-04,Chennai Forge,India,APAC,Government,Germany,1,3391.6,0,0.0,0,0.0,0,0.0,0,0.0,0.0,0.0
2026-09-01,SUP-011,Supplier 011,Germany,EMEA,PLT-08,Taipei Micro,Taiwan,APAC,SMB,Singapore,1,17990.91,1,17990.91,1,17990.91,1,17990.91,0,0.0,100.0,100.0
2026-09-01,SUP-012,Supplier 012,USA,NA,PLT-02,Detroit Works,USA,NA,SMB,UK,1,1214.05,0,0.0,0,0.0,0,0.0,0,0.0,0.0,0.0
2026-09-01,SUP-012,Supplier 012,USA,NA,PLT-00,Shanghai Hub,China,APAC,SMB,Singapore,1,6778.33,1,6778.33,1,6778.33,0,0.0,0,0.0,100.0,100.0
2026-09-01,SUP-012,Supplier 012,USA,NA,PLT-08,Taipei Micro,Taiwan,APAC,SMB,Australia,1,17296.12,1,17296.12,1,17296.12,1,17296.12,0,0.0,100.0,100.0
2026-09-01,SUP-012,Supplier 012,USA,NA,PLT-08,Taipei Micro,Taiwan,APAC,SMB,Singapore,1,5371.44,0,0.0,0,0.0,0,0.0,0,0.0,0.0,0.0
2026-09-01,SUP-012,Supplier 012,USA,NA,PLT-09,Hanoi Assembly,Vietnam,APAC,Government,Australia,1,2735.6,1,2735.6,1,2735.6,1,2735.6,0,0.0,100.0,100.0
2026-09-01,SUP-012,Supplier 012,USA,NA,PLT-02,Detroit Works,USA,NA,SMB,Japan,1,11959.92,1,11959.92,1,11959.92,0,0.0,0,0.0,100.0,100.0
2026-09-01,SUP-012,Supplier 012,USA,NA,PLT-09,Hanoi Assembly,Vietnam,APAC,Enterprise,USA,1,12745.91,0,0.0,0,0.0,0,0.0,0,0.0,0.0,0.0
2026-09-01,SUP-012,Supplier 012,USA,NA,PLT-09,Hanoi Assembly,Vietnam,APAC,Government,Japan,1,3251.04,1,3251.04,1,3251.04,0,0.0,0,0.0,100.0,100.0
2026-09-01,SUP-013,Supplier 013,Japan,APAC,PLT-07,Seoul Tech,South Korea,APAC,SMB,Germany,1,4850.5,0,0.0,0,0.0,0,0.0,0,0.0,0.0,0.0
2026-09-01,SUP-013,Supplier 013,Japan,APAC,PLT-05,Monterrey Plant,Mexico,LATAM,SMB,UK,1,20689.68,0,0.0,0,0.0,0,0.0,0,0.0,0.0,0.0
2026-09-01,SUP-013,Supplier 013,Japan,APAC,PLT-03,Tokyo Precision,Japan,APAC,Enterprise,France,1,34177.99,1,34177.99,1,34177.99,0,0.0,0,0.0,100.0,100.0
2026-09-01,SUP-014,Supplier 014,India,APAC,PLT-01,Munich Center,Germany,EMEA,Government,UK,1,4196.94,1,4196.94,1,4196.94,1,4196.94,0,0.0,100.0,100.0
2026-09-01,SUP-014,Supplier 014,India,APAC,PLT-04,Chennai Forge,India,APAC,Government,USA,1,40853.4,1,40853.4,1,40853.4,0,0.0,0,0.0,100.0,100.0
2026-09-01,SUP-014,Supplier 014,India,APAC,PLT-07,Seoul Tech,South Korea,APAC,Enterprise,Canada,1,4625.4,1,4625.4,1,4625.4,0,0.0,0,0.0,100.0,100.0
2026-09-01,SUP-014,Supplier 014,India,APAC,PLT-00,Shanghai Hub,China,APAC,SMB,USA,1,1008.99,1,1008.99,1,1008.99,0,0.0,0,0.0,100.0,100.0
2026-09-01,SUP-015,Supplier 015,Mexico,LATAM,PLT-06,Sao Paulo Ops,Brazil,LATAM,SMB,Canada,1,23174.29,1,23174.29,1,23174.29,1,23174.29,0,0.0,100.0,100.0
2026-09-01,SUP-015,Supplier 015,Mexico,LATAM,PLT-08,Taipei Micro,Taiwan,APAC,SMB,USA,1,6100.01,1,6100.01,1,6100.01,0,0.0,0,0.0,100.0,100.0
2026-09-01,SUP-015,Supplier 015,Mexico,LATAM,PLT-08,Taipei Micro,Taiwan,APAC,SMB,Singapore,1,11693.7,1,11693.7,1,11693.7,0,0.0,0,0.0,100.0,100.0
2026-09-01,SUP-015,Supplier 015,Mexico,LATAM,PLT-05,Monterrey Plant,Mexico,LATAM,SMB,Canada,1,3034.08,1,3034.08,1,3034.08,0,0.0,0,0.0,100.0,100.0
2026-09-01,SUP-015,Supplier 015,Mexico,LATAM,PLT-06,Sao Paulo Ops,Brazil,LATAM,Enterprise,Canada,1,24935.78,1,24935.78,0,0.0,1,24935.78,0,0.0,100.0,100.0
2026-09-01,SUP-015,Supplier 015,Mexico,LATAM,PLT-08,Taipei Micro,Taiwan,APAC,Enterprise,Canada,1,53992.62,1,53992.62,1,53992.62,0,0.0,0,0.0,100.0,100.0
2026-09-01,SUP-015,Supplier 015,Mexico,LATAM,PLT-01,Munich Center,Germany,EMEA,SMB,Japan,1,36906.12,1,36906.12,1,36906.12,1,36906.12,0,0.0,100.0,100.0
2026-09-01,SUP-015,Supplier 015,Mexico,LATAM,PLT-02,Detroit Works,USA,NA,SMB,Germany,2,57741.18,1,41173.18,1,41173.18,0,0.0,0,0.0,50.0,71.31
2026-09-01,SUP-015,Supplier 015,Mexico,LATAM,PLT-02,Detroit Works,USA,NA,SMB,UK,1,1019.56,1,1019.56,1,1019.56,0,0.0,0,0.0,100.0,100.0
2026-09-01,SUP-015,Supplier 015,Mexico,LATAM,PLT-03,Tokyo Precision,Japan,APAC,Government,Singapore,1,3164.55,0,0.0,0,0.0,0,0.0,0,0.0,0.0,0.0
2026-09-01,SUP-015,Supplier 015,Mexico,LATAM,PLT-05,Monterrey Plant,Mexico,LATAM,Government,USA,1,65826.0,1,65826.0,1,65826.0,0,0.0,0,0.0,100.0,100.0
2026-09-01,SUP-015,Supplier 015,Mexico,LATAM,PLT-04,Chennai Forge,India,APAC,Government,Germany,1,44732.61,1,44732.61,1,44732.61,0,0.0,0,0.0,100.0,100.0
2026-09-01,SUP-016,Supplier 016,Brazil,LATAM,PLT-03,Tokyo Precision,Japan,APAC,Enterprise,France,1,24471.72,1,24471.72,1,24471.72,0,0.0,0,0.0,100.0,100.0
2026-09-01,SUP-016,Supplier 016,Brazil,LATAM,PLT-00,Shanghai Hub,China,APAC,Government,Singapore,1,10970.92,0,0.0,0,0.0,0,0.0,0,0.0,0.0,0.0
2026-09-01,SUP-016,Supplier 016,Brazil,LATAM,PLT-00,Shanghai Hub,China,APAC,Enterprise,Germany,1,7857.74,0,0.0,0,0.0,0,0.0,0,0.0,0.0,0.0
2026-09-01,SUP-016,Supplier 016,Brazil,LATAM,PLT-01,Munich Center,Germany,EMEA,Enterprise,Japan,1,8525.49,1,8525.49,1,8525.49,1,8525.49,0,0.0,100.0,100.0
2026-09-01,SUP-016,Supplier 016,Brazil,LATAM,PLT-01,Munich Center,Germany,EMEA,Government,Australia,1,55399.2,1,55399.2,1,55399.2,0,0.0,0,0.0,100.0,100.0
2026-09-01,SUP-016,Supplier 016,Brazil,LATAM,PLT-07,Seoul Tech,South Korea,APAC,Enterprise,France,1,26239.02,1,26239.02,0,0.0,1,26239.02,0,0.0,100.0,100.0
2026-09-01,SUP-017,Supplier 017,South Korea,APAC,PLT-00,Shanghai Hub,China,APAC,SMB,France,1,3743.7,1,3743.7,0,0.0,1,3743.7,0,0.0,100.0,100.0
2026-09-01,SUP-017,Supplier 017,South Korea,APAC,PLT-04,Chennai Forge,India,APAC,Government,USA,1,55850.35,1,55850.35,0,0.0,1,55850.35,0,0.0,100.0,100.0
2026-09-01,SUP-017,Supplier 017,South Korea,APAC,PLT-00,Shanghai Hub,China,APAC,Government,Singapore,1,22592.16,1,22592.16,1,22592.16,0,0.0,0,0.0,100.0,100.0
2026-09-01,SUP-017,Supplier 017,South Korea,APAC,PLT-00,Shanghai Hub,China,APAC,Government,France,1,4794.01,1,4794.01,1,4794.01,0,0.0,0,0.0,100.0,100.0
2026-09-01,SUP-017,Supplier 017,South Korea,APAC,PLT-03,Tokyo Precision,Japan,APAC,SMB,Germany,1,6159.6,1,6159.6,1,6159.6,0,0.0,0,0.0,100.0,100.0
2026-09-01,SUP-018,Supplier 018,Taiwan,APAC,PLT-02,Detroit Works,USA,NA,SMB,Japan,1,45583.72,0,0.0,0,0.0,0,0.0,0,0.0,0.0,0.0
2026-09-01,SUP-018,Supplier 018,Taiwan,APAC,PLT-07,Seoul Tech,South Korea,APAC,Enterprise,USA,1,1527.4,1,1527.4,1,1527.4,1,1527.4,0,0.0,100.0,100.0
2026-09-01,SUP-018,Supplier 018,Taiwan,APAC,PLT-03,Tokyo Precision,Japan,APAC,Enterprise,USA,1,9609.85,1,9609.85,1,9609.85,1,9609.85,0,0.0,100.0,100.0
2026-09-01,SUP-018,Supplier 018,Taiwan,APAC,PLT-05,Monterrey Plant,Mexico,LATAM,SMB,Australia,1,16190.09,1,16190.09,1,16190.09,0,0.0,0,0.0,100.0,100.0
2026-09-01,SUP-018,Supplier 018,Taiwan,APAC,PLT-00,Shanghai Hub,China,APAC,Enterprise,France,1,23715.42,1,23715.42,1,23715.42,0,0.0,0,0.0,100.0,100.0
2026-09-01,SUP-018,Supplier 018,Taiwan,APAC,PLT-08,Taipei Micro,Taiwan,APAC,Government,USA,1,53635.54,1,53635.54,1,53635.54,0,0.0,0,0.0,100.0,100.0
2026-09-01,SUP-018,Supplier 018,Taiwan,APAC,PLT-03,Tokyo Precision,Japan,APAC,SMB,Australia,1,7750.89,1,7750.89,1,7750.89,0,0.0,0,0.0,100.0,100.0
2026-09-01,SUP-018,Supplier 018,Taiwan,APAC,PLT-00,Shanghai Hub,China,APAC,Enterprise,Japan,1,4220.24,0,0.0,0,0.0,0,0.0,0,0.0,0.0,0.0
2026-09-01,SUP-018,Supplier 018,Taiwan,APAC,PLT-01,Munich Center,Germany,EMEA,Enterprise,USA,1,7957.95,0,0.0,0,0.0,0,0.0,0,0.0,0.0,0.0
2026-09-01,SUP-019,Supplier 019,Vietnam,APAC,PLT-00,Shanghai Hub,China,APAC,Enterprise,France,1,900.16,0,0.0,0,0.0,0,0.0,0,0.0,0.0,0.0
2026-09-01,SUP-019,Supplier 019,Vietnam,APAC,PLT-00,Shanghai Hub,China,APAC,SMB,Germany,1,34635.24,1,34635.24,0,0.0,1,34635.24,0,0.0,100.0,100.0
2026-09-01,SUP-019,Supplier 019,Vietnam,APAC,PLT-06,Sao Paulo Ops,Brazil,LATAM,SMB,UK,1,12410.5,1,12410.5,1,12410.5,0,0.0,0,0.0,100.0,100.0
2026-09-01,SUP-019,Supplier 019,Vietnam,APAC,PLT-08,Taipei Micro,Taiwan,APAC,SMB,France,1,3527.37,1,3527.37,1,3527.37,0,0.0,0,0.0,100.0,100.0
2026-09-01,SUP-019,Supplier 019,Vietnam,APAC,PLT-02,Detroit Works,USA,NA,SMB,Canada,1,13129.27,0,0.0,0,0.0,0,0.0,0,0.0,0.0,0.0
2026-09-01,SUP-019,Supplier 019,Vietnam,APAC,PLT-03,Tokyo Precision,Japan,APAC,SMB,Singapore,1,11235.82,1,11235.82,1,11235.82,0,0.0,0,0.0,100.0,100.0
2026-09-01,SUP-019,Supplier 019,Vietnam,APAC,PLT-03,Tokyo Precision,Japan,APAC,Enterprise,France,1,20073.69,1,20073.69,1,20073.69,0,0.0,0,0.0,100.0,100.0
2026-09-01,SUP-019,Supplier 019,Vietnam,APAC,PLT-02,Detroit Works,USA,NA,SMB,UK,1,26144.37,1,26144.37,1,26144.37,0,0.0,0,0.0,100.0,100.0
2026-09-01,SUP-019,Supplier 019,Vietnam,APAC,PLT-04,Chennai Forge,India,APAC,SMB,Germany,1,61341.0,1,61341.0,1,61341.0,0,0.0,0,0.0,100.0,100.0
2026-09-01,SUP-020,Supplier 020,China,APAC,PLT-01,Munich Center,Germany,EMEA,SMB,Australia,1,48374.0,0,0.0,0,0.0,0,0.0,0,0.0,0.0,0.0
2026-09-01,SUP-020,Supplier 020,China,APAC,PLT-04,Chennai Forge,India,APAC,SMB,Germany,1,35835.42,1,35835.42,1,35835.42,1,35835.42,0,0.0,100.0,100.0
2026-09-01,SUP-020,Supplier 020,China,APAC,PLT-07,Seoul Tech,South Korea,APAC,SMB,Singapore,1,15723.15,1,15723.15,0,0.0,0,0.0,1,15723.15,100.0,100.0
2026-09-01,SUP-020,Supplier 020,China,APAC,PLT-06,Sao Paulo Ops,Brazil,LATAM,SMB,Canada,1,32568.03,1,32568.03,1,32568.03,0,0.0,0,0.0,100.0,100.0
2026-09-01,SUP-020,Supplier 020,China,APAC,PLT-01,Munich Center,Germany,EMEA,SMB,Singapore,1,30138.28,1,30138.28,0,0.0,0,0.0,1,30138.28,100.0,100.0
2026-09-01,SUP-020,Supplier 020,China,APAC,PLT-04,Chennai Forge,India,APAC,SMB,Singapore,1,10634.11,1,10634.11,1,10634.11,1,10634.11,0,0.0,100.0,100.0
2026-09-01,SUP-021,Supplier 021,Germany,EMEA,PLT-09,Hanoi Assembly,Vietnam,APAC,Government,Germany,1,6224.04,1,6224.04,1,6224.04,1,6224.04,0,0.0,100.0,100.0
2026-09-01,SUP-021,Supplier 021,Germany,EMEA,PLT-05,Monterrey Plant,Mexico,LATAM,SMB,UK,1,1906.24,1,1906.24,1,1906.24,0,0.0,0,0.0,100.0,100.0
2026-09-01,SUP-021,Supplier 021,Germany,EMEA,PLT-06,Sao Paulo Ops,Brazil,LATAM,Enterprise,Australia,1,10528.98,1,10528.98,1,10528.98,0,0.0,0,0.0,100.0,100.0
2026-09-01,SUP-021,Supplier 021,Germany,EMEA,PLT-03,Tokyo Precision,Japan,APAC,Government,France,1,20288.03,1,20288.03,1,20288.03,1,20288.03,0,0.0,100.0,100.0
2026-09-01,SUP-021,Supplier 021,Germany,EMEA,PLT-02,Detroit Works,USA,NA,Enterprise,France,1,5585.16,1,5585.16,1,5585.16,1,5585.16,0,0.0,100.0,100.0
2026-09-01,SUP-021,Supplier 021,Germany,EMEA,PLT-05,Monterrey Plant,Mexico,LATAM,SMB,Canada,1,2452.8,1,2452.8,1,2452.8,0,0.0,0,0.0,100.0,100.0
2026-09-01,SUP-021,Supplier 021,Germany,EMEA,PLT-02,Detroit Works,USA,NA,SMB,USA,1,101057.46,1,101057.46,1,101057.46,0,0.0,0,0.0,100.0,100.0
2026-09-01,SUP-021,Supplier 021,Germany,EMEA,PLT-02,Detroit Works,USA,NA,Government,Germany,1,67.17,1,67.17,1,67.17,0,0.0,0,0.0,100.0,100.0
2026-09-01,SUP-021,Supplier 021,Germany,EMEA,PLT-06,Sao Paulo Ops,Brazil,LATAM,SMB,Germany,1,6228.86,1,6228.86,1,6228.86,0,0.0,0,0.0,100.0,100.0
2026-09-01,SUP-022,Supplier 022,USA,NA,PLT-09,Hanoi Assembly,Vietnam,APAC,SMB,Germany,1,3513.4,1,3513.4,1,3513.4,0,0.0,0,0.0,100.0,100.0
2026-09-01,SUP-022,Supplier 022,USA,NA,PLT-08,Taipei Micro,Taiwan,APAC,SMB,Singapore,1,7826.8,1,7826.8,1,7826.8,0,0.0,0,0.0,100.0,100.0
2026-09-01,SUP-022,Supplier 022,USA,NA,PLT-01,Munich Center,Germany,EMEA,Government,France,1,34754.88,1,34754.88,1,34754.88,0,0.0,0,0.0,100.0,100.0
2026-09-01,SUP-022,Supplier 022,USA,NA,PLT-01,Munich Center,Germany,EMEA,Government,Canada,1,58990.21,1,58990.21,1,58990.21,1,58990.21,0,0.0,100.0,100.0
2026-09-01,SUP-022,Supplier 022,USA,NA,PLT-05,Monterrey Plant,Mexico,LATAM,SMB,Australia,1,28285.74,0,0.0,0,0.0,0,0.0,0,0.0,0.0,0.0
2026-09-01,SUP-022,Supplier 022,USA,NA,PLT-03,Tokyo Precision,Japan,APAC,Government,Germany,1,21384.44,1,21384.44,1,21384.44,0,0.0,0,0.0,100.0,100.0
2026-09-01,SUP-022,Supplier 022,USA,NA,PLT-08,Taipei Micro,Taiwan,APAC,SMB,Germany,1,5112.7,1,5112.7,1,5112.7,1,5112.7,0,0.0,100.0,100.0
2026-09-01,SUP-022,Supplier 022,USA,NA,PLT-07,Seoul Tech,South Korea,APAC,SMB,Germany,1,7373.85,0,0.0,0,0.0,0,0.0,0,0.0,0.0,0.0
2026-09-01,SUP-022,Supplier 022,USA,NA,PLT-00,Shanghai Hub,China,APAC,Government,Singapore,1,9406.77,0,0.0,0,0.0,0,0.0,0,0.0,0.0,0.0
2026-09-01,SUP-022,Supplier 022,USA,NA,PLT-06,Sao Paulo Ops,Brazil,LATAM,SMB,USA,1,8591.0,1,8591.0,1,8591.0,1,8591.0,0,0.0,100.0,100.0
2026-09-01,SUP-022,Supplier 022,USA,NA,PLT-02,Detroit Works,USA,NA,Enterprise,UK,1,19827.99,1,19827.99,1,19827.99,0,0.0,0,0.0,100.0,100.0
2026-09-01,SUP-022,Supplier 022,USA,NA,PLT-07,Seoul Tech,South Korea,APAC,Government,Canada,1,9510.27,1,9510.27,1,9510.27,0,0.0,0,0.0,100.0,100.0
2026-09-01,SUP-022,Supplier 022,USA,NA,PLT-03,Tokyo Precision,Japan,APAC,SMB,France,1,21167.73,1,21167.73,1,21167.73,0,0.0,0,0.0,100.0,100.0
2026-09-01,SUP-023,Supplier 023,Japan,APAC,PLT-04,Chennai Forge,India,APAC,SMB,UK,1,12286.85,0,0.0,0,0.0,0,0.0,0,0.0,0.0,0.0
2026-09-01,SUP-023,Supplier 023,Japan,APAC,PLT-08,Taipei Micro,Taiwan,APAC,SMB,Singapore,1,8692.39,0,0.0,0,0.0,0,0.0,0,0.0,0.0,0.0
2026-09-01,SUP-023,Supplier 023,Japan,APAC,PLT-03,Tokyo Precision,Japan,APAC,SMB,UK,1,10886.04,1,10886.04,0,0.0,1,10886.04,0,0.0,100.0,100.0
2026-09-01,SUP-023,Supplier 023,Japan,APAC,PLT-09,Hanoi Assembly,Vietnam,APAC,Enterprise,Germany,1,12059.55,1,12059.55,1,12059.55,0,0.0,0,0.0,100.0,100.0
2026-09-01,SUP-023,Supplier 023,Japan,APAC,PLT-01,Munich Center,Germany,EMEA,Enterprise,USA,1,42171.84,0,0.0,0,0.0,0,0.0,0,0.0,0.0,0.0
2026-09-01,SUP-024,Supplier 024,India,APAC,PLT-06,Sao Paulo Ops,Brazil,LATAM,SMB,Australia,1,5523.5,1,5523.5,1,5523.5,0,0.0,0,0.0,100.0,100.0
2026-09-01,SUP-024,Supplier 024,India,APAC,PLT-01,Munich Center,Germany,EMEA,SMB,Singapore,1,7379.1,1,7379.1,1,7379.1,1,7379.1,0,0.0,100.0,100.0
2026-09-01,SUP-024,Supplier 024,India,APAC,PLT-06,Sao Paulo Ops,Brazil,LATAM,Enterprise,France,1,22687.21,0,0.0,0,0.0,0,0.0,0,0.0,0.0,0.0
2026-09-01,SUP-024,Supplier 024,India,APAC,PLT-05,Monterrey Plant,Mexico,LATAM,Enterprise,France,1,49136.79,1,49136.79,1,49136.79,1,49136.79,0,0.0,100.0,100.0
2026-09-01,SUP-024,Supplier 024,India,APAC,PLT-07,Seoul Tech,South Korea,APAC,SMB,Singapore,1,12356.37,1,12356.37,1,12356.37,1,12356.37,0,0.0,100.0,100.0
2026-09-01,SUP-024,Supplier 024,India,APAC,PLT-01,Munich Center,Germany,EMEA,SMB,UK,1,51820.23,1,51820.23,1,51820.23,0,0.0,0,0.0,100.0,100.0
2026-09-01,SUP-025,Supplier 025,Mexico,LATAM,PLT-02,Detroit Works,USA,NA,Enterprise,USA,1,16820.16,1,16820.16,1,16820.16,0,0.0,0,0.0,100.0,100.0
2026-09-01,SUP-025,Supplier 025,Mexico,LATAM,PLT-08,Taipei Micro,Taiwan,APAC,SMB,UK,1,9294.88,0,0.0,0,0.0,0,0.0,0,0.0,0.0,0.0
2026-09-01,SUP-025,Supplier 025,Mexico,LATAM,PLT-06,Sao Paulo Ops,Brazil,LATAM,SMB,Australia,1,2581.74,1,2581.74,1,2581.74,0,0.0,0,0.0,100.0,100.0
2026-09-01,SUP-025,Supplier 025,Mexico,LATAM,PLT-02,Detroit Works,USA,NA,Government,USA,1,11483.52,1,11483.52,1,11483.52,0,0.0,0,0.0,100.0,100.0
2026-09-01,SUP-025,Supplier 025,Mexico,LATAM,PLT-04,Chennai Forge,India,APAC,Enterprise,Germany,1,12974.89,1,12974.89,1,12974.89,1,12974.89,0,0.0,100.0,100.0
2026-09-01,SUP-025,Supplier 025,Mexico,LATAM,PLT-08,Taipei Micro,Taiwan,APAC,Government,France,1,30520.12,1,30520.12,1,30520.12,1,30520.12,0,0.0,100.0,100.0
2026-09-01,SUP-025,Supplier 025,Mexico,LATAM,PLT-04,Chennai Forge,India,APAC,SMB,France,1,23487.03,1,23487.03,1,23487.03,0,0.0,0,0.0,100.0,100.0
2026-09-01,SUP-025,Supplier 025,Mexico,LATAM,PLT-07,Seoul Tech,South Korea,APAC,SMB,France,1,2551.08,1,2551.08,1,2551.08,0,0.0,0,0.0,100.0,100.0
2026-09-01,SUP-025,Supplier 025,Mexico,LATAM,PLT-09,Hanoi Assembly,Vietnam,APAC,Enterprise,Japan,1,12508.08,0,0.0,0,0.0,0,0.0,0,0.0,0.0,0.0
2026-09-01,SUP-026,Supplier 026,Brazil,LATAM,PLT-04,Chennai Forge,India,APAC,Government,Germany,1,38922.12,1,38922.12,1,38922.12,0,0.0,0,0.0,100.0,100.0
2026-09-01,SUP-026,Supplier 026,Brazil,LATAM,PLT-05,Monterrey Plant,Mexico,LATAM,Government,USA,1,95908.56,0,0.0,0,0.0,0,0.0,0,0.0,0.0,0.0
2026-09-01,SUP-026,Supplier 026,Brazil,LATAM,PLT-04,Chennai Forge,India,APAC,Enterprise,USA,1,10706.5,0,0.0,0,0.0,0,0.0,0,0.0,0.0,0.0
2026-09-01,SUP-026,Supplier 026,Brazil,LATAM,PLT-06,Sao Paulo Ops,Brazil,LATAM,Government,Singapore,1,42032.66,1,42032.66,1,42032.66,0,0.0,0,0.0,100.0,100.0
2026-09-01,SUP-026,Supplier 026,Brazil,LATAM,PLT-07,Seoul Tech,South Korea,APAC,Enterprise,USA,1,9915.36,1,9915.36,1,9915.36,0,0.0,0,0.0,100.0,100.0
2026-09-01,SUP-027,Supplier 027,South Korea,APAC,PLT-00,Shanghai Hub,China,APAC,SMB,UK,1,3525.84,1,3525.84,1,3525.84,1,3525.84,0,0.0,100.0,100.0
2026-09-01,SUP-027,Supplier 027,South Korea,APAC,PLT-08,Taipei Micro,Taiwan,APAC,Enterprise,France,1,26029.63,1,26029.63,1,26029.63,0,0.0,0,0.0,100.0,100.0
2026-09-01,SUP-027,Supplier 027,South Korea,APAC,PLT-00,Shanghai Hub,China,APAC,SMB,Germany,1,2591.34,0,0.0,0,0.0,0,0.0,0,0.0,0.0,0.0
2026-09-01,SUP-027,Supplier 027,South Korea,APAC,PLT-00,Shanghai Hub,China,APAC,Enterprise,Canada,1,1132.14,0,0.0,0,0.0,0,0.0,0,0.0,0.0,0.0
2026-09-01,SUP-027,Supplier 027,South Korea,APAC,PLT-02,Detroit Works,USA,NA,SMB,Australia,1,184.17,0,0.0,0,0.0,0,0.0,0,0.0,0.0,0.0
2026-09-01,SUP-027,Supplier 027,South Korea,APAC,PLT-05,Monterrey Plant,Mexico,LATAM,Enterprise,Canada,1,45675.0,1,45675.0,1,45675.0,0,0.0,0,0.0,100.0,100.0
2026-09-01,SUP-027,Supplier 027,South Korea,APAC,PLT-09,Hanoi Assembly,Vietnam,APAC,SMB,Singapore,1,5241.72,1,5241.72,1,5241.72,0,0.0,0,0.0,100.0,100.0
2026-09-01,SUP-027,Supplier 027,South Korea,APAC,PLT-09,Hanoi Assembly,Vietnam,APAC,SMB,Germany,1,6606.6,1,6606.6,1,6606.6,1,6606.6,0,0.0,100.0,100.0
2026-09-01,SUP-027,Supplier 027,South Korea,APAC,PLT-09,Hanoi Assembly,Vietnam,APAC,SMB,Canada,1,3194.1,1,3194.1,1,3194.1,0,0.0,0,0.0,100.0,100.0
2026-09-01,SUP-027,Supplier 027,South Korea,APAC,PLT-04,Chennai Forge,India,APAC,Government,USA,1,41485.86,1,41485.86,1,41485.86,0,0.0,0,0.0,100.0,100.0
2026-09-01,SUP-027,Supplier 027,South Korea,APAC,PLT-01,Munich Center,Germany,EMEA,SMB,UK,1,22653.38,1,22653.38,0,0.0,1,22653.38,0,0.0,100.0,100.0
2026-09-01,SUP-027,Supplier 027,South Korea,APAC,PLT-02,Detroit Works,USA,NA,SMB,France,1,36928.89,0,0.0,0,0.0,0,0.0,0,0.0,0.0,0.0
2026-09-01,SUP-027,Supplier 027,South Korea,APAC,PLT-04,Chennai Forge,India,APAC,SMB,Singapore,1,733.49,1,733.49,1,733.49,1,733.49,0,0.0,100.0,100.0
2026-09-01,SUP-028,Supplier 028,Taiwan,APAC,PLT-09,Hanoi Assembly,Vietnam,APAC,SMB,Canada,1,19581.88,1,19581.88,0,0.0,1,19581.88,0,0.0,100.0,100.0
2026-09-01,SUP-028,Supplier 028,Taiwan,APAC,PLT-01,Munich Center,Germany,EMEA,SMB,Canada,1,59849.54,0,0.0,0,0.0,0,0.0,0,0.0,0.0,0.0
2026-09-01,SUP-028,Supplier 028,Taiwan,APAC,PLT-01,Munich Center,Germany,EMEA,SMB,France,1,985.92,0,0.0,0,0.0,0,0.0,0,0.0,0.0,0.0
2026-09-01,SUP-029,Supplier 029,Vietnam,APAC,PLT-06,Sao Paulo Ops,Brazil,LATAM,Enterprise,Japan,1,25691.82,1,25691.82,1,25691.82,1,25691.82,0,0.0,100.0,100.0
2026-09-01,SUP-029,Supplier 029,Vietnam,APAC,PLT-06,Sao Paulo Ops,Brazil,LATAM,Enterprise,France,1,18973.43,0,0.0,0,0.0,0,0.0,0,0.0,0.0,0.0
2026-09-01,SUP-029,Supplier 029,Vietnam,APAC,PLT-09,Hanoi Assembly,Vietnam,APAC,SMB,Australia,1,6190.1,1,6190.1,1,6190.1,0,0.0,0,0.0,100.0,100.0
2026-09-01,SUP-029,Supplier 029,Vietnam,APAC,PLT-07,Seoul Tech,South Korea,APAC,Government,France,1,1632.0,0,0.0,0,0.0,0,0.0,0,0.0,0.0,0.0
2026-09-01,SUP-029,Supplier 029,Vietnam,APAC,PLT-07,Seoul Tech,South Korea,APAC,Enterprise,USA,1,8918.0,0,0.0,0,0.0,0,0.0,0,0.0,0.0,0.0
2026-09-01,SUP-029,Supplier 029,Vietnam,APAC,PLT-04,Chennai Forge,India,APAC,Enterprise,Japan,1,6336.12,0,0.0,0,0.0,0,0.0,0,0.0,0.0,0.0
2026-09-01,SUP-029,Supplier 029,Vietnam,APAC,PLT-06,Sao Paulo Ops,Brazil,LATAM,Government,Germany,1,8680.25,0,0.0,0,0.0,0,0.0,0,0.0,0.0,0.0
2026-09-01,SUP-030,Supplier 030,China,APAC,PLT-02,Detroit Works,USA,NA,SMB,Australia,1,6372.62,1,6372.62,1,6372.62,1,6372.62,0,0.0,100.0,100.0
2026-09-01,SUP-030,Supplier 030,China,APAC,PLT-06,Sao Paulo Ops,Brazil,LATAM,Government,Japan,1,13465.2,1,13465.2,1,13465.2,1,13465.2,0,0.0,100.0,100.0
2026-09-01,SUP-030,Supplier 030,China,APAC,PLT-07,Seoul Tech,South Korea,APAC,SMB,Australia,1,60052.1,1,60052.1,1,60052.1,1,60052.1,0,0.0,100.0,100.0
2026-09-01,SUP-030,Supplier 030,China,APAC,PLT-06,Sao Paulo Ops,Brazil,LATAM,SMB,Singapore,1,3500.0,1,3500.0,1,3500.0,0,0.0,0,0.0,100.0,100.0
2026-09-01,SUP-030,Supplier 030,China,APAC,PLT-05,Monterrey Plant,Mexico,LATAM,Enterprise,Japan,1,54966.08,0,0.0,0,0.0,0,0.0,0,0.0,0.0,0.0
2026-09-01,SUP-031,Supplier 031,Germany,EMEA,PLT-03,Tokyo Precision,Japan,APAC,SMB,France,1,2155.86,1,2155.86,1,2155.86,0,0.0,0,0.0,100.0,100.0
2026-09-01,SUP-031,Supplier 031,Germany,EMEA,PLT-03,Tokyo Precision,Japan,APAC,SMB,Singapore,1,43989.26,1,43989.26,0,0.0,0,0.0,1,43989.26,100.0,100.0
2026-09-01,SUP-031,Supplier 031,Germany,EMEA,PLT-05,Monterrey Plant,Mexico,LATAM,SMB,USA,1,19236.08,1,19236.08,1,19236.08,1,19236.08,0,0.0,100.0,100.0
2026-09-01,SUP-031,Supplier 031,Germany,EMEA,PLT-00,Shanghai Hub,China,APAC,SMB,UK,1,9624.66,0,0.0,0,0.0,0,0.0,0,0.0,0.0,0.0
2026-09-01,SUP-031,Supplier 031,Germany,EMEA,PLT-00,Shanghai Hub,China,APAC,SMB,Singapore,1,31952.94,0,0.0,0,0.0,0,0.0,0,0.0,0.0,0.0
2026-09-01,SUP-031,Supplier 031,Germany,EMEA,PLT-03,Tokyo Precision,Japan,APAC,SMB,UK,1,17072.58,1,17072.58,0,0.0,1,17072.58,0,0.0,100.0,100.0
2026-09-01,SUP-031,Supplier 031,Germany,EMEA,PLT-02,Detroit Works,USA,NA,SMB,Canada,1,527.02,0,0.0,0,0.0,0,0.0,0,0.0,0.0,0.0
2026-09-01,SUP-031,Supplier 031,Germany,EMEA,PLT-03,Tokyo Precision,Japan,APAC,Government,Australia,1,1367.22,1,1367.22,1,1367.22,0,0.0,0,0.0,100.0,100.0
2026-09-01,SUP-031,Supplier 031,Germany,EMEA,PLT-09,Hanoi Assembly,Vietnam,APAC,SMB,Canada,1,24573.84,1,24573.84,1,24573.84,1,24573.84,0,0.0,100.0,100.0
2026-09-01,SUP-032,Supplier 032,USA,NA,PLT-07,Seoul Tech,South Korea,APAC,Government,Germany,1,13284.48,1,13284.48,1,13284.48,0,0.0,0,0.0,100.0,100.0
2026-09-01,SUP-032,Supplier 032,USA,NA,PLT-05,Monterrey Plant,Mexico,LATAM,SMB,Singapore,1,21044.4,0,0.0,0,0.0,0,0.0,0,0.0,0.0,0.0
2026-09-01,SUP-032,Supplier 032,USA,NA,PLT-06,Sao Paulo Ops,Brazil,LATAM,SMB,Australia,1,39517.68,1,39517.68,1,39517.68,0,0.0,0,0.0,100.0,100.0
2026-09-01,SUP-032,Supplier 032,USA,NA,PLT-04,Chennai Forge,India,APAC,Enterprise,USA,1,1878.8,1,1878.8,0,0.0,0,0.0,1,1878.8,100.0,100.0
2026-09-01,SUP-032,Supplier 032,USA,NA,PLT-00,Shanghai Hub,China,APAC,Enterprise,Canada,1,39363.06,1,39363.06,1,39363.06,0,0.0,0,0.0,100.0,100.0
2026-09-01,SUP-033,Supplier 033,Japan,APAC,PLT-02,Detroit Works,USA,NA,Government,Canada,1,9348.14,1,9348.14,1,9348.14,0,0.0,0,0.0,100.0,100.0
2026-09-01,SUP-033,Supplier 033,Japan,APAC,PLT-02,Detroit Works,USA,NA,SMB,UK,1,13628.12,1,13628.12,0,0.0,1,13628.12,0,0.0,100.0,100.0
2026-09-01,SUP-033,Supplier 033,Japan,APAC,PLT-08,Taipei Micro,Taiwan,APAC,SMB,Singapore,1,45333.92,1,45333.92,1,45333.92,1,45333.92,0,0.0,100.0,100.0
2026-09-01,SUP-033,Supplier 033,Japan,APAC,PLT-00,Shanghai Hub,China,APAC,Enterprise,France,1,20679.3,1,20679.3,1,20679.3,1,20679.3,0,0.0,100.0,100.0
2026-09-01,SUP-033,Supplier 033,Japan,APAC,PLT-09,Hanoi Assembly,Vietnam,APAC,Enterprise,USA,1,14057.56,1,14057.56,0,0.0,1,14057.56,0,0.0,100.0,100.0
2026-09-01,SUP-033,Supplier 033,Japan,APAC,PLT-06,Sao Paulo Ops,Brazil,LATAM,SMB,Germany,1,33182.4,1,33182.4,1,33182.4,0,0.0,0,0.0,100.0,100.0
2026-09-01,SUP-033,Supplier 033,Japan,APAC,PLT-05,Monterrey Plant,Mexico,LATAM,SMB,Canada,1,9481.95,0,0.0,0,0.0,0,0.0,0,0.0,0.0,0.0
2026-09-01,SUP-033,Supplier 033,Japan,APAC,PLT-07,Seoul Tech,South Korea,APAC,SMB,Singapore,1,1742.24,1,1742.24,1,1742.24,0,0.0,0,0.0,100.0,100.0
2026-09-01,SUP-034,Supplier 034,India,APAC,PLT-03,Tokyo Precision,Japan,APAC,Enterprise,France,1,5578.4,1,5578.4,1,5578.4,1,5578.4,0,0.0,100.0,100.0
2026-09-01,SUP-034,Supplier 034,India,APAC,PLT-05,Monterrey Plant,Mexico,LATAM,Enterprise,Canada,1,459.39,1,459.39,1,459.39,0,0.0,0,0.0,100.0,100.0
2026-09-01,SUP-034,Supplier 034,India,APAC,PLT-07,Seoul Tech,South Korea,APAC,Government,USA,1,2356.68,0,0.0,0,0.0,0,0.0,0,0.0,0.0,0.0
2026-09-01,SUP-034,Supplier 034,India,APAC,PLT-02,Detroit Works,USA,NA,SMB,Canada,1,16736.85,1,16736.85,1,16736.85,0,0.0,0,0.0,100.0,100.0
2026-09-01,SUP-034,Supplier 034,India,APAC,PLT-09,Hanoi Assembly,Vietnam,APAC,Government,USA,1,36885.1,1,36885.1,1,36885.1,0,0.0,0,0.0,100.0,100.0
2026-09-01,SUP-034,Supplier 034,India,APAC,PLT-00,Shanghai Hub,China,APAC,SMB,Singapore,1,49236.27,1,49236.27,1,49236.27,0,0.0,0,0.0,100.0,100.0
2026-09-01,SUP-034,Supplier 034,India,APAC,PLT-02,Detroit Works,USA,NA,SMB,UK,1,6299.26,0,0.0,0,0.0,0,0.0,0,0.0,0.0,0.0
2026-09-01,SUP-034,Supplier 034,India,APAC,PLT-08,Taipei Micro,Taiwan,APAC,Government,UK,1,6818.46,1,6818.46,1,6818.46,0,0.0,0,0.0,100.0,100.0
2026-09-01,SUP-034,Supplier 034,India,APAC,PLT-02,Detroit Works,USA,NA,Government,USA,1,89095.22,0,0.0,0,0.0,0,0.0,0,0.0,0.0,0.0
2026-09-01,SUP-035,Supplier 035,Mexico,LATAM,PLT-00,Shanghai Hub,China,APAC,Enterprise,UK,1,5163.96,1,5163.96,1,5163.96,0,0.0,0,0.0,100.0,100.0
2026-09-01,SUP-035,Supplier 035,Mexico,LATAM,PLT-08,Taipei Micro,Taiwan,APAC,Enterprise,Germany,1,25163.34,1,25163.34,1,25163.34,0,0.0,0,0.0,100.0,100.0
2026-09-01,SUP-035,Supplier 035,Mexico,LATAM,PLT-06,Sao Paulo Ops,Brazil,LATAM,Government,France,1,9913.68,0,0.0,0,0.0,0,0.0,0,0.0,0.0,0.0
2026-09-01,SUP-035,Supplier 035,Mexico,LATAM,PLT-09,Hanoi Assembly,Vietnam,APAC,SMB,UK,1,15239.95,1,15239.95,1,15239.95,0,0.0,0,0.0,100.0,100.0
2026-09-01,SUP-035,Supplier 035,Mexico,LATAM,PLT-06,Sao Paulo Ops,Brazil,LATAM,SMB,UK,1,24154.66,1,24154.66,1,24154.66,0,0.0,0,0.0,100.0,100.0
2026-09-01,SUP-035,Supplier 035,Mexico,LATAM,PLT-00,Shanghai Hub,China,APAC,SMB,Australia,1,4369.75,1,4369.75,0,0.0,1,4369.75,0,0.0,100.0,100.0
2026-09-01,SUP-035,Supplier 035,Mexico,LATAM,PLT-09,Hanoi Assembly,Vietnam,APAC,Government,UK,1,1818.3,1,1818.3,1,1818.3,0,0.0,0,0.0,100.0,100.0
2026-09-01,SUP-035,Supplier 035,Mexico,LATAM,PLT-09,Hanoi Assembly,Vietnam,APAC,SMB,Germany,1,28623.26,1,28623.26,1,28623.26,0,0.0,0,0.0,100.0,100.0
2026-09-01,SUP-035,Supplier 035,Mexico,LATAM,PLT-08,Taipei Micro,Taiwan,APAC,SMB,Germany,1,4875.82,1,4875.82,1,4875.82,0,0.0,0,0.0,100.0,100.0
2026-09-01,SUP-035,Supplier 035,Mexico,LATAM,PLT-01,Munich Center,Germany,EMEA,Government,USA,1,22409.6,1,22409.6,1,22409.6,0,0.0,0,0.0,100.0,100.0
2026-09-01,SUP-036,Supplier 036,Brazil,LATAM,PLT-07,Seoul Tech,South Korea,APAC,SMB,Germany,1,2040.73,0,0.0,0,0.0,0,0.0,0,0.0,0.0,0.0
2026-09-01,SUP-036,Supplier 036,Brazil,LATAM,PLT-04,Chennai Forge,India,APAC,SMB,Australia,1,6266.0,1,6266.0,0,0.0,1,6266.0,0,0.0,100.0,100.0
2026-09-01,SUP-036,Supplier 036,Brazil,LATAM,PLT-05,Monterrey Plant,Mexico,LATAM,SMB,Germany,1,108.0,1,108.0,1,108.0,1,108.0,0,0.0,100.0,100.0
2026-09-01,SUP-036,Supplier 036,Brazil,LATAM,PLT-04,Chennai Forge,India,APAC,Government,Japan,1,46033.55,1,46033.55,1,46033.55,0,0.0,0,0.0,100.0,100.0
2026-09-01,SUP-036,Supplier 036,Brazil,LATAM,PLT-08,Taipei Micro,Taiwan,APAC,SMB,Singapore,1,1826.73,1,1826.73,1,1826.73,0,0.0,0,0.0,100.0,100.0
2026-09-01,SUP-036,Supplier 036,Brazil,LATAM,PLT-07,Seoul Tech,South Korea,APAC,SMB,Canada,1,28830.9,1,28830.9,1,28830.9,0,0.0,0,0.0,100.0,100.0
2026-09-01,SUP-037,Supplier 037,South Korea,APAC,PLT-00,Shanghai Hub,China,APAC,Enterprise,USA,1,32678.61,1,32678.61,1,32678.61,0,0.0,0,0.0,100.0,100.0
2026-09-01,SUP-037,Supplier 037,South Korea,APAC,PLT-01,Munich Center,Germany,EMEA,SMB,France,1,1849.5,0,0.0,0,0.0,0,0.0,0,0.0,0.0,0.0
2026-09-01,SUP-037,Supplier 037,South Korea,APAC,PLT-00,Shanghai Hub,China,APAC,SMB,UK,1,57755.88,1,57755.88,1,57755.88,1,57755.88,0,0.0,100.0,100.0
2026-09-01,SUP-037,Supplier 037,South Korea,APAC,PLT-05,Monterrey Plant,Mexico,LATAM,SMB,Singapore,1,41561.0,1,41561.0,1,41561.0,0,0.0,0,0.0,100.0,100.0
2026-09-01,SUP-037,Supplier 037,South Korea,APAC,PLT-04,Chennai Forge,India,APAC,SMB,USA,1,22253.42,1,22253.42,1,22253.42,0,0.0,0,0.0,100.0,100.0
2026-09-01,SUP-037,Supplier 037,South Korea,APAC,PLT-01,Munich Center,Germany,EMEA,Enterprise,USA,1,9997.75,1,9997.75,1,9997.75,0,0.0,0,0.0,100.0,100.0
2026-09-01,SUP-037,Supplier 037,South Korea,APAC,PLT-04,Chennai Forge,India,APAC,SMB,Germany,1,19414.85,1,19414.85,1,19414.85,1,19414.85,0,0.0,100.0,100.0
2026-09-01,SUP-037,Supplier 037,South Korea,APAC,PLT-04,Chennai Forge,India,APAC,Enterprise,USA,1,6106.8,1,6106.8,1,6106.8,1,6106.8,0,0.0,100.0,100.0
2026-09-01,SUP-037,Supplier 037,South Korea,APAC,PLT-07,Seoul Tech,South Korea,APAC,SMB,Germany,1,11829.46,1,11829.46,1,11829.46,0,0.0,0,0.0,100.0,100.0
2026-09-01,SUP-037,Supplier 037,South Korea,APAC,PLT-00,Shanghai Hub,China,APAC,Enterprise,France,1,28040.8,0,0.0,0,0.0,0,0.0,0,0.0,0.0,0.0
2026-09-01,SUP-037,Supplier 037,South Korea,APAC,PLT-05,Monterrey Plant,Mexico,LATAM,Enterprise,Canada,1,24732.31,1,24732.31,1,24732.31,1,24732.31,0,0.0,100.0,100.0
2026-09-01,SUP-037,Supplier 037,South Korea,APAC,PLT-03,Tokyo Precision,Japan,APAC,Enterprise,Japan,1,35845.19,1,35845.19,1,35845.19,0,0.0,0,0.0,100.0,100.0
2026-09-01,SUP-037,Supplier 037,South Korea,APAC,PLT-05,Monterrey Plant,Mexico,LATAM,Government,Australia,1,6446.08,1,6446.08,1,6446.08,1,6446.08,0,0.0,100.0,100.0
2026-09-01,SUP-037,Supplier 037,South Korea,APAC,PLT-09,Hanoi Assembly,Vietnam,APAC,Enterprise,USA,1,10840.2,1,10840.2,1,10840.2,0,0.0,0,0.0,100.0,100.0
2026-09-01,SUP-037,Supplier 037,South Korea,APAC,PLT-03,Tokyo Precision,Japan,APAC,Enterprise,USA,1,33226.61,0,0.0,0,0.0,0,0.0,0,0.0,0.0,0.0
2026-09-01,SUP-038,Supplier 038,Taiwan,APAC,PLT-04,Chennai Forge,India,APAC,Enterprise,Germany,1,13401.18,1,13401.18,1,13401.18,0,0.0,0,0.0,100.0,100.0
2026-09-01,SUP-038,Supplier 038,Taiwan,APAC,PLT-00,Shanghai Hub,China,APAC,SMB,UK,1,861.44,1,861.44,1,861.44,0,0.0,0,0.0,100.0,100.0
2026-09-01,SUP-038,Supplier 038,Taiwan,APAC,PLT-03,Tokyo Precision,Japan,APAC,Enterprise,Canada,1,28411.6,1,28411.6,1,28411.6,0,0.0,0,0.0,100.0,100.0
2026-09-01,SUP-038,Supplier 038,Taiwan,APAC,PLT-03,Tokyo Precision,Japan,APAC,Government,Germany,1,8264.31,1,8264.31,1,8264.31,0,0.0,0,0.0,100.0,100.0
2026-09-01,SUP-038,Supplier 038,Taiwan,APAC,PLT-07,Seoul Tech,South Korea,APAC,Government,Australia,1,13038.06,1,13038.06,1,13038.06,1,13038.06,0,0.0,100.0,100.0
2026-09-01,SUP-038,Supplier 038,Taiwan,APAC,PLT-00,Shanghai Hub,China,APAC,SMB,France,1,10671.44,0,0.0,0,0.0,0,0.0,0,0.0,0.0,0.0
2026-09-01,SUP-038,Supplier 038,Taiwan,APAC,PLT-08,Taipei Micro,Taiwan,APAC,Enterprise,Canada,1,10396.87,0,0.0,0,0.0,0,0.0,0,0.0,0.0,0.0
2026-09-01,SUP-038,Supplier 038,Taiwan,APAC,PLT-04,Chennai Forge,India,APAC,SMB,Singapore,1,33067.55,1,33067.55,1,33067.55,0,0.0,0,0.0,100.0,100.0
2026-09-01,SUP-038,Supplier 038,Taiwan,APAC,PLT-06,Sao Paulo Ops,Brazil,LATAM,SMB,France,1,74557.82,1,74557.82,1,74557.82,0,0.0,0,0.0,100.0,100.0
2026-09-01,SUP-039,Supplier 039,Vietnam,APAC,PLT-08,Taipei Micro,Taiwan,APAC,SMB,Singapore,1,24445.14,0,0.0,0,0.0,0,0.0,0,0.0,0.0,0.0
2026-09-01,SUP-039,Supplier 039,Vietnam,APAC,PLT-05,Monterrey Plant,Mexico,LATAM,SMB,Singapore,1,9449.8,1,9449.8,1,9449.8,0,0.0,0,0.0,100.0,100.0
2026-09-01,SUP-039,Supplier 039,Vietnam,APAC,PLT-06,Sao Paulo Ops,Brazil,LATAM,SMB,Singapore,1,1511.68,1,1511.68,1,1511.68,0,0.0,0,0.0,100.0,100.0
2026-09-01,SUP-039,Supplier 039,Vietnam,APAC,PLT-05,Monterrey Plant,Mexico,LATAM,Government,France,1,13226.6,1,13226.6,0,0.0,0,0.0,1,13226.6,100.0,100.0
2026-09-01,SUP-039,Supplier 039,Vietnam,APAC,PLT-00,Shanghai Hub,China,APAC,SMB,Singapore,1,2518.56,1,2518.56,1,2518.56,1,2518.56,0,0.0,100.0,100.0
2026-09-01,SUP-039,Supplier 039,Vietnam,APAC,PLT-08,Taipei Micro,Taiwan,APAC,SMB,Canada,1,5430.9,1,5430.9,1,5430.9,0,0.0,0,0.0,100.0,100.0
2026-09-01,SUP-039,Supplier 039,Vietnam,APAC,PLT-05,Monterrey Plant,Mexico,LATAM,Enterprise,Japan,1,1340.78,1,1340.78,0,0.0,1,1340.78,0,0.0,100.0,100.0
2026-09-01,SUP-040,Supplier 040,China,APAC,PLT-03,Tokyo Precision,Japan,APAC,SMB,UK,1,1775.74,0,0.0,0,0.0,0,0.0,0,0.0,0.0,0.0
2026-09-01,SUP-040,Supplier 040,China,APAC,PLT-09,Hanoi Assembly,Vietnam,APAC,SMB,Germany,1,17168.4,1,17168.4,1,17168.4,0,0.0,0,0.0,100.0,100.0
2026-09-01,SUP-040,Supplier 040,China,APAC,PLT-01,Munich Center,Germany,EMEA,Enterprise,USA,1,11800.38,0,0.0,0,0.0,0,0.0,0,0.0,0.0,0.0
2026-09-01,SUP-041,Supplier 041,Germany,EMEA,PLT-05,Monterrey Plant,Mexico,LATAM,SMB,Canada,1,161.88,1,161.88,1,161.88,0,0.0,0,0.0,100.0,100.0
2026-09-01,SUP-041,Supplier 041,Germany,EMEA,PLT-09,Hanoi Assembly,Vietnam,APAC,Government,UK,1,1072.17,1,1072.17,1,1072.17,0,0.0,0,0.0,100.0,100.0
2026-09-01,SUP-041,Supplier 041,Germany,EMEA,PLT-05,Monterrey Plant,Mexico,LATAM,SMB,UK,1,9126.0,1,9126.0,1,9126.0,0,0.0,0,0.0,100.0,100.0
2026-09-01,SUP-041,Supplier 041,Germany,EMEA,PLT-05,Monterrey Plant,Mexico,LATAM,SMB,France,1,53150.7,0,0.0,0,0.0,0,0.0,0,0.0,0.0,0.0
2026-09-01,SUP-041,Supplier 041,Germany,EMEA,PLT-03,Tokyo Precision,Japan,APAC,SMB,France,1,3638.5,1,3638.5,1,3638.5,0,0.0,0,0.0,100.0,100.0
2026-09-01,SUP-041,Supplier 041,Germany,EMEA,PLT-09,Hanoi Assembly,Vietnam,APAC,Enterprise,Canada,1,18423.6,1,18423.6,1,18423.6,1,18423.6,0,0.0,100.0,100.0
2026-09-01,SUP-041,Supplier 041,Germany,EMEA,PLT-09,Hanoi Assembly,Vietnam,APAC,Enterprise,Germany,1,56166.48,1,56166.48,1,56166.48,0,0.0,0,0.0,100.0,100.0
2026-09-01,SUP-041,Supplier 041,Germany,EMEA,PLT-06,Sao Paulo Ops,Brazil,LATAM,SMB,Australia,1,4955.16,1,4955.16,1,4955.16,0,0.0,0,0.0,100.0,100.0
2026-09-01,SUP-041,Supplier 041,Germany,EMEA,PLT-05,Monterrey Plant,Mexico,LATAM,Enterprise,UK,1,59020.08,1,59020.08,1,59020.08,1,59020.08,0,0.0,100.0,100.0
2026-09-01,SUP-041,Supplier 041,Germany,EMEA,PLT-04,Chennai Forge,India,APAC,Government,Canada,1,18995.24,0,0.0,0,0.0,0,0.0,0,0.0,0.0,0.0
2026-09-01,SUP-041,Supplier 041,Germany,EMEA,PLT-00,Shanghai Hub,China,APAC,SMB,Australia,1,46672.71,1,46672.71,1,46672.71,0,0.0,0,0.0,100.0,100.0
2026-09-01,SUP-041,Supplier 041,Germany,EMEA,PLT-05,Monterrey Plant,Mexico,LATAM,SMB,USA,1,30414.58,0,0.0,0,0.0,0,0.0,0,0.0,0.0,0.0
2026-09-01,SUP-041,Supplier 041,Germany,EMEA,PLT-00,Shanghai Hub,China,APAC,Enterprise,USA,1,29634.76,1,29634.76,1,29634.76,0,0.0,0,0.0,100.0,100.0
2026-09-01,SUP-041,Supplier 041,Germany,EMEA,PLT-00,Shanghai Hub,China,APAC,Enterprise,Germany,1,9882.0,1,9882.0,1,9882.0,0,0.0,0,0.0,100.0,100.0
2026-09-01,SUP-041,Supplier 041,Germany,EMEA,PLT-07,Seoul Tech,South Korea,APAC,SMB,Japan,1,17338.32,1,17338.32,0,0.0,1,17338.32,0,0.0,100.0,100.0
2026-09-01,SUP-042,Supplier 042,USA,NA,PLT-07,Seoul Tech,South Korea,APAC,Enterprise,Japan,1,20994.96,1,20994.96,1,20994.96,1,20994.96,0,0.0,100.0,100.0
2026-09-01,SUP-042,Supplier 042,USA,NA,PLT-07,Seoul Tech,South Korea,APAC,Enterprise,UK,1,33246.84,1,33246.84,0,0.0,1,33246.84,0,0.0,100.0,100.0
2026-09-01,SUP-042,Supplier 042,USA,NA,PLT-07,Seoul Tech,South Korea,APAC,SMB,Australia,1,12778.8,1,12778.8,1,12778.8,0,0.0,0,0.0,100.0,100.0
2026-09-01,SUP-042,Supplier 042,USA,NA,PLT-02,Detroit Works,USA,NA,SMB,Australia,1,31203.75,0,0.0,0,0.0,0,0.0,0,0.0,0.0,0.0
2026-09-01,SUP-042,Supplier 042,USA,NA,PLT-04,Chennai Forge,India,APAC,SMB,Australia,1,25243.15,1,25243.15,1,25243.15,0,0.0,0,0.0,100.0,100.0
2026-09-01,SUP-042,Supplier 042,USA,NA,PLT-08,Taipei Micro,Taiwan,APAC,SMB,Canada,1,2599.8,1,2599.8,1,2599.8,0,0.0,0,0.0,100.0,100.0
2026-09-01,SUP-042,Supplier 042,USA,NA,PLT-06,Sao Paulo Ops,Brazil,LATAM,Enterprise,Canada,1,20957.14,1,20957.14,1,20957.14,0,0.0,0,0.0,100.0,100.0
2026-09-01,SUP-042,Supplier 042,USA,NA,PLT-04,Chennai Forge,India,APAC,Enterprise,USA,1,3283.2,1,3283.2,1,3283.2,0,0.0,0,0.0,100.0,100.0
2026-09-01,SUP-042,Supplier 042,USA,NA,PLT-03,Tokyo Precision,Japan,APAC,Enterprise,France,1,49140.67,1,49140.67,1,49140.67,0,0.0,0,0.0,100.0,100.0
2026-09-01,SUP-042,Supplier 042,USA,NA,PLT-08,Taipei Micro,Taiwan,APAC,SMB,USA,1,3385.82,0,0.0,0,0.0,0,0.0,0,0.0,0.0,0.0
2026-09-01,SUP-042,Supplier 042,USA,NA,PLT-07,Seoul Tech,South Korea,APAC,SMB,Germany,2,29366.32,2,29366.32,2,29366.32,0,0.0,0,0.0,100.0,100.0
2026-09-01,SUP-042,Supplier 042,USA,NA,PLT-03,Tokyo Precision,Japan,APAC,SMB,France,1,1365.32,1,1365.32,0,0.0,1,1365.32,0,0.0,100.0,100.0
2026-09-01,SUP-042,Supplier 042,USA,NA,PLT-06,Sao Paulo Ops,Brazil,LATAM,SMB,Canada,1,13389.78,1,13389.78,1,13389.78,1,13389.78,0,0.0,100.0,100.0
2026-09-01,SUP-042,Supplier 042,USA,NA,PLT-06,Sao Paulo Ops,Brazil,LATAM,Enterprise,Australia,1,6039.91,0,0.0,0,0.0,0,0.0,0,0.0,0.0,0.0
2026-09-01,SUP-042,Supplier 042,USA,NA,PLT-06,Sao Paulo Ops,Brazil,LATAM,Government,Germany,1,1063.5,1,1063.5,1,1063.5,0,0.0,0,0.0,100.0,100.0
2026-09-01,SUP-042,Supplier 042,USA,NA,PLT-04,Chennai Forge,India,APAC,SMB,USA,1,29020.8,1,29020.8,1,29020.8,0,0.0,0,0.0,100.0,100.0
2026-09-01,SUP-043,Supplier 043,Japan,APAC,PLT-04,Chennai Forge,India,APAC,SMB,UK,1,14486.01,1,14486.01,1,14486.01,1,14486.01,0,0.0,100.0,100.0
2026-09-01,SUP-043,Supplier 043,Japan,APAC,PLT-08,Taipei Micro,Taiwan,APAC,SMB,Singapore,1,33478.95,1,33478.95,1,33478.95,1,33478.95,0,0.0,100.0,100.0
2026-09-01,SUP-043,Supplier 043,Japan,APAC,PLT-09,Hanoi Assembly,Vietnam,APAC,SMB,France,1,37694.49,1,37694.49,1,37694.49,0,0.0,0,0.0,100.0,100.0
2026-09-01,SUP-043,Supplier 043,Japan,APAC,PLT-07,Seoul Tech,South Korea,APAC,Enterprise,USA,1,4546.0,1,4546.0,1,4546.0,0,0.0,0,0.0,100.0,100.0
2026-09-01,SUP-043,Supplier 043,Japan,APAC,PLT-06,Sao Paulo Ops,Brazil,LATAM,Enterprise,Canada,1,1818.87,1,1818.87,1,1818.87,0,0.0,0,0.0,100.0,100.0
2026-09-01,SUP-043,Supplier 043,Japan,APAC,PLT-01,Munich Center,Germany,EMEA,SMB,UK,1,24295.89,0,0.0,0,0.0,0,0.0,0,0.0,0.0,0.0
2026-09-01,SUP-043,Supplier 043,Japan,APAC,PLT-01,Munich Center,Germany,EMEA,SMB,Australia,1,33268.92,1,33268.92,1,33268.92,0,0.0,0,0.0,100.0,100.0
2026-09-01,SUP-043,Supplier 043,Japan,APAC,PLT-02,Detroit Works,USA,NA,Enterprise,USA,1,3399.44,0,0.0,0,0.0,0,0.0,0,0.0,0.0,0.0
2026-09-01,SUP-044,Supplier 044,India,APAC,PLT-08,Taipei Micro,Taiwan,APAC,Government,Australia,1,19958.4,1,19958.4,0,0.0,1,19958.4,0,0.0,100.0,100.0
2026-09-01,SUP-044,Supplier 044,India,APAC,PLT-06,Sao Paulo Ops,Brazil,LATAM,SMB,Canada,1,2647.32,1,2647.32,1,2647.32,0,0.0,0,0.0,100.0,100.0
2026-09-01,SUP-044,Supplier 044,India,APAC,PLT-00,Shanghai Hub,China,APAC,Government,Singapore,1,28006.66,1,28006.66,1,28006.66,1,28006.66,0,0.0,100.0,100.0
2026-09-01,SUP-044,Supplier 044,India,APAC,PLT-08,Taipei Micro,Taiwan,APAC,SMB,Singapore,1,819.7,1,819.7,1,819.7,0,0.0,0,0.0,100.0,100.0
2026-09-01,SUP-044,Supplier 044,India,APAC,PLT-01,Munich Center,Germany,EMEA,SMB,Canada,1,4755.52,1,4755.52,1,4755.52,0,0.0,0,0.0,100.0,100.0
2026-09-01,SUP-044,Supplier 044,India,APAC,PLT-08,Taipei Micro,Taiwan,APAC,Enterprise,Japan,1,17535.15,1,17535.15,1,17535.15,1,17535.15,0,0.0,100.0,100.0
2026-09-01,SUP-044,Supplier 044,India,APAC,PLT-04,Chennai Forge,India,APAC,SMB,Australia,1,14439.6,1,14439.6,1,14439.6,1,14439.6,0,0.0,100.0,100.0
2026-09-01,SUP-044,Supplier 044,India,APAC,PLT-06,Sao Paulo Ops,Brazil,LATAM,SMB,USA,1,4958.28,1,4958.28,1,4958.28,0,0.0,0,0.0,100.0,100.0
2026-09-01,SUP-044,Supplier 044,India,APAC,PLT-04,Chennai Forge,India,APAC,SMB,Singapore,1,22234.68,1,22234.68,1,22234.68,1,22234.68,0,0.0,100.0,100.0
2026-09-01,SUP-045,Supplier 045,Mexico,LATAM,PLT-07,Seoul Tech,South Korea,APAC,SMB,UK,1,27871.48,1,27871.48,1,27871.48,0,0.0,0,0.0,100.0,100.0
2026-09-01,SUP-045,Supplier 045,Mexico,LATAM,PLT-07,Seoul Tech,South Korea,APAC,SMB,Germany,1,14522.26,1,14522.26,1,14522.26,0,0.0,0,0.0,100.0,100.0
2026-09-01,SUP-045,Supplier 045,Mexico,LATAM,PLT-02,Detroit Works,USA,NA,SMB,France,1,10628.8,1,10628.8,1,10628.8,0,0.0,0,0.0,100.0,100.0
2026-09-01,SUP-045,Supplier 045,Mexico,LATAM,PLT-01,Munich Center,Germany,EMEA,SMB,France,1,28438.11,1,28438.11,1,28438.11,0,0.0,0,0.0,100.0,100.0
2026-09-01,SUP-045,Supplier 045,Mexico,LATAM,PLT-05,Monterrey Plant,Mexico,LATAM,Enterprise,USA,1,35691.0,1,35691.0,1,35691.0,0,0.0,0,0.0,100.0,100.0
2026-09-01,SUP-045,Supplier 045,Mexico,LATAM,PLT-08,Taipei Micro,Taiwan,APAC,SMB,Canada,1,19239.0,1,19239.0,1,19239.0,0,0.0,0,0.0,100.0,100.0
2026-09-01,SUP-045,Supplier 045,Mexico,LATAM,PLT-07,Seoul Tech,South Korea,APAC,Government,USA,1,94264.31,1,94264.31,1,94264.31,0,0.0,0,0.0,100.0,100.0
2026-09-01,SUP-045,Supplier 045,Mexico,LATAM,PLT-03,Tokyo Precision,Japan,APAC,SMB,Canada,1,16663.74,0,0.0,0,0.0,0,0.0,0,0.0,0.0,0.0
2026-09-01,SUP-045,Supplier 045,Mexico,LATAM,PLT-04,Chennai Forge,India,APAC,Enterprise,USA,1,21881.04,1,21881.04,0,0.0,1,21881.04,0,0.0,100.0,100.0
2026-09-01,SUP-045,Supplier 045,Mexico,LATAM,PLT-02,Detroit Works,USA,NA,Enterprise,Germany,1,20787.13,0,0.0,0,0.0,0,0.0,0,0.0,0.0,0.0
2026-09-01,SUP-045,Supplier 045,Mexico,LATAM,PLT-00,Shanghai Hub,China,APAC,SMB,Singapore,1,1712.88,0,0.0,0,0.0,0,0.0,0,0.0,0.0,0.0
2026-09-01,SUP-045,Supplier 045,Mexico,LATAM,PLT-04,Chennai Forge,India,APAC,SMB,UK,1,21822.52,1,21822.52,1,21822.52,1,21822.52,0,0.0,100.0,100.0
2026-09-01,SUP-045,Supplier 045,Mexico,LATAM,PLT-00,Shanghai Hub,China,APAC,Government,USA,1,17318.5,0,0.0,0,0.0,0,0.0,0,0.0,0.0,0.0
2026-09-01,SUP-046,Supplier 046,Brazil,LATAM,PLT-06,Sao Paulo Ops,Brazil,LATAM,Government,USA,1,4623.0,1,4623.0,1,4623.0,1,4623.0,0,0.0,100.0,100.0
2026-09-01,SUP-046,Supplier 046,Brazil,LATAM,PLT-01,Munich Center,Germany,EMEA,Enterprise,France,1,2814.76,1,2814.76,1,2814.76,0,0.0,0,0.0,100.0,100.0
2026-09-01,SUP-046,Supplier 046,Brazil,LATAM,PLT-08,Taipei Micro,Taiwan,APAC,SMB,UK,1,2426.8,1,2426.8,1,2426.8,0,0.0,0,0.0,100.0,100.0
2026-09-01,SUP-046,Supplier 046,Brazil,LATAM,PLT-01,Munich Center,Germany,EMEA,Enterprise,Singapore,1,6312.44,1,6312.44,1,6312.44,0,0.0,0,0.0,100.0,100.0
2026-09-01,SUP-046,Supplier 046,Brazil,LATAM,PLT-02,Detroit Works,USA,NA,SMB,Singapore,1,45286.25,0,0.0,0,0.0,0,0.0,0,0.0,0.0,0.0
2026-09-01,SUP-046,Supplier 046,Brazil,LATAM,PLT-00,Shanghai Hub,China,APAC,SMB,France,1,5033.0,1,5033.0,1,5033.0,0,0.0,0,0.0,100.0,100.0
2026-09-01,SUP-046,Supplier 046,Brazil,LATAM,PLT-02,Detroit Works,USA,NA,SMB,UK,1,28026.0,0,0.0,0,0.0,0,0.0,0,0.0,0.0,0.0
2026-09-01,SUP-046,Supplier 046,Brazil,LATAM,PLT-01,Munich Center,Germany,EMEA,SMB,Australia,1,29043.84,1,29043.84,1,29043.84,0,0.0,0,0.0,100.0,100.0
2026-09-01,SUP-046,Supplier 046,Brazil,LATAM,PLT-04,Chennai Forge,India,APAC,SMB,Germany,1,33363.75,1,33363.75,1,33363.75,0,0.0,0,0.0,100.0,100.0
2026-09-01,SUP-046,Supplier 046,Brazil,LATAM,PLT-00,Shanghai Hub,China,APAC,Enterprise,Japan,1,7381.2,1,7381.2,1,7381.2,0,0.0,0,0.0,100.0,100.0
2026-09-01,SUP-046,Supplier 046,Brazil,LATAM,PLT-09,Hanoi Assembly,Vietnam,APAC,SMB,France,1,20669.49,1,20669.49,1,20669.49,0,0.0,0,0.0,100.0,100.0
2026-09-01,SUP-046,Supplier 046,Brazil,LATAM,PLT-07,Seoul Tech,South Korea,APAC,Government,France,1,16273.2,1,16273.2,1,16273.2,0,0.0,0,0.0,100.0,100.0
2026-09-01,SUP-046,Supplier 046,Brazil,LATAM,PLT-06,Sao Paulo Ops,Brazil,LATAM,SMB,UK,1,59339.07,0,0.0,0,0.0,0,0.0,0,0.0,0.0,0.0
2026-09-01,SUP-046,Supplier 046,Brazil,LATAM,PLT-07,Seoul Tech,South Korea,APAC,Enterprise,Canada,1,3743.68,0,0.0,0,0.0,0,0.0,0,0.0,0.0,0.0
2026-09-01,SUP-046,Supplier 046,Brazil,LATAM,PLT-00,Shanghai Hub,China,APAC,Enterprise,USA,1,1020.39,1,1020.39,1,1020.39,1,1020.39,0,0.0,100.0,100.0
2026-09-01,SUP-047,Supplier 047,South Korea,APAC,PLT-01,Munich Center,Germany,EMEA,Enterprise,Germany,1,29242.14,1,29242.14,1,29242.14,0,0.0,0,0.0,100.0,100.0
2026-09-01,SUP-047,Supplier 047,South Korea,APAC,PLT-04,Chennai Forge,India,APAC,SMB,Canada,1,11902.36,1,11902.36,1,11902.36,0,0.0,0,0.0,100.0,100.0
2026-09-01,SUP-047,Supplier 047,South Korea,APAC,PLT-06,Sao Paulo Ops,Brazil,LATAM,Government,Japan,1,23244.74,1,23244.74,1,23244.74,0,0.0,0,0.0,100.0,100.0
2026-09-01,SUP-048,Supplier 048,Taiwan,APAC,PLT-06,Sao Paulo Ops,Brazil,LATAM,SMB,Japan,1,35923.36,1,35923.36,1,35923.36,0,0.0,0,0.0,100.0,100.0
2026-09-01,SUP-048,Supplier 048,Taiwan,APAC,PLT-04,Chennai Forge,India,APAC,SMB,France,1,17125.29,0,0.0,0,0.0,0,0.0,0,0.0,0.0,0.0
2026-09-01,SUP-048,Supplier 048,Taiwan,APAC,PLT-01,Munich Center,Germany,EMEA,SMB,Singapore,1,21971.98,1,21971.98,0,0.0,0,0.0,1,21971.98,100.0,100.0
2026-09-01,SUP-048,Supplier 048,Taiwan,APAC,PLT-03,Tokyo Precision,Japan,APAC,Enterprise,Germany,1,45286.56,1,45286.56,1,45286.56,0,0.0,0,0.0,100.0,100.0
2026-09-01,SUP-048,Supplier 048,Taiwan,APAC,PLT-03,Tokyo Precision,Japan,APAC,Enterprise,USA,1,3822.03,1,3822.03,0,0.0,1,3822.03,0,0.0,100.0,100.0
2026-09-01,SUP-048,Supplier 048,Taiwan,APAC,PLT-04,Chennai Forge,India,APAC,Enterprise,Japan,1,25391.52,1,25391.52,1,25391.52,0,0.0,0,0.0,100.0,100.0
2026-09-01,SUP-048,Supplier 048,Taiwan,APAC,PLT-00,Shanghai Hub,China,APAC,SMB,France,1,12077.5,1,12077.5,1,12077.5,1,12077.5,0,0.0,100.0,100.0
2026-09-01,SUP-049,Supplier 049,Vietnam,APAC,PLT-01,Munich Center,Germany,EMEA,SMB,Canada,1,203.55,1,203.55,1,203.55,0,0.0,0,0.0,100.0,100.0
2026-09-01,SUP-049,Supplier 049,Vietnam,APAC,PLT-05,Monterrey Plant,Mexico,LATAM,SMB,Australia,2,37796.73,2,37796.73,2,37796.73,1,3515.49,0,0.0,100.0,100.0
2026-09-01,SUP-049,Supplier 049,Vietnam,APAC,PLT-00,Shanghai Hub,China,APAC,SMB,Germany,1,1815.75,1,1815.75,1,1815.75,0,0.0,0,0.0,100.0,100.0
2026-09-01,SUP-049,Supplier 049,Vietnam,APAC,PLT-06,Sao Paulo Ops,Brazil,LATAM,Enterprise,USA,1,5506.13,1,5506.13,1,5506.13,0,0.0,0,0.0,100.0,100.0
2026-09-01,SUP-049,Supplier 049,Vietnam,APAC,PLT-00,Shanghai Hub,China,APAC,SMB,UK,1,64666.64,1,64666.64,1,64666.64,0,0.0,0,0.0,100.0,100.0
2026-10-01,SUP-002,Supplier 002,USA,NA,PLT-03,Tokyo Precision,Japan,APAC,Enterprise,USA,1,13275.08,1,13275.08,1,13275.08,0,0.0,0,0.0,100.0,100.0
2026-10-01,SUP-007,Supplier 007,South Korea,APAC,PLT-00,Shanghai Hub,China,APAC,Enterprise,USA,1,35891.68,0,0.0,0,0.0,0,0.0,0,0.0,0.0,0.0
2026-10-01,SUP-009,Supplier 009,Vietnam,APAC,PLT-04,Chennai Forge,India,APAC,Enterprise,Japan,1,7576.52,1,7576.52,1,7576.52,0,0.0,0,0.0,100.0,100.0
2026-10-01,SUP-010,Supplier 010,China,APAC,PLT-08,Taipei Micro,Taiwan,APAC,Enterprise,Singapore,1,19618.56,0,0.0,0,0.0,0,0.0,0,0.0,0.0,0.0
2026-10-01,SUP-012,Supplier 012,USA,NA,PLT-04,Chennai Forge,India,APAC,Government,Canada,1,18383.26,1,18383.26,1,18383.26,0,0.0,0,0.0,100.0,100.0
2026-10-01,SUP-024,Supplier 024,India,APAC,PLT-00,Shanghai Hub,China,APAC,SMB,UK,1,15506.25,1,15506.25,1,15506.25,0,0.0,0,0.0,100.0,100.0
2026-10-01,SUP-025,Supplier 025,Mexico,LATAM,PLT-00,Shanghai Hub,China,APAC,Government,Germany,1,6374.06,1,6374.06,1,6374.06,1,6374.06,0,0.0,100.0,100.0
2026-10-01,SUP-028,Supplier 028,Taiwan,APAC,PLT-08,Taipei Micro,Taiwan,APAC,Enterprise,France,1,13248.78,1,13248.78,1,13248.78,0,0.0,0,0.0,100.0,100.0
2026-10-01,SUP-031,Supplier 031,Germany,EMEA,PLT-09,Hanoi Assembly,Vietnam,APAC,Government,Australia,1,1509.8,1,1509.8,1,1509.8,1,1509.8,0,0.0,100.0,100.0
